geometry,profile,method,is_causal,evaluation_time_s,independent_sequence_count,valid_count,invalid_count,valid_fraction,valid_fraction_ci95_low,valid_fraction_ci95_high,successful_initialization_count,successful_initialization_fraction,successful_initialization_fraction_ci95_low,successful_initialization_fraction_ci95_high,failure_reason_counts,conditional_position_rmse_m,conditional_position_p95_m,conditional_velocity_rmse_mps,conditional_velocity_p95_mps,conditional_metric_valid_denominator,total_sequence_denominator,conditional_state_95_coverage_fraction,conditional_state_95_coverage_ci95_low,conditional_state_95_coverage_ci95_high,unconditional_valid_and_covered_fraction,unconditional_valid_and_covered_ci95_low,unconditional_valid_and_covered_ci95_high,state_95_covered_count,p95_method,independent_unit,mean_state_nees,state_nees_p95,state_nees_dof,pre_update_nis_defined_count,pre_update_nis_undefined_count,mean_pre_update_nis,pre_update_nis_p95,pre_update_nis_95_coverage_fraction,pre_update_nis_dof,nis_samples_within_sequence_are_dependent,mean_total_runtime_s,mean_measurement_update_runtime_s,maximum_covariance_symmetry_error,minimum_covariance_eigenvalue,median_covariance_condition_number,maximum_covariance_condition_number,maximum_available_timestamp_used_s,epochs_within_sequence_are_dependent,profiles_within_base_block_are_paired,observation_model_is_gaussian,mean_potential_event_count,minimum_potential_event_count,maximum_potential_event_count,mean_profile_delivered_event_count,minimum_profile_delivered_event_count,maximum_profile_delivered_event_count,mean_profile_lost_event_count,minimum_profile_lost_event_count,maximum_profile_lost_event_count,mean_causally_available_event_count,minimum_causally_available_event_count,maximum_causally_available_event_count,mean_method_used_event_count,minimum_method_used_event_count,maximum_method_used_event_count,mean_method_initialization_event_count,minimum_method_initialization_event_count,maximum_method_initialization_event_count,mean_method_update_event_count,minimum_method_update_event_count,maximum_method_update_event_count,mean_method_rejected_event_count,minimum_method_rejected_event_count,maximum_method_rejected_event_count,mean_stream_quarantined_event_count,minimum_stream_quarantined_event_count,maximum_stream_quarantined_event_count,mean_method_remaining_unprocessed_available_count,minimum_method_remaining_unprocessed_available_count,maximum_method_remaining_unprocessed_available_count
informative,all_station_gap,causal_prefix_batch,True,0.0,2,0,2,0.0,0.0,0.6576197724933469,0,0.0,0.0,0.6576197724933469,"{""insufficient_measurements"": 2}",nan,nan,nan,nan,0,2,nan,nan,nan,0.0,0.0,0.6576197724933469,0,linear,whole_base_sequence,nan,nan,6,0,0,nan,nan,nan,2,True,3.569999535102397e-05,0.0,nan,nan,nan,nan,nan,True,True,True,45.0,45,45,29.0,29,29,16.0,16,16,0.0,0,0,0.0,0,0,0.0,0,0,0.0,0,0,0.0,0,0,0.0,0,0,0.0,0,0
informative,all_station_gap,causal_prefix_batch,True,0.5,2,0,2,0.0,0.0,0.6576197724933469,0,0.0,0.0,0.6576197724933469,"{""insufficient_measurements"": 2}",nan,nan,nan,nan,0,2,nan,nan,nan,0.0,0.0,0.6576197724933469,0,linear,whole_base_sequence,nan,nan,6,0,0,nan,nan,nan,2,True,2.8800001018680632e-05,0.0,nan,nan,nan,nan,nan,True,True,True,45.0,45,45,29.0,29,29,16.0,16,16,0.0,0,0,0.0,0,0,0.0,0,0,0.0,0,0,0.0,0,0,0.0,0,0,0.0,0,0
informative,all_station_gap,causal_prefix_batch,True,1.0,2,1,1,0.5,0.09453120573423074,0.9054687942657693,1,0.5,0.09453120573423074,0.9054687942657693,"{""insufficient_measurements"": 1}",1.7126128089279982,1.7126128089279982,4.529606349885589,4.529606349885589,1,2,1.0,0.20654931437723745,1.0,0.5,0.09453120573423074,0.9054687942657693,1,linear,whole_base_sequence,1.4422874474701983,1.4422874474701983,6,0,0,nan,nan,nan,2,True,0.012517149996710941,0.0,0.0,0.07132272688098952,2624.472583233586,2624.472583233586,0.9408566648613441,True,True,True,45.0,45,45,29.0,29,29,16.0,16,16,2.5,2,3,2.5,2,3,0.0,0,0,0.0,0,0,0.0,0,0,0.0,0,0,0.0,0,0
informative,all_station_gap,causal_prefix_batch,True,1.5,2,2,0,1.0,0.34238022750665303,1.0,2,1.0,0.34238022750665303,1.0,{},4.669770438607525,5.217547707512253,4.757222306500143,4.952192697861562,2,2,1.0,0.34238022750665303,1.0,1.0,0.34238022750665303,1.0,2,linear,whole_base_sequence,3.3601542798077317,5.0862344289116095,6,0,0,nan,nan,nan,2,True,0.01950100000249222,0.0,0.0,0.04536038227657214,6750.443945637491,6975.719522019471,1.2000124660892886,True,True,True,45.0,45,45,29.0,29,29,16.0,16,16,3.0,3,3,3.0,3,3,0.0,0,0,0.0,0,0,0.0,0,0,0.0,0,0,0.0,0,0
informative,all_station_gap,causal_prefix_batch,True,10.0,2,2,0,1.0,0.34238022750665303,1.0,2,1.0,0.34238022750665303,1.0,{},0.9894278045452161,1.0859310494087695,0.14576742434533008,0.16550329058957208,2,2,1.0,0.34238022750665303,1.0,1.0,0.34238022750665303,1.0,2,linear,whole_base_sequence,6.138240645003112,7.3668714869642695,6,0,0,nan,nan,nan,2,True,0.1584008000063477,0.0,0.0,0.00035929371335081527,1159.224822701688,1185.7394202829994,9.670899249589615,True,True,True,45.0,45,45,29.0,29,29,16.0,16,16,19.0,19,19,19.0,19,19,0.0,0,0,0.0,0,0,0.0,0,0,0.0,0,0,0.0,0,0
informative,all_station_gap,causal_prefix_batch,True,10.5,2,2,0,1.0,0.34238022750665303,1.0,2,1.0,0.34238022750665303,1.0,{},0.8506146039618574,0.891161118174569,0.1214732592628285,0.12467510077882903,2,2,1.0,0.34238022750665303,1.0,1.0,0.34238022750665303,1.0,2,linear,whole_base_sequence,5.8274161354284715,6.574029327259486,6,0,0,nan,nan,nan,2,True,0.17465964998700656,0.0,0.0,0.0003180930208825253,1090.8509509517576,1110.9439008791555,10.463239363147233,True,True,True,45.0,45,45,29.0,29,29,16.0,16,16,21.0,21,21,21.0,21,21,0.0,0,0,0.0,0,0,0.0,0,0,0.0,0,0,0.0,0,0
informative,all_station_gap,causal_prefix_batch,True,11.0,2,2,0,1.0,0.34238022750665303,1.0,2,1.0,0.34238022750665303,1.0,{},0.7569019873225052,0.9145533201427034,0.10844525571488708,0.13090822809819408,2,2,1.0,0.34238022750665303,1.0,1.0,0.34238022750665303,1.0,2,linear,whole_base_sequence,6.337073435350344,7.95463304261633,6,0,0,nan,nan,nan,2,True,0.1913036500045564,0.0,0.0,0.00028313153447180015,1143.066468829539,1160.6996869826332,10.828002937431222,True,True,True,45.0,45,45,29.0,29,29,16.0,16,16,23.0,23,23,23.0,23,23,0.0,0,0,0.0,0,0,0.0,0,0,0.0,0,0,0.0,0,0
informative,all_station_gap,causal_prefix_batch,True,11.5,2,2,0,1.0,0.34238022750665303,1.0,2,1.0,0.34238022750665303,1.0,{},0.6637657777564753,0.8774005890760995,0.09190022561238857,0.12023970793146763,2,2,1.0,0.34238022750665303,1.0,1.0,0.34238022750665303,1.0,2,linear,whole_base_sequence,5.075345219184994,7.695281572259514,6,0,0,nan,nan,nan,2,True,0.20595200000389013,0.0,0.0,0.0002528982250415233,1312.774709594869,1343.5562143573434,11.362322374391251,True,True,True,45.0,45,45,29.0,29,29,16.0,16,16,24.5,24,25,24.5,24,25,0.0,0,0,0.0,0,0,0.0,0,0,0.0,0,0,0.0,0,0
informative,all_station_gap,causal_prefix_batch,True,12.0,2,2,0,1.0,0.34238022750665303,1.0,2,1.0,0.34238022750665303,1.0,{},0.5951079489131528,0.7611278180332769,0.07959313203206707,0.10508564814496409,2,2,1.0,0.34238022750665303,1.0,1.0,0.34238022750665303,1.0,2,linear,whole_base_sequence,4.29541639901694,6.155094870625809,6,0,0,nan,nan,nan,2,True,0.2013563999935286,0.0,0.0,0.0002269156194552266,1325.518626273205,1336.893291255769,11.83006655804374,True,True,True,45.0,45,45,29.0,29,29,16.0,16,16,27.0,27,27,27.0,27,27,0.0,0,0,0.0,0,0,0.0,0,0,0.0,0,0,0.0,0,0
informative,all_station_gap,causal_prefix_batch,True,12.5,2,2,0,1.0,0.34238022750665303,1.0,2,1.0,0.34238022750665303,1.0,{},0.7209229081466808,0.9398529622532618,0.0897243629568402,0.11794783081433506,2,2,1.0,0.34238022750665303,1.0,1.0,0.34238022750665303,1.0,2,linear,whole_base_sequence,4.837591253675236,7.458077079927701,6,0,0,nan,nan,nan,2,True,0.19022175001737196,0.0,0.0,0.00020453221106251653,1505.1021271004838,1576.965788301656,12.31286511220431,True,True,True,45.0,45,45,29.0,29,29,16.0,16,16,28.5,28,29,28.5,28,29,0.0,0,0,0.0,0,0,0.0,0,0,0.0,0,0,0.0,0,0
informative,all_station_gap,causal_prefix_batch,True,14.5,2,2,0,1.0,0.34238022750665303,1.0,2,1.0,0.34238022750665303,1.0,{},0.8823417658584576,1.168594856463629,0.08918106957952802,0.11779575093162607,2,2,1.0,0.34238022750665303,1.0,1.0,0.34238022750665303,1.0,2,linear,whole_base_sequence,4.779594162407049,7.452277370736264,6,0,0,nan,nan,nan,2,True,0.20404145000793505,0.0,0.0,0.00013974251391714174,2976.4240958890587,3007.636228126596,12.514118335958992,True,True,True,45.0,45,45,29.0,29,29,16.0,16,16,29.0,29,29,29.0,29,29,0.0,0,0,0.0,0,0,0.0,0,0,0.0,0,0,0.0,0,0
informative,all_station_gap,causal_prefix_batch,True,2.0,2,2,0,1.0,0.34238022750665303,1.0,2,1.0,0.34238022750665303,1.0,{},1.4464291118504922,1.7357749528310988,1.1528951759937551,1.287338215752432,2,2,1.0,0.34238022750665303,1.0,1.0,0.34238022750665303,1.0,2,linear,whole_base_sequence,4.192931290518361,4.540707262936726,6,0,0,nan,nan,nan,2,True,0.033890899998368695,0.0,0.0,0.02171206531881701,187.49938896378492,187.8161504043717,1.863447742681687,True,True,True,45.0,45,45,29.0,29,29,16.0,16,16,5.0,5,5,5.0,5,5,0.0,0,0,0.0,0,0,0.0,0,0,0.0,0,0,0.0,0,0
informative,all_station_gap,causal_prefix_batch,True,2.5,2,2,0,1.0,0.34238022750665303,1.0,2,1.0,0.34238022750665303,1.0,{},1.164852734076196,1.4233665277873886,0.798694451237016,0.9158952618424954,2,2,1.0,0.34238022750665303,1.0,1.0,0.34238022750665303,1.0,2,linear,whole_base_sequence,5.279700247847719,6.1615368133669355,6,0,0,nan,nan,nan,2,True,0.07076740000047721,0.0,0.0,0.011456013829140249,89.39842578414687,91.11890034040343,2.479060706877549,True,True,True,45.0,45,45,29.0,29,29,16.0,16,16,8.0,8,8,8.0,8,8,0.0,0,0,0.0,0,0,0.0,0,0,0.0,0,0,0.0,0,0
informative,all_station_gap,causal_prefix_batch,True,3.0,2,2,0,1.0,0.34238022750665303,1.0,2,1.0,0.34238022750665303,1.0,{},0.8912182012018295,1.0375646333667845,0.43119315786901796,0.560689289224527,2,2,1.0,0.34238022750665303,1.0,1.0,0.34238022750665303,1.0,2,linear,whole_base_sequence,3.84612582289232,4.507316345941267,6,0,0,nan,nan,nan,2,True,0.07043505000183359,0.0,0.0,0.0071115138882919295,121.50260447604339,123.04734789771399,2.801421863407455,True,True,True,45.0,45,45,29.0,29,29,16.0,16,16,9.0,9,9,9.0,9,9,0.0,0,0,0.0,0,0,0.0,0,0,0.0,0,0,0.0,0,0
informative,all_station_gap,causal_prefix_batch,True,3.5,2,2,0,1.0,0.34238022750665303,1.0,2,1.0,0.34238022750665303,1.0,{},1.091019902419218,1.3052363822597974,0.43119315833293614,0.5606892893313705,2,2,1.0,0.34238022750665303,1.0,1.0,0.34238022750665303,1.0,2,linear,whole_base_sequence,3.8461258406339995,4.507316347715517,6,0,0,nan,nan,nan,2,True,0.07778495000093244,0.0,0.0,0.004801747229349232,263.686167531352,266.93849234212496,2.801421863407455,True,True,True,45.0,45,45,29.0,29,29,16.0,16,16,9.0,9,9,9.0,9,9,0.0,0,0,0.0,0,0,0.0,0,0,0.0,0,0,0.0,0,0
informative,all_station_gap,causal_prefix_batch,True,4.0,2,2,0,1.0,0.34238022750665303,1.0,2,1.0,0.34238022750665303,1.0,{},1.2958945655480238,1.577332786815101,0.4311931561500514,0.5606892879645833,2,2,1.0,0.34238022750665303,1.0,1.0,0.34238022750665303,1.0,2,linear,whole_base_sequence,3.84612580328242,4.50731632634513,6,0,0,nan,nan,nan,2,True,0.07561529998201877,0.0,0.0,0.0034123984145128282,517.4956285696801,523.7046850607576,2.801421863407455,True,True,True,45.0,45,45,29.0,29,29,16.0,16,16,9.0,9,9,9.0,9,9,0.0,0,0,0.0,0,0,0.0,0,0,0.0,0,0,0.0,0,0
informative,all_station_gap,causal_prefix_batch,True,4.5,2,2,0,1.0,0.34238022750665303,1.0,2,1.0,0.34238022750665303,1.0,{},1.5037702012994691,1.851894097627437,0.431193157601728,0.5606892882991774,2,2,1.0,0.34238022750665303,1.0,1.0,0.34238022750665303,1.0,2,linear,whole_base_sequence,3.846125831320207,4.507316329151265,6,0,0,nan,nan,nan,2,True,0.06028159998822957,0.0,0.0,0.0025302818772105187,934.4613955403954,945.408299818664,2.801421863407455,True,True,True,45.0,45,45,29.0,29,29,16.0,16,16,9.0,9,9,9.0,9,9,0.0,0,0,0.0,0,0,0.0,0,0,0.0,0,0,0.0,0,0
informative,all_station_gap,causal_prefix_batch,True,5.0,2,2,0,1.0,0.34238022750665303,1.0,2,1.0,0.34238022750665303,1.0,{},1.7135549734275395,2.127963195528673,0.4311931561505024,0.560689287965219,2,2,1.0,0.34238022750665303,1.0,1.0,0.34238022750665303,1.0,2,linear,whole_base_sequence,3.846125803284931,4.507316326349887,6,0,0,nan,nan,nan,2,True,0.06350814999314025,0.0,0.0,0.0019422627402124705,1576.716744792458,1594.8143222634515,2.801421863407455,True,True,True,45.0,45,45,29.0,29,29,16.0,16,16,9.0,9,9,9.0,9,9,0.0,0,0,0.0,0,0,0.0,0,0,0.0,0,0,0.0,0,0
informative,all_station_gap,causal_prefix_batch,True,5.5,2,2,0,1.0,0.34238022750665303,1.0,2,1.0,0.34238022750665303,1.0,{},1.924624713682179,2.4050199482411485,0.4311931576029432,0.5606892882999914,2,2,1.0,0.34238022750665303,1.0,1.0,0.34238022750665303,1.0,2,linear,whole_base_sequence,3.846125830790512,4.507316329102775,6,0,0,nan,nan,nan,2,True,0.07999884999298956,0.0,0.0,0.0015335962459272798,2517.0040385632165,2545.396571791879,2.801421863407455,True,True,True,45.0,45,45,29.0,29,29,16.0,16,16,9.0,9,9,9.0,9,9,0.0,0,0,0.0,0,0,0.0,0,0,0.0,0,0,0.0,0,0
informative,all_station_gap,causal_prefix_batch,True,6.0,2,2,0,1.0,0.34238022750665303,1.0,2,1.0,0.34238022750665303,1.0,{},2.1365986235420396,2.6827581692024776,0.43119315760266036,0.5606892883001946,2,2,1.0,0.34238022750665303,1.0,1.0,0.34238022750665303,1.0,2,linear,whole_base_sequence,3.8461258313295144,4.5073163291590825,6,0,0,nan,nan,nan,2,True,0.08398790001228917,0.0,0.0,0.0012393972486265906,3838.676757134677,3881.339736776766,2.801421863407455,True,True,True,45.0,45,45,29.0,29,29,16.0,16,16,9.0,9,9,9.0,9,9,0.0,0,0,0.0,0,0,0.0,0,0,0.0,0,0,0.0,0,0
informative,all_station_gap,causal_prefix_batch,True,6.5,2,2,0,1.0,0.34238022750665303,1.0,2,1.0,0.34238022750665303,1.0,{},2.3492319589121506,2.960986143583445,0.43119315614002596,0.5606892879636136,2,2,1.0,0.34238022750665303,1.0,1.0,0.34238022750665303,1.0,2,linear,whole_base_sequence,3.846125803065738,4.507316326335031,6,0,0,nan,nan,nan,2,True,0.07359439998981543,0.0,0.0,0.0010212114359057745,5635.700223173346,5697.540100333152,2.801421863407455,True,True,True,45.0,45,45,29.0,29,29,16.0,16,16,9.0,9,9,9.0,9,9,0.0,0,0,0.0,0,0,0.0,0,0,0.0,0,0,0.0,0,0
informative,all_station_gap,causal_prefix_batch,True,7.0,2,2,0,1.0,0.34238022750665303,1.0,2,1.0,0.34238022750665303,1.0,{},2.562360586500332,3.2395778125338985,0.43119315825824633,0.5606892893209064,2,2,1.0,0.34238022750665303,1.0,1.0,0.34238022750665303,1.0,2,linear,whole_base_sequence,3.846125827330067,4.5073163463814545,6,0,0,nan,nan,nan,2,True,0.07872400000633206,0.0,0.0,0.0008552630914156096,8012.651883298529,8099.605822441337,2.801421863407455,True,True,True,45.0,45,45,29.0,29,29,16.0,16,16,9.0,9,9,9.0,9,9,0.0,0,0,0.0,0,0,0.0,0,0,0.0,0,0,0.0,0,0
informative,all_station_gap,causal_prefix_batch,True,7.5,2,2,0,1.0,0.34238022750665303,1.0,2,1.0,0.34238022750665303,1.0,{},1.471769584695962,1.7085199885528608,0.21473329496396323,0.2225513139406966,2,2,1.0,0.34238022750665303,1.0,1.0,0.34238022750665303,1.0,2,linear,whole_base_sequence,5.333510209655772,5.866285534781341,6,0,0,nan,nan,nan,2,True,0.09366134999436326,0.0,0.0,0.0007246742381547119,4644.581820768404,7997.776985900491,7.359225597122656,True,True,True,45.0,45,45,29.0,29,29,16.0,16,16,10.5,10,11,10.5,10,11,0.0,0,0,0.0,0,0,0.0,0,0,0.0,0,0,0.0,0,0
informative,all_station_gap,causal_prefix_batch,True,8.0,2,2,0,1.0,0.34238022750665303,1.0,2,1.0,0.34238022750665303,1.0,{},1.041855782114195,1.2221470157542256,0.15486032941936284,0.1991393454393572,2,2,1.0,0.34238022750665303,1.0,1.0,0.34238022750665303,1.0,2,linear,whole_base_sequence,4.898541004815892,5.039844045619686,6,0,0,nan,nan,nan,2,True,0.09899094999127556,0.0,0.0,0.000620842337349678,1498.1992192427244,1754.3030755289644,7.82229996010676,True,True,True,45.0,45,45,29.0,29,29,16.0,16,16,11.5,11,12,11.5,11,12,0.0,0,0,0.0,0,0,0.0,0,0,0.0,0,0,0.0,0,0
informative,all_station_gap,causal_prefix_batch,True,8.5,2,2,0,1.0,0.34238022750665303,1.0,2,1.0,0.34238022750665303,1.0,{},0.9398521943171455,1.2361122252747998,0.15150698144257438,0.19986520159230928,2,2,1.0,0.34238022750665303,1.0,1.0,0.34238022750665303,1.0,2,linear,whole_base_sequence,5.746255482122227,7.26771267282458,6,0,0,nan,nan,nan,2,True,0.1299120000039693,0.0,0.0,0.0005358715771415364,993.5451297874206,1013.1563872386414,8.472755136575147,True,True,True,45.0,45,45,29.0,29,29,16.0,16,16,14.0,14,14,14.0,14,14,0.0,0,0,0.0,0,0,0.0,0,0,0.0,0,0,0.0,0,0
informative,all_station_gap,causal_prefix_batch,True,9.0,2,2,0,1.0,0.34238022750665303,1.0,2,1.0,0.34238022750665303,1.0,{},0.7050421620756577,0.7396663244817675,0.1265036793345471,0.1353885806543057,2,2,1.0,0.34238022750665303,1.0,1.0,0.34238022750665303,1.0,2,linear,whole_base_sequence,4.3915341767192615,4.567668587558509,6,0,0,nan,nan,nan,2,True,0.13000239999382757,0.0,0.0,0.00046625306052700113,1082.1183563960924,1117.953926343016,8.835771165437594,True,True,True,45.0,45,45,29.0,29,29,16.0,16,16,15.5,15,16,15.5,15,16,0.0,0,0,0.0,0,0,0.0,0,0,0.0,0,0,0.0,0,0
informative,all_station_gap,causal_prefix_batch,True,9.5,2,2,0,1.0,0.34238022750665303,1.0,2,1.0,0.34238022750665303,1.0,{},1.2246995765476234,1.2550673295682042,0.1860774998107842,0.1895867789747813,2,2,1.0,0.34238022750665303,1.0,1.0,0.34238022750665303,1.0,2,linear,whole_base_sequence,7.005339794751025,7.0314478268679,6,0,0,nan,nan,nan,2,True,0.1251314999826718,0.0,0.0,0.00040808818788445216,1046.141044761117,1074.5812813960922,9.312732259279388,True,True,True,45.0,45,45,29.0,29,29,16.0,16,16,17.0,17,17,17.0,17,17,0.0,0,0,0.0,0,0,0.0,0,0,0.0,0,0,0.0,0,0
informative,all_station_gap,initial_batch_no_updates,True,0.0,2,0,2,0.0,0.0,0.6576197724933469,0,0.0,0.0,0.6576197724933469,"{""not_initialized"": 2}",nan,nan,nan,nan,0,2,nan,nan,nan,0.0,0.0,0.6576197724933469,0,linear,whole_base_sequence,nan,nan,6,0,0,nan,nan,nan,2,True,1.9500002963468432e-06,0.0,nan,nan,nan,nan,nan,True,True,True,45.0,45,45,29.0,29,29,16.0,16,16,0.0,0,0,0.0,0,0,0.0,0,0,0.0,0,0,0.0,0,0,0.0,0,0,0.0,0,0
informative,all_station_gap,initial_batch_no_updates,True,0.5,2,0,2,0.0,0.0,0.6576197724933469,0,0.0,0.0,0.6576197724933469,"{""not_initialized"": 2}",nan,nan,nan,nan,0,2,nan,nan,nan,0.0,0.0,0.6576197724933469,0,linear,whole_base_sequence,nan,nan,6,0,0,nan,nan,nan,2,True,1.5499826986342669e-06,0.0,nan,nan,nan,nan,nan,True,True,True,45.0,45,45,29.0,29,29,16.0,16,16,0.0,0,0,0.0,0,0,0.0,0,0,0.0,0,0,0.0,0,0,0.0,0,0,0.0,0,0
informative,all_station_gap,initial_batch_no_updates,True,1.0,2,0,2,0.0,0.0,0.6576197724933469,0,0.0,0.0,0.6576197724933469,"{""not_initialized"": 2}",nan,nan,nan,nan,0,2,nan,nan,nan,0.0,0.0,0.6576197724933469,0,linear,whole_base_sequence,nan,nan,6,0,0,nan,nan,nan,2,True,2.1500018192455173e-06,0.0,nan,nan,nan,nan,0.9408566648613441,True,True,True,45.0,45,45,29.0,29,29,16.0,16,16,2.5,2,3,0.0,0,0,0.0,0,0,0.0,0,0,0.0,0,0,0.0,0,0,2.5,2,3
informative,all_station_gap,initial_batch_no_updates,True,1.5,2,0,2,0.0,0.0,0.6576197724933469,0,0.0,0.0,0.6576197724933469,"{""not_initialized"": 2}",nan,nan,nan,nan,0,2,nan,nan,nan,0.0,0.0,0.6576197724933469,0,linear,whole_base_sequence,nan,nan,6,0,0,nan,nan,nan,2,True,2.5500048650428653e-06,0.0,nan,nan,nan,nan,1.2000124660892886,True,True,True,45.0,45,45,29.0,29,29,16.0,16,16,3.0,3,3,0.0,0,0,0.0,0,0,0.0,0,0,0.0,0,0,0.0,0,0,3.0,3,3
informative,all_station_gap,initial_batch_no_updates,True,10.0,2,2,0,1.0,0.34238022750665303,1.0,2,1.0,0.34238022750665303,1.0,{},9.006720027269951,9.920094243977685,0.9723663231404932,1.0608481191325538,2,2,1.0,0.34238022750665303,1.0,1.0,0.34238022750665303,1.0,2,linear,whole_base_sequence,4.404645378644872,4.479090238594431,6,0,0,nan,nan,nan,2,True,0.00014245000784285367,0.0,0.0,0.0005127072396813974,118038.99146535876,118463.96147186997,9.670899249589615,True,True,True,45.0,45,45,29.0,29,29,16.0,16,16,19.0,19,19,6.0,6,6,6.0,6,6,0.0,0,0,0.0,0,0,0.0,0,0,13.0,13,13
informative,all_station_gap,initial_batch_no_updates,True,10.5,2,2,0,1.0,0.34238022750665303,1.0,2,1.0,0.34238022750665303,1.0,{},9.49234071965522,10.45014927713645,0.9723663231404932,1.0608481191325538,2,2,1.0,0.34238022750665303,1.0,1.0,0.34238022750665303,1.0,2,linear,whole_base_sequence,4.404645378644931,4.479090238594558,6,0,0,nan,nan,nan,2,True,0.00014340000052470714,0.0,0.0,0.000460973932802794,145919.80877449756,146444.2977943455,10.463239363147233,True,True,True,45.0,45,45,29.0,29,29,16.0,16,16,21.0,21,21,6.0,6,6,6.0,6,6,0.0,0,0,0.0,0,0,0.0,0,0,15.0,15,15
informative,all_station_gap,initial_batch_no_updates,True,11.0,2,2,0,1.0,0.34238022750665303,1.0,2,1.0,0.34238022750665303,1.0,{},9.978016193593408,10.980240005415437,0.9723663231404932,1.0608481191325538,2,2,1.0,0.34238022750665303,1.0,1.0,0.34238022750665303,1.0,2,linear,whole_base_sequence,4.404645378644901,4.479090238594367,6,0,0,nan,nan,nan,2,True,0.00014915000065229833,0.0,0.0,0.0004166660588447064,178493.42217842332,179134.03613979797,10.828002937431222,True,True,True,45.0,45,45,29.0,29,29,16.0,16,16,23.0,23,23,6.0,6,6,6.0,6,6,0.0,0,0,0.0,0,0,0.0,0,0,17.0,17,17
informative,all_station_gap,initial_batch_no_updates,True,11.5,2,2,0,1.0,0.34238022750665303,1.0,2,1.0,0.34238022750665303,1.0,{},10.463738821013678,11.510361489906568,0.9723663231404932,1.0608481191325538,2,2,1.0,0.34238022750665303,1.0,1.0,0.34238022750665303,1.0,2,linear,whole_base_sequence,4.404645378644947,4.479090238594488,6,0,0,nan,nan,nan,2,True,0.00012379999679978937,0.0,0.0,0.00037843220138556995,216261.24037438887,217036.34406285602,11.362322374391251,True,True,True,45.0,45,45,29.0,29,29,16.0,16,16,24.5,24,25,6.0,6,6,6.0,6,6,0.0,0,0,0.0,0,0,0.0,0,0,18.5,18,19
informative,all_station_gap,initial_batch_no_updates,True,12.0,2,2,0,1.0,0.34238022750665303,1.0,2,1.0,0.34238022750665303,1.0,{},10.94950232669751,12.040509662484508,0.9723663231404932,1.0608481191325538,2,2,1.0,0.34238022750665303,1.0,1.0,0.34238022750665303,1.0,2,linear,whole_base_sequence,4.404645378644875,4.479090238594369,6,0,0,nan,nan,nan,2,True,0.00010630000906530768,0.0,0.0,0.0003452140555858862,259750.23117615253,260680.03711470906,11.83006655804374,True,True,True,45.0,45,45,29.0,29,29,16.0,16,16,27.0,27,27,6.0,6,6,6.0,6,6,0.0,0,0,0.0,0,0,0.0,0,0,21.0,21,21
informative,all_station_gap,initial_batch_no_updates,True,12.5,2,2,0,1.0,0.34238022750665303,1.0,2,1.0,0.34238022750665303,1.0,{},11.435301501207057,12.570681142037179,0.9723663231404932,1.0608481191325538,2,2,1.0,0.34238022750665303,1.0,1.0,0.34238022750665303,1.0,2,linear,whole_base_sequence,4.404645378644741,4.479090238594283,6,0,0,nan,nan,nan,2,True,0.00011234999692533165,0.0,0.0,0.00031617353203194573,309512.9214901645,310619.57880079263,12.31286511220431,True,True,True,45.0,45,45,29.0,29,29,16.0,16,16,28.5,28,29,6.0,6,6,6.0,6,6,0.0,0,0,0.0,0,0,0.0,0,0,22.5,22,23
informative,all_station_gap,initial_batch_no_updates,True,14.5,2,2,0,1.0,0.34238022750665303,1.0,2,1.0,0.34238022750665303,1.0,{},13.378777172821694,14.691549606211213,0.9723663231404932,1.0608481191325538,2,2,1.0,0.34238022750665303,1.0,1.0,0.34238022750665303,1.0,2,linear,whole_base_sequence,4.404645378644721,4.479090238594443,6,0,0,nan,nan,nan,2,True,0.00013044998922850937,0.0,0.0,0.00023014786543312305,583245.7848081492,585323.1816296496,12.514118335958992,True,True,True,45.0,45,45,29.0,29,29,16.0,16,16,29.0,29,29,6.0,6,6,6.0,6,6,0.0,0,0,0.0,0,0,0.0,0,0,23.0,23,23
informative,all_station_gap,initial_batch_no_updates,True,2.0,2,0,2,0.0,0.0,0.6576197724933469,0,0.0,0.0,0.6576197724933469,"{""not_initialized"": 2}",nan,nan,nan,nan,0,2,nan,nan,nan,0.0,0.0,0.6576197724933469,0,linear,whole_base_sequence,nan,nan,6,0,0,nan,nan,nan,2,True,2.3000029614195228e-06,0.0,nan,nan,nan,nan,1.863447742681687,True,True,True,45.0,45,45,29.0,29,29,16.0,16,16,5.0,5,5,0.0,0,0,0.0,0,0,0.0,0,0,0.0,0,0,0.0,0,0,5.0,5,5
informative,all_station_gap,initial_batch_no_updates,True,2.5,2,2,0,1.0,0.34238022750665303,1.0,2,1.0,0.34238022750665303,1.0,{},1.760079914750866,1.9931807546052065,0.9723663231404932,1.0608481191325538,2,2,1.0,0.34238022750665303,1.0,1.0,0.34238022750665303,1.0,2,linear,whole_base_sequence,4.40464537864494,4.479090238594551,6,0,0,nan,nan,nan,2,True,0.0001067500124918297,0.0,0.0,0.012273501532843215,215.15850210682382,215.98723829470157,2.479060706877549,True,True,True,45.0,45,45,29.0,29,29,16.0,16,16,8.0,8,8,6.0,6,6,6.0,6,6,0.0,0,0,0.0,0,0,0.0,0,0,2.0,2,2
informative,all_station_gap,initial_batch_no_updates,True,3.0,2,2,0,1.0,0.34238022750665303,1.0,2,1.0,0.34238022750665303,1.0,{},2.233872421799196,2.5158242704188636,0.9723663231404932,1.0608481191325538,2,2,1.0,0.34238022750665303,1.0,1.0,0.34238022750665303,1.0,2,linear,whole_base_sequence,4.404645378644927,4.479090238594512,6,0,0,nan,nan,nan,2,True,0.0001213000068673864,0.0,0.0,0.008076217238002713,492.9115183560332,494.79871356775647,2.801421863407455,True,True,True,45.0,45,45,29.0,29,29,16.0,16,16,9.0,9,9,6.0,6,6,6.0,6,6,0.0,0,0,0.0,0,0,0.0,0,0,3.0,3,3
informative,all_station_gap,initial_batch_no_updates,True,3.5,2,2,0,1.0,0.34238022750665303,1.0,2,1.0,0.34238022750665303,1.0,{},2.712054354291132,3.0411785036313495,0.9723663231404932,1.0608481191325538,2,2,1.0,0.34238022750665303,1.0,1.0,0.34238022750665303,1.0,2,linear,whole_base_sequence,4.404645378644944,4.479090238594559,6,0,0,nan,nan,nan,2,True,0.00010849999671336263,0.0,0.0,0.005624296265638137,1009.4090233696118,1013.2426124437059,2.801421863407455,True,True,True,45.0,45,45,29.0,29,29,16.0,16,16,9.0,9,9,6.0,6,6,6.0,6,6,0.0,0,0,0.0,0,0,0.0,0,0,3.0,3,3
informative,all_station_gap,initial_batch_no_updates,True,4.0,2,2,0,1.0,0.34238022750665303,1.0,2,1.0,0.34238022750665303,1.0,{},3.1926540334920097,3.568040630105808,0.9723663231404932,1.0608481191325538,2,2,1.0,0.34238022750665303,1.0,1.0,0.34238022750665303,1.0,2,linear,whole_base_sequence,4.404645378644929,4.479090238594482,6,0,0,nan,nan,nan,2,True,9.945000056177378e-05,0.0,0.0,0.004106955416375229,1882.6815370405948,1889.7752368767672,2.801421863407455,True,True,True,45.0,45,45,29.0,29,29,16.0,16,16,9.0,9,9,6.0,6,6,6.0,6,6,0.0,0,0,0.0,0,0,0.0,0,0,3.0,3,3
informative,all_station_gap,initial_batch_no_updates,True,4.5,2,2,0,1.0,0.34238022750665303,1.0,2,1.0,0.34238022750665303,1.0,{},3.674722964755994,4.095826299408179,0.9723663231404932,1.0608481191325538,2,2,1.0,0.34238022750665303,1.0,1.0,0.34238022750665303,1.0,2,linear,whole_base_sequence,4.404645378644927,4.47909023859456,6,0,0,nan,nan,nan,2,True,8.375001198146492e-05,0.0,0.0,0.003115986656374215,3256.313249864532,3268.495408984486,2.801421863407455,True,True,True,45.0,45,45,29.0,29,29,16.0,16,16,9.0,9,9,6.0,6,6,6.0,6,6,0.0,0,0,0.0,0,0,0.0,0,0,3.0,3,3
informative,all_station_gap,initial_batch_no_updates,True,5.0,2,2,0,1.0,0.34238022750665303,1.0,2,1.0,0.34238022750665303,1.0,{},4.157750123687829,4.624218080828921,0.9723663231404932,1.0608481191325538,2,2,1.0,0.34238022750665303,1.0,1.0,0.34238022750665303,1.0,2,linear,whole_base_sequence,4.404645378644933,4.479090238594505,6,0,0,nan,nan,nan,2,True,0.0001177999802166596,0.0,0.0,0.0024382617258412857,5299.4456647222105,5319.148127853875,2.801421863407455,True,True,True,45.0,45,45,29.0,29,29,16.0,16,16,9.0,9,9,6.0,6,6,6.0,6,6,0.0,0,0,0.0,0,0,0.0,0,0,3.0,3,3
informative,all_station_gap,initial_batch_no_updates,True,5.5,2,2,0,1.0,0.34238022750665303,1.0,2,1.0,0.34238022750665303,1.0,{},4.641436356079454,5.1530288809223075,0.9723663231404932,1.0608481191325538,2,2,1.0,0.34238022750665303,1.0,1.0,0.34238022750665303,1.0,2,linear,whole_base_sequence,4.404645378644915,4.47909023859447,6,0,0,nan,nan,nan,2,True,0.0001120000088121742,0.0,0.0,0.001956534099728952,8206.778737834353,8237.125716169368,2.801421863407455,True,True,True,45.0,45,45,29.0,29,29,16.0,16,16,9.0,9,9,6.0,6,6,6.0,6,6,0.0,0,0,0.0,0,0,0.0,0,0,3.0,3,3
informative,all_station_gap,initial_batch_no_updates,True,6.0,2,2,0,1.0,0.34238022750665303,1.0,2,1.0,0.34238022750665303,1.0,{},5.125595081279346,5.6821413465440385,0.9723663231404932,1.0608481191325538,2,2,1.0,0.34238022750665303,1.0,1.0,0.34238022750665303,1.0,2,linear,whole_base_sequence,4.404645378644977,4.479090238594544,6,0,0,nan,nan,nan,2,True,0.000142400007462129,0.0,0.0,0.0016028961469090831,12198.5712682361,12243.468212050671,2.801421863407455,True,True,True,45.0,45,45,29.0,29,29,16.0,16,16,9.0,9,9,6.0,6,6,6.0,6,6,0.0,0,0,0.0,0,0,0.0,0,0,3.0,3,3
informative,all_station_gap,initial_batch_no_updates,True,6.5,2,2,0,1.0,0.34238022750665303,1.0,2,1.0,0.34238022750665303,1.0,{},5.610103970527001,6.211478168170952,0.9723663231404932,1.0608481191325538,2,2,1.0,0.34238022750665303,1.0,1.0,0.34238022750665303,1.0,2,linear,whole_base_sequence,4.4046453786449575,4.479090238594595,6,0,0,nan,nan,nan,2,True,0.00014319999900180846,0.0,0.0,0.001336147153582055,17520.64104416931,17584.8635163793,2.801421863407455,True,True,True,45.0,45,45,29.0,29,29,16.0,16,16,9.0,9,9,6.0,6,6,6.0,6,6,0.0,0,0,0.0,0,0,0.0,0,0,3.0,3,3
informative,all_station_gap,initial_batch_no_updates,True,7.0,2,2,0,1.0,0.34238022750665303,1.0,2,1.0,0.34238022750665303,1.0,{},6.094879516134788,6.740986355164957,0.9723663231404932,1.0608481191325538,2,2,1.0,0.34238022750665303,1.0,1.0,0.34238022750665303,1.0,2,linear,whole_base_sequence,4.404645378644906,4.479090238594499,6,0,0,nan,nan,nan,2,True,0.00011125000310130417,0.0,0.0,0.0011302503691948658,24444.364903206948,24533.64745358788,2.801421863407455,True,True,True,45.0,45,45,29.0,29,29,16.0,16,16,9.0,9,9,6.0,6,6,6.0,6,6,0.0,0,0,0.0,0,0,0.0,0,0,3.0,3,3
informative,all_station_gap,initial_batch_no_updates,True,7.5,2,2,0,1.0,0.34238022750665303,1.0,2,1.0,0.34238022750665303,1.0,{},6.579862780139483,7.270628376587349,0.9723663231404932,1.0608481191325538,2,2,1.0,0.34238022750665303,1.0,1.0,0.34238022750665303,1.0,2,linear,whole_base_sequence,4.404645378644926,4.47909023859447,6,0,0,nan,nan,nan,2,True,0.00012050001532770693,0.0,0.0,0.0009681575223466284,33266.67875907553,33387.803798534296,7.359225597122656,True,True,True,45.0,45,45,29.0,29,29,16.0,16,16,10.5,10,11,6.0,6,6,6.0,6,6,0.0,0,0,0.0,0,0,0.0,0,0,4.5,4,5
informative,all_station_gap,initial_batch_no_updates,True,8.0,2,2,0,1.0,0.34238022750665303,1.0,2,1.0,0.34238022750665303,1.0,{},7.065010985689928,7.800376909653386,0.9723663231404932,1.0608481191325538,2,2,1.0,0.34238022750665303,1.0,1.0,0.34238022750665303,1.0,2,linear,whole_base_sequence,4.404645378644936,4.479090238594615,6,0,0,nan,nan,nan,2,True,0.00011389999417588115,0.0,0.0,0.0008383552523929559,44310.07761408987,44470.96428900822,7.82229996010676,True,True,True,45.0,45,45,29.0,29,29,16.0,16,16,11.5,11,12,6.0,6,6,6.0,6,6,0.0,0,0,0.0,0,0,0.0,0,0,5.5,5,6
informative,all_station_gap,initial_batch_no_updates,True,8.5,2,2,0,1.0,0.34238022750665303,1.0,2,1.0,0.34238022750665303,1.0,{},7.550292337622616,8.330211591660733,0.9723663231404932,1.0608481191325538,2,2,1.0,0.34238022750665303,1.0,1.0,0.34238022750665303,1.0,2,linear,whole_base_sequence,4.404645378645043,4.479090238594713,6,0,0,nan,nan,nan,2,True,0.00012164999498054385,0.0,0.0,0.0007328550020363469,57922.61556585091,58132.40863307181,8.472755136575147,True,True,True,45.0,45,45,29.0,29,29,16.0,16,16,14.0,14,14,6.0,6,6,6.0,6,6,0.0,0,0,0.0,0,0,0.0,0,0,8.0,8,8
informative,all_station_gap,initial_batch_no_updates,True,9.0,2,2,0,1.0,0.34238022750665303,1.0,2,1.0,0.34238022750665303,1.0,{},8.035682713521908,8.860116937373071,0.9723663231404932,1.0608481191325538,2,2,1.0,0.34238022750665303,1.0,1.0,0.34238022750665303,1.0,2,linear,whole_base_sequence,4.40464537864484,4.4790902385943605,6,0,0,nan,nan,nan,2,True,0.00011305000225547701,0.0,0.0,0.0006459805480362137,74477.90580979935,74747.06451101061,8.835771165437594,True,True,True,45.0,45,45,29.0,29,29,16.0,16,16,15.5,15,16,6.0,6,6,6.0,6,6,0.0,0,0,0.0,0,0,0.0,0,0,9.5,9,10
informative,all_station_gap,initial_batch_no_updates,True,9.5,2,2,0,1.0,0.34238022750665303,1.0,2,1.0,0.34238022750665303,1.0,{},8.521163482436874,9.390080961697558,0.9723663231404932,1.0608481191325538,2,2,1.0,0.34238022750665303,1.0,1.0,0.34238022750665303,1.0,2,linear,whole_base_sequence,4.404645378644906,4.479090238594423,6,0,0,nan,nan,nan,2,True,0.00010884998482652009,0.0,0.0,0.0005736130181559336,94375.12064331019,94715.50757966138,9.312732259279388,True,True,True,45.0,45,45,29.0,29,29,16.0,16,16,17.0,17,17,6.0,6,6,6.0,6,6,0.0,0,0,0.0,0,0,0.0,0,0,11.0,11,11
informative,all_station_gap,offline_full_record_noncausal,False,14.5,2,2,0,1.0,0.34238022750665303,1.0,2,1.0,0.34238022750665303,1.0,{},0.8823417658584576,1.168594856463629,0.08918106957952802,0.11779575093162607,2,2,1.0,0.34238022750665303,1.0,1.0,0.34238022750665303,1.0,2,linear,whole_base_sequence,4.779594162407049,7.452277370736264,6,0,0,nan,nan,nan,2,True,0.20452655000553932,0.0,0.0,0.00013974251391714174,2976.4240958890587,3007.636228126596,12.514118335958992,True,True,True,45.0,45,45,29.0,29,29,16.0,16,16,29.0,29,29,29.0,29,29,0.0,0,0,0.0,0,0,0.0,0,0,0.0,0,0,0.0,0,0
informative,all_station_gap,retarded_ekf,True,0.0,2,0,2,0.0,0.0,0.6576197724933469,0,0.0,0.0,0.6576197724933469,"{""not_initialized"": 2}",nan,nan,nan,nan,0,2,nan,nan,nan,0.0,0.0,0.6576197724933469,0,linear,whole_base_sequence,nan,nan,6,0,0,nan,nan,nan,2,True,1.9799990695901215e-05,0.0,nan,nan,nan,nan,nan,True,True,True,45.0,45,45,29.0,29,29,16.0,16,16,0.0,0,0,0.0,0,0,0.0,0,0,0.0,0,0,0.0,0,0,0.0,0,0,0.0,0,0
informative,all_station_gap,retarded_ekf,True,0.5,2,0,2,0.0,0.0,0.6576197724933469,0,0.0,0.0,0.6576197724933469,"{""not_initialized"": 2}",nan,nan,nan,nan,0,2,nan,nan,nan,0.0,0.0,0.6576197724933469,0,linear,whole_base_sequence,nan,nan,6,0,0,nan,nan,nan,2,True,1.1600001016631722e-05,0.0,nan,nan,nan,nan,nan,True,True,True,45.0,45,45,29.0,29,29,16.0,16,16,0.0,0,0,0.0,0,0,0.0,0,0,0.0,0,0,0.0,0,0,0.0,0,0,0.0,0,0
informative,all_station_gap,retarded_ekf,True,1.0,2,0,2,0.0,0.0,0.6576197724933469,0,0.0,0.0,0.6576197724933469,"{""not_initialized"": 2}",nan,nan,nan,nan,0,2,nan,nan,nan,0.0,0.0,0.6576197724933469,0,linear,whole_base_sequence,nan,nan,6,0,0,nan,nan,nan,2,True,0.00023009999131318182,0.0,nan,nan,nan,nan,0.9408566648613441,True,True,True,45.0,45,45,29.0,29,29,16.0,16,16,2.5,2,3,0.0,0,0,0.0,0,0,0.0,0,0,0.0,0,0,0.0,0,0,2.5,2,3
informative,all_station_gap,retarded_ekf,True,1.5,2,0,2,0.0,0.0,0.6576197724933469,0,0.0,0.0,0.6576197724933469,"{""not_initialized"": 2}",nan,nan,nan,nan,0,2,nan,nan,nan,0.0,0.0,0.6576197724933469,0,linear,whole_base_sequence,nan,nan,6,0,0,nan,nan,nan,2,True,5.77000027988106e-05,0.0,nan,nan,nan,nan,1.2000124660892886,True,True,True,45.0,45,45,29.0,29,29,16.0,16,16,3.0,3,3,0.0,0,0,0.0,0,0,0.0,0,0,0.0,0,0,0.0,0,0,3.0,3,3
informative,all_station_gap,retarded_ekf,True,10.0,2,2,0,1.0,0.34238022750665303,1.0,2,1.0,0.34238022750665303,1.0,{},0.9760060331969509,1.0447866712417682,0.14307464264314002,0.1599557924310186,2,2,1.0,0.34238022750665303,1.0,1.0,0.34238022750665303,1.0,2,linear,whole_base_sequence,6.22137777443524,7.200894205468518,6,4,0,2.77065603594827,5.173538684167317,1.0,2,True,0.0029370499833021313,0.001333899999735877,0.0,0.00035709072183126605,1119.2817324307348,1142.0371310963062,9.670899249589615,True,True,True,45.0,45,45,29.0,29,29,16.0,16,16,19.0,19,19,19.0,19,19,6.0,6,6,13.0,13,13,0.0,0,0,0.0,0,0,0.0,0,0
informative,all_station_gap,retarded_ekf,True,10.5,2,2,0,1.0,0.34238022750665303,1.0,2,1.0,0.34238022750665303,1.0,{},0.8497544974419724,0.9106040592121689,0.12012903010327966,0.12106915103694277,2,2,1.0,0.34238022750665303,1.0,1.0,0.34238022750665303,1.0,2,linear,whole_base_sequence,5.9010981376293445,6.438566053075051,6,4,0,1.2033638247335592,2.452683977913102,1.0,2,True,0.0039046499878168106,0.0016670500044710934,0.0,0.00031607023589551455,1063.5363343056113,1082.5303979951445,10.463239363147233,True,True,True,45.0,45,45,29.0,29,29,16.0,16,16,21.0,21,21,21.0,21,21,6.0,6,6,15.0,15,15,0.0,0,0,0.0,0,0,0.0,0,0
informative,all_station_gap,retarded_ekf,True,11.0,2,2,0,1.0,0.34238022750665303,1.0,2,1.0,0.34238022750665303,1.0,{},0.7487109032009867,0.8880790039671482,0.1067230506472866,0.1274435811299295,2,2,1.0,0.34238022750665303,1.0,1.0,0.34238022750665303,1.0,2,linear,whole_base_sequence,6.375906658053599,7.800400607872458,6,4,0,1.942211881041035,5.45159179183359,0.75,2,True,0.0040932999982032925,0.0016638000233797356,0.0,0.0002811135657987873,1112.0240801586617,1130.8001031105246,10.828002937431222,True,True,True,45.0,45,45,29.0,29,29,16.0,16,16,23.0,23,23,23.0,23,23,6.0,6,6,17.0,17,17,0.0,0,0,0.0,0,0,0.0,0,0
informative,all_station_gap,retarded_ekf,True,11.5,2,2,0,1.0,0.34238022750665303,1.0,2,1.0,0.34238022750665303,1.0,{},0.649105348140113,0.8523537227392313,0.08978708235000622,0.1170458413482548,2,2,1.0,0.34238022750665303,1.0,1.0,0.34238022750665303,1.0,2,linear,whole_base_sequence,5.075110212411527,7.5412214716980595,6,3,0,1.9858324477725182,4.824699724532416,1.0,2,True,0.0031630000157747418,0.0011927000305149704,0.0,0.00025121487868209257,1278.578363679282,1311.6412399205676,11.362322374391251,True,True,True,45.0,45,45,29.0,29,29,16.0,16,16,24.5,24,25,24.5,24,25,6.0,6,6,18.5,18,19,0.0,0,0,0.0,0,0,0.0,0,0
informative,all_station_gap,retarded_ekf,True,12.0,2,2,0,1.0,0.34238022750665303,1.0,2,1.0,0.34238022750665303,1.0,{},0.5768345973432794,0.7390210920550827,0.07763739065370748,0.10254438137911431,2,2,1.0,0.34238022750665303,1.0,1.0,0.34238022750665303,1.0,2,linear,whole_base_sequence,4.280703555980439,5.9982598985768885,6,5,0,2.036184477553671,6.232971661137713,0.8,2,True,0.004740249991300516,0.0019058499892707914,0.0,0.00022539967823509316,1294.1580733305877,1309.4288277416233,11.83006655804374,True,True,True,45.0,45,45,29.0,29,29,16.0,16,16,27.0,27,27,27.0,27,27,6.0,6,6,21.0,21,21,0.0,0,0,0.0,0,0,0.0,0,0
informative,all_station_gap,retarded_ekf,True,12.5,2,2,0,1.0,0.34238022750665303,1.0,2,1.0,0.34238022750665303,1.0,{},0.6983316041135273,0.9146025403755024,0.08768180540119108,0.11537304551222745,2,2,1.0,0.34238022750665303,1.0,1.0,0.34238022750665303,1.0,2,linear,whole_base_sequence,4.780834599568059,7.286247677720726,6,3,0,1.7965909187744808,2.8337142297554743,1.0,2,True,0.0022006499930284917,0.000826000003144145,0.0,0.00020305894118365482,1469.4374464242405,1536.3828186165654,12.31286511220431,True,True,True,45.0,45,45,29.0,29,29,16.0,16,16,28.5,28,29,28.5,28,29,6.0,6,6,22.5,22,23,0.0,0,0,0.0,0,0,0.0,0,0
informative,all_station_gap,retarded_ekf,True,14.5,2,2,0,1.0,0.34238022750665303,1.0,2,1.0,0.34238022750665303,1.0,{},0.8571605145722113,1.1382095844851479,0.08721188084315466,0.11523984922380223,2,2,1.0,0.34238022750665303,1.0,1.0,0.34238022750665303,1.0,2,linear,whole_base_sequence,4.723763100011653,7.280540527764885,6,1,0,0.22595938684567474,0.22595938684567474,1.0,2,True,0.000753550004446879,0.00024130000383593142,0.0,0.00013865441381769928,2918.4405337593475,2948.2960269248506,12.514118335958992,True,True,True,45.0,45,45,29.0,29,29,16.0,16,16,29.0,29,29,29.0,29,29,6.0,6,6,23.0,23,23,0.0,0,0,0.0,0,0,0.0,0,0
informative,all_station_gap,retarded_ekf,True,2.0,2,0,2,0.0,0.0,0.6576197724933469,0,0.0,0.0,0.6576197724933469,"{""not_initialized"": 2}",nan,nan,nan,nan,0,2,nan,nan,nan,0.0,0.0,0.6576197724933469,0,linear,whole_base_sequence,nan,nan,6,0,0,nan,nan,nan,2,True,0.0003496999997878447,0.0,nan,nan,nan,nan,1.863447742681687,True,True,True,45.0,45,45,29.0,29,29,16.0,16,16,5.0,5,5,0.0,0,0,0.0,0,0,0.0,0,0,0.0,0,0,0.0,0,0,5.0,5,5
informative,all_station_gap,retarded_ekf,True,2.5,2,2,0,1.0,0.34238022750665303,1.0,2,1.0,0.34238022750665303,1.0,{},1.16375291240412,1.41952958331332,0.7966550952998886,0.9138863671261305,2,2,1.0,0.34238022750665303,1.0,1.0,0.34238022750665303,1.0,2,linear,whole_base_sequence,5.220760316438712,6.01373768513661,6,4,0,1.9138103035838911,3.9651441731435275,1.0,2,True,0.04310414999781642,0.0017919500096468255,0.0,0.011441130765519107,89.00991669162538,89.20081357469446,2.479060706877549,True,True,True,45.0,45,45,29.0,29,29,16.0,16,16,8.0,8,8,8.0,8,8,6.0,6,6,2.0,2,2,0.0,0,0,0.0,0,0,0.0,0,0
informative,all_station_gap,retarded_ekf,True,3.0,2,2,0,1.0,0.34238022750665303,1.0,2,1.0,0.34238022750665303,1.0,{},0.8885122656047982,1.0472205288501841,0.43057402459431066,0.5629576091173593,2,2,1.0,0.34238022750665303,1.0,1.0,0.34238022750665303,1.0,2,linear,whole_base_sequence,3.7667936778845195,4.553895815983918,6,2,0,6.170781978730343,11.331788040759173,0.5,2,True,0.0010508499981369823,0.0005687000084435567,0.0,0.0071072914971713344,122.53670205541151,123.44970803517758,2.801421863407455,True,True,True,45.0,45,45,29.0,29,29,16.0,16,16,9.0,9,9,9.0,9,9,6.0,6,6,3.0,3,3,0.0,0,0,0.0,0,0,0.0,0,0
informative,all_station_gap,retarded_ekf,True,3.5,2,2,0,1.0,0.34238022750665303,1.0,2,1.0,0.34238022750665303,1.0,{},1.0880981703114099,1.3161546656965228,0.43057402459431066,0.5629576091173593,2,2,1.0,0.34238022750665303,1.0,1.0,0.34238022750665303,1.0,2,linear,whole_base_sequence,3.7667936778844924,4.553895815983854,6,0,0,nan,nan,nan,2,True,0.00012610001431312412,0.0,0.0,0.004793762150307773,265.85974119359855,267.61904660395516,2.801421863407455,True,True,True,45.0,45,45,29.0,29,29,16.0,16,16,9.0,9,9,9.0,9,9,6.0,6,6,3.0,3,3,0.0,0,0,0.0,0,0,0.0,0,0
informative,all_station_gap,retarded_ekf,True,4.0,2,2,0,1.0,0.34238022750665303,1.0,2,1.0,0.34238022750665303,1.0,{},1.2927328438883143,1.5894523738164876,0.43057402459431066,0.5629576091173593,2,2,1.0,0.34238022750665303,1.0,1.0,0.34238022750665303,1.0,2,linear,whole_base_sequence,3.766793677884504,4.5538958159838625,6,0,0,nan,nan,nan,2,True,0.00012530000822152942,0.0,0.0,0.003403587022231306,521.634859596242,524.7039153473115,2.801421863407455,True,True,True,45.0,45,45,29.0,29,29,16.0,16,16,9.0,9,9,9.0,9,9,6.0,6,6,3.0,3,3,0.0,0,0,0.0,0,0,0.0,0,0
informative,all_station_gap,retarded_ekf,True,4.5,2,2,0,1.0,0.34238022750665303,1.0,2,1.0,0.34238022750665303,1.0,{},1.500351884868265,1.8651865868312303,0.43057402459431066,0.5629576091173593,2,2,1.0,0.34238022750665303,1.0,1.0,0.34238022750665303,1.0,2,linear,whole_base_sequence,3.7667936778844937,4.5538958159838945,6,0,0,nan,nan,nan,2,True,0.00011345000530127436,0.0,0.0,0.002521828742810944,941.7379470900123,946.6980684437339,2.801421863407455,True,True,True,45.0,45,45,29.0,29,29,16.0,16,16,9.0,9,9,9.0,9,9,6.0,6,6,3.0,3,3,0.0,0,0,0.0,0,0,0.0,0,0
informative,all_station_gap,retarded_ekf,True,5.0,2,2,0,1.0,0.34238022750665303,1.0,2,1.0,0.34238022750665303,1.0,{},1.7098685173181143,2.142413787273423,0.43057402459431066,0.5629576091173593,2,2,1.0,0.34238022750665303,1.0,1.0,0.34238022750665303,1.0,2,linear,whole_base_sequence,3.7667936778845243,4.553895815983929,6,0,0,nan,nan,nan,2,True,8.990000060293823e-05,0.0,0.0,0.0019345668520940793,1588.710543490886,1596.2647266455976,2.801421863407455,True,True,True,45.0,45,45,29.0,29,29,16.0,16,16,9.0,9,9,9.0,9,9,6.0,6,6,3.0,3,3,0.0,0,0,0.0,0,0,0.0,0,0
informative,all_station_gap,retarded_ekf,True,5.5,2,2,0,1.0,0.34238022750665303,1.0,2,1.0,0.34238022750665303,1.0,{},1.9206618416397947,2.420620250167984,0.43057402459431066,0.5629576091173593,2,2,1.0,0.34238022750665303,1.0,1.0,0.34238022750665303,1.0,2,linear,whole_base_sequence,3.7667936778844604,4.553895815983852,6,0,0,nan,nan,nan,2,True,0.00012260000221431255,0.0,0.0,0.0015267347434924205,2535.766035668681,2546.742672231681,2.801421863407455,True,True,True,45.0,45,45,29.0,29,29,16.0,16,16,9.0,9,9,9.0,9,9,6.0,6,6,3.0,3,3,0.0,0,0,0.0,0,0,0.0,0,0
informative,all_station_gap,retarded_ekf,True,6.0,2,2,0,1.0,0.34238022750665303,1.0,2,1.0,0.34238022750665303,1.0,{},2.1323532701394496,2.699503114300518,0.43057402459431066,0.5629576091173593,2,2,1.0,0.34238022750665303,1.0,1.0,0.34238022750665303,1.0,2,linear,whole_base_sequence,3.7667936778844906,4.553895815983889,6,0,0,nan,nan,nan,2,True,0.00012534999405033886,0.0,0.0,0.0012333247459107488,3866.7916882905147,3882.1482421866926,2.801421863407455,True,True,True,45.0,45,45,29.0,29,29,16.0,16,16,9.0,9,9,9.0,9,9,6.0,6,6,3.0,3,3,0.0,0,0,0.0,0,0,0.0,0,0
informative,all_station_gap,retarded_ekf,True,6.5,2,2,0,1.0,0.34238022750665303,1.0,2,1.0,0.34238022750665303,1.0,{},2.3446995591643054,2.978872517200041,0.43057402459431066,0.5629576091173593,2,2,1.0,0.34238022750665303,1.0,1.0,0.34238022750665303,1.0,2,linear,whole_base_sequence,3.7667936778844955,4.5538958159838865,6,0,0,nan,nan,nan,2,True,0.000162949989316985,0.0,0.0,0.0010158428923156206,5676.34937044519,5697.176039665032,2.801421863407455,True,True,True,45.0,45,45,29.0,29,29,16.0,16,16,9.0,9,9,9.0,9,9,6.0,6,6,3.0,3,3,0.0,0,0,0.0,0,0,0.0,0,0
informative,all_station_gap,retarded_ekf,True,7.0,2,2,0,1.0,0.34238022750665303,1.0,2,1.0,0.34238022750665303,1.0,{},2.557537599360733,3.258603484772525,0.43057402459431066,0.5629576091173593,2,2,1.0,0.34238022750665303,1.0,1.0,0.34238022750665303,1.0,2,linear,whole_base_sequence,3.7667936778845164,4.553895815983846,6,0,0,nan,nan,nan,2,True,0.00015804999566171318,0.0,0.0,0.0008505072853826867,8069.675839550056,8097.199211196374,2.801421863407455,True,True,True,45.0,45,45,29.0,29,29,16.0,16,16,9.0,9,9,9.0,9,9,6.0,6,6,3.0,3,3,0.0,0,0,0.0,0,0,0.0,0,0
informative,all_station_gap,retarded_ekf,True,7.5,2,2,0,1.0,0.34238022750665303,1.0,2,1.0,0.34238022750665303,1.0,{},1.4592409560531565,1.6419416102010695,0.21388373572335073,0.2158672457979205,2,2,1.0,0.34238022750665303,1.0,1.0,0.34238022750665303,1.0,2,linear,whole_base_sequence,5.646042960054362,5.8118628398839745,6,3,0,1.586781815579072,2.6349010250852754,1.0,2,True,0.0016887499950826168,0.0009076499845832586,0.0,0.0007205530383863818,4684.257216140313,8116.541502281552,7.359225597122656,True,True,True,45.0,45,45,29.0,29,29,16.0,16,16,10.5,10,11,10.5,10,11,6.0,6,6,4.5,4,5,0.0,0,0,0.0,0,0,0.0,0,0
informative,all_station_gap,retarded_ekf,True,8.0,2,2,0,1.0,0.34238022750665303,1.0,2,1.0,0.34238022750665303,1.0,{},1.0942280556380617,1.2994150311154251,0.1620970532113724,0.20911085234242213,2,2,1.0,0.34238022750665303,1.0,1.0,0.34238022750665303,1.0,2,linear,whole_base_sequence,5.266591275433379,5.442277911762627,6,2,0,2.244614337509603,2.9283374468884333,1.0,2,True,0.0015353500057244673,0.0008496499940520152,0.0,0.0006171857165088653,1461.633144878254,1701.1903653816544,7.82229996010676,True,True,True,45.0,45,45,29.0,29,29,16.0,16,16,11.5,11,12,11.5,11,12,6.0,6,6,5.5,5,6,0.0,0,0,0.0,0,0,0.0,0,0
informative,all_station_gap,retarded_ekf,True,8.5,2,2,0,1.0,0.34238022750665303,1.0,2,1.0,0.34238022750665303,1.0,{},0.9836186952545325,1.2944996712982912,0.15633086707682245,0.20676536563776637,2,2,1.0,0.34238022750665303,1.0,1.0,0.34238022750665303,1.0,2,linear,whole_base_sequence,6.03296784846481,7.821868927285772,6,5,0,1.4631765574534352,2.8755869120284507,1.0,2,True,0.003571150009520352,0.0018632999999681488,0.0,0.0005325417087685886,963.4648177737281,988.1268149663417,8.472755136575147,True,True,True,45.0,45,45,29.0,29,29,16.0,16,16,14.0,14,14,14.0,14,14,6.0,6,6,8.0,8,8,0.0,0,0,0.0,0,0,0.0,0,0
informative,all_station_gap,retarded_ekf,True,9.0,2,2,0,1.0,0.34238022750665303,1.0,2,1.0,0.34238022750665303,1.0,{},0.7202386787658518,0.7255338130988228,0.12675030386095273,0.1320681939310874,2,2,1.0,0.34238022750665303,1.0,1.0,0.34238022750665303,1.0,2,linear,whole_base_sequence,4.515063156306223,4.5305340479021705,6,3,0,4.143230796189971,7.172600295442202,0.6666666666666666,2,True,0.002517100001568906,0.0011913500056834891,0.0,0.0004632333504482434,1037.549238465807,1077.7289625136636,8.835771165437594,True,True,True,45.0,45,45,29.0,29,29,16.0,16,16,15.5,15,16,15.5,15,16,6.0,6,6,9.5,9,10,0.0,0,0,0.0,0,0,0.0,0,0
informative,all_station_gap,retarded_ekf,True,9.5,2,2,0,1.0,0.34238022750665303,1.0,2,1.0,0.34238022750665303,1.0,{},1.2159125291118642,1.2778152896968558,0.18380489382524873,0.18425888941570515,2,2,1.0,0.34238022750665303,1.0,1.0,0.34238022750665303,1.0,2,linear,whole_base_sequence,7.05231163454516,7.258360553663622,6,3,0,3.764106831857614,5.21342901762999,1.0,2,True,0.001967699994565919,0.0009013499948196113,0.0,0.0004054811508126991,1010.229422155238,1032.9029647976013,9.312732259279388,True,True,True,45.0,45,45,29.0,29,29,16.0,16,16,17.0,17,17,17.0,17,17,6.0,6,6,11.0,11,11,0.0,0,0,0.0,0,0,0.0,0,0
informative,dropout_20,causal_prefix_batch,True,0.0,2,0,2,0.0,0.0,0.6576197724933469,0,0.0,0.0,0.6576197724933469,"{""insufficient_measurements"": 2}",nan,nan,nan,nan,0,2,nan,nan,nan,0.0,0.0,0.6576197724933469,0,linear,whole_base_sequence,nan,nan,6,0,0,nan,nan,nan,2,True,3.775001096073538e-05,0.0,nan,nan,nan,nan,nan,True,True,True,45.0,45,45,37.0,35,39,8.0,6,10,0.0,0,0,0.0,0,0,0.0,0,0,0.0,0,0,0.0,0,0,0.0,0,0,0.0,0,0
informative,dropout_20,causal_prefix_batch,True,0.5,2,0,2,0.0,0.0,0.6576197724933469,0,0.0,0.0,0.6576197724933469,"{""insufficient_measurements"": 2}",nan,nan,nan,nan,0,2,nan,nan,nan,0.0,0.0,0.6576197724933469,0,linear,whole_base_sequence,nan,nan,6,0,0,nan,nan,nan,2,True,3.0399998649954796e-05,0.0,nan,nan,nan,nan,nan,True,True,True,45.0,45,45,37.0,35,39,8.0,6,10,0.0,0,0,0.0,0,0,0.0,0,0,0.0,0,0,0.0,0,0,0.0,0,0,0.0,0,0
informative,dropout_20,causal_prefix_batch,True,1.0,2,0,2,0.0,0.0,0.6576197724933469,0,0.0,0.0,0.6576197724933469,"{""insufficient_measurements"": 2}",nan,nan,nan,nan,0,2,nan,nan,nan,0.0,0.0,0.6576197724933469,0,linear,whole_base_sequence,nan,nan,6,0,0,nan,nan,nan,2,True,3.4900003811344504e-05,0.0,nan,nan,nan,nan,0.9368964933431918,True,True,True,45.0,45,45,37.0,35,39,8.0,6,10,1.5,1,2,1.5,1,2,0.0,0,0,0.0,0,0,0.0,0,0,0.0,0,0,0.0,0,0
informative,dropout_20,causal_prefix_batch,True,1.5,2,0,2,0.0,0.0,0.6576197724933469,0,0.0,0.0,0.6576197724933469,"{""insufficient_measurements"": 2}",nan,nan,nan,nan,0,2,nan,nan,nan,0.0,0.0,0.6576197724933469,0,linear,whole_base_sequence,nan,nan,6,0,0,nan,nan,nan,2,True,3.310000465717167e-05,0.0,nan,nan,nan,nan,1.2000124660892886,True,True,True,45.0,45,45,37.0,35,39,8.0,6,10,2.0,2,2,2.0,2,2,0.0,0,0,0.0,0,0,0.0,0,0,0.0,0,0,0.0,0,0
informative,dropout_20,causal_prefix_batch,True,10.0,2,2,0,1.0,0.34238022750665303,1.0,2,1.0,0.34238022750665303,1.0,{},0.8307597766013292,0.9968908982438565,0.10641710958915009,0.13448009782640755,2,2,1.0,0.34238022750665303,1.0,1.0,0.34238022750665303,1.0,2,linear,whole_base_sequence,8.411692985680233,9.085240569430113,6,0,0,nan,nan,nan,2,True,0.24909500000649132,0.0,0.0,0.00024208458401644054,1200.2174896456063,1270.060673488653,9.670899249589615,True,True,True,45.0,45,45,37.0,35,39,8.0,6,10,29.5,28,31,29.5,28,31,0.0,0,0,0.0,0,0,0.0,0,0,0.0,0,0,0.0,0,0
informative,dropout_20,causal_prefix_batch,True,10.5,2,2,0,1.0,0.34238022750665303,1.0,2,1.0,0.34238022750665303,1.0,{},0.6318525450157654,0.7677181152644907,0.0904870085804846,0.10895448330576034,2,2,1.0,0.34238022750665303,1.0,1.0,0.34238022750665303,1.0,2,linear,whole_base_sequence,7.250938976408143,7.8265434471936635,6,0,0,nan,nan,nan,2,True,0.20138324999425095,0.0,0.0,0.00021040577466900284,1257.5013061786667,1316.0660437179513,10.463239363147233,True,True,True,45.0,45,45,37.0,35,39,8.0,6,10,31.5,30,33,31.5,30,33,0.0,0,0,0.0,0,0,0.0,0,0,0.0,0,0,0.0,0,0
informative,dropout_20,causal_prefix_batch,True,11.0,2,2,0,1.0,0.34238022750665303,1.0,2,1.0,0.34238022750665303,1.0,{},0.660743410263916,0.8155167338946192,0.09296990750424099,0.10929721662784664,2,2,1.0,0.34238022750665303,1.0,1.0,0.34238022750665303,1.0,2,linear,whole_base_sequence,7.400904902241346,8.111478697660297,6,0,0,nan,nan,nan,2,True,0.2457282999966992,0.0,0.0,0.0001843690319915021,1596.3838413944113,1642.624674124154,10.660118809684178,True,True,True,45.0,45,45,37.0,35,39,8.0,6,10,32.0,30,34,32.0,30,34,0.0,0,0,0.0,0,0,0.0,0,0,0.0,0,0,0.0,0,0
informative,dropout_20,causal_prefix_batch,True,11.5,2,2,0,1.0,0.34238022750665303,1.0,2,1.0,0.34238022750665303,1.0,{},0.624643952775611,0.7759862901212403,0.08011475480605175,0.10330844586713243,2,2,1.0,0.34238022750665303,1.0,1.0,0.34238022750665303,1.0,2,linear,whole_base_sequence,6.4492454678479305,6.459740402385589,6,0,0,nan,nan,nan,2,True,0.22574799999711104,0.0,0.0,0.00016242302298337307,1856.7187367170397,1884.6499150587729,11.362322374391251,True,True,True,45.0,45,45,37.0,35,39,8.0,6,10,33.5,31,36,33.5,31,36,0.0,0,0,0.0,0,0,0.0,0,0,0.0,0,0,0.0,0,0
informative,dropout_20,causal_prefix_batch,True,12.0,2,2,0,1.0,0.34238022750665303,1.0,2,1.0,0.34238022750665303,1.0,{},0.6886649353816984,0.8681748434266814,0.07886912491094517,0.10154200863373566,2,2,1.0,0.34238022750665303,1.0,1.0,0.34238022750665303,1.0,2,linear,whole_base_sequence,6.455671123128596,6.529946303365135,6,0,0,nan,nan,nan,2,True,0.23905365000246093,0.0,0.0,0.0001440752309357719,2082.161668010088,2087.675596652884,11.814128495323992,True,True,True,45.0,45,45,37.0,35,39,8.0,6,10,35.0,33,37,35.0,33,37,0.0,0,0,0.0,0,0,0.0,0,0,0.0,0,0,0.0,0,0
informative,dropout_20,causal_prefix_batch,True,12.5,2,2,0,1.0,0.34238022750665303,1.0,2,1.0,0.34238022750665303,1.0,{},0.8175487060302695,1.0463829955281605,0.08942657091389523,0.11499692212354551,2,2,1.0,0.34238022750665303,1.0,1.0,0.34238022750665303,1.0,2,linear,whole_base_sequence,7.14658373182423,7.75420314828588,6,0,0,nan,nan,nan,2,True,0.2964405000093393,0.0,0.0,0.00012853243356770075,2371.4011679393307,2509.9585944206333,12.31286511220431,True,True,True,45.0,45,45,37.0,35,39,8.0,6,10,36.5,35,38,36.5,35,38,0.0,0,0,0.0,0,0,0.0,0,0,0.0,0,0,0.0,0,0
informative,dropout_20,causal_prefix_batch,True,14.5,2,2,0,1.0,0.34238022750665303,1.0,2,1.0,0.34238022750665303,1.0,{},0.9675840340045634,1.2621444782623938,0.08926981548297826,0.1149644631578541,2,2,1.0,0.34238022750665303,1.0,1.0,0.34238022750665303,1.0,2,linear,whole_base_sequence,7.083717872801248,7.747916562383676,6,0,0,nan,nan,nan,2,True,0.23439635000249837,0.0,0.0,8.534615436942693e-05,4924.202550757397,4934.502753341515,12.514118335958992,True,True,True,45.0,45,45,37.0,35,39,8.0,6,10,37.0,35,39,37.0,35,39,0.0,0,0,0.0,0,0,0.0,0,0,0.0,0,0,0.0,0,0
informative,dropout_20,causal_prefix_batch,True,2.0,2,1,1,0.5,0.09453120573423074,0.9054687942657693,1,0.5,0.09453120573423074,0.9054687942657693,"{""insufficient_measurements"": 1}",2.771385476539519,2.771385476539519,2.560783846810825,2.560783846810825,1,2,1.0,0.20654931437723745,1.0,0.5,0.09453120573423074,0.9054687942657693,1,linear,whole_base_sequence,5.538660073349887,5.538660073349887,6,0,0,nan,nan,nan,2,True,0.011836449994007125,0.0,0.0,0.02223850554498249,467.2112128301592,467.2112128301592,1.863447742681687,True,True,True,45.0,45,45,37.0,35,39,8.0,6,10,3.0,2,4,3.0,2,4,0.0,0,0,0.0,0,0,0.0,0,0,0.0,0,0,0.0,0,0
informative,dropout_20,causal_prefix_batch,True,2.5,2,2,0,1.0,0.34238022750665303,1.0,2,1.0,0.34238022750665303,1.0,{},1.2064194060632325,1.2855703190451975,0.8786522652873356,0.9603806596569933,2,2,1.0,0.34238022750665303,1.0,1.0,0.34238022750665303,1.0,2,linear,whole_base_sequence,4.720532028517967,5.724884796758667,6,0,0,nan,nan,nan,2,True,0.054086200005258434,0.0,0.0,0.012851704904710276,118.11878365438868,130.2037771270654,2.479060706877549,True,True,True,45.0,45,45,37.0,35,39,8.0,6,10,5.5,5,6,5.5,5,6,0.0,0,0,0.0,0,0,0.0,0,0,0.0,0,0,0.0,0,0
informative,dropout_20,causal_prefix_batch,True,3.0,2,2,0,1.0,0.34238022750665303,1.0,2,1.0,0.34238022750665303,1.0,{},1.2806997674439367,1.6177003583199336,0.7541364674273352,0.9650018098560114,2,2,1.0,0.34238022750665303,1.0,1.0,0.34238022750665303,1.0,2,linear,whole_base_sequence,3.963865893459357,6.194549179257714,6,0,0,nan,nan,nan,2,True,0.049662500008707866,0.0,0.0,0.007999570627268394,136.26359948923334,141.96617200774702,2.801421863407455,True,True,True,45.0,45,45,37.0,35,39,8.0,6,10,6.5,6,7,6.5,6,7,0.0,0,0,0.0,0,0,0.0,0,0,0.0,0,0,0.0,0,0
informative,dropout_20,causal_prefix_batch,True,3.5,2,2,0,1.0,0.34238022750665303,1.0,2,1.0,0.34238022750665303,1.0,{},0.5745559296677228,0.6504917988739456,0.26929231102365486,0.28305593295858916,2,2,1.0,0.34238022750665303,1.0,1.0,0.34238022750665303,1.0,2,linear,whole_base_sequence,2.5058443855479506,2.567629291177218,6,0,0,nan,nan,nan,2,True,0.06596609999542125,0.0,0.0,0.005218612846036845,126.44710138991417,160.49851474679775,3.401151285240659,True,True,True,45.0,45,45,37.0,35,39,8.0,6,10,9.0,9,9,9.0,9,9,0.0,0,0,0.0,0,0,0.0,0,0,0.0,0,0,0.0,0,0
informative,dropout_20,causal_prefix_batch,True,4.0,2,2,0,1.0,0.34238022750665303,1.0,2,1.0,0.34238022750665303,1.0,{},0.7856047728848129,0.9171923664249285,0.2950973576464316,0.30417143192193374,2,2,1.0,0.34238022750665303,1.0,1.0,0.34238022750665303,1.0,2,linear,whole_base_sequence,3.3194584635375666,4.113496039357412,6,0,0,nan,nan,nan,2,True,0.06160424998961389,0.0,0.0,0.0035802711308081897,200.34826822754906,205.14140732706858,3.6554622793035705,True,True,True,45.0,45,45,37.0,35,39,8.0,6,10,9.5,9,10,9.5,9,10,0.0,0,0,0.0,0,0,0.0,0,0,0.0,0,0,0.0,0,0
informative,dropout_20,causal_prefix_batch,True,4.5,2,2,0,1.0,0.34238022750665303,1.0,2,1.0,0.34238022750665303,1.0,{},1.3734914675080592,1.8242298329283588,0.4558598729722352,0.6132836698420044,2,2,0.5,0.09453120573423074,0.9054687942657693,0.5,0.09453120573423074,0.9054687942657693,1,linear,whole_base_sequence,8.320909914902153,13.185005723556362,6,0,0,nan,nan,nan,2,True,0.07604250000440516,0.0,0.0,0.002521190508759828,203.78369215231834,235.51620610634583,4.367226688858158,True,True,True,45.0,45,45,37.0,35,39,8.0,6,10,12.0,11,13,12.0,11,13,0.0,0,0,0.0,0,0,0.0,0,0,0.0,0,0,0.0,0,0
informative,dropout_20,causal_prefix_batch,True,5.0,2,2,0,1.0,0.34238022750665303,1.0,2,1.0,0.34238022750665303,1.0,{},0.8233940724110801,0.9503190176309403,0.2467655954476108,0.32387837532403657,2,2,1.0,0.34238022750665303,1.0,1.0,0.34238022750665303,1.0,2,linear,whole_base_sequence,6.599793766191548,9.01915758138467,6,0,0,nan,nan,nan,2,True,0.10563810000894591,0.0,0.0,0.001851485338867762,184.67471291303082,218.9675324877422,4.99270526792087,True,True,True,45.0,45,45,37.0,35,39,8.0,6,10,15.0,15,15,15.0,15,15,0.0,0,0,0.0,0,0,0.0,0,0,0.0,0,0,0.0,0,0
informative,dropout_20,causal_prefix_batch,True,5.5,2,2,0,1.0,0.34238022750665303,1.0,2,1.0,0.34238022750665303,1.0,{},0.9633336415276514,1.109158517954906,0.25036312086416623,0.3247454774943287,2,2,1.0,0.34238022750665303,1.0,1.0,0.34238022750665303,1.0,2,linear,whole_base_sequence,7.200688989570218,9.079247172999013,6,0,0,nan,nan,nan,2,True,0.10987529999692924,0.0,0.0,0.0013980300639011862,273.15815722435036,282.1817403264235,5.293557399773563,True,True,True,45.0,45,45,37.0,35,39,8.0,6,10,15.5,15,16,15.5,15,16,0.0,0,0,0.0,0,0,0.0,0,0,0.0,0,0,0.0,0,0
informative,dropout_20,causal_prefix_batch,True,6.0,2,2,0,1.0,0.34238022750665303,1.0,2,1.0,0.34238022750665303,1.0,{},0.9051688551947124,1.0521317728957398,0.21141436045779355,0.2660173439763869,2,2,1.0,0.34238022750665303,1.0,1.0,0.34238022750665303,1.0,2,linear,whole_base_sequence,6.742153929165314,7.190762177988184,6,0,0,nan,nan,nan,2,True,0.1598554999945918,0.0,0.0,0.001079688449891563,336.6731174618496,347.9345597360295,5.7369415687032195,True,True,True,45.0,45,45,37.0,35,39,8.0,6,10,17.0,16,18,17.0,16,18,0.0,0,0,0.0,0,0,0.0,0,0,0.0,0,0,0.0,0,0
informative,dropout_20,causal_prefix_batch,True,6.5,2,2,0,1.0,0.34238022750665303,1.0,2,1.0,0.34238022750665303,1.0,{},0.9881327305933836,1.266018278287356,0.21268671296940883,0.28280703324714496,2,2,1.0,0.34238022750665303,1.0,1.0,0.34238022750665303,1.0,2,linear,whole_base_sequence,6.713251898754082,7.9168000115716355,6,0,0,nan,nan,nan,2,True,0.12862305001181085,0.0,0.0,0.0008542784174391277,431.7238824001742,439.68111830657324,6.480735441103977,True,True,True,45.0,45,45,37.0,35,39,8.0,6,10,18.0,17,19,18.0,17,19,0.0,0,0,0.0,0,0,0.0,0,0,0.0,0,0,0.0,0,0
informative,dropout_20,causal_prefix_batch,True,7.0,2,2,0,1.0,0.34238022750665303,1.0,2,1.0,0.34238022750665303,1.0,{},0.8484779997244438,0.940749326688774,0.11487489541849424,0.1175210245499991,2,2,1.0,0.34238022750665303,1.0,1.0,0.34238022750665303,1.0,2,linear,whole_base_sequence,7.215294368403875,9.150629155655139,6,0,0,nan,nan,nan,2,True,0.181989100005012,0.0,0.0,0.0006858565386612249,469.2666974512707,489.94345890055126,6.814280685441847,True,True,True,45.0,45,45,37.0,35,39,8.0,6,10,20.0,19,21,20.0,19,21,0.0,0,0,0.0,0,0,0.0,0,0,0.0,0,0,0.0,0,0
informative,dropout_20,causal_prefix_batch,True,7.5,2,2,0,1.0,0.34238022750665303,1.0,2,1.0,0.34238022750665303,1.0,{},0.4902748260161386,0.5556678736799956,0.05892639356089453,0.06975715150527798,2,2,1.0,0.34238022750665303,1.0,1.0,0.34238022750665303,1.0,2,linear,whole_base_sequence,6.122858734398596,8.205432720626334,6,0,0,nan,nan,nan,2,True,0.18871524998394307,0.0,0.0,0.0005594952485305497,498.4883560936951,526.974363293464,7.359225597122656,True,True,True,45.0,45,45,37.0,35,39,8.0,6,10,22.5,21,24,22.5,21,24,0.0,0,0,0.0,0,0,0.0,0,0,0.0,0,0,0.0,0,0
informative,dropout_20,causal_prefix_batch,True,8.0,2,2,0,1.0,0.34238022750665303,1.0,2,1.0,0.34238022750665303,1.0,{},0.6011272902088594,0.6114299156766284,0.0738948692893208,0.0762762446206132,2,2,1.0,0.34238022750665303,1.0,1.0,0.34238022750665303,1.0,2,linear,whole_base_sequence,6.5834629828370375,8.251493187204026,6,0,0,nan,nan,nan,2,True,0.1616158999822801,0.0,0.0,0.0004631123858756697,655.8458964578081,680.7389278152922,7.61052593010461,True,True,True,45.0,45,45,37.0,35,39,8.0,6,10,23.0,22,24,23.0,22,24,0.0,0,0,0.0,0,0,0.0,0,0,0.0,0,0,0.0,0,0
informative,dropout_20,causal_prefix_batch,True,8.5,2,2,0,1.0,0.34238022750665303,1.0,2,1.0,0.34238022750665303,1.0,{},0.6600376390362582,0.728660671732491,0.10863969753622253,0.12246928789131982,2,2,1.0,0.34238022750665303,1.0,1.0,0.34238022750665303,1.0,2,linear,whole_base_sequence,7.487658676609712,9.287320566115863,6,0,0,nan,nan,nan,2,True,0.20636909999302588,0.0,0.0,0.0003878467044222654,707.1518005775878,741.8425708529855,8.472755136575147,True,True,True,45.0,45,45,37.0,35,39,8.0,6,10,25.0,23,27,25.0,23,27,0.0,0,0,0.0,0,0,0.0,0,0,0.0,0,0,0.0,0,0
informative,dropout_20,causal_prefix_batch,True,9.0,2,2,0,1.0,0.34238022750665303,1.0,2,1.0,0.34238022750665303,1.0,{},0.9005843221254252,1.1658710160317336,0.12361901476195922,0.1528725219152645,2,2,1.0,0.34238022750665303,1.0,1.0,0.34238022750665303,1.0,2,linear,whole_base_sequence,8.411804364724738,8.854731639326964,6,0,0,nan,nan,nan,2,True,0.18416415000683628,0.0,0.0,0.00032829166777814217,858.6281471513023,910.106750549831,8.835771165437594,True,True,True,45.0,45,45,37.0,35,39,8.0,6,10,26.5,24,29,26.5,24,29,0.0,0,0,0.0,0,0,0.0,0,0,0.0,0,0,0.0,0,0
informative,dropout_20,causal_prefix_batch,True,9.5,2,2,0,1.0,0.34238022750665303,1.0,2,1.0,0.34238022750665303,1.0,{},0.902884825769403,1.1619976401629815,0.126932167201956,0.1578180708206919,2,2,1.0,0.34238022750665303,1.0,1.0,0.34238022750665303,1.0,2,linear,whole_base_sequence,8.118973636816424,8.298353256301032,6,0,0,nan,nan,nan,2,True,0.22128920000977814,0.0,0.0,0.00028070091968151133,1037.9985542090876,1094.8349522643944,9.312732259279388,True,True,True,45.0,45,45,37.0,35,39,8.0,6,10,27.5,26,29,27.5,26,29,0.0,0,0,0.0,0,0,0.0,0,0,0.0,0,0,0.0,0,0
informative,dropout_20,initial_batch_no_updates,True,0.0,2,0,2,0.0,0.0,0.6576197724933469,0,0.0,0.0,0.6576197724933469,"{""not_initialized"": 2}",nan,nan,nan,nan,0,2,nan,nan,nan,0.0,0.0,0.6576197724933469,0,linear,whole_base_sequence,nan,nan,6,0,0,nan,nan,nan,2,True,2.349988790228963e-06,0.0,nan,nan,nan,nan,nan,True,True,True,45.0,45,45,37.0,35,39,8.0,6,10,0.0,0,0,0.0,0,0,0.0,0,0,0.0,0,0,0.0,0,0,0.0,0,0,0.0,0,0
informative,dropout_20,initial_batch_no_updates,True,0.5,2,0,2,0.0,0.0,0.6576197724933469,0,0.0,0.0,0.6576197724933469,"{""not_initialized"": 2}",nan,nan,nan,nan,0,2,nan,nan,nan,0.0,0.0,0.6576197724933469,0,linear,whole_base_sequence,nan,nan,6,0,0,nan,nan,nan,2,True,1.7999991541728377e-06,0.0,nan,nan,nan,nan,nan,True,True,True,45.0,45,45,37.0,35,39,8.0,6,10,0.0,0,0,0.0,0,0,0.0,0,0,0.0,0,0,0.0,0,0,0.0,0,0,0.0,0,0
informative,dropout_20,initial_batch_no_updates,True,1.0,2,0,2,0.0,0.0,0.6576197724933469,0,0.0,0.0,0.6576197724933469,"{""not_initialized"": 2}",nan,nan,nan,nan,0,2,nan,nan,nan,0.0,0.0,0.6576197724933469,0,linear,whole_base_sequence,nan,nan,6,0,0,nan,nan,nan,2,True,1.6999838408082724e-06,0.0,nan,nan,nan,nan,0.9368964933431918,True,True,True,45.0,45,45,37.0,35,39,8.0,6,10,1.5,1,2,0.0,0,0,0.0,0,0,0.0,0,0,0.0,0,0,0.0,0,0,1.5,1,2
informative,dropout_20,initial_batch_no_updates,True,1.5,2,0,2,0.0,0.0,0.6576197724933469,0,0.0,0.0,0.6576197724933469,"{""not_initialized"": 2}",nan,nan,nan,nan,0,2,nan,nan,nan,0.0,0.0,0.6576197724933469,0,linear,whole_base_sequence,nan,nan,6,0,0,nan,nan,nan,2,True,1.5999976312741637e-06,0.0,nan,nan,nan,nan,1.2000124660892886,True,True,True,45.0,45,45,37.0,35,39,8.0,6,10,2.0,2,2,0.0,0,0,0.0,0,0,0.0,0,0,0.0,0,0,0.0,0,0,2.0,2,2
informative,dropout_20,initial_batch_no_updates,True,10.0,2,2,0,1.0,0.34238022750665303,1.0,2,1.0,0.34238022750665303,1.0,{},6.370273796029315,8.125163009621977,0.7372517704463121,0.9406621977735352,2,2,1.0,0.34238022750665303,1.0,1.0,0.34238022750665303,1.0,2,linear,whole_base_sequence,3.66090422972847,5.618922016884652,6,0,0,nan,nan,nan,2,True,0.00011254999844823033,0.0,0.0,0.00045521618499483687,76388.7544058585,99276.01636970557,9.670899249589615,True,True,True,45.0,45,45,37.0,35,39,8.0,6,10,29.5,28,31,6.0,6,6,6.0,6,6,0.0,0,0,0.0,0,0,0.0,0,0,23.5,22,25
informative,dropout_20,initial_batch_no_updates,True,10.5,2,2,0,1.0,0.34238022750665303,1.0,2,1.0,0.34238022750665303,1.0,{},6.738582245264883,8.595378596589967,0.7372517704463121,0.9406621977735352,2,2,1.0,0.34238022750665303,1.0,1.0,0.34238022750665303,1.0,2,linear,whole_base_sequence,3.6609042297284944,5.6189220168847145,6,0,0,nan,nan,nan,2,True,8.795000030659139e-05,0.0,0.0,0.0004078806734028374,95216.27164186214,123508.21728190916,10.463239363147233,True,True,True,45.0,45,45,37.0,35,39,8.0,6,10,31.5,30,33,6.0,6,6,6.0,6,6,0.0,0,0,0.0,0,0,0.0,0,0,25.5,24,27
informative,dropout_20,initial_batch_no_updates,True,11.0,2,2,0,1.0,0.34238022750665303,1.0,2,1.0,0.34238022750665303,1.0,{},7.106923610292556,9.06560614306213,0.7372517704463121,0.9406621977735352,2,2,1.0,0.34238022750665303,1.0,1.0,0.34238022750665303,1.0,2,linear,whole_base_sequence,3.6609042297285073,5.618922016884687,6,0,0,nan,nan,nan,2,True,0.00010254999506287277,0.0,0.0,0.0003675279331875879,117348.37115131898,151953.00658608848,10.660118809684178,True,True,True,45.0,45,45,37.0,35,39,8.0,6,10,32.0,30,34,6.0,6,6,6.0,6,6,0.0,0,0,0.0,0,0,0.0,0,0,26.0,24,28
informative,dropout_20,initial_batch_no_updates,True,11.5,2,2,0,1.0,0.34238022750665303,1.0,2,1.0,0.34238022750665303,1.0,{},7.475293025385797,9.535843884864013,0.7372517704463121,0.9406621977735352,2,2,1.0,0.34238022750665303,1.0,1.0,0.34238022750665303,1.0,2,linear,whole_base_sequence,3.6609042297285064,5.618922016884713,6,0,0,nan,nan,nan,2,True,0.00011530000483617187,0.0,0.0,0.00033285495854337667,143153.00126454295,185075.00731159042,11.362322374391251,True,True,True,45.0,45,45,37.0,35,39,8.0,6,10,33.5,31,36,6.0,6,6,6.0,6,6,0.0,0,0,0.0,0,0,0.0,0,0,27.5,25,30
informative,dropout_20,initial_batch_no_updates,True,12.0,2,2,0,1.0,0.34238022750665303,1.0,2,1.0,0.34238022750665303,1.0,{},7.843686538531636,10.006090388247122,0.7372517704463121,0.9406621977735352,2,2,1.0,0.34238022750665303,1.0,1.0,0.34238022750665303,1.0,2,linear,whole_base_sequence,3.66090422972849,5.618922016884601,6,0,0,nan,nan,nan,2,True,0.0001302499877056107,0.0,0.0,0.00030284789128168194,173017.64317189233,223363.2772514422,11.814128495323992,True,True,True,45.0,45,45,37.0,35,39,8.0,6,10,35.0,33,37,6.0,6,6,6.0,6,6,0.0,0,0,0.0,0,0,0.0,0,0,29.0,27,31
informative,dropout_20,initial_batch_no_updates,True,12.5,2,2,0,1.0,0.34238022750665303,1.0,2,1.0,0.34238022750665303,1.0,{},8.212100906626537,10.476344476049098,0.7372517704463121,0.9406621977735352,2,2,1.0,0.34238022750665303,1.0,1.0,0.34238022750665303,1.0,2,linear,whole_base_sequence,3.6609042297285077,5.618922016884642,6,0,0,nan,nan,nan,2,True,0.00010974999167956412,0.0,0.0,0.00027670858696904734,207349.31092200396,267331.30895841296,12.31286511220431,True,True,True,45.0,45,45,37.0,35,39,8.0,6,10,36.5,35,38,6.0,6,6,6.0,6,6,0.0,0,0,0.0,0,0,0.0,0,0,30.5,29,32
informative,dropout_20,initial_batch_no_updates,True,14.5,2,2,0,1.0,0.34238022750665303,1.0,2,1.0,0.34238022750665303,1.0,{},9.685919332166838,12.357419383895477,0.7372517704463121,0.9406621977735352,2,2,1.0,0.34238022750665303,1.0,1.0,0.34238022750665303,1.0,2,linear,whole_base_sequence,3.660904229728447,5.618922016884697,6,0,0,nan,nan,nan,2,True,0.00014509999891743064,0.0,0.0,0.0001998373265425168,398170.1714846579,511126.1212701405,12.514118335958992,True,True,True,45.0,45,45,37.0,35,39,8.0,6,10,37.0,35,39,6.0,6,6,6.0,6,6,0.0,0,0,0.0,0,0,0.0,0,0,31.0,29,33
informative,dropout_20,initial_batch_no_updates,True,2.0,2,0,2,0.0,0.0,0.6576197724933469,0,0.0,0.0,0.6576197724933469,"{""not_initialized"": 2}",nan,nan,nan,nan,0,2,nan,nan,nan,0.0,0.0,0.6576197724933469,0,linear,whole_base_sequence,nan,nan,6,0,0,nan,nan,nan,2,True,2.7500063879415393e-06,0.0,nan,nan,nan,nan,1.863447742681687,True,True,True,45.0,45,45,37.0,35,39,8.0,6,10,3.0,2,4,0.0,0,0,0.0,0,0,0.0,0,0,0.0,0,0,0.0,0,0,3.0,2,4
informative,dropout_20,initial_batch_no_updates,True,2.5,2,1,1,0.5,0.09453120573423074,0.9054687942657693,1,0.5,0.09453120573423074,0.9054687942657693,"{""not_initialized"": 1}",1.111084232191834,1.111084232191834,0.9700551906113624,0.9700551906113624,1,2,1.0,0.20654931437723745,1.0,0.5,0.09453120573423074,0.9054687942657693,1,linear,whole_base_sequence,5.836479548790949,5.836479548790949,6,0,0,nan,nan,nan,2,True,7.034999725874513e-05,0.0,0.0,0.01285170490470999,130.20377712707233,130.20377712707233,2.479060706877549,True,True,True,45.0,45,45,37.0,35,39,8.0,6,10,5.5,5,6,3.0,0,6,3.0,0,6,0.0,0,0,0.0,0,0,0.0,0,0,2.5,0,5
informative,dropout_20,initial_batch_no_updates,True,3.0,2,2,0,1.0,0.34238022750665303,1.0,2,1.0,0.34238022750665303,1.0,{},1.234023161352002,1.5492621063444552,0.7372517704463121,0.9406621977735352,2,2,1.0,0.34238022750665303,1.0,1.0,0.34238022750665303,1.0,2,linear,whole_base_sequence,3.6609042297285312,5.618922016884678,6,0,0,nan,nan,nan,2,True,8.149998029693961e-05,0.0,0.0,0.008278563384884249,221.679125423007,312.797223873496,2.801421863407455,True,True,True,45.0,45,45,37.0,35,39,8.0,6,10,6.5,6,7,6.0,6,6,6.0,6,6,0.0,0,0,0.0,0,0,0.0,0,0,0.5,0,1
informative,dropout_20,initial_batch_no_updates,True,3.5,2,2,0,1.0,0.34238022750665303,1.0,2,1.0,0.34238022750665303,1.0,{},1.5956611142066268,2.017153903367918,0.7372517704463121,0.9406621977735352,2,2,1.0,0.34238022750665303,1.0,1.0,0.34238022750665303,1.0,2,linear,whole_base_sequence,3.6609042297285246,5.6189220168847,6,0,0,nan,nan,nan,2,True,0.00012340000830590725,0.0,0.0,0.00564067710456944,481.2816323300234,670.7344386038493,3.401151285240659,True,True,True,45.0,45,45,37.0,35,39,8.0,6,10,9.0,9,9,6.0,6,6,6.0,6,6,0.0,0,0,0.0,0,0,0.0,0,0,3.0,3,3
informative,dropout_20,initial_batch_no_updates,True,4.0,2,2,0,1.0,0.34238022750665303,1.0,2,1.0,0.34238022750665303,1.0,{},1.959904514649171,2.4859314001805943,0.7372517704463121,0.9406621977735352,2,2,1.0,0.34238022750665303,1.0,1.0,0.34238022750665303,1.0,2,linear,whole_base_sequence,3.660904229728523,5.61892201688467,6,0,0,nan,nan,nan,2,True,8.860000525601208e-05,0.0,0.0,0.004038473514397016,945.102342053694,1302.1695542211119,3.6554622793035705,True,True,True,45.0,45,45,37.0,35,39,8.0,6,10,9.5,9,10,6.0,6,6,6.0,6,6,0.0,0,0,0.0,0,0,0.0,0,0,3.5,3,4
informative,dropout_20,initial_batch_no_updates,True,4.5,2,2,0,1.0,0.34238022750665303,1.0,2,1.0,0.34238022750665303,1.0,{},2.3255294253580976,2.9551892336596226,0.7372517704463121,0.9406621977735352,2,2,1.0,0.34238022750665303,1.0,1.0,0.34238022750665303,1.0,2,linear,whole_base_sequence,3.6609042297285157,5.61892201688469,6,0,0,nan,nan,nan,2,True,0.00011020000965800136,0.0,0.0,0.0030122840321025143,1707.6529336179829,2329.6527469975294,4.367226688858158,True,True,True,45.0,45,45,37.0,35,39,8.0,6,10,12.0,11,13,6.0,6,6,6.0,6,6,0.0,0,0,0.0,0,0,0.0,0,0,6.0,5,7
informative,dropout_20,initial_batch_no_updates,True,5.0,2,2,0,1.0,0.34238022750665303,1.0,2,1.0,0.34238022750665303,1.0,{},2.691972993249313,3.4247356464318504,0.7372517704463121,0.9406621977735352,2,2,1.0,0.34238022750665303,1.0,1.0,0.34238022750665303,1.0,2,linear,whole_base_sequence,3.6609042297285352,5.618922016884703,6,0,0,nan,nan,nan,2,True,0.00010215000656899065,0.0,0.0,0.0023231843164872854,2882.9628435422837,3900.1586739904706,4.99270526792087,True,True,True,45.0,45,45,37.0,35,39,8.0,6,10,15.0,15,15,6.0,6,6,6.0,6,6,0.0,0,0,0.0,0,0,0.0,0,0,9.0,9,9
informative,dropout_20,initial_batch_no_updates,True,5.5,2,2,0,1.0,0.34238022750665303,1.0,2,1.0,0.34238022750665303,1.0,{},3.058941021182663,3.894468565441438,0.7372517704463121,0.9406621977735352,2,2,1.0,0.34238022750665303,1.0,1.0,0.34238022750665303,1.0,2,linear,whole_base_sequence,3.660904229728547,5.618922016884694,6,0,0,nan,nan,nan,2,True,0.00011604999599512666,0.0,0.0,0.0018413548835507641,4604.5893380317175,6185.0940410507255,5.293557399773563,True,True,True,45.0,45,45,37.0,35,39,8.0,6,10,15.5,15,16,6.0,6,6,6.0,6,6,0.0,0,0,0.0,0,0,0.0,0,0,9.5,9,10
informative,dropout_20,initial_batch_no_updates,True,6.0,2,2,0,1.0,0.34238022750665303,1.0,2,1.0,0.34238022750665303,1.0,{},3.426264997380903,4.364328812373836,0.7372517704463121,0.9406621977735352,2,2,1.0,0.34238022750665303,1.0,1.0,0.34238022750665303,1.0,2,linear,whole_base_sequence,3.660904229728528,5.618922016884691,6,0,0,nan,nan,nan,2,True,0.00011999999696854502,0.0,0.0,0.001492743547006933,7025.620697509483,9380.299616399456,5.7369415687032195,True,True,True,45.0,45,45,37.0,35,39,8.0,6,10,17.0,16,18,6.0,6,6,6.0,6,6,0.0,0,0,0.0,0,0,0.0,0,0,11.0,10,12
informative,dropout_20,initial_batch_no_updates,True,6.5,2,2,0,1.0,0.34238022750665303,1.0,2,1.0,0.34238022750665303,1.0,{},3.7938415333266353,4.834279774681829,0.7372517704463121,0.9406621977735352,2,2,1.0,0.34238022750665303,1.0,1.0,0.34238022750665303,1.0,2,linear,whole_base_sequence,3.660904229728508,5.618922016884688,6,0,0,nan,nan,nan,2,True,0.00013324999599717557,0.0,0.0,0.0012331238654567224,10318.677317042422,13706.050771565371,6.480735441103977,True,True,True,45.0,45,45,37.0,35,39,8.0,6,10,18.0,17,19,6.0,6,6,6.0,6,6,0.0,0,0,0.0,0,0,0.0,0,0,12.0,11,13
informative,dropout_20,initial_batch_no_updates,True,7.0,2,2,0,1.0,0.34238022750665303,1.0,2,1.0,0.34238022750665303,1.0,{},4.1616037070129455,5.304297612098785,0.7372517704463121,0.9406621977735352,2,2,1.0,0.34238022750665303,1.0,1.0,0.34238022750665303,1.0,2,linear,whole_base_sequence,3.6609042297285237,5.61892201688469,6,0,0,nan,nan,nan,2,True,0.0001408500102115795,0.0,0.0,0.001034968762237868,14675.912123210794,19407.057622022643,6.814280685441847,True,True,True,45.0,45,45,37.0,35,39,8.0,6,10,20.0,19,21,6.0,6,6,6.0,6,6,0.0,0,0,0.0,0,0,0.0,0,0,14.0,13,15
informative,dropout_20,initial_batch_no_updates,True,7.5,2,2,0,1.0,0.34238022750665303,1.0,2,1.0,0.34238022750665303,1.0,{},4.529506301460102,5.774366146027449,0.7372517704463121,0.9406621977735352,2,2,1.0,0.34238022750665303,1.0,1.0,0.34238022750665303,1.0,2,linear,whole_base_sequence,3.6609042297285357,5.618922016884695,6,0,0,nan,nan,nan,2,True,0.00011609999637585133,0.0,0.0,0.0008805086479844495,20309.010746199143,26752.46505815552,7.359225597122656,True,True,True,45.0,45,45,37.0,35,39,8.0,6,10,22.5,21,24,6.0,6,6,6.0,6,6,0.0,0,0,0.0,0,0,0.0,0,0,16.5,15,18
informative,dropout_20,initial_batch_no_updates,True,8.0,2,2,0,1.0,0.34238022750665303,1.0,2,1.0,0.34238022750665303,1.0,{},4.8975176714558915,6.244474016550707,0.7372517704463121,0.9406621977735352,2,2,1.0,0.34238022750665303,1.0,1.0,0.34238022750665303,1.0,2,linear,whole_base_sequence,3.6609042297285113,5.618922016884666,6,0,0,nan,nan,nan,2,True,0.0001227000029757619,0.0,0.0,0.0007578991909146899,27449.191596300414,36035.85274721814,7.61052593010461,True,True,True,45.0,45,45,37.0,35,39,8.0,6,10,23.0,22,24,6.0,6,6,6.0,6,6,0.0,0,0,0.0,0,0,0.0,0,0,17.0,16,18
informative,dropout_20,initial_batch_no_updates,True,8.5,2,2,0,1.0,0.34238022750665303,1.0,2,1.0,0.34238022750665303,1.0,{},5.265615010233073,6.714613015832015,0.7372517704463121,0.9406621977735352,2,2,1.0,0.34238022750665303,1.0,1.0,0.34238022750665303,1.0,2,linear,whole_base_sequence,3.66090422972852,5.61892201688464,6,0,0,nan,nan,nan,2,True,0.00014370000280905515,0.0,0.0,0.000659020037153798,36347.20590098621,47575.235130144676,8.472755136575147,True,True,True,45.0,45,45,37.0,35,39,8.0,6,10,25.0,23,27,6.0,6,6,6.0,6,6,0.0,0,0,0.0,0,0,0.0,0,0,19.0,17,21
informative,dropout_20,initial_batch_no_updates,True,9.0,2,2,0,1.0,0.34238022750665303,1.0,2,1.0,0.34238022750665303,1.0,{},5.633781466854567,7.184777067437718,0.7372517704463121,0.9406621977735352,2,2,1.0,0.34238022750665303,1.0,1.0,0.34238022750665303,1.0,2,linear,whole_base_sequence,3.6609042297285246,5.618922016884685,6,0,0,nan,nan,nan,2,True,0.0001118500076700002,0.0,0.0,0.0005781639902626472,47273.337723051016,61713.06141642758,8.835771165437594,True,True,True,45.0,45,45,37.0,35,39,8.0,6,10,26.5,24,29,6.0,6,6,6.0,6,6,0.0,0,0,0.0,0,0,0.0,0,0,20.5,18,23
informative,dropout_20,initial_batch_no_updates,True,9.5,2,2,0,1.0,0.34238022750665303,1.0,2,1.0,0.34238022750665303,1.0,{},6.0020043221468375,7.654961577614414,0.7372517704463121,0.9406621977735352,2,2,1.0,0.34238022750665303,1.0,1.0,0.34238022750665303,1.0,2,linear,whole_base_sequence,3.660904229728505,5.6189220168847,6,0,0,nan,nan,nan,2,True,0.0001154000055976212,0.0,0.0,0.0005112307241221868,60517.40397150119,78816.21558308719,9.312732259279388,True,True,True,45.0,45,45,37.0,35,39,8.0,6,10,27.5,26,29,6.0,6,6,6.0,6,6,0.0,0,0,0.0,0,0,0.0,0,0,21.5,20,23
informative,dropout_20,offline_full_record_noncausal,False,14.5,2,2,0,1.0,0.34238022750665303,1.0,2,1.0,0.34238022750665303,1.0,{},0.9675840340045634,1.2621444782623938,0.08926981548297826,0.1149644631578541,2,2,1.0,0.34238022750665303,1.0,1.0,0.34238022750665303,1.0,2,linear,whole_base_sequence,7.083717872801248,7.747916562383676,6,0,0,nan,nan,nan,2,True,0.2806803499988746,0.0,0.0,8.534615436942693e-05,4924.202550757397,4934.502753341515,12.514118335958992,True,True,True,45.0,45,45,37.0,35,39,8.0,6,10,37.0,35,39,37.0,35,39,0.0,0,0,0.0,0,0,0.0,0,0,0.0,0,0,0.0,0,0
informative,dropout_20,retarded_ekf,True,0.0,2,0,2,0.0,0.0,0.6576197724933469,0,0.0,0.0,0.6576197724933469,"{""not_initialized"": 2}",nan,nan,nan,nan,0,2,nan,nan,nan,0.0,0.0,0.6576197724933469,0,linear,whole_base_sequence,nan,nan,6,0,0,nan,nan,nan,2,True,2.0399995264597237e-05,0.0,nan,nan,nan,nan,nan,True,True,True,45.0,45,45,37.0,35,39,8.0,6,10,0.0,0,0,0.0,0,0,0.0,0,0,0.0,0,0,0.0,0,0,0.0,0,0,0.0,0,0
informative,dropout_20,retarded_ekf,True,0.5,2,0,2,0.0,0.0,0.6576197724933469,0,0.0,0.0,0.6576197724933469,"{""not_initialized"": 2}",nan,nan,nan,nan,0,2,nan,nan,nan,0.0,0.0,0.6576197724933469,0,linear,whole_base_sequence,nan,nan,6,0,0,nan,nan,nan,2,True,1.1500000255182385e-05,0.0,nan,nan,nan,nan,nan,True,True,True,45.0,45,45,37.0,35,39,8.0,6,10,0.0,0,0,0.0,0,0,0.0,0,0,0.0,0,0,0.0,0,0,0.0,0,0,0.0,0,0
informative,dropout_20,retarded_ekf,True,1.0,2,0,2,0.0,0.0,0.6576197724933469,0,0.0,0.0,0.6576197724933469,"{""not_initialized"": 2}",nan,nan,nan,nan,0,2,nan,nan,nan,0.0,0.0,0.6576197724933469,0,linear,whole_base_sequence,nan,nan,6,0,0,nan,nan,nan,2,True,0.00012959999730810523,0.0,nan,nan,nan,nan,0.9368964933431918,True,True,True,45.0,45,45,37.0,35,39,8.0,6,10,1.5,1,2,0.0,0,0,0.0,0,0,0.0,0,0,0.0,0,0,0.0,0,0,1.5,1,2
informative,dropout_20,retarded_ekf,True,1.5,2,0,2,0.0,0.0,0.6576197724933469,0,0.0,0.0,0.6576197724933469,"{""not_initialized"": 2}",nan,nan,nan,nan,0,2,nan,nan,nan,0.0,0.0,0.6576197724933469,0,linear,whole_base_sequence,nan,nan,6,0,0,nan,nan,nan,2,True,4.425000224728137e-05,0.0,nan,nan,nan,nan,1.2000124660892886,True,True,True,45.0,45,45,37.0,35,39,8.0,6,10,2.0,2,2,0.0,0,0,0.0,0,0,0.0,0,0,0.0,0,0,0.0,0,0,2.0,2,2
informative,dropout_20,retarded_ekf,True,10.0,2,2,0,1.0,0.34238022750665303,1.0,2,1.0,0.34238022750665303,1.0,{},0.8398427587042692,1.009064252212993,0.10722537503397987,0.1358550678217025,2,2,1.0,0.34238022750665303,1.0,1.0,0.34238022750665303,1.0,2,linear,whole_base_sequence,8.484895670391827,9.178508216141143,6,4,0,2.2072324276336355,3.777925109327799,1.0,2,True,0.003669550016638823,0.001350749982520938,0.0,0.00024204754003450288,1199.7700179649241,1265.9488182231178,9.670899249589615,True,True,True,45.0,45,45,37.0,35,39,8.0,6,10,29.5,28,31,29.5,28,31,6.0,6,6,23.5,22,25,0.0,0,0,0.0,0,0,0.0,0,0
informative,dropout_20,retarded_ekf,True,10.5,2,2,0,1.0,0.34238022750665303,1.0,2,1.0,0.34238022750665303,1.0,{},0.6384031101436035,0.7775883376964935,0.09075777162202857,0.1097603717630975,2,2,1.0,0.34238022750665303,1.0,1.0,0.34238022750665303,1.0,2,linear,whole_base_sequence,7.292083580315504,7.892994510942499,6,4,0,1.6410886810186756,2.5286141847756873,1.0,2,True,0.0037655500054825097,0.001308399994741194,0.0,0.0002105205260934318,1260.2999728479847,1314.8205107220263,10.463239363147233,True,True,True,45.0,45,45,37.0,35,39,8.0,6,10,31.5,30,33,31.5,30,33,6.0,6,6,25.5,24,27,0.0,0,0,0.0,0,0,0.0,0,0
informative,dropout_20,retarded_ekf,True,11.0,2,2,0,1.0,0.34238022750665303,1.0,2,1.0,0.34238022750665303,1.0,{},0.6679586901904481,0.8259424963656955,0.0933139279370305,0.11011794216937149,2,2,1.0,0.34238022750665303,1.0,1.0,0.34238022750665303,1.0,2,linear,whole_base_sequence,7.444987514154837,8.183511985237159,6,1,0,1.6295972897145603,1.6295972897145603,1.0,2,True,0.0008190999942598864,0.00025024999922607094,0.0,0.00018444624130506962,1599.6979313678157,1640.208578788869,10.660118809684178,True,True,True,45.0,45,45,37.0,35,39,8.0,6,10,32.0,30,34,32.0,30,34,6.0,6,6,26.0,24,28,0.0,0,0,0.0,0,0,0.0,0,0
informative,dropout_20,retarded_ekf,True,11.5,2,2,0,1.0,0.34238022750665303,1.0,2,1.0,0.34238022750665303,1.0,{},0.6327167693904304,0.7853941836056617,0.0804899419176522,0.10389272963696633,2,2,1.0,0.34238022750665303,1.0,1.0,0.34238022750665303,1.0,2,linear,whole_base_sequence,6.493359411390072,6.544693677187672,6,3,0,1.7581960386157245,4.196867529725015,1.0,2,True,0.002696199982892722,0.0009422500006621704,0.0,0.00016269005028537542,1857.3278829348046,1875.730353984627,11.362322374391251,True,True,True,45.0,45,45,37.0,35,39,8.0,6,10,33.5,31,36,33.5,31,36,6.0,6,6,27.5,25,30,0.0,0,0,0.0,0,0,0.0,0,0
informative,dropout_20,retarded_ekf,True,12.0,2,2,0,1.0,0.34238022750665303,1.0,2,1.0,0.34238022750665303,1.0,{},0.6977088589406131,0.8794348515693129,0.07947176048994652,0.10246040671079054,2,2,1.0,0.34238022750665303,1.0,1.0,0.34238022750665303,1.0,2,linear,whole_base_sequence,6.500652191950248,6.614650882391793,6,3,0,0.17994062833526134,0.4470389840836829,1.0,2,True,0.0038410500128520653,0.0012843000004068017,0.0,0.00014436127116855473,2077.5172922314123,2077.6567621068284,11.814128495323992,True,True,True,45.0,45,45,37.0,35,39,8.0,6,10,35.0,33,37,35.0,33,37,6.0,6,6,29.0,27,31,0.0,0,0,0.0,0,0,0.0,0,0
informative,dropout_20,retarded_ekf,True,12.5,2,2,0,1.0,0.34238022750665303,1.0,2,1.0,0.34238022750665303,1.0,{},0.8249294975136329,1.0550160094154772,0.08996167090296044,0.1157359251709715,2,2,1.0,0.34238022750665303,1.0,1.0,0.34238022750665303,1.0,2,linear,whole_base_sequence,7.204464353450608,7.779147509123325,6,3,0,1.6600051855069833,2.973794897324296,1.0,2,True,0.0036077999975532293,0.001177450001705438,0.0,0.00012881558956043428,2363.090781787917,2497.3944937751407,12.31286511220431,True,True,True,45.0,45,45,37.0,35,39,8.0,6,10,36.5,35,38,36.5,35,38,6.0,6,6,30.5,29,32,0.0,0,0,0.0,0,0,0.0,0,0
informative,dropout_20,retarded_ekf,True,14.5,2,2,0,1.0,0.34238022750665303,1.0,2,1.0,0.34238022750665303,1.0,{},0.9757007302754062,1.2723163573513734,0.08978305241617167,0.11569875798545802,2,2,1.0,0.34238022750665303,1.0,1.0,0.34238022750665303,1.0,2,linear,whole_base_sequence,7.13957824879109,7.772658898657388,6,1,0,0.24165285575061268,0.24165285575061268,1.0,2,True,0.0014179999998304993,0.0003986999945482239,0.0,8.565892657373504e-05,4906.256459624874,4906.984655773288,12.514118335958992,True,True,True,45.0,45,45,37.0,35,39,8.0,6,10,37.0,35,39,37.0,35,39,6.0,6,6,31.0,29,33,0.0,0,0,0.0,0,0,0.0,0,0
informative,dropout_20,retarded_ekf,True,2.0,2,0,2,0.0,0.0,0.6576197724933469,0,0.0,0.0,0.6576197724933469,"{""not_initialized"": 2}",nan,nan,nan,nan,0,2,nan,nan,nan,0.0,0.0,0.6576197724933469,0,linear,whole_base_sequence,nan,nan,6,0,0,nan,nan,nan,2,True,0.0001016000023810193,0.0,nan,nan,nan,nan,1.863447742681687,True,True,True,45.0,45,45,37.0,35,39,8.0,6,10,3.0,2,4,0.0,0,0,0.0,0,0,0.0,0,0,0.0,0,0,0.0,0,0,3.0,2,4
informative,dropout_20,retarded_ekf,True,2.5,2,1,1,0.5,0.09453120573423074,0.9054687942657693,1,0.5,0.09453120573423074,0.9054687942657693,"{""not_initialized"": 1}",1.111084232191834,1.111084232191834,0.9700551906113624,0.9700551906113624,1,2,1.0,0.20654931437723745,1.0,0.5,0.09453120573423074,0.9054687942657693,1,linear,whole_base_sequence,5.836479548790949,5.836479548790949,6,0,0,nan,nan,nan,2,True,0.03506185000878759,0.0,0.0,0.01285170490470999,130.20377712707233,130.20377712707233,2.479060706877549,True,True,True,45.0,45,45,37.0,35,39,8.0,6,10,5.5,5,6,3.0,0,6,3.0,0,6,0.0,0,0,0.0,0,0,0.0,0,0,2.5,0,5
informative,dropout_20,retarded_ekf,True,3.0,2,2,0,1.0,0.34238022750665303,1.0,2,1.0,0.34238022750665303,1.0,{},1.2811559220595208,1.6183668292044502,0.7543835187875442,0.9653573196822226,2,2,1.0,0.34238022750665303,1.0,1.0,0.34238022750665303,1.0,2,linear,whole_base_sequence,3.970001284311447,6.206206420592218,6,1,0,0.1259293010609509,0.1259293010609509,1.0,2,True,0.022700600005919114,0.00042799999937415123,0.0,0.007996018313219123,136.30867029708114,142.05631362164425,2.801421863407455,True,True,True,45.0,45,45,37.0,35,39,8.0,6,10,6.5,6,7,6.5,6,7,6.0,6,6,0.5,0,1,0.0,0,0,0.0,0,0,0.0,0,0
informative,dropout_20,retarded_ekf,True,3.5,2,2,0,1.0,0.34238022750665303,1.0,2,1.0,0.34238022750665303,1.0,{},0.5815987800126041,0.6624127151819761,0.2720299855823238,0.2830891163481101,2,2,1.0,0.34238022750665303,1.0,1.0,0.34238022750665303,1.0,2,linear,whole_base_sequence,2.524924802653449,2.6034946851324787,6,5,0,1.6727027724645773,4.361697583045502,1.0,2,True,0.0020204000029480085,0.0012092499964637682,0.0,0.0052075347300758225,124.8997195144297,158.15825347681184,3.401151285240659,True,True,True,45.0,45,45,37.0,35,39,8.0,6,10,9.0,9,9,9.0,9,9,6.0,6,6,3.0,3,3,0.0,0,0,0.0,0,0,0.0,0,0
informative,dropout_20,retarded_ekf,True,4.0,2,2,0,1.0,0.34238022750665303,1.0,2,1.0,0.34238022750665303,1.0,{},0.7911865475803541,0.9265337260085097,0.2972549056422727,0.30835844522305933,2,2,1.0,0.34238022750665303,1.0,1.0,0.34238022750665303,1.0,2,linear,whole_base_sequence,3.345644619838934,4.162862337784917,6,1,0,0.7443889158652264,0.7443889158652264,1.0,2,True,0.0005554999952437356,0.00024364999262616038,0.0,0.003572634976928582,199.05013589684904,203.95820202771023,3.6554622793035705,True,True,True,45.0,45,45,37.0,35,39,8.0,6,10,9.5,9,10,9.5,9,10,6.0,6,6,3.5,3,4,0.0,0,0,0.0,0,0,0.0,0,0
informative,dropout_20,retarded_ekf,True,4.5,2,2,0,1.0,0.34238022750665303,1.0,2,1.0,0.34238022750665303,1.0,{},1.377102742151364,1.8287087920951188,0.4583747181421635,0.6166752367535808,2,2,0.5,0.09453120573423074,0.9054687942657693,0.5,0.09453120573423074,0.9054687942657693,1,linear,whole_base_sequence,8.436220421413545,13.356028690745475,6,5,0,2.6892243352961662,5.173524122663528,1.0,2,True,0.0021585999929811805,0.0011797999904956669,0.0,0.0025150211028836405,201.23871015113994,231.4574208695569,4.367226688858158,True,True,True,45.0,45,45,37.0,35,39,8.0,6,10,12.0,11,13,12.0,11,13,6.0,6,6,6.0,5,7,0.0,0,0,0.0,0,0,0.0,0,0
informative,dropout_20,retarded_ekf,True,5.0,2,2,0,1.0,0.34238022750665303,1.0,2,1.0,0.34238022750665303,1.0,{},0.8242576559280586,0.9491435372807054,0.247306656546066,0.3240480953163193,2,2,1.0,0.34238022750665303,1.0,1.0,0.34238022750665303,1.0,2,linear,whole_base_sequence,6.567047073117031,8.904479952205385,6,6,0,1.8952983097703324,3.4420513967978406,1.0,2,True,0.004343150008935481,0.0023551500198664144,0.0,0.0018478234221944501,184.0193228266844,217.58759450646832,4.99270526792087,True,True,True,45.0,45,45,37.0,35,39,8.0,6,10,15.0,15,15,15.0,15,15,6.0,6,6,9.0,9,9,0.0,0,0,0.0,0,0,0.0,0,0
informative,dropout_20,retarded_ekf,True,5.5,2,2,0,1.0,0.34238022750665303,1.0,2,1.0,0.34238022750665303,1.0,{},0.9640367869536232,1.1080021216887714,0.25089744752839815,0.3248952777886563,2,2,1.0,0.34238022750665303,1.0,1.0,0.34238022750665303,1.0,2,linear,whole_base_sequence,7.169755135094309,8.964750758402946,6,1,0,0.08154628501959044,0.08154628501959044,1.0,2,True,0.0007391499966615811,0.0003277000068919733,0.0,0.0013956061676271008,272.5712973976115,280.81664786011675,5.293557399773563,True,True,True,45.0,45,45,37.0,35,39,8.0,6,10,15.5,15,16,15.5,15,16,6.0,6,6,9.5,9,10,0.0,0,0,0.0,0,0,0.0,0,0
informative,dropout_20,retarded_ekf,True,6.0,2,2,0,1.0,0.34238022750665303,1.0,2,1.0,0.34238022750665303,1.0,{},0.907924859469299,1.0535310891028147,0.21214729495509982,0.2669268899760471,2,2,1.0,0.34238022750665303,1.0,1.0,0.34238022750665303,1.0,2,linear,whole_base_sequence,6.755840091279736,7.266922194338209,6,3,0,2.7636323345490097,5.025406908432279,1.0,2,True,0.002380749996518716,0.001095200001145713,0.0,0.0010780831557578717,337.71922724583067,349.38312849792624,5.7369415687032195,True,True,True,45.0,45,45,37.0,35,39,8.0,6,10,17.0,16,18,17.0,16,18,6.0,6,6,11.0,10,12,0.0,0,0,0.0,0,0,0.0,0,0
informative,dropout_20,retarded_ekf,True,6.5,2,2,0,1.0,0.34238022750665303,1.0,2,1.0,0.34238022750665303,1.0,{},0.9908547507228656,1.2685048570339528,0.21332610977138966,0.2837654837895246,2,2,1.0,0.34238022750665303,1.0,1.0,0.34238022750665303,1.0,2,linear,whole_base_sequence,6.721169787799223,7.874999034842055,6,2,0,1.9334174869288956,3.5004577891988107,1.0,2,True,0.0015654999879188836,0.000682099984260276,0.0,0.0008528861748760559,432.40952101250616,441.13062047816834,6.480735441103977,True,True,True,45.0,45,45,37.0,35,39,8.0,6,10,18.0,17,19,18.0,17,19,6.0,6,6,12.0,11,13,0.0,0,0,0.0,0,0,0.0,0,0
informative,dropout_20,retarded_ekf,True,7.0,2,2,0,1.0,0.34238022750665303,1.0,2,1.0,0.34238022750665303,1.0,{},0.8513325689262952,0.944481452540781,0.11592101454633151,0.11846981167144222,2,2,1.0,0.34238022750665303,1.0,1.0,0.34238022750665303,1.0,2,linear,whole_base_sequence,7.201378465423465,9.234723318978896,6,4,0,2.5593826387602334,5.072152709578198,1.0,2,True,0.003917149995686486,0.0017443999968236312,0.0,0.0006844730059298427,470.91274450804394,488.8032000383407,6.814280685441847,True,True,True,45.0,45,45,37.0,35,39,8.0,6,10,20.0,19,21,20.0,19,21,6.0,6,6,14.0,13,15,0.0,0,0,0.0,0,0,0.0,0,0
informative,dropout_20,retarded_ekf,True,7.5,2,2,0,1.0,0.34238022750665303,1.0,2,1.0,0.34238022750665303,1.0,{},0.4956170268031721,0.5587574095942265,0.05965749935798679,0.06922755399128797,2,2,1.0,0.34238022750665303,1.0,1.0,0.34238022750665303,1.0,2,linear,whole_base_sequence,6.123975446902344,8.27442831076864,6,5,0,2.6273763410865767,5.193221109183476,1.0,2,True,0.005092550010886043,0.00214465000317432,0.0,0.0005585478033623512,502.7754569406296,533.8662461638093,7.359225597122656,True,True,True,45.0,45,45,37.0,35,39,8.0,6,10,22.5,21,24,22.5,21,24,6.0,6,6,16.5,15,18,0.0,0,0,0.0,0,0,0.0,0,0
informative,dropout_20,retarded_ekf,True,8.0,2,2,0,1.0,0.34238022750665303,1.0,2,1.0,0.34238022750665303,1.0,{},0.6073682874413899,0.6206939503380268,0.07486928843479013,0.07863137468835334,2,2,1.0,0.34238022750665303,1.0,1.0,0.34238022750665303,1.0,2,linear,whole_base_sequence,6.590191690987547,8.321049935177005,6,1,0,0.8772297362997373,0.8772297362997373,1.0,2,True,0.0009171000128844753,0.000428599989390932,0.0,0.0004624663880685161,660.3156234197921,683.0655706697871,7.61052593010461,True,True,True,45.0,45,45,37.0,35,39,8.0,6,10,23.0,22,24,23.0,22,24,6.0,6,6,17.0,16,18,0.0,0,0,0.0,0,0,0.0,0,0
informative,dropout_20,retarded_ekf,True,8.5,2,2,0,1.0,0.34238022750665303,1.0,2,1.0,0.34238022750665303,1.0,{},0.6653251287364393,0.7366594698012058,0.10916102603794153,0.12205193224905836,2,2,1.0,0.34238022750665303,1.0,1.0,0.34238022750665303,1.0,2,linear,whole_base_sequence,7.494040292836858,9.356429371883946,6,4,0,1.7267662767651557,3.9327233630930434,1.0,2,True,0.003965550000430085,0.0015668999985791743,0.0,0.000387212056278219,712.4906766731131,748.5951327504755,8.472755136575147,True,True,True,45.0,45,45,37.0,35,39,8.0,6,10,25.0,23,27,25.0,23,27,6.0,6,6,19.0,17,21,0.0,0,0,0.0,0,0,0.0,0,0
informative,dropout_20,retarded_ekf,True,9.0,2,2,0,1.0,0.34238022750665303,1.0,2,1.0,0.34238022750665303,1.0,{},0.9065013900614076,1.1736768461628158,0.12434579301711997,0.1543212828677853,2,2,1.0,0.34238022750665303,1.0,1.0,0.34238022750665303,1.0,2,linear,whole_base_sequence,8.425447048407907,8.81084397024833,6,3,0,2.514557675279518,4.442865437165424,1.0,2,True,0.003435699996771291,0.0012572000123327598,0.0,0.0003279146065670915,860.240476630953,913.6910002654693,8.835771165437594,True,True,True,45.0,45,45,37.0,35,39,8.0,6,10,26.5,24,29,26.5,24,29,6.0,6,6,20.5,18,23,0.0,0,0,0.0,0,0,0.0,0,0
informative,dropout_20,retarded_ekf,True,9.5,2,2,0,1.0,0.34238022750665303,1.0,2,1.0,0.34238022750665303,1.0,{},0.9110617928463082,1.1732025197071738,0.12768758973566025,0.15928976388281613,2,2,1.0,0.34238022750665303,1.0,1.0,0.34238022750665303,1.0,2,linear,whole_base_sequence,8.179114037945595,8.342811250370145,6,2,0,5.705710048128623,6.686518336560743,0.5,2,True,0.0021614500001305714,0.0008142000006046146,0.0,0.0002804986928606639,1038.4660900452811,1093.8498351174517,9.312732259279388,True,True,True,45.0,45,45,37.0,35,39,8.0,6,10,27.5,26,29,27.5,26,29,6.0,6,6,21.5,20,23,0.0,0,0,0.0,0,0,0.0,0,0
informative,dropout_50,causal_prefix_batch,True,0.0,2,0,2,0.0,0.0,0.6576197724933469,0,0.0,0.0,0.6576197724933469,"{""insufficient_measurements"": 2}",nan,nan,nan,nan,0,2,nan,nan,nan,0.0,0.0,0.6576197724933469,0,linear,whole_base_sequence,nan,nan,6,0,0,nan,nan,nan,2,True,4.370001261122525e-05,0.0,nan,nan,nan,nan,nan,True,True,True,45.0,45,45,24.5,24,25,20.5,20,21,0.0,0,0,0.0,0,0,0.0,0,0,0.0,0,0,0.0,0,0,0.0,0,0,0.0,0,0
informative,dropout_50,causal_prefix_batch,True,0.5,2,0,2,0.0,0.0,0.6576197724933469,0,0.0,0.0,0.6576197724933469,"{""insufficient_measurements"": 2}",nan,nan,nan,nan,0,2,nan,nan,nan,0.0,0.0,0.6576197724933469,0,linear,whole_base_sequence,nan,nan,6,0,0,nan,nan,nan,2,True,3.740002284757793e-05,0.0,nan,nan,nan,nan,nan,True,True,True,45.0,45,45,24.5,24,25,20.5,20,21,0.0,0,0,0.0,0,0,0.0,0,0,0.0,0,0,0.0,0,0,0.0,0,0,0.0,0,0
informative,dropout_50,causal_prefix_batch,True,1.0,2,0,2,0.0,0.0,0.6576197724933469,0,0.0,0.0,0.6576197724933469,"{""insufficient_measurements"": 2}",nan,nan,nan,nan,0,2,nan,nan,nan,0.0,0.0,0.6576197724933469,0,linear,whole_base_sequence,nan,nan,6,0,0,nan,nan,nan,2,True,3.460000152699649e-05,0.0,nan,nan,nan,nan,0.9368964933431918,True,True,True,45.0,45,45,24.5,24,25,20.5,20,21,1.5,1,2,1.5,1,2,0.0,0,0,0.0,0,0,0.0,0,0,0.0,0,0,0.0,0,0
informative,dropout_50,causal_prefix_batch,True,1.5,2,0,2,0.0,0.0,0.6576197724933469,0,0.0,0.0,0.6576197724933469,"{""insufficient_measurements"": 2}",nan,nan,nan,nan,0,2,nan,nan,nan,0.0,0.0,0.6576197724933469,0,linear,whole_base_sequence,nan,nan,6,0,0,nan,nan,nan,2,True,4.255000385455787e-05,0.0,nan,nan,nan,nan,1.2000124660892886,True,True,True,45.0,45,45,24.5,24,25,20.5,20,21,2.0,2,2,2.0,2,2,0.0,0,0,0.0,0,0,0.0,0,0,0.0,0,0,0.0,0,0
informative,dropout_50,causal_prefix_batch,True,10.0,2,2,0,1.0,0.34238022750665303,1.0,2,1.0,0.34238022750665303,1.0,{},0.9241474073099584,1.2344616154689179,0.12248858950703827,0.16359233834467513,2,2,1.0,0.34238022750665303,1.0,1.0,0.34238022750665303,1.0,2,linear,whole_base_sequence,4.743372331477832,5.342293696462374,6,0,0,nan,nan,nan,2,True,0.1493647500028601,0.0,0.0,0.00037058387354835557,1366.336344428979,1600.4049419032442,9.636204342485783,True,True,True,45.0,45,45,24.5,24,25,20.5,20,21,19.0,18,20,19.0,18,20,0.0,0,0,0.0,0,0,0.0,0,0,0.0,0,0,0.0,0,0
informative,dropout_50,causal_prefix_batch,True,10.5,2,2,0,1.0,0.34238022750665303,1.0,2,1.0,0.34238022750665303,1.0,{},0.9714279967444274,1.3068101808138624,0.123394889271749,0.16392771575353784,2,2,1.0,0.34238022750665303,1.0,1.0,0.34238022750665303,1.0,2,linear,whole_base_sequence,4.544428589277699,5.322399474867179,6,0,0,nan,nan,nan,2,True,0.14203730000008363,0.0,0.0,0.00032659145990452586,1655.6675640419926,1835.8876583136055,10.35578364598909,True,True,True,45.0,45,45,24.5,24,25,20.5,20,21,19.5,19,20,19.5,19,20,0.0,0,0,0.0,0,0,0.0,0,0,0.0,0,0,0.0,0,0
informative,dropout_50,causal_prefix_batch,True,11.0,2,2,0,1.0,0.34238022750665303,1.0,2,1.0,0.34238022750665303,1.0,{},1.0299075095669603,1.3855931239428545,0.1233948867478134,0.1639277125557933,2,2,1.0,0.34238022750665303,1.0,1.0,0.34238022750665303,1.0,2,linear,whole_base_sequence,4.544428488579218,5.32239931217602,6,0,0,nan,nan,nan,2,True,0.12248529998760205,0.0,0.0,0.0002879688862131392,2114.32143016937,2332.859866516981,10.35578364598909,True,True,True,45.0,45,45,24.5,24,25,20.5,20,21,19.5,19,20,19.5,19,20,0.0,0,0,0.0,0,0,0.0,0,0,0.0,0,0,0.0,0,0
informative,dropout_50,causal_prefix_batch,True,11.5,2,2,0,1.0,0.34238022750665303,1.0,2,1.0,0.34238022750665303,1.0,{},0.8705912773663522,1.155400013281286,0.1011570509729649,0.13301539631563522,2,2,1.0,0.34238022750665303,1.0,1.0,0.34238022750665303,1.0,2,linear,whole_base_sequence,4.343554249846303,4.350058835725179,6,0,0,nan,nan,nan,2,True,0.16363989999808837,0.0,0.0,0.0002552893242396921,2335.305986508232,2596.6262004098608,11.362322374391251,True,True,True,45.0,45,45,24.5,24,25,20.5,20,21,21.0,21,21,21.0,21,21,0.0,0,0,0.0,0,0,0.0,0,0,0.0,0,0,0.0,0,0
informative,dropout_50,causal_prefix_batch,True,12.0,2,2,0,1.0,0.34238022750665303,1.0,2,1.0,0.34238022750665303,1.0,{},0.914769274162083,1.2147468422352907,0.10006377279985838,0.1322070760490038,2,2,1.0,0.34238022750665303,1.0,1.0,0.34238022750665303,1.0,2,linear,whole_base_sequence,4.5721842799985,4.760238780337207,6,0,0,nan,nan,nan,2,True,0.19501654998748563,0.0,0.0,0.00022758068933702872,2328.5339149641827,2481.641527576645,11.814128495323992,True,True,True,45.0,45,45,24.5,24,25,20.5,20,21,22.5,22,23,22.5,22,23,0.0,0,0,0.0,0,0,0.0,0,0,0.0,0,0,0.0,0,0
informative,dropout_50,causal_prefix_batch,True,12.5,2,2,0,1.0,0.34238022750665303,1.0,2,1.0,0.34238022750665303,1.0,{},1.0140664817965543,1.342782308404111,0.10943281481623039,0.14220467890502062,2,2,1.0,0.34238022750665303,1.0,1.0,0.34238022750665303,1.0,2,linear,whole_base_sequence,5.254647506435402,5.890496994827565,6,0,0,nan,nan,nan,2,True,0.15309720000368543,0.0,0.0,0.00020395877922995892,2609.2091710083137,3013.5080003007406,12.31286511220431,True,True,True,45.0,45,45,24.5,24,25,20.5,20,21,24.0,23,25,24.0,23,25,0.0,0,0,0.0,0,0,0.0,0,0,0.0,0,0,0.0,0,0
informative,dropout_50,causal_prefix_batch,True,14.5,2,2,0,1.0,0.34238022750665303,1.0,2,1.0,0.34238022750665303,1.0,{},1.2227704054621595,1.6192903442473825,0.1101460404048448,0.14236299427355395,2,2,1.0,0.34238022750665303,1.0,1.0,0.34238022750665303,1.0,2,linear,whole_base_sequence,5.278339570605475,5.892866180986195,6,0,0,nan,nan,nan,2,True,0.20951610000338405,0.0,0.0,0.00013752833932000562,4981.439453743037,5148.285690634253,12.514118335958992,True,True,True,45.0,45,45,24.5,24,25,20.5,20,21,24.5,24,25,24.5,24,25,0.0,0,0,0.0,0,0,0.0,0,0,0.0,0,0,0.0,0,0
informative,dropout_50,causal_prefix_batch,True,2.0,2,0,2,0.0,0.0,0.6576197724933469,0,0.0,0.0,0.6576197724933469,"{""insufficient_measurements"": 2}",nan,nan,nan,nan,0,2,nan,nan,nan,0.0,0.0,0.6576197724933469,0,linear,whole_base_sequence,nan,nan,6,0,0,nan,nan,nan,2,True,3.169999399688095e-05,0.0,nan,nan,nan,nan,1.2000124660892886,True,True,True,45.0,45,45,24.5,24,25,20.5,20,21,2.0,2,2,2.0,2,2,0.0,0,0,0.0,0,0,0.0,0,0,0.0,0,0,0.0,0,0
informative,dropout_50,causal_prefix_batch,True,2.5,2,1,1,0.5,0.09453120573423074,0.9054687942657693,1,0.5,0.09453120573423074,0.9054687942657693,"{""insufficient_local_observability"": 1}",1.9963641484663843,1.9963641484663843,1.214835062876879,1.214835062876879,1,2,1.0,0.20654931437723745,1.0,0.5,0.09453120573423074,0.9054687942657693,1,linear,whole_base_sequence,3.4042758501962855,3.4042758501962855,6,0,0,nan,nan,nan,2,True,0.12479235000500921,0.0,0.0,0.016117611633897723,248.07106224437715,248.07106224437715,2.479060706877549,True,True,True,45.0,45,45,24.5,24,25,20.5,20,21,3.5,3,4,3.5,3,4,0.0,0,0,0.0,0,0,0.0,0,0,0.0,0,0,0.0,0,0
informative,dropout_50,causal_prefix_batch,True,3.0,2,2,0,1.0,0.34238022750665303,1.0,2,1.0,0.34238022750665303,1.0,{},1.7048298925873153,2.047284820700786,0.9504245227099845,1.1907378050252373,2,2,1.0,0.34238022750665303,1.0,1.0,0.34238022750665303,1.0,2,linear,whole_base_sequence,5.19437296538576,8.371524321186563,6,0,0,nan,nan,nan,2,True,0.0396704500017222,0.0,0.0,0.010279155828149759,214.13917323978885,278.5330431995804,2.801421863407455,True,True,True,45.0,45,45,24.5,24,25,20.5,20,21,4.5,4,5,4.5,4,5,0.0,0,0,0.0,0,0,0.0,0,0,0.0,0,0,0.0,0,0
informative,dropout_50,causal_prefix_batch,True,3.5,2,2,0,1.0,0.34238022750665303,1.0,2,1.0,0.34238022750665303,1.0,{},0.72322857973863,0.8144147425725364,0.3981174367778032,0.43440415871280086,2,2,1.0,0.34238022750665303,1.0,1.0,0.34238022750665303,1.0,2,linear,whole_base_sequence,2.9174953543138358,3.757820847848234,6,0,0,nan,nan,nan,2,True,0.05731224999180995,0.0,0.0,0.006758017458455831,122.39656655246966,135.3566871521036,3.401151285240659,True,True,True,45.0,45,45,24.5,24,25,20.5,20,21,6.5,6,7,6.5,6,7,0.0,0,0,0.0,0,0,0.0,0,0,0.0,0,0,0.0,0,0
informative,dropout_50,causal_prefix_batch,True,4.0,2,2,0,1.0,0.34238022750665303,1.0,2,1.0,0.34238022750665303,1.0,{},0.913146559336598,1.019265248355434,0.39811743879221495,0.43440416153593225,2,2,1.0,0.34238022750665303,1.0,1.0,0.34238022750665303,1.0,2,linear,whole_base_sequence,2.917495362687125,3.757820880704359,6,0,0,nan,nan,nan,2,True,0.06106680000084452,0.0,0.0,0.004758486244471329,252.0407649878729,278.8342971804396,3.401151285240659,True,True,True,45.0,45,45,24.5,24,25,20.5,20,21,6.5,6,7,6.5,6,7,0.0,0,0,0.0,0,0,0.0,0,0,0.0,0,0,0.0,0,0
informative,dropout_50,causal_prefix_batch,True,4.5,2,2,0,1.0,0.34238022750665303,1.0,2,1.0,0.34238022750665303,1.0,{},1.2134561208161851,1.2612380589383752,0.379650869848826,0.4045563866325288,2,2,1.0,0.34238022750665303,1.0,1.0,0.34238022750665303,1.0,2,linear,whole_base_sequence,4.068028750427411,4.745221760049767,6,0,0,nan,nan,nan,2,True,0.07579445000737906,0.0,0.0,0.0033763851133306773,229.840961438772,252.21143896762038,4.367226688858158,True,True,True,45.0,45,45,24.5,24,25,20.5,20,21,8.0,8,8,8.0,8,8,0.0,0,0,0.0,0,0,0.0,0,0,0.0,0,0,0.0,0,0
informative,dropout_50,causal_prefix_batch,True,5.0,2,2,0,1.0,0.34238022750665303,1.0,2,1.0,0.34238022750665303,1.0,{},1.0232378903904376,1.288808301948424,0.2927766664172454,0.34325862883204766,2,2,1.0,0.34238022750665303,1.0,1.0,0.34238022750665303,1.0,2,linear,whole_base_sequence,3.4984531866507367,4.688264170933712,6,0,0,nan,nan,nan,2,True,0.07711174998257775,0.0,0.0,0.0024938146985886284,269.33023025859256,377.85016257239135,4.99270526792087,True,True,True,45.0,45,45,24.5,24,25,20.5,20,21,9.5,8,11,9.5,8,11,0.0,0,0,0.0,0,0,0.0,0,0,0.0,0,0,0.0,0,0
informative,dropout_50,causal_prefix_batch,True,5.5,2,2,0,1.0,0.34238022750665303,1.0,2,1.0,0.34238022750665303,1.0,{},1.0134882259282483,1.2300401316355327,0.2571330283086984,0.2848723934277456,2,2,1.0,0.34238022750665303,1.0,1.0,0.34238022750665303,1.0,2,linear,whole_base_sequence,4.0423682605021884,5.721702791316717,6,0,0,nan,nan,nan,2,True,0.07335464999778196,0.0,0.0,0.0018897310038335521,315.00489923373004,355.29850229768294,5.293557399773563,True,True,True,45.0,45,45,24.5,24,25,20.5,20,21,10.0,9,11,10.0,9,11,0.0,0,0,0.0,0,0,0.0,0,0,0.0,0,0,0.0,0,0
informative,dropout_50,causal_prefix_batch,True,6.0,2,2,0,1.0,0.34238022750665303,1.0,2,1.0,0.34238022750665303,1.0,{},0.8214373512757227,0.845907013860869,0.1920697879480338,0.2185179397815744,2,2,1.0,0.34238022750665303,1.0,1.0,0.34238022750665303,1.0,2,linear,whole_base_sequence,3.8985087085735053,5.448369642651978,6,0,0,nan,nan,nan,2,True,0.06580534999375232,0.0,0.0,0.001474385173507143,428.8796758186172,446.48215293806015,5.7369415687032195,True,True,True,45.0,45,45,24.5,24,25,20.5,20,21,10.5,10,11,10.5,10,11,0.0,0,0,0.0,0,0,0.0,0,0,0.0,0,0,0.0,0,0
informative,dropout_50,causal_prefix_batch,True,6.5,2,2,0,1.0,0.34238022750665303,1.0,2,1.0,0.34238022750665303,1.0,{},0.8894463889595583,1.0829592489070774,0.1951772766251255,0.25250764990277763,2,2,1.0,0.34238022750665303,1.0,1.0,0.34238022750665303,1.0,2,linear,whole_base_sequence,4.063573836856939,4.301244359003641,6,0,0,nan,nan,nan,2,True,0.08149070000217762,0.0,0.0,0.001178659328533233,492.2543471772285,504.1224650665233,6.480735441103977,True,True,True,45.0,45,45,24.5,24,25,20.5,20,21,11.5,11,12,11.5,11,12,0.0,0,0,0.0,0,0,0.0,0,0,0.0,0,0,0.0,0,0
informative,dropout_50,causal_prefix_batch,True,7.0,2,2,0,1.0,0.34238022750665303,1.0,2,1.0,0.34238022750665303,1.0,{},0.6339399033772278,0.6384395489520768,0.1016960693982736,0.11137030810926253,2,2,1.0,0.34238022750665303,1.0,1.0,0.34238022750665303,1.0,2,linear,whole_base_sequence,3.642362557178146,4.259123204477697,6,0,0,nan,nan,nan,2,True,0.08798539999406785,0.0,0.0,0.0009598904314219692,692.6495913822378,760.0356853383039,6.761034346412021,True,True,True,45.0,45,45,24.5,24,25,20.5,20,21,12.0,11,13,12.0,11,13,0.0,0,0,0.0,0,0,0.0,0,0,0.0,0,0,0.0,0,0
informative,dropout_50,causal_prefix_batch,True,7.5,2,2,0,1.0,0.34238022750665303,1.0,2,1.0,0.34238022750665303,1.0,{},0.36106181870623816,0.4267325411263022,0.07084171143893495,0.09362677590352345,2,2,1.0,0.34238022750665303,1.0,1.0,0.34238022750665303,1.0,2,linear,whole_base_sequence,2.8341810788163326,3.7760038886381277,6,0,0,nan,nan,nan,2,True,0.10193809999327641,0.0,0.0,0.0007956884988726734,778.7436188919987,915.3880144548767,7.351566982976934,True,True,True,45.0,45,45,24.5,24,25,20.5,20,21,13.5,12,15,13.5,12,15,0.0,0,0,0.0,0,0,0.0,0,0,0.0,0,0,0.0,0,0
informative,dropout_50,causal_prefix_batch,True,8.0,2,2,0,1.0,0.34238022750665303,1.0,2,1.0,0.34238022750665303,1.0,{},0.4984744424130488,0.5244036623508075,0.0851583656605018,0.0959813794555194,2,2,1.0,0.34238022750665303,1.0,1.0,0.34238022750665303,1.0,2,linear,whole_base_sequence,3.1777085131906544,3.8103566151108423,6,0,0,nan,nan,nan,2,True,0.11361305000900757,0.0,0.0,0.0006688276889299284,978.7755124920275,1296.5918309182873,7.61052593010461,True,True,True,45.0,45,45,24.5,24,25,20.5,20,21,14.0,12,16,14.0,12,16,0.0,0,0,0.0,0,0,0.0,0,0,0.0,0,0,0.0,0,0
informative,dropout_50,causal_prefix_batch,True,8.5,2,2,0,1.0,0.34238022750665303,1.0,2,1.0,0.34238022750665303,1.0,{},0.6496448269490293,0.6858349979413914,0.11881789972310665,0.13774568451485278,2,2,1.0,0.34238022750665303,1.0,1.0,0.34238022750665303,1.0,2,linear,whole_base_sequence,3.788329199255779,4.323362153607558,6,0,0,nan,nan,nan,2,True,0.13012380001600832,0.0,0.0,0.0005685960777690394,989.2255860086736,1275.093835878012,8.472755136575147,True,True,True,45.0,45,45,24.5,24,25,20.5,20,21,15.5,14,17,15.5,14,17,0.0,0,0,0.0,0,0,0.0,0,0,0.0,0,0,0.0,0,0
informative,dropout_50,causal_prefix_batch,True,9.0,2,2,0,1.0,0.34238022750665303,1.0,2,1.0,0.34238022750665303,1.0,{},0.8806517405093695,1.1798221152719304,0.13399761391421366,0.16640065141470511,2,2,1.0,0.34238022750665303,1.0,1.0,0.34238022750665303,1.0,2,linear,whole_base_sequence,5.172474964733434,6.463586813559697,6,0,0,nan,nan,nan,2,True,0.15953444999468047,0.0,0.0,0.0004887321796558184,945.8569006620128,1065.6367698938568,8.835771165437594,True,True,True,45.0,45,45,24.5,24,25,20.5,20,21,17.0,16,18,17.0,16,18,0.0,0,0,0.0,0,0,0.0,0,0,0.0,0,0,0.0,0,0
informative,dropout_50,causal_prefix_batch,True,9.5,2,2,0,1.0,0.34238022750665303,1.0,2,1.0,0.34238022750665303,1.0,{},0.8658765188329303,1.1554940414917017,0.1338621050820232,0.16619868854076705,2,2,1.0,0.34238022750665303,1.0,1.0,0.34238022750665303,1.0,2,linear,whole_base_sequence,4.57337346303831,5.325293962243373,6,0,0,nan,nan,nan,2,True,0.11938150001515169,0.0,0.0,0.0004241058363246479,1135.9514443654,1416.1909894785824,9.312732259279388,True,True,True,45.0,45,45,24.5,24,25,20.5,20,21,18.0,16,20,18.0,16,20,0.0,0,0,0.0,0,0,0.0,0,0,0.0,0,0,0.0,0,0
informative,dropout_50,initial_batch_no_updates,True,0.0,2,0,2,0.0,0.0,0.6576197724933469,0,0.0,0.0,0.6576197724933469,"{""not_initialized"": 2}",nan,nan,nan,nan,0,2,nan,nan,nan,0.0,0.0,0.6576197724933469,0,linear,whole_base_sequence,nan,nan,6,0,0,nan,nan,nan,2,True,2.0999868866056204e-06,0.0,nan,nan,nan,nan,nan,True,True,True,45.0,45,45,24.5,24,25,20.5,20,21,0.0,0,0,0.0,0,0,0.0,0,0,0.0,0,0,0.0,0,0,0.0,0,0,0.0,0,0
informative,dropout_50,initial_batch_no_updates,True,0.5,2,0,2,0.0,0.0,0.6576197724933469,0,0.0,0.0,0.6576197724933469,"{""not_initialized"": 2}",nan,nan,nan,nan,0,2,nan,nan,nan,0.0,0.0,0.6576197724933469,0,linear,whole_base_sequence,nan,nan,6,0,0,nan,nan,nan,2,True,1.6999983927235007e-06,0.0,nan,nan,nan,nan,nan,True,True,True,45.0,45,45,24.5,24,25,20.5,20,21,0.0,0,0,0.0,0,0,0.0,0,0,0.0,0,0,0.0,0,0,0.0,0,0,0.0,0,0
informative,dropout_50,initial_batch_no_updates,True,1.0,2,0,2,0.0,0.0,0.6576197724933469,0,0.0,0.0,0.6576197724933469,"{""not_initialized"": 2}",nan,nan,nan,nan,0,2,nan,nan,nan,0.0,0.0,0.6576197724933469,0,linear,whole_base_sequence,nan,nan,6,0,0,nan,nan,nan,2,True,1.700012944638729e-06,0.0,nan,nan,nan,nan,0.9368964933431918,True,True,True,45.0,45,45,24.5,24,25,20.5,20,21,1.5,1,2,0.0,0,0,0.0,0,0,0.0,0,0,0.0,0,0,0.0,0,0,1.5,1,2
informative,dropout_50,initial_batch_no_updates,True,1.5,2,0,2,0.0,0.0,0.6576197724933469,0,0.0,0.0,0.6576197724933469,"{""not_initialized"": 2}",nan,nan,nan,nan,0,2,nan,nan,nan,0.0,0.0,0.6576197724933469,0,linear,whole_base_sequence,nan,nan,6,0,0,nan,nan,nan,2,True,2.6000052457675338e-06,0.0,nan,nan,nan,nan,1.2000124660892886,True,True,True,45.0,45,45,24.5,24,25,20.5,20,21,2.0,2,2,0.0,0,0,0.0,0,0,0.0,0,0,0.0,0,0,0.0,0,0,2.0,2,2
informative,dropout_50,initial_batch_no_updates,True,10.0,2,2,0,1.0,0.34238022750665303,1.0,2,1.0,0.34238022750665303,1.0,{},3.6825931715749665,3.7294340708395897,0.4457953453333214,0.45208118634017536,2,2,1.0,0.34238022750665303,1.0,1.0,0.34238022750665303,1.0,2,linear,whole_base_sequence,2.896369502571027,3.755708352354247,6,0,0,nan,nan,nan,2,True,0.00011245001223869622,0.0,0.0,0.00045998010261881175,39156.83313739305,47870.82526859869,9.636204342485783,True,True,True,45.0,45,45,24.5,24,25,20.5,20,21,19.0,18,20,6.0,6,6,6.0,6,6,0.0,0,0,0.0,0,0,0.0,0,0,13.0,12,14
informative,dropout_50,initial_batch_no_updates,True,10.5,2,2,0,1.0,0.34238022750665303,1.0,2,1.0,0.34238022750665303,1.0,{},3.90497116817187,3.9551627217749155,0.4457953453333214,0.45208118634017536,2,2,1.0,0.34238022750665303,1.0,1.0,0.34238022750665303,1.0,2,linear,whole_base_sequence,2.8963695025710514,3.7557083523542154,6,0,0,nan,nan,nan,2,True,0.0001230000052601099,0.0,0.0,0.00040979358957406815,49167.83299835719,59986.6166369167,10.35578364598909,True,True,True,45.0,45,45,24.5,24,25,20.5,20,21,19.5,19,20,6.0,6,6,6.0,6,6,0.0,0,0,0.0,0,0,0.0,0,0,13.5,13,14
informative,dropout_50,initial_batch_no_updates,True,11.0,2,2,0,1.0,0.34238022750665303,1.0,2,1.0,0.34238022750665303,1.0,{},4.127405229213272,4.180925070793019,0.4457953453333214,0.45208118634017536,2,2,1.0,0.34238022750665303,1.0,1.0,0.34238022750665303,1.0,2,linear,whole_base_sequence,2.8963695025711416,3.7557083523543984,6,0,0,nan,nan,nan,2,True,0.00010824999480973929,0.0,0.0,0.0003673364862725593,61002.49917471345,74286.83914659881,10.35578364598909,True,True,True,45.0,45,45,24.5,24,25,20.5,20,21,19.5,19,20,6.0,6,6,6.0,6,6,0.0,0,0,0.0,0,0,0.0,0,0,13.5,13,14
informative,dropout_50,initial_batch_no_updates,True,11.5,2,2,0,1.0,0.34238022750665303,1.0,2,1.0,0.34238022750665303,1.0,{},4.349886754040965,4.406715940299112,0.4457953453333214,0.45208118634017536,2,2,1.0,0.34238022750665303,1.0,1.0,0.34238022750665303,1.0,2,linear,whole_base_sequence,2.896369502570926,3.7557083523539943,6,0,0,nan,nan,nan,2,True,8.594999962951988e-05,0.0,0.0,0.00033110947355158716,74871.67528404624,91021.4092034012,11.362322374391251,True,True,True,45.0,45,45,24.5,24,25,20.5,20,21,21.0,21,21,6.0,6,6,6.0,6,6,0.0,0,0,0.0,0,0,0.0,0,0,15.0,15,15
informative,dropout_50,initial_batch_no_updates,True,12.0,2,2,0,1.0,0.34238022750665303,1.0,2,1.0,0.34238022750665303,1.0,{},4.572408814266872,4.6325311611817295,0.4457953453333214,0.45208118634017536,2,2,1.0,0.34238022750665303,1.0,1.0,0.34238022750665303,1.0,2,linear,whole_base_sequence,2.8963695025709195,3.755708352354008,6,0,0,nan,nan,nan,2,True,0.00012100000458303839,0.0,0.0,0.0002999577604307043,90997.83178377943,110453.8787296359,11.814128495323992,True,True,True,45.0,45,45,24.5,24,25,20.5,20,21,22.5,22,23,6.0,6,6,6.0,6,6,0.0,0,0,0.0,0,0,0.0,0,0,16.5,16,17
informative,dropout_50,initial_batch_no_updates,True,12.5,2,2,0,1.0,0.34238022750665303,1.0,2,1.0,0.34238022750665303,1.0,{},4.794965766462795,4.858367338787919,0.4457953453333214,0.45208118634017536,2,2,1.0,0.34238022750665303,1.0,1.0,0.34238022750665303,1.0,2,linear,whole_base_sequence,2.8963695025709644,3.755708352354104,6,0,0,nan,nan,nan,2,True,0.0001399000029778108,0.0,0.0,0.00027298078906033327,109615.0659649931,132861.4351560057,12.31286511220431,True,True,True,45.0,45,45,24.5,24,25,20.5,20,21,24.0,23,25,6.0,6,6,6.0,6,6,0.0,0,0,0.0,0,0,0.0,0,0,18.0,17,19
informative,dropout_50,initial_batch_no_updates,True,14.5,2,2,0,1.0,0.34238022750665303,1.0,2,1.0,0.34238022750665303,1.0,{},5.685460535278867,5.761872339480887,0.4457953453333214,0.45208118634017536,2,2,1.0,0.34238022750665303,1.0,1.0,0.34238022750665303,1.0,2,linear,whole_base_sequence,2.8963695025709835,3.755708352354186,6,0,0,nan,nan,nan,2,True,0.00012390001211315393,0.0,0.0,0.00019458423226313074,214083.66423952556,258263.52095651088,12.514118335958992,True,True,True,45.0,45,45,24.5,24,25,20.5,20,21,24.5,24,25,6.0,6,6,6.0,6,6,0.0,0,0,0.0,0,0,0.0,0,0,18.5,18,19
informative,dropout_50,initial_batch_no_updates,True,2.0,2,0,2,0.0,0.0,0.6576197724933469,0,0.0,0.0,0.6576197724933469,"{""not_initialized"": 2}",nan,nan,nan,nan,0,2,nan,nan,nan,0.0,0.0,0.6576197724933469,0,linear,whole_base_sequence,nan,nan,6,0,0,nan,nan,nan,2,True,1.6499834600836039e-06,0.0,nan,nan,nan,nan,1.2000124660892886,True,True,True,45.0,45,45,24.5,24,25,20.5,20,21,2.0,2,2,0.0,0,0,0.0,0,0,0.0,0,0,0.0,0,0,0.0,0,0,2.0,2,2
informative,dropout_50,initial_batch_no_updates,True,2.5,2,0,2,0.0,0.0,0.6576197724933469,0,0.0,0.0,0.6576197724933469,"{""not_initialized"": 2}",nan,nan,nan,nan,0,2,nan,nan,nan,0.0,0.0,0.6576197724933469,0,linear,whole_base_sequence,nan,nan,6,0,0,nan,nan,nan,2,True,3.749999450519681e-06,0.0,nan,nan,nan,nan,2.479060706877549,True,True,True,45.0,45,45,24.5,24,25,20.5,20,21,3.5,3,4,0.0,0,0,0.0,0,0,0.0,0,0,0.0,0,0,0.0,0,0,3.5,3,4
informative,dropout_50,initial_batch_no_updates,True,3.0,2,0,2,0.0,0.0,0.6576197724933469,0,0.0,0.0,0.6576197724933469,"{""not_initialized"": 2}",nan,nan,nan,nan,0,2,nan,nan,nan,0.0,0.0,0.6576197724933469,0,linear,whole_base_sequence,nan,nan,6,0,0,nan,nan,nan,2,True,3.049994120374322e-06,0.0,nan,nan,nan,nan,2.801421863407455,True,True,True,45.0,45,45,24.5,24,25,20.5,20,21,4.5,4,5,0.0,0,0,0.0,0,0,0.0,0,0,0.0,0,0,0.0,0,0,4.5,4,5
informative,dropout_50,initial_batch_no_updates,True,3.5,2,2,0,1.0,0.34238022750665303,1.0,2,1.0,0.34238022750665303,1.0,{},0.8178451068080524,0.8247266521755608,0.4457953453333214,0.45208118634017536,2,2,1.0,0.34238022750665303,1.0,1.0,0.34238022750665303,1.0,2,linear,whole_base_sequence,2.896369502571144,3.755708352354368,6,0,0,nan,nan,nan,2,True,0.00012195001181680709,0.0,0.0,0.006873942275556067,194.41139988846152,253.466112636338,3.401151285240659,True,True,True,45.0,45,45,24.5,24,25,20.5,20,21,6.5,6,7,6.0,6,6,6.0,6,6,0.0,0,0,0.0,0,0,0.0,0,0,0.5,0,1
informative,dropout_50,initial_batch_no_updates,True,4.0,2,2,0,1.0,0.34238022750665303,1.0,2,1.0,0.34238022750665303,1.0,{},1.0317026176022632,1.0320211978010918,0.4457953453333214,0.45208118634017536,2,2,1.0,0.34238022750665303,1.0,1.0,0.34238022750665303,1.0,2,linear,whole_base_sequence,2.896369502571154,3.755708352354401,6,0,0,nan,nan,nan,2,True,0.00013469999248627573,0.0,0.0,0.004807657488894862,394.37396813176883,509.91363911616315,3.401151285240659,True,True,True,45.0,45,45,24.5,24,25,20.5,20,21,6.5,6,7,6.0,6,6,6.0,6,6,0.0,0,0,0.0,0,0,0.0,0,0,0.5,0,1
informative,dropout_50,initial_batch_no_updates,True,4.5,2,2,0,1.0,0.34238022750665303,1.0,2,1.0,0.34238022750665303,1.0,{},1.2487260342306008,1.2538488261953298,0.4457953453333214,0.45208118634017536,2,2,1.0,0.34238022750665303,1.0,1.0,0.34238022750665303,1.0,2,linear,whole_base_sequence,2.896369502571125,3.7557083523543118,6,0,0,nan,nan,nan,2,True,8.699999307282269e-05,0.0,0.0,0.003497401837165963,735.0243392391699,942.6776990867625,4.367226688858158,True,True,True,45.0,45,45,24.5,24,25,20.5,20,21,8.0,8,8,6.0,6,6,6.0,6,6,0.0,0,0,0.0,0,0,0.0,0,0,2.0,2,2
informative,dropout_50,initial_batch_no_updates,True,5.0,2,2,0,1.0,0.34238022750665303,1.0,2,1.0,0.34238022750665303,1.0,{},1.4675114551251789,1.477397585001408,0.4457953453333214,0.45208118634017536,2,2,1.0,0.34238022750665303,1.0,1.0,0.34238022750665303,1.0,2,linear,whole_base_sequence,2.8963695025711047,3.755708352354288,6,0,0,nan,nan,nan,2,True,0.00010399999155197293,0.0,0.0,0.0026373167523918964,1276.095245858412,1624.4396819436997,4.99270526792087,True,True,True,45.0,45,45,24.5,24,25,20.5,20,21,9.5,8,11,6.0,6,6,6.0,6,6,0.0,0,0,0.0,0,0,0.0,0,0,3.5,2,5
informative,dropout_50,initial_batch_no_updates,True,5.5,2,2,0,1.0,0.34238022750665303,1.0,2,1.0,0.34238022750665303,1.0,{},1.6873736332663205,1.7016039003640464,0.4457953453333214,0.45208118634017536,2,2,1.0,0.34238022750665303,1.0,1.0,0.34238022750665303,1.0,2,linear,whole_base_sequence,2.8963695025710976,3.7557083523542976,6,0,0,nan,nan,nan,2,True,0.00010219999239780009,0.0,0.0,0.0020494745251263178,2088.9207665105773,2641.497627130138,5.293557399773563,True,True,True,45.0,45,45,24.5,24,25,20.5,20,21,10.0,9,11,6.0,6,6,6.0,6,6,0.0,0,0,0.0,0,0,0.0,0,0,4.0,3,5
informative,dropout_50,initial_batch_no_updates,True,6.0,2,2,0,1.0,0.34238022750665303,1.0,2,1.0,0.34238022750665303,1.0,{},1.9079403634604442,1.926238526483029,0.4457953453333214,0.45208118634017536,2,2,1.0,0.34238022750665303,1.0,1.0,0.34238022750665303,1.0,2,linear,whole_base_sequence,2.896369502571086,3.7557083523542905,6,0,0,nan,nan,nan,2,True,9.705001139082015e-05,0.0,0.0,0.0016331727511027952,3256.4531030523567,4093.778932524282,5.7369415687032195,True,True,True,45.0,45,45,24.5,24,25,20.5,20,21,10.5,10,11,6.0,6,6,6.0,6,6,0.0,0,0,0.0,0,0,0.0,0,0,4.5,4,5
informative,dropout_50,initial_batch_no_updates,True,6.5,2,2,0,1.0,0.34238022750665303,1.0,2,1.0,0.34238022750665303,1.0,{},2.128992679123438,2.151167454849989,0.4457953453333214,0.45208118634017536,2,2,1.0,0.34238022750665303,1.0,1.0,0.34238022750665303,1.0,2,linear,whole_base_sequence,2.896369502571131,3.7557083523543415,6,0,0,nan,nan,nan,2,True,0.0001392499980283901,0.0,0.0,0.0013291447210043456,4873.268336447087,6094.844629736296,6.480735441103977,True,True,True,45.0,45,45,24.5,24,25,20.5,20,21,11.5,11,12,6.0,6,6,6.0,6,6,0.0,0,0,0.0,0,0,0.0,0,0,5.5,5,6
informative,dropout_50,initial_batch_no_updates,True,7.0,2,2,0,1.0,0.34238022750665303,1.0,2,1.0,0.34238022750665303,1.0,{},2.3503935776718863,2.376307200592629,0.4457953453333214,0.45208118634017536,2,2,1.0,0.34238022750665303,1.0,1.0,0.34238022750665303,1.0,2,linear,whole_base_sequence,2.896369502571123,3.75570835235434,6,0,0,nan,nan,nan,2,True,0.00011090001498814672,0.0,0.0,0.0011011453250598393,7045.568442703114,8771.890820151573,6.761034346412021,True,True,True,45.0,45,45,24.5,24,25,20.5,20,21,12.0,11,13,6.0,6,6,6.0,6,6,0.0,0,0,0.0,0,0,0.0,0,0,6.0,5,7
informative,dropout_50,initial_batch_no_updates,True,7.5,2,2,0,1.0,0.34238022750665303,1.0,2,1.0,0.34238022750665303,1.0,{},2.5720530432169775,2.601603079281105,0.4457953453333214,0.45208118634017536,2,2,1.0,0.34238022750665303,1.0,1.0,0.34238022750665303,1.0,2,linear,whole_base_sequence,2.896369502571153,3.7557083523543624,6,0,0,nan,nan,nan,2,True,8.425001578871161e-05,0.0,0.0,0.0009262035528674899,9891.182000894756,12265.749135640483,7.351566982976934,True,True,True,45.0,45,45,24.5,24,25,20.5,20,21,13.5,12,15,6.0,6,6,6.0,6,6,0.0,0,0,0.0,0,0,0.0,0,0,7.5,6,9
informative,dropout_50,initial_batch_no_updates,True,8.0,2,2,0,1.0,0.34238022750665303,1.0,2,1.0,0.34238022750665303,1.0,{},2.7939095349067107,2.8270177897449216,0.4457953453333214,0.45208118634017536,2,2,1.0,0.34238022750665303,1.0,1.0,0.34238022750665303,1.0,2,linear,whole_base_sequence,2.896369502571139,3.75570835235435,6,0,0,nan,nan,nan,2,True,0.00013470000703819096,0.0,0.0,0.0007892826242306843,13539.564431430374,16730.886861822324,7.61052593010461,True,True,True,45.0,45,45,24.5,24,25,20.5,20,21,14.0,12,16,6.0,6,6,6.0,6,6,0.0,0,0,0.0,0,0,0.0,0,0,8.0,6,10
informative,dropout_50,initial_batch_no_updates,True,8.5,2,2,0,1.0,0.34238022750665303,1.0,2,1.0,0.34238022750665303,1.0,{},3.0159195722571863,3.052525023040149,0.4457953453333214,0.45208118634017536,2,2,1.0,0.34238022750665303,1.0,1.0,0.34238022750665303,1.0,2,linear,whole_base_sequence,2.896369502571055,3.7557083523542087,6,0,0,nan,nan,nan,2,True,0.00013635001960210502,0.0,0.0,0.000680249934445743,18131.798063880604,22335.406947902204,8.472755136575147,True,True,True,45.0,45,45,24.5,24,25,20.5,20,21,15.5,14,17,6.0,6,6,6.0,6,6,0.0,0,0,0.0,0,0,0.0,0,0,9.5,8,11
informative,dropout_50,initial_batch_no_updates,True,9.0,2,2,0,1.0,0.34238022750665303,1.0,2,1.0,0.34238022750665303,1.0,{},3.238051572839097,3.2781056951490037,0.4457953453333214,0.45208118634017536,2,2,1.0,0.34238022750665303,1.0,1.0,0.34238022750665303,1.0,2,linear,whole_base_sequence,2.896369502570989,3.755708352354146,6,0,0,nan,nan,nan,2,True,0.00014210000517778099,0.0,0.0,0.0005920984911293801,23820.59214422268,29261.047982445885,8.835771165437594,True,True,True,45.0,45,45,24.5,24,25,20.5,20,21,17.0,16,18,6.0,6,6,6.0,6,6,0.0,0,0,0.0,0,0,0.0,0,0,11.0,10,12
informative,dropout_50,initial_batch_no_updates,True,9.5,2,2,0,1.0,0.34238022750665303,1.0,2,1.0,0.34238022750665303,1.0,{},3.4602820485284056,3.503745628326035,0.4457953453333214,0.45208118634017536,2,2,1.0,0.34238022750665303,1.0,1.0,0.34238022750665303,1.0,2,linear,whole_base_sequence,2.896369502571048,3.755708352354271,6,0,0,nan,nan,nan,2,True,0.0001421999913873151,0.0,0.0,0.0005198694433657741,30770.282822747424,37703.18416303885,9.312732259279388,True,True,True,45.0,45,45,24.5,24,25,20.5,20,21,18.0,16,20,6.0,6,6,6.0,6,6,0.0,0,0,0.0,0,0,0.0,0,0,12.0,10,14
informative,dropout_50,offline_full_record_noncausal,False,14.5,2,2,0,1.0,0.34238022750665303,1.0,2,1.0,0.34238022750665303,1.0,{},1.2227704054621595,1.6192903442473825,0.1101460404048448,0.14236299427355395,2,2,1.0,0.34238022750665303,1.0,1.0,0.34238022750665303,1.0,2,linear,whole_base_sequence,5.278339570605475,5.892866180986195,6,0,0,nan,nan,nan,2,True,0.19417624999186955,0.0,0.0,0.00013752833932000562,4981.439453743037,5148.285690634253,12.514118335958992,True,True,True,45.0,45,45,24.5,24,25,20.5,20,21,24.5,24,25,24.5,24,25,0.0,0,0,0.0,0,0,0.0,0,0,0.0,0,0,0.0,0,0
informative,dropout_50,retarded_ekf,True,0.0,2,0,2,0.0,0.0,0.6576197724933469,0,0.0,0.0,0.6576197724933469,"{""not_initialized"": 2}",nan,nan,nan,nan,0,2,nan,nan,nan,0.0,0.0,0.6576197724933469,0,linear,whole_base_sequence,nan,nan,6,0,0,nan,nan,nan,2,True,2.365000545978546e-05,0.0,nan,nan,nan,nan,nan,True,True,True,45.0,45,45,24.5,24,25,20.5,20,21,0.0,0,0,0.0,0,0,0.0,0,0,0.0,0,0,0.0,0,0,0.0,0,0,0.0,0,0
informative,dropout_50,retarded_ekf,True,0.5,2,0,2,0.0,0.0,0.6576197724933469,0,0.0,0.0,0.6576197724933469,"{""not_initialized"": 2}",nan,nan,nan,nan,0,2,nan,nan,nan,0.0,0.0,0.6576197724933469,0,linear,whole_base_sequence,nan,nan,6,0,0,nan,nan,nan,2,True,1.1399999493733048e-05,0.0,nan,nan,nan,nan,nan,True,True,True,45.0,45,45,24.5,24,25,20.5,20,21,0.0,0,0,0.0,0,0,0.0,0,0,0.0,0,0,0.0,0,0,0.0,0,0,0.0,0,0
informative,dropout_50,retarded_ekf,True,1.0,2,0,2,0.0,0.0,0.6576197724933469,0,0.0,0.0,0.6576197724933469,"{""not_initialized"": 2}",nan,nan,nan,nan,0,2,nan,nan,nan,0.0,0.0,0.6576197724933469,0,linear,whole_base_sequence,nan,nan,6,0,0,nan,nan,nan,2,True,0.0001396000006934628,0.0,nan,nan,nan,nan,0.9368964933431918,True,True,True,45.0,45,45,24.5,24,25,20.5,20,21,1.5,1,2,0.0,0,0,0.0,0,0,0.0,0,0,0.0,0,0,0.0,0,0,1.5,1,2
informative,dropout_50,retarded_ekf,True,1.5,2,0,2,0.0,0.0,0.6576197724933469,0,0.0,0.0,0.6576197724933469,"{""not_initialized"": 2}",nan,nan,nan,nan,0,2,nan,nan,nan,0.0,0.0,0.6576197724933469,0,linear,whole_base_sequence,nan,nan,6,0,0,nan,nan,nan,2,True,6.250001024454832e-05,0.0,nan,nan,nan,nan,1.2000124660892886,True,True,True,45.0,45,45,24.5,24,25,20.5,20,21,2.0,2,2,0.0,0,0,0.0,0,0,0.0,0,0,0.0,0,0,0.0,0,0,2.0,2,2
informative,dropout_50,retarded_ekf,True,10.0,2,2,0,1.0,0.34238022750665303,1.0,2,1.0,0.34238022750665303,1.0,{},0.9333832236948688,1.2465670961799846,0.12330538590638748,0.16480499086325698,2,2,1.0,0.34238022750665303,1.0,1.0,0.34238022750665303,1.0,2,linear,whole_base_sequence,4.847797131495109,5.468226368660856,6,2,0,2.1115943622011226,2.926088229145376,1.0,2,True,0.0022221499966690317,0.0010740500001702458,0.0,0.00037093801068326923,1366.1943627745752,1598.2738676192937,9.636204342485783,True,True,True,45.0,45,45,24.5,24,25,20.5,20,21,19.0,18,20,19.0,18,20,6.0,6,6,13.0,12,14,0.0,0,0,0.0,0,0,0.0,0,0
informative,dropout_50,retarded_ekf,True,10.5,2,2,0,1.0,0.34238022750665303,1.0,2,1.0,0.34238022750665303,1.0,{},0.9810511122853266,1.3196635777709587,0.12424337316972425,0.16516156975616209,2,2,1.0,0.34238022750665303,1.0,1.0,0.34238022750665303,1.0,2,linear,whole_base_sequence,4.64878400111987,5.4483250556233696,6,1,0,2.2770688021586367,2.2770688021586367,1.0,2,True,0.0006303999980445951,0.0002351000002818182,0.0,0.0003250091470562294,1655.1927708720818,1831.8083643454395,10.35578364598909,True,True,True,45.0,45,45,24.5,24,25,20.5,20,21,19.5,19,20,19.5,19,20,6.0,6,6,13.5,13,14,0.0,0,0,0.0,0,0,0.0,0,0
informative,dropout_50,retarded_ekf,True,11.0,2,2,0,1.0,0.34238022750665303,1.0,2,1.0,0.34238022750665303,1.0,{},1.0399171870832546,1.3990315777791107,0.12424337316972425,0.16516156975616209,2,2,1.0,0.34238022750665303,1.0,1.0,0.34238022750665303,1.0,2,linear,whole_base_sequence,4.648784001119852,5.4483250556233935,6,0,0,nan,nan,nan,2,True,0.0001248500047950074,0.0,0.0,0.0002862772156505411,2113.949646004746,2327.246129334104,10.35578364598909,True,True,True,45.0,45,45,24.5,24,25,20.5,20,21,19.5,19,20,19.5,19,20,6.0,6,6,13.5,13,14,0.0,0,0,0.0,0,0,0.0,0,0
informative,dropout_50,retarded_ekf,True,11.5,2,2,0,1.0,0.34238022750665303,1.0,2,1.0,0.34238022750665303,1.0,{},0.8796637343798723,1.1670387362018642,0.10179733906259218,0.13398236852511558,2,2,1.0,0.34238022750665303,1.0,1.0,0.34238022750665303,1.0,2,linear,whole_base_sequence,4.429978627959623,4.434205766354569,6,3,0,1.268670019942498,2.0893413038506554,1.0,2,True,0.002230550002423115,0.0010052500147139654,0.0,0.00025378233627476897,2337.4488654094157,2592.5689506597037,11.362322374391251,True,True,True,45.0,45,45,24.5,24,25,20.5,20,21,21.0,21,21,21.0,21,21,6.0,6,6,15.0,15,15,0.0,0,0,0.0,0,0,0.0,0,0
informative,dropout_50,retarded_ekf,True,12.0,2,2,0,1.0,0.34238022750665303,1.0,2,1.0,0.34238022750665303,1.0,{},0.9224884016035827,1.224578637738229,0.1007290289283714,0.13316065032473895,2,2,1.0,0.34238022750665303,1.0,1.0,0.34238022750665303,1.0,2,linear,whole_base_sequence,4.658993436939537,4.855536808247059,6,3,0,0.029595610112409576,0.057976167203402804,1.0,2,True,0.001771300012478605,0.0007356000278377905,0.0,0.00022618446198973636,2323.5073421307693,2475.4074520144954,11.814128495323992,True,True,True,45.0,45,45,24.5,24,25,20.5,20,21,22.5,22,23,22.5,22,23,6.0,6,6,16.5,16,17,0.0,0,0,0.0,0,0,0.0,0,0
informative,dropout_50,retarded_ekf,True,12.5,2,2,0,1.0,0.34238022750665303,1.0,2,1.0,0.34238022750665303,1.0,{},1.0176531410925866,1.3472050026379285,0.10977067343333859,0.1427155814747836,2,2,1.0,0.34238022750665303,1.0,1.0,0.34238022750665303,1.0,2,linear,whole_base_sequence,5.347292428941419,5.997845513132808,6,3,0,1.66841997383744,3.434083877228545,1.0,2,True,0.002745100005995482,0.0010861500049941242,0.0,0.0002026137225207988,2602.4052719546657,3006.9922633697856,12.31286511220431,True,True,True,45.0,45,45,24.5,24,25,20.5,20,21,24.0,23,25,24.0,23,25,6.0,6,6,18.0,17,19,0.0,0,0,0.0,0,0,0.0,0,0
informative,dropout_50,retarded_ekf,True,14.5,2,2,0,1.0,0.34238022750665303,1.0,2,1.0,0.34238022750665303,1.0,{},1.2263204700186485,1.624362491901516,0.11047978353464954,0.14287388364743864,2,2,1.0,0.34238022750665303,1.0,1.0,0.34238022750665303,1.0,2,linear,whole_base_sequence,5.368401868219099,5.999956457060532,6,1,0,0.06950416383054338,0.06950416383054338,1.0,2,True,0.0011737500026356429,0.00041295000119134784,0.0,0.00013651972417774705,4970.950929076809,5137.821535485778,12.514118335958992,True,True,True,45.0,45,45,24.5,24,25,20.5,20,21,24.5,24,25,24.5,24,25,6.0,6,6,18.5,18,19,0.0,0,0,0.0,0,0,0.0,0,0
informative,dropout_50,retarded_ekf,True,2.0,2,0,2,0.0,0.0,0.6576197724933469,0,0.0,0.0,0.6576197724933469,"{""not_initialized"": 2}",nan,nan,nan,nan,0,2,nan,nan,nan,0.0,0.0,0.6576197724933469,0,linear,whole_base_sequence,nan,nan,6,0,0,nan,nan,nan,2,True,1.2799995602108538e-05,0.0,nan,nan,nan,nan,1.2000124660892886,True,True,True,45.0,45,45,24.5,24,25,20.5,20,21,2.0,2,2,0.0,0,0,0.0,0,0,0.0,0,0,0.0,0,0,0.0,0,0,2.0,2,2
informative,dropout_50,retarded_ekf,True,2.5,2,0,2,0.0,0.0,0.6576197724933469,0,0.0,0.0,0.6576197724933469,"{""not_initialized"": 2}",nan,nan,nan,nan,0,2,nan,nan,nan,0.0,0.0,0.6576197724933469,0,linear,whole_base_sequence,nan,nan,6,0,0,nan,nan,nan,2,True,0.0002447000006213784,0.0,nan,nan,nan,nan,2.479060706877549,True,True,True,45.0,45,45,24.5,24,25,20.5,20,21,3.5,3,4,0.0,0,0,0.0,0,0,0.0,0,0,0.0,0,0,0.0,0,0,3.5,3,4
informative,dropout_50,retarded_ekf,True,3.0,2,0,2,0.0,0.0,0.6576197724933469,0,0.0,0.0,0.6576197724933469,"{""not_initialized"": 2}",nan,nan,nan,nan,0,2,nan,nan,nan,0.0,0.0,0.6576197724933469,0,linear,whole_base_sequence,nan,nan,6,0,0,nan,nan,nan,2,True,0.00024824999854899943,0.0,nan,nan,nan,nan,2.801421863407455,True,True,True,45.0,45,45,24.5,24,25,20.5,20,21,4.5,4,5,0.0,0,0,0.0,0,0,0.0,0,0,0.0,0,0,0.0,0,0,4.5,4,5
informative,dropout_50,retarded_ekf,True,3.5,2,2,0,1.0,0.34238022750665303,1.0,2,1.0,0.34238022750665303,1.0,{},0.7240023395629157,0.814507326353155,0.39850947957768185,0.4344483550518083,2,2,1.0,0.34238022750665303,1.0,1.0,0.34238022750665303,1.0,2,linear,whole_base_sequence,2.9263116522940393,3.7587025673266576,6,1,0,0.29387345772949813,0.29387345772949813,1.0,2,True,0.06062904998543672,0.00040129999979399145,0.0,0.006763516273120187,122.35655075257168,135.356687140585,3.401151285240659,True,True,True,45.0,45,45,24.5,24,25,20.5,20,21,6.5,6,7,6.5,6,7,6.0,6,6,0.5,0,1,0.0,0,0,0.0,0,0,0.0,0,0
informative,dropout_50,retarded_ekf,True,4.0,2,2,0,1.0,0.34238022750665303,1.0,2,1.0,0.34238022750665303,1.0,{},0.9141200910109462,1.0193796714239942,0.39850947957768185,0.4344483550518083,2,2,1.0,0.34238022750665303,1.0,1.0,0.34238022750665303,1.0,2,linear,whole_base_sequence,2.9263116522940287,3.7587025673266887,6,0,0,nan,nan,nan,2,True,0.00015315000200644135,0.0,0.0,0.004761028485590898,252.00359705039492,278.83429714737446,3.401151285240659,True,True,True,45.0,45,45,24.5,24,25,20.5,20,21,6.5,6,7,6.5,6,7,6.0,6,6,0.5,0,1,0.0,0,0,0.0,0,0,0.0,0,0
informative,dropout_50,retarded_ekf,True,4.5,2,2,0,1.0,0.34238022750665303,1.0,2,1.0,0.34238022750665303,1.0,{},1.2197366478859537,1.2668196119094708,0.38191224794560175,0.406257069523221,2,2,1.0,0.34238022750665303,1.0,1.0,0.34238022750665303,1.0,2,linear,whole_base_sequence,4.108129628941439,4.790440127079004,6,3,0,1.454417618674981,2.517714413229227,1.0,2,True,0.0022004500060575083,0.0012916499836137518,0.0,0.0033712858549976472,228.98420365750633,250.07862567849799,4.367226688858158,True,True,True,45.0,45,45,24.5,24,25,20.5,20,21,8.0,8,8,8.0,8,8,6.0,6,6,2.0,2,2,0.0,0,0,0.0,0,0,0.0,0,0
informative,dropout_50,retarded_ekf,True,5.0,2,2,0,1.0,0.34238022750665303,1.0,2,1.0,0.34238022750665303,1.0,{},1.02864023083999,1.2969895359257644,0.29433359404806114,0.3460832512591927,2,2,1.0,0.34238022750665303,1.0,1.0,0.34238022750665303,1.0,2,linear,whole_base_sequence,3.5167716921482746,4.731304333399665,6,3,0,1.3470791341995085,1.828885286105409,1.0,2,True,0.0019447500089881942,0.0010695000091800466,0.0,0.002490487889153906,269.5181576236788,378.8185592845771,4.99270526792087,True,True,True,45.0,45,45,24.5,24,25,20.5,20,21,9.5,8,11,9.5,8,11,6.0,6,6,3.5,2,5,0.0,0,0,0.0,0,0,0.0,0,0
informative,dropout_50,retarded_ekf,True,5.5,2,2,0,1.0,0.34238022750665303,1.0,2,1.0,0.34238022750665303,1.0,{},1.016256934916784,1.2347877996198253,0.2577817420434195,0.28640455825840555,2,2,1.0,0.34238022750665303,1.0,1.0,0.34238022750665303,1.0,2,linear,whole_base_sequence,4.062582484840191,5.7683448395142864,6,1,0,0.2074438745846403,0.2074438745846403,1.0,2,True,0.000540749984793365,0.00027150000096298754,0.0,0.001887682648637665,315.0135247202986,356.1182509768619,5.293557399773563,True,True,True,45.0,45,45,24.5,24,25,20.5,20,21,10.0,9,11,10.0,9,11,6.0,6,6,4.0,3,5,0.0,0,0,0.0,0,0,0.0,0,0
informative,dropout_50,retarded_ekf,True,6.0,2,2,0,1.0,0.34238022750665303,1.0,2,1.0,0.34238022750665303,1.0,{},0.8225408160351066,0.8491558334422699,0.19202875497174834,0.21794953146773108,2,2,1.0,0.34238022750665303,1.0,1.0,0.34238022750665303,1.0,2,linear,whole_base_sequence,3.9274339332455623,5.511562591484557,6,1,0,2.397029756149635,2.397029756149635,1.0,2,True,0.0005120999994687736,0.00023735000286251307,0.0,0.0014730271594687,428.84011979215774,445.47086778412154,5.7369415687032195,True,True,True,45.0,45,45,24.5,24,25,20.5,20,21,10.5,10,11,10.5,10,11,6.0,6,6,4.5,4,5,0.0,0,0,0.0,0,0,0.0,0,0
informative,dropout_50,retarded_ekf,True,6.5,2,2,0,1.0,0.34238022750665303,1.0,2,1.0,0.34238022750665303,1.0,{},0.8893025961481739,1.081720211297405,0.19478751350114826,0.2521031758262749,2,2,1.0,0.34238022750665303,1.0,1.0,0.34238022750665303,1.0,2,linear,whole_base_sequence,4.100443753763663,4.373075937002114,6,2,0,1.7250461552321479,2.933979058210317,1.0,2,True,0.0011346000101184472,0.0005856500065419823,0.0,0.0011764404488731734,490.3095523829114,503.13999628475426,6.480735441103977,True,True,True,45.0,45,45,24.5,24,25,20.5,20,21,11.5,11,12,11.5,11,12,6.0,6,6,5.5,5,6,0.0,0,0,0.0,0,0,0.0,0,0
informative,dropout_50,retarded_ekf,True,7.0,2,2,0,1.0,0.34238022750665303,1.0,2,1.0,0.34238022750665303,1.0,{},0.6374786774134077,0.6433736546117979,0.10188673915517982,0.11207671432374916,2,2,1.0,0.34238022750665303,1.0,1.0,0.34238022750665303,1.0,2,linear,whole_base_sequence,3.6619586972187292,4.3292274313476975,6,1,0,3.938781313072247,3.938781313072247,1.0,2,True,0.0009568999957991764,0.00041665000026114285,0.0,0.0009584714385065833,692.7352250844929,758.2208623195802,6.761034346412021,True,True,True,45.0,45,45,24.5,24,25,20.5,20,21,12.0,11,13,12.0,11,13,6.0,6,6,6.0,5,7,0.0,0,0,0.0,0,0,0.0,0,0
informative,dropout_50,retarded_ekf,True,7.5,2,2,0,1.0,0.34238022750665303,1.0,2,1.0,0.34238022750665303,1.0,{},0.363887723167218,0.4273746552427259,0.07069068199662112,0.09320030019840969,2,2,1.0,0.34238022750665303,1.0,1.0,0.34238022750665303,1.0,2,linear,whole_base_sequence,2.880527361584691,3.8512343465047807,6,3,0,2.612850144182724,5.0477692258442355,1.0,2,True,0.0021791999897686765,0.0010774000111268833,0.0,0.0007941229606202814,781.5570968464856,913.520324723722,7.351566982976934,True,True,True,45.0,45,45,24.5,24,25,20.5,20,21,13.5,12,15,13.5,12,15,6.0,6,6,7.5,6,9,0.0,0,0,0.0,0,0,0.0,0,0
informative,dropout_50,retarded_ekf,True,8.0,2,2,0,1.0,0.34238022750665303,1.0,2,1.0,0.34238022750665303,1.0,{},0.5063064744087847,0.5386431125671827,0.0859638090404052,0.09562711005726865,2,2,1.0,0.34238022750665303,1.0,1.0,0.34238022750665303,1.0,2,linear,whole_base_sequence,3.240270932127756,3.8872087035590317,6,1,0,1.0905242633174261,1.0905242633174261,1.0,2,True,0.0005797000194434077,0.00024500000290572643,0.0,0.0006677559288356032,980.1349142687,1293.146245737042,7.61052593010461,True,True,True,45.0,45,45,24.5,24,25,20.5,20,21,14.0,12,16,14.0,12,16,6.0,6,6,8.0,6,10,0.0,0,0,0.0,0,0,0.0,0,0
informative,dropout_50,retarded_ekf,True,8.5,2,2,0,1.0,0.34238022750665303,1.0,2,1.0,0.34238022750665303,1.0,{},0.6569660004337563,0.6969644816076899,0.11994088621582392,0.1385715928855369,2,2,1.0,0.34238022750665303,1.0,1.0,0.34238022750665303,1.0,2,linear,whole_base_sequence,3.857073771627128,4.407142840117679,6,3,0,1.6586642984968307,3.5495191127505588,1.0,2,True,0.0017621000006329268,0.0008860000089043751,0.0,0.0005681368055505418,994.0771817759701,1278.4910398101322,8.472755136575147,True,True,True,45.0,45,45,24.5,24,25,20.5,20,21,15.5,14,17,15.5,14,17,6.0,6,6,9.5,8,11,0.0,0,0,0.0,0,0,0.0,0,0
informative,dropout_50,retarded_ekf,True,9.0,2,2,0,1.0,0.34238022750665303,1.0,2,1.0,0.34238022750665303,1.0,{},0.8865264051398773,1.1880992487384012,0.1346598647628771,0.1673909721283192,2,2,1.0,0.34238022750665303,1.0,1.0,0.34238022750665303,1.0,2,linear,whole_base_sequence,5.245012629276308,6.532732660791559,6,3,0,2.2110679877278945,4.384030808920234,1.0,2,True,0.002683049999177456,0.0012419499980751425,0.0,0.0004885790295470341,946.7672437975863,1064.6982722956513,8.835771165437594,True,True,True,45.0,45,45,24.5,24,25,20.5,20,21,17.0,16,18,17.0,16,18,6.0,6,6,11.0,10,12,0.0,0,0,0.0,0,0,0.0,0,0
informative,dropout_50,retarded_ekf,True,9.5,2,2,0,1.0,0.34238022750665303,1.0,2,1.0,0.34238022750665303,1.0,{},0.8736962263660265,1.166607120046681,0.13470264566465462,0.16745464957642361,2,2,1.0,0.34238022750665303,1.0,1.0,0.34238022750665303,1.0,2,linear,whole_base_sequence,4.6756877724135855,5.45101543275267,6,2,0,6.02894477951277,7.233417244258834,0.5,2,True,0.0019636500073829666,0.0008130499918479472,0.0,0.0004240763059854066,1135.5313380789376,1414.4136473276135,9.312732259279388,True,True,True,45.0,45,45,24.5,24,25,20.5,20,21,18.0,16,20,18.0,16,20,6.0,6,6,12.0,10,14,0.0,0,0,0.0,0,0,0.0,0,0
informative,long_delay,causal_prefix_batch,True,0.0,2,0,2,0.0,0.0,0.6576197724933469,0,0.0,0.0,0.6576197724933469,"{""insufficient_measurements"": 2}",nan,nan,nan,nan,0,2,nan,nan,nan,0.0,0.0,0.6576197724933469,0,linear,whole_base_sequence,nan,nan,6,0,0,nan,nan,nan,2,True,3.9349994040094316e-05,0.0,nan,nan,nan,nan,nan,True,True,True,45.0,45,45,45.0,45,45,0.0,0,0,0.0,0,0,0.0,0,0,0.0,0,0,0.0,0,0,0.0,0,0,0.0,0,0,0.0,0,0
informative,long_delay,causal_prefix_batch,True,0.5,2,0,2,0.0,0.0,0.6576197724933469,0,0.0,0.0,0.6576197724933469,"{""insufficient_measurements"": 2}",nan,nan,nan,nan,0,2,nan,nan,nan,0.0,0.0,0.6576197724933469,0,linear,whole_base_sequence,nan,nan,6,0,0,nan,nan,nan,2,True,2.915001823566854e-05,0.0,nan,nan,nan,nan,nan,True,True,True,45.0,45,45,45.0,45,45,0.0,0,0,0.0,0,0,0.0,0,0,0.0,0,0,0.0,0,0,0.0,0,0,0.0,0,0,0.0,0,0
informative,long_delay,causal_prefix_batch,True,1.0,2,0,2,0.0,0.0,0.6576197724933469,0,0.0,0.0,0.6576197724933469,"{""insufficient_measurements"": 2}",nan,nan,nan,nan,0,2,nan,nan,nan,0.0,0.0,0.6576197724933469,0,linear,whole_base_sequence,nan,nan,6,0,0,nan,nan,nan,2,True,2.8599999495781958e-05,0.0,nan,nan,nan,nan,0.9184064185530515,True,True,True,45.0,45,45,45.0,45,45,0.0,0,0,0.5,0,1,0.5,0,1,0.0,0,0,0.0,0,0,0.0,0,0,0.0,0,0,0.0,0,0
informative,long_delay,causal_prefix_batch,True,1.5,2,0,2,0.0,0.0,0.6576197724933469,0,0.0,0.0,0.6576197724933469,"{""insufficient_measurements"": 2}",nan,nan,nan,nan,0,2,nan,nan,nan,0.0,0.0,0.6576197724933469,0,linear,whole_base_sequence,nan,nan,6,0,0,nan,nan,nan,2,True,3.255000046920031e-05,0.0,nan,nan,nan,nan,1.0683280372006656,True,True,True,45.0,45,45,45.0,45,45,0.0,0,0,1.5,1,2,1.5,1,2,0.0,0,0,0.0,0,0,0.0,0,0,0.0,0,0,0.0,0,0
informative,long_delay,causal_prefix_batch,True,10.0,2,2,0,1.0,0.34238022750665303,1.0,2,1.0,0.34238022750665303,1.0,{},0.5812757001491204,0.6768247260892649,0.08354830809355926,0.09342348760702265,2,2,1.0,0.34238022750665303,1.0,1.0,0.34238022750665303,1.0,2,linear,whole_base_sequence,6.911235280332997,8.137629654582001,6,0,0,nan,nan,nan,2,True,0.2539249999972526,0.0,0.0,0.0002246720769798159,1384.996603339748,1391.0727535263195,9.929869857430996,True,True,True,45.0,45,45,45.0,45,45,0.0,0,0,32.5,32,33,32.5,32,33,0.0,0,0,0.0,0,0,0.0,0,0,0.0,0,0,0.0,0,0
informative,long_delay,causal_prefix_batch,True,10.5,2,2,0,1.0,0.34238022750665303,1.0,2,1.0,0.34238022750665303,1.0,{},0.4822267245251236,0.5292458961246017,0.06239281172790391,0.06627259971136236,2,2,1.0,0.34238022750665303,1.0,1.0,0.34238022750665303,1.0,2,linear,whole_base_sequence,6.319165853722787,8.343170990420205,6,0,0,nan,nan,nan,2,True,0.2504079500067746,0.0,0.0,0.00019585637196562302,1695.9400484519983,1726.894125075742,10.234484860086098,True,True,True,45.0,45,45,45.0,45,45,0.0,0,0,33.5,33,34,33.5,33,34,0.0,0,0,0.0,0,0,0.0,0,0,0.0,0,0,0.0,0,0
informative,long_delay,causal_prefix_batch,True,11.0,2,2,0,1.0,0.34238022750665303,1.0,2,1.0,0.34238022750665303,1.0,{},0.6810919880636168,0.8421343234439924,0.10117652512024014,0.11855366573087872,2,2,1.0,0.34238022750665303,1.0,1.0,0.34238022750665303,1.0,2,linear,whole_base_sequence,6.8211837597483465,6.921062467703282,6,0,0,nan,nan,nan,2,True,0.28028554999036714,0.0,0.0,0.0001715238642258838,1724.2009760893586,1755.5920757372603,10.920733453748388,True,True,True,45.0,45,45,45.0,45,45,0.0,0,0,36.0,36,36,36.0,36,36,0.0,0,0,0.0,0,0,0.0,0,0,0.0,0,0,0.0,0,0
informative,long_delay,causal_prefix_batch,True,11.5,2,2,0,1.0,0.34238022750665303,1.0,2,1.0,0.34238022750665303,1.0,{},0.5290822097904136,0.6911260668952598,0.07938527734653592,0.09872704048523222,2,2,1.0,0.34238022750665303,1.0,1.0,0.34238022750665303,1.0,2,linear,whole_base_sequence,5.684246008554176,6.040912112888804,6,0,0,nan,nan,nan,2,True,0.2458620499819517,0.0,0.0,0.00015128852950500204,1865.8882748341387,1898.55671027251,11.439137396739007,True,True,True,45.0,45,45,45.0,45,45,0.0,0,0,38.0,38,38,38.0,38,38,0.0,0,0,0.0,0,0,0.0,0,0,0.0,0,0,0.0,0,0
informative,long_delay,causal_prefix_batch,True,12.0,2,2,0,1.0,0.34238022750665303,1.0,2,1.0,0.34238022750665303,1.0,{},0.5445573392481587,0.70433990294084,0.07352086891520346,0.09625097107616855,2,2,1.0,0.34238022750665303,1.0,1.0,0.34238022750665303,1.0,2,linear,whole_base_sequence,5.840558603267883,6.389851101263651,6,0,0,nan,nan,nan,2,True,0.29937010000867303,0.0,0.0,0.00013437793293154273,2098.389529353419,2207.617968404345,11.950032074591272,True,True,True,45.0,45,45,45.0,45,45,0.0,0,0,40.5,40,41,40.5,40,41,0.0,0,0,0.0,0,0,0.0,0,0,0.0,0,0,0.0,0,0
informative,long_delay,causal_prefix_batch,True,12.5,2,2,0,1.0,0.34238022750665303,1.0,2,1.0,0.34238022750665303,1.0,{},0.6550551028195715,0.7636845475215671,0.07537381324419892,0.09666430579948862,2,2,1.0,0.34238022750665303,1.0,1.0,0.34238022750665303,1.0,2,linear,whole_base_sequence,6.508967724084162,6.56124343460235,6,0,0,nan,nan,nan,2,True,0.34751790000882465,0.0,0.0,0.00012006529203710612,2488.516705246344,2499.328069830188,12.053477671922272,True,True,True,45.0,45,45,45.0,45,45,0.0,0,0,41.0,41,41,41.0,41,41,0.0,0,0,0.0,0,0,0.0,0,0,0.0,0,0,0.0,0,0
informative,long_delay,causal_prefix_batch,True,14.5,2,2,0,1.0,0.34238022750665303,1.0,2,1.0,0.34238022750665303,1.0,{},0.7465477148938245,0.9242297438631053,0.07347383960302935,0.09404969338760485,2,2,1.0,0.34238022750665303,1.0,1.0,0.34238022750665303,1.0,2,linear,whole_base_sequence,6.348587668719421,6.646202738838213,6,0,0,nan,nan,nan,2,True,0.2950070499937283,0.0,0.0,8.001405676098759e-05,4317.9599865142145,4346.955946885434,14.071452411118036,True,True,True,45.0,45,45,45.0,45,45,0.0,0,0,45.0,45,45,45.0,45,45,0.0,0,0,0.0,0,0,0.0,0,0,0.0,0,0,0.0,0,0
informative,long_delay,causal_prefix_batch,True,2.0,2,0,2,0.0,0.0,0.6576197724933469,0,0.0,0.0,0.6576197724933469,"{""insufficient_measurements"": 2}",nan,nan,nan,nan,0,2,nan,nan,nan,0.0,0.0,0.6576197724933469,0,linear,whole_base_sequence,nan,nan,6,0,0,nan,nan,nan,2,True,3.920000744983554e-05,0.0,nan,nan,nan,nan,1.6185951750071994,True,True,True,45.0,45,45,45.0,45,45,0.0,0,0,2.0,2,2,2.0,2,2,0.0,0,0,0.0,0,0,0.0,0,0,0.0,0,0,0.0,0,0
informative,long_delay,causal_prefix_batch,True,2.5,2,2,0,1.0,0.34238022750665303,1.0,2,1.0,0.34238022750665303,1.0,{},4.839906739798385,6.4555992523643,2.6281837078886334,3.473228645172237,2,2,1.0,0.34238022750665303,1.0,1.0,0.34238022750665303,1.0,2,linear,whole_base_sequence,4.033332692545616,5.254426838451763,6,0,0,nan,nan,nan,2,True,0.05035184998996556,0.0,0.0,0.016199418671949895,7097.026075009304,13822.114158709544,2.402658202035398,True,True,True,45.0,45,45,45.0,45,45,0.0,0,0,4.5,4,5,4.5,4,5,0.0,0,0,0.0,0,0,0.0,0,0,0.0,0,0,0.0,0,0
informative,long_delay,causal_prefix_batch,True,3.0,2,2,0,1.0,0.34238022750665303,1.0,2,1.0,0.34238022750665303,1.0,{},2.2938422528786777,2.955048083479844,1.0574468810680986,1.3304504107144,2,2,1.0,0.34238022750665303,1.0,1.0,0.34238022750665303,1.0,2,linear,whole_base_sequence,4.859976069090875,5.113632687788676,6,0,0,nan,nan,nan,2,True,0.05632955000328366,0.0,0.0,0.008254183956134347,571.868234569634,1052.8459028514121,2.869233918993059,True,True,True,45.0,45,45,45.0,45,45,0.0,0,0,6.5,6,7,6.5,6,7,0.0,0,0,0.0,0,0,0.0,0,0,0.0,0,0,0.0,0,0
informative,long_delay,causal_prefix_batch,True,3.5,2,2,0,1.0,0.34238022750665303,1.0,2,1.0,0.34238022750665303,1.0,{},1.8439602717227763,2.195877532569249,0.73366329691904,0.846085314877621,2,2,1.0,0.34238022750665303,1.0,1.0,0.34238022750665303,1.0,2,linear,whole_base_sequence,4.433474603817372,4.566051224033854,6,0,0,nan,nan,nan,2,True,0.061631949996808544,0.0,0.0,0.0048126634941513735,608.5886808653418,956.7435190101045,3.411539462064961,True,True,True,45.0,45,45,45.0,45,45,0.0,0,0,8.0,7,9,8.0,7,9,0.0,0,0,0.0,0,0,0.0,0,0,0.0,0,0,0.0,0,0
informative,long_delay,causal_prefix_batch,True,4.0,2,2,0,1.0,0.34238022750665303,1.0,2,1.0,0.34238022750665303,1.0,{},0.6849637608482689,0.8283673647630589,0.16775698291760846,0.21336261315078575,2,2,1.0,0.34238022750665303,1.0,1.0,0.34238022750665303,1.0,2,linear,whole_base_sequence,3.0000640873966393,3.2217233509746768,6,0,0,nan,nan,nan,2,True,0.08987009999691509,0.0,0.0,0.0032545481359391526,315.3172466218027,333.5270608323395,3.924462215075208,True,True,True,45.0,45,45,45.0,45,45,0.0,0,0,10.5,10,11,10.5,10,11,0.0,0,0,0.0,0,0,0.0,0,0,0.0,0,0,0.0,0,0
informative,long_delay,causal_prefix_batch,True,4.5,2,2,0,1.0,0.34238022750665303,1.0,2,1.0,0.34238022750665303,1.0,{},0.6848528915758054,0.8137359627280154,0.22274955527151255,0.29151618857478756,2,2,1.0,0.34238022750665303,1.0,1.0,0.34238022750665303,1.0,2,linear,whole_base_sequence,3.380193273295557,3.9439687804827366,6,0,0,nan,nan,nan,2,True,0.06971864998922683,0.0,0.0,0.002323860034611603,463.71047936782134,549.352765503957,4.26915252075562,True,True,True,45.0,45,45,45.0,45,45,0.0,0,0,11.5,11,12,11.5,11,12,0.0,0,0,0.0,0,0,0.0,0,0,0.0,0,0,0.0,0,0
informative,long_delay,causal_prefix_batch,True,5.0,2,2,0,1.0,0.34238022750665303,1.0,2,1.0,0.34238022750665303,1.0,{},1.115744968817848,1.3827492952736762,0.29047753102342444,0.3861473667108761,2,2,1.0,0.34238022750665303,1.0,1.0,0.34238022750665303,1.0,2,linear,whole_base_sequence,5.134536364697292,6.24830967355187,6,0,0,nan,nan,nan,2,True,0.10481140000047162,0.0,0.0,0.0017047388010059997,550.1881185392344,594.8523331659778,4.9867559410100135,True,True,True,45.0,45,45,45.0,45,45,0.0,0,0,13.0,13,13,13.0,13,13,0.0,0,0,0.0,0,0,0.0,0,0,0.0,0,0,0.0,0,0
informative,long_delay,causal_prefix_batch,True,5.5,2,2,0,1.0,0.34238022750665303,1.0,2,1.0,0.34238022750665303,1.0,{},0.7899268443922018,0.8926998236473523,0.17391449995320296,0.22457929872774526,2,2,1.0,0.34238022750665303,1.0,1.0,0.34238022750665303,1.0,2,linear,whole_base_sequence,5.0667436902116165,5.516775923872128,6,0,0,nan,nan,nan,2,True,0.1181314499990549,0.0,0.0,0.0012744235403379862,424.88652006407636,471.9652124992759,5.358490514213985,True,True,True,45.0,45,45,45.0,45,45,0.0,0,0,16.0,15,17,16.0,15,17,0.0,0,0,0.0,0,0,0.0,0,0,0.0,0,0,0.0,0,0
informative,long_delay,causal_prefix_batch,True,6.0,2,2,0,1.0,0.34238022750665303,1.0,2,1.0,0.34238022750665303,1.0,{},1.0218553857092956,1.239353952785691,0.2303966052040673,0.3038087649177743,2,2,1.0,0.34238022750665303,1.0,1.0,0.34238022750665303,1.0,2,linear,whole_base_sequence,6.476909003218017,8.196090018583607,6,0,0,nan,nan,nan,2,True,0.12893600000825245,0.0,0.0,0.000996242677430125,502.97156972023663,610.339527308782,5.889471910152518,True,True,True,45.0,45,45,45.0,45,45,0.0,0,0,17.5,17,18,17.5,17,18,0.0,0,0,0.0,0,0,0.0,0,0,0.0,0,0,0.0,0,0
informative,long_delay,causal_prefix_batch,True,6.5,2,2,0,1.0,0.34238022750665303,1.0,2,1.0,0.34238022750665303,1.0,{},1.01742817618921,1.2358922856207837,0.21181691973848407,0.2784055525859352,2,2,1.0,0.34238022750665303,1.0,1.0,0.34238022750665303,1.0,2,linear,whole_base_sequence,6.524564494232063,7.3424144910695475,6,0,0,nan,nan,nan,2,True,0.17255490001116414,0.0,0.0,0.0007891546721435652,733.891203364212,897.5099175185609,6.067670559662038,True,True,True,45.0,45,45,45.0,45,45,0.0,0,0,18.5,18,19,18.5,18,19,0.0,0,0,0.0,0,0,0.0,0,0,0.0,0,0,0.0,0,0
informative,long_delay,causal_prefix_batch,True,7.0,2,2,0,1.0,0.34238022750665303,1.0,2,1.0,0.34238022750665303,1.0,{},1.2095699847799761,1.4653833114881736,0.22797695832884682,0.2964744836306617,2,2,1.0,0.34238022750665303,1.0,1.0,0.34238022750665303,1.0,2,linear,whole_base_sequence,9.440214100592108,9.608892420395295,6,0,0,nan,nan,nan,2,True,0.14868095000565518,0.0,0.0,0.0006307047767445154,621.9382952734862,714.9099006200148,6.996862735900991,True,True,True,45.0,45,45,45.0,45,45,0.0,0,0,21.0,20,22,21.0,20,22,0.0,0,0,0.0,0,0,0.0,0,0,0.0,0,0,0.0,0,0
informative,long_delay,causal_prefix_batch,True,7.5,2,2,0,1.0,0.34238022750665303,1.0,2,1.0,0.34238022750665303,1.0,{},0.8066923372183045,0.8642265404573845,0.12509831831635776,0.14431961851146485,2,2,1.0,0.34238022750665303,1.0,1.0,0.34238022750665303,1.0,2,linear,whole_base_sequence,7.326462966933569,9.397517300866062,6,0,0,nan,nan,nan,2,True,0.16472425000392832,0.0,0.0,0.0005186064459990515,818.1701597491531,859.7588719493884,7.4427746839043465,True,True,True,45.0,45,45,45.0,45,45,0.0,0,0,22.0,22,22,22.0,22,22,0.0,0,0,0.0,0,0,0.0,0,0,0.0,0,0,0.0,0,0
informative,long_delay,causal_prefix_batch,True,8.0,2,2,0,1.0,0.34238022750665303,1.0,2,1.0,0.34238022750665303,1.0,{},0.507506661314266,0.5544981621670524,0.09010701988337952,0.1086411636119037,2,2,1.0,0.34238022750665303,1.0,1.0,0.34238022750665303,1.0,2,linear,whole_base_sequence,5.848440193762591,7.3532735136441305,6,0,0,nan,nan,nan,2,True,0.200821749996976,0.0,0.0,0.00042614960087874955,714.1654615008932,780.1527819580506,7.986874546412868,True,True,True,45.0,45,45,45.0,45,45,0.0,0,0,26.0,25,27,26.0,25,27,0.0,0,0,0.0,0,0,0.0,0,0,0.0,0,0,0.0,0,0
informative,long_delay,causal_prefix_batch,True,8.5,2,2,0,1.0,0.34238022750665303,1.0,2,1.0,0.34238022750665303,1.0,{},0.3454195444577277,0.45125427483160585,0.047809068394674165,0.06063404488512582,2,2,1.0,0.34238022750665303,1.0,1.0,0.34238022750665303,1.0,2,linear,whole_base_sequence,5.543387104568725,7.3227682074403955,6,0,0,nan,nan,nan,2,True,0.1959826500096824,0.0,0.0,0.00035816323191129637,919.1366181565613,928.4704090730402,8.359428224843711,True,True,True,45.0,45,45,45.0,45,45,0.0,0,0,27.5,27,28,27.5,27,28,0.0,0,0,0.0,0,0,0.0,0,0,0.0,0,0,0.0,0,0
informative,long_delay,causal_prefix_batch,True,9.0,2,2,0,1.0,0.34238022750665303,1.0,2,1.0,0.34238022750665303,1.0,{},0.5365435329754192,0.5767247200846378,0.07905036190406518,0.09120340698173197,2,2,1.0,0.34238022750665303,1.0,1.0,0.34238022750665303,1.0,2,linear,whole_base_sequence,6.274997180959328,7.395929212363735,6,0,0,nan,nan,nan,2,True,0.252763500000583,0.0,0.0,0.0003044809587285784,1116.695147809637,1248.6578184301538,8.768650246117499,True,True,True,45.0,45,45,45.0,45,45,0.0,0,0,28.5,27,30,28.5,27,30,0.0,0,0,0.0,0,0,0.0,0,0,0.0,0,0,0.0,0,0
informative,long_delay,causal_prefix_batch,True,9.5,2,2,0,1.0,0.34238022750665303,1.0,2,1.0,0.34238022750665303,1.0,{},0.5990431647255821,0.6917277211224752,0.07932399904988685,0.10009856446374236,2,2,1.0,0.34238022750665303,1.0,1.0,0.34238022750665303,1.0,2,linear,whole_base_sequence,6.401050270940018,7.072765109986521,6,0,0,nan,nan,nan,2,True,0.25137585001357365,0.0,0.0,0.00026093326343550006,1218.5177389777773,1275.6202044715073,9.333750254095143,True,True,True,45.0,45,45,45.0,45,45,0.0,0,0,30.5,30,31,30.5,30,31,0.0,0,0,0.0,0,0,0.0,0,0,0.0,0,0,0.0,0,0
informative,long_delay,initial_batch_no_updates,True,0.0,2,0,2,0.0,0.0,0.6576197724933469,0,0.0,0.0,0.6576197724933469,"{""not_initialized"": 2}",nan,nan,nan,nan,0,2,nan,nan,nan,0.0,0.0,0.6576197724933469,0,linear,whole_base_sequence,nan,nan,6,0,0,nan,nan,nan,2,True,1.8999999156221747e-06,0.0,nan,nan,nan,nan,nan,True,True,True,45.0,45,45,45.0,45,45,0.0,0,0,0.0,0,0,0.0,0,0,0.0,0,0,0.0,0,0,0.0,0,0,0.0,0,0,0.0,0,0
informative,long_delay,initial_batch_no_updates,True,0.5,2,0,2,0.0,0.0,0.6576197724933469,0,0.0,0.0,0.6576197724933469,"{""not_initialized"": 2}",nan,nan,nan,nan,0,2,nan,nan,nan,0.0,0.0,0.6576197724933469,0,linear,whole_base_sequence,nan,nan,6,0,0,nan,nan,nan,2,True,1.7499987734481692e-06,0.0,nan,nan,nan,nan,nan,True,True,True,45.0,45,45,45.0,45,45,0.0,0,0,0.0,0,0,0.0,0,0,0.0,0,0,0.0,0,0,0.0,0,0,0.0,0,0,0.0,0,0
informative,long_delay,initial_batch_no_updates,True,1.0,2,0,2,0.0,0.0,0.6576197724933469,0,0.0,0.0,0.6576197724933469,"{""not_initialized"": 2}",nan,nan,nan,nan,0,2,nan,nan,nan,0.0,0.0,0.6576197724933469,0,linear,whole_base_sequence,nan,nan,6,0,0,nan,nan,nan,2,True,1.5500118024647236e-06,0.0,nan,nan,nan,nan,0.9184064185530515,True,True,True,45.0,45,45,45.0,45,45,0.0,0,0,0.5,0,1,0.0,0,0,0.0,0,0,0.0,0,0,0.0,0,0,0.0,0,0,0.5,0,1
informative,long_delay,initial_batch_no_updates,True,1.5,2,0,2,0.0,0.0,0.6576197724933469,0,0.0,0.0,0.6576197724933469,"{""not_initialized"": 2}",nan,nan,nan,nan,0,2,nan,nan,nan,0.0,0.0,0.6576197724933469,0,linear,whole_base_sequence,nan,nan,6,0,0,nan,nan,nan,2,True,1.6500125639140606e-06,0.0,nan,nan,nan,nan,1.0683280372006656,True,True,True,45.0,45,45,45.0,45,45,0.0,0,0,1.5,1,2,0.0,0,0,0.0,0,0,0.0,0,0,0.0,0,0,0.0,0,0,1.5,1,2
informative,long_delay,initial_batch_no_updates,True,10.0,2,2,0,1.0,0.34238022750665303,1.0,2,1.0,0.34238022750665303,1.0,{},9.88024305195047,12.286205685282315,1.0842180795652747,1.3348832688520447,2,2,1.0,0.34238022750665303,1.0,1.0,0.34238022750665303,1.0,2,linear,whole_base_sequence,4.630131098279215,4.676927240810633,6,0,0,nan,nan,nan,2,True,0.00011404999531805515,0.0,0.0,0.0004667648101284484,151671.60595931232,255197.42556684348,9.929869857430996,True,True,True,45.0,45,45,45.0,45,45,0.0,0,0,32.5,32,33,6.0,6,6,6.0,6,6,0.0,0,0,0.0,0,0,0.0,0,0,26.5,26,27
informative,long_delay,initial_batch_no_updates,True,10.5,2,2,0,1.0,0.34238022750665303,1.0,2,1.0,0.34238022750665303,1.0,{},10.421912803523671,12.95335767356762,1.0842180795652747,1.3348832688520447,2,2,1.0,0.34238022750665303,1.0,1.0,0.34238022750665303,1.0,2,linear,whole_base_sequence,4.63013109827914,4.67692724081058,6,0,0,nan,nan,nan,2,True,0.0001007999962894246,0.0,0.0,0.00041846725216375543,187691.6038653512,315676.8403484623,10.234484860086098,True,True,True,45.0,45,45,45.0,45,45,0.0,0,0,33.5,33,34,6.0,6,6,6.0,6,6,0.0,0,0,0.0,0,0,0.0,0,0,27.5,27,28
informative,long_delay,initial_batch_no_updates,True,11.0,2,2,0,1.0,0.34238022750665303,1.0,2,1.0,0.34238022750665303,1.0,{},10.96362597979854,13.620538107433026,1.0842180795652747,1.3348832688520447,2,2,1.0,0.34238022750665303,1.0,1.0,0.34238022750665303,1.0,2,linear,whole_base_sequence,4.630131098278955,4.676927240810439,6,0,0,nan,nan,nan,2,True,0.00011770000855904073,0.0,0.0,0.00037726166580920686,229809.21743440197,386371.73754871055,10.920733453748388,True,True,True,45.0,45,45,45.0,45,45,0.0,0,0,36.0,36,36,6.0,6,6,6.0,6,6,0.0,0,0,0.0,0,0,0.0,0,0,30.0,30,30
informative,long_delay,initial_batch_no_updates,True,11.5,2,2,0,1.0,0.34238022750665303,1.0,2,1.0,0.34238022750665303,1.0,{},11.505376447018357,14.287742992702338,1.0842180795652747,1.3348832688520447,2,2,1.0,0.34238022750665303,1.0,1.0,0.34238022750665303,1.0,2,linear,whole_base_sequence,4.630131098279138,4.676927240810507,6,0,0,nan,nan,nan,2,True,0.00014335000014398247,0.0,0.0,0.00034183036404181525,278679.8306562224,468377.5211717851,11.439137396739007,True,True,True,45.0,45,45,45.0,45,45,0.0,0,0,38.0,38,38,6.0,6,6,6.0,6,6,0.0,0,0,0.0,0,0,0.0,0,0,32.0,32,32
informative,long_delay,initial_batch_no_updates,True,12.0,2,2,0,1.0,0.34238022750665303,1.0,2,1.0,0.34238022750665303,1.0,{},12.047159174358244,14.95496904954362,1.0842180795652747,1.3348832688520447,2,2,1.0,0.34238022750665303,1.0,1.0,0.34238022750665303,1.0,2,linear,whole_base_sequence,4.630131098279265,4.676927240810518,6,0,0,nan,nan,nan,2,True,0.000142250006319955,0.0,0.0,0.00031114688131433617,334992.4378560687,562845.6327080153,11.950032074591272,True,True,True,45.0,45,45,45.0,45,45,0.0,0,0,40.5,40,41,6.0,6,6,6.0,6,6,0.0,0,0,0.0,0,0,0.0,0,0,34.5,34,35
informative,long_delay,initial_batch_no_updates,True,12.5,2,2,0,1.0,0.34238022750665303,1.0,2,1.0,0.34238022750665303,1.0,{},12.588969996749986,15.62221355960774,1.0842180795652747,1.3348832688520447,2,2,1.0,0.34238022750665303,1.0,1.0,0.34238022750665303,1.0,2,linear,whole_base_sequence,4.630131098278922,4.676927240810374,6,0,0,nan,nan,nan,2,True,0.0001430500124115497,0.0,0.0,0.00028440229568224616,399469.64373726596,670983.5512137731,12.053477671922272,True,True,True,45.0,45,45,45.0,45,45,0.0,0,0,41.0,41,41,6.0,6,6,6.0,6,6,0.0,0,0,0.0,0,0,0.0,0,0,35.0,35,35
informative,long_delay,initial_batch_no_updates,True,14.5,2,2,0,1.0,0.34238022750665303,1.0,2,1.0,0.34238022750665303,1.0,{},14.756432340723206,18.291335672029362,1.0842180795652747,1.3348832688520447,2,2,1.0,0.34238022750665303,1.0,1.0,0.34238022750665303,1.0,2,linear,whole_base_sequence,4.6301310982790636,4.6769272408106755,6,0,0,nan,nan,nan,2,True,0.00011799998173955828,0.0,0.0,0.00020565628540018653,754652.9119691158,1266344.191912503,14.071452411118036,True,True,True,45.0,45,45,45.0,45,45,0.0,0,0,45.0,45,45,6.0,6,6,6.0,6,6,0.0,0,0,0.0,0,0,0.0,0,0,39.0,39,39
informative,long_delay,initial_batch_no_updates,True,2.0,2,0,2,0.0,0.0,0.6576197724933469,0,0.0,0.0,0.6576197724933469,"{""not_initialized"": 2}",nan,nan,nan,nan,0,2,nan,nan,nan,0.0,0.0,0.6576197724933469,0,linear,whole_base_sequence,nan,nan,6,0,0,nan,nan,nan,2,True,1.6500125639140606e-06,0.0,nan,nan,nan,nan,1.6185951750071994,True,True,True,45.0,45,45,45.0,45,45,0.0,0,0,2.0,2,2,0.0,0,0,0.0,0,0,0.0,0,0,0.0,0,0,0.0,0,0,2.0,2,2
informative,long_delay,initial_batch_no_updates,True,2.5,2,0,2,0.0,0.0,0.6576197724933469,0,0.0,0.0,0.6576197724933469,"{""not_initialized"": 2}",nan,nan,nan,nan,0,2,nan,nan,nan,0.0,0.0,0.6576197724933469,0,linear,whole_base_sequence,nan,nan,6,0,0,nan,nan,nan,2,True,3.2999960239976645e-06,0.0,nan,nan,nan,nan,2.402658202035398,True,True,True,45.0,45,45,45.0,45,45,0.0,0,0,4.5,4,5,0.0,0,0,0.0,0,0,0.0,0,0,0.0,0,0,0.0,0,0,4.5,4,5
informative,long_delay,initial_batch_no_updates,True,3.0,2,2,0,1.0,0.34238022750665303,1.0,2,1.0,0.34238022750665303,1.0,{},2.3185286320591576,2.96001269490921,1.0842180795652747,1.3348832688520447,2,2,1.0,0.34238022750665303,1.0,1.0,0.34238022750665303,1.0,2,linear,whole_base_sequence,4.630131098279245,4.676927240810602,6,0,0,nan,nan,nan,2,True,8.529999468009919e-05,0.0,0.0,0.008254183956239745,618.1333233761125,1052.8459028434124,2.869233918993059,True,True,True,45.0,45,45,45.0,45,45,0.0,0,0,6.5,6,7,6.0,6,6,6.0,6,6,0.0,0,0,0.0,0,0,0.0,0,0,0.5,0,1
informative,long_delay,initial_batch_no_updates,True,3.5,2,2,0,1.0,0.34238022750665303,1.0,2,1.0,0.34238022750665303,1.0,{},2.8537583688741988,3.6230553008487396,1.0842180795652747,1.3348832688520447,2,2,1.0,0.34238022750665303,1.0,1.0,0.34238022750665303,1.0,2,linear,whole_base_sequence,4.630131098279216,4.6769272408105955,6,0,0,nan,nan,nan,2,True,0.00013029998808633536,0.0,0.0,0.005652244849326863,1265.272468968088,2152.3961207932743,3.411539462064961,True,True,True,45.0,45,45,45.0,45,45,0.0,0,0,8.0,7,9,6.0,6,6,6.0,6,6,0.0,0,0,0.0,0,0,0.0,0,0,2.0,1,3
informative,long_delay,initial_batch_no_updates,True,4.0,2,2,0,1.0,0.34238022750665303,1.0,2,1.0,0.34238022750665303,1.0,{},3.3911742892675196,4.28748047449319,1.0842180795652747,1.3348832688520447,2,2,1.0,0.34238022750665303,1.0,1.0,0.34238022750665303,1.0,2,linear,whole_base_sequence,4.630131098279307,4.67692724081063,6,0,0,nan,nan,nan,2,True,9.074999252334237e-05,0.0,0.0,0.00406378756408236,2363.6751061424015,4015.58160829321,3.924462215075208,True,True,True,45.0,45,45,45.0,45,45,0.0,0,0,10.5,10,11,6.0,6,6,6.0,6,6,0.0,0,0,0.0,0,0,0.0,0,0,4.5,4,5
informative,long_delay,initial_batch_no_updates,True,4.5,2,2,0,1.0,0.34238022750665303,1.0,2,1.0,0.34238022750665303,1.0,{},3.929879605596935,4.952724833873375,1.0842180795652747,1.3348832688520447,2,2,1.0,0.34238022750665303,1.0,1.0,0.34238022750665303,1.0,2,linear,whole_base_sequence,4.630131098279268,4.6769272408106035,6,0,0,nan,nan,nan,2,True,0.00011054999777115881,0.0,0.0,0.003041608999053535,4098.190000166637,6953.302124852508,4.26915252075562,True,True,True,45.0,45,45,45.0,45,45,0.0,0,0,11.5,11,12,6.0,6,6,6.0,6,6,0.0,0,0,0.0,0,0,0.0,0,0,5.5,5,6
informative,long_delay,initial_batch_no_updates,True,5.0,2,2,0,1.0,0.34238022750665303,1.0,2,1.0,0.34238022750665303,1.0,{},4.46940810296089,5.618494540403166,1.0842180795652747,1.3348832688520447,2,2,1.0,0.34238022750665303,1.0,1.0,0.34238022750665303,1.0,2,linear,whole_base_sequence,4.630131098279245,4.6769272408105875,6,0,0,nan,nan,nan,2,True,0.00012075000267941505,0.0,0.0,0.002352410383679856,6687.279929671954,11332.502786141065,4.9867559410100135,True,True,True,45.0,45,45,45.0,45,45,0.0,0,0,13.0,13,13,6.0,6,6,6.0,6,6,0.0,0,0,0.0,0,0,0.0,0,0,7.0,7,7
informative,long_delay,initial_batch_no_updates,True,5.5,2,2,0,1.0,0.34238022750665303,1.0,2,1.0,0.34238022750665303,1.0,{},5.009493815663048,6.284621294674371,1.0842180795652747,1.3348832688520447,2,2,1.0,0.34238022750665303,1.0,1.0,0.34238022750665303,1.0,2,linear,whole_base_sequence,4.630131098279396,4.676927240810696,6,0,0,nan,nan,nan,2,True,0.0001497999910498038,0.0,0.0,0.0018688495110843757,10383.016364927109,17576.16180889501,5.358490514213985,True,True,True,45.0,45,45,45.0,45,45,0.0,0,0,16.0,15,17,6.0,6,6,6.0,6,6,0.0,0,0,0.0,0,0,0.0,0,0,10.0,9,11
informative,long_delay,initial_batch_no_updates,True,6.0,2,2,0,1.0,0.34238022750665303,1.0,2,1.0,0.34238022750665303,1.0,{},5.549974072871714,6.951001754590752,1.0842180795652747,1.3348832688520447,2,2,1.0,0.34238022750665303,1.0,1.0,0.34238022750665303,1.0,2,linear,whole_base_sequence,4.630131098279268,4.676927240810664,6,0,0,nan,nan,nan,2,True,0.00017825000395532697,0.0,0.0,0.0015179639306256505,15471.078392614563,26163.288701461508,5.889471910152518,True,True,True,45.0,45,45,45.0,45,45,0.0,0,0,17.5,17,18,6.0,6,6,6.0,6,6,0.0,0,0,0.0,0,0,0.0,0,0,11.5,11,12
informative,long_delay,initial_batch_no_updates,True,6.5,2,2,0,1.0,0.34238022750665303,1.0,2,1.0,0.34238022750665303,1.0,{},6.090743842254271,7.617568951766948,1.0842180795652747,1.3348832688520447,2,2,1.0,0.34238022750665303,1.0,1.0,0.34238022750665303,1.0,2,linear,whole_base_sequence,4.630131098279325,4.676927240810656,6,0,0,nan,nan,nan,2,True,0.00011234999692533165,0.0,0.0,0.0012560017764291634,22270.7529747392,37628.92518360361,6.067670559662038,True,True,True,45.0,45,45,45.0,45,45,0.0,0,0,18.5,18,19,6.0,6,6,6.0,6,6,0.0,0,0,0.0,0,0,0.0,0,0,12.5,12,13
informative,long_delay,initial_batch_no_updates,True,7.0,2,2,0,1.0,0.34238022750665303,1.0,2,1.0,0.34238022750665303,1.0,{},6.631732301321914,8.284277581702892,1.0842180795652747,1.3348832688520447,2,2,1.0,0.34238022750665303,1.0,1.0,0.34238022750665303,1.0,2,linear,whole_base_sequence,4.630131098279234,4.676927240810608,6,0,0,nan,nan,nan,2,True,0.00011339999036863446,0.0,0.0,0.0010556336693022265,31134.935492053948,52564.14650619314,6.996862735900991,True,True,True,45.0,45,45,45.0,45,45,0.0,0,0,21.0,20,22,6.0,6,6,6.0,6,6,0.0,0,0,0.0,0,0,0.0,0,0,15.0,14,16
informative,long_delay,initial_batch_no_updates,True,7.5,2,2,0,1.0,0.34238022750665303,1.0,2,1.0,0.34238022750665303,1.0,{},7.172889968685056,8.95109589874608,1.0842180795652747,1.3348832688520447,2,2,1.0,0.34238022750665303,1.0,1.0,0.34238022750665303,1.0,2,linear,whole_base_sequence,4.630131098279215,4.676927240810567,6,0,0,nan,nan,nan,2,True,0.00013195000065024942,0.0,0.0,0.0008991619382565548,42450.13025182014,71616.06257653357,7.4427746839043465,True,True,True,45.0,45,45,45.0,45,45,0.0,0,0,22.0,22,22,6.0,6,6,6.0,6,6,0.0,0,0,0.0,0,0,0.0,0,0,16.0,16,16
informative,long_delay,initial_batch_no_updates,True,8.0,2,2,0,1.0,0.34238022750665303,1.0,2,1.0,0.34238022750665303,1.0,{},7.714181234023297,9.618000996665929,1.0842180795652747,1.3348832688520447,2,2,1.0,0.34238022750665303,1.0,1.0,0.34238022750665303,1.0,2,linear,whole_base_sequence,4.630131098279263,4.676927240810661,6,0,0,nan,nan,nan,2,True,0.00013150001177564263,0.0,0.0,0.0007747574233023687,56636.450888575666,95487.81880348352,7.986874546412868,True,True,True,45.0,45,45,45.0,45,45,0.0,0,0,26.0,25,27,6.0,6,6,6.0,6,6,0.0,0,0,0.0,0,0,0.0,0,0,20.0,19,21
informative,long_delay,initial_batch_no_updates,True,8.5,2,2,0,1.0,0.34238022750665303,1.0,2,1.0,0.34238022750665303,1.0,{},8.255579818636582,10.284975932221652,1.0842180795652747,1.3348832688520447,2,2,1.0,0.34238022750665303,1.0,1.0,0.34238022750665303,1.0,2,linear,whole_base_sequence,4.63013109827921,4.676927240810529,6,0,0,nan,nan,nan,2,True,0.00013744999887421727,0.0,0.0,0.0006742903024677758,74147.62066241674,124938.59670592482,8.359428224843711,True,True,True,45.0,45,45,45.0,45,45,0.0,0,0,27.5,27,28,6.0,6,6,6.0,6,6,0.0,0,0,0.0,0,0,0.0,0,0,21.5,21,22
informative,long_delay,initial_batch_no_updates,True,9.0,2,2,0,1.0,0.34238022750665303,1.0,2,1.0,0.34238022750665303,1.0,{},8.797065908269088,10.952007903341396,1.0842180795652747,1.3348832688520447,2,2,1.0,0.34238022750665303,1.0,1.0,0.34238022750665303,1.0,2,linear,whole_base_sequence,4.630131098279172,4.67692724081057,6,0,0,nan,nan,nan,2,True,0.00013190001482143998,0.0,0.0,0.0005920343257713482,95470.97267683619,160783.61434624495,8.768650246117499,True,True,True,45.0,45,45,45.0,45,45,0.0,0,0,28.5,27,30,6.0,6,6,6.0,6,6,0.0,0,0,0.0,0,0,0.0,0,0,22.5,21,24
informative,long_delay,initial_batch_no_updates,True,9.5,2,2,0,1.0,0.34238022750665303,1.0,2,1.0,0.34238022750665303,1.0,{},9.338624281392248,11.619087056774065,1.0842180795652747,1.3348832688520447,2,2,1.0,0.34238022750665303,1.0,1.0,0.34238022750665303,1.0,2,linear,whole_base_sequence,4.630131098279058,4.676927240810557,6,0,0,nan,nan,nan,2,True,0.00011439999798312783,0.0,0.0,0.0005238675340191832,121127.45003610323,203894.12663842176,9.333750254095143,True,True,True,45.0,45,45,45.0,45,45,0.0,0,0,30.5,30,31,6.0,6,6,6.0,6,6,0.0,0,0,0.0,0,0,0.0,0,0,24.5,24,25
informative,long_delay,offline_full_record_noncausal,False,14.5,2,2,0,1.0,0.34238022750665303,1.0,2,1.0,0.34238022750665303,1.0,{},0.7465477148938245,0.9242297438631053,0.07347383960302935,0.09404969338760485,2,2,1.0,0.34238022750665303,1.0,1.0,0.34238022750665303,1.0,2,linear,whole_base_sequence,6.348587668719421,6.646202738838213,6,0,0,nan,nan,nan,2,True,0.3358287000010023,0.0,0.0,8.001405676098759e-05,4317.9599865142145,4346.955946885434,14.071452411118036,True,True,True,45.0,45,45,45.0,45,45,0.0,0,0,45.0,45,45,45.0,45,45,0.0,0,0,0.0,0,0,0.0,0,0,0.0,0,0,0.0,0,0
informative,long_delay,retarded_ekf,True,0.0,2,0,2,0.0,0.0,0.6576197724933469,0,0.0,0.0,0.6576197724933469,"{""not_initialized"": 2}",nan,nan,nan,nan,0,2,nan,nan,nan,0.0,0.0,0.6576197724933469,0,linear,whole_base_sequence,nan,nan,6,0,0,nan,nan,nan,2,True,2.099999983329326e-05,0.0,nan,nan,nan,nan,nan,True,True,True,45.0,45,45,45.0,45,45,0.0,0,0,0.0,0,0,0.0,0,0,0.0,0,0,0.0,0,0,0.0,0,0,0.0,0,0,0.0,0,0
informative,long_delay,retarded_ekf,True,0.5,2,0,2,0.0,0.0,0.6576197724933469,0,0.0,0.0,0.6576197724933469,"{""not_initialized"": 2}",nan,nan,nan,nan,0,2,nan,nan,nan,0.0,0.0,0.6576197724933469,0,linear,whole_base_sequence,nan,nan,6,0,0,nan,nan,nan,2,True,1.3349985238164663e-05,0.0,nan,nan,nan,nan,nan,True,True,True,45.0,45,45,45.0,45,45,0.0,0,0,0.0,0,0,0.0,0,0,0.0,0,0,0.0,0,0,0.0,0,0,0.0,0,0,0.0,0,0
informative,long_delay,retarded_ekf,True,1.0,2,0,2,0.0,0.0,0.6576197724933469,0,0.0,0.0,0.6576197724933469,"{""not_initialized"": 2}",nan,nan,nan,nan,0,2,nan,nan,nan,0.0,0.0,0.6576197724933469,0,linear,whole_base_sequence,nan,nan,6,0,0,nan,nan,nan,2,True,3.905000630766153e-05,0.0,nan,nan,nan,nan,0.9184064185530515,True,True,True,45.0,45,45,45.0,45,45,0.0,0,0,0.5,0,1,0.0,0,0,0.0,0,0,0.0,0,0,0.0,0,0,0.0,0,0,0.5,0,1
informative,long_delay,retarded_ekf,True,1.5,2,0,2,0.0,0.0,0.6576197724933469,0,0.0,0.0,0.6576197724933469,"{""not_initialized"": 2}",nan,nan,nan,nan,0,2,nan,nan,nan,0.0,0.0,0.6576197724933469,0,linear,whole_base_sequence,nan,nan,6,0,0,nan,nan,nan,2,True,8.38499836390838e-05,0.0,nan,nan,nan,nan,1.0683280372006656,True,True,True,45.0,45,45,45.0,45,45,0.0,0,0,1.5,1,2,0.0,0,0,0.0,0,0,0.0,0,0,0.0,0,0,0.0,0,0,1.5,1,2
informative,long_delay,retarded_ekf,True,10.0,2,2,0,1.0,0.34238022750665303,1.0,2,1.0,0.34238022750665303,1.0,{},0.5835463639735821,0.6795932787960228,0.0835132424303079,0.09377220161116621,2,2,1.0,0.34238022750665303,1.0,1.0,0.34238022750665303,1.0,2,linear,whole_base_sequence,6.853146826209025,8.160323848431858,6,4,0,2.3765080238226672,4.392197677204561,1.0,2,True,0.0035998999810544774,0.0013487499818438664,0.0,0.0002252040321703361,1381.307945785642,1384.9395141564603,9.929869857430996,True,True,True,45.0,45,45,45.0,45,45,0.0,0,0,32.5,32,33,32.5,32,33,6.0,6,6,26.5,26,27,0.0,0,0,0.0,0,0,0.0,0,0
informative,long_delay,retarded_ekf,True,10.5,2,2,0,1.0,0.34238022750665303,1.0,2,1.0,0.34238022750665303,1.0,{},0.48934882020946713,0.5337611408423464,0.06281951480112354,0.06718658735176541,2,2,1.0,0.34238022750665303,1.0,1.0,0.34238022750665303,1.0,2,linear,whole_base_sequence,6.286397686291372,8.384090083516803,6,2,0,3.553323927861343,4.419174500766262,1.0,2,True,0.002015900012338534,0.0006478499999502674,0.0,0.0001962857018005446,1692.3558752564413,1725.4481763339895,10.234484860086098,True,True,True,45.0,45,45,45.0,45,45,0.0,0,0,33.5,33,34,33.5,33,34,6.0,6,6,27.5,27,28,0.0,0,0,0.0,0,0,0.0,0,0
informative,long_delay,retarded_ekf,True,11.0,2,2,0,1.0,0.34238022750665303,1.0,2,1.0,0.34238022750665303,1.0,{},0.6839805301674321,0.8475080392060385,0.10113305743144736,0.11885054558193288,2,2,1.0,0.34238022750665303,1.0,1.0,0.34238022750665303,1.0,2,linear,whole_base_sequence,6.794894609259531,6.929316943253754,6,5,0,3.677218460708633,6.205553672568184,0.8,2,True,0.004331800009822473,0.0014984500012360513,0.0,0.0001721214280211073,1720.3333151776833,1754.9642733731173,10.920733453748388,True,True,True,45.0,45,45,45.0,45,45,0.0,0,0,36.0,36,36,36.0,36,36,6.0,6,6,30.0,30,30,0.0,0,0,0.0,0,0,0.0,0,0
informative,long_delay,retarded_ekf,True,11.5,2,2,0,1.0,0.34238022750665303,1.0,2,1.0,0.34238022750665303,1.0,{},0.531138727623844,0.6952319664336262,0.07918032230583058,0.09880284215424891,2,2,1.0,0.34238022750665303,1.0,1.0,0.34238022750665303,1.0,2,linear,whole_base_sequence,5.651294669142487,5.964621786845876,6,4,0,1.8578714066756832,4.332249411260311,1.0,2,True,0.004035300007672049,0.001268849999178201,0.0,0.00015197768185996126,1861.595245921426,1893.8928631678343,11.439137396739007,True,True,True,45.0,45,45,45.0,45,45,0.0,0,0,38.0,38,38,38.0,38,38,6.0,6,6,32.0,32,32,0.0,0,0,0.0,0,0,0.0,0,0
informative,long_delay,retarded_ekf,True,12.0,2,2,0,1.0,0.34238022750665303,1.0,2,1.0,0.34238022750665303,1.0,{},0.5480105032052582,0.7073288131226199,0.073432015961098,0.0961960452669111,2,2,1.0,0.34238022750665303,1.0,1.0,0.34238022750665303,1.0,2,linear,whole_base_sequence,5.813719212836735,6.30716272849218,6,5,0,2.0719064669780165,6.5213319126666125,0.8,2,True,0.006167949992232025,0.0018691500154091045,0.0,0.0001349583796236769,2088.952517151354,2196.1593188313677,11.950032074591272,True,True,True,45.0,45,45,45.0,45,45,0.0,0,0,40.5,40,41,40.5,40,41,6.0,6,6,34.5,34,35,0.0,0,0,0.0,0,0,0.0,0,0
informative,long_delay,retarded_ekf,True,12.5,2,2,0,1.0,0.34238022750665303,1.0,2,1.0,0.34238022750665303,1.0,{},0.6600849789421049,0.766751073312104,0.07547540368112178,0.09665047001773397,2,2,1.0,0.34238022750665303,1.0,1.0,0.34238022750665303,1.0,2,linear,whole_base_sequence,6.494326334899892,6.613429229101423,6,1,0,3.5574828399040137,3.5574828399040137,1.0,2,True,0.0017742999916663393,0.0004657500103348866,0.0,0.00012051359028863125,2474.9999833433776,2480.8386355807315,12.053477671922272,True,True,True,45.0,45,45,45.0,45,45,0.0,0,0,41.0,41,41,41.0,41,41,6.0,6,6,35.0,35,35,0.0,0,0,0.0,0,0,0.0,0,0
informative,long_delay,retarded_ekf,True,14.5,2,2,0,1.0,0.34238022750665303,1.0,2,1.0,0.34238022750665303,1.0,{},0.7507510956121374,0.9269407629863484,0.07354236707784662,0.09403541259628556,2,2,1.0,0.34238022750665303,1.0,1.0,0.34238022750665303,1.0,2,linear,whole_base_sequence,6.329195720864899,6.561725569120167,6,8,0,0.9835078925724576,2.6158474112471986,1.0,2,True,0.010981200000969693,0.0032698999712010846,0.0,8.036316224467432e-05,4294.597969222383,4326.216189145951,14.071452411118036,True,True,True,45.0,45,45,45.0,45,45,0.0,0,0,45.0,45,45,45.0,45,45,6.0,6,6,39.0,39,39,0.0,0,0,0.0,0,0,0.0,0,0
informative,long_delay,retarded_ekf,True,2.0,2,0,2,0.0,0.0,0.6576197724933469,0,0.0,0.0,0.6576197724933469,"{""not_initialized"": 2}",nan,nan,nan,nan,0,2,nan,nan,nan,0.0,0.0,0.6576197724933469,0,linear,whole_base_sequence,nan,nan,6,0,0,nan,nan,nan,2,True,6.690000009257346e-05,0.0,nan,nan,nan,nan,1.6185951750071994,True,True,True,45.0,45,45,45.0,45,45,0.0,0,0,2.0,2,2,0.0,0,0,0.0,0,0,0.0,0,0,0.0,0,0,0.0,0,0,2.0,2,2
informative,long_delay,retarded_ekf,True,2.5,2,0,2,0.0,0.0,0.6576197724933469,0,0.0,0.0,0.6576197724933469,"{""not_initialized"": 2}",nan,nan,nan,nan,0,2,nan,nan,nan,0.0,0.0,0.6576197724933469,0,linear,whole_base_sequence,nan,nan,6,0,0,nan,nan,nan,2,True,0.00033420001273043454,0.0,nan,nan,nan,nan,2.402658202035398,True,True,True,45.0,45,45,45.0,45,45,0.0,0,0,4.5,4,5,0.0,0,0,0.0,0,0,0.0,0,0,0.0,0,0,0.0,0,0,4.5,4,5
informative,long_delay,retarded_ekf,True,3.0,2,2,0,1.0,0.34238022750665303,1.0,2,1.0,0.34238022750665303,1.0,{},2.294338698980102,2.9551517954903033,1.057728926182498,1.330499888614998,2,2,1.0,0.34238022750665303,1.0,1.0,0.34238022750665303,1.0,2,linear,whole_base_sequence,4.869539499630367,5.131803203377733,6,1,0,0.26058762024249216,0.26058762024249216,1.0,2,True,0.06395170000905637,0.00024124998890329152,0.0,0.008254183956239745,571.7585547244055,1052.8459028434124,2.869233918993059,True,True,True,45.0,45,45,45.0,45,45,0.0,0,0,6.5,6,7,6.5,6,7,6.0,6,6,0.5,0,1,0.0,0,0,0.0,0,0,0.0,0,0
informative,long_delay,retarded_ekf,True,3.5,2,2,0,1.0,0.34238022750665303,1.0,2,1.0,0.34238022750665303,1.0,{},1.8446883036515718,2.1953014456096804,0.7338785332346147,0.8455929627230425,2,2,1.0,0.34238022750665303,1.0,1.0,0.34238022750665303,1.0,2,linear,whole_base_sequence,4.421518339654334,4.581436761607837,6,3,0,0.6894028851237191,0.9922181705146225,1.0,2,True,0.0012349500029813498,0.0007167500152718276,0.0,0.004816215392833742,605.1999578583707,950.995698365129,3.411539462064961,True,True,True,45.0,45,45,45.0,45,45,0.0,0,0,8.0,7,9,8.0,7,9,6.0,6,6,2.0,1,3,0.0,0,0,0.0,0,0,0.0,0,0
informative,long_delay,retarded_ekf,True,4.0,2,2,0,1.0,0.34238022750665303,1.0,2,1.0,0.34238022750665303,1.0,{},0.689169058654944,0.8315957559368962,0.1674857909163269,0.2122061622657489,2,2,1.0,0.34238022750665303,1.0,1.0,0.34238022750665303,1.0,2,linear,whole_base_sequence,2.954251595866703,3.140334873471346,6,5,0,3.543666959696084,9.511176339498881,0.8,2,True,0.003318599978229031,0.0018738999933702871,0.0,0.0032577592638434964,318.1559712209273,344.42666905435703,3.924462215075208,True,True,True,45.0,45,45,45.0,45,45,0.0,0,0,10.5,10,11,10.5,10,11,6.0,6,6,4.5,4,5,0.0,0,0,0.0,0,0,0.0,0,0
informative,long_delay,retarded_ekf,True,4.5,2,2,0,1.0,0.34238022750665303,1.0,2,1.0,0.34238022750665303,1.0,{},0.68882724337145,0.8155668335336784,0.22401964306044023,0.29277534811371436,2,2,1.0,0.34238022750665303,1.0,1.0,0.34238022750665303,1.0,2,linear,whole_base_sequence,3.322637360417597,3.8402678261180756,6,2,0,1.2584956112585697,2.3470903084616728,1.0,2,True,0.0009376500092912465,0.00048165000043809414,0.0,0.002341006346857548,456.49140527823636,539.9653472296229,4.26915252075562,True,True,True,45.0,45,45,45.0,45,45,0.0,0,0,11.5,11,12,11.5,11,12,6.0,6,6,5.5,5,6,0.0,0,0,0.0,0,0,0.0,0,0
informative,long_delay,retarded_ekf,True,5.0,2,2,0,1.0,0.34238022750665303,1.0,2,1.0,0.34238022750665303,1.0,{},1.1174829424266803,1.3850646680430214,0.2914530354232338,0.38733277697382157,2,2,1.0,0.34238022750665303,1.0,1.0,0.34238022750665303,1.0,2,linear,whole_base_sequence,5.094613447744086,6.167954666811844,6,3,0,1.0612619989861694,1.5655280934244036,1.0,2,True,0.001574749985593371,0.0008139999990817159,0.0,0.0017048844796535823,544.9581616223988,590.5918864845684,4.9867559410100135,True,True,True,45.0,45,45,45.0,45,45,0.0,0,0,13.0,13,13,13.0,13,13,6.0,6,6,7.0,7,7,0.0,0,0,0.0,0,0,0.0,0,0
informative,long_delay,retarded_ekf,True,5.5,2,2,0,1.0,0.34238022750665303,1.0,2,1.0,0.34238022750665303,1.0,{},0.7884030452152395,0.8888497295921556,0.17402703888989524,0.2244271558886579,2,2,1.0,0.34238022750665303,1.0,1.0,0.34238022750665303,1.0,2,linear,whole_base_sequence,5.0024734474321955,5.386690423073452,6,6,0,1.7648693327242917,3.487645327905541,1.0,2,True,0.004848099997616373,0.002431750006508082,0.0,0.0012754983239837848,422.88348940712274,470.46648899580816,5.358490514213985,True,True,True,45.0,45,45,45.0,45,45,0.0,0,0,16.0,15,17,16.0,15,17,6.0,6,6,10.0,9,11,0.0,0,0,0.0,0,0,0.0,0,0
informative,long_delay,retarded_ekf,True,6.0,2,2,0,1.0,0.34238022750665303,1.0,2,1.0,0.34238022750665303,1.0,{},1.0256499108781543,1.2439033489057565,0.23107204150968824,0.304531226022961,2,2,1.0,0.34238022750665303,1.0,1.0,0.34238022750665303,1.0,2,linear,whole_base_sequence,6.443641469773033,8.124909665521148,6,3,0,5.2584247939571656,7.243632347447441,0.3333333333333333,2,True,0.002761550000286661,0.0012752000038744882,0.0,0.0009971285624656842,498.55550114745887,606.5284011412698,5.889471910152518,True,True,True,45.0,45,45,45.0,45,45,0.0,0,0,17.5,17,18,17.5,17,18,6.0,6,6,11.5,11,12,0.0,0,0,0.0,0,0,0.0,0,0
informative,long_delay,retarded_ekf,True,6.5,2,2,0,1.0,0.34238022750665303,1.0,2,1.0,0.34238022750665303,1.0,{},1.0230088962148718,1.2407575786547806,0.21251406915950485,0.2791111372659373,2,2,1.0,0.34238022750665303,1.0,1.0,0.34238022750665303,1.0,2,linear,whole_base_sequence,6.495370292031926,7.254929293573332,6,2,0,1.5947674726837326,1.8155605930255758,1.0,2,True,0.0016456500015920028,0.0006948499940335751,0.0,0.0007898128913735791,730.7185296078878,896.7561236416939,6.067670559662038,True,True,True,45.0,45,45,45.0,45,45,0.0,0,0,18.5,18,19,18.5,18,19,6.0,6,6,12.5,12,13,0.0,0,0,0.0,0,0,0.0,0,0
informative,long_delay,retarded_ekf,True,7.0,2,2,0,1.0,0.34238022750665303,1.0,2,1.0,0.34238022750665303,1.0,{},1.213631407342159,1.4700932064374022,0.22852300970002912,0.2970798601908561,2,2,1.0,0.34238022750665303,1.0,1.0,0.34238022750665303,1.0,2,linear,whole_base_sequence,9.41659970319462,9.643490414664921,6,5,0,1.6475965225902587,3.9931039391496315,1.0,2,True,0.0030854000069666654,0.0013531000149669126,0.0,0.0006311013563022338,618.8788287007449,707.2877637839637,6.996862735900991,True,True,True,45.0,45,45,45.0,45,45,0.0,0,0,21.0,20,22,21.0,20,22,6.0,6,6,15.0,14,16,0.0,0,0,0.0,0,0,0.0,0,0
informative,long_delay,retarded_ekf,True,7.5,2,2,0,1.0,0.34238022750665303,1.0,2,1.0,0.34238022750665303,1.0,{},0.8102977222744254,0.8678785150080607,0.1257034820679709,0.14491939035578505,2,2,1.0,0.34238022750665303,1.0,1.0,0.34238022750665303,1.0,2,linear,whole_base_sequence,7.273664265411593,9.429196870886722,6,2,0,4.185339596406925,5.821576267563278,0.5,2,True,0.0018241500074509531,0.0007471499993698671,0.0,0.0005188815179129871,819.3269645658512,859.7015145200941,7.4427746839043465,True,True,True,45.0,45,45,45.0,45,45,0.0,0,0,22.0,22,22,22.0,22,22,6.0,6,6,16.0,16,16,0.0,0,0,0.0,0,0,0.0,0,0
informative,long_delay,retarded_ekf,True,8.0,2,2,0,1.0,0.34238022750665303,1.0,2,1.0,0.34238022750665303,1.0,{},0.5100587803691763,0.5571837084106787,0.0900762206250388,0.10890430177562062,2,2,1.0,0.34238022750665303,1.0,1.0,0.34238022750665303,1.0,2,linear,whole_base_sequence,5.792793076335381,7.367866839428466,6,8,0,1.8801401238615527,3.715445115393028,1.0,2,True,0.007870250003179535,0.003241249985876493,0.0,0.00042671901608569136,714.0518277749889,780.1387920236211,7.986874546412868,True,True,True,45.0,45,45,45.0,45,45,0.0,0,0,26.0,25,27,26.0,25,27,6.0,6,6,20.0,19,21,0.0,0,0,0.0,0,0,0.0,0,0
informative,long_delay,retarded_ekf,True,8.5,2,2,0,1.0,0.34238022750665303,1.0,2,1.0,0.34238022750665303,1.0,{},0.34621310236689457,0.45328323941441767,0.0473601470121929,0.06001539099450708,2,2,1.0,0.34238022750665303,1.0,1.0,0.34238022750665303,1.0,2,linear,whole_base_sequence,5.480852903259436,7.336672822120532,6,3,0,2.3282088221280848,4.473556593311552,1.0,2,True,0.0028734999941661954,0.0011128999904030934,0.0,0.0003586908649609885,920.5357195601434,931.6805315306394,8.359428224843711,True,True,True,45.0,45,45,45.0,45,45,0.0,0,0,27.5,27,28,27.5,27,28,6.0,6,6,21.5,21,22,0.0,0,0,0.0,0,0,0.0,0,0
informative,long_delay,retarded_ekf,True,9.0,2,2,0,1.0,0.34238022750665303,1.0,2,1.0,0.34238022750665303,1.0,{},0.5401850033371286,0.5814341269636049,0.07926387392006003,0.09192550784716905,2,2,1.0,0.34238022750665303,1.0,1.0,0.34238022750665303,1.0,2,linear,whole_base_sequence,6.219096480004417,7.4104971797951755,6,2,0,4.25322809708218,7.11492208661161,0.5,2,True,0.002389799992670305,0.0007710000063525513,0.0,0.00030501661793272693,1114.2350320484813,1247.927632901499,8.768650246117499,True,True,True,45.0,45,45,45.0,45,45,0.0,0,0,28.5,27,30,28.5,27,30,6.0,6,6,22.5,21,24,0.0,0,0,0.0,0,0,0.0,0,0
informative,long_delay,retarded_ekf,True,9.5,2,2,0,1.0,0.34238022750665303,1.0,2,1.0,0.34238022750665303,1.0,{},0.6030706724109811,0.6954958186107588,0.07967789847684002,0.10062266185112445,2,2,1.0,0.34238022750665303,1.0,1.0,0.34238022750665303,1.0,2,linear,whole_base_sequence,6.346440080940317,7.091836795563374,6,4,0,0.6616950343401463,1.3159221533378442,1.0,2,True,0.004584499998600222,0.001647400000365451,0.0,0.00026171716413598233,1213.2140107331504,1270.7195578354758,9.333750254095143,True,True,True,45.0,45,45,45.0,45,45,0.0,0,0,30.5,30,31,30.5,30,31,6.0,6,6,24.5,24,25,0.0,0,0,0.0,0,0,0.0,0,0
informative,mixed,causal_prefix_batch,True,0.0,2,0,2,0.0,0.0,0.6576197724933469,0,0.0,0.0,0.6576197724933469,"{""insufficient_measurements"": 2}",nan,nan,nan,nan,0,2,nan,nan,nan,0.0,0.0,0.6576197724933469,0,linear,whole_base_sequence,nan,nan,6,0,0,nan,nan,nan,2,True,3.724999260157347e-05,0.0,nan,nan,nan,nan,nan,True,True,False,45.0,45,45,37.0,35,39,8.0,6,10,0.0,0,0,0.0,0,0,0.0,0,0,0.0,0,0,0.0,0,0,0.0,0,0,0.0,0,0
informative,mixed,causal_prefix_batch,True,0.5,2,0,2,0.0,0.0,0.6576197724933469,0,0.0,0.0,0.6576197724933469,"{""insufficient_measurements"": 2}",nan,nan,nan,nan,0,2,nan,nan,nan,0.0,0.0,0.6576197724933469,0,linear,whole_base_sequence,nan,nan,6,0,0,nan,nan,nan,2,True,2.8300011763349175e-05,0.0,nan,nan,nan,nan,nan,True,True,False,45.0,45,45,37.0,35,39,8.0,6,10,0.0,0,0,0.0,0,0,0.0,0,0,0.0,0,0,0.0,0,0,0.0,0,0,0.0,0,0
informative,mixed,causal_prefix_batch,True,1.0,2,0,2,0.0,0.0,0.6576197724933469,0,0.0,0.0,0.6576197724933469,"{""insufficient_measurements"": 2}",nan,nan,nan,nan,0,2,nan,nan,nan,0.0,0.0,0.6576197724933469,0,linear,whole_base_sequence,nan,nan,6,0,0,nan,nan,nan,2,True,2.6599998818710446e-05,0.0,nan,nan,nan,nan,nan,True,True,False,45.0,45,45,37.0,35,39,8.0,6,10,0.0,0,0,0.0,0,0,0.0,0,0,0.0,0,0,0.0,0,0,0.0,0,0,0.0,0,0
informative,mixed,causal_prefix_batch,True,1.5,2,0,2,0.0,0.0,0.6576197724933469,0,0.0,0.0,0.6576197724933469,"{""insufficient_measurements"": 2}",nan,nan,nan,nan,0,2,nan,nan,nan,0.0,0.0,0.6576197724933469,0,linear,whole_base_sequence,nan,nan,6,0,0,nan,nan,nan,2,True,3.199999628122896e-05,0.0,nan,nan,nan,nan,1.0683280372006656,True,True,False,45.0,45,45,37.0,35,39,8.0,6,10,1.0,1,1,1.0,1,1,0.0,0,0,0.0,0,0,0.0,0,0,0.0,0,0,0.0,0,0
informative,mixed,causal_prefix_batch,True,10.0,2,2,0,1.0,0.34238022750665303,1.0,2,1.0,0.34238022750665303,1.0,{},2.2152982804900825,2.7971675428279674,0.2314534301153647,0.2882034211707101,2,2,0.5,0.09453120573423074,0.9054687942657693,0.5,0.09453120573423074,0.9054687942657693,1,linear,whole_base_sequence,72.4982733412286,129.91506608052492,6,0,0,nan,nan,nan,2,True,0.2108645999978762,0.0,0.0,0.00022811511906209366,1420.3544155594955,1447.355741621574,9.929869857430996,True,True,False,45.0,45,45,37.0,35,39,8.0,6,10,27.5,25,30,27.5,25,30,0.0,0,0,0.0,0,0,0.0,0,0,0.0,0,0,0.0,0,0
informative,mixed,causal_prefix_batch,True,10.5,2,2,0,1.0,0.34238022750665303,1.0,2,1.0,0.34238022750665303,1.0,{},1.8416436529509985,2.409005746119321,0.18734830217008863,0.2438606524648155,2,2,0.5,0.09453120573423074,0.9054687942657693,0.5,0.09453120573423074,0.9054687942657693,1,linear,whole_base_sequence,67.13934342486336,122.85441529838721,6,0,0,nan,nan,nan,2,True,0.20664894998481032,0.0,0.0,0.00019840260749517767,1712.1088983691661,1744.7698960683797,10.234484860086098,True,True,False,45.0,45,45,37.0,35,39,8.0,6,10,28.5,26,31,28.5,26,31,0.0,0,0,0.0,0,0,0.0,0,0,0.0,0,0,0.0,0,0
informative,mixed,causal_prefix_batch,True,11.0,2,2,0,1.0,0.34238022750665303,1.0,2,1.0,0.34238022750665303,1.0,{},1.8700761557146315,2.3202970052841088,0.18951238463012748,0.22492767191279428,2,2,0.5,0.09453120573423074,0.9054687942657693,0.5,0.09453120573423074,0.9054687942657693,1,linear,whole_base_sequence,67.875436314677,122.0663528123499,6,0,0,nan,nan,nan,2,True,0.2217091999918921,0.0,0.0,0.00017381921763160458,1945.0208650816526,1977.8532220993932,10.91758403784949,True,True,False,45.0,45,45,37.0,35,39,8.0,6,10,30.0,28,32,30.0,28,32,0.0,0,0,0.0,0,0,0.0,0,0,0.0,0,0,0.0,0,0
informative,mixed,causal_prefix_batch,True,11.5,2,2,0,1.0,0.34238022750665303,1.0,2,1.0,0.34238022750665303,1.0,{},1.584623577897224,1.9991082155374826,0.16927717845930315,0.20688307223730712,2,2,0.5,0.09453120573423074,0.9054687942657693,0.5,0.09453120573423074,0.9054687942657693,1,linear,whole_base_sequence,66.80117416945039,120.97199031397264,6,0,0,nan,nan,nan,2,True,0.2239153999980772,0.0,0.0,0.00015312346568823298,2023.8188930335614,2070.0638616520673,11.439137396739007,True,True,False,45.0,45,45,37.0,35,39,8.0,6,10,32.0,30,34,32.0,30,34,0.0,0,0,0.0,0,0,0.0,0,0,0.0,0,0,0.0,0,0
informative,mixed,causal_prefix_batch,True,12.0,2,2,0,1.0,0.34238022750665303,1.0,2,1.0,0.34238022750665303,1.0,{},1.6409032244864108,2.0850582427439917,0.16177969733642103,0.19696996593235552,2,2,0.5,0.09453120573423074,0.9054687942657693,0.5,0.09453120573423074,0.9054687942657693,1,linear,whole_base_sequence,66.80601850064687,121.08815156017997,6,0,0,nan,nan,nan,2,True,0.24468024999077898,0.0,0.0,0.00013578673869905965,2345.2185512986807,2556.1072473752506,11.950032074591272,True,True,False,45.0,45,45,37.0,35,39,8.0,6,10,33.5,32,35,33.5,32,35,0.0,0,0,0.0,0,0,0.0,0,0,0.0,0,0,0.0,0,0
informative,mixed,causal_prefix_batch,True,12.5,2,2,0,1.0,0.34238022750665303,1.0,2,1.0,0.34238022750665303,1.0,{},1.7004896185146836,2.1543799572088633,0.16177969214510524,0.19696995801898487,2,2,0.5,0.09453120573423074,0.9054687942657693,0.5,0.09453120573423074,0.9054687942657693,1,linear,whole_base_sequence,66.80601405937364,121.0881431217608,6,0,0,nan,nan,nan,2,True,0.23989604999951553,0.0,0.0,0.00012112262157953639,2923.6763319046267,3187.3810558581927,11.950032074591272,True,True,False,45.0,45,45,37.0,35,39,8.0,6,10,33.5,32,35,33.5,32,35,0.0,0,0,0.0,0,0,0.0,0,0,0.0,0,0,0.0,0,0
informative,mixed,causal_prefix_batch,True,14.5,2,2,0,1.0,0.34238022750665303,1.0,2,1.0,0.34238022750665303,1.0,{},1.574545616834698,1.7778335379748267,0.14477166713664372,0.1643729645233953,2,2,0.5,0.09453120573423074,0.9054687942657693,0.5,0.09453120573423074,0.9054687942657693,1,linear,whole_base_sequence,65.51279310251343,117.43476211967197,6,0,0,nan,nan,nan,2,True,0.2545368500141194,0.0,0.0,8.051095936170298e-05,4963.36034976581,5012.818351358341,14.071452411118036,True,True,False,45.0,45,45,37.0,35,39,8.0,6,10,37.0,35,39,37.0,35,39,0.0,0,0,0.0,0,0,0.0,0,0,0.0,0,0,0.0,0,0
informative,mixed,causal_prefix_batch,True,2.0,2,0,2,0.0,0.0,0.6576197724933469,0,0.0,0.0,0.6576197724933469,"{""insufficient_measurements"": 2}",nan,nan,nan,nan,0,2,nan,nan,nan,0.0,0.0,0.6576197724933469,0,linear,whole_base_sequence,nan,nan,6,0,0,nan,nan,nan,2,True,3.060000017285347e-05,0.0,nan,nan,nan,nan,1.6185951750071994,True,True,False,45.0,45,45,37.0,35,39,8.0,6,10,1.5,1,2,1.5,1,2,0.0,0,0,0.0,0,0,0.0,0,0,0.0,0,0,0.0,0,0
informative,mixed,causal_prefix_batch,True,2.5,2,1,1,0.5,0.09453120573423074,0.9054687942657693,1,0.5,0.09453120573423074,0.9054687942657693,"{""insufficient_measurements"": 1}",4.464034890795595,4.464034890795595,2.8119226262372368,2.8119226262372368,1,2,1.0,0.20654931437723745,1.0,0.5,0.09453120573423074,0.9054687942657693,1,linear,whole_base_sequence,8.168986700868812,8.168986700868812,6,0,0,nan,nan,nan,2,True,0.025047649993211962,0.0,0.0,0.016704140249823002,1146.353822158358,1146.353822158358,2.3904156828065504,True,True,False,45.0,45,45,37.0,35,39,8.0,6,10,3.0,2,4,3.0,2,4,0.0,0,0,0.0,0,0,0.0,0,0,0.0,0,0,0.0,0,0
informative,mixed,causal_prefix_batch,True,3.0,2,2,0,1.0,0.34238022750665303,1.0,2,1.0,0.34238022750665303,1.0,{},112.77139214717991,151.58322044082914,48.04581697632664,64.59361046966596,2,2,1.0,0.34238022750665303,1.0,1.0,0.34238022750665303,1.0,2,linear,whole_base_sequence,3.8685599892752514,6.959491773029094,6,0,0,nan,nan,nan,2,True,0.030957449998822995,0.0,0.0,0.010353617079722906,13442786.955255782,26885463.16202335,2.869233918993059,True,True,False,45.0,45,45,37.0,35,39,8.0,6,10,4.5,3,6,4.5,3,6,0.0,0,0,0.0,0,0,0.0,0,0,0.0,0,0,0.0,0,0
informative,mixed,causal_prefix_batch,True,3.5,2,2,0,1.0,0.34238022750665303,1.0,2,1.0,0.34238022750665303,1.0,{},1.6389046990970648,2.094230101408177,0.7440322469602099,0.9629065676132709,2,2,1.0,0.34238022750665303,1.0,1.0,0.34238022750665303,1.0,2,linear,whole_base_sequence,3.942119403807443,6.192374530292645,6,0,0,nan,nan,nan,2,True,0.03532120000454597,0.0,0.0,0.005406679522773625,905.2051472837775,1497.020521123857,3.411539462064961,True,True,False,45.0,45,45,37.0,35,39,8.0,6,10,5.5,4,7,5.5,4,7,0.0,0,0,0.0,0,0,0.0,0,0,0.0,0,0,0.0,0,0
informative,mixed,causal_prefix_batch,True,4.0,2,2,0,1.0,0.34238022750665303,1.0,2,1.0,0.34238022750665303,1.0,{},0.6259484296421968,0.7561294313066008,0.20630586392422748,0.24763186425015166,2,2,1.0,0.34238022750665303,1.0,1.0,0.34238022750665303,1.0,2,linear,whole_base_sequence,1.9016245584875606,2.5072073081041912,6,0,0,nan,nan,nan,2,True,0.04846634999557864,0.0,0.0,0.0036391045525185064,345.10165204709125,360.7916322541746,3.924462215075208,True,True,False,45.0,45,45,37.0,35,39,8.0,6,10,8.0,7,9,8.0,7,9,0.0,0,0,0.0,0,0,0.0,0,0,0.0,0,0,0.0,0,0
informative,mixed,causal_prefix_batch,True,4.5,2,2,0,1.0,0.34238022750665303,1.0,2,1.0,0.34238022750665303,1.0,{},0.8163657786063232,0.8824851096899473,0.2692923143387572,0.2830559331031486,2,2,1.0,0.34238022750665303,1.0,1.0,0.34238022750665303,1.0,2,linear,whole_base_sequence,2.5058444288420194,2.5676294008924803,6,0,0,nan,nan,nan,2,True,0.0574965499836253,0.0,0.0,0.002650532107424708,498.5927729665824,619.135760297966,4.26915252075562,True,True,False,45.0,45,45,37.0,35,39,8.0,6,10,9.0,9,9,9.0,9,9,0.0,0,0,0.0,0,0,0.0,0,0,0.0,0,0,0.0,0,0
informative,mixed,causal_prefix_batch,True,5.0,2,2,0,1.0,0.34238022750665303,1.0,2,1.0,0.34238022750665303,1.0,{},1.1175804665031415,1.2943210961370266,0.28030127092062634,0.3527394174280688,2,2,1.0,0.34238022750665303,1.0,1.0,0.34238022750665303,1.0,2,linear,whole_base_sequence,3.7946969490229696,4.121442136377565,6,0,0,nan,nan,nan,2,True,0.08162979999906383,0.0,0.0,0.001888346485564976,556.4743559672872,653.4439229202493,4.9867559410100135,True,True,False,45.0,45,45,37.0,35,39,8.0,6,10,10.5,10,11,10.5,10,11,0.0,0,0,0.0,0,0,0.0,0,0,0.0,0,0,0.0,0,0
informative,mixed,causal_prefix_batch,True,5.5,2,2,0,1.0,0.34238022750665303,1.0,2,1.0,0.34238022750665303,1.0,{},8.241432066402373,11.08543771167788,2.0406575118165375,2.7444156366930472,2,2,0.5,0.09453120573423074,0.9054687942657693,0.5,0.09453120573423074,0.9054687942657693,1,linear,whole_base_sequence,290.74565241751185,548.7125485832275,6,0,0,nan,nan,nan,2,True,0.11268404999282211,0.0,0.0,0.001349575267746083,403.8604373126348,423.80698499705545,5.358490514213985,True,True,False,45.0,45,45,37.0,35,39,8.0,6,10,13.5,12,15,13.5,12,15,0.0,0,0,0.0,0,0,0.0,0,0,0.0,0,0,0.0,0,0
informative,mixed,causal_prefix_batch,True,6.0,2,2,0,1.0,0.34238022750665303,1.0,2,1.0,0.34238022750665303,1.0,{},9.275307254202552,12.469139964371706,2.0448060025592265,2.747649338794804,2,2,0.5,0.09453120573423074,0.9054687942657693,0.5,0.09453120573423074,0.9054687942657693,1,linear,whole_base_sequence,292.2757192732301,548.8655552656545,6,0,0,nan,nan,nan,2,True,0.1256005000032019,0.0,0.0,0.001040259843933598,492.8133463882801,637.3020389577724,5.889471910152518,True,True,False,45.0,45,45,37.0,35,39,8.0,6,10,15.0,15,15,15.0,15,15,0.0,0,0,0.0,0,0,0.0,0,0,0.0,0,0,0.0,0,0
informative,mixed,causal_prefix_batch,True,6.5,2,2,0,1.0,0.34238022750665303,1.0,2,1.0,0.34238022750665303,1.0,{},10.584562514957675,14.234544530399909,2.115749747691765,2.844284300802201,2,2,0.5,0.09453120573423074,0.9054687942657693,0.5,0.09453120573423074,0.9054687942657693,1,linear,whole_base_sequence,260.3362360342329,489.0195182024262,6,0,0,nan,nan,nan,2,True,0.12412880000192672,0.0,0.0,0.0008077142628455409,719.8199396400346,921.4458775467439,6.067670559662038,True,True,False,45.0,45,45,37.0,35,39,8.0,6,10,16.0,16,16,16.0,16,16,0.0,0,0,0.0,0,0,0.0,0,0,0.0,0,0,0.0,0,0
informative,mixed,causal_prefix_batch,True,7.0,2,2,0,1.0,0.34238022750665303,1.0,2,1.0,0.34238022750665303,1.0,{},3.8154951235359387,5.009971126129104,0.594987962743457,0.7635454431227999,2,2,0.5,0.09453120573423074,0.9054687942657693,0.5,0.09453120573423074,0.9054687942657693,1,linear,whole_base_sequence,110.66831952320501,203.02433225984828,6,0,0,nan,nan,nan,2,True,0.11764569999650121,0.0,0.0,0.0006547681719126021,638.8461548226524,648.8175529358372,6.996862735900991,True,True,False,45.0,45,45,37.0,35,39,8.0,6,10,18.0,17,19,18.0,17,19,0.0,0,0,0.0,0,0,0.0,0,0,0.0,0,0,0.0,0,0
informative,mixed,causal_prefix_batch,True,7.5,2,2,0,1.0,0.34238022750665303,1.0,2,1.0,0.34238022750665303,1.0,{},4.1099802997751045,5.38953913630334,0.594987961993834,0.7635454418861868,2,2,0.5,0.09453120573423074,0.9054687942657693,0.5,0.09453120573423074,0.9054687942657693,1,linear,whole_base_sequence,110.6683191825957,203.02433162523548,6,0,0,nan,nan,nan,2,True,0.11585385000216775,0.0,0.0,0.0005355903942096059,946.0614385903559,958.8416087994169,6.996862735900991,True,True,False,45.0,45,45,37.0,35,39,8.0,6,10,18.0,17,19,18.0,17,19,0.0,0,0,0.0,0,0,0.0,0,0,0.0,0,0,0.0,0,0
informative,mixed,causal_prefix_batch,True,8.0,2,1,1,0.5,0.09453120573423074,0.9054687942657693,1,0.5,0.09453120573423074,0.9054687942657693,"{""projected_kkt_not_satisfied"": 1}",1.6686107488536652,1.6686107488536652,0.28363938044544507,0.28363938044544507,1,2,1.0,0.20654931437723745,1.0,0.5,0.09453120573423074,0.9054687942657693,1,linear,whole_base_sequence,8.820579733716324,8.820579733716324,6,0,0,nan,nan,nan,2,True,0.13643100000626873,0.0,0.0,0.0005365847964125043,995.8202185390447,995.8202185390447,7.986874546412868,True,True,False,45.0,45,45,37.0,35,39,8.0,6,10,21.5,19,24,21.5,19,24,0.0,0,0,0.0,0,0,0.0,0,0,0.0,0,0,0.0,0,0
informative,mixed,causal_prefix_batch,True,8.5,2,1,1,0.5,0.09453120573423074,0.9054687942657693,1,0.5,0.09453120573423074,0.9054687942657693,"{""projected_kkt_not_satisfied"": 1}",0.4397799643975999,0.4397799643975999,0.043394430722729076,0.043394430722729076,1,2,1.0,0.20654931437723745,1.0,0.5,0.09453120573423074,0.9054687942657693,1,linear,whole_base_sequence,3.8088876368634796,3.8088876368634796,6,0,0,nan,nan,nan,2,True,0.1238786500034621,0.0,0.0,0.00044451475001755687,1073.7578084693362,1073.7578084693362,8.30648377892664,True,True,False,45.0,45,45,37.0,35,39,8.0,6,10,22.5,21,24,22.5,21,24,0.0,0,0,0.0,0,0,0.0,0,0,0.0,0,0,0.0,0,0
informative,mixed,causal_prefix_batch,True,9.0,2,2,0,1.0,0.34238022750665303,1.0,2,1.0,0.34238022750665303,1.0,{},2.909851699915384,3.802971922330109,0.3196520523706547,0.41147427624541427,2,2,0.5,0.09453120573423074,0.9054687942657693,0.5,0.09453120573423074,0.9054687942657693,1,linear,whole_base_sequence,82.25056525742428,149.11192786195738,6,0,0,nan,nan,nan,2,True,0.1691733499901602,0.0,0.0,0.00031075417431104834,1207.7215745466629,1356.4820075285345,8.768650246117499,True,True,False,45.0,45,45,37.0,35,39,8.0,6,10,23.5,23,24,23.5,23,24,0.0,0,0,0.0,0,0,0.0,0,0,0.0,0,0,0.0,0,0
informative,mixed,causal_prefix_batch,True,9.5,2,2,0,1.0,0.34238022750665303,1.0,2,1.0,0.34238022750665303,1.0,{},2.3178424615569284,2.92963188237066,0.24097253965728496,0.29525809785435797,2,2,0.5,0.09453120573423074,0.9054687942657693,0.5,0.09453120573423074,0.9054687942657693,1,linear,whole_base_sequence,74.8707273239575,134.24083070328572,6,0,0,nan,nan,nan,2,True,0.19587379999575205,0.0,0.0,0.0002658555838760827,1270.523303799741,1307.976336514928,9.333750254095143,True,True,False,45.0,45,45,37.0,35,39,8.0,6,10,25.5,24,27,25.5,24,27,0.0,0,0,0.0,0,0,0.0,0,0,0.0,0,0,0.0,0,0
informative,mixed,initial_batch_no_updates,True,0.0,2,0,2,0.0,0.0,0.6576197724933469,0,0.0,0.0,0.6576197724933469,"{""not_initialized"": 2}",nan,nan,nan,nan,0,2,nan,nan,nan,0.0,0.0,0.6576197724933469,0,linear,whole_base_sequence,nan,nan,6,0,0,nan,nan,nan,2,True,2.0500010577961802e-06,0.0,nan,nan,nan,nan,nan,True,True,False,45.0,45,45,37.0,35,39,8.0,6,10,0.0,0,0,0.0,0,0,0.0,0,0,0.0,0,0,0.0,0,0,0.0,0,0,0.0,0,0
informative,mixed,initial_batch_no_updates,True,0.5,2,0,2,0.0,0.0,0.6576197724933469,0,0.0,0.0,0.6576197724933469,"{""not_initialized"": 2}",nan,nan,nan,nan,0,2,nan,nan,nan,0.0,0.0,0.6576197724933469,0,linear,whole_base_sequence,nan,nan,6,0,0,nan,nan,nan,2,True,1.6999983927235007e-06,0.0,nan,nan,nan,nan,nan,True,True,False,45.0,45,45,37.0,35,39,8.0,6,10,0.0,0,0,0.0,0,0,0.0,0,0,0.0,0,0,0.0,0,0,0.0,0,0,0.0,0,0
informative,mixed,initial_batch_no_updates,True,1.0,2,0,2,0.0,0.0,0.6576197724933469,0,0.0,0.0,0.6576197724933469,"{""not_initialized"": 2}",nan,nan,nan,nan,0,2,nan,nan,nan,0.0,0.0,0.6576197724933469,0,linear,whole_base_sequence,nan,nan,6,0,0,nan,nan,nan,2,True,1.600012183189392e-06,0.0,nan,nan,nan,nan,nan,True,True,False,45.0,45,45,37.0,35,39,8.0,6,10,0.0,0,0,0.0,0,0,0.0,0,0,0.0,0,0,0.0,0,0,0.0,0,0,0.0,0,0
informative,mixed,initial_batch_no_updates,True,1.5,2,0,2,0.0,0.0,0.6576197724933469,0,0.0,0.0,0.6576197724933469,"{""not_initialized"": 2}",nan,nan,nan,nan,0,2,nan,nan,nan,0.0,0.0,0.6576197724933469,0,linear,whole_base_sequence,nan,nan,6,0,0,nan,nan,nan,2,True,1.6999838408082724e-06,0.0,nan,nan,nan,nan,1.0683280372006656,True,True,False,45.0,45,45,37.0,35,39,8.0,6,10,1.0,1,1,0.0,0,0,0.0,0,0,0.0,0,0,0.0,0,0,0.0,0,0,1.0,1,1
informative,mixed,initial_batch_no_updates,True,10.0,2,2,0,1.0,0.34238022750665303,1.0,2,1.0,0.34238022750665303,1.0,{},6.704940569234563,8.545809906056373,0.773295794842246,0.9930831190759165,2,2,1.0,0.34238022750665303,1.0,1.0,0.34238022750665303,1.0,2,linear,whole_base_sequence,5.318138752306935,7.104449649332221,6,0,0,nan,nan,nan,2,True,0.00011424999684095383,0.0,0.0,0.000505345077060461,36795.89564453051,40586.67044283264,9.929869857430996,True,True,False,45.0,45,45,37.0,35,39,8.0,6,10,27.5,25,30,6.0,6,6,6.0,6,6,0.0,0,0,0.0,0,0,0.0,0,0,21.5,19,24
informative,mixed,initial_batch_no_updates,True,10.5,2,2,0,1.0,0.34238022750665303,1.0,2,1.0,0.34238022750665303,1.0,{},7.091110546662486,9.04207545609619,0.773295794842246,0.9930831190759165,2,2,1.0,0.34238022750665303,1.0,1.0,0.34238022750665303,1.0,2,linear,whole_base_sequence,5.318138752306983,7.104449649332196,6,0,0,nan,nan,nan,2,True,8.919998072087765e-05,0.0,0.0,0.00045207734547021597,46020.597792643406,50669.29552136543,10.234484860086098,True,True,False,45.0,45,45,37.0,35,39,8.0,6,10,28.5,26,31,6.0,6,6,6.0,6,6,0.0,0,0,0.0,0,0,0.0,0,0,22.5,20,25
informative,mixed,initial_batch_no_updates,True,11.0,2,2,0,1.0,0.34238022750665303,1.0,2,1.0,0.34238022750665303,1.0,{},7.477329919574819,9.538369501868043,0.773295794842246,0.9930831190759165,2,2,1.0,0.34238022750665303,1.0,1.0,0.34238022750665303,1.0,2,linear,whole_base_sequence,5.318138752307066,7.104449649332246,6,0,0,nan,nan,nan,2,True,0.00014804999227635562,0.0,0.0,0.00040676118213796904,56892.034212202736,62535.62636188849,10.91758403784949,True,True,False,45.0,45,45,37.0,35,39,8.0,6,10,30.0,28,32,6.0,6,6,6.0,6,6,0.0,0,0,0.0,0,0,0.0,0,0,24.0,22,26
informative,mixed,initial_batch_no_updates,True,11.5,2,2,0,1.0,0.34238022750665303,1.0,2,1.0,0.34238022750665303,1.0,{},7.863591409814593,10.034687846796357,0.773295794842246,0.9930831190759165,2,2,1.0,0.34238022750665303,1.0,1.0,0.34238022750665303,1.0,2,linear,whole_base_sequence,5.318138752306977,7.104449649332274,6,0,0,nan,nan,nan,2,True,0.00015730000450275838,0.0,0.0,0.0003678974079242941,69596.66545201722,76385.83725877709,11.439137396739007,True,True,False,45.0,45,45,37.0,35,39,8.0,6,10,32.0,30,34,6.0,6,6,6.0,6,6,0.0,0,0,0.0,0,0,0.0,0,0,26.0,24,28
informative,mixed,initial_batch_no_updates,True,12.0,2,2,0,1.0,0.34238022750665303,1.0,2,1.0,0.34238022750665303,1.0,{},8.24988910155837,10.531027079841024,0.773295794842246,0.9930831190759165,2,2,1.0,0.34238022750665303,1.0,1.0,0.34238022750665303,1.0,2,linear,whole_base_sequence,5.31813875230684,7.104449649332148,6,0,0,nan,nan,nan,2,True,0.00014460000966209918,0.0,0.0,0.0003343225183012943,84331.01677082907,92430.81234786818,11.950032074591272,True,True,False,45.0,45,45,37.0,35,39,8.0,6,10,33.5,32,35,6.0,6,6,6.0,6,6,0.0,0,0,0.0,0,0,0.0,0,0,27.5,26,29
informative,mixed,initial_batch_no_updates,True,12.5,2,2,0,1.0,0.34238022750665303,1.0,2,1.0,0.34238022750665303,1.0,{},8.636218136932014,11.027384399901221,0.773295794842246,0.9930831190759165,2,2,1.0,0.34238022750665303,1.0,1.0,0.34238022750665303,1.0,2,linear,whole_base_sequence,5.318138752306963,7.1044496493322296,6,0,0,nan,nan,nan,2,True,0.00010340000153519213,0.0,0.0,0.0003051227705886681,101301.67813784216,110892.14560343446,11.950032074591272,True,True,False,45.0,45,45,37.0,35,39,8.0,6,10,33.5,32,35,6.0,6,6,6.0,6,6,0.0,0,0,0.0,0,0,0.0,0,0,27.5,26,29
informative,mixed,initial_batch_no_updates,True,14.5,2,2,0,1.0,0.34238022750665303,1.0,2,1.0,0.34238022750665303,1.0,{},10.181776354002498,13.012953399359564,0.773295794842246,0.9930831190759165,2,2,1.0,0.34238022750665303,1.0,1.0,0.34238022750665303,1.0,2,linear,whole_base_sequence,5.318138752307108,7.104449649332431,6,0,0,nan,nan,nan,2,True,0.00013275000674184412,0.0,0.0,0.0002195356583432152,196031.48826811742,213707.78425181902,14.071452411118036,True,True,False,45.0,45,45,37.0,35,39,8.0,6,10,37.0,35,39,6.0,6,6,6.0,6,6,0.0,0,0,0.0,0,0,0.0,0,0,31.0,29,33
informative,mixed,initial_batch_no_updates,True,2.0,2,0,2,0.0,0.0,0.6576197724933469,0,0.0,0.0,0.6576197724933469,"{""not_initialized"": 2}",nan,nan,nan,nan,0,2,nan,nan,nan,0.0,0.0,0.6576197724933469,0,linear,whole_base_sequence,nan,nan,6,0,0,nan,nan,nan,2,True,1.5499972505494952e-06,0.0,nan,nan,nan,nan,1.6185951750071994,True,True,False,45.0,45,45,37.0,35,39,8.0,6,10,1.5,1,2,0.0,0,0,0.0,0,0,0.0,0,0,0.0,0,0,0.0,0,0,1.5,1,2
informative,mixed,initial_batch_no_updates,True,2.5,2,0,2,0.0,0.0,0.6576197724933469,0,0.0,0.0,0.6576197724933469,"{""not_initialized"": 2}",nan,nan,nan,nan,0,2,nan,nan,nan,0.0,0.0,0.6576197724933469,0,linear,whole_base_sequence,nan,nan,6,0,0,nan,nan,nan,2,True,3.000008291564882e-06,0.0,nan,nan,nan,nan,2.3904156828065504,True,True,False,45.0,45,45,37.0,35,39,8.0,6,10,3.0,2,4,0.0,0,0,0.0,0,0,0.0,0,0,0.0,0,0,0.0,0,0,3.0,2,4
informative,mixed,initial_batch_no_updates,True,3.0,2,1,1,0.5,0.09453120573423074,0.9054687942657693,1,0.5,0.09453120573423074,0.9054687942657693,"{""not_initialized"": 1}",1.6534530930272167,1.6534530930272167,1.0253321929512518,1.0253321929512518,1,2,1.0,0.20654931437723745,1.0,0.5,0.09453120573423074,0.9054687942657693,1,linear,whole_base_sequence,7.302928637890684,7.302928637890684,6,0,0,nan,nan,nan,2,True,8.939999679569155e-05,0.0,0.0,0.01035361707972285,110.74848821200737,110.74848821200737,2.869233918993059,True,True,False,45.0,45,45,37.0,35,39,8.0,6,10,4.5,3,6,3.0,0,6,3.0,0,6,0.0,0,0,0.0,0,0,0.0,0,0,1.5,0,3
informative,mixed,initial_batch_no_updates,True,3.5,2,1,1,0.5,0.09453120573423074,0.9054687942657693,1,0.5,0.09453120573423074,0.9054687942657693,"{""not_initialized"": 1}",2.160413235457467,2.160413235457467,1.0253321929512518,1.0253321929512518,1,2,1.0,0.20654931437723745,1.0,0.5,0.09453120573423074,0.9054687942657693,1,linear,whole_base_sequence,7.302928637890699,7.302928637890699,6,0,0,nan,nan,nan,2,True,4.264999006409198e-05,0.0,0.0,0.0070504640086619655,242.34054370193354,242.34054370193354,3.411539462064961,True,True,False,45.0,45,45,37.0,35,39,8.0,6,10,5.5,4,7,3.0,0,6,3.0,0,6,0.0,0,0,0.0,0,0,0.0,0,0,2.5,1,4
informative,mixed,initial_batch_no_updates,True,4.0,2,2,0,1.0,0.34238022750665303,1.0,2,1.0,0.34238022750665303,1.0,{},2.084765724782809,2.5986455086736417,0.773295794842246,0.9930831190759165,2,2,1.0,0.34238022750665303,1.0,1.0,0.34238022750665303,1.0,2,linear,whole_base_sequence,5.318138752307126,7.104449649332366,6,0,0,nan,nan,nan,2,True,8.480000542476773e-05,0.0,0.0,0.004666079171502216,411.4136417470447,479.69517778952957,3.924462215075208,True,True,False,45.0,45,45,37.0,35,39,8.0,6,10,8.0,7,9,6.0,6,6,6.0,6,6,0.0,0,0,0.0,0,0,0.0,0,0,2.0,1,3
informative,mixed,initial_batch_no_updates,True,4.5,2,2,0,1.0,0.34238022750665303,1.0,2,1.0,0.34238022750665303,1.0,{},2.466971940927877,3.092609781650569,0.773295794842246,0.9930831190759165,2,2,1.0,0.34238022750665303,1.0,1.0,0.34238022750665303,1.0,2,linear,whole_base_sequence,5.318138752307066,7.1044496493322935,6,0,0,nan,nan,nan,2,True,0.000135900016175583,0.0,0.0,0.0034624892216291512,755.6857012269356,873.0722170875964,4.26915252075562,True,True,False,45.0,45,45,37.0,35,39,8.0,6,10,9.0,9,9,6.0,6,6,6.0,6,6,0.0,0,0,0.0,0,0,0.0,0,0,3.0,3,3
informative,mixed,initial_batch_no_updates,True,5.0,2,2,0,1.0,0.34238022750665303,1.0,2,1.0,0.34238022750665303,1.0,{},2.8503764980405784,3.587274383391566,0.773295794842246,0.9930831190759165,2,2,1.0,0.34238022750665303,1.0,1.0,0.34238022750665303,1.0,2,linear,whole_base_sequence,5.318138752307066,7.1044496493323175,6,0,0,nan,nan,nan,2,True,0.00012669998977798969,0.0,0.0,0.002656973752879108,1294.2046109346952,1483.4261044962248,4.9867559410100135,True,True,False,45.0,45,45,37.0,35,39,8.0,6,10,10.5,10,11,6.0,6,6,6.0,6,6,0.0,0,0,0.0,0,0,0.0,0,0,4.5,4,5
informative,mixed,initial_batch_no_updates,True,5.5,2,2,0,1.0,0.34238022750665303,1.0,2,1.0,0.34238022750665303,1.0,{},3.2345532917234503,4.082387863238282,0.773295794842246,0.9930831190759165,2,2,1.0,0.34238022750665303,1.0,1.0,0.34238022750665303,1.0,2,linear,whole_base_sequence,5.318138752307041,7.104449649332302,6,0,0,nan,nan,nan,2,True,0.00011079999967478216,0.0,0.0,0.0020961297721594453,2092.6595146926156,2382.416040055925,5.358490514213985,True,True,False,45.0,45,45,37.0,35,39,8.0,6,10,13.5,12,15,6.0,6,6,6.0,6,6,0.0,0,0,0.0,0,0,0.0,0,0,7.5,6,9
informative,mixed,initial_batch_no_updates,True,6.0,2,2,0,1.0,0.34238022750665303,1.0,2,1.0,0.34238022750665303,1.0,{},3.619256416251316,4.577806327828836,0.773295794842246,0.9930831190759165,2,2,1.0,0.34238022750665303,1.0,1.0,0.34238022750665303,1.0,2,linear,whole_base_sequence,5.318138752307138,7.104449649332363,6,0,0,nan,nan,nan,2,True,0.00011369999265298247,0.0,0.0,0.0016921583485715467,3226.8011081819122,3652.409243376862,5.889471910152518,True,True,False,45.0,45,45,37.0,35,39,8.0,6,10,15.0,15,15,6.0,6,6,6.0,6,6,0.0,0,0,0.0,0,0,0.0,0,0,9.0,9,9
informative,mixed,initial_batch_no_updates,True,6.5,2,2,0,1.0,0.34238022750665303,1.0,2,1.0,0.34238022750665303,1.0,{},4.004334178026851,5.073441470173866,0.773295794842246,0.9930831190759165,2,2,1.0,0.34238022750665303,1.0,1.0,0.34238022750665303,1.0,2,linear,whole_base_sequence,5.318138752307124,7.104449649332391,6,0,0,nan,nan,nan,2,True,8.674999116919935e-05,0.0,0.0,0.001392620799346008,4782.443603901559,5386.482078691004,6.067670559662038,True,True,False,45.0,45,45,37.0,35,39,8.0,6,10,16.0,16,16,6.0,6,6,6.0,6,6,0.0,0,0,0.0,0,0,0.0,0,0,10.0,10,10
informative,mixed,initial_batch_no_updates,True,7.0,2,2,0,1.0,0.34238022750665303,1.0,2,1.0,0.34238022750665303,1.0,{},4.389687984949725,5.569236084511545,0.773295794842246,0.9930831190759165,2,2,1.0,0.34238022750665303,1.0,1.0,0.34238022750665303,1.0,2,linear,whole_base_sequence,5.318138752307108,7.104449649332366,6,0,0,nan,nan,nan,2,True,8.720000914763659e-05,0.0,0.0,0.0011649377181182472,6855.465451871573,7688.420470749256,6.996862735900991,True,True,False,45.0,45,45,37.0,35,39,8.0,6,10,18.0,17,19,6.0,6,6,6.0,6,6,0.0,0,0,0.0,0,0,0.0,0,0,12.0,11,13
informative,mixed,initial_batch_no_updates,True,7.5,2,2,0,1.0,0.34238022750665303,1.0,2,1.0,0.34238022750665303,1.0,{},4.775251008509433,6.0651514787383425,0.773295794842246,0.9930831190759165,2,2,1.0,0.34238022750665303,1.0,1.0,0.34238022750665303,1.0,2,linear,whole_base_sequence,5.318138752307066,7.104449649332314,6,0,0,nan,nan,nan,2,True,0.00011665000056382269,0.0,0.0,0.0009881367404644772,9551.80962134364,10672.720068107657,6.996862735900991,True,True,False,45.0,45,45,37.0,35,39,8.0,6,10,18.0,17,19,6.0,6,6,6.0,6,6,0.0,0,0,0.0,0,0,0.0,0,0,12.0,11,13
informative,mixed,initial_batch_no_updates,True,8.0,2,2,0,1.0,0.34238022750665303,1.0,2,1.0,0.34238022750665303,1.0,{},5.160976358838419,6.561160543811042,0.773295794842246,0.9930831190759165,2,2,1.0,0.34238022750665303,1.0,1.0,0.34238022750665303,1.0,2,linear,whole_base_sequence,5.318138752307124,7.104449649332333,6,0,0,nan,nan,nan,2,True,8.914999489206821e-05,0.0,0.0,0.0008482842989450527,12987.483715937167,14464.586310548011,7.986874546412868,True,True,False,45.0,45,45,37.0,35,39,8.0,6,10,21.5,19,24,6.0,6,6,6.0,6,6,0.0,0,0,0.0,0,0,0.0,0,0,15.5,13,18
informative,mixed,initial_batch_no_updates,True,8.5,2,2,0,1.0,0.34238022750665303,1.0,2,1.0,0.34238022750665303,1.0,{},5.546830171536548,7.0572437202595175,0.773295794842246,0.9930831190759165,2,2,1.0,0.34238022750665303,1.0,1.0,0.34238022750665303,1.0,2,linear,whole_base_sequence,5.318138752307005,7.104449649332281,6,0,0,nan,nan,nan,2,True,0.0001177500089397654,0.0,0.0,0.0007358605192013831,17288.560021696176,19199.934457747822,8.30648377892664,True,True,False,45.0,45,45,37.0,35,39,8.0,6,10,22.5,21,24,6.0,6,6,6.0,6,6,0.0,0,0,0.0,0,0,0.0,0,0,16.5,15,18
informative,mixed,initial_batch_no_updates,True,9.0,2,2,0,1.0,0.34238022750665303,1.0,2,1.0,0.34238022750665303,1.0,{},5.932787382032797,7.553386540714893,0.773295794842246,0.9930831190759165,2,2,1.0,0.34238022750665303,1.0,1.0,0.34238022750665303,1.0,2,linear,whole_base_sequence,5.318138752306993,7.104449649332231,6,0,0,nan,nan,nan,2,True,8.654998964630067e-05,0.0,0.0,0.0006441976481301398,22591.175527129504,25025.38960206631,8.768650246117499,True,True,False,45.0,45,45,37.0,35,39,8.0,6,10,23.5,23,24,6.0,6,6,6.0,6,6,0.0,0,0,0.0,0,0,0.0,0,0,17.5,17,18
informative,mixed,initial_batch_no_updates,True,9.5,2,2,0,1.0,0.34238022750665303,1.0,2,1.0,0.34238022750665303,1.0,{},6.318829043589278,8.04957807383448,0.773295794842246,0.9930831190759165,2,2,1.0,0.34238022750665303,1.0,1.0,0.34238022750665303,1.0,2,linear,whole_base_sequence,5.318138752307033,7.104449649332267,6,0,0,nan,nan,nan,2,True,0.00011460001405794173,0.0,0.0,0.0005685213559841263,29041.53193091764,32098.28667362316,9.333750254095143,True,True,False,45.0,45,45,37.0,35,39,8.0,6,10,25.5,24,27,6.0,6,6,6.0,6,6,0.0,0,0,0.0,0,0,0.0,0,0,19.5,18,21
informative,mixed,offline_full_record_noncausal,False,14.5,2,2,0,1.0,0.34238022750665303,1.0,2,1.0,0.34238022750665303,1.0,{},1.574545616834698,1.7778335379748267,0.14477166713664372,0.1643729645233953,2,2,0.5,0.09453120573423074,0.9054687942657693,0.5,0.09453120573423074,0.9054687942657693,1,linear,whole_base_sequence,65.51279310251343,117.43476211967197,6,0,0,nan,nan,nan,2,True,0.28080740000586957,0.0,0.0,8.051095936170298e-05,4963.36034976581,5012.818351358341,14.071452411118036,True,True,False,45.0,45,45,37.0,35,39,8.0,6,10,37.0,35,39,37.0,35,39,0.0,0,0,0.0,0,0,0.0,0,0,0.0,0,0,0.0,0,0
informative,mixed,retarded_ekf,True,0.0,2,0,2,0.0,0.0,0.6576197724933469,0,0.0,0.0,0.6576197724933469,"{""not_initialized"": 2}",nan,nan,nan,nan,0,2,nan,nan,nan,0.0,0.0,0.6576197724933469,0,linear,whole_base_sequence,nan,nan,6,0,0,nan,nan,nan,2,True,2.1150000975467265e-05,0.0,nan,nan,nan,nan,nan,True,True,False,45.0,45,45,37.0,35,39,8.0,6,10,0.0,0,0,0.0,0,0,0.0,0,0,0.0,0,0,0.0,0,0,0.0,0,0,0.0,0,0
informative,mixed,retarded_ekf,True,0.5,2,0,2,0.0,0.0,0.6576197724933469,0,0.0,0.0,0.6576197724933469,"{""not_initialized"": 2}",nan,nan,nan,nan,0,2,nan,nan,nan,0.0,0.0,0.6576197724933469,0,linear,whole_base_sequence,nan,nan,6,0,0,nan,nan,nan,2,True,1.1750002158805728e-05,0.0,nan,nan,nan,nan,nan,True,True,False,45.0,45,45,37.0,35,39,8.0,6,10,0.0,0,0,0.0,0,0,0.0,0,0,0.0,0,0,0.0,0,0,0.0,0,0,0.0,0,0
informative,mixed,retarded_ekf,True,1.0,2,0,2,0.0,0.0,0.6576197724933469,0,0.0,0.0,0.6576197724933469,"{""not_initialized"": 2}",nan,nan,nan,nan,0,2,nan,nan,nan,0.0,0.0,0.6576197724933469,0,linear,whole_base_sequence,nan,nan,6,0,0,nan,nan,nan,2,True,1.0099989594891667e-05,0.0,nan,nan,nan,nan,nan,True,True,False,45.0,45,45,37.0,35,39,8.0,6,10,0.0,0,0,0.0,0,0,0.0,0,0,0.0,0,0,0.0,0,0,0.0,0,0,0.0,0,0
informative,mixed,retarded_ekf,True,1.5,2,0,2,0.0,0.0,0.6576197724933469,0,0.0,0.0,0.6576197724933469,"{""not_initialized"": 2}",nan,nan,nan,nan,0,2,nan,nan,nan,0.0,0.0,0.6576197724933469,0,linear,whole_base_sequence,nan,nan,6,0,0,nan,nan,nan,2,True,7.809999806340784e-05,0.0,nan,nan,nan,nan,1.0683280372006656,True,True,False,45.0,45,45,37.0,35,39,8.0,6,10,1.0,1,1,0.0,0,0,0.0,0,0,0.0,0,0,0.0,0,0,0.0,0,0,1.0,1,1
informative,mixed,retarded_ekf,True,10.0,2,2,0,1.0,0.34238022750665303,1.0,2,1.0,0.34238022750665303,1.0,{},2.041579050465686,2.5378342759055434,0.21541615090407143,0.26358379458385,2,2,0.5,0.09453120573423074,0.9054687942657693,0.5,0.09453120573423074,0.9054687942657693,1,linear,whole_base_sequence,77.27284875400407,139.04901896463218,6,4,0,3.935255971368334,6.059024445747321,0.75,2,True,0.004152399997110479,0.001565599988680333,0.0,0.00022964791854036528,1408.804281970677,1459.203174335657,9.929869857430996,True,True,False,45.0,45,45,37.0,35,39,8.0,6,10,27.5,25,30,27.5,25,30,6.0,6,6,21.5,19,24,0.0,0,0,0.0,0,0,0.0,0,0
informative,mixed,retarded_ekf,True,10.5,2,2,0,1.0,0.34238022750665303,1.0,2,1.0,0.34238022750665303,1.0,{},1.6644499088631421,2.15252455654172,0.17566033489424654,0.22643856153129707,2,2,0.5,0.09453120573423074,0.9054687942657693,0.5,0.09453120573423074,0.9054687942657693,1,linear,whole_base_sequence,72.177776000421,132.41890372787896,6,2,0,8.07360982854986,9.488491449467428,0.0,2,True,0.001930700003867969,0.0006857000116724521,0.0,0.00019873677150992949,1702.8959719887544,1767.7186421884956,10.234484860086098,True,True,False,45.0,45,45,37.0,35,39,8.0,6,10,28.5,26,31,28.5,26,31,6.0,6,6,22.5,20,25,0.0,0,0,0.0,0,0,0.0,0,0
informative,mixed,retarded_ekf,True,11.0,2,2,0,1.0,0.34238022750665303,1.0,2,1.0,0.34238022750665303,1.0,{},1.7105614043518371,2.0692382231506983,0.18152730142083737,0.21109953014346383,2,2,0.5,0.09453120573423074,0.9054687942657693,0.5,0.09453120573423074,0.9054687942657693,1,linear,whole_base_sequence,73.18093808042474,132.040460093774,6,3,0,3.588265203222314,4.2317340315803795,1.0,2,True,0.002002249995712191,0.000732550019165501,0.0,0.00017334627601943374,1931.6396770086003,1936.2336884530303,10.91758403784949,True,True,False,45.0,45,45,37.0,35,39,8.0,6,10,30.0,28,32,30.0,28,32,6.0,6,6,24.0,22,26,0.0,0,0,0.0,0,0,0.0,0,0
informative,mixed,retarded_ekf,True,11.5,2,2,0,1.0,0.34238022750665303,1.0,2,1.0,0.34238022750665303,1.0,{},1.4346662807503063,1.7704433668237212,0.16643354521696493,0.20200802964689885,2,2,0.5,0.09453120573423074,0.9054687942657693,0.5,0.09453120573423074,0.9054687942657693,1,linear,whole_base_sequence,72.2740452336656,131.3088347558401,6,4,0,1.7394142860159505,2.9701778889353756,1.0,2,True,0.0046159999910742044,0.001517900003818795,0.0,0.0001521752128430968,2012.8414007346482,2029.068225869522,11.439137396739007,True,True,False,45.0,45,45,37.0,35,39,8.0,6,10,32.0,30,34,32.0,30,34,6.0,6,6,26.0,24,28,0.0,0,0,0.0,0,0,0.0,0,0
informative,mixed,retarded_ekf,True,12.0,2,2,0,1.0,0.34238022750665303,1.0,2,1.0,0.34238022750665303,1.0,{},1.4841119142188521,1.8500877550602322,0.15877670244662193,0.19197995764870388,2,2,0.5,0.09453120573423074,0.9054687942657693,0.5,0.09453120573423074,0.9054687942657693,1,linear,whole_base_sequence,72.35390514080264,131.57969348086127,6,3,0,0.8043839779290692,1.547513246506622,1.0,2,True,0.0038566500006709248,0.0013088999985484406,0.0,0.0001343660313432463,2331.0839136987297,2512.5713180268694,11.950032074591272,True,True,False,45.0,45,45,37.0,35,39,8.0,6,10,33.5,32,35,33.5,32,35,6.0,6,6,27.5,26,29,0.0,0,0,0.0,0,0,0.0,0,0
informative,mixed,retarded_ekf,True,12.5,2,2,0,1.0,0.34238022750665303,1.0,2,1.0,0.34238022750665303,1.0,{},1.5372788585009418,1.9087210138401034,0.15877670244662193,0.19197995764870388,2,2,0.5,0.09453120573423074,0.9054687942657693,0.5,0.09453120573423074,0.9054687942657693,1,linear,whole_base_sequence,72.35390514080309,131.57969348086215,6,0,0,nan,nan,nan,2,True,0.00018775000353343785,0.0,0.0,0.00011944291156923093,2912.680802874849,3146.284875815864,11.950032074591272,True,True,False,45.0,45,45,37.0,35,39,8.0,6,10,33.5,32,35,33.5,32,35,6.0,6,6,27.5,26,29,0.0,0,0,0.0,0,0,0.0,0,0
informative,mixed,retarded_ekf,True,14.5,2,2,0,1.0,0.34238022750665303,1.0,2,1.0,0.34238022750665303,1.0,{},1.4709054021963017,1.591006352500979,0.1476899528161515,0.16854682439736304,2,2,0.5,0.09453120573423074,0.9054687942657693,0.5,0.09453120573423074,0.9054687942657693,1,linear,whole_base_sequence,71.43335077473665,128.6107842039167,6,7,0,1.2506763948370594,2.7360448125747814,1.0,2,True,0.006270350000704639,0.002094599971314892,0.0,7.831626537145041e-05,4977.368057535925,5033.805381021655,14.071452411118036,True,True,False,45.0,45,45,37.0,35,39,8.0,6,10,37.0,35,39,37.0,35,39,6.0,6,6,31.0,29,33,0.0,0,0,0.0,0,0,0.0,0,0
informative,mixed,retarded_ekf,True,2.0,2,0,2,0.0,0.0,0.6576197724933469,0,0.0,0.0,0.6576197724933469,"{""not_initialized"": 2}",nan,nan,nan,nan,0,2,nan,nan,nan,0.0,0.0,0.6576197724933469,0,linear,whole_base_sequence,nan,nan,6,0,0,nan,nan,nan,2,True,6.650001159869134e-05,0.0,nan,nan,nan,nan,1.6185951750071994,True,True,False,45.0,45,45,37.0,35,39,8.0,6,10,1.5,1,2,0.0,0,0,0.0,0,0,0.0,0,0,0.0,0,0,0.0,0,0,1.5,1,2
informative,mixed,retarded_ekf,True,2.5,2,0,2,0.0,0.0,0.6576197724933469,0,0.0,0.0,0.6576197724933469,"{""not_initialized"": 2}",nan,nan,nan,nan,0,2,nan,nan,nan,0.0,0.0,0.6576197724933469,0,linear,whole_base_sequence,nan,nan,6,0,0,nan,nan,nan,2,True,0.00013169999874662608,0.0,nan,nan,nan,nan,2.3904156828065504,True,True,False,45.0,45,45,37.0,35,39,8.0,6,10,3.0,2,4,0.0,0,0,0.0,0,0,0.0,0,0,0.0,0,0,0.0,0,0,3.0,2,4
informative,mixed,retarded_ekf,True,3.0,2,1,1,0.5,0.09453120573423074,0.9054687942657693,1,0.5,0.09453120573423074,0.9054687942657693,"{""not_initialized"": 1}",1.6534530930272167,1.6534530930272167,1.0253321929512518,1.0253321929512518,1,2,1.0,0.20654931437723745,1.0,0.5,0.09453120573423074,0.9054687942657693,1,linear,whole_base_sequence,7.302928637890684,7.302928637890684,6,0,0,nan,nan,nan,2,True,0.02729209999961313,0.0,0.0,0.01035361707972285,110.74848821200737,110.74848821200737,2.869233918993059,True,True,False,45.0,45,45,37.0,35,39,8.0,6,10,4.5,3,6,3.0,0,6,3.0,0,6,0.0,0,0,0.0,0,0,0.0,0,0,1.5,0,3
informative,mixed,retarded_ekf,True,3.5,2,1,1,0.5,0.09453120573423074,0.9054687942657693,1,0.5,0.09453120573423074,0.9054687942657693,"{""not_initialized"": 1}",2.1611825717828452,2.1611825717828452,0.9960772883221746,0.9960772883221746,1,2,1.0,0.20654931437723745,1.0,0.5,0.09453120573423074,0.9054687942657693,1,linear,whole_base_sequence,6.455431610053718,6.455431610053718,6,1,0,1.230398997210319,1.230398997210319,1.0,2,True,0.0007370499952230603,0.00030359999800566584,0.0,0.005407921689101705,313.58025230942644,313.58025230942644,3.411539462064961,True,True,False,45.0,45,45,37.0,35,39,8.0,6,10,5.5,4,7,3.5,0,7,3.0,0,6,0.5,0,1,0.0,0,0,0.0,0,0,2.0,0,4
informative,mixed,retarded_ekf,True,4.0,2,2,0,1.0,0.34238022750665303,1.0,2,1.0,0.34238022750665303,1.0,{},0.6412672773594893,0.7794666660141926,0.21100933624515292,0.25481720192875895,2,2,1.0,0.34238022750665303,1.0,1.0,0.34238022750665303,1.0,2,linear,whole_base_sequence,1.922846506704493,2.5560754567038195,6,3,0,5.510865292587418,10.31271159993328,0.6666666666666666,2,True,0.016301199997542426,0.0007214500074042007,0.0,0.0036381225274038486,343.51366898814706,362.3498423317506,3.924462215075208,True,True,False,45.0,45,45,37.0,35,39,8.0,6,10,8.0,7,9,8.0,7,9,6.0,6,6,2.0,1,3,0.0,0,0,0.0,0,0,0.0,0,0
informative,mixed,retarded_ekf,True,4.5,2,2,0,1.0,0.34238022750665303,1.0,2,1.0,0.34238022750665303,1.0,{},0.8324974846322828,0.9097848622073363,0.27287276336986876,0.2834370968324596,2,2,1.0,0.34238022750665303,1.0,1.0,0.34238022750665303,1.0,2,linear,whole_base_sequence,2.5225757825171233,2.616048384285071,6,2,0,1.0346733709714628,1.8124743660383518,1.0,2,True,0.0010179500095546246,0.0005519999976968393,0.0,0.002651427930796737,493.6710731325997,610.5605729507142,4.26915252075562,True,True,False,45.0,45,45,37.0,35,39,8.0,6,10,9.0,9,9,9.0,9,9,6.0,6,6,3.0,3,3,0.0,0,0,0.0,0,0,0.0,0,0
informative,mixed,retarded_ekf,True,5.0,2,2,0,1.0,0.34238022750665303,1.0,2,1.0,0.34238022750665303,1.0,{},1.1267715144245458,1.2985894631478452,0.28284741164388616,0.35420765999620457,2,2,1.0,0.34238022750665303,1.0,1.0,0.34238022750665303,1.0,2,linear,whole_base_sequence,3.847494545298675,4.129632595035529,6,3,0,1.361398813392124,2.1378543161409143,1.0,2,True,0.001705200003925711,0.000930750000406988,0.0,0.0018877951877311618,553.6700084081465,650.6588535040457,4.9867559410100135,True,True,False,45.0,45,45,37.0,35,39,8.0,6,10,10.5,10,11,10.5,10,11,6.0,6,6,4.5,4,5,0.0,0,0,0.0,0,0,0.0,0,0
informative,mixed,retarded_ekf,True,5.5,2,2,0,1.0,0.34238022750665303,1.0,2,1.0,0.34238022750665303,1.0,{},9.750513349841334,13.117454587825431,2.4100803368521584,3.24207370920463,2,2,0.5,0.09453120573423074,0.9054687942657693,0.5,0.09453120573423074,0.9054687942657693,1,linear,whole_base_sequence,348.36416087049736,658.2148708195399,6,6,0,594.673056694612,2670.2023317045378,0.8333333333333334,2,True,0.003920800008927472,0.002025049994699657,0.0,0.0014056814906314487,407.9393128345488,423.97380829191707,5.358490514213985,True,True,False,45.0,45,45,37.0,35,39,8.0,6,10,13.5,12,15,13.5,12,15,6.0,6,6,7.5,6,9,0.0,0,0,0.0,0,0,0.0,0,0
informative,mixed,retarded_ekf,True,6.0,2,2,0,1.0,0.34238022750665303,1.0,2,1.0,0.34238022750665303,1.0,{},10.96720323941237,14.750203091925131,2.4136410449198693,3.245346445438673,2,2,0.5,0.09453120573423074,0.9054687942657693,0.5,0.09453120573423074,0.9054687942657693,1,linear,whole_base_sequence,349.9202624414296,658.3704809766338,6,3,0,5.19202621313398,7.561220045231514,0.3333333333333333,2,True,0.002654549985891208,0.0013562499807449058,0.0,0.001095169676597208,495.0287504484336,642.508253071071,5.889471910152518,True,True,False,45.0,45,45,37.0,35,39,8.0,6,10,15.0,15,15,15.0,15,15,6.0,6,6,9.0,9,9,0.0,0,0,0.0,0,0,0.0,0,0
informative,mixed,retarded_ekf,True,6.5,2,2,0,1.0,0.34238022750665303,1.0,2,1.0,0.34238022750665303,1.0,{},11.817950284292378,15.896339048673289,2.3500295186605267,3.1602120794931774,2,2,0.5,0.09453120573423074,0.9054687942657693,0.5,0.09453120573423074,0.9054687942657693,1,linear,whole_base_sequence,303.41384225432614,570.8651190419971,6,2,0,47.90417353076523,89.8216773751722,0.5,2,True,0.0014620999863836914,0.0006835000094724819,0.0,0.0008539626906017825,749.0509421148932,979.7001168791753,6.067670559662038,True,True,False,45.0,45,45,37.0,35,39,8.0,6,10,16.0,16,16,16.0,16,16,6.0,6,6,10.0,10,10,0.0,0,0,0.0,0,0,0.0,0,0
informative,mixed,retarded_ekf,True,7.0,2,2,0,1.0,0.34238022750665303,1.0,2,1.0,0.34238022750665303,1.0,{},3.9128355215674313,5.144746593314795,0.6004184409943087,0.7711488168210828,2,2,0.5,0.09453120573423074,0.9054687942657693,0.5,0.09453120573423074,0.9054687942657693,1,linear,whole_base_sequence,122.27667653107906,225.06834456434856,6,4,0,94.26899364399992,173.85346121498765,0.25,2,True,0.0021676499891327694,0.0010316500120097771,0.0,0.0006786132033426488,635.5353130138062,648.1541970883274,6.996862735900991,True,True,False,45.0,45,45,37.0,35,39,8.0,6,10,18.0,17,19,18.0,17,19,6.0,6,6,12.0,11,13,0.0,0,0,0.0,0,0,0.0,0,0
informative,mixed,retarded_ekf,True,7.5,2,2,0,1.0,0.34238022750665303,1.0,2,1.0,0.34238022750665303,1.0,{},4.210539819696792,5.52893496713746,0.6004184409943087,0.7711488168210828,2,2,0.5,0.09453120573423074,0.9054687942657693,0.5,0.09453120573423074,0.9054687942657693,1,linear,whole_base_sequence,122.27667653107906,225.06834456434865,6,0,0,nan,nan,nan,2,True,0.00010289999772794545,0.0,0.0,0.000553605235375316,942.2717917711241,958.1527705878987,6.996862735900991,True,True,False,45.0,45,45,37.0,35,39,8.0,6,10,18.0,17,19,18.0,17,19,6.0,6,6,12.0,11,13,0.0,0,0,0.0,0,0,0.0,0,0
informative,mixed,retarded_ekf,True,8.0,2,2,0,1.0,0.34238022750665303,1.0,2,1.0,0.34238022750665303,1.0,{},2.654207798216861,3.275907472073075,0.3339094440393323,0.3725314079273682,2,2,0.5,0.09453120573423074,0.9054687942657693,0.5,0.09453120573423074,0.9054687942657693,1,linear,whole_base_sequence,88.34549312265364,159.90080755435022,6,7,0,11.16491620187564,32.62472202417338,0.5714285714285714,2,True,0.004974750001565553,0.002197750029154122,0.0,0.00044979889178106865,839.8856874227971,994.8935277565615,7.986874546412868,True,True,False,45.0,45,45,37.0,35,39,8.0,6,10,21.5,19,24,21.5,19,24,6.0,6,6,15.5,13,18,0.0,0,0,0.0,0,0,0.0,0,0
informative,mixed,retarded_ekf,True,8.5,2,2,0,1.0,0.34238022750665303,1.0,2,1.0,0.34238022750665303,1.0,{},2.5193133788212494,3.3804842213952377,0.26860592003759465,0.360578273244093,2,2,0.5,0.09453120573423074,0.9054687942657693,0.5,0.09453120573423074,0.9054687942657693,1,linear,whole_base_sequence,85.78807764691189,159.64506600677734,6,2,0,5.734284079749818,8.59180416884615,0.5,2,True,0.0011666499922284856,0.0004886499955318868,0.0,0.00037483150256334007,1030.7918472672,1088.2715432610767,8.30648377892664,True,True,False,45.0,45,45,37.0,35,39,8.0,6,10,22.5,21,24,22.5,21,24,6.0,6,6,16.5,15,18,0.0,0,0,0.0,0,0,0.0,0,0
informative,mixed,retarded_ekf,True,9.0,2,2,0,1.0,0.34238022750665303,1.0,2,1.0,0.34238022750665303,1.0,{},2.7563192261231064,3.5851697207873596,0.2884310703838945,0.3660903010800006,2,2,0.5,0.09453120573423074,0.9054687942657693,0.5,0.09453120573423074,0.9054687942657693,1,linear,whole_base_sequence,87.87215511830482,159.85347375391714,6,2,0,2.905740341478418,5.154013937519007,1.0,2,True,0.0020757999882334843,0.0008356000034837052,0.0,0.00031616798741402214,1208.8604363252703,1351.2423307190356,8.768650246117499,True,True,False,45.0,45,45,37.0,35,39,8.0,6,10,23.5,23,24,23.5,23,24,6.0,6,6,17.5,17,18,0.0,0,0,0.0,0,0,0.0,0,0
informative,mixed,retarded_ekf,True,9.5,2,2,0,1.0,0.34238022750665303,1.0,2,1.0,0.34238022750665303,1.0,{},2.1307083984043604,2.6517198833523636,0.21604754269637763,0.25638257348531257,2,2,0.5,0.09453120573423074,0.9054687942657693,0.5,0.09453120573423074,0.9054687942657693,1,linear,whole_base_sequence,79.88661903417085,143.83624977182396,6,4,0,4.761214292289616,8.273786227707161,0.5,2,True,0.002379750003456138,0.0009343999845441431,0.0,0.00026921455177704006,1257.5331321669782,1273.1084761822224,9.333750254095143,True,True,False,45.0,45,45,37.0,35,39,8.0,6,10,25.5,24,27,25.5,24,27,6.0,6,6,19.5,18,21,0.0,0,0,0.0,0,0,0.0,0,0
informative,nominal,causal_prefix_batch,True,0.0,2,0,2,0.0,0.0,0.6576197724933469,0,0.0,0.0,0.6576197724933469,"{""insufficient_measurements"": 2}",nan,nan,nan,nan,0,2,nan,nan,nan,0.0,0.0,0.6576197724933469,0,linear,whole_base_sequence,nan,nan,6,0,0,nan,nan,nan,2,True,3.945000935345888e-05,0.0,nan,nan,nan,nan,nan,True,True,True,45.0,45,45,45.0,45,45,0.0,0,0,0.0,0,0,0.0,0,0,0.0,0,0,0.0,0,0,0.0,0,0,0.0,0,0,0.0,0,0
informative,nominal,causal_prefix_batch,True,0.5,2,0,2,0.0,0.0,0.6576197724933469,0,0.0,0.0,0.6576197724933469,"{""insufficient_measurements"": 2}",nan,nan,nan,nan,0,2,nan,nan,nan,0.0,0.0,0.6576197724933469,0,linear,whole_base_sequence,nan,nan,6,0,0,nan,nan,nan,2,True,2.379999205004424e-05,0.0,nan,nan,nan,nan,nan,True,True,True,45.0,45,45,45.0,45,45,0.0,0,0,0.0,0,0,0.0,0,0,0.0,0,0,0.0,0,0,0.0,0,0,0.0,0,0,0.0,0,0
informative,nominal,causal_prefix_batch,True,1.0,2,1,1,0.5,0.09453120573423074,0.9054687942657693,1,0.5,0.09453120573423074,0.9054687942657693,"{""insufficient_measurements"": 1}",1.7126128089279982,1.7126128089279982,4.529606349885589,4.529606349885589,1,2,1.0,0.20654931437723745,1.0,0.5,0.09453120573423074,0.9054687942657693,1,linear,whole_base_sequence,1.4422874474701983,1.4422874474701983,6,0,0,nan,nan,nan,2,True,0.007452400008332916,0.0,0.0,0.07132272688098952,2624.472583233586,2624.472583233586,0.9408566648613441,True,True,True,45.0,45,45,45.0,45,45,0.0,0,0,2.5,2,3,2.5,2,3,0.0,0,0,0.0,0,0,0.0,0,0,0.0,0,0,0.0,0,0
informative,nominal,causal_prefix_batch,True,1.5,2,2,0,1.0,0.34238022750665303,1.0,2,1.0,0.34238022750665303,1.0,{},4.669770438607525,5.217547707512253,4.757222306500143,4.952192697861562,2,2,1.0,0.34238022750665303,1.0,1.0,0.34238022750665303,1.0,2,linear,whole_base_sequence,3.3601542798077317,5.0862344289116095,6,0,0,nan,nan,nan,2,True,0.014321700000436977,0.0,0.0,0.04536038227657214,6750.443945637491,6975.719522019471,1.2000124660892886,True,True,True,45.0,45,45,45.0,45,45,0.0,0,0,3.0,3,3,3.0,3,3,0.0,0,0,0.0,0,0,0.0,0,0,0.0,0,0,0.0,0,0
informative,nominal,causal_prefix_batch,True,10.0,2,2,0,1.0,0.34238022750665303,1.0,2,1.0,0.34238022750665303,1.0,{},0.5787912938122743,0.6833081242607731,0.099459281319227,0.11255944902604514,2,2,1.0,0.34238022750665303,1.0,1.0,0.34238022750665303,1.0,2,linear,whole_base_sequence,6.671064652389732,7.376498666458964,6,0,0,nan,nan,nan,2,True,0.26162225000734907,0.0,0.0,0.00022433930220737408,1138.4497969196912,1155.1212781089343,9.670899249589615,True,True,True,45.0,45,45,45.0,45,45,0.0,0,0,35.0,35,35,35.0,35,35,0.0,0,0,0.0,0,0,0.0,0,0,0.0,0,0,0.0,0,0
informative,nominal,causal_prefix_batch,True,10.5,2,2,0,1.0,0.34238022750665303,1.0,2,1.0,0.34238022750665303,1.0,{},0.5166385052041469,0.5452413620300045,0.09251170468830953,0.09336926794607617,2,2,1.0,0.34238022750665303,1.0,1.0,0.34238022750665303,1.0,2,linear,whole_base_sequence,6.332824872452091,7.215801929760356,6,0,0,nan,nan,nan,2,True,0.2240746500028763,0.0,0.0,0.00019532087233715127,1229.7422316319112,1245.1748831640716,10.463239363147233,True,True,True,45.0,45,45,45.0,45,45,0.0,0,0,37.0,37,37,37.0,37,37,0.0,0,0,0.0,0,0,0.0,0,0,0.0,0,0,0.0,0,0
informative,nominal,causal_prefix_batch,True,11.0,2,2,0,1.0,0.34238022750665303,1.0,2,1.0,0.34238022750665303,1.0,{},0.5603188772042795,0.6558364694844928,0.0892379382486034,0.10157780290768773,2,2,1.0,0.34238022750665303,1.0,1.0,0.34238022750665303,1.0,2,linear,whole_base_sequence,7.377093413625647,8.13024371837416,6,0,0,nan,nan,nan,2,True,0.2876373000035528,0.0,0.0,0.00017143063836875638,1380.545914025577,1396.263977225237,10.828002937431222,True,True,True,45.0,45,45,45.0,45,45,0.0,0,0,39.0,39,39,39.0,39,39,0.0,0,0,0.0,0,0,0.0,0,0,0.0,0,0,0.0,0,0
informative,nominal,causal_prefix_batch,True,11.5,2,2,0,1.0,0.34238022750665303,1.0,2,1.0,0.34238022750665303,1.0,{},0.5109289802808226,0.6394543433411309,0.07493534563313412,0.09510638194099026,2,2,1.0,0.34238022750665303,1.0,1.0,0.34238022750665303,1.0,2,linear,whole_base_sequence,6.2768994110897145,6.427641702574585,6,0,0,nan,nan,nan,2,True,0.30508404997817706,0.0,0.0,0.00015127543635908816,1640.3006435218695,1677.9122826666153,11.362322374391251,True,True,True,45.0,45,45,45.0,45,45,0.0,0,0,40.5,40,41,40.5,40,41,0.0,0,0,0.0,0,0,0.0,0,0,0.0,0,0,0.0,0,0
informative,nominal,causal_prefix_batch,True,12.0,2,2,0,1.0,0.34238022750665303,1.0,2,1.0,0.34238022750665303,1.0,{},0.533992222328108,0.5907552461875408,0.06559431394645714,0.08305135159062596,2,2,1.0,0.34238022750665303,1.0,1.0,0.34238022750665303,1.0,2,linear,whole_base_sequence,6.0826150075557255,6.572932639453038,6,0,0,nan,nan,nan,2,True,0.2656871999934083,0.0,0.0,0.00013435962264581245,1760.8874580711974,1772.5706093197248,11.83006655804374,True,True,True,45.0,45,45,45.0,45,45,0.0,0,0,43.0,43,43,43.0,43,43,0.0,0,0,0.0,0,0,0.0,0,0,0.0,0,0,0.0,0,0
informative,nominal,causal_prefix_batch,True,12.5,2,2,0,1.0,0.34238022750665303,1.0,2,1.0,0.34238022750665303,1.0,{},0.6338062104940815,0.7430081284249307,0.07440162193462163,0.09422604283949827,2,2,1.0,0.34238022750665303,1.0,1.0,0.34238022750665303,1.0,2,linear,whole_base_sequence,6.469745738804052,6.658318545847326,6,0,0,nan,nan,nan,2,True,0.2908649000019068,0.0,0.0,0.00012000610852614806,2050.1620348464257,2127.483224351953,12.31286511220431,True,True,True,45.0,45,45,45.0,45,45,0.0,0,0,44.5,44,45,44.5,44,45,0.0,0,0,0.0,0,0,0.0,0,0,0.0,0,0,0.0,0,0
informative,nominal,causal_prefix_batch,True,14.5,2,2,0,1.0,0.34238022750665303,1.0,2,1.0,0.34238022750665303,1.0,{},0.7465477148938245,0.9242297438631053,0.07347383960302935,0.09404969338760485,2,2,1.0,0.34238022750665303,1.0,1.0,0.34238022750665303,1.0,2,linear,whole_base_sequence,6.348587668719421,6.646202738838213,6,0,0,nan,nan,nan,2,True,0.291617299997597,0.0,0.0,8.001405676098759e-05,4317.9599865142145,4346.955946885434,12.514118335958992,True,True,True,45.0,45,45,45.0,45,45,0.0,0,0,45.0,45,45,45.0,45,45,0.0,0,0,0.0,0,0,0.0,0,0,0.0,0,0,0.0,0,0
informative,nominal,causal_prefix_batch,True,2.0,2,2,0,1.0,0.34238022750665303,1.0,2,1.0,0.34238022750665303,1.0,{},1.4464291118504922,1.7357749528310988,1.1528951759937551,1.287338215752432,2,2,1.0,0.34238022750665303,1.0,1.0,0.34238022750665303,1.0,2,linear,whole_base_sequence,4.192931290518361,4.540707262936726,6,0,0,nan,nan,nan,2,True,0.028023500010021962,0.0,0.0,0.02171206531881701,187.49938896378492,187.8161504043717,1.863447742681687,True,True,True,45.0,45,45,45.0,45,45,0.0,0,0,5.0,5,5,5.0,5,5,0.0,0,0,0.0,0,0,0.0,0,0,0.0,0,0,0.0,0,0
informative,nominal,causal_prefix_batch,True,2.5,2,2,0,1.0,0.34238022750665303,1.0,2,1.0,0.34238022750665303,1.0,{},1.164852734076196,1.4233665277873886,0.798694451237016,0.9158952618424954,2,2,1.0,0.34238022750665303,1.0,1.0,0.34238022750665303,1.0,2,linear,whole_base_sequence,5.279700247847719,6.1615368133669355,6,0,0,nan,nan,nan,2,True,0.04364079999504611,0.0,0.0,0.011456013829140249,89.39842578414687,91.11890034040343,2.479060706877549,True,True,True,45.0,45,45,45.0,45,45,0.0,0,0,8.0,8,8,8.0,8,8,0.0,0,0,0.0,0,0,0.0,0,0,0.0,0,0,0.0,0,0
informative,nominal,causal_prefix_batch,True,3.0,2,2,0,1.0,0.34238022750665303,1.0,2,1.0,0.34238022750665303,1.0,{},0.8912182012018295,1.0375646333667845,0.43119315786901796,0.560689289224527,2,2,1.0,0.34238022750665303,1.0,1.0,0.34238022750665303,1.0,2,linear,whole_base_sequence,3.84612582289232,4.507316345941267,6,0,0,nan,nan,nan,2,True,0.05013265000889078,0.0,0.0,0.0071115138882919295,121.50260447604339,123.04734789771399,2.801421863407455,True,True,True,45.0,45,45,45.0,45,45,0.0,0,0,9.0,9,9,9.0,9,9,0.0,0,0,0.0,0,0,0.0,0,0,0.0,0,0,0.0,0,0
informative,nominal,causal_prefix_batch,True,3.5,2,2,0,1.0,0.34238022750665303,1.0,2,1.0,0.34238022750665303,1.0,{},0.5007990258463508,0.5469963957919612,0.22274955499626486,0.29151618850587996,2,2,1.0,0.34238022750665303,1.0,1.0,0.34238022750665303,1.0,2,linear,whole_base_sequence,3.3801932601286575,3.9439687791655103,6,0,0,nan,nan,nan,2,True,0.058191549993352965,0.0,0.0,0.004599387217118866,123.20205043068003,147.57290928161964,3.401151285240659,True,True,True,45.0,45,45,45.0,45,45,0.0,0,0,11.5,11,12,11.5,11,12,0.0,0,0,0.0,0,0,0.0,0,0,0.0,0,0,0.0,0,0
informative,nominal,causal_prefix_batch,True,4.0,2,2,0,1.0,0.34238022750665303,1.0,2,1.0,0.34238022750665303,1.0,{},0.675468767693958,0.6874868576178381,0.2336219518034153,0.2937449314421382,2,2,1.0,0.34238022750665303,1.0,1.0,0.34238022750665303,1.0,2,linear,whole_base_sequence,4.064041056869717,4.115728554899649,6,0,0,nan,nan,nan,2,True,0.05828470000415109,0.0,0.0,0.0031980738280498505,198.9755794328699,201.813621428207,3.6554622793035705,True,True,True,45.0,45,45,45.0,45,45,0.0,0,0,12.0,12,12,12.0,12,12,0.0,0,0,0.0,0,0,0.0,0,0,0.0,0,0,0.0,0,0
informative,nominal,causal_prefix_batch,True,4.5,2,2,0,1.0,0.34238022750665303,1.0,2,1.0,0.34238022750665303,1.0,{},1.4020889971887596,1.8643555260339377,0.46710700959075824,0.6280216749974266,2,2,0.5,0.09453120573423074,0.9054687942657693,0.5,0.09453120573423074,0.9054687942657693,1,linear,whole_base_sequence,9.59456515061403,14.950222001713515,6,0,0,nan,nan,nan,2,True,0.08485629998904187,0.0,0.0,0.0022671994954066997,211.9974315107963,250.86016443335052,4.367226688858158,True,True,True,45.0,45,45,45.0,45,45,0.0,0,0,14.5,14,15,14.5,14,15,0.0,0,0,0.0,0,0,0.0,0,0,0.0,0,0,0.0,0,0
informative,nominal,causal_prefix_batch,True,5.0,2,2,0,1.0,0.34238022750665303,1.0,2,1.0,0.34238022750665303,1.0,{},0.8079711118825315,0.9447789879081908,0.2329198101149558,0.30730822485182613,2,2,1.0,0.34238022750665303,1.0,1.0,0.34238022750665303,1.0,2,linear,whole_base_sequence,7.297699054373478,9.755591151369341,6,0,0,nan,nan,nan,2,True,0.08671300001151394,0.0,0.0,0.0016697765315845383,197.58478763237093,222.16468702849457,4.99270526792087,True,True,True,45.0,45,45,45.0,45,45,0.0,0,0,17.5,17,18,17.5,17,18,0.0,0,0,0.0,0,0,0.0,0,0,0.0,0,0,0.0,0,0
informative,nominal,causal_prefix_batch,True,5.5,2,2,0,1.0,0.34238022750665303,1.0,2,1.0,0.34238022750665303,1.0,{},0.9444704487090375,1.098417382970363,0.2360625063444428,0.30813114847192374,2,2,1.0,0.34238022750665303,1.0,1.0,0.34238022750665303,1.0,2,linear,whole_base_sequence,7.880949484505274,9.813916238040585,6,0,0,nan,nan,nan,2,True,0.08766015000583138,0.0,0.0,0.0012694385991839602,290.9703142275388,295.76004404493887,5.293557399773563,True,True,True,45.0,45,45,45.0,45,45,0.0,0,0,18.0,18,18,18.0,18,18,0.0,0,0,0.0,0,0,0.0,0,0,0.0,0,0,0.0,0,0
informative,nominal,causal_prefix_batch,True,6.0,2,2,0,1.0,0.34238022750665303,1.0,2,1.0,0.34238022750665303,1.0,{},0.40406175578773335,0.40854525594004304,0.0974665853371975,0.11594364212022497,2,2,1.0,0.34238022750665303,1.0,1.0,0.34238022750665303,1.0,2,linear,whole_base_sequence,4.83857859910319,5.647465514269062,6,0,0,nan,nan,nan,2,True,0.13518645001749974,0.0,0.0,0.000983473726503361,284.04154848937645,288.59021193057447,5.972518470726317,True,True,True,45.0,45,45,45.0,45,45,0.0,0,0,21.0,21,21,21.0,21,21,0.0,0,0,0.0,0,0,0.0,0,0,0.0,0,0,0.0,0,0
informative,nominal,causal_prefix_batch,True,6.5,2,2,0,1.0,0.34238022750665303,1.0,2,1.0,0.34238022750665303,1.0,{},0.45983066745062434,0.5802552852330385,0.10880851832995966,0.14169691779393942,2,2,1.0,0.34238022750665303,1.0,1.0,0.34238022750665303,1.0,2,linear,whole_base_sequence,4.8993941001108015,5.012701738534451,6,0,0,nan,nan,nan,2,True,0.13204554999538232,0.0,0.0,0.0007799836943081611,381.64580974580144,387.071979270843,6.480735441103977,True,True,True,45.0,45,45,45.0,45,45,0.0,0,0,22.0,22,22,22.0,22,22,0.0,0,0,0.0,0,0,0.0,0,0,0.0,0,0,0.0,0,0
informative,nominal,causal_prefix_batch,True,7.0,2,2,0,1.0,0.34238022750665303,1.0,2,1.0,0.34238022750665303,1.0,{},0.5705891808725697,0.6681555967411713,0.0771033229304374,0.08344710416366716,2,2,1.0,0.34238022750665303,1.0,1.0,0.34238022750665303,1.0,2,linear,whole_base_sequence,6.12575688100365,7.6143479742842635,6,0,0,nan,nan,nan,2,True,0.11336279999522958,0.0,0.0,0.0006280510074880364,445.4389162667663,450.75369465102284,6.814280685441847,True,True,True,45.0,45,45,45.0,45,45,0.0,0,0,24.0,24,24,24.0,24,24,0.0,0,0,0.0,0,0,0.0,0,0,0.0,0,0,0.0,0,0
informative,nominal,causal_prefix_batch,True,7.5,2,2,0,1.0,0.34238022750665303,1.0,2,1.0,0.34238022750665303,1.0,{},0.35509397369848966,0.42283792626899097,0.055223435575557936,0.061683987916405524,2,2,1.0,0.34238022750665303,1.0,1.0,0.34238022750665303,1.0,2,linear,whole_base_sequence,5.6908186548665745,7.337511359754583,6,0,0,nan,nan,nan,2,True,0.14438800000061747,0.0,0.0,0.000513573615931572,501.69005458579426,552.9582709489862,7.359225597122656,True,True,True,45.0,45,45,45.0,45,45,0.0,0,0,26.5,26,27,26.5,26,27,0.0,0,0,0.0,0,0,0.0,0,0,0.0,0,0,0.0,0,0
informative,nominal,causal_prefix_batch,True,8.0,2,2,0,1.0,0.34238022750665303,1.0,2,1.0,0.34238022750665303,1.0,{},0.3550784575840819,0.43765927812329974,0.0522488713956384,0.06131378306769553,2,2,1.0,0.34238022750665303,1.0,1.0,0.34238022750665303,1.0,2,linear,whole_base_sequence,5.663068552063962,7.334736349474268,6,0,0,nan,nan,nan,2,True,0.13305089999630582,0.0,0.0,0.00042614960087874955,620.8499942423766,648.1781410437359,7.82229996010676,True,True,True,45.0,45,45,45.0,45,45,0.0,0,0,27.5,27,28,27.5,27,28,0.0,0,0,0.0,0,0,0.0,0,0,0.0,0,0,0.0,0,0
informative,nominal,causal_prefix_batch,True,8.5,2,2,0,1.0,0.34238022750665303,1.0,2,1.0,0.34238022750665303,1.0,{},0.41785682908050076,0.5072042039897999,0.09036383871820254,0.11334505161217315,2,2,1.0,0.34238022750665303,1.0,1.0,0.34238022750665303,1.0,2,linear,whole_base_sequence,6.5168480641384745,8.78675330807078,6,0,0,nan,nan,nan,2,True,0.13899510000192095,0.0,0.0,0.00035754481721337667,675.2762702263126,685.2569523312986,8.472755136575147,True,True,True,45.0,45,45,45.0,45,45,0.0,0,0,30.0,30,30,30.0,30,30,0.0,0,0,0.0,0,0,0.0,0,0,0.0,0,0,0.0,0,0
informative,nominal,causal_prefix_batch,True,9.0,2,2,0,1.0,0.34238022750665303,1.0,2,1.0,0.34238022750665303,1.0,{},0.5294752326923635,0.6395397776044565,0.09077358133734391,0.1017087290058238,2,2,1.0,0.34238022750665303,1.0,1.0,0.34238022750665303,1.0,2,linear,whole_base_sequence,6.67271400936053,7.588926316789165,6,0,0,nan,nan,nan,2,True,0.15578855000785552,0.0,0.0,0.0003033730458989087,833.3583193584334,860.4944801937929,8.835771165437594,True,True,True,45.0,45,45,45.0,45,45,0.0,0,0,31.5,31,32,31.5,31,32,0.0,0,0,0.0,0,0,0.0,0,0,0.0,0,0,0.0,0,0
informative,nominal,causal_prefix_batch,True,9.5,2,2,0,1.0,0.34238022750665303,1.0,2,1.0,0.34238022750665303,1.0,{},0.6813546160970447,0.7807505088451734,0.12393375597338194,0.12823222064750245,2,2,1.0,0.34238022750665303,1.0,1.0,0.34238022750665303,1.0,2,linear,whole_base_sequence,6.958405587704622,7.843959404997927,6,0,0,nan,nan,nan,2,True,0.2233795999927679,0.0,0.0,0.0002596617162784823,960.7330886613297,977.2408085568053,9.312732259279388,True,True,True,45.0,45,45,45.0,45,45,0.0,0,0,33.0,33,33,33.0,33,33,0.0,0,0,0.0,0,0,0.0,0,0,0.0,0,0,0.0,0,0
informative,nominal,initial_batch_no_updates,True,0.0,2,0,2,0.0,0.0,0.6576197724933469,0,0.0,0.0,0.6576197724933469,"{""not_initialized"": 2}",nan,nan,nan,nan,0,2,nan,nan,nan,0.0,0.0,0.6576197724933469,0,linear,whole_base_sequence,nan,nan,6,0,0,nan,nan,nan,2,True,1.6500125639140606e-06,0.0,nan,nan,nan,nan,nan,True,True,True,45.0,45,45,45.0,45,45,0.0,0,0,0.0,0,0,0.0,0,0,0.0,0,0,0.0,0,0,0.0,0,0,0.0,0,0,0.0,0,0
informative,nominal,initial_batch_no_updates,True,0.5,2,0,2,0.0,0.0,0.6576197724933469,0,0.0,0.0,0.6576197724933469,"{""not_initialized"": 2}",nan,nan,nan,nan,0,2,nan,nan,nan,0.0,0.0,0.6576197724933469,0,linear,whole_base_sequence,nan,nan,6,0,0,nan,nan,nan,2,True,1.2999953469261527e-06,0.0,nan,nan,nan,nan,nan,True,True,True,45.0,45,45,45.0,45,45,0.0,0,0,0.0,0,0,0.0,0,0,0.0,0,0,0.0,0,0,0.0,0,0,0.0,0,0,0.0,0,0
informative,nominal,initial_batch_no_updates,True,1.0,2,0,2,0.0,0.0,0.6576197724933469,0,0.0,0.0,0.6576197724933469,"{""not_initialized"": 2}",nan,nan,nan,nan,0,2,nan,nan,nan,0.0,0.0,0.6576197724933469,0,linear,whole_base_sequence,nan,nan,6,0,0,nan,nan,nan,2,True,1.9500002963468432e-06,0.0,nan,nan,nan,nan,0.9408566648613441,True,True,True,45.0,45,45,45.0,45,45,0.0,0,0,2.5,2,3,0.0,0,0,0.0,0,0,0.0,0,0,0.0,0,0,0.0,0,0,2.5,2,3
informative,nominal,initial_batch_no_updates,True,1.5,2,0,2,0.0,0.0,0.6576197724933469,0,0.0,0.0,0.6576197724933469,"{""not_initialized"": 2}",nan,nan,nan,nan,0,2,nan,nan,nan,0.0,0.0,0.6576197724933469,0,linear,whole_base_sequence,nan,nan,6,0,0,nan,nan,nan,2,True,2.7500209398567677e-06,0.0,nan,nan,nan,nan,1.2000124660892886,True,True,True,45.0,45,45,45.0,45,45,0.0,0,0,3.0,3,3,0.0,0,0,0.0,0,0,0.0,0,0,0.0,0,0,0.0,0,0,3.0,3,3
informative,nominal,initial_batch_no_updates,True,10.0,2,2,0,1.0,0.34238022750665303,1.0,2,1.0,0.34238022750665303,1.0,{},9.006720027269951,9.920094243977685,0.9723663231404932,1.0608481191325538,2,2,1.0,0.34238022750665303,1.0,1.0,0.34238022750665303,1.0,2,linear,whole_base_sequence,4.404645378644872,4.479090238594431,6,0,0,nan,nan,nan,2,True,0.00010304999887011945,0.0,0.0,0.0005127072396813974,118038.99146535876,118463.96147186997,9.670899249589615,True,True,True,45.0,45,45,45.0,45,45,0.0,0,0,35.0,35,35,6.0,6,6,6.0,6,6,0.0,0,0,0.0,0,0,0.0,0,0,29.0,29,29
informative,nominal,initial_batch_no_updates,True,10.5,2,2,0,1.0,0.34238022750665303,1.0,2,1.0,0.34238022750665303,1.0,{},9.49234071965522,10.45014927713645,0.9723663231404932,1.0608481191325538,2,2,1.0,0.34238022750665303,1.0,1.0,0.34238022750665303,1.0,2,linear,whole_base_sequence,4.404645378644931,4.479090238594558,6,0,0,nan,nan,nan,2,True,0.00014984999143052846,0.0,0.0,0.000460973932802794,145919.80877449756,146444.2977943455,10.463239363147233,True,True,True,45.0,45,45,45.0,45,45,0.0,0,0,37.0,37,37,6.0,6,6,6.0,6,6,0.0,0,0,0.0,0,0,0.0,0,0,31.0,31,31
informative,nominal,initial_batch_no_updates,True,11.0,2,2,0,1.0,0.34238022750665303,1.0,2,1.0,0.34238022750665303,1.0,{},9.978016193593408,10.980240005415437,0.9723663231404932,1.0608481191325538,2,2,1.0,0.34238022750665303,1.0,1.0,0.34238022750665303,1.0,2,linear,whole_base_sequence,4.404645378644901,4.479090238594367,6,0,0,nan,nan,nan,2,True,0.00010289999772794545,0.0,0.0,0.0004166660588447064,178493.42217842332,179134.03613979797,10.828002937431222,True,True,True,45.0,45,45,45.0,45,45,0.0,0,0,39.0,39,39,6.0,6,6,6.0,6,6,0.0,0,0,0.0,0,0,0.0,0,0,33.0,33,33
informative,nominal,initial_batch_no_updates,True,11.5,2,2,0,1.0,0.34238022750665303,1.0,2,1.0,0.34238022750665303,1.0,{},10.463738821013678,11.510361489906568,0.9723663231404932,1.0608481191325538,2,2,1.0,0.34238022750665303,1.0,1.0,0.34238022750665303,1.0,2,linear,whole_base_sequence,4.404645378644947,4.479090238594488,6,0,0,nan,nan,nan,2,True,8.660000457894057e-05,0.0,0.0,0.00037843220138556995,216261.24037438887,217036.34406285602,11.362322374391251,True,True,True,45.0,45,45,45.0,45,45,0.0,0,0,40.5,40,41,6.0,6,6,6.0,6,6,0.0,0,0,0.0,0,0,0.0,0,0,34.5,34,35
informative,nominal,initial_batch_no_updates,True,12.0,2,2,0,1.0,0.34238022750665303,1.0,2,1.0,0.34238022750665303,1.0,{},10.94950232669751,12.040509662484508,0.9723663231404932,1.0608481191325538,2,2,1.0,0.34238022750665303,1.0,1.0,0.34238022750665303,1.0,2,linear,whole_base_sequence,4.404645378644875,4.479090238594369,6,0,0,nan,nan,nan,2,True,9.695001062937081e-05,0.0,0.0,0.0003452140555858862,259750.23117615253,260680.03711470906,11.83006655804374,True,True,True,45.0,45,45,45.0,45,45,0.0,0,0,43.0,43,43,6.0,6,6,6.0,6,6,0.0,0,0,0.0,0,0,0.0,0,0,37.0,37,37
informative,nominal,initial_batch_no_updates,True,12.5,2,2,0,1.0,0.34238022750665303,1.0,2,1.0,0.34238022750665303,1.0,{},11.435301501207057,12.570681142037179,0.9723663231404932,1.0608481191325538,2,2,1.0,0.34238022750665303,1.0,1.0,0.34238022750665303,1.0,2,linear,whole_base_sequence,4.404645378644741,4.479090238594283,6,0,0,nan,nan,nan,2,True,8.860000525601208e-05,0.0,0.0,0.00031617353203194573,309512.9214901645,310619.57880079263,12.31286511220431,True,True,True,45.0,45,45,45.0,45,45,0.0,0,0,44.5,44,45,6.0,6,6,6.0,6,6,0.0,0,0,0.0,0,0,0.0,0,0,38.5,38,39
informative,nominal,initial_batch_no_updates,True,14.5,2,2,0,1.0,0.34238022750665303,1.0,2,1.0,0.34238022750665303,1.0,{},13.378777172821694,14.691549606211213,0.9723663231404932,1.0608481191325538,2,2,1.0,0.34238022750665303,1.0,1.0,0.34238022750665303,1.0,2,linear,whole_base_sequence,4.404645378644721,4.479090238594443,6,0,0,nan,nan,nan,2,True,0.00012885000614915043,0.0,0.0,0.00023014786543312305,583245.7848081492,585323.1816296496,12.514118335958992,True,True,True,45.0,45,45,45.0,45,45,0.0,0,0,45.0,45,45,6.0,6,6,6.0,6,6,0.0,0,0,0.0,0,0,0.0,0,0,39.0,39,39
informative,nominal,initial_batch_no_updates,True,2.0,2,0,2,0.0,0.0,0.6576197724933469,0,0.0,0.0,0.6576197724933469,"{""not_initialized"": 2}",nan,nan,nan,nan,0,2,nan,nan,nan,0.0,0.0,0.6576197724933469,0,linear,whole_base_sequence,nan,nan,6,0,0,nan,nan,nan,2,True,2.7999922167509794e-06,0.0,nan,nan,nan,nan,1.863447742681687,True,True,True,45.0,45,45,45.0,45,45,0.0,0,0,5.0,5,5,0.0,0,0,0.0,0,0,0.0,0,0,0.0,0,0,0.0,0,0,5.0,5,5
informative,nominal,initial_batch_no_updates,True,2.5,2,2,0,1.0,0.34238022750665303,1.0,2,1.0,0.34238022750665303,1.0,{},1.760079914750866,1.9931807546052065,0.9723663231404932,1.0608481191325538,2,2,1.0,0.34238022750665303,1.0,1.0,0.34238022750665303,1.0,2,linear,whole_base_sequence,4.40464537864494,4.479090238594551,6,0,0,nan,nan,nan,2,True,8.680002065375447e-05,0.0,0.0,0.012273501532843215,215.15850210682382,215.98723829470157,2.479060706877549,True,True,True,45.0,45,45,45.0,45,45,0.0,0,0,8.0,8,8,6.0,6,6,6.0,6,6,0.0,0,0,0.0,0,0,0.0,0,0,2.0,2,2
informative,nominal,initial_batch_no_updates,True,3.0,2,2,0,1.0,0.34238022750665303,1.0,2,1.0,0.34238022750665303,1.0,{},2.233872421799196,2.5158242704188636,0.9723663231404932,1.0608481191325538,2,2,1.0,0.34238022750665303,1.0,1.0,0.34238022750665303,1.0,2,linear,whole_base_sequence,4.404645378644927,4.479090238594512,6,0,0,nan,nan,nan,2,True,8.644998888485134e-05,0.0,0.0,0.008076217238002713,492.9115183560332,494.79871356775647,2.801421863407455,True,True,True,45.0,45,45,45.0,45,45,0.0,0,0,9.0,9,9,6.0,6,6,6.0,6,6,0.0,0,0,0.0,0,0,0.0,0,0,3.0,3,3
informative,nominal,initial_batch_no_updates,True,3.5,2,2,0,1.0,0.34238022750665303,1.0,2,1.0,0.34238022750665303,1.0,{},2.712054354291132,3.0411785036313495,0.9723663231404932,1.0608481191325538,2,2,1.0,0.34238022750665303,1.0,1.0,0.34238022750665303,1.0,2,linear,whole_base_sequence,4.404645378644944,4.479090238594559,6,0,0,nan,nan,nan,2,True,8.710000838618726e-05,0.0,0.0,0.005624296265638137,1009.4090233696118,1013.2426124437059,3.401151285240659,True,True,True,45.0,45,45,45.0,45,45,0.0,0,0,11.5,11,12,6.0,6,6,6.0,6,6,0.0,0,0,0.0,0,0,0.0,0,0,5.5,5,6
informative,nominal,initial_batch_no_updates,True,4.0,2,2,0,1.0,0.34238022750665303,1.0,2,1.0,0.34238022750665303,1.0,{},3.1926540334920097,3.568040630105808,0.9723663231404932,1.0608481191325538,2,2,1.0,0.34238022750665303,1.0,1.0,0.34238022750665303,1.0,2,linear,whole_base_sequence,4.404645378644929,4.479090238594482,6,0,0,nan,nan,nan,2,True,0.00010955000470858067,0.0,0.0,0.004106955416375229,1882.6815370405948,1889.7752368767672,3.6554622793035705,True,True,True,45.0,45,45,45.0,45,45,0.0,0,0,12.0,12,12,6.0,6,6,6.0,6,6,0.0,0,0,0.0,0,0,0.0,0,0,6.0,6,6
informative,nominal,initial_batch_no_updates,True,4.5,2,2,0,1.0,0.34238022750665303,1.0,2,1.0,0.34238022750665303,1.0,{},3.674722964755994,4.095826299408179,0.9723663231404932,1.0608481191325538,2,2,1.0,0.34238022750665303,1.0,1.0,0.34238022750665303,1.0,2,linear,whole_base_sequence,4.404645378644927,4.47909023859456,6,0,0,nan,nan,nan,2,True,8.514997898600996e-05,0.0,0.0,0.003115986656374215,3256.313249864532,3268.495408984486,4.367226688858158,True,True,True,45.0,45,45,45.0,45,45,0.0,0,0,14.5,14,15,6.0,6,6,6.0,6,6,0.0,0,0,0.0,0,0,0.0,0,0,8.5,8,9
informative,nominal,initial_batch_no_updates,True,5.0,2,2,0,1.0,0.34238022750665303,1.0,2,1.0,0.34238022750665303,1.0,{},4.157750123687829,4.624218080828921,0.9723663231404932,1.0608481191325538,2,2,1.0,0.34238022750665303,1.0,1.0,0.34238022750665303,1.0,2,linear,whole_base_sequence,4.404645378644933,4.479090238594505,6,0,0,nan,nan,nan,2,True,8.164999599102885e-05,0.0,0.0,0.0024382617258412857,5299.4456647222105,5319.148127853875,4.99270526792087,True,True,True,45.0,45,45,45.0,45,45,0.0,0,0,17.5,17,18,6.0,6,6,6.0,6,6,0.0,0,0,0.0,0,0,0.0,0,0,11.5,11,12
informative,nominal,initial_batch_no_updates,True,5.5,2,2,0,1.0,0.34238022750665303,1.0,2,1.0,0.34238022750665303,1.0,{},4.641436356079454,5.1530288809223075,0.9723663231404932,1.0608481191325538,2,2,1.0,0.34238022750665303,1.0,1.0,0.34238022750665303,1.0,2,linear,whole_base_sequence,4.404645378644915,4.47909023859447,6,0,0,nan,nan,nan,2,True,0.00010910001583397388,0.0,0.0,0.001956534099728952,8206.778737834353,8237.125716169368,5.293557399773563,True,True,True,45.0,45,45,45.0,45,45,0.0,0,0,18.0,18,18,6.0,6,6,6.0,6,6,0.0,0,0,0.0,0,0,0.0,0,0,12.0,12,12
informative,nominal,initial_batch_no_updates,True,6.0,2,2,0,1.0,0.34238022750665303,1.0,2,1.0,0.34238022750665303,1.0,{},5.125595081279346,5.6821413465440385,0.9723663231404932,1.0608481191325538,2,2,1.0,0.34238022750665303,1.0,1.0,0.34238022750665303,1.0,2,linear,whole_base_sequence,4.404645378644977,4.479090238594544,6,0,0,nan,nan,nan,2,True,0.00011110000195913017,0.0,0.0,0.0016028961469090831,12198.5712682361,12243.468212050671,5.972518470726317,True,True,True,45.0,45,45,45.0,45,45,0.0,0,0,21.0,21,21,6.0,6,6,6.0,6,6,0.0,0,0,0.0,0,0,0.0,0,0,15.0,15,15
informative,nominal,initial_batch_no_updates,True,6.5,2,2,0,1.0,0.34238022750665303,1.0,2,1.0,0.34238022750665303,1.0,{},5.610103970527001,6.211478168170952,0.9723663231404932,1.0608481191325538,2,2,1.0,0.34238022750665303,1.0,1.0,0.34238022750665303,1.0,2,linear,whole_base_sequence,4.4046453786449575,4.479090238594595,6,0,0,nan,nan,nan,2,True,8.435000199824572e-05,0.0,0.0,0.001336147153582055,17520.64104416931,17584.8635163793,6.480735441103977,True,True,True,45.0,45,45,45.0,45,45,0.0,0,0,22.0,22,22,6.0,6,6,6.0,6,6,0.0,0,0,0.0,0,0,0.0,0,0,16.0,16,16
informative,nominal,initial_batch_no_updates,True,7.0,2,2,0,1.0,0.34238022750665303,1.0,2,1.0,0.34238022750665303,1.0,{},6.094879516134788,6.740986355164957,0.9723663231404932,1.0608481191325538,2,2,1.0,0.34238022750665303,1.0,1.0,0.34238022750665303,1.0,2,linear,whole_base_sequence,4.404645378644906,4.479090238594499,6,0,0,nan,nan,nan,2,True,8.430000161752105e-05,0.0,0.0,0.0011302503691948658,24444.364903206948,24533.64745358788,6.814280685441847,True,True,True,45.0,45,45,45.0,45,45,0.0,0,0,24.0,24,24,6.0,6,6,6.0,6,6,0.0,0,0,0.0,0,0,0.0,0,0,18.0,18,18
informative,nominal,initial_batch_no_updates,True,7.5,2,2,0,1.0,0.34238022750665303,1.0,2,1.0,0.34238022750665303,1.0,{},6.579862780139483,7.270628376587349,0.9723663231404932,1.0608481191325538,2,2,1.0,0.34238022750665303,1.0,1.0,0.34238022750665303,1.0,2,linear,whole_base_sequence,4.404645378644926,4.47909023859447,6,0,0,nan,nan,nan,2,True,8.455000352114439e-05,0.0,0.0,0.0009681575223466284,33266.67875907553,33387.803798534296,7.359225597122656,True,True,True,45.0,45,45,45.0,45,45,0.0,0,0,26.5,26,27,6.0,6,6,6.0,6,6,0.0,0,0,0.0,0,0,0.0,0,0,20.5,20,21
informative,nominal,initial_batch_no_updates,True,8.0,2,2,0,1.0,0.34238022750665303,1.0,2,1.0,0.34238022750665303,1.0,{},7.065010985689928,7.800376909653386,0.9723663231404932,1.0608481191325538,2,2,1.0,0.34238022750665303,1.0,1.0,0.34238022750665303,1.0,2,linear,whole_base_sequence,4.404645378644936,4.479090238594615,6,0,0,nan,nan,nan,2,True,8.669999078847468e-05,0.0,0.0,0.0008383552523929559,44310.07761408987,44470.96428900822,7.82229996010676,True,True,True,45.0,45,45,45.0,45,45,0.0,0,0,27.5,27,28,6.0,6,6,6.0,6,6,0.0,0,0,0.0,0,0,0.0,0,0,21.5,21,22
informative,nominal,initial_batch_no_updates,True,8.5,2,2,0,1.0,0.34238022750665303,1.0,2,1.0,0.34238022750665303,1.0,{},7.550292337622616,8.330211591660733,0.9723663231404932,1.0608481191325538,2,2,1.0,0.34238022750665303,1.0,1.0,0.34238022750665303,1.0,2,linear,whole_base_sequence,4.404645378645043,4.479090238594713,6,0,0,nan,nan,nan,2,True,8.569998317398131e-05,0.0,0.0,0.0007328550020363469,57922.61556585091,58132.40863307181,8.472755136575147,True,True,True,45.0,45,45,45.0,45,45,0.0,0,0,30.0,30,30,6.0,6,6,6.0,6,6,0.0,0,0,0.0,0,0,0.0,0,0,24.0,24,24
informative,nominal,initial_batch_no_updates,True,9.0,2,2,0,1.0,0.34238022750665303,1.0,2,1.0,0.34238022750665303,1.0,{},8.035682713521908,8.860116937373071,0.9723663231404932,1.0608481191325538,2,2,1.0,0.34238022750665303,1.0,1.0,0.34238022750665303,1.0,2,linear,whole_base_sequence,4.40464537864484,4.4790902385943605,6,0,0,nan,nan,nan,2,True,8.795001485850662e-05,0.0,0.0,0.0006459805480362137,74477.90580979935,74747.06451101061,8.835771165437594,True,True,True,45.0,45,45,45.0,45,45,0.0,0,0,31.5,31,32,6.0,6,6,6.0,6,6,0.0,0,0,0.0,0,0,0.0,0,0,25.5,25,26
informative,nominal,initial_batch_no_updates,True,9.5,2,2,0,1.0,0.34238022750665303,1.0,2,1.0,0.34238022750665303,1.0,{},8.521163482436874,9.390080961697558,0.9723663231404932,1.0608481191325538,2,2,1.0,0.34238022750665303,1.0,1.0,0.34238022750665303,1.0,2,linear,whole_base_sequence,4.404645378644906,4.479090238594423,6,0,0,nan,nan,nan,2,True,0.00010230000771116465,0.0,0.0,0.0005736130181559336,94375.12064331019,94715.50757966138,9.312732259279388,True,True,True,45.0,45,45,45.0,45,45,0.0,0,0,33.0,33,33,6.0,6,6,6.0,6,6,0.0,0,0,0.0,0,0,0.0,0,0,27.0,27,27
informative,nominal,offline_full_record_noncausal,False,14.5,2,2,0,1.0,0.34238022750665303,1.0,2,1.0,0.34238022750665303,1.0,{},0.7465477148938245,0.9242297438631053,0.07347383960302935,0.09404969338760485,2,2,1.0,0.34238022750665303,1.0,1.0,0.34238022750665303,1.0,2,linear,whole_base_sequence,6.348587668719421,6.646202738838213,6,0,0,nan,nan,nan,2,True,0.3113673499901779,0.0,0.0,8.001405676098759e-05,4317.9599865142145,4346.955946885434,12.514118335958992,True,True,True,45.0,45,45,45.0,45,45,0.0,0,0,45.0,45,45,45.0,45,45,0.0,0,0,0.0,0,0,0.0,0,0,0.0,0,0,0.0,0,0
informative,nominal,retarded_ekf,True,0.0,2,0,2,0.0,0.0,0.6576197724933469,0,0.0,0.0,0.6576197724933469,"{""not_initialized"": 2}",nan,nan,nan,nan,0,2,nan,nan,nan,0.0,0.0,0.6576197724933469,0,linear,whole_base_sequence,nan,nan,6,0,0,nan,nan,nan,2,True,2.3899992811493576e-05,0.0,nan,nan,nan,nan,nan,True,True,True,45.0,45,45,45.0,45,45,0.0,0,0,0.0,0,0,0.0,0,0,0.0,0,0,0.0,0,0,0.0,0,0,0.0,0,0,0.0,0,0
informative,nominal,retarded_ekf,True,0.5,2,0,2,0.0,0.0,0.6576197724933469,0,0.0,0.0,0.6576197724933469,"{""not_initialized"": 2}",nan,nan,nan,nan,0,2,nan,nan,nan,0.0,0.0,0.6576197724933469,0,linear,whole_base_sequence,nan,nan,6,0,0,nan,nan,nan,2,True,9.799987310543656e-06,0.0,nan,nan,nan,nan,nan,True,True,True,45.0,45,45,45.0,45,45,0.0,0,0,0.0,0,0,0.0,0,0,0.0,0,0,0.0,0,0,0.0,0,0,0.0,0,0,0.0,0,0
informative,nominal,retarded_ekf,True,1.0,2,0,2,0.0,0.0,0.6576197724933469,0,0.0,0.0,0.6576197724933469,"{""not_initialized"": 2}",nan,nan,nan,nan,0,2,nan,nan,nan,0.0,0.0,0.6576197724933469,0,linear,whole_base_sequence,nan,nan,6,0,0,nan,nan,nan,2,True,0.0001846000086516142,0.0,nan,nan,nan,nan,0.9408566648613441,True,True,True,45.0,45,45,45.0,45,45,0.0,0,0,2.5,2,3,0.0,0,0,0.0,0,0,0.0,0,0,0.0,0,0,0.0,0,0,2.5,2,3
informative,nominal,retarded_ekf,True,1.5,2,0,2,0.0,0.0,0.6576197724933469,0,0.0,0.0,0.6576197724933469,"{""not_initialized"": 2}",nan,nan,nan,nan,0,2,nan,nan,nan,0.0,0.0,0.6576197724933469,0,linear,whole_base_sequence,nan,nan,6,0,0,nan,nan,nan,2,True,6.0649996157735586e-05,0.0,nan,nan,nan,nan,1.2000124660892886,True,True,True,45.0,45,45,45.0,45,45,0.0,0,0,3.0,3,3,0.0,0,0,0.0,0,0,0.0,0,0,0.0,0,0,0.0,0,0,3.0,3,3
informative,nominal,retarded_ekf,True,10.0,2,2,0,1.0,0.34238022750665303,1.0,2,1.0,0.34238022750665303,1.0,{},0.5796558228049693,0.6858924371009866,0.09888281949937931,0.11214951564573239,2,2,1.0,0.34238022750665303,1.0,1.0,0.34238022750665303,1.0,2,linear,whole_base_sequence,6.574471358368234,7.354867110892473,6,4,0,2.4974506365828635,3.8049142842961707,1.0,2,True,0.003356399989570491,0.00122304999968037,0.0,0.0002240485064373277,1137.9147547162684,1149.1071887673515,9.670899249589615,True,True,True,45.0,45,45,45.0,45,45,0.0,0,0,35.0,35,35,35.0,35,35,6.0,6,6,29.0,29,29,0.0,0,0,0.0,0,0,0.0,0,0
informative,nominal,retarded_ekf,True,10.5,2,2,0,1.0,0.34238022750665303,1.0,2,1.0,0.34238022750665303,1.0,{},0.5156331955836122,0.5466817052609653,0.0918228689151411,0.09278719133100305,2,2,1.0,0.34238022750665303,1.0,1.0,0.34238022750665303,1.0,2,linear,whole_base_sequence,6.222785808230708,7.180412305644389,6,4,0,1.219009163345444,2.2476059728793345,1.0,2,True,0.0038469499995699152,0.0012635500024771318,0.0,0.00019516589563644686,1230.6755139719685,1241.6910988597936,10.463239363147233,True,True,True,45.0,45,45,45.0,45,45,0.0,0,0,37.0,37,37,37.0,37,37,6.0,6,6,31.0,31,31,0.0,0,0,0.0,0,0,0.0,0,0
informative,nominal,retarded_ekf,True,11.0,2,2,0,1.0,0.34238022750665303,1.0,2,1.0,0.34238022750665303,1.0,{},0.5605330958414277,0.6556440991927892,0.08870966423485693,0.10091267877841174,2,2,1.0,0.34238022750665303,1.0,1.0,0.34238022750665303,1.0,2,linear,whole_base_sequence,7.286945033532728,8.130192560491475,6,4,0,1.6476006899685556,4.208797647907892,1.0,2,True,0.0045002999977441505,0.001372450016788207,0.0,0.00017121120791838541,1377.6041906354678,1389.759538094616,10.828002937431222,True,True,True,45.0,45,45,45.0,45,45,0.0,0,0,39.0,39,39,39.0,39,39,6.0,6,6,33.0,33,33,0.0,0,0,0.0,0,0,0.0,0,0
informative,nominal,retarded_ekf,True,11.5,2,2,0,1.0,0.34238022750665303,1.0,2,1.0,0.34238022750665303,1.0,{},0.5121877642200828,0.6388727186902958,0.07443776508983295,0.09441302575193694,2,2,1.0,0.34238022750665303,1.0,1.0,0.34238022750665303,1.0,2,linear,whole_base_sequence,6.18467917722073,6.241566872215654,6,3,0,1.8577121400277763,4.536895026231334,1.0,2,True,0.003001099990797229,0.0009073999972315505,0.0,0.00015119893965204585,1635.7528851494767,1670.9249261910354,11.362322374391251,True,True,True,45.0,45,45,45.0,45,45,0.0,0,0,40.5,40,41,40.5,40,41,6.0,6,6,34.5,34,35,0.0,0,0,0.0,0,0,0.0,0,0
informative,nominal,retarded_ekf,True,12.0,2,2,0,1.0,0.34238022750665303,1.0,2,1.0,0.34238022750665303,1.0,{},0.5371313506214309,0.5906833542986024,0.06536223368108493,0.08247620912068551,2,2,1.0,0.34238022750665303,1.0,1.0,0.34238022750665303,1.0,2,linear,whole_base_sequence,5.995743869180603,6.592917331417175,6,5,0,1.7932273657983475,5.816736882683559,0.8,2,True,0.004253200007951818,0.0013654999929713085,0.0,0.0001343120542552788,1753.7122986958416,1763.3972165829364,11.83006655804374,True,True,True,45.0,45,45,45.0,45,45,0.0,0,0,43.0,43,43,43.0,43,43,6.0,6,6,37.0,37,37,0.0,0,0,0.0,0,0,0.0,0,0
informative,nominal,retarded_ekf,True,12.5,2,2,0,1.0,0.34238022750665303,1.0,2,1.0,0.34238022750665303,1.0,{},0.6362710997895569,0.7417968986849004,0.07416078450625398,0.09361433750468688,2,2,1.0,0.34238022750665303,1.0,1.0,0.34238022750665303,1.0,2,linear,whole_base_sequence,6.386341230256768,6.471272022420392,6,3,0,1.8708299165174018,3.163262451583797,1.0,2,True,0.004413599977851845,0.001414500002283603,0.0,0.0001199721689256136,2040.3328066717386,2121.309349046509,12.31286511220431,True,True,True,45.0,45,45,45.0,45,45,0.0,0,0,44.5,44,45,44.5,44,45,6.0,6,6,38.5,38,39,0.0,0,0,0.0,0,0,0.0,0,0
informative,nominal,retarded_ekf,True,14.5,2,2,0,1.0,0.34238022750665303,1.0,2,1.0,0.34238022750665303,1.0,{},0.7476927886939999,0.9217751788326385,0.0731604939401857,0.09342796946045712,2,2,1.0,0.34238022750665303,1.0,1.0,0.34238022750665303,1.0,2,linear,whole_base_sequence,6.261541331600627,6.458792032554816,6,1,0,0.36158977544064425,0.36158977544064425,1.0,2,True,0.001238299984834157,0.0004444499936653301,0.0,8.00684481164596e-05,4298.336020384801,4319.694407148921,12.514118335958992,True,True,True,45.0,45,45,45.0,45,45,0.0,0,0,45.0,45,45,45.0,45,45,6.0,6,6,39.0,39,39,0.0,0,0,0.0,0,0,0.0,0,0
informative,nominal,retarded_ekf,True,2.0,2,0,2,0.0,0.0,0.6576197724933469,0,0.0,0.0,0.6576197724933469,"{""not_initialized"": 2}",nan,nan,nan,nan,0,2,nan,nan,nan,0.0,0.0,0.6576197724933469,0,linear,whole_base_sequence,nan,nan,6,0,0,nan,nan,nan,2,True,0.00028404999466147274,0.0,nan,nan,nan,nan,1.863447742681687,True,True,True,45.0,45,45,45.0,45,45,0.0,0,0,5.0,5,5,0.0,0,0,0.0,0,0,0.0,0,0,0.0,0,0,0.0,0,0,5.0,5,5
informative,nominal,retarded_ekf,True,2.5,2,2,0,1.0,0.34238022750665303,1.0,2,1.0,0.34238022750665303,1.0,{},1.16375291240412,1.41952958331332,0.7966550952998886,0.9138863671261305,2,2,1.0,0.34238022750665303,1.0,1.0,0.34238022750665303,1.0,2,linear,whole_base_sequence,5.220760316438712,6.01373768513661,6,4,0,1.9138103035838911,3.9651441731435275,1.0,2,True,0.031978800005163066,0.0009764499845914543,0.0,0.011441130765519107,89.00991669162538,89.20081357469446,2.479060706877549,True,True,True,45.0,45,45,45.0,45,45,0.0,0,0,8.0,8,8,8.0,8,8,6.0,6,6,2.0,2,2,0.0,0,0,0.0,0,0,0.0,0,0
informative,nominal,retarded_ekf,True,3.0,2,2,0,1.0,0.34238022750665303,1.0,2,1.0,0.34238022750665303,1.0,{},0.8885122656047982,1.0472205288501841,0.43057402459431066,0.5629576091173593,2,2,1.0,0.34238022750665303,1.0,1.0,0.34238022750665303,1.0,2,linear,whole_base_sequence,3.7667936778845195,4.553895815983918,6,2,0,6.170781978730343,11.331788040759173,0.5,2,True,0.0008993999945232645,0.0004941999941365793,0.0,0.0071072914971713344,122.53670205541151,123.44970803517758,2.801421863407455,True,True,True,45.0,45,45,45.0,45,45,0.0,0,0,9.0,9,9,9.0,9,9,6.0,6,6,3.0,3,3,0.0,0,0,0.0,0,0,0.0,0,0
informative,nominal,retarded_ekf,True,3.5,2,2,0,1.0,0.34238022750665303,1.0,2,1.0,0.34238022750665303,1.0,{},0.5054590790385634,0.5459211010277951,0.22435710609584422,0.29310477045070543,2,2,1.0,0.34238022750665303,1.0,1.0,0.34238022750665303,1.0,2,linear,whole_base_sequence,3.2973180588831905,3.7770840295413968,6,5,0,1.2765105471524174,3.325792003946521,1.0,2,True,0.0021603499917546287,0.0011959500116063282,0.0,0.004617387341899789,121.68257182547316,145.8589321612133,3.401151285240659,True,True,True,45.0,45,45,45.0,45,45,0.0,0,0,11.5,11,12,11.5,11,12,6.0,6,6,5.5,5,6,0.0,0,0,0.0,0,0,0.0,0,0
informative,nominal,retarded_ekf,True,4.0,2,2,0,1.0,0.34238022750665303,1.0,2,1.0,0.34238022750665303,1.0,{},0.6793619714311564,0.6875991390794984,0.23553713443431593,0.2953528478469786,2,2,1.0,0.34238022750665303,1.0,1.0,0.34238022750665303,1.0,2,linear,whole_base_sequence,3.9813038821994398,4.117125152525787,6,1,0,1.013059978887783,1.013059978887783,1.0,2,True,0.0005269500106805936,0.0002469500032020733,0.0,0.003191361843541278,197.13622732021832,199.0513875084582,3.6554622793035705,True,True,True,45.0,45,45,45.0,45,45,0.0,0,0,12.0,12,12,12.0,12,12,6.0,6,6,6.0,6,6,0.0,0,0,0.0,0,0,0.0,0,0
informative,nominal,retarded_ekf,True,4.5,2,2,0,1.0,0.34238022750665303,1.0,2,1.0,0.34238022750665303,1.0,{},1.4084889638775053,1.8729385110706624,0.4692919708570832,0.630966918860505,2,2,0.5,0.09453120573423074,0.9054687942657693,0.5,0.09453120573423074,0.9054687942657693,1,linear,whole_base_sequence,9.602463169508658,14.967682370426685,6,5,0,2.474788223224177,5.331703901258752,1.0,2,True,0.0029715999990003183,0.0015170499827945605,0.0,0.0022583392412655686,208.67265257127855,245.07825795123856,4.367226688858158,True,True,True,45.0,45,45,45.0,45,45,0.0,0,0,14.5,14,15,14.5,14,15,6.0,6,6,8.5,8,9,0.0,0,0,0.0,0,0,0.0,0,0
informative,nominal,retarded_ekf,True,5.0,2,2,0,1.0,0.34238022750665303,1.0,2,1.0,0.34238022750665303,1.0,{},0.8091541954989655,0.9450210839579881,0.23290330654517202,0.3069551859199,2,2,1.0,0.34238022750665303,1.0,1.0,0.34238022750665303,1.0,2,linear,whole_base_sequence,7.150502895885378,9.472454735432537,6,6,0,2.088279445782803,3.66822198872987,1.0,2,True,0.0029500000091502443,0.0014291999978013337,0.0,0.0016666960567394721,196.58424982414488,221.2708221692461,4.99270526792087,True,True,True,45.0,45,45,45.0,45,45,0.0,0,0,17.5,17,18,17.5,17,18,6.0,6,6,11.5,11,12,0.0,0,0,0.0,0,0,0.0,0,0
informative,nominal,retarded_ekf,True,5.5,2,2,0,1.0,0.34238022750665303,1.0,2,1.0,0.34238022750665303,1.0,{},0.9455466138503994,1.098650667012458,0.23607893062263674,0.3077718419141509,2,2,1.0,0.34238022750665303,1.0,1.0,0.34238022750665303,1.0,2,linear,whole_base_sequence,7.73494694941397,9.530899140785609,6,1,0,0.11725708448443393,0.11725708448443393,1.0,2,True,0.0005837000062456354,0.0002376000047661364,0.0,0.0012641829479892275,289.62939295281035,293.79271209407926,5.293557399773563,True,True,True,45.0,45,45,45.0,45,45,0.0,0,0,18.0,18,18,18.0,18,18,6.0,6,6,12.0,12,12,0.0,0,0,0.0,0,0,0.0,0,0
informative,nominal,retarded_ekf,True,6.0,2,2,0,1.0,0.34238022750665303,1.0,2,1.0,0.34238022750665303,1.0,{},0.4037904795392222,0.40595695030799395,0.09676979024733945,0.11521296931303056,2,2,1.0,0.34238022750665303,1.0,1.0,0.34238022750665303,1.0,2,linear,whole_base_sequence,4.709444754319681,5.629158640791952,6,6,0,3.1161252267151607,5.251403515705862,1.0,2,True,0.0043699999951059,0.0019265000009909272,0.0,0.0009795996673816385,285.75162637350655,289.68588371941655,5.972518470726317,True,True,True,45.0,45,45,45.0,45,45,0.0,0,0,21.0,21,21,21.0,21,21,6.0,6,6,15.0,15,15,0.0,0,0,0.0,0,0,0.0,0,0
informative,nominal,retarded_ekf,True,6.5,2,2,0,1.0,0.34238022750665303,1.0,2,1.0,0.34238022750665303,1.0,{},0.46004192470971056,0.5795702394047423,0.10830603388095827,0.1412420395707904,2,2,1.0,0.34238022750665303,1.0,1.0,0.34238022750665303,1.0,2,linear,whole_base_sequence,4.764923083562541,4.765084726007847,6,2,0,1.8465760463724257,2.6641071604077227,1.0,2,True,0.0016347999917343259,0.0006630999996559694,0.0,0.0007770759431735863,383.0729290271611,387.524265880181,6.480735441103977,True,True,True,45.0,45,45,45.0,45,45,0.0,0,0,22.0,22,22,22.0,22,22,6.0,6,6,16.0,16,16,0.0,0,0,0.0,0,0,0.0,0,0
informative,nominal,retarded_ekf,True,7.0,2,2,0,1.0,0.34238022750665303,1.0,2,1.0,0.34238022750665303,1.0,{},0.572915791426875,0.6719908147242751,0.0779028605284292,0.08388384912329257,2,2,1.0,0.34238022750665303,1.0,1.0,0.34238022750665303,1.0,2,linear,whole_base_sequence,6.007199765217997,7.618444161456286,6,4,0,2.1806229236096883,4.205352494112024,1.0,2,True,0.0023072500043781474,0.000949399996898137,0.0,0.0006254660833585287,446.4683819509516,452.12442530768135,6.814280685441847,True,True,True,45.0,45,45,45.0,45,45,0.0,0,0,24.0,24,24,24.0,24,24,6.0,6,6,18.0,18,18,0.0,0,0,0.0,0,0,0.0,0,0
informative,nominal,retarded_ekf,True,7.5,2,2,0,1.0,0.34238022750665303,1.0,2,1.0,0.34238022750665303,1.0,{},0.35872595229391535,0.42597883976944295,0.05577388668907234,0.061693255493815276,2,2,1.0,0.34238022750665303,1.0,1.0,0.34238022750665303,1.0,2,linear,whole_base_sequence,5.5866380701083695,7.333548982312121,6,5,0,2.360047817054335,4.388472718783273,1.0,2,True,0.0030230000120354816,0.001217699988046661,0.0,0.0005117224871344422,504.37583488904454,555.3767373203607,7.359225597122656,True,True,True,45.0,45,45,45.0,45,45,0.0,0,0,26.5,26,27,26.5,26,27,6.0,6,6,20.5,20,21,0.0,0,0,0.0,0,0,0.0,0,0
informative,nominal,retarded_ekf,True,8.0,2,2,0,1.0,0.34238022750665303,1.0,2,1.0,0.34238022750665303,1.0,{},0.3585332641207437,0.44101292342024395,0.05253822547942408,0.06129759546102519,2,2,1.0,0.34238022750665303,1.0,1.0,0.34238022750665303,1.0,2,linear,whole_base_sequence,5.560975529222434,7.330982728223621,6,2,0,1.9001524806872583,2.5750886146141356,1.0,2,True,0.0012846000026911497,0.00047119999362621456,0.0,0.00042470937320946225,624.1593052620128,652.3583130121134,7.82229996010676,True,True,True,45.0,45,45,45.0,45,45,0.0,0,0,27.5,27,28,27.5,27,28,6.0,6,6,21.5,21,22,0.0,0,0,0.0,0,0,0.0,0,0
informative,nominal,retarded_ekf,True,8.5,2,2,0,1.0,0.34238022750665303,1.0,2,1.0,0.34238022750665303,1.0,{},0.4206849768585019,0.5088197331558635,0.09035196091503743,0.11313320360826973,2,2,1.0,0.34238022750665303,1.0,1.0,0.34238022750665303,1.0,2,linear,whole_base_sequence,6.418512956899845,8.782550178342397,6,5,0,1.4218084581296426,3.640531510418739,1.0,2,True,0.0031554500019410625,0.0011699500028043985,0.0,0.0003564357894088265,678.1812391958929,685.7433688496744,8.472755136575147,True,True,True,45.0,45,45,45.0,45,45,0.0,0,0,30.0,30,30,30.0,30,30,6.0,6,6,24.0,24,24,0.0,0,0,0.0,0,0,0.0,0,0
informative,nominal,retarded_ekf,True,9.0,2,2,0,1.0,0.34238022750665303,1.0,2,1.0,0.34238022750665303,1.0,{},0.5335484605730628,0.64447134284641,0.09083486747589174,0.10209777578520343,2,2,1.0,0.34238022750665303,1.0,1.0,0.34238022750665303,1.0,2,linear,whole_base_sequence,6.577107971083848,7.584930818531544,6,3,0,3.031102415554073,6.009125730136663,0.6666666666666666,2,True,0.00202315000933595,0.0007122000097297132,0.0,0.0003025166482558047,832.8256880674439,857.1412353121721,8.835771165437594,True,True,True,45.0,45,45,45.0,45,45,0.0,0,0,31.5,31,32,31.5,31,32,6.0,6,6,25.5,25,26,0.0,0,0,0.0,0,0,0.0,0,0
informative,nominal,retarded_ekf,True,9.5,2,2,0,1.0,0.34238022750665303,1.0,2,1.0,0.34238022750665303,1.0,{},0.681799305387417,0.7838025928994535,0.12341937279279845,0.1279468409759385,2,2,1.0,0.34238022750665303,1.0,1.0,0.34238022750665303,1.0,2,linear,whole_base_sequence,6.8522976134845415,7.805057702172076,6,3,0,5.267238679150831,5.82617725933591,1.0,2,True,0.0020914999913657084,0.0007264000014401972,0.0,0.0002592035179738267,960.8419400542102,971.4615032922405,9.312732259279388,True,True,True,45.0,45,45,45.0,45,45,0.0,0,0,33.0,33,33,33.0,33,33,6.0,6,6,27.0,27,27,0.0,0,0,0.0,0,0,0.0,0,0
informative,one_station_gap,causal_prefix_batch,True,0.0,2,0,2,0.0,0.0,0.6576197724933469,0,0.0,0.0,0.6576197724933469,"{""insufficient_measurements"": 2}",nan,nan,nan,nan,0,2,nan,nan,nan,0.0,0.0,0.6576197724933469,0,linear,whole_base_sequence,nan,nan,6,0,0,nan,nan,nan,2,True,4.4200001866556704e-05,0.0,nan,nan,nan,nan,nan,True,True,True,45.0,45,45,40.0,40,40,5.0,5,5,0.0,0,0,0.0,0,0,0.0,0,0,0.0,0,0,0.0,0,0,0.0,0,0,0.0,0,0
informative,one_station_gap,causal_prefix_batch,True,0.5,2,0,2,0.0,0.0,0.6576197724933469,0,0.0,0.0,0.6576197724933469,"{""insufficient_measurements"": 2}",nan,nan,nan,nan,0,2,nan,nan,nan,0.0,0.0,0.6576197724933469,0,linear,whole_base_sequence,nan,nan,6,0,0,nan,nan,nan,2,True,3.4900003811344504e-05,0.0,nan,nan,nan,nan,nan,True,True,True,45.0,45,45,40.0,40,40,5.0,5,5,0.0,0,0,0.0,0,0,0.0,0,0,0.0,0,0,0.0,0,0,0.0,0,0,0.0,0,0
informative,one_station_gap,causal_prefix_batch,True,1.0,2,1,1,0.5,0.09453120573423074,0.9054687942657693,1,0.5,0.09453120573423074,0.9054687942657693,"{""insufficient_measurements"": 1}",1.7126128089279982,1.7126128089279982,4.529606349885589,4.529606349885589,1,2,1.0,0.20654931437723745,1.0,0.5,0.09453120573423074,0.9054687942657693,1,linear,whole_base_sequence,1.4422874474701983,1.4422874474701983,6,0,0,nan,nan,nan,2,True,0.011449099984019995,0.0,0.0,0.07132272688098952,2624.472583233586,2624.472583233586,0.9408566648613441,True,True,True,45.0,45,45,40.0,40,40,5.0,5,5,2.5,2,3,2.5,2,3,0.0,0,0,0.0,0,0,0.0,0,0,0.0,0,0,0.0,0,0
informative,one_station_gap,causal_prefix_batch,True,1.5,2,2,0,1.0,0.34238022750665303,1.0,2,1.0,0.34238022750665303,1.0,{},4.669770438607525,5.217547707512253,4.757222306500143,4.952192697861562,2,2,1.0,0.34238022750665303,1.0,1.0,0.34238022750665303,1.0,2,linear,whole_base_sequence,3.3601542798077317,5.0862344289116095,6,0,0,nan,nan,nan,2,True,0.022805350003181957,0.0,0.0,0.04536038227657214,6750.443945637491,6975.719522019471,1.2000124660892886,True,True,True,45.0,45,45,40.0,40,40,5.0,5,5,3.0,3,3,3.0,3,3,0.0,0,0,0.0,0,0,0.0,0,0,0.0,0,0,0.0,0,0
informative,one_station_gap,causal_prefix_batch,True,10.0,2,2,0,1.0,0.34238022750665303,1.0,2,1.0,0.34238022750665303,1.0,{},0.8180709664396059,1.0330879386853475,0.13090263057051468,0.1619181093875562,2,2,1.0,0.34238022750665303,1.0,1.0,0.34238022750665303,1.0,2,linear,whole_base_sequence,7.286826050128836,7.497232135019981,6,0,0,nan,nan,nan,2,True,0.2267518500011647,0.0,0.0,0.0003001376230188456,1029.0645156374203,1050.266619791732,9.670899249589615,True,True,True,45.0,45,45,40.0,40,40,5.0,5,5,30.0,30,30,30.0,30,30,0.0,0,0,0.0,0,0,0.0,0,0,0.0,0,0,0.0,0,0
informative,one_station_gap,causal_prefix_batch,True,10.5,2,2,0,1.0,0.34238022750665303,1.0,2,1.0,0.34238022750665303,1.0,{},0.7104303472073791,0.84616992123468,0.1142576612273561,0.1309312952435361,2,2,1.0,0.34238022750665303,1.0,1.0,0.34238022750665303,1.0,2,linear,whole_base_sequence,6.807663783499385,6.963536658048878,6,0,0,nan,nan,nan,2,True,0.24887175000912976,0.0,0.0,0.0002636456914277801,1069.0123813659125,1089.152230495048,10.463239363147233,True,True,True,45.0,45,45,40.0,40,40,5.0,5,5,32.0,32,32,32.0,32,32,0.0,0,0,0.0,0,0,0.0,0,0,0.0,0,0,0.0,0,0
informative,one_station_gap,causal_prefix_batch,True,11.0,2,2,0,1.0,0.34238022750665303,1.0,2,1.0,0.34238022750665303,1.0,{},0.7654137563677207,0.9640673233343232,0.11128607810145794,0.13659481599640183,2,2,1.0,0.34238022750665303,1.0,1.0,0.34238022750665303,1.0,2,linear,whole_base_sequence,7.999878105908085,8.159593928101375,6,0,0,nan,nan,nan,2,True,0.24821490001340862,0.0,0.0,0.00023285230268788184,1178.5533364047988,1198.6483539657438,10.828002937431222,True,True,True,45.0,45,45,40.0,40,40,5.0,5,5,34.0,34,34,34.0,34,34,0.0,0,0,0.0,0,0,0.0,0,0,0.0,0,0,0.0,0,0
informative,one_station_gap,causal_prefix_batch,True,11.5,2,2,0,1.0,0.34238022750665303,1.0,2,1.0,0.34238022750665303,1.0,{},0.7263641738818989,0.9474325473485384,0.09784091431106544,0.1271525448781629,2,2,1.0,0.34238022750665303,1.0,1.0,0.34238022750665303,1.0,2,linear,whole_base_sequence,6.834816389826379,7.883134099003242,6,0,0,nan,nan,nan,2,True,0.25796914999955334,0.0,0.0,0.00020678972808231344,1388.715494444008,1423.2353571693818,11.362322374391251,True,True,True,45.0,45,45,40.0,40,40,5.0,5,5,35.5,35,36,35.5,35,36,0.0,0,0,0.0,0,0,0.0,0,0,0.0,0,0,0.0,0,0
informative,one_station_gap,causal_prefix_batch,True,12.0,2,2,0,1.0,0.34238022750665303,1.0,2,1.0,0.34238022750665303,1.0,{},0.7166282862058266,0.8648776877383343,0.0877374469945695,0.1128524811220897,2,2,1.0,0.34238022750665303,1.0,1.0,0.34238022750665303,1.0,2,linear,whole_base_sequence,6.370763817665161,6.558982356200605,6,0,0,nan,nan,nan,2,True,0.23949969999375753,0.0,0.0,0.00018435465439235922,1458.9671882344765,1476.9474130841675,11.83006655804374,True,True,True,45.0,45,45,40.0,40,40,5.0,5,5,38.0,38,38,38.0,38,38,0.0,0,0,0.0,0,0,0.0,0,0,0.0,0,0,0.0,0,0
informative,one_station_gap,causal_prefix_batch,True,12.5,2,2,0,1.0,0.34238022750665303,1.0,2,1.0,0.34238022750665303,1.0,{},0.8349153100116077,1.0320674639332208,0.09690974063040975,0.1240233418041727,2,2,1.0,0.34238022750665303,1.0,1.0,0.34238022750665303,1.0,2,linear,whole_base_sequence,6.964843587742193,7.940250277696908,6,0,0,nan,nan,nan,2,True,0.3190154000039911,0.0,0.0,0.00016507641696634326,1686.9559464122467,1750.2555477951769,12.31286511220431,True,True,True,45.0,45,45,40.0,40,40,5.0,5,5,39.5,39,40,39.5,39,40,0.0,0,0,0.0,0,0,0.0,0,0,0.0,0,0,0.0,0,0
informative,one_station_gap,causal_prefix_batch,True,14.5,2,2,0,1.0,0.34238022750665303,1.0,2,1.0,0.34238022750665303,1.0,{},0.9966545112170805,1.2736254683292825,0.09583381494889515,0.123802010971541,2,2,1.0,0.34238022750665303,1.0,1.0,0.34238022750665303,1.0,2,linear,whole_base_sequence,6.842882524909413,7.928054171413803,6,0,0,nan,nan,nan,2,True,0.26013024999701884,0.0,0.0,0.00011033729010934604,3480.7201138177047,3529.1278674458586,12.514118335958992,True,True,True,45.0,45,45,40.0,40,40,5.0,5,5,40.0,40,40,40.0,40,40,0.0,0,0,0.0,0,0,0.0,0,0,0.0,0,0,0.0,0,0
informative,one_station_gap,causal_prefix_batch,True,2.0,2,2,0,1.0,0.34238022750665303,1.0,2,1.0,0.34238022750665303,1.0,{},1.4464291118504922,1.7357749528310988,1.1528951759937551,1.287338215752432,2,2,1.0,0.34238022750665303,1.0,1.0,0.34238022750665303,1.0,2,linear,whole_base_sequence,4.192931290518361,4.540707262936726,6,0,0,nan,nan,nan,2,True,0.04743480001343414,0.0,0.0,0.02171206531881701,187.49938896378492,187.8161504043717,1.863447742681687,True,True,True,45.0,45,45,40.0,40,40,5.0,5,5,5.0,5,5,5.0,5,5,0.0,0,0,0.0,0,0,0.0,0,0,0.0,0,0,0.0,0,0
informative,one_station_gap,causal_prefix_batch,True,2.5,2,2,0,1.0,0.34238022750665303,1.0,2,1.0,0.34238022750665303,1.0,{},1.164852734076196,1.4233665277873886,0.798694451237016,0.9158952618424954,2,2,1.0,0.34238022750665303,1.0,1.0,0.34238022750665303,1.0,2,linear,whole_base_sequence,5.279700247847719,6.1615368133669355,6,0,0,nan,nan,nan,2,True,0.06280879999394529,0.0,0.0,0.011456013829140249,89.39842578414687,91.11890034040343,2.479060706877549,True,True,True,45.0,45,45,40.0,40,40,5.0,5,5,8.0,8,8,8.0,8,8,0.0,0,0,0.0,0,0,0.0,0,0,0.0,0,0,0.0,0,0
informative,one_station_gap,causal_prefix_batch,True,3.0,2,2,0,1.0,0.34238022750665303,1.0,2,1.0,0.34238022750665303,1.0,{},0.8912182012018295,1.0375646333667845,0.43119315786901796,0.560689289224527,2,2,1.0,0.34238022750665303,1.0,1.0,0.34238022750665303,1.0,2,linear,whole_base_sequence,3.84612582289232,4.507316345941267,6,0,0,nan,nan,nan,2,True,0.06476484998711385,0.0,0.0,0.0071115138882919295,121.50260447604339,123.04734789771399,2.801421863407455,True,True,True,45.0,45,45,40.0,40,40,5.0,5,5,9.0,9,9,9.0,9,9,0.0,0,0,0.0,0,0,0.0,0,0,0.0,0,0,0.0,0,0
informative,one_station_gap,causal_prefix_batch,True,3.5,2,2,0,1.0,0.34238022750665303,1.0,2,1.0,0.34238022750665303,1.0,{},0.9883630750852862,1.1532743771003386,0.39164418233016296,0.4972101693262566,2,2,1.0,0.34238022750665303,1.0,1.0,0.34238022750665303,1.0,2,linear,whole_base_sequence,4.543703641762379,5.297690819825585,6,0,0,nan,nan,nan,2,True,0.0724744000035571,0.0,0.0,0.004734981564314392,160.86847617499382,185.5258628556377,3.401151285240659,True,True,True,45.0,45,45,40.0,40,40,5.0,5,5,10.5,10,11,10.5,10,11,0.0,0,0,0.0,0,0,0.0,0,0,0.0,0,0,0.0,0,0
informative,one_station_gap,causal_prefix_batch,True,4.0,2,2,0,1.0,0.34238022750665303,1.0,2,1.0,0.34238022750665303,1.0,{},1.1852254325320144,1.4124724400345081,0.3728365031826582,0.46977428502875135,2,2,1.0,0.34238022750665303,1.0,1.0,0.34238022750665303,1.0,2,linear,whole_base_sequence,5.187415802442294,6.520743932649598,6,0,0,nan,nan,nan,2,True,0.09913095000956673,0.0,0.0,0.0033405200244220976,268.18205781232234,272.3731444407987,3.6554622793035705,True,True,True,45.0,45,45,40.0,40,40,5.0,5,5,11.0,11,11,11.0,11,11,0.0,0,0,0.0,0,0,0.0,0,0,0.0,0,0,0.0,0,0
informative,one_station_gap,causal_prefix_batch,True,4.5,2,2,0,1.0,0.34238022750665303,1.0,2,1.0,0.34238022750665303,1.0,{},0.9745934153416883,1.2607245298232401,0.2565078976123127,0.33344330959363444,2,2,1.0,0.34238022750665303,1.0,1.0,0.34238022750665303,1.0,2,linear,whole_base_sequence,5.095618492067999,6.466417678958559,6,0,0,nan,nan,nan,2,True,0.08375195000553504,0.0,0.0,0.002445978857028935,348.0600567602718,392.4695944737302,4.367226688858158,True,True,True,45.0,45,45,40.0,40,40,5.0,5,5,12.5,12,13,12.5,12,13,0.0,0,0,0.0,0,0,0.0,0,0,0.0,0,0,0.0,0,0
informative,one_station_gap,causal_prefix_batch,True,5.0,2,2,0,1.0,0.34238022750665303,1.0,2,1.0,0.34238022750665303,1.0,{},0.8447580021408827,0.8672112583496034,0.18869202003267999,0.20950093609509995,2,2,1.0,0.34238022750665303,1.0,1.0,0.34238022750665303,1.0,2,linear,whole_base_sequence,5.261379806092322,5.812794051245184,6,0,0,nan,nan,nan,2,True,0.1220865499926731,0.0,0.0,0.0018458134934684729,385.844653780455,420.5008218624625,4.9524521319133905,True,True,True,45.0,45,45,40.0,40,40,5.0,5,5,14.5,14,15,14.5,14,15,0.0,0,0,0.0,0,0,0.0,0,0,0.0,0,0,0.0,0,0
informative,one_station_gap,causal_prefix_batch,True,5.5,2,2,0,1.0,0.34238022750665303,1.0,2,1.0,0.34238022750665303,1.0,{},0.9012975245785453,0.9096095480341786,0.1702040578794888,0.17717239142452518,2,2,1.0,0.34238022750665303,1.0,1.0,0.34238022750665303,1.0,2,linear,whole_base_sequence,5.7598179879810845,6.759826600561136,6,0,0,nan,nan,nan,2,True,0.1191367999999784,0.0,0.0,0.0014375176378252118,571.0368114612645,575.0838734515262,5.293557399773563,True,True,True,45.0,45,45,40.0,40,40,5.0,5,5,15.0,15,15,15.0,15,15,0.0,0,0,0.0,0,0,0.0,0,0,0.0,0,0,0.0,0,0
informative,one_station_gap,causal_prefix_batch,True,6.0,2,2,0,1.0,0.34238022750665303,1.0,2,1.0,0.34238022750665303,1.0,{},0.7682506594941071,1.0278569943336098,0.17788472800066735,0.2193692458576793,2,2,1.0,0.34238022750665303,1.0,1.0,0.34238022750665303,1.0,2,linear,whole_base_sequence,4.845097619603499,6.583823970154961,6,0,0,nan,nan,nan,2,True,0.15090169999166392,0.0,0.0,0.001143972130913246,618.9694080789368,627.4149863701984,5.972518470726317,True,True,True,45.0,45,45,40.0,40,40,5.0,5,5,17.0,17,17,17.0,17,17,0.0,0,0,0.0,0,0,0.0,0,0,0.0,0,0,0.0,0,0
informative,one_station_gap,causal_prefix_batch,True,6.5,2,2,0,1.0,0.34238022750665303,1.0,2,1.0,0.34238022750665303,1.0,{},0.5119250005850355,0.5618183185366054,0.14705063152695552,0.1807275813168961,2,2,1.0,0.34238022750665303,1.0,1.0,0.34238022750665303,1.0,2,linear,whole_base_sequence,4.136276266602725,4.661692019594494,6,0,0,nan,nan,nan,2,True,0.15627064999716822,0.0,0.0,0.0009288071389818163,797.7228706029723,807.1294451694735,6.480735441103977,True,True,True,45.0,45,45,40.0,40,40,5.0,5,5,18.0,18,18,18.0,18,18,0.0,0,0,0.0,0,0,0.0,0,0,0.0,0,0,0.0,0,0
informative,one_station_gap,causal_prefix_batch,True,7.0,2,2,0,1.0,0.34238022750665303,1.0,2,1.0,0.34238022750665303,1.0,{},0.6987312827656416,0.737920990194612,0.15010659060790882,0.19440667287163677,2,2,1.0,0.34238022750665303,1.0,1.0,0.34238022750665303,1.0,2,linear,whole_base_sequence,5.306660564359904,6.996880422823573,6,0,0,nan,nan,nan,2,True,0.1394566999952076,0.0,0.0,0.0007656916171988355,998.8669097027308,1006.0267191863529,6.814280685441847,True,True,True,45.0,45,45,40.0,40,40,5.0,5,5,19.0,19,19,19.0,19,19,0.0,0,0,0.0,0,0,0.0,0,0,0.0,0,0,0.0,0,0
informative,one_station_gap,causal_prefix_batch,True,7.5,2,2,0,1.0,0.34238022750665303,1.0,2,1.0,0.34238022750665303,1.0,{},0.34686639409721665,0.4603269770999132,0.06870510212569572,0.07136322752962186,2,2,1.0,0.34238022750665303,1.0,1.0,0.34238022750665303,1.0,2,linear,whole_base_sequence,4.932915214676369,6.973434761754301,6,0,0,nan,nan,nan,2,True,0.1516980999876978,0.0,0.0,0.0006393214551666502,544.6057024783793,602.9069379783659,7.359225597122656,True,True,True,45.0,45,45,40.0,40,40,5.0,5,5,21.5,21,22,21.5,21,22,0.0,0,0,0.0,0,0,0.0,0,0,0.0,0,0,0.0,0,0
informative,one_station_gap,causal_prefix_batch,True,8.0,2,2,0,1.0,0.34238022750665303,1.0,2,1.0,0.34238022750665303,1.0,{},0.36950164561219456,0.48498183277446094,0.06835118442580945,0.07132605140121943,2,2,1.0,0.34238022750665303,1.0,1.0,0.34238022750665303,1.0,2,linear,whole_base_sequence,4.9614226311947425,6.976285503406054,6,0,0,nan,nan,nan,2,True,0.14738780001061969,0.0,0.0,0.0005399671114091793,654.5135716695406,679.8950847643704,7.82229996010676,True,True,True,45.0,45,45,40.0,40,40,5.0,5,5,22.5,22,23,22.5,22,23,0.0,0,0,0.0,0,0,0.0,0,0,0.0,0,0,0.0,0,0
informative,one_station_gap,causal_prefix_batch,True,8.5,2,2,0,1.0,0.34238022750665303,1.0,2,1.0,0.34238022750665303,1.0,{},0.4627313302816249,0.5862658279215518,0.1008343590358118,0.11704936025693491,2,2,1.0,0.34238022750665303,1.0,1.0,0.34238022750665303,1.0,2,linear,whole_base_sequence,5.9113408010367285,8.623973686239742,6,0,0,nan,nan,nan,2,True,0.1858160499978112,0.0,0.0,0.00046046575539379614,649.1889070812078,658.6236987495752,8.472755136575147,True,True,True,45.0,45,45,40.0,40,40,5.0,5,5,25.0,25,25,25.0,25,25,0.0,0,0,0.0,0,0,0.0,0,0,0.0,0,0,0.0,0,0
informative,one_station_gap,causal_prefix_batch,True,9.0,2,2,0,1.0,0.34238022750665303,1.0,2,1.0,0.34238022750665303,1.0,{},0.5695974646380688,0.6854611616654953,0.111232859760754,0.13432145122490619,2,2,1.0,0.34238022750665303,1.0,1.0,0.34238022750665303,1.0,2,linear,whole_base_sequence,5.756535503264141,7.1469394083565705,6,0,0,nan,nan,nan,2,True,0.16663394999341108,0.0,0.0,0.00039636712620955096,788.6018021056113,813.9985222290875,8.835771165437594,True,True,True,45.0,45,45,40.0,40,40,5.0,5,5,26.5,26,27,26.5,26,27,0.0,0,0,0.0,0,0,0.0,0,0,0.0,0,0,0.0,0,0
informative,one_station_gap,causal_prefix_batch,True,9.5,2,2,0,1.0,0.34238022750665303,1.0,2,1.0,0.34238022750665303,1.0,{},0.8816869730537881,1.0746589331850032,0.15500686438290842,0.18002891788334893,2,2,1.0,0.34238022750665303,1.0,1.0,0.34238022750665303,1.0,2,linear,whole_base_sequence,7.379812626818265,7.615105517362057,6,0,0,nan,nan,nan,2,True,0.22212725000281353,0.0,0.0,0.0003437182742430213,872.0231220267106,891.926961821983,9.312732259279388,True,True,True,45.0,45,45,40.0,40,40,5.0,5,5,28.0,28,28,28.0,28,28,0.0,0,0,0.0,0,0,0.0,0,0,0.0,0,0,0.0,0,0
informative,one_station_gap,initial_batch_no_updates,True,0.0,2,0,2,0.0,0.0,0.6576197724933469,0,0.0,0.0,0.6576197724933469,"{""not_initialized"": 2}",nan,nan,nan,nan,0,2,nan,nan,nan,0.0,0.0,0.6576197724933469,0,linear,whole_base_sequence,nan,nan,6,0,0,nan,nan,nan,2,True,2.3999891709536314e-06,0.0,nan,nan,nan,nan,nan,True,True,True,45.0,45,45,40.0,40,40,5.0,5,5,0.0,0,0,0.0,0,0,0.0,0,0,0.0,0,0,0.0,0,0,0.0,0,0,0.0,0,0
informative,one_station_gap,initial_batch_no_updates,True,0.5,2,0,2,0.0,0.0,0.6576197724933469,0,0.0,0.0,0.6576197724933469,"{""not_initialized"": 2}",nan,nan,nan,nan,0,2,nan,nan,nan,0.0,0.0,0.6576197724933469,0,linear,whole_base_sequence,nan,nan,6,0,0,nan,nan,nan,2,True,2.00001522898674e-06,0.0,nan,nan,nan,nan,nan,True,True,True,45.0,45,45,40.0,40,40,5.0,5,5,0.0,0,0,0.0,0,0,0.0,0,0,0.0,0,0,0.0,0,0,0.0,0,0,0.0,0,0
informative,one_station_gap,initial_batch_no_updates,True,1.0,2,0,2,0.0,0.0,0.6576197724933469,0,0.0,0.0,0.6576197724933469,"{""not_initialized"": 2}",nan,nan,nan,nan,0,2,nan,nan,nan,0.0,0.0,0.6576197724933469,0,linear,whole_base_sequence,nan,nan,6,0,0,nan,nan,nan,2,True,2.749991836026311e-06,0.0,nan,nan,nan,nan,0.9408566648613441,True,True,True,45.0,45,45,40.0,40,40,5.0,5,5,2.5,2,3,0.0,0,0,0.0,0,0,0.0,0,0,0.0,0,0,0.0,0,0,2.5,2,3
informative,one_station_gap,initial_batch_no_updates,True,1.5,2,0,2,0.0,0.0,0.6576197724933469,0,0.0,0.0,0.6576197724933469,"{""not_initialized"": 2}",nan,nan,nan,nan,0,2,nan,nan,nan,0.0,0.0,0.6576197724933469,0,linear,whole_base_sequence,nan,nan,6,0,0,nan,nan,nan,2,True,3.6999990697950125e-06,0.0,nan,nan,nan,nan,1.2000124660892886,True,True,True,45.0,45,45,40.0,40,40,5.0,5,5,3.0,3,3,0.0,0,0,0.0,0,0,0.0,0,0,0.0,0,0,0.0,0,0,3.0,3,3
informative,one_station_gap,initial_batch_no_updates,True,10.0,2,2,0,1.0,0.34238022750665303,1.0,2,1.0,0.34238022750665303,1.0,{},9.006720027269951,9.920094243977685,0.9723663231404932,1.0608481191325538,2,2,1.0,0.34238022750665303,1.0,1.0,0.34238022750665303,1.0,2,linear,whole_base_sequence,4.404645378644872,4.479090238594431,6,0,0,nan,nan,nan,2,True,0.00012829998740926385,0.0,0.0,0.0005127072396813974,118038.99146535876,118463.96147186997,9.670899249589615,True,True,True,45.0,45,45,40.0,40,40,5.0,5,5,30.0,30,30,6.0,6,6,6.0,6,6,0.0,0,0,0.0,0,0,0.0,0,0,24.0,24,24
informative,one_station_gap,initial_batch_no_updates,True,10.5,2,2,0,1.0,0.34238022750665303,1.0,2,1.0,0.34238022750665303,1.0,{},9.49234071965522,10.45014927713645,0.9723663231404932,1.0608481191325538,2,2,1.0,0.34238022750665303,1.0,1.0,0.34238022750665303,1.0,2,linear,whole_base_sequence,4.404645378644931,4.479090238594558,6,0,0,nan,nan,nan,2,True,0.00010869998368434608,0.0,0.0,0.000460973932802794,145919.80877449756,146444.2977943455,10.463239363147233,True,True,True,45.0,45,45,40.0,40,40,5.0,5,5,32.0,32,32,6.0,6,6,6.0,6,6,0.0,0,0,0.0,0,0,0.0,0,0,26.0,26,26
informative,one_station_gap,initial_batch_no_updates,True,11.0,2,2,0,1.0,0.34238022750665303,1.0,2,1.0,0.34238022750665303,1.0,{},9.978016193593408,10.980240005415437,0.9723663231404932,1.0608481191325538,2,2,1.0,0.34238022750665303,1.0,1.0,0.34238022750665303,1.0,2,linear,whole_base_sequence,4.404645378644901,4.479090238594367,6,0,0,nan,nan,nan,2,True,0.00013314999523572624,0.0,0.0,0.0004166660588447064,178493.42217842332,179134.03613979797,10.828002937431222,True,True,True,45.0,45,45,40.0,40,40,5.0,5,5,34.0,34,34,6.0,6,6,6.0,6,6,0.0,0,0,0.0,0,0,0.0,0,0,28.0,28,28
informative,one_station_gap,initial_batch_no_updates,True,11.5,2,2,0,1.0,0.34238022750665303,1.0,2,1.0,0.34238022750665303,1.0,{},10.463738821013678,11.510361489906568,0.9723663231404932,1.0608481191325538,2,2,1.0,0.34238022750665303,1.0,1.0,0.34238022750665303,1.0,2,linear,whole_base_sequence,4.404645378644947,4.479090238594488,6,0,0,nan,nan,nan,2,True,0.00011594999523367733,0.0,0.0,0.00037843220138556995,216261.24037438887,217036.34406285602,11.362322374391251,True,True,True,45.0,45,45,40.0,40,40,5.0,5,5,35.5,35,36,6.0,6,6,6.0,6,6,0.0,0,0,0.0,0,0,0.0,0,0,29.5,29,30
informative,one_station_gap,initial_batch_no_updates,True,12.0,2,2,0,1.0,0.34238022750665303,1.0,2,1.0,0.34238022750665303,1.0,{},10.94950232669751,12.040509662484508,0.9723663231404932,1.0608481191325538,2,2,1.0,0.34238022750665303,1.0,1.0,0.34238022750665303,1.0,2,linear,whole_base_sequence,4.404645378644875,4.479090238594369,6,0,0,nan,nan,nan,2,True,0.00014579998969566077,0.0,0.0,0.0003452140555858862,259750.23117615253,260680.03711470906,11.83006655804374,True,True,True,45.0,45,45,40.0,40,40,5.0,5,5,38.0,38,38,6.0,6,6,6.0,6,6,0.0,0,0,0.0,0,0,0.0,0,0,32.0,32,32
informative,one_station_gap,initial_batch_no_updates,True,12.5,2,2,0,1.0,0.34238022750665303,1.0,2,1.0,0.34238022750665303,1.0,{},11.435301501207057,12.570681142037179,0.9723663231404932,1.0608481191325538,2,2,1.0,0.34238022750665303,1.0,1.0,0.34238022750665303,1.0,2,linear,whole_base_sequence,4.404645378644741,4.479090238594283,6,0,0,nan,nan,nan,2,True,0.00013084999227430671,0.0,0.0,0.00031617353203194573,309512.9214901645,310619.57880079263,12.31286511220431,True,True,True,45.0,45,45,40.0,40,40,5.0,5,5,39.5,39,40,6.0,6,6,6.0,6,6,0.0,0,0,0.0,0,0,0.0,0,0,33.5,33,34
informative,one_station_gap,initial_batch_no_updates,True,14.5,2,2,0,1.0,0.34238022750665303,1.0,2,1.0,0.34238022750665303,1.0,{},13.378777172821694,14.691549606211213,0.9723663231404932,1.0608481191325538,2,2,1.0,0.34238022750665303,1.0,1.0,0.34238022750665303,1.0,2,linear,whole_base_sequence,4.404645378644721,4.479090238594443,6,0,0,nan,nan,nan,2,True,0.00013405000208877027,0.0,0.0,0.00023014786543312305,583245.7848081492,585323.1816296496,12.514118335958992,True,True,True,45.0,45,45,40.0,40,40,5.0,5,5,40.0,40,40,6.0,6,6,6.0,6,6,0.0,0,0,0.0,0,0,0.0,0,0,34.0,34,34
informative,one_station_gap,initial_batch_no_updates,True,2.0,2,0,2,0.0,0.0,0.6576197724933469,0,0.0,0.0,0.6576197724933469,"{""not_initialized"": 2}",nan,nan,nan,nan,0,2,nan,nan,nan,0.0,0.0,0.6576197724933469,0,linear,whole_base_sequence,nan,nan,6,0,0,nan,nan,nan,2,True,3.44999716617167e-06,0.0,nan,nan,nan,nan,1.863447742681687,True,True,True,45.0,45,45,40.0,40,40,5.0,5,5,5.0,5,5,0.0,0,0,0.0,0,0,0.0,0,0,0.0,0,0,0.0,0,0,5.0,5,5
informative,one_station_gap,initial_batch_no_updates,True,2.5,2,2,0,1.0,0.34238022750665303,1.0,2,1.0,0.34238022750665303,1.0,{},1.760079914750866,1.9931807546052065,0.9723663231404932,1.0608481191325538,2,2,1.0,0.34238022750665303,1.0,1.0,0.34238022750665303,1.0,2,linear,whole_base_sequence,4.40464537864494,4.479090238594551,6,0,0,nan,nan,nan,2,True,0.00013329999637790024,0.0,0.0,0.012273501532843215,215.15850210682382,215.98723829470157,2.479060706877549,True,True,True,45.0,45,45,40.0,40,40,5.0,5,5,8.0,8,8,6.0,6,6,6.0,6,6,0.0,0,0,0.0,0,0,0.0,0,0,2.0,2,2
informative,one_station_gap,initial_batch_no_updates,True,3.0,2,2,0,1.0,0.34238022750665303,1.0,2,1.0,0.34238022750665303,1.0,{},2.233872421799196,2.5158242704188636,0.9723663231404932,1.0608481191325538,2,2,1.0,0.34238022750665303,1.0,1.0,0.34238022750665303,1.0,2,linear,whole_base_sequence,4.404645378644927,4.479090238594512,6,0,0,nan,nan,nan,2,True,0.0001311499800067395,0.0,0.0,0.008076217238002713,492.9115183560332,494.79871356775647,2.801421863407455,True,True,True,45.0,45,45,40.0,40,40,5.0,5,5,9.0,9,9,6.0,6,6,6.0,6,6,0.0,0,0,0.0,0,0,0.0,0,0,3.0,3,3
informative,one_station_gap,initial_batch_no_updates,True,3.5,2,2,0,1.0,0.34238022750665303,1.0,2,1.0,0.34238022750665303,1.0,{},2.712054354291132,3.0411785036313495,0.9723663231404932,1.0608481191325538,2,2,1.0,0.34238022750665303,1.0,1.0,0.34238022750665303,1.0,2,linear,whole_base_sequence,4.404645378644944,4.479090238594559,6,0,0,nan,nan,nan,2,True,0.00011209999502170831,0.0,0.0,0.005624296265638137,1009.4090233696118,1013.2426124437059,3.401151285240659,True,True,True,45.0,45,45,40.0,40,40,5.0,5,5,10.5,10,11,6.0,6,6,6.0,6,6,0.0,0,0,0.0,0,0,0.0,0,0,4.5,4,5
informative,one_station_gap,initial_batch_no_updates,True,4.0,2,2,0,1.0,0.34238022750665303,1.0,2,1.0,0.34238022750665303,1.0,{},3.1926540334920097,3.568040630105808,0.9723663231404932,1.0608481191325538,2,2,1.0,0.34238022750665303,1.0,1.0,0.34238022750665303,1.0,2,linear,whole_base_sequence,4.404645378644929,4.479090238594482,6,0,0,nan,nan,nan,2,True,0.00014199998986441642,0.0,0.0,0.004106955416375229,1882.6815370405948,1889.7752368767672,3.6554622793035705,True,True,True,45.0,45,45,40.0,40,40,5.0,5,5,11.0,11,11,6.0,6,6,6.0,6,6,0.0,0,0,0.0,0,0,0.0,0,0,5.0,5,5
informative,one_station_gap,initial_batch_no_updates,True,4.5,2,2,0,1.0,0.34238022750665303,1.0,2,1.0,0.34238022750665303,1.0,{},3.674722964755994,4.095826299408179,0.9723663231404932,1.0608481191325538,2,2,1.0,0.34238022750665303,1.0,1.0,0.34238022750665303,1.0,2,linear,whole_base_sequence,4.404645378644927,4.47909023859456,6,0,0,nan,nan,nan,2,True,0.00014134999946691096,0.0,0.0,0.003115986656374215,3256.313249864532,3268.495408984486,4.367226688858158,True,True,True,45.0,45,45,40.0,40,40,5.0,5,5,12.5,12,13,6.0,6,6,6.0,6,6,0.0,0,0,0.0,0,0,0.0,0,0,6.5,6,7
informative,one_station_gap,initial_batch_no_updates,True,5.0,2,2,0,1.0,0.34238022750665303,1.0,2,1.0,0.34238022750665303,1.0,{},4.157750123687829,4.624218080828921,0.9723663231404932,1.0608481191325538,2,2,1.0,0.34238022750665303,1.0,1.0,0.34238022750665303,1.0,2,linear,whole_base_sequence,4.404645378644933,4.479090238594505,6,0,0,nan,nan,nan,2,True,0.00013884999498259276,0.0,0.0,0.0024382617258412857,5299.4456647222105,5319.148127853875,4.9524521319133905,True,True,True,45.0,45,45,40.0,40,40,5.0,5,5,14.5,14,15,6.0,6,6,6.0,6,6,0.0,0,0,0.0,0,0,0.0,0,0,8.5,8,9
informative,one_station_gap,initial_batch_no_updates,True,5.5,2,2,0,1.0,0.34238022750665303,1.0,2,1.0,0.34238022750665303,1.0,{},4.641436356079454,5.1530288809223075,0.9723663231404932,1.0608481191325538,2,2,1.0,0.34238022750665303,1.0,1.0,0.34238022750665303,1.0,2,linear,whole_base_sequence,4.404645378644915,4.47909023859447,6,0,0,nan,nan,nan,2,True,0.00013849997776560485,0.0,0.0,0.001956534099728952,8206.778737834353,8237.125716169368,5.293557399773563,True,True,True,45.0,45,45,40.0,40,40,5.0,5,5,15.0,15,15,6.0,6,6,6.0,6,6,0.0,0,0,0.0,0,0,0.0,0,0,9.0,9,9
informative,one_station_gap,initial_batch_no_updates,True,6.0,2,2,0,1.0,0.34238022750665303,1.0,2,1.0,0.34238022750665303,1.0,{},5.125595081279346,5.6821413465440385,0.9723663231404932,1.0608481191325538,2,2,1.0,0.34238022750665303,1.0,1.0,0.34238022750665303,1.0,2,linear,whole_base_sequence,4.404645378644977,4.479090238594544,6,0,0,nan,nan,nan,2,True,0.00010760000441223383,0.0,0.0,0.0016028961469090831,12198.5712682361,12243.468212050671,5.972518470726317,True,True,True,45.0,45,45,40.0,40,40,5.0,5,5,17.0,17,17,6.0,6,6,6.0,6,6,0.0,0,0,0.0,0,0,0.0,0,0,11.0,11,11
informative,one_station_gap,initial_batch_no_updates,True,6.5,2,2,0,1.0,0.34238022750665303,1.0,2,1.0,0.34238022750665303,1.0,{},5.610103970527001,6.211478168170952,0.9723663231404932,1.0608481191325538,2,2,1.0,0.34238022750665303,1.0,1.0,0.34238022750665303,1.0,2,linear,whole_base_sequence,4.4046453786449575,4.479090238594595,6,0,0,nan,nan,nan,2,True,0.00014535000082105398,0.0,0.0,0.001336147153582055,17520.64104416931,17584.8635163793,6.480735441103977,True,True,True,45.0,45,45,40.0,40,40,5.0,5,5,18.0,18,18,6.0,6,6,6.0,6,6,0.0,0,0,0.0,0,0,0.0,0,0,12.0,12,12
informative,one_station_gap,initial_batch_no_updates,True,7.0,2,2,0,1.0,0.34238022750665303,1.0,2,1.0,0.34238022750665303,1.0,{},6.094879516134788,6.740986355164957,0.9723663231404932,1.0608481191325538,2,2,1.0,0.34238022750665303,1.0,1.0,0.34238022750665303,1.0,2,linear,whole_base_sequence,4.404645378644906,4.479090238594499,6,0,0,nan,nan,nan,2,True,0.0001331000094069168,0.0,0.0,0.0011302503691948658,24444.364903206948,24533.64745358788,6.814280685441847,True,True,True,45.0,45,45,40.0,40,40,5.0,5,5,19.0,19,19,6.0,6,6,6.0,6,6,0.0,0,0,0.0,0,0,0.0,0,0,13.0,13,13
informative,one_station_gap,initial_batch_no_updates,True,7.5,2,2,0,1.0,0.34238022750665303,1.0,2,1.0,0.34238022750665303,1.0,{},6.579862780139483,7.270628376587349,0.9723663231404932,1.0608481191325538,2,2,1.0,0.34238022750665303,1.0,1.0,0.34238022750665303,1.0,2,linear,whole_base_sequence,4.404645378644926,4.47909023859447,6,0,0,nan,nan,nan,2,True,0.00011760000779759139,0.0,0.0,0.0009681575223466284,33266.67875907553,33387.803798534296,7.359225597122656,True,True,True,45.0,45,45,40.0,40,40,5.0,5,5,21.5,21,22,6.0,6,6,6.0,6,6,0.0,0,0,0.0,0,0,0.0,0,0,15.5,15,16
informative,one_station_gap,initial_batch_no_updates,True,8.0,2,2,0,1.0,0.34238022750665303,1.0,2,1.0,0.34238022750665303,1.0,{},7.065010985689928,7.800376909653386,0.9723663231404932,1.0608481191325538,2,2,1.0,0.34238022750665303,1.0,1.0,0.34238022750665303,1.0,2,linear,whole_base_sequence,4.404645378644936,4.479090238594615,6,0,0,nan,nan,nan,2,True,0.00014044999261386693,0.0,0.0,0.0008383552523929559,44310.07761408987,44470.96428900822,7.82229996010676,True,True,True,45.0,45,45,40.0,40,40,5.0,5,5,22.5,22,23,6.0,6,6,6.0,6,6,0.0,0,0,0.0,0,0,0.0,0,0,16.5,16,17
informative,one_station_gap,initial_batch_no_updates,True,8.5,2,2,0,1.0,0.34238022750665303,1.0,2,1.0,0.34238022750665303,1.0,{},7.550292337622616,8.330211591660733,0.9723663231404932,1.0608481191325538,2,2,1.0,0.34238022750665303,1.0,1.0,0.34238022750665303,1.0,2,linear,whole_base_sequence,4.404645378645043,4.479090238594713,6,0,0,nan,nan,nan,2,True,8.865000563673675e-05,0.0,0.0,0.0007328550020363469,57922.61556585091,58132.40863307181,8.472755136575147,True,True,True,45.0,45,45,40.0,40,40,5.0,5,5,25.0,25,25,6.0,6,6,6.0,6,6,0.0,0,0,0.0,0,0,0.0,0,0,19.0,19,19
informative,one_station_gap,initial_batch_no_updates,True,9.0,2,2,0,1.0,0.34238022750665303,1.0,2,1.0,0.34238022750665303,1.0,{},8.035682713521908,8.860116937373071,0.9723663231404932,1.0608481191325538,2,2,1.0,0.34238022750665303,1.0,1.0,0.34238022750665303,1.0,2,linear,whole_base_sequence,4.40464537864484,4.4790902385943605,6,0,0,nan,nan,nan,2,True,0.0001449999981559813,0.0,0.0,0.0006459805480362137,74477.90580979935,74747.06451101061,8.835771165437594,True,True,True,45.0,45,45,40.0,40,40,5.0,5,5,26.5,26,27,6.0,6,6,6.0,6,6,0.0,0,0,0.0,0,0,0.0,0,0,20.5,20,21
informative,one_station_gap,initial_batch_no_updates,True,9.5,2,2,0,1.0,0.34238022750665303,1.0,2,1.0,0.34238022750665303,1.0,{},8.521163482436874,9.390080961697558,0.9723663231404932,1.0608481191325538,2,2,1.0,0.34238022750665303,1.0,1.0,0.34238022750665303,1.0,2,linear,whole_base_sequence,4.404645378644906,4.479090238594423,6,0,0,nan,nan,nan,2,True,0.00013925001258030534,0.0,0.0,0.0005736130181559336,94375.12064331019,94715.50757966138,9.312732259279388,True,True,True,45.0,45,45,40.0,40,40,5.0,5,5,28.0,28,28,6.0,6,6,6.0,6,6,0.0,0,0,0.0,0,0,0.0,0,0,22.0,22,22
informative,one_station_gap,offline_full_record_noncausal,False,14.5,2,2,0,1.0,0.34238022750665303,1.0,2,1.0,0.34238022750665303,1.0,{},0.9966545112170805,1.2736254683292825,0.09583381494889515,0.123802010971541,2,2,1.0,0.34238022750665303,1.0,1.0,0.34238022750665303,1.0,2,linear,whole_base_sequence,6.842882524909413,7.928054171413803,6,0,0,nan,nan,nan,2,True,0.2558491999952821,0.0,0.0,0.00011033729010934604,3480.7201138177047,3529.1278674458586,12.514118335958992,True,True,True,45.0,45,45,40.0,40,40,5.0,5,5,40.0,40,40,40.0,40,40,0.0,0,0,0.0,0,0,0.0,0,0,0.0,0,0,0.0,0,0
informative,one_station_gap,retarded_ekf,True,0.0,2,0,2,0.0,0.0,0.6576197724933469,0,0.0,0.0,0.6576197724933469,"{""not_initialized"": 2}",nan,nan,nan,nan,0,2,nan,nan,nan,0.0,0.0,0.6576197724933469,0,linear,whole_base_sequence,nan,nan,6,0,0,nan,nan,nan,2,True,2.4499997380189598e-05,0.0,nan,nan,nan,nan,nan,True,True,True,45.0,45,45,40.0,40,40,5.0,5,5,0.0,0,0,0.0,0,0,0.0,0,0,0.0,0,0,0.0,0,0,0.0,0,0,0.0,0,0
informative,one_station_gap,retarded_ekf,True,0.5,2,0,2,0.0,0.0,0.6576197724933469,0,0.0,0.0,0.6576197724933469,"{""not_initialized"": 2}",nan,nan,nan,nan,0,2,nan,nan,nan,0.0,0.0,0.6576197724933469,0,linear,whole_base_sequence,nan,nan,6,0,0,nan,nan,nan,2,True,1.3850003597326577e-05,0.0,nan,nan,nan,nan,nan,True,True,True,45.0,45,45,40.0,40,40,5.0,5,5,0.0,0,0,0.0,0,0,0.0,0,0,0.0,0,0,0.0,0,0,0.0,0,0,0.0,0,0
informative,one_station_gap,retarded_ekf,True,1.0,2,0,2,0.0,0.0,0.6576197724933469,0,0.0,0.0,0.6576197724933469,"{""not_initialized"": 2}",nan,nan,nan,nan,0,2,nan,nan,nan,0.0,0.0,0.6576197724933469,0,linear,whole_base_sequence,nan,nan,6,0,0,nan,nan,nan,2,True,0.0002643500192789361,0.0,nan,nan,nan,nan,0.9408566648613441,True,True,True,45.0,45,45,40.0,40,40,5.0,5,5,2.5,2,3,0.0,0,0,0.0,0,0,0.0,0,0,0.0,0,0,0.0,0,0,2.5,2,3
informative,one_station_gap,retarded_ekf,True,1.5,2,0,2,0.0,0.0,0.6576197724933469,0,0.0,0.0,0.6576197724933469,"{""not_initialized"": 2}",nan,nan,nan,nan,0,2,nan,nan,nan,0.0,0.0,0.6576197724933469,0,linear,whole_base_sequence,nan,nan,6,0,0,nan,nan,nan,2,True,8.520000847056508e-05,0.0,nan,nan,nan,nan,1.2000124660892886,True,True,True,45.0,45,45,40.0,40,40,5.0,5,5,3.0,3,3,0.0,0,0,0.0,0,0,0.0,0,0,0.0,0,0,0.0,0,0,3.0,3,3
informative,one_station_gap,retarded_ekf,True,10.0,2,2,0,1.0,0.34238022750665303,1.0,2,1.0,0.34238022750665303,1.0,{},0.826258452789852,1.0461563039266906,0.1311172395185459,0.16263421878455453,2,2,1.0,0.34238022750665303,1.0,1.0,0.34238022750665303,1.0,2,linear,whole_base_sequence,7.300318451399901,7.536811216795226,6,4,0,2.3924247897087705,3.8171201853894967,1.0,2,True,0.004530599995632656,0.001601950018084608,0.0,0.00030017403101585775,1031.8260030243441,1043.2713882520136,9.670899249589615,True,True,True,45.0,45,45,40.0,40,40,5.0,5,5,30.0,30,30,30.0,30,30,6.0,6,6,24.0,24,24,0.0,0,0,0.0,0,0,0.0,0,0
informative,one_station_gap,retarded_ekf,True,10.5,2,2,0,1.0,0.34238022750665303,1.0,2,1.0,0.34238022750665303,1.0,{},0.7160766375087403,0.8573639605968941,0.11418941637657155,0.13133608106566896,2,2,1.0,0.34238022750665303,1.0,1.0,0.34238022750665303,1.0,2,linear,whole_base_sequence,6.791283081526431,6.935009798387868,6,4,0,1.2980552375651784,2.2728888313197912,1.0,2,True,0.005048799983342178,0.0017365500098094344,0.0,0.0002637065075682643,1074.9397185069552,1087.215611039066,10.463239363147233,True,True,True,45.0,45,45,40.0,40,40,5.0,5,5,32.0,32,32,32.0,32,32,6.0,6,6,26.0,26,26,0.0,0,0,0.0,0,0,0.0,0,0
informative,one_station_gap,retarded_ekf,True,11.0,2,2,0,1.0,0.34238022750665303,1.0,2,1.0,0.34238022750665303,1.0,{},0.7722046794068138,0.9734746111567917,0.11134654281954645,0.13679271560769046,2,2,1.0,0.34238022750665303,1.0,1.0,0.34238022750665303,1.0,2,linear,whole_base_sequence,8.009942963023192,8.170941187727731,6,4,0,1.5676923612650504,4.283397845925133,1.0,2,True,0.005196850004722364,0.0017198000132339075,0.0,0.00023293610582348476,1180.366442358208,1194.6547905281484,10.828002937431222,True,True,True,45.0,45,45,40.0,40,40,5.0,5,5,34.0,34,34,34.0,34,34,6.0,6,6,28.0,28,28,0.0,0,0,0.0,0,0,0.0,0,0
informative,one_station_gap,retarded_ekf,True,11.5,2,2,0,1.0,0.34238022750665303,1.0,2,1.0,0.34238022750665303,1.0,{},0.734125254034795,0.9565446266063691,0.0979697359879051,0.12728969188103487,2,2,1.0,0.34238022750665303,1.0,1.0,0.34238022750665303,1.0,2,linear,whole_base_sequence,6.839607506101757,7.882175321990141,6,3,0,1.9036442908994475,4.587938233071088,1.0,2,True,0.003237549986806698,0.0010817499860422686,0.0,0.00020683242810237595,1391.5098410100647,1420.0082664077274,11.362322374391251,True,True,True,45.0,45,45,40.0,40,40,5.0,5,5,35.5,35,36,35.5,35,36,6.0,6,6,29.5,29,30,0.0,0,0,0.0,0,0,0.0,0,0
informative,one_station_gap,retarded_ekf,True,12.0,2,2,0,1.0,0.34238022750665303,1.0,2,1.0,0.34238022750665303,1.0,{},0.7255499147231377,0.874207735308862,0.08806527760829092,0.11302093479752384,2,2,1.0,0.34238022750665303,1.0,1.0,0.34238022750665303,1.0,2,linear,whole_base_sequence,6.366397252775021,6.520507444679401,6,5,0,1.9072799999851018,5.92637557497296,0.8,2,True,0.005372249986976385,0.0017705500067677349,0.0,0.00018446731097288108,1461.1877306543392,1475.508293018991,11.83006655804374,True,True,True,45.0,45,45,40.0,40,40,5.0,5,5,38.0,38,38,38.0,38,38,6.0,6,6,32.0,32,32,0.0,0,0,0.0,0,0,0.0,0,0
informative,one_station_gap,retarded_ekf,True,12.5,2,2,0,1.0,0.34238022750665303,1.0,2,1.0,0.34238022750665303,1.0,{},0.8431205418706441,1.0400851982234067,0.09716660277600452,0.12407610697497673,2,2,1.0,0.34238022750665303,1.0,1.0,0.34238022750665303,1.0,2,linear,whole_base_sequence,6.9698965777439845,7.921889276772041,6,3,0,1.7270847128852227,2.8639613436074995,1.0,2,True,0.0038054000033298507,0.0011852999887196347,0.0,0.00016522429312738652,1688.572408699426,1758.2875739751112,12.31286511220431,True,True,True,45.0,45,45,40.0,40,40,5.0,5,5,39.5,39,40,39.5,39,40,6.0,6,6,33.5,33,34,0.0,0,0,0.0,0,0,0.0,0,0
informative,one_station_gap,retarded_ekf,True,14.5,2,2,0,1.0,0.34238022750665303,1.0,2,1.0,0.34238022750665303,1.0,{},1.0046326834941202,1.2816756781483396,0.09601408578713844,0.12384285865921306,2,2,1.0,0.34238022750665303,1.0,1.0,0.34238022750665303,1.0,2,linear,whole_base_sequence,6.8436532513312045,7.9092649441307135,6,1,0,0.3644972469034222,0.3644972469034222,1.0,2,True,0.0014039000088814646,0.0004226000019116327,0.0,0.00011035732134734682,3486.723051748336,3521.763034166973,12.514118335958992,True,True,True,45.0,45,45,40.0,40,40,5.0,5,5,40.0,40,40,40.0,40,40,6.0,6,6,34.0,34,34,0.0,0,0,0.0,0,0,0.0,0,0
informative,one_station_gap,retarded_ekf,True,2.0,2,0,2,0.0,0.0,0.6576197724933469,0,0.0,0.0,0.6576197724933469,"{""not_initialized"": 2}",nan,nan,nan,nan,0,2,nan,nan,nan,0.0,0.0,0.6576197724933469,0,linear,whole_base_sequence,nan,nan,6,0,0,nan,nan,nan,2,True,0.0004761500167660415,0.0,nan,nan,nan,nan,1.863447742681687,True,True,True,45.0,45,45,40.0,40,40,5.0,5,5,5.0,5,5,0.0,0,0,0.0,0,0,0.0,0,0,0.0,0,0,0.0,0,0,5.0,5,5
informative,one_station_gap,retarded_ekf,True,2.5,2,2,0,1.0,0.34238022750665303,1.0,2,1.0,0.34238022750665303,1.0,{},1.16375291240412,1.41952958331332,0.7966550952998886,0.9138863671261305,2,2,1.0,0.34238022750665303,1.0,1.0,0.34238022750665303,1.0,2,linear,whole_base_sequence,5.220760316438712,6.01373768513661,6,4,0,1.9138103035838911,3.9651441731435275,1.0,2,True,0.047809900002903305,0.0013678999966941774,0.0,0.011441130765519107,89.00991669162538,89.20081357469446,2.479060706877549,True,True,True,45.0,45,45,40.0,40,40,5.0,5,5,8.0,8,8,8.0,8,8,6.0,6,6,2.0,2,2,0.0,0,0,0.0,0,0,0.0,0,0
informative,one_station_gap,retarded_ekf,True,3.0,2,2,0,1.0,0.34238022750665303,1.0,2,1.0,0.34238022750665303,1.0,{},0.8885122656047982,1.0472205288501841,0.43057402459431066,0.5629576091173593,2,2,1.0,0.34238022750665303,1.0,1.0,0.34238022750665303,1.0,2,linear,whole_base_sequence,3.7667936778845195,4.553895815983918,6,2,0,6.170781978730343,11.331788040759173,0.5,2,True,0.0013969999854452908,0.0007817500008968636,0.0,0.0071072914971713344,122.53670205541151,123.44970803517758,2.801421863407455,True,True,True,45.0,45,45,40.0,40,40,5.0,5,5,9.0,9,9,9.0,9,9,6.0,6,6,3.0,3,3,0.0,0,0,0.0,0,0,0.0,0,0
informative,one_station_gap,retarded_ekf,True,3.5,2,2,0,1.0,0.34238022750665303,1.0,2,1.0,0.34238022750665303,1.0,{},0.984667238023329,1.1612147003729378,0.3912852386260872,0.499271115677435,2,2,1.0,0.34238022750665303,1.0,1.0,0.34238022750665303,1.0,2,linear,whole_base_sequence,4.460751098132718,5.342790640168527,6,3,0,0.1648532327502548,0.26648107446155916,1.0,2,True,0.002040650011622347,0.0011129500053357333,0.0,0.004750791747486252,161.82495994167982,186.64893263591776,3.401151285240659,True,True,True,45.0,45,45,40.0,40,40,5.0,5,5,10.5,10,11,10.5,10,11,6.0,6,6,4.5,4,5,0.0,0,0,0.0,0,0,0.0,0,0
informative,one_station_gap,retarded_ekf,True,4.0,2,2,0,1.0,0.34238022750665303,1.0,2,1.0,0.34238022750665303,1.0,{},1.182371256614488,1.4227688289852107,0.3731265203330551,0.4729516615833574,2,2,1.0,0.34238022750665303,1.0,1.0,0.34238022750665303,1.0,2,linear,whole_base_sequence,5.092018991700744,6.542199637947945,6,1,0,1.1167084374188028,1.1167084374188028,1.0,2,True,0.0007797999860486016,0.00034149999555666,0.0,0.0033343833596647604,269.12468194680105,273.683318550996,3.6554622793035705,True,True,True,45.0,45,45,40.0,40,40,5.0,5,5,11.0,11,11,11.0,11,11,6.0,6,6,5.0,5,5,0.0,0,0,0.0,0,0,0.0,0,0
informative,one_station_gap,retarded_ekf,True,4.5,2,2,0,1.0,0.34238022750665303,1.0,2,1.0,0.34238022750665303,1.0,{},0.9643888336685578,1.2445637723904996,0.2548059895432027,0.3306455035233533,2,2,1.0,0.34238022750665303,1.0,1.0,0.34238022750665303,1.0,2,linear,whole_base_sequence,4.965585505841393,6.230396593912496,6,3,0,2.7576519352236653,4.426547621558713,1.0,2,True,0.002484199998434633,0.0012712499737972394,0.0,0.002433885619686465,346.8516482122801,392.78403312018645,4.367226688858158,True,True,True,45.0,45,45,40.0,40,40,5.0,5,5,12.5,12,13,12.5,12,13,6.0,6,6,6.5,6,7,0.0,0,0,0.0,0,0,0.0,0,0
informative,one_station_gap,retarded_ekf,True,5.0,2,2,0,1.0,0.34238022750665303,1.0,2,1.0,0.34238022750665303,1.0,{},0.8344233552312037,0.8694203456808058,0.1872636839474139,0.20982885050698152,2,2,1.0,0.34238022750665303,1.0,1.0,0.34238022750665303,1.0,2,linear,whole_base_sequence,5.136660204528499,5.789890352845659,6,4,0,1.4534032527598986,3.159086953985513,1.0,2,True,0.003360099988640286,0.001708399984636344,0.0,0.0018454336249375625,385.20282471181645,419.3246504941655,4.9524521319133905,True,True,True,45.0,45,45,40.0,40,40,5.0,5,5,14.5,14,15,14.5,14,15,6.0,6,6,8.5,8,9,0.0,0,0,0.0,0,0,0.0,0,0
informative,one_station_gap,retarded_ekf,True,5.5,2,2,0,1.0,0.34238022750665303,1.0,2,1.0,0.34238022750665303,1.0,{},0.889604585351041,0.9118656443320823,0.16867677205797882,0.17770511956290352,2,2,1.0,0.34238022750665303,1.0,1.0,0.34238022750665303,1.0,2,linear,whole_base_sequence,5.631745046042791,6.730551551722869,6,1,0,0.3019568017749983,0.3019568017749983,1.0,2,True,0.0009815999947022647,0.00040929998795036227,0.0,0.0014343178043296784,570.0150994424671,574.6216002549637,5.293557399773563,True,True,True,45.0,45,45,40.0,40,40,5.0,5,5,15.0,15,15,15.0,15,15,6.0,6,6,9.0,9,9,0.0,0,0,0.0,0,0,0.0,0,0
informative,one_station_gap,retarded_ekf,True,6.0,2,2,0,1.0,0.34238022750665303,1.0,2,1.0,0.34238022750665303,1.0,{},0.770949103659025,1.0292364575345725,0.17892196055718948,0.21904473127418891,2,2,1.0,0.34238022750665303,1.0,1.0,0.34238022750665303,1.0,2,linear,whole_base_sequence,4.771917101697804,6.557862605208882,6,4,0,2.3797625505861046,3.4735488381368844,1.0,2,True,0.0035712000099010766,0.0016610999882686883,0.0,0.0011412109723414378,616.1585918788635,618.1293963531517,5.972518470726317,True,True,True,45.0,45,45,40.0,40,40,5.0,5,5,17.0,17,17,17.0,17,17,6.0,6,6,11.0,11,11,0.0,0,0,0.0,0,0,0.0,0,0
informative,one_station_gap,retarded_ekf,True,6.5,2,2,0,1.0,0.34238022750665303,1.0,2,1.0,0.34238022750665303,1.0,{},0.5222118394137318,0.5800551020358318,0.148632178939903,0.1835358117085344,2,2,1.0,0.34238022750665303,1.0,1.0,0.34238022750665303,1.0,2,linear,whole_base_sequence,4.070858958755283,4.642073389780157,6,2,0,2.595320229048192,3.7007970242601362,1.0,2,True,0.0015261500084307045,0.0006537000008393079,0.0,0.0009266307973472203,789.4906700432823,792.5836627015923,6.480735441103977,True,True,True,45.0,45,45,40.0,40,40,5.0,5,5,18.0,18,18,18.0,18,18,6.0,6,6,12.0,12,12,0.0,0,0,0.0,0,0,0.0,0,0
informative,one_station_gap,retarded_ekf,True,7.0,2,2,0,1.0,0.34238022750665303,1.0,2,1.0,0.34238022750665303,1.0,{},0.7108725645191061,0.7589347744404761,0.15211809491701317,0.19695617046577668,2,2,1.0,0.34238022750665303,1.0,1.0,0.34238022750665303,1.0,2,linear,whole_base_sequence,5.257147306338012,6.982720605588695,6,2,0,2.815439162706352,4.864827898143835,1.0,2,True,0.0019474000000627711,0.0008243000047514215,0.0,0.0007640792607342197,982.9241400640619,987.8362727894373,6.814280685441847,True,True,True,45.0,45,45,40.0,40,40,5.0,5,5,19.0,19,19,19.0,19,19,6.0,6,6,13.0,13,13,0.0,0,0,0.0,0,0,0.0,0,0
informative,one_station_gap,retarded_ekf,True,7.5,2,2,0,1.0,0.34238022750665303,1.0,2,1.0,0.34238022750665303,1.0,{},0.35178345551064555,0.46397488776642787,0.0699393365413485,0.07161750914128734,2,2,1.0,0.34238022750665303,1.0,1.0,0.34238022750665303,1.0,2,linear,whole_base_sequence,4.8730629143386786,6.972973196333346,6,5,0,2.359805548737954,4.890282583628434,1.0,2,True,0.004166750019066967,0.0018320499948458746,0.0,0.0006382695257007783,551.0298708655484,610.1923331941343,7.359225597122656,True,True,True,45.0,45,45,40.0,40,40,5.0,5,5,21.5,21,22,21.5,21,22,6.0,6,6,15.5,15,16,0.0,0,0,0.0,0,0,0.0,0,0
informative,one_station_gap,retarded_ekf,True,8.0,2,2,0,1.0,0.34238022750665303,1.0,2,1.0,0.34238022750665303,1.0,{},0.37491350940846063,0.4888450260013815,0.06930731592756187,0.0715521906537822,2,2,1.0,0.34238022750665303,1.0,1.0,0.34238022750665303,1.0,2,linear,whole_base_sequence,4.903353039290696,6.976002208828505,6,2,0,1.8440416092070477,2.1399361019340803,1.0,2,True,0.0012151499977335334,0.00047300000733230263,0.0,0.0005397343210396221,662.1854918313456,687.8073297704778,7.82229996010676,True,True,True,45.0,45,45,40.0,40,40,5.0,5,5,22.5,22,23,22.5,22,23,6.0,6,6,16.5,16,17,0.0,0,0,0.0,0,0,0.0,0,0
informative,one_station_gap,retarded_ekf,True,8.5,2,2,0,1.0,0.34238022750665303,1.0,2,1.0,0.34238022750665303,1.0,{},0.4675624187768994,0.5885911533032036,0.10107869281790846,0.11682108205977446,2,2,1.0,0.34238022750665303,1.0,1.0,0.34238022750665303,1.0,2,linear,whole_base_sequence,5.855619773613304,8.627557166602433,6,5,0,1.3843209841747919,3.5863381645301393,1.0,2,True,0.005289900000207126,0.002095150004606694,0.0,0.00046035381539060447,653.8772889951114,661.7450585793279,8.472755136575147,True,True,True,45.0,45,45,40.0,40,40,5.0,5,5,25.0,25,25,25.0,25,25,6.0,6,6,19.0,19,19,0.0,0,0,0.0,0,0,0.0,0,0
informative,one_station_gap,retarded_ekf,True,9.0,2,2,0,1.0,0.34238022750665303,1.0,2,1.0,0.34238022750665303,1.0,{},0.5783678108468464,0.6968645875353169,0.11177349621678151,0.13529682833008502,2,2,1.0,0.34238022750665303,1.0,1.0,0.34238022750665303,1.0,2,linear,whole_base_sequence,5.7031664821907135,7.144980683348775,6,3,0,3.237879534971253,6.334549959082918,0.6666666666666666,2,True,0.0018629500118549913,0.000718249983037822,0.0,0.00039630133881784016,790.4000561585871,813.2256896292856,8.835771165437594,True,True,True,45.0,45,45,40.0,40,40,5.0,5,5,26.5,26,27,26.5,26,27,6.0,6,6,20.5,20,21,0.0,0,0,0.0,0,0,0.0,0,0
informative,one_station_gap,retarded_ekf,True,9.5,2,2,0,1.0,0.34238022750665303,1.0,2,1.0,0.34238022750665303,1.0,{},0.8878706167110735,1.0865708570219315,0.15507014942021075,0.18071005180851163,2,2,1.0,0.34238022750665303,1.0,1.0,0.34238022750665303,1.0,2,linear,whole_base_sequence,7.37053066121476,7.575316213516642,6,3,0,4.33621367201599,5.043555778584398,1.0,2,True,0.0032729499944252893,0.0012954499979969114,0.0,0.00034370601992038483,873.7372310034511,884.2971257042767,9.312732259279388,True,True,True,45.0,45,45,40.0,40,40,5.0,5,5,28.0,28,28,28.0,28,28,6.0,6,6,22.0,22,22,0.0,0,0,0.0,0,0,0.0,0,0
informative,outlier_mild,causal_prefix_batch,True,0.0,2,0,2,0.0,0.0,0.6576197724933469,0,0.0,0.0,0.6576197724933469,"{""insufficient_measurements"": 2}",nan,nan,nan,nan,0,2,nan,nan,nan,0.0,0.0,0.6576197724933469,0,linear,whole_base_sequence,nan,nan,6,0,0,nan,nan,nan,2,True,3.7949997931718826e-05,0.0,nan,nan,nan,nan,nan,True,True,False,45.0,45,45,45.0,45,45,0.0,0,0,0.0,0,0,0.0,0,0,0.0,0,0,0.0,0,0,0.0,0,0,0.0,0,0,0.0,0,0
informative,outlier_mild,causal_prefix_batch,True,0.5,2,0,2,0.0,0.0,0.6576197724933469,0,0.0,0.0,0.6576197724933469,"{""insufficient_measurements"": 2}",nan,nan,nan,nan,0,2,nan,nan,nan,0.0,0.0,0.6576197724933469,0,linear,whole_base_sequence,nan,nan,6,0,0,nan,nan,nan,2,True,2.155001857317984e-05,0.0,nan,nan,nan,nan,nan,True,True,False,45.0,45,45,45.0,45,45,0.0,0,0,0.0,0,0,0.0,0,0,0.0,0,0,0.0,0,0,0.0,0,0,0.0,0,0,0.0,0,0
informative,outlier_mild,causal_prefix_batch,True,1.0,2,1,1,0.5,0.09453120573423074,0.9054687942657693,1,0.5,0.09453120573423074,0.9054687942657693,"{""insufficient_measurements"": 1}",1.7126128089279982,1.7126128089279982,4.529606349885589,4.529606349885589,1,2,1.0,0.20654931437723745,1.0,0.5,0.09453120573423074,0.9054687942657693,1,linear,whole_base_sequence,1.4422874474701983,1.4422874474701983,6,0,0,nan,nan,nan,2,True,0.007425400006468408,0.0,0.0,0.07132272688098952,2624.472583233586,2624.472583233586,0.9408566648613441,True,True,False,45.0,45,45,45.0,45,45,0.0,0,0,2.5,2,3,2.5,2,3,0.0,0,0,0.0,0,0,0.0,0,0,0.0,0,0,0.0,0,0
informative,outlier_mild,causal_prefix_batch,True,1.5,2,2,0,1.0,0.34238022750665303,1.0,2,1.0,0.34238022750665303,1.0,{},4.669770438607525,5.217547707512253,4.757222306500143,4.952192697861562,2,2,1.0,0.34238022750665303,1.0,1.0,0.34238022750665303,1.0,2,linear,whole_base_sequence,3.3601542798077317,5.0862344289116095,6,0,0,nan,nan,nan,2,True,0.018067549986881204,0.0,0.0,0.04536038227657214,6750.443945637491,6975.719522019471,1.2000124660892886,True,True,False,45.0,45,45,45.0,45,45,0.0,0,0,3.0,3,3,3.0,3,3,0.0,0,0,0.0,0,0,0.0,0,0,0.0,0,0,0.0,0,0
informative,outlier_mild,causal_prefix_batch,True,10.0,2,2,0,1.0,0.34238022750665303,1.0,2,1.0,0.34238022750665303,1.0,{},1.0709569744762766,1.3124222703705597,0.14356423644052294,0.1652093427033506,2,2,0.5,0.09453120573423074,0.9054687942657693,0.5,0.09453120573423074,0.9054687942657693,1,linear,whole_base_sequence,10.262151926392537,14.199564487064295,6,0,0,nan,nan,nan,2,True,0.27245815000787843,0.0,0.0,0.0002206299267494516,1139.5921036131099,1155.1212781089343,9.670899249589615,True,True,False,45.0,45,45,45.0,45,45,0.0,0,0,35.0,35,35,35.0,35,35,0.0,0,0,0.0,0,0,0.0,0,0,0.0,0,0,0.0,0,0
informative,outlier_mild,causal_prefix_batch,True,10.5,2,2,0,1.0,0.34238022750665303,1.0,2,1.0,0.34238022750665303,1.0,{},0.9906821629205149,1.2521570741345756,0.12469991723635687,0.14674324755901097,2,2,0.5,0.09453120573423074,0.9054687942657693,0.5,0.09453120573423074,0.9054687942657693,1,linear,whole_base_sequence,10.302615518084544,14.758404156462017,6,0,0,nan,nan,nan,2,True,0.2662001999997301,0.0,0.0,0.00019210071982488162,1231.955948431144,1245.1748831640716,10.463239363147233,True,True,False,45.0,45,45,45.0,45,45,0.0,0,0,37.0,37,37,37.0,37,37,0.0,0,0,0.0,0,0,0.0,0,0,0.0,0,0,0.0,0,0
informative,outlier_mild,causal_prefix_batch,True,11.0,2,2,0,1.0,0.34238022750665303,1.0,2,1.0,0.34238022750665303,1.0,{},0.8123256737206972,0.9213477074002822,0.10196892903325278,0.1029798239618228,2,2,1.0,0.34238022750665303,1.0,1.0,0.34238022750665303,1.0,2,linear,whole_base_sequence,9.275576521155413,11.737361622680716,6,0,0,nan,nan,nan,2,True,0.27200459998857696,0.0,0.0,0.0001685963332989357,1383.0081345434467,1396.263977225237,10.828002937431222,True,True,False,45.0,45,45,45.0,45,45,0.0,0,0,39.0,39,39,39.0,39,39,0.0,0,0,0.0,0,0,0.0,0,0,0.0,0,0,0.0,0,0
informative,outlier_mild,causal_prefix_batch,True,11.5,2,2,0,1.0,0.34238022750665303,1.0,2,1.0,0.34238022750665303,1.0,{},0.6993792289177192,0.7349641200314675,0.0858620171236645,0.09667405443725918,2,2,1.0,0.34238022750665303,1.0,1.0,0.34238022750665303,1.0,2,linear,whole_base_sequence,8.050879186520302,9.496718692922961,6,0,0,nan,nan,nan,2,True,0.24527975000091828,0.0,0.0,0.00014873176012523574,1641.9822488534558,1677.9122826666153,11.362322374391251,True,True,False,45.0,45,45,45.0,45,45,0.0,0,0,40.5,40,41,40.5,40,41,0.0,0,0,0.0,0,0,0.0,0,0,0.0,0,0,0.0,0,0
informative,outlier_mild,causal_prefix_batch,True,12.0,2,2,0,1.0,0.34238022750665303,1.0,2,1.0,0.34238022750665303,1.0,{},0.5106716178138113,0.5879465275472496,0.06693564445350622,0.083283828727724,2,2,1.0,0.34238022750665303,1.0,1.0,0.34238022750665303,1.0,2,linear,whole_base_sequence,6.529878516133814,7.422733305751407,6,0,0,nan,nan,nan,2,True,0.3053830499848118,0.0,0.0,0.00013210997241055908,1763.7480505312133,1772.5706093197248,11.83006655804374,True,True,False,45.0,45,45,45.0,45,45,0.0,0,0,43.0,43,43,43.0,43,43,0.0,0,0,0.0,0,0,0.0,0,0,0.0,0,0,0.0,0,0
informative,outlier_mild,causal_prefix_batch,True,12.5,2,2,0,1.0,0.34238022750665303,1.0,2,1.0,0.34238022750665303,1.0,{},0.6095769910087154,0.739634439850498,0.07247652312187725,0.09384210587818716,2,2,1.0,0.34238022750665303,1.0,1.0,0.34238022750665303,1.0,2,linear,whole_base_sequence,7.304849591256277,7.867870251420004,6,0,0,nan,nan,nan,2,True,0.3396325499925297,0.0,0.0,0.00011797334251743003,2052.655453450242,2132.4700615595857,12.31286511220431,True,True,False,45.0,45,45,45.0,45,45,0.0,0,0,44.5,44,45,44.5,44,45,0.0,0,0,0.0,0,0,0.0,0,0,0.0,0,0,0.0,0,0
informative,outlier_mild,causal_prefix_batch,True,14.5,2,2,0,1.0,0.34238022750665303,1.0,2,1.0,0.34238022750665303,1.0,{},0.7407245979600846,0.9232764338629879,0.07216500153562094,0.09377232473855988,2,2,1.0,0.34238022750665303,1.0,1.0,0.34238022750665303,1.0,2,linear,whole_base_sequence,7.350367248642404,7.954353800454296,6,0,0,nan,nan,nan,2,True,0.29283149998809677,0.0,0.0,7.863629819135694e-05,4326.240012914621,4346.955946885434,12.514118335958992,True,True,False,45.0,45,45,45.0,45,45,0.0,0,0,45.0,45,45,45.0,45,45,0.0,0,0,0.0,0,0,0.0,0,0,0.0,0,0,0.0,0,0
informative,outlier_mild,causal_prefix_batch,True,2.0,2,2,0,1.0,0.34238022750665303,1.0,2,1.0,0.34238022750665303,1.0,{},1.4464291118504922,1.7357749528310988,1.1528951759937551,1.287338215752432,2,2,1.0,0.34238022750665303,1.0,1.0,0.34238022750665303,1.0,2,linear,whole_base_sequence,4.192931290518361,4.540707262936726,6,0,0,nan,nan,nan,2,True,0.03688775000046007,0.0,0.0,0.02171206531881701,187.49938896378492,187.8161504043717,1.863447742681687,True,True,False,45.0,45,45,45.0,45,45,0.0,0,0,5.0,5,5,5.0,5,5,0.0,0,0,0.0,0,0,0.0,0,0,0.0,0,0,0.0,0,0
informative,outlier_mild,causal_prefix_batch,True,2.5,2,2,0,1.0,0.34238022750665303,1.0,2,1.0,0.34238022750665303,1.0,{},1.164852734076196,1.4233665277873886,0.798694451237016,0.9158952618424954,2,2,1.0,0.34238022750665303,1.0,1.0,0.34238022750665303,1.0,2,linear,whole_base_sequence,5.279700247847719,6.1615368133669355,6,0,0,nan,nan,nan,2,True,0.06655949998821598,0.0,0.0,0.011456013829140249,89.39842578414687,91.11890034040343,2.479060706877549,True,True,False,45.0,45,45,45.0,45,45,0.0,0,0,8.0,8,8,8.0,8,8,0.0,0,0,0.0,0,0,0.0,0,0,0.0,0,0,0.0,0,0
informative,outlier_mild,causal_prefix_batch,True,3.0,2,2,0,1.0,0.34238022750665303,1.0,2,1.0,0.34238022750665303,1.0,{},0.8912182012018295,1.0375646333667845,0.43119315786901796,0.560689289224527,2,2,1.0,0.34238022750665303,1.0,1.0,0.34238022750665303,1.0,2,linear,whole_base_sequence,3.84612582289232,4.507316345941267,6,0,0,nan,nan,nan,2,True,0.06418064999161288,0.0,0.0,0.0071115138882919295,121.50260447604339,123.04734789771399,2.801421863407455,True,True,False,45.0,45,45,45.0,45,45,0.0,0,0,9.0,9,9,9.0,9,9,0.0,0,0,0.0,0,0,0.0,0,0,0.0,0,0,0.0,0,0
informative,outlier_mild,causal_prefix_batch,True,3.5,2,2,0,1.0,0.34238022750665303,1.0,2,1.0,0.34238022750665303,1.0,{},0.5007990258463508,0.5469963957919612,0.22274955499626486,0.29151618850587996,2,2,1.0,0.34238022750665303,1.0,1.0,0.34238022750665303,1.0,2,linear,whole_base_sequence,3.3801932601286575,3.9439687791655103,6,0,0,nan,nan,nan,2,True,0.05951579997781664,0.0,0.0,0.004599387217118866,123.20205043068003,147.57290928161964,3.401151285240659,True,True,False,45.0,45,45,45.0,45,45,0.0,0,0,11.5,11,12,11.5,11,12,0.0,0,0,0.0,0,0,0.0,0,0,0.0,0,0,0.0,0,0
informative,outlier_mild,causal_prefix_batch,True,4.0,2,2,0,1.0,0.34238022750665303,1.0,2,1.0,0.34238022750665303,1.0,{},0.675468767693958,0.6874868576178381,0.2336219518034153,0.2937449314421382,2,2,1.0,0.34238022750665303,1.0,1.0,0.34238022750665303,1.0,2,linear,whole_base_sequence,4.064041056869717,4.115728554899649,6,0,0,nan,nan,nan,2,True,0.06978040000831243,0.0,0.0,0.0031980738280498505,198.9755794328699,201.813621428207,3.6554622793035705,True,True,False,45.0,45,45,45.0,45,45,0.0,0,0,12.0,12,12,12.0,12,12,0.0,0,0,0.0,0,0,0.0,0,0,0.0,0,0,0.0,0,0
informative,outlier_mild,causal_prefix_batch,True,4.5,2,2,0,1.0,0.34238022750665303,1.0,2,1.0,0.34238022750665303,1.0,{},2.512273941726289,2.9239729887935177,0.8643930783531346,1.0116241207679768,2,2,0.0,0.0,0.6576197724933469,0.0,0.0,0.6576197724933469,0,linear,whole_base_sequence,33.76996746943707,50.17217270527832,6,0,0,nan,nan,nan,2,True,0.07688639999832958,0.0,0.0,0.0022542005475156644,212.5461177978439,250.86016443335052,4.367226688858158,True,True,False,45.0,45,45,45.0,45,45,0.0,0,0,14.5,14,15,14.5,14,15,0.0,0,0,0.0,0,0,0.0,0,0,0.0,0,0,0.0,0,0
informative,outlier_mild,causal_prefix_batch,True,5.0,2,2,0,1.0,0.34238022750665303,1.0,2,1.0,0.34238022750665303,1.0,{},1.791553074795126,2.2747885876692244,0.552158495856727,0.6929762154399614,2,2,0.5,0.09453120573423074,0.9054687942657693,0.5,0.09453120573423074,0.9054687942657693,1,linear,whole_base_sequence,20.821325216340284,30.534696665114545,6,0,0,nan,nan,nan,2,True,0.11344824999105185,0.0,0.0,0.0016612229063695772,197.25037272742145,221.49585721859566,4.99270526792087,True,True,False,45.0,45,45,45.0,45,45,0.0,0,0,17.5,17,18,17.5,17,18,0.0,0,0,0.0,0,0,0.0,0,0,0.0,0,0,0.0,0,0
informative,outlier_mild,causal_prefix_batch,True,5.5,2,2,0,1.0,0.34238022750665303,1.0,2,1.0,0.34238022750665303,1.0,{},1.4354672255054133,1.6657890566995257,0.3946918867060121,0.4509660232388871,2,2,0.5,0.09453120573423074,0.9054687942657693,0.5,0.09453120573423074,0.9054687942657693,1,linear,whole_base_sequence,14.803289966941396,19.10042964759859,6,0,0,nan,nan,nan,2,True,0.1183840000157943,0.0,0.0,0.0012593096641864635,291.5682880878827,295.76004404493887,5.293557399773563,True,True,False,45.0,45,45,45.0,45,45,0.0,0,0,18.0,18,18,18.0,18,18,0.0,0,0,0.0,0,0,0.0,0,0,0.0,0,0,0.0,0,0
informative,outlier_mild,causal_prefix_batch,True,6.0,2,2,0,1.0,0.34238022750665303,1.0,2,1.0,0.34238022750665303,1.0,{},1.928739759868594,2.582416664797679,0.4608108424215036,0.6147265443350569,2,2,0.5,0.09453120573423074,0.9054687942657693,0.5,0.09453120573423074,0.9054687942657693,1,linear,whole_base_sequence,34.10713284223815,61.257718576225486,6,0,0,nan,nan,nan,2,True,0.17999555001733825,0.0,0.0,0.000972706960061871,286.01666895299513,288.59021193057447,5.972518470726317,True,True,False,45.0,45,45,45.0,45,45,0.0,0,0,21.0,21,21,21.0,21,21,0.0,0,0,0.0,0,0,0.0,0,0,0.0,0,0,0.0,0,0
informative,outlier_mild,causal_prefix_batch,True,6.5,2,2,0,1.0,0.34238022750665303,1.0,2,1.0,0.34238022750665303,1.0,{},1.909536237289223,2.531799689500714,0.40736709866947135,0.5365900862497134,2,2,0.5,0.09453120573423074,0.9054687942657693,0.5,0.09453120573423074,0.9054687942657693,1,linear,whole_base_sequence,33.33675416291981,58.81707058102426,6,0,0,nan,nan,nan,2,True,0.14695840000058524,0.0,0.0,0.0007700639490318263,382.68489573766567,387.071979270843,6.480735441103977,True,True,False,45.0,45,45,45.0,45,45,0.0,0,0,22.0,22,22,22.0,22,22,0.0,0,0,0.0,0,0,0.0,0,0,0.0,0,0,0.0,0,0
informative,outlier_mild,causal_prefix_batch,True,7.0,2,2,0,1.0,0.34238022750665303,1.0,2,1.0,0.34238022750665303,1.0,{},1.2909625461344256,1.706454438464518,0.2430833376219546,0.32084720630664365,2,2,0.5,0.09453120573423074,0.9054687942657693,0.5,0.09453120573423074,0.9054687942657693,1,linear,whole_base_sequence,18.29824761858099,30.74208037568121,6,0,0,nan,nan,nan,2,True,0.1831052500056103,0.0,0.0,0.0006195817020245727,447.7405916165645,450.75369465102284,6.814280685441847,True,True,False,45.0,45,45,45.0,45,45,0.0,0,0,24.0,24,24,24.0,24,24,0.0,0,0,0.0,0,0,0.0,0,0,0.0,0,0,0.0,0,0
informative,outlier_mild,causal_prefix_batch,True,7.5,2,2,0,1.0,0.34238022750665303,1.0,2,1.0,0.34238022750665303,1.0,{},1.0467960460294052,1.397897664820115,0.1816733153202911,0.24232525896393217,2,2,0.5,0.09453120573423074,0.9054687942657693,0.5,0.09453120573423074,0.9054687942657693,1,linear,whole_base_sequence,12.700704717097834,20.656294877993975,6,0,0,nan,nan,nan,2,True,0.20956370000203606,0.0,0.0,0.0005063717951310221,503.2549469178732,552.9582709489862,7.359225597122656,True,True,False,45.0,45,45,45.0,45,45,0.0,0,0,26.5,26,27,26.5,26,27,0.0,0,0,0.0,0,0,0.0,0,0,0.0,0,0,0.0,0,0
informative,outlier_mild,causal_prefix_batch,True,8.0,2,2,0,1.0,0.34238022750665303,1.0,2,1.0,0.34238022750665303,1.0,{},1.1307552712716589,1.515295875585205,0.1807913444410872,0.24195505411522106,2,2,0.5,0.09453120573423074,0.9054687942657693,0.5,0.09453120573423074,0.9054687942657693,1,linear,whole_base_sequence,12.672954614295087,20.653519867713406,6,0,0,nan,nan,nan,2,True,0.22694510000292212,0.0,0.0,0.00041974675556952153,623.4688908978737,653.4159343547299,7.82229996010676,True,True,False,45.0,45,45,45.0,45,45,0.0,0,0,27.5,27,28,27.5,27,28,0.0,0,0,0.0,0,0,0.0,0,0,0.0,0,0,0.0,0,0
informative,outlier_mild,causal_prefix_batch,True,8.5,2,2,0,1.0,0.34238022750665303,1.0,2,1.0,0.34238022750665303,1.0,{},1.113626876974188,1.4860168473556794,0.17113421534970055,0.22708401640416284,2,2,0.5,0.09453120573423074,0.9054687942657693,0.5,0.09453120573423074,0.9054687942657693,1,linear,whole_base_sequence,12.04794762045413,19.295842465070525,6,0,0,nan,nan,nan,2,True,0.23369439999805763,0.0,0.0,0.00035208238001287575,677.1472746621366,685.2569523312986,8.472755136575147,True,True,False,45.0,45,45,45.0,45,45,0.0,0,0,30.0,30,30,30.0,30,30,0.0,0,0,0.0,0,0,0.0,0,0,0.0,0,0,0.0,0,0
informative,outlier_mild,causal_prefix_batch,True,9.0,2,2,0,1.0,0.34238022750665303,1.0,2,1.0,0.34238022750665303,1.0,{},1.0541986654644466,1.305467443592391,0.14997728954792733,0.18127579874327032,2,2,0.5,0.09453120573423074,0.9054687942657693,0.5,0.09453120573423074,0.9054687942657693,1,linear,whole_base_sequence,11.324517031423895,16.42735205870956,6,0,0,nan,nan,nan,2,True,0.23122365000017453,0.0,0.0,0.0002985315011136112,834.1620083413425,860.4944801937929,8.835771165437594,True,True,False,45.0,45,45,45.0,45,45,0.0,0,0,31.5,31,32,31.5,31,32,0.0,0,0,0.0,0,0,0.0,0,0,0.0,0,0,0.0,0,0
informative,outlier_mild,causal_prefix_batch,True,9.5,2,2,0,1.0,0.34238022750665303,1.0,2,1.0,0.34238022750665303,1.0,{},1.2602724033359942,1.5559863650052383,0.17395379855043006,0.2055984354296523,2,2,0.5,0.09453120573423074,0.9054687942657693,0.5,0.09453120573423074,0.9054687942657693,1,linear,whole_base_sequence,13.72157417350379,20.693979718016344,6,0,0,nan,nan,nan,2,True,0.2608466999954544,0.0,0.0,0.0002554916966927475,963.0255519069668,977.2408085568053,9.312732259279388,True,True,False,45.0,45,45,45.0,45,45,0.0,0,0,33.0,33,33,33.0,33,33,0.0,0,0,0.0,0,0,0.0,0,0,0.0,0,0,0.0,0,0
informative,outlier_mild,initial_batch_no_updates,True,0.0,2,0,2,0.0,0.0,0.6576197724933469,0,0.0,0.0,0.6576197724933469,"{""not_initialized"": 2}",nan,nan,nan,nan,0,2,nan,nan,nan,0.0,0.0,0.6576197724933469,0,linear,whole_base_sequence,nan,nan,6,0,0,nan,nan,nan,2,True,1.5499826986342669e-06,0.0,nan,nan,nan,nan,nan,True,True,False,45.0,45,45,45.0,45,45,0.0,0,0,0.0,0,0,0.0,0,0,0.0,0,0,0.0,0,0,0.0,0,0,0.0,0,0,0.0,0,0
informative,outlier_mild,initial_batch_no_updates,True,0.5,2,0,2,0.0,0.0,0.6576197724933469,0,0.0,0.0,0.6576197724933469,"{""not_initialized"": 2}",nan,nan,nan,nan,0,2,nan,nan,nan,0.0,0.0,0.6576197724933469,0,linear,whole_base_sequence,nan,nan,6,0,0,nan,nan,nan,2,True,1.1999945854768157e-06,0.0,nan,nan,nan,nan,nan,True,True,False,45.0,45,45,45.0,45,45,0.0,0,0,0.0,0,0,0.0,0,0,0.0,0,0,0.0,0,0,0.0,0,0,0.0,0,0,0.0,0,0
informative,outlier_mild,initial_batch_no_updates,True,1.0,2,0,2,0.0,0.0,0.6576197724933469,0,0.0,0.0,0.6576197724933469,"{""not_initialized"": 2}",nan,nan,nan,nan,0,2,nan,nan,nan,0.0,0.0,0.6576197724933469,0,linear,whole_base_sequence,nan,nan,6,0,0,nan,nan,nan,2,True,1.7999991541728377e-06,0.0,nan,nan,nan,nan,0.9408566648613441,True,True,False,45.0,45,45,45.0,45,45,0.0,0,0,2.5,2,3,0.0,0,0,0.0,0,0,0.0,0,0,0.0,0,0,0.0,0,0,2.5,2,3
informative,outlier_mild,initial_batch_no_updates,True,1.5,2,0,2,0.0,0.0,0.6576197724933469,0,0.0,0.0,0.6576197724933469,"{""not_initialized"": 2}",nan,nan,nan,nan,0,2,nan,nan,nan,0.0,0.0,0.6576197724933469,0,linear,whole_base_sequence,nan,nan,6,0,0,nan,nan,nan,2,True,2.649991074576974e-06,0.0,nan,nan,nan,nan,1.2000124660892886,True,True,False,45.0,45,45,45.0,45,45,0.0,0,0,3.0,3,3,0.0,0,0,0.0,0,0,0.0,0,0,0.0,0,0,0.0,0,0,3.0,3,3
informative,outlier_mild,initial_batch_no_updates,True,10.0,2,2,0,1.0,0.34238022750665303,1.0,2,1.0,0.34238022750665303,1.0,{},9.006720027269951,9.920094243977685,0.9723663231404932,1.0608481191325538,2,2,1.0,0.34238022750665303,1.0,1.0,0.34238022750665303,1.0,2,linear,whole_base_sequence,4.404645378644872,4.479090238594431,6,0,0,nan,nan,nan,2,True,0.0001371500111417845,0.0,0.0,0.0005127072396813974,118038.99146535876,118463.96147186997,9.670899249589615,True,True,False,45.0,45,45,45.0,45,45,0.0,0,0,35.0,35,35,6.0,6,6,6.0,6,6,0.0,0,0,0.0,0,0,0.0,0,0,29.0,29,29
informative,outlier_mild,initial_batch_no_updates,True,10.5,2,2,0,1.0,0.34238022750665303,1.0,2,1.0,0.34238022750665303,1.0,{},9.49234071965522,10.45014927713645,0.9723663231404932,1.0608481191325538,2,2,1.0,0.34238022750665303,1.0,1.0,0.34238022750665303,1.0,2,linear,whole_base_sequence,4.404645378644931,4.479090238594558,6,0,0,nan,nan,nan,2,True,8.97999998414889e-05,0.0,0.0,0.000460973932802794,145919.80877449756,146444.2977943455,10.463239363147233,True,True,False,45.0,45,45,45.0,45,45,0.0,0,0,37.0,37,37,6.0,6,6,6.0,6,6,0.0,0,0,0.0,0,0,0.0,0,0,31.0,31,31
informative,outlier_mild,initial_batch_no_updates,True,11.0,2,2,0,1.0,0.34238022750665303,1.0,2,1.0,0.34238022750665303,1.0,{},9.978016193593408,10.980240005415437,0.9723663231404932,1.0608481191325538,2,2,1.0,0.34238022750665303,1.0,1.0,0.34238022750665303,1.0,2,linear,whole_base_sequence,4.404645378644901,4.479090238594367,6,0,0,nan,nan,nan,2,True,0.00011640001321211457,0.0,0.0,0.0004166660588447064,178493.42217842332,179134.03613979797,10.828002937431222,True,True,False,45.0,45,45,45.0,45,45,0.0,0,0,39.0,39,39,6.0,6,6,6.0,6,6,0.0,0,0,0.0,0,0,0.0,0,0,33.0,33,33
informative,outlier_mild,initial_batch_no_updates,True,11.5,2,2,0,1.0,0.34238022750665303,1.0,2,1.0,0.34238022750665303,1.0,{},10.463738821013678,11.510361489906568,0.9723663231404932,1.0608481191325538,2,2,1.0,0.34238022750665303,1.0,1.0,0.34238022750665303,1.0,2,linear,whole_base_sequence,4.404645378644947,4.479090238594488,6,0,0,nan,nan,nan,2,True,0.00011729999096132815,0.0,0.0,0.00037843220138556995,216261.24037438887,217036.34406285602,11.362322374391251,True,True,False,45.0,45,45,45.0,45,45,0.0,0,0,40.5,40,41,6.0,6,6,6.0,6,6,0.0,0,0,0.0,0,0,0.0,0,0,34.5,34,35
informative,outlier_mild,initial_batch_no_updates,True,12.0,2,2,0,1.0,0.34238022750665303,1.0,2,1.0,0.34238022750665303,1.0,{},10.94950232669751,12.040509662484508,0.9723663231404932,1.0608481191325538,2,2,1.0,0.34238022750665303,1.0,1.0,0.34238022750665303,1.0,2,linear,whole_base_sequence,4.404645378644875,4.479090238594369,6,0,0,nan,nan,nan,2,True,0.00014760000340174884,0.0,0.0,0.0003452140555858862,259750.23117615253,260680.03711470906,11.83006655804374,True,True,False,45.0,45,45,45.0,45,45,0.0,0,0,43.0,43,43,6.0,6,6,6.0,6,6,0.0,0,0,0.0,0,0,0.0,0,0,37.0,37,37
informative,outlier_mild,initial_batch_no_updates,True,12.5,2,2,0,1.0,0.34238022750665303,1.0,2,1.0,0.34238022750665303,1.0,{},11.435301501207057,12.570681142037179,0.9723663231404932,1.0608481191325538,2,2,1.0,0.34238022750665303,1.0,1.0,0.34238022750665303,1.0,2,linear,whole_base_sequence,4.404645378644741,4.479090238594283,6,0,0,nan,nan,nan,2,True,0.00013124999532010406,0.0,0.0,0.00031617353203194573,309512.9214901645,310619.57880079263,12.31286511220431,True,True,False,45.0,45,45,45.0,45,45,0.0,0,0,44.5,44,45,6.0,6,6,6.0,6,6,0.0,0,0,0.0,0,0,0.0,0,0,38.5,38,39
informative,outlier_mild,initial_batch_no_updates,True,14.5,2,2,0,1.0,0.34238022750665303,1.0,2,1.0,0.34238022750665303,1.0,{},13.378777172821694,14.691549606211213,0.9723663231404932,1.0608481191325538,2,2,1.0,0.34238022750665303,1.0,1.0,0.34238022750665303,1.0,2,linear,whole_base_sequence,4.404645378644721,4.479090238594443,6,0,0,nan,nan,nan,2,True,0.00012135000724811107,0.0,0.0,0.00023014786543312305,583245.7848081492,585323.1816296496,12.514118335958992,True,True,False,45.0,45,45,45.0,45,45,0.0,0,0,45.0,45,45,6.0,6,6,6.0,6,6,0.0,0,0,0.0,0,0,0.0,0,0,39.0,39,39
informative,outlier_mild,initial_batch_no_updates,True,2.0,2,0,2,0.0,0.0,0.6576197724933469,0,0.0,0.0,0.6576197724933469,"{""not_initialized"": 2}",nan,nan,nan,nan,0,2,nan,nan,nan,0.0,0.0,0.6576197724933469,0,linear,whole_base_sequence,nan,nan,6,0,0,nan,nan,nan,2,True,3.44999716617167e-06,0.0,nan,nan,nan,nan,1.863447742681687,True,True,False,45.0,45,45,45.0,45,45,0.0,0,0,5.0,5,5,0.0,0,0,0.0,0,0,0.0,0,0,0.0,0,0,0.0,0,0,5.0,5,5
informative,outlier_mild,initial_batch_no_updates,True,2.5,2,2,0,1.0,0.34238022750665303,1.0,2,1.0,0.34238022750665303,1.0,{},1.760079914750866,1.9931807546052065,0.9723663231404932,1.0608481191325538,2,2,1.0,0.34238022750665303,1.0,1.0,0.34238022750665303,1.0,2,linear,whole_base_sequence,4.40464537864494,4.479090238594551,6,0,0,nan,nan,nan,2,True,0.00010015000589191914,0.0,0.0,0.012273501532843215,215.15850210682382,215.98723829470157,2.479060706877549,True,True,False,45.0,45,45,45.0,45,45,0.0,0,0,8.0,8,8,6.0,6,6,6.0,6,6,0.0,0,0,0.0,0,0,0.0,0,0,2.0,2,2
informative,outlier_mild,initial_batch_no_updates,True,3.0,2,2,0,1.0,0.34238022750665303,1.0,2,1.0,0.34238022750665303,1.0,{},2.233872421799196,2.5158242704188636,0.9723663231404932,1.0608481191325538,2,2,1.0,0.34238022750665303,1.0,1.0,0.34238022750665303,1.0,2,linear,whole_base_sequence,4.404645378644927,4.479090238594512,6,0,0,nan,nan,nan,2,True,9.39499877858907e-05,0.0,0.0,0.008076217238002713,492.9115183560332,494.79871356775647,2.801421863407455,True,True,False,45.0,45,45,45.0,45,45,0.0,0,0,9.0,9,9,6.0,6,6,6.0,6,6,0.0,0,0,0.0,0,0,0.0,0,0,3.0,3,3
informative,outlier_mild,initial_batch_no_updates,True,3.5,2,2,0,1.0,0.34238022750665303,1.0,2,1.0,0.34238022750665303,1.0,{},2.712054354291132,3.0411785036313495,0.9723663231404932,1.0608481191325538,2,2,1.0,0.34238022750665303,1.0,1.0,0.34238022750665303,1.0,2,linear,whole_base_sequence,4.404645378644944,4.479090238594559,6,0,0,nan,nan,nan,2,True,8.890000754036009e-05,0.0,0.0,0.005624296265638137,1009.4090233696118,1013.2426124437059,3.401151285240659,True,True,False,45.0,45,45,45.0,45,45,0.0,0,0,11.5,11,12,6.0,6,6,6.0,6,6,0.0,0,0,0.0,0,0,0.0,0,0,5.5,5,6
informative,outlier_mild,initial_batch_no_updates,True,4.0,2,2,0,1.0,0.34238022750665303,1.0,2,1.0,0.34238022750665303,1.0,{},3.1926540334920097,3.568040630105808,0.9723663231404932,1.0608481191325538,2,2,1.0,0.34238022750665303,1.0,1.0,0.34238022750665303,1.0,2,linear,whole_base_sequence,4.404645378644929,4.479090238594482,6,0,0,nan,nan,nan,2,True,8.270000398624688e-05,0.0,0.0,0.004106955416375229,1882.6815370405948,1889.7752368767672,3.6554622793035705,True,True,False,45.0,45,45,45.0,45,45,0.0,0,0,12.0,12,12,6.0,6,6,6.0,6,6,0.0,0,0,0.0,0,0,0.0,0,0,6.0,6,6
informative,outlier_mild,initial_batch_no_updates,True,4.5,2,2,0,1.0,0.34238022750665303,1.0,2,1.0,0.34238022750665303,1.0,{},3.674722964755994,4.095826299408179,0.9723663231404932,1.0608481191325538,2,2,1.0,0.34238022750665303,1.0,1.0,0.34238022750665303,1.0,2,linear,whole_base_sequence,4.404645378644927,4.47909023859456,6,0,0,nan,nan,nan,2,True,8.430000161752105e-05,0.0,0.0,0.003115986656374215,3256.313249864532,3268.495408984486,4.367226688858158,True,True,False,45.0,45,45,45.0,45,45,0.0,0,0,14.5,14,15,6.0,6,6,6.0,6,6,0.0,0,0,0.0,0,0,0.0,0,0,8.5,8,9
informative,outlier_mild,initial_batch_no_updates,True,5.0,2,2,0,1.0,0.34238022750665303,1.0,2,1.0,0.34238022750665303,1.0,{},4.157750123687829,4.624218080828921,0.9723663231404932,1.0608481191325538,2,2,1.0,0.34238022750665303,1.0,1.0,0.34238022750665303,1.0,2,linear,whole_base_sequence,4.404645378644933,4.479090238594505,6,0,0,nan,nan,nan,2,True,8.520000847056508e-05,0.0,0.0,0.0024382617258412857,5299.4456647222105,5319.148127853875,4.99270526792087,True,True,False,45.0,45,45,45.0,45,45,0.0,0,0,17.5,17,18,6.0,6,6,6.0,6,6,0.0,0,0,0.0,0,0,0.0,0,0,11.5,11,12
informative,outlier_mild,initial_batch_no_updates,True,5.5,2,2,0,1.0,0.34238022750665303,1.0,2,1.0,0.34238022750665303,1.0,{},4.641436356079454,5.1530288809223075,0.9723663231404932,1.0608481191325538,2,2,1.0,0.34238022750665303,1.0,1.0,0.34238022750665303,1.0,2,linear,whole_base_sequence,4.404645378644915,4.47909023859447,6,0,0,nan,nan,nan,2,True,0.00014980000560171902,0.0,0.0,0.001956534099728952,8206.778737834353,8237.125716169368,5.293557399773563,True,True,False,45.0,45,45,45.0,45,45,0.0,0,0,18.0,18,18,6.0,6,6,6.0,6,6,0.0,0,0,0.0,0,0,0.0,0,0,12.0,12,12
informative,outlier_mild,initial_batch_no_updates,True,6.0,2,2,0,1.0,0.34238022750665303,1.0,2,1.0,0.34238022750665303,1.0,{},5.125595081279346,5.6821413465440385,0.9723663231404932,1.0608481191325538,2,2,1.0,0.34238022750665303,1.0,1.0,0.34238022750665303,1.0,2,linear,whole_base_sequence,4.404645378644977,4.479090238594544,6,0,0,nan,nan,nan,2,True,0.0001201999984914437,0.0,0.0,0.0016028961469090831,12198.5712682361,12243.468212050671,5.972518470726317,True,True,False,45.0,45,45,45.0,45,45,0.0,0,0,21.0,21,21,6.0,6,6,6.0,6,6,0.0,0,0,0.0,0,0,0.0,0,0,15.0,15,15
informative,outlier_mild,initial_batch_no_updates,True,6.5,2,2,0,1.0,0.34238022750665303,1.0,2,1.0,0.34238022750665303,1.0,{},5.610103970527001,6.211478168170952,0.9723663231404932,1.0608481191325538,2,2,1.0,0.34238022750665303,1.0,1.0,0.34238022750665303,1.0,2,linear,whole_base_sequence,4.4046453786449575,4.479090238594595,6,0,0,nan,nan,nan,2,True,0.00011615001130849123,0.0,0.0,0.001336147153582055,17520.64104416931,17584.8635163793,6.480735441103977,True,True,False,45.0,45,45,45.0,45,45,0.0,0,0,22.0,22,22,6.0,6,6,6.0,6,6,0.0,0,0,0.0,0,0,0.0,0,0,16.0,16,16
informative,outlier_mild,initial_batch_no_updates,True,7.0,2,2,0,1.0,0.34238022750665303,1.0,2,1.0,0.34238022750665303,1.0,{},6.094879516134788,6.740986355164957,0.9723663231404932,1.0608481191325538,2,2,1.0,0.34238022750665303,1.0,1.0,0.34238022750665303,1.0,2,linear,whole_base_sequence,4.404645378644906,4.479090238594499,6,0,0,nan,nan,nan,2,True,0.00016554999456275254,0.0,0.0,0.0011302503691948658,24444.364903206948,24533.64745358788,6.814280685441847,True,True,False,45.0,45,45,45.0,45,45,0.0,0,0,24.0,24,24,6.0,6,6,6.0,6,6,0.0,0,0,0.0,0,0,0.0,0,0,18.0,18,18
informative,outlier_mild,initial_batch_no_updates,True,7.5,2,2,0,1.0,0.34238022750665303,1.0,2,1.0,0.34238022750665303,1.0,{},6.579862780139483,7.270628376587349,0.9723663231404932,1.0608481191325538,2,2,1.0,0.34238022750665303,1.0,1.0,0.34238022750665303,1.0,2,linear,whole_base_sequence,4.404645378644926,4.47909023859447,6,0,0,nan,nan,nan,2,True,0.0001431499986210838,0.0,0.0,0.0009681575223466284,33266.67875907553,33387.803798534296,7.359225597122656,True,True,False,45.0,45,45,45.0,45,45,0.0,0,0,26.5,26,27,6.0,6,6,6.0,6,6,0.0,0,0,0.0,0,0,0.0,0,0,20.5,20,21
informative,outlier_mild,initial_batch_no_updates,True,8.0,2,2,0,1.0,0.34238022750665303,1.0,2,1.0,0.34238022750665303,1.0,{},7.065010985689928,7.800376909653386,0.9723663231404932,1.0608481191325538,2,2,1.0,0.34238022750665303,1.0,1.0,0.34238022750665303,1.0,2,linear,whole_base_sequence,4.404645378644936,4.479090238594615,6,0,0,nan,nan,nan,2,True,0.00014114999794401228,0.0,0.0,0.0008383552523929559,44310.07761408987,44470.96428900822,7.82229996010676,True,True,False,45.0,45,45,45.0,45,45,0.0,0,0,27.5,27,28,6.0,6,6,6.0,6,6,0.0,0,0,0.0,0,0,0.0,0,0,21.5,21,22
informative,outlier_mild,initial_batch_no_updates,True,8.5,2,2,0,1.0,0.34238022750665303,1.0,2,1.0,0.34238022750665303,1.0,{},7.550292337622616,8.330211591660733,0.9723663231404932,1.0608481191325538,2,2,1.0,0.34238022750665303,1.0,1.0,0.34238022750665303,1.0,2,linear,whole_base_sequence,4.404645378645043,4.479090238594713,6,0,0,nan,nan,nan,2,True,0.00010770000517368317,0.0,0.0,0.0007328550020363469,57922.61556585091,58132.40863307181,8.472755136575147,True,True,False,45.0,45,45,45.0,45,45,0.0,0,0,30.0,30,30,6.0,6,6,6.0,6,6,0.0,0,0,0.0,0,0,0.0,0,0,24.0,24,24
informative,outlier_mild,initial_batch_no_updates,True,9.0,2,2,0,1.0,0.34238022750665303,1.0,2,1.0,0.34238022750665303,1.0,{},8.035682713521908,8.860116937373071,0.9723663231404932,1.0608481191325538,2,2,1.0,0.34238022750665303,1.0,1.0,0.34238022750665303,1.0,2,linear,whole_base_sequence,4.40464537864484,4.4790902385943605,6,0,0,nan,nan,nan,2,True,0.00011685000208672136,0.0,0.0,0.0006459805480362137,74477.90580979935,74747.06451101061,8.835771165437594,True,True,False,45.0,45,45,45.0,45,45,0.0,0,0,31.5,31,32,6.0,6,6,6.0,6,6,0.0,0,0,0.0,0,0,0.0,0,0,25.5,25,26
informative,outlier_mild,initial_batch_no_updates,True,9.5,2,2,0,1.0,0.34238022750665303,1.0,2,1.0,0.34238022750665303,1.0,{},8.521163482436874,9.390080961697558,0.9723663231404932,1.0608481191325538,2,2,1.0,0.34238022750665303,1.0,1.0,0.34238022750665303,1.0,2,linear,whole_base_sequence,4.404645378644906,4.479090238594423,6,0,0,nan,nan,nan,2,True,0.00014189998910296708,0.0,0.0,0.0005736130181559336,94375.12064331019,94715.50757966138,9.312732259279388,True,True,False,45.0,45,45,45.0,45,45,0.0,0,0,33.0,33,33,6.0,6,6,6.0,6,6,0.0,0,0,0.0,0,0,0.0,0,0,27.0,27,27
informative,outlier_mild,offline_full_record_noncausal,False,14.5,2,2,0,1.0,0.34238022750665303,1.0,2,1.0,0.34238022750665303,1.0,{},0.7407245979600846,0.9232764338629879,0.07216500153562094,0.09377232473855988,2,2,1.0,0.34238022750665303,1.0,1.0,0.34238022750665303,1.0,2,linear,whole_base_sequence,7.350367248642404,7.954353800454296,6,0,0,nan,nan,nan,2,True,0.315220849995967,0.0,0.0,7.863629819135694e-05,4326.240012914621,4346.955946885434,12.514118335958992,True,True,False,45.0,45,45,45.0,45,45,0.0,0,0,45.0,45,45,45.0,45,45,0.0,0,0,0.0,0,0,0.0,0,0,0.0,0,0,0.0,0,0
informative,outlier_mild,retarded_ekf,True,0.0,2,0,2,0.0,0.0,0.6576197724933469,0,0.0,0.0,0.6576197724933469,"{""not_initialized"": 2}",nan,nan,nan,nan,0,2,nan,nan,nan,0.0,0.0,0.6576197724933469,0,linear,whole_base_sequence,nan,nan,6,0,0,nan,nan,nan,2,True,1.9400002202019095e-05,0.0,nan,nan,nan,nan,nan,True,True,False,45.0,45,45,45.0,45,45,0.0,0,0,0.0,0,0,0.0,0,0,0.0,0,0,0.0,0,0,0.0,0,0,0.0,0,0,0.0,0,0
informative,outlier_mild,retarded_ekf,True,0.5,2,0,2,0.0,0.0,0.6576197724933469,0,0.0,0.0,0.6576197724933469,"{""not_initialized"": 2}",nan,nan,nan,nan,0,2,nan,nan,nan,0.0,0.0,0.6576197724933469,0,linear,whole_base_sequence,nan,nan,6,0,0,nan,nan,nan,2,True,8.59999272506684e-06,0.0,nan,nan,nan,nan,nan,True,True,False,45.0,45,45,45.0,45,45,0.0,0,0,0.0,0,0,0.0,0,0,0.0,0,0,0.0,0,0,0.0,0,0,0.0,0,0,0.0,0,0
informative,outlier_mild,retarded_ekf,True,1.0,2,0,2,0.0,0.0,0.6576197724933469,0,0.0,0.0,0.6576197724933469,"{""not_initialized"": 2}",nan,nan,nan,nan,0,2,nan,nan,nan,0.0,0.0,0.6576197724933469,0,linear,whole_base_sequence,nan,nan,6,0,0,nan,nan,nan,2,True,0.00016925000818446279,0.0,nan,nan,nan,nan,0.9408566648613441,True,True,False,45.0,45,45,45.0,45,45,0.0,0,0,2.5,2,3,0.0,0,0,0.0,0,0,0.0,0,0,0.0,0,0,0.0,0,0,2.5,2,3
informative,outlier_mild,retarded_ekf,True,1.5,2,0,2,0.0,0.0,0.6576197724933469,0,0.0,0.0,0.6576197724933469,"{""not_initialized"": 2}",nan,nan,nan,nan,0,2,nan,nan,nan,0.0,0.0,0.6576197724933469,0,linear,whole_base_sequence,nan,nan,6,0,0,nan,nan,nan,2,True,5.595000402536243e-05,0.0,nan,nan,nan,nan,1.2000124660892886,True,True,False,45.0,45,45,45.0,45,45,0.0,0,0,3.0,3,3,0.0,0,0,0.0,0,0,0.0,0,0,0.0,0,0,0.0,0,0,3.0,3,3
informative,outlier_mild,retarded_ekf,True,10.0,2,2,0,1.0,0.34238022750665303,1.0,2,1.0,0.34238022750665303,1.0,{},1.0563034455735498,1.2889246264028325,0.14163738075128465,0.16230352043528729,2,2,0.5,0.09453120573423074,0.9054687942657693,0.5,0.09453120573423074,0.9054687942657693,1,linear,whole_base_sequence,10.166431206998578,14.179590823290127,6,4,0,4.070040731604937,7.135015790166731,0.75,2,True,0.0050209500041091815,0.0016691000200808048,0.0,0.00022039773234850066,1135.2694251805333,1149.1071887673515,9.670899249589615,True,True,False,45.0,45,45,45.0,45,45,0.0,0,0,35.0,35,35,35.0,35,35,6.0,6,6,29.0,29,29,0.0,0,0,0.0,0,0,0.0,0,0
informative,outlier_mild,retarded_ekf,True,10.5,2,2,0,1.0,0.34238022750665303,1.0,2,1.0,0.34238022750665303,1.0,{},0.9768081667521774,1.2312466726048066,0.12297546477119768,0.14431879419162927,2,2,0.5,0.09453120573423074,0.9054687942657693,0.5,0.09453120573423074,0.9054687942657693,1,linear,whole_base_sequence,10.214232942771304,14.764161861271523,6,4,0,1.0213240721479608,1.737116667292603,1.0,2,True,0.004917999991448596,0.0016022000054363161,0.0,0.00019171065660467506,1229.150154128936,1241.6910988597936,10.463239363147233,True,True,False,45.0,45,45,45.0,45,45,0.0,0,0,37.0,37,37,37.0,37,37,6.0,6,6,31.0,31,31,0.0,0,0,0.0,0,0,0.0,0,0
informative,outlier_mild,retarded_ekf,True,11.0,2,2,0,1.0,0.34238022750665303,1.0,2,1.0,0.34238022750665303,1.0,{},0.8020213967641173,0.9044387563771742,0.1006977385921348,0.10223728170736494,2,2,1.0,0.34238022750665303,1.0,1.0,0.34238022750665303,1.0,2,linear,whole_base_sequence,9.23914389430778,11.839370395964075,6,4,0,2.6765536942812744,8.393913973934426,0.75,2,True,0.0036951499932911247,0.0012903500319225714,0.0,0.00016795274935104494,1376.10518101643,1389.759538094616,10.828002937431222,True,True,False,45.0,45,45,45.0,45,45,0.0,0,0,39.0,39,39,39.0,39,39,6.0,6,6,33.0,33,33,0.0,0,0,0.0,0,0,0.0,0,0
informative,outlier_mild,retarded_ekf,True,11.5,2,2,0,1.0,0.34238022750665303,1.0,2,1.0,0.34238022750665303,1.0,{},0.6874975419304304,0.7142266802218447,0.08450543552083557,0.09587149540222233,2,2,1.0,0.34238022750665303,1.0,1.0,0.34238022750665303,1.0,2,linear,whole_base_sequence,8.002741851945986,9.582110564203791,6,3,0,1.9344115480072306,4.5268569545154405,1.0,2,True,0.0035366499942028895,0.0010634999925969169,0.0,0.0001481335040694197,1632.4146458710297,1670.9249261910354,11.362322374391251,True,True,False,45.0,45,45,45.0,45,45,0.0,0,0,40.5,40,41,40.5,40,41,6.0,6,6,34.5,34,35,0.0,0,0,0.0,0,0,0.0,0,0
informative,outlier_mild,retarded_ekf,True,12.0,2,2,0,1.0,0.34238022750665303,1.0,2,1.0,0.34238022750665303,1.0,{},0.5027016551034525,0.5864988008886033,0.06603859970804622,0.08259391555105337,2,2,1.0,0.34238022750665303,1.0,1.0,0.34238022750665303,1.0,2,linear,whole_base_sequence,6.488891921690138,7.529898631185292,6,5,0,2.322146596760148,7.374533688339509,0.8,2,True,0.00604350000503473,0.001852050016168505,0.0,0.00013143399758999767,1752.1290242686641,1763.3972165829364,11.83006655804374,True,True,False,45.0,45,45,45.0,45,45,0.0,0,0,43.0,43,43,43.0,43,43,6.0,6,6,37.0,37,37,0.0,0,0,0.0,0,0,0.0,0,0
informative,outlier_mild,retarded_ekf,True,12.5,2,2,0,1.0,0.34238022750665303,1.0,2,1.0,0.34238022750665303,1.0,{},0.6015920221464139,0.7369267247419042,0.07160318835093647,0.09310024395993241,2,2,1.0,0.34238022750665303,1.0,1.0,0.34238022750665303,1.0,2,linear,whole_base_sequence,7.268838470510398,7.9781551945750415,6,3,0,1.6105039301437072,3.0851646556716883,1.0,2,True,0.004554099999950267,0.0012704500113613904,0.0,0.00011727156990347249,2037.7088772805168,2116.061490264065,12.31286511220431,True,True,False,45.0,45,45,45.0,45,45,0.0,0,0,44.5,44,45,44.5,44,45,6.0,6,6,38.5,38,39,0.0,0,0,0.0,0,0,0.0,0,0
informative,outlier_mild,retarded_ekf,True,14.5,2,2,0,1.0,0.34238022750665303,1.0,2,1.0,0.34238022750665303,1.0,{},0.7317119663064976,0.9191322146994616,0.07133509765921672,0.09303740124346475,2,2,1.0,0.34238022750665303,1.0,1.0,0.34238022750665303,1.0,2,linear,whole_base_sequence,7.3150130680496455,8.065886929899573,6,1,0,0.01953597876277261,0.01953597876277261,1.0,2,True,0.0015259500069078058,0.0004078999918419868,0.0,7.797142089987991e-05,4306.447157184457,4319.694407148921,12.514118335958992,True,True,False,45.0,45,45,45.0,45,45,0.0,0,0,45.0,45,45,45.0,45,45,6.0,6,6,39.0,39,39,0.0,0,0,0.0,0,0,0.0,0,0
informative,outlier_mild,retarded_ekf,True,2.0,2,0,2,0.0,0.0,0.6576197724933469,0,0.0,0.0,0.6576197724933469,"{""not_initialized"": 2}",nan,nan,nan,nan,0,2,nan,nan,nan,0.0,0.0,0.6576197724933469,0,linear,whole_base_sequence,nan,nan,6,0,0,nan,nan,nan,2,True,0.00033710000570863485,0.0,nan,nan,nan,nan,1.863447742681687,True,True,False,45.0,45,45,45.0,45,45,0.0,0,0,5.0,5,5,0.0,0,0,0.0,0,0,0.0,0,0,0.0,0,0,0.0,0,0,5.0,5,5
informative,outlier_mild,retarded_ekf,True,2.5,2,2,0,1.0,0.34238022750665303,1.0,2,1.0,0.34238022750665303,1.0,{},1.16375291240412,1.41952958331332,0.7966550952998886,0.9138863671261305,2,2,1.0,0.34238022750665303,1.0,1.0,0.34238022750665303,1.0,2,linear,whole_base_sequence,5.220760316438712,6.01373768513661,6,4,0,1.9138103035838911,3.9651441731435275,1.0,2,True,0.04542504998971708,0.0011597499978961423,0.0,0.011441130765519107,89.00991669162538,89.20081357469446,2.479060706877549,True,True,False,45.0,45,45,45.0,45,45,0.0,0,0,8.0,8,8,8.0,8,8,6.0,6,6,2.0,2,2,0.0,0,0,0.0,0,0,0.0,0,0
informative,outlier_mild,retarded_ekf,True,3.0,2,2,0,1.0,0.34238022750665303,1.0,2,1.0,0.34238022750665303,1.0,{},0.8885122656047982,1.0472205288501841,0.43057402459431066,0.5629576091173593,2,2,1.0,0.34238022750665303,1.0,1.0,0.34238022750665303,1.0,2,linear,whole_base_sequence,3.7667936778845195,4.553895815983918,6,2,0,6.170781978730343,11.331788040759173,0.5,2,True,0.0010578999936114997,0.000573499986785464,0.0,0.0071072914971713344,122.53670205541151,123.44970803517758,2.801421863407455,True,True,False,45.0,45,45,45.0,45,45,0.0,0,0,9.0,9,9,9.0,9,9,6.0,6,6,3.0,3,3,0.0,0,0,0.0,0,0,0.0,0,0
informative,outlier_mild,retarded_ekf,True,3.5,2,2,0,1.0,0.34238022750665303,1.0,2,1.0,0.34238022750665303,1.0,{},0.5054590790385634,0.5459211010277951,0.22435710609584422,0.29310477045070543,2,2,1.0,0.34238022750665303,1.0,1.0,0.34238022750665303,1.0,2,linear,whole_base_sequence,3.2973180588831905,3.7770840295413968,6,5,0,1.2765105471524174,3.325792003946521,1.0,2,True,0.0025586499978089705,0.0014823499950580299,0.0,0.004617387341899789,121.68257182547316,145.8589321612133,3.401151285240659,True,True,False,45.0,45,45,45.0,45,45,0.0,0,0,11.5,11,12,11.5,11,12,6.0,6,6,5.5,5,6,0.0,0,0,0.0,0,0,0.0,0,0
informative,outlier_mild,retarded_ekf,True,4.0,2,2,0,1.0,0.34238022750665303,1.0,2,1.0,0.34238022750665303,1.0,{},0.6793619714311564,0.6875991390794984,0.23553713443431593,0.2953528478469786,2,2,1.0,0.34238022750665303,1.0,1.0,0.34238022750665303,1.0,2,linear,whole_base_sequence,3.9813038821994398,4.117125152525787,6,1,0,1.013059978887783,1.013059978887783,1.0,2,True,0.000509850011439994,0.00023615000827703625,0.0,0.003191361843541278,197.13622732021832,199.0513875084582,3.6554622793035705,True,True,False,45.0,45,45,45.0,45,45,0.0,0,0,12.0,12,12,12.0,12,12,6.0,6,6,6.0,6,6,0.0,0,0,0.0,0,0,0.0,0,0
informative,outlier_mild,retarded_ekf,True,4.5,2,2,0,1.0,0.34238022750665303,1.0,2,1.0,0.34238022750665303,1.0,{},2.5793370853998323,3.026038800823611,0.8856738518341593,1.0437163118107984,2,2,0.0,0.0,0.6576197724933469,0.0,0.0,0.6576197724933469,0,linear,whole_base_sequence,35.03059454117301,52.5506935747529,6,5,0,42.227586342637224,161.5212940986849,0.8,2,True,0.0022903500066604465,0.0011825499968836084,0.0,0.0022584022297161537,209.45989284421555,245.07825795123856,4.367226688858158,True,True,False,45.0,45,45,45.0,45,45,0.0,0,0,14.5,14,15,14.5,14,15,6.0,6,6,8.5,8,9,0.0,0,0,0.0,0,0,0.0,0,0
informative,outlier_mild,retarded_ekf,True,5.0,2,2,0,1.0,0.34238022750665303,1.0,2,1.0,0.34238022750665303,1.0,{},1.812463798578555,2.3050936849971624,0.5576149646998707,0.7011714923455639,2,2,0.5,0.09453120573423074,0.9054687942657693,0.5,0.09453120573423074,0.9054687942657693,1,linear,whole_base_sequence,21.03043205011684,31.200416449377993,6,6,0,5.917744425162103,17.029860757248606,0.8333333333333334,2,True,0.0030901999853085726,0.0015803500136826187,0.0,0.0016654491429408344,196.52402591861457,221.15037435818547,4.99270526792087,True,True,False,45.0,45,45,45.0,45,45,0.0,0,0,17.5,17,18,17.5,17,18,6.0,6,6,11.5,11,12,0.0,0,0,0.0,0,0,0.0,0,0
informative,outlier_mild,retarded_ekf,True,5.5,2,2,0,1.0,0.34238022750665303,1.0,2,1.0,0.34238022750665303,1.0,{},1.442932017994536,1.6777277623155824,0.3962039975075803,0.4537202525908476,2,2,0.5,0.09453120573423074,0.9054687942657693,0.5,0.09453120573423074,0.9054687942657693,1,linear,whole_base_sequence,14.810077145450162,19.381742130511093,6,1,0,13.751092068970923,13.751092068970923,0.0,2,True,0.0005919000104768202,0.00023784999211784452,0.0,0.0012620758824615633,289.59667107941345,293.79271209407926,5.293557399773563,True,True,False,45.0,45,45,45.0,45,45,0.0,0,0,18.0,18,18,18.0,18,18,6.0,6,6,12.0,12,12,0.0,0,0,0.0,0,0,0.0,0,0
informative,outlier_mild,retarded_ekf,True,6.0,2,2,0,1.0,0.34238022750665303,1.0,2,1.0,0.34238022750665303,1.0,{},1.9606136274277641,2.62598075664089,0.4675117465412178,0.623968713999833,2,2,0.5,0.09453120573423074,0.9054687942657693,0.5,0.09453120573423074,0.9054687942657693,1,linear,whole_base_sequence,34.580776705915994,62.38468934882494,6,6,0,35.81824376344727,143.40172071608364,0.6666666666666666,2,True,0.005917750007938594,0.0025932999851647764,0.0,0.0009765687125363042,286.30440111884957,289.68588371941655,5.972518470726317,True,True,False,45.0,45,45,45.0,45,45,0.0,0,0,21.0,21,21,21.0,21,21,6.0,6,6,15.0,15,15,0.0,0,0,0.0,0,0,0.0,0,0
informative,outlier_mild,retarded_ekf,True,6.5,2,2,0,1.0,0.34238022750665303,1.0,2,1.0,0.34238022750665303,1.0,{},1.9298750758077394,2.5599522832360755,0.4109510108020155,0.5416516902362756,2,2,0.5,0.09453120573423074,0.9054687942657693,0.5,0.09453120573423074,0.9054687942657693,1,linear,whole_base_sequence,33.530605694996105,59.41955840284101,6,2,0,2.972421773825948,4.803214042569415,1.0,2,True,0.0016250000044237822,0.0006447499908972532,0.0,0.0007735760817487135,381.93361695502966,387.524265880181,6.480735441103977,True,True,False,45.0,45,45,45.0,45,45,0.0,0,0,22.0,22,22,22.0,22,22,6.0,6,6,16.0,16,16,0.0,0,0,0.0,0,0,0.0,0,0
informative,outlier_mild,retarded_ekf,True,7.0,2,2,0,1.0,0.34238022750665303,1.0,2,1.0,0.34238022750665303,1.0,{},1.2870557480557376,1.7010941730182925,0.24215324797372123,0.31948326471995475,2,2,0.5,0.09453120573423074,0.9054687942657693,0.5,0.09453120573423074,0.9054687942657693,1,linear,whole_base_sequence,18.230205836222652,30.842155696365133,6,4,0,10.449176686738351,28.61087560679217,0.75,2,True,0.0032774500141385943,0.0013197499938542023,0.0,0.0006215253927007305,447.0717302195536,452.12442530768135,6.814280685441847,True,True,False,45.0,45,45,45.0,45,45,0.0,0,0,24.0,24,24,24.0,24,24,6.0,6,6,18.0,18,18,0.0,0,0,0.0,0,0,0.0,0,0
informative,outlier_mild,retarded_ekf,True,7.5,2,2,0,1.0,0.34238022750665303,1.0,2,1.0,0.34238022750665303,1.0,{},1.0338652012627008,1.3796596032244621,0.17925748631382016,0.2388438095574169,2,2,0.5,0.09453120573423074,0.9054687942657693,0.5,0.09453120573423074,0.9054687942657693,1,linear,whole_base_sequence,12.582962468984082,20.626565340175976,6,5,0,4.4503209118325895,9.315509371023763,0.8,2,True,0.005626600017421879,0.0022812000097474083,0.0,0.0005075979699362824,504.2653864893239,555.3767373203607,7.359225597122656,True,True,False,45.0,45,45,45.0,45,45,0.0,0,0,26.5,26,27,26.5,26,27,6.0,6,6,20.5,20,21,0.0,0,0,0.0,0,0,0.0,0,0
informative,outlier_mild,retarded_ekf,True,8.0,2,2,0,1.0,0.34238022750665303,1.0,2,1.0,0.34238022750665303,1.0,{},1.116249307033656,1.4952291215277667,0.17827727028331666,0.2384481495246268,2,2,0.5,0.09453120573423074,0.9054687942657693,0.5,0.09453120573423074,0.9054687942657693,1,linear,whole_base_sequence,12.557299928098152,20.623999086087483,6,2,0,1.9001524806872583,2.5750886146141356,1.0,2,True,0.002300500011187978,0.0008268500096164644,0.0,0.00042054914279923407,624.626809953772,653.2933223956318,7.82229996010676,True,True,False,45.0,45,45,45.0,45,45,0.0,0,0,27.5,27,28,27.5,27,28,6.0,6,6,21.5,21,22,0.0,0,0,0.0,0,0,0.0,0,0
informative,outlier_mild,retarded_ekf,True,8.5,2,2,0,1.0,0.34238022750665303,1.0,2,1.0,0.34238022750665303,1.0,{},1.1002725904767288,1.4670421616778537,0.16906367676689127,0.22414956835474248,2,2,0.5,0.09453120573423074,0.9054687942657693,0.5,0.09453120573423074,0.9054687942657693,1,linear,whole_base_sequence,11.928080002477264,19.250727564939492,6,5,0,2.0260937437989606,3.7835493556156803,1.0,2,True,0.005804650005302392,0.0020817000040551648,0.0,0.00035232508766893896,677.777547134965,685.7433688496744,8.472755136575147,True,True,False,45.0,45,45,45.0,45,45,0.0,0,0,30.0,30,30,30.0,30,30,6.0,6,6,24.0,24,24,0.0,0,0,0.0,0,0,0.0,0,0
informative,outlier_mild,retarded_ekf,True,9.0,2,2,0,1.0,0.34238022750665303,1.0,2,1.0,0.34238022750665303,1.0,{},1.041977099555412,1.28503739378471,0.14818724315541565,0.17830822597231755,2,2,0.5,0.09453120573423074,0.9054687942657693,0.5,0.09453120573423074,0.9054687942657693,1,linear,whole_base_sequence,11.232212056145109,16.429628580147938,6,3,0,3.6063711288688203,6.258559416369415,0.6666666666666666,2,True,0.002325499997823499,0.0008518499962519854,0.0,0.00029852353351376835,830.8492803746577,857.1412353121721,8.835771165437594,True,True,False,45.0,45,45,45.0,45,45,0.0,0,0,31.5,31,32,31.5,31,32,6.0,6,6,25.5,25,26,0.0,0,0,0.0,0,0,0.0,0,0
informative,outlier_mild,retarded_ekf,True,9.5,2,2,0,1.0,0.34238022750665303,1.0,2,1.0,0.34238022750665303,1.0,{},1.2483073792319976,1.5365498532715636,0.17222305346454853,0.20300450729273595,2,2,0.5,0.09453120573423074,0.9054687942657693,0.5,0.09453120573423074,0.9054687942657693,1,linear,whole_base_sequence,13.619080184375333,20.66194458686458,6,3,0,3.862685627717935,5.770558918740951,1.0,2,True,0.002755649999016896,0.0009355500078527257,0.0,0.0002553711699970965,960.1313436419637,971.4615032922405,9.312732259279388,True,True,False,45.0,45,45,45.0,45,45,0.0,0,0,33.0,33,33,33.0,33,33,6.0,6,6,27.0,27,27,0.0,0,0,0.0,0,0,0.0,0,0
informative,outlier_strong,causal_prefix_batch,True,0.0,2,0,2,0.0,0.0,0.6576197724933469,0,0.0,0.0,0.6576197724933469,"{""insufficient_measurements"": 2}",nan,nan,nan,nan,0,2,nan,nan,nan,0.0,0.0,0.6576197724933469,0,linear,whole_base_sequence,nan,nan,6,0,0,nan,nan,nan,2,True,4.1799998143687844e-05,0.0,nan,nan,nan,nan,nan,True,True,False,45.0,45,45,45.0,45,45,0.0,0,0,0.0,0,0,0.0,0,0,0.0,0,0,0.0,0,0,0.0,0,0,0.0,0,0,0.0,0,0
informative,outlier_strong,causal_prefix_batch,True,0.5,2,0,2,0.0,0.0,0.6576197724933469,0,0.0,0.0,0.6576197724933469,"{""insufficient_measurements"": 2}",nan,nan,nan,nan,0,2,nan,nan,nan,0.0,0.0,0.6576197724933469,0,linear,whole_base_sequence,nan,nan,6,0,0,nan,nan,nan,2,True,3.62499849870801e-05,0.0,nan,nan,nan,nan,nan,True,True,False,45.0,45,45,45.0,45,45,0.0,0,0,0.0,0,0,0.0,0,0,0.0,0,0,0.0,0,0,0.0,0,0,0.0,0,0,0.0,0,0
informative,outlier_strong,causal_prefix_batch,True,1.0,2,0,2,0.0,0.0,0.6576197724933469,0,0.0,0.0,0.6576197724933469,"{""insufficient_local_observability"": 1, ""insufficient_measurements"": 1}",nan,nan,nan,nan,0,2,nan,nan,nan,0.0,0.0,0.6576197724933469,0,linear,whole_base_sequence,nan,nan,6,0,0,nan,nan,nan,2,True,0.12438095001562033,0.0,nan,nan,nan,nan,0.9408566648613441,True,True,False,45.0,45,45,45.0,45,45,0.0,0,0,2.5,2,3,2.5,2,3,0.0,0,0,0.0,0,0,0.0,0,0,0.0,0,0,0.0,0,0
informative,outlier_strong,causal_prefix_batch,True,1.5,2,1,1,0.5,0.09453120573423074,0.9054687942657693,1,0.5,0.09453120573423074,0.9054687942657693,"{""insufficient_local_observability"": 1}",5.28363394669688,5.28363394669688,4.974434084597142,4.974434084597142,1,2,1.0,0.20654931437723745,1.0,0.5,0.09453120573423074,0.9054687942657693,1,linear,whole_base_sequence,5.278021112145374,5.278021112145374,6,0,0,nan,nan,nan,2,True,0.12427724999724887,0.0,0.0,0.04546966852214913,6975.719522019471,6975.719522019471,1.2000124660892886,True,True,False,45.0,45,45,45.0,45,45,0.0,0,0,3.0,3,3,3.0,3,3,0.0,0,0,0.0,0,0,0.0,0,0,0.0,0,0,0.0,0,0
informative,outlier_strong,causal_prefix_batch,True,10.0,2,2,0,1.0,0.34238022750665303,1.0,2,1.0,0.34238022750665303,1.0,{},4.298480597523581,4.808154215870234,1.0825733798313333,1.2359661061151448,2,2,0.0,0.0,0.6576197724933469,0.0,0.0,0.6576197724933469,0,linear,whole_base_sequence,1526.3564776062212,1745.5715929628652,6,0,0,nan,nan,nan,2,True,0.29818104999139905,0.0,0.0,0.00019243597863687303,1244.604825081919,1264.656001034538,9.670899249589615,True,True,False,45.0,45,45,45.0,45,45,0.0,0,0,35.0,35,35,35.0,35,35,0.0,0,0,0.0,0,0,0.0,0,0,0.0,0,0,0.0,0,0
informative,outlier_strong,causal_prefix_batch,True,10.5,2,2,0,1.0,0.34238022750665303,1.0,2,1.0,0.34238022750665303,1.0,{},4.416838053992268,4.70210246897918,1.0619483030325396,1.2087633306004362,2,2,0.0,0.0,0.6576197724933469,0.0,0.0,0.6576197724933469,0,linear,whole_base_sequence,1517.7334593106266,1736.4990374676213,6,0,0,nan,nan,nan,2,True,0.29160745000990573,0.0,0.0,0.00016762610805791278,1342.1665612500424,1361.2532980502153,10.463239363147233,True,True,False,45.0,45,45,45.0,45,45,0.0,0,0,37.0,37,37,37.0,37,37,0.0,0,0,0.0,0,0,0.0,0,0,0.0,0,0,0.0,0,0
informative,outlier_strong,causal_prefix_batch,True,11.0,2,2,0,1.0,0.34238022750665303,1.0,2,1.0,0.34238022750665303,1.0,{},4.1731140293838225,4.399633392095979,0.9740935062798484,1.1082013575947878,2,2,0.0,0.0,0.6576197724933469,0.0,0.0,0.6576197724933469,0,linear,whole_base_sequence,1475.9071637586626,1699.773364762139,6,0,0,nan,nan,nan,2,True,0.2956969999941066,0.0,0.0,0.00014751419665386207,1498.395747369213,1517.3346598841272,10.828002937431222,True,True,False,45.0,45,45,45.0,45,45,0.0,0,0,39.0,39,39,39.0,39,39,0.0,0,0,0.0,0,0,0.0,0,0,0.0,0,0,0.0,0,0
informative,outlier_strong,causal_prefix_batch,True,11.5,2,1,1,0.5,0.09453120573423074,0.9054687942657693,1,0.5,0.09453120573423074,0.9054687942657693,"{""projected_kkt_not_satisfied"": 1}",4.669309279349741,4.669309279349741,0.7722486443126461,0.7722486443126461,1,2,0.0,0.0,0.7934506856227626,0.0,0.0,0.6576197724933469,0,linear,whole_base_sequence,1224.9212265893038,1224.9212265893038,6,0,0,nan,nan,nan,2,True,0.3135212500055786,0.0,0.0,0.00013029235385807008,1719.9361531633176,1719.9361531633176,11.362322374391251,True,True,False,45.0,45,45,45.0,45,45,0.0,0,0,40.5,40,41,40.5,40,41,0.0,0,0,0.0,0,0,0.0,0,0,0.0,0,0,0.0,0,0
informative,outlier_strong,causal_prefix_batch,True,12.0,2,1,1,0.5,0.09453120573423074,0.9054687942657693,1,0.5,0.09453120573423074,0.9054687942657693,"{""projected_kkt_not_satisfied"": 1}",4.499390519843326,4.499390519843326,0.7695657075890084,0.7695657075890084,1,2,0.0,0.0,0.7934506856227626,0.0,0.0,0.6576197724933469,0,linear,whole_base_sequence,1219.9903021751284,1219.9903021751284,6,0,0,nan,nan,nan,2,True,0.3467354000022169,0.0,0.0,0.00011578058408419482,1875.3820578262482,1875.3820578262482,11.83006655804374,True,True,False,45.0,45,45,45.0,45,45,0.0,0,0,43.0,43,43,43.0,43,43,0.0,0,0,0.0,0,0,0.0,0,0,0.0,0,0,0.0,0,0
informative,outlier_strong,causal_prefix_batch,True,12.5,2,2,0,1.0,0.34238022750665303,1.0,2,1.0,0.34238022750665303,1.0,{},3.4599547873978405,4.58364757485501,0.6177038138666371,0.7186995243944274,2,2,0.0,0.0,0.6576197724933469,0.0,0.0,0.6576197724933469,0,linear,whole_base_sequence,1342.0904643812642,1469.593839261392,6,0,0,nan,nan,nan,2,True,0.3025770999956876,0.0,0.0,0.00010353716934687853,2224.2782634574414,2267.53897143318,12.31286511220431,True,True,False,45.0,45,45,45.0,45,45,0.0,0,0,44.5,44,45,44.5,44,45,0.0,0,0,0.0,0,0,0.0,0,0,0.0,0,0,0.0,0,0
informative,outlier_strong,causal_prefix_batch,True,14.5,2,1,1,0.5,0.09453120573423074,0.9054687942657693,1,0.5,0.09453120573423074,0.9054687942657693,"{""projected_kkt_not_satisfied"": 1}",5.717357769556358,5.717357769556358,0.7267471722294593,0.7267471722294593,1,2,0.0,0.0,0.7934506856227626,0.0,0.0,0.6576197724933469,0,linear,whole_base_sequence,1197.6593729973133,1197.6593729973133,6,0,0,nan,nan,nan,2,True,0.2567610499972943,0.0,0.0,6.899105372450647e-05,4576.597067456996,4576.597067456996,12.514118335958992,True,True,False,45.0,45,45,45.0,45,45,0.0,0,0,45.0,45,45,45.0,45,45,0.0,0,0,0.0,0,0,0.0,0,0,0.0,0,0,0.0,0,0
informative,outlier_strong,causal_prefix_batch,True,2.0,2,2,0,1.0,0.34238022750665303,1.0,2,1.0,0.34238022750665303,1.0,{},69.15692430413148,77.12182277085661,47.04090527536703,49.83178869909365,2,2,0.0,0.0,0.6576197724933469,0.0,0.0,0.6576197724933469,0,linear,whole_base_sequence,3154.73863982774,3988.5978407575185,6,0,0,nan,nan,nan,2,True,0.052624600008130074,0.0,0.0,0.0030898801122245185,690.1080025993847,919.9677575148901,1.863447742681687,True,True,False,45.0,45,45,45.0,45,45,0.0,0,0,5.0,5,5,5.0,5,5,0.0,0,0,0.0,0,0,0.0,0,0,0.0,0,0,0.0,0,0
informative,outlier_strong,causal_prefix_batch,True,2.5,2,2,0,1.0,0.34238022750665303,1.0,2,1.0,0.34238022750665303,1.0,{},9.349134916609541,10.465140700839857,7.111246246745555,9.21584521141021,2,2,0.0,0.0,0.6576197724933469,0.0,0.0,0.6576197724933469,0,linear,whole_base_sequence,1653.9755877256623,2245.686194624625,6,0,0,nan,nan,nan,2,True,0.09679845000209752,0.0,0.0,0.009480056140775857,107.24969992823162,119.13892376945154,2.479060706877549,True,True,False,45.0,45,45,45.0,45,45,0.0,0,0,8.0,8,8,8.0,8,8,0.0,0,0,0.0,0,0,0.0,0,0,0.0,0,0,0.0,0,0
informative,outlier_strong,causal_prefix_batch,True,3.0,2,2,0,1.0,0.34238022750665303,1.0,2,1.0,0.34238022750665303,1.0,{},8.19123238498823,10.488323186438045,7.261115579032455,9.630764197505366,2,2,0.0,0.0,0.6576197724933469,0.0,0.0,0.6576197724933469,0,linear,whole_base_sequence,1562.9744608384765,2179.289509356357,6,0,0,nan,nan,nan,2,True,0.09535325001343153,0.0,0.0,0.005961143722629649,145.2833226351794,152.88699766801543,2.801421863407455,True,True,False,45.0,45,45,45.0,45,45,0.0,0,0,9.0,9,9,9.0,9,9,0.0,0,0,0.0,0,0,0.0,0,0,0.0,0,0,0.0,0,0
informative,outlier_strong,causal_prefix_batch,True,3.5,2,2,0,1.0,0.34238022750665303,1.0,2,1.0,0.34238022750665303,1.0,{},4.580098500433281,6.114613617530825,5.265014916614591,6.506109234570436,2,2,0.0,0.0,0.6576197724933469,0.0,0.0,0.6576197724933469,0,linear,whole_base_sequence,1459.6770924974105,2012.6613820827258,6,0,0,nan,nan,nan,2,True,0.0960326499916846,0.0,0.0,0.003932037677431669,140.8186314910494,165.85036233651925,3.401151285240659,True,True,False,45.0,45,45,45.0,45,45,0.0,0,0,11.5,11,12,11.5,11,12,0.0,0,0,0.0,0,0,0.0,0,0,0.0,0,0,0.0,0,0
informative,outlier_strong,causal_prefix_batch,True,4.0,2,2,0,1.0,0.34238022750665303,1.0,2,1.0,0.34238022750665303,1.0,{},7.174402509868772,9.282039776189759,5.351735670570835,6.51951640512301,2,2,0.0,0.0,0.6576197724933469,0.0,0.0,0.6576197724933469,0,linear,whole_base_sequence,1458.0798201455596,2012.501654857342,6,0,0,nan,nan,nan,2,True,0.08705780001764651,0.0,0.0,0.0027566579865481613,227.947677437189,236.52769013783248,3.6554622793035705,True,True,False,45.0,45,45,45.0,45,45,0.0,0,0,12.0,12,12,12.0,12,12,0.0,0,0,0.0,0,0,0.0,0,0,0.0,0,0,0.0,0,0
informative,outlier_strong,causal_prefix_batch,True,4.5,2,1,1,0.5,0.09453120573423074,0.9054687942657693,1,0.5,0.09453120573423074,0.9054687942657693,"{""projected_kkt_not_satisfied"": 1}",9.329347952706057,9.329347952706057,2.4139658326425373,2.4139658326425373,1,2,0.0,0.0,0.7934506856227626,0.0,0.0,0.6576197724933469,0,linear,whole_base_sequence,1572.6206311750557,1572.6206311750557,6,0,0,nan,nan,nan,2,True,0.14203774998895824,0.0,0.0,0.0019691609818485,202.19478207486313,202.19478207486313,4.367226688858158,True,True,False,45.0,45,45,45.0,45,45,0.0,0,0,14.5,14,15,14.5,14,15,0.0,0,0,0.0,0,0,0.0,0,0,0.0,0,0,0.0,0,0
informative,outlier_strong,causal_prefix_batch,True,5.0,2,2,0,1.0,0.34238022750665303,1.0,2,1.0,0.34238022750665303,1.0,{},6.400933521137811,7.270334018199396,2.118633749035639,2.4016718937196457,2,2,0.0,0.0,0.6576197724933469,0.0,0.0,0.6576197724933469,0,linear,whole_base_sequence,1665.6924342081206,1952.764464811707,6,0,0,nan,nan,nan,2,True,0.13749585000914522,0.0,0.0,0.0014488366123383012,229.9699645616099,250.55581669424734,4.99270526792087,True,True,False,45.0,45,45,45.0,45,45,0.0,0,0,17.5,17,18,17.5,17,18,0.0,0,0,0.0,0,0,0.0,0,0,0.0,0,0,0.0,0,0
informative,outlier_strong,causal_prefix_batch,True,5.5,2,2,0,1.0,0.34238022750665303,1.0,2,1.0,0.34238022750665303,1.0,{},5.695603437869222,5.841068995617913,2.087895589575984,2.3978826700101217,2,2,0.0,0.0,0.6576197724933469,0.0,0.0,0.6576197724933469,0,linear,whole_base_sequence,1616.9086241149294,1947.8860838069515,6,0,0,nan,nan,nan,2,True,0.1538116000156151,0.0,0.0,0.0010985016434198163,343.1528208240262,360.01932979533274,5.293557399773563,True,True,False,45.0,45,45,45.0,45,45,0.0,0,0,18.0,18,18,18.0,18,18,0.0,0,0,0.0,0,0,0.0,0,0,0.0,0,0,0.0,0,0
informative,outlier_strong,causal_prefix_batch,True,6.0,2,2,0,1.0,0.34238022750665303,1.0,2,1.0,0.34238022750665303,1.0,{},6.409862805321135,7.992506711919682,1.993477098283633,2.2181824882225154,2,2,0.0,0.0,0.6576197724933469,0.0,0.0,0.6576197724933469,0,linear,whole_base_sequence,1901.2859904828902,1920.6233744416504,6,0,0,nan,nan,nan,2,True,0.22035580000374466,0.0,0.0,0.0008452209797917501,335.9507624141819,336.7831334928576,5.972518470726317,True,True,False,45.0,45,45,45.0,45,45,0.0,0,0,21.0,21,21,21.0,21,21,0.0,0,0,0.0,0,0,0.0,0,0,0.0,0,0,0.0,0,0
informative,outlier_strong,causal_prefix_batch,True,6.5,2,2,0,1.0,0.34238022750665303,1.0,2,1.0,0.34238022750665303,1.0,{},6.330124228790319,7.886725624966364,1.9381642314215997,2.1086715634166655,2,2,0.0,0.0,0.6576197724933469,0.0,0.0,0.6576197724933469,0,linear,whole_base_sequence,1881.9964189937077,1908.299768356456,6,0,0,nan,nan,nan,2,True,0.22141915000975132,0.0,0.0,0.0006667242396344945,440.3839461769171,447.4164271991793,6.480735441103977,True,True,False,45.0,45,45,45.0,45,45,0.0,0,0,22.0,22,22,22.0,22,22,0.0,0,0,0.0,0,0,0.0,0,0,0.0,0,0,0.0,0,0
informative,outlier_strong,causal_prefix_batch,True,7.0,2,2,0,1.0,0.34238022750665303,1.0,2,1.0,0.34238022750665303,1.0,{},5.077690105182444,6.045397068430599,1.6854451556181407,1.9650068143138844,2,2,0.0,0.0,0.6576197724933469,0.0,0.0,0.6576197724933469,0,linear,whole_base_sequence,1732.1560087032315,1879.8918235362157,6,0,0,nan,nan,nan,2,True,0.23841874999925494,0.0,0.0,0.0005370632043424393,514.2573305178623,515.3570181577546,6.814280685441847,True,True,False,45.0,45,45,45.0,45,45,0.0,0,0,24.0,24,24,24.0,24,24,0.0,0,0,0.0,0,0,0.0,0,0,0.0,0,0,0.0,0,0
informative,outlier_strong,causal_prefix_batch,True,7.5,2,2,0,1.0,0.34238022750665303,1.0,2,1.0,0.34238022750665303,1.0,{},4.376977370588638,4.956742839431134,1.5187607985917444,1.798109057105916,2,2,0.0,0.0,0.6576197724933469,0.0,0.0,0.6576197724933469,0,linear,whole_base_sequence,1656.235308966069,1862.70020115729,6,0,0,nan,nan,nan,2,True,0.23906324998824857,0.0,0.0,0.000439734900322591,568.2296415435183,622.9572826032014,7.359225597122656,True,True,False,45.0,45,45,45.0,45,45,0.0,0,0,26.5,26,27,26.5,26,27,0.0,0,0,0.0,0,0,0.0,0,0,0.0,0,0,0.0,0,0
informative,outlier_strong,causal_prefix_batch,True,8.0,2,2,0,1.0,0.34238022750665303,1.0,2,1.0,0.34238022750665303,1.0,{},4.6811252948827,5.243325032202026,1.4758956744780913,1.7302926434125274,2,2,0.0,0.0,0.6576197724933469,0.0,0.0,0.6576197724933469,0,linear,whole_base_sequence,1652.363989420478,1855.3446940211372,6,0,0,nan,nan,nan,2,True,0.24419625000155065,0.0,0.0,0.00036394622998956805,703.3931771043634,740.1173088536417,7.82229996010676,True,True,False,45.0,45,45,45.0,45,45,0.0,0,0,27.5,27,28,27.5,27,28,0.0,0,0,0.0,0,0,0.0,0,0,0.0,0,0,0.0,0,0
informative,outlier_strong,causal_prefix_batch,True,8.5,2,1,1,0.5,0.09453120573423074,0.9054687942657693,1,0.5,0.09453120573423074,0.9054687942657693,"{""projected_kkt_not_satisfied"": 1}",4.726020726075684,4.726020726075684,0.9852161755384171,0.9852161755384171,1,2,0.0,0.0,0.7934506856227626,0.0,0.0,0.6576197724933469,0,linear,whole_base_sequence,1338.8754059036805,1338.8754059036805,6,0,0,nan,nan,nan,2,True,0.22356144998047967,0.0,0.0,0.00030613865061844623,746.2446189714283,746.2446189714283,8.472755136575147,True,True,False,45.0,45,45,45.0,45,45,0.0,0,0,30.0,30,30,30.0,30,30,0.0,0,0,0.0,0,0,0.0,0,0,0.0,0,0,0.0,0,0
informative,outlier_strong,causal_prefix_batch,True,9.0,2,2,0,1.0,0.34238022750665303,1.0,2,1.0,0.34238022750665303,1.0,{},4.396555071931776,4.7417192589631645,1.2559659037101116,1.4899486094763632,2,2,0.0,0.0,0.6576197724933469,0.0,0.0,0.6576197724933469,0,linear,whole_base_sequence,1570.915334308593,1806.1706873815085,6,0,0,nan,nan,nan,2,True,0.2767141499934951,0.0,0.0,0.0002599485069858627,923.1741486600697,957.1396110034349,8.835771165437594,True,True,False,45.0,45,45,45.0,45,45,0.0,0,0,31.5,31,32,31.5,31,32,0.0,0,0,0.0,0,0,0.0,0,0,0.0,0,0,0.0,0,0
informative,outlier_strong,causal_prefix_batch,True,9.5,2,2,0,1.0,0.34238022750665303,1.0,2,1.0,0.34238022750665303,1.0,{},4.279932444262642,4.709467807161322,1.1664523724563498,1.3500549250568616,2,2,0.0,0.0,0.6576197724933469,0.0,0.0,0.6576197724933469,0,linear,whole_base_sequence,1554.9578260826543,1776.4009607151675,6,0,0,nan,nan,nan,2,True,0.26016654999693856,0.0,0.0,0.00022251356515818534,1061.5916967661333,1077.5367585968222,9.312732259279388,True,True,False,45.0,45,45,45.0,45,45,0.0,0,0,33.0,33,33,33.0,33,33,0.0,0,0,0.0,0,0,0.0,0,0,0.0,0,0,0.0,0,0
informative,outlier_strong,initial_batch_no_updates,True,0.0,2,0,2,0.0,0.0,0.6576197724933469,0,0.0,0.0,0.6576197724933469,"{""not_initialized"": 2}",nan,nan,nan,nan,0,2,nan,nan,nan,0.0,0.0,0.6576197724933469,0,linear,whole_base_sequence,nan,nan,6,0,0,nan,nan,nan,2,True,2.0000006770715117e-06,0.0,nan,nan,nan,nan,nan,True,True,False,45.0,45,45,45.0,45,45,0.0,0,0,0.0,0,0,0.0,0,0,0.0,0,0,0.0,0,0,0.0,0,0,0.0,0,0,0.0,0,0
informative,outlier_strong,initial_batch_no_updates,True,0.5,2,0,2,0.0,0.0,0.6576197724933469,0,0.0,0.0,0.6576197724933469,"{""not_initialized"": 2}",nan,nan,nan,nan,0,2,nan,nan,nan,0.0,0.0,0.6576197724933469,0,linear,whole_base_sequence,nan,nan,6,0,0,nan,nan,nan,2,True,2.1500018192455173e-06,0.0,nan,nan,nan,nan,nan,True,True,False,45.0,45,45,45.0,45,45,0.0,0,0,0.0,0,0,0.0,0,0,0.0,0,0,0.0,0,0,0.0,0,0,0.0,0,0,0.0,0,0
informative,outlier_strong,initial_batch_no_updates,True,1.0,2,0,2,0.0,0.0,0.6576197724933469,0,0.0,0.0,0.6576197724933469,"{""not_initialized"": 2}",nan,nan,nan,nan,0,2,nan,nan,nan,0.0,0.0,0.6576197724933469,0,linear,whole_base_sequence,nan,nan,6,0,0,nan,nan,nan,2,True,2.3999891709536314e-06,0.0,nan,nan,nan,nan,0.9408566648613441,True,True,False,45.0,45,45,45.0,45,45,0.0,0,0,2.5,2,3,0.0,0,0,0.0,0,0,0.0,0,0,0.0,0,0,0.0,0,0,2.5,2,3
informative,outlier_strong,initial_batch_no_updates,True,1.5,2,0,2,0.0,0.0,0.6576197724933469,0,0.0,0.0,0.6576197724933469,"{""not_initialized"": 2}",nan,nan,nan,nan,0,2,nan,nan,nan,0.0,0.0,0.6576197724933469,0,linear,whole_base_sequence,nan,nan,6,0,0,nan,nan,nan,2,True,2.6000052457675338e-06,0.0,nan,nan,nan,nan,1.2000124660892886,True,True,False,45.0,45,45,45.0,45,45,0.0,0,0,3.0,3,3,0.0,0,0,0.0,0,0,0.0,0,0,0.0,0,0,0.0,0,0,3.0,3,3
informative,outlier_strong,initial_batch_no_updates,True,10.0,2,2,0,1.0,0.34238022750665303,1.0,2,1.0,0.34238022750665303,1.0,{},58.83255263035529,74.55715210765209,7.111246230118673,9.215845207721586,2,2,0.0,0.0,0.6576197724933469,0.0,0.0,0.6576197724933469,0,linear,whole_base_sequence,1653.975581662719,2245.686194018656,6,0,0,nan,nan,nan,2,True,0.00012554999557323754,0.0,0.0,0.00032653383812900386,76574.93059697808,81643.08665448682,9.670899249589615,True,True,False,45.0,45,45,45.0,45,45,0.0,0,0,35.0,35,35,8.0,8,8,8.0,8,8,0.0,0,0,0.0,0,0,0.0,0,0,27.0,27,27
informative,outlier_strong,initial_batch_no_updates,True,10.5,2,2,0,1.0,0.34238022750665303,1.0,2,1.0,0.34238022750665303,1.0,{},62.357619710426434,79.14932976990943,7.111246230118673,9.215845207721586,2,2,0.0,0.0,0.6576197724933469,0.0,0.0,0.6576197724933469,0,linear,whole_base_sequence,1653.97558166268,2245.686194018597,6,0,0,nan,nan,nan,2,True,0.00011584999447222799,0.0,0.0,0.0002923170275287417,95165.08979059322,101388.1072087954,10.463239363147233,True,True,False,45.0,45,45,45.0,45,45,0.0,0,0,37.0,37,37,8.0,8,8,8.0,8,8,0.0,0,0,0.0,0,0,0.0,0,0,29.0,29,29
informative,outlier_strong,initial_batch_no_updates,True,11.0,2,2,0,1.0,0.34238022750665303,1.0,2,1.0,0.34238022750665303,1.0,{},65.88597069459848,83.7431945026571,7.111246230118673,9.215845207721586,2,2,0.0,0.0,0.6576197724933469,0.0,0.0,0.6576197724933469,0,linear,whole_base_sequence,1653.975581662615,2245.686194018471,6,0,0,nan,nan,nan,2,True,9.074999252334237e-05,0.0,0.0,0.00026318502839783745,116970.3378884928,124535.38186468017,10.828002937431222,True,True,False,45.0,45,45,45.0,45,45,0.0,0,0,39.0,39,39,8.0,8,8,8.0,8,8,0.0,0,0,0.0,0,0,0.0,0,0,31.0,31,31
informative,outlier_strong,initial_batch_no_updates,True,11.5,2,2,0,1.0,0.34238022750665303,1.0,2,1.0,0.34238022750665303,1.0,{},69.41710483923616,88.33848843805613,7.111246230118673,9.215845207721586,2,2,0.0,0.0,0.6576197724933469,0.0,0.0,0.6576197724933469,0,linear,whole_base_sequence,1653.975581662595,2245.686194018482,6,0,0,nan,nan,nan,2,True,0.00014644999464508146,0.0,0.0,0.00023818228779971454,142343.5297713364,151456.98174346908,11.362322374391251,True,True,False,45.0,45,45,45.0,45,45,0.0,0,0,40.5,40,41,8.0,8,8,8.0,8,8,0.0,0,0,0.0,0,0,0.0,0,0,32.5,32,33
informative,outlier_strong,initial_batch_no_updates,True,12.0,2,2,0,1.0,0.34238022750665303,1.0,2,1.0,0.34238022750665303,1.0,{},72.95061799344957,92.93500380192985,7.111246230118673,9.215845207721586,2,2,0.0,0.0,0.6576197724933469,0.0,0.0,0.6576197724933469,0,linear,whole_base_sequence,1653.9755816626134,2245.686194018456,6,0,0,nan,nan,nan,2,True,0.00012375001097097993,0.0,0.0,0.00021656673823004368,171655.98948161583,182544.38626954486,11.83006655804374,True,True,False,45.0,45,45,45.0,45,45,0.0,0,0,43.0,43,43,8.0,8,8,8.0,8,8,0.0,0,0,0.0,0,0,0.0,0,0,35.0,35,35
informative,outlier_strong,initial_batch_no_updates,True,12.5,2,2,0,1.0,0.34238022750665303,1.0,2,1.0,0.34238022750665303,1.0,{},76.48618044106792,97.53257129533091,7.111246230118673,9.215845207721586,2,2,0.0,0.0,0.6576197724933469,0.0,0.0,0.6576197724933469,0,linear,whole_base_sequence,1653.9755816626944,2245.6861940185995,6,0,0,nan,nan,nan,2,True,0.0001133499899879098,0.0,0.0,0.00019775522503931849,205297.51022406266,218208.48317111775,12.31286511220431,True,True,False,45.0,45,45,45.0,45,45,0.0,0,0,44.5,44,45,8.0,8,8,8.0,8,8,0.0,0,0,0.0,0,0,0.0,0,0,36.5,36,37
informative,outlier_strong,initial_batch_no_updates,True,14.5,2,2,0,1.0,0.34238022750665303,1.0,2,1.0,0.34238022750665303,1.0,{},90.64412526214842,115.93090193431016,7.111246230118673,9.215845207721586,2,2,0.0,0.0,0.6576197724933469,0.0,0.0,0.6576197724933469,0,linear,whole_base_sequence,1653.9755816626403,2245.686194018546,6,0,0,nan,nan,nan,2,True,9.529999806545675e-05,0.0,0.0,0.00014253826486182838,391596.488493505,415528.8397797989,12.514118335958992,True,True,False,45.0,45,45,45.0,45,45,0.0,0,0,45.0,45,45,8.0,8,8,8.0,8,8,0.0,0,0,0.0,0,0,0.0,0,0,37.0,37,37
informative,outlier_strong,initial_batch_no_updates,True,2.0,2,0,2,0.0,0.0,0.6576197724933469,0,0.0,0.0,0.6576197724933469,"{""not_initialized"": 2}",nan,nan,nan,nan,0,2,nan,nan,nan,0.0,0.0,0.6576197724933469,0,linear,whole_base_sequence,nan,nan,6,0,0,nan,nan,nan,2,True,2.500019036233425e-06,0.0,nan,nan,nan,nan,1.863447742681687,True,True,False,45.0,45,45,45.0,45,45,0.0,0,0,5.0,5,5,0.0,0,0,0.0,0,0,0.0,0,0,0.0,0,0,0.0,0,0,5.0,5,5
informative,outlier_strong,initial_batch_no_updates,True,2.5,2,2,0,1.0,0.34238022750665303,1.0,2,1.0,0.34238022750665303,1.0,{},9.349134800963014,10.465140507041802,7.111246230118673,9.215845207721586,2,2,0.0,0.0,0.6576197724933469,0.0,0.0,0.6576197724933469,0,linear,whole_base_sequence,1653.9755816626625,2245.6861940185686,6,0,0,nan,nan,nan,2,True,0.00012045001494698226,0.0,0.0,0.009480056140775623,107.24969995489833,119.13892376945019,2.479060706877549,True,True,False,45.0,45,45,45.0,45,45,0.0,0,0,8.0,8,8,8.0,8,8,8.0,8,8,0.0,0,0,0.0,0,0,0.0,0,0,0.0,0,0
informative,outlier_strong,initial_batch_no_updates,True,3.0,2,2,0,1.0,0.34238022750665303,1.0,2,1.0,0.34238022750665303,1.0,{},11.633406052523398,11.706094197444235,7.111246230118673,9.215845207721586,2,2,0.0,0.0,0.6576197724933469,0.0,0.0,0.6576197724933469,0,linear,whole_base_sequence,1653.9755816626628,2245.686194018568,6,0,0,nan,nan,nan,2,True,0.0001412999990861863,0.0,0.0,0.006149339484333566,254.7703939175476,281.34503243841283,2.801421863407455,True,True,False,45.0,45,45,45.0,45,45,0.0,0,0,9.0,9,9,8.0,8,8,8.0,8,8,0.0,0,0,0.0,0,0,0.0,0,0,1.0,1,1
informative,outlier_strong,initial_batch_no_updates,True,3.5,2,2,0,1.0,0.34238022750665303,1.0,2,1.0,0.34238022750665303,1.0,{},14.441290202467599,15.663728807071323,7.111246230118673,9.215845207721586,2,2,0.0,0.0,0.6576197724933469,0.0,0.0,0.6576197724933469,0,linear,whole_base_sequence,1653.975581662668,2245.68619401858,6,0,0,nan,nan,nan,2,True,8.514999353792518e-05,0.0,0.0,0.004209924853396461,540.7810029773882,593.6662911958549,3.401151285240659,True,True,False,45.0,45,45,45.0,45,45,0.0,0,0,11.5,11,12,8.0,8,8,8.0,8,8,0.0,0,0,0.0,0,0,0.0,0,0,3.5,3,4
informative,outlier_strong,initial_batch_no_updates,True,4.0,2,2,0,1.0,0.34238022750665303,1.0,2,1.0,0.34238022750665303,1.0,{},17.522856516948767,19.988018831126695,7.111246230118673,9.215845207721586,2,2,0.0,0.0,0.6576197724933469,0.0,0.0,0.6576197724933469,0,linear,whole_base_sequence,1653.9755816626634,2245.6861940185627,6,0,0,nan,nan,nan,2,True,8.835000335238874e-05,0.0,0.0,0.0029909840060300917,1041.1428115188444,1137.0936912478771,3.6554622793035705,True,True,False,45.0,45,45,45.0,45,45,0.0,0,0,12.0,12,12,8.0,8,8,8.0,8,8,0.0,0,0,0.0,0,0,0.0,0,0,4.0,4,4
informative,outlier_strong,initial_batch_no_updates,True,4.5,2,2,0,1.0,0.34238022750665303,1.0,2,1.0,0.34238022750665303,1.0,{},20.75656642578318,24.41510244542007,7.111246230118673,9.215845207721586,2,2,0.0,0.0,0.6576197724933469,0.0,0.0,0.6576197724933469,0,linear,whole_base_sequence,1653.975581662669,2245.6861940185827,6,0,0,nan,nan,nan,2,True,9.634999150875956e-05,0.0,0.0,0.0022172270393186633,1850.1589239557838,2011.996965820114,4.367226688858158,True,True,False,45.0,45,45,45.0,45,45,0.0,0,0,14.5,14,15,8.0,8,8,8.0,8,8,0.0,0,0,0.0,0,0,0.0,0,0,6.5,6,7
informative,outlier_strong,initial_batch_no_updates,True,5.0,2,2,0,1.0,0.34238022750665303,1.0,2,1.0,0.34238022750665303,1.0,{},24.08120658386979,28.89774325930803,7.111246230118673,9.215845207721586,2,2,0.0,0.0,0.6576197724933469,0.0,0.0,0.6576197724933469,0,linear,whole_base_sequence,1653.9755816626644,2245.6861940185736,6,0,0,nan,nan,nan,2,True,9.734999912325293e-05,0.0,0.0,0.0017015595202789706,3080.592216742768,3338.144705218468,4.99270526792087,True,True,False,45.0,45,45,45.0,45,45,0.0,0,0,17.5,17,18,8.0,8,8,8.0,8,8,0.0,0,0,0.0,0,0,0.0,0,0,9.5,9,10
informative,outlier_strong,initial_batch_no_updates,True,5.5,2,2,0,1.0,0.34238022750665303,1.0,2,1.0,0.34238022750665303,1.0,{},27.46377400785928,33.41370770013261,7.111246230118673,9.215845207721586,2,2,0.0,0.0,0.6576197724933469,0.0,0.0,0.6576197724933469,0,linear,whole_base_sequence,1653.975581662662,2245.686194018565,6,0,0,nan,nan,nan,2,True,8.97999998414889e-05,0.0,0.0,0.0013432584796341284,4863.671075245571,5254.710540655716,5.293557399773563,True,True,False,45.0,45,45,45.0,45,45,0.0,0,0,18.0,18,18,8.0,8,8,8.0,8,8,0.0,0,0,0.0,0,0,0.0,0,0,10.0,10,10
informative,outlier_strong,initial_batch_no_updates,True,6.0,2,2,0,1.0,0.34238022750665303,1.0,2,1.0,0.34238022750665303,1.0,{},30.885241887464765,37.95122058196459,7.111246230118673,9.215845207721586,2,2,0.0,0.0,0.6576197724933469,0.0,0.0,0.6576197724933469,0,linear,whole_base_sequence,1653.9755816626707,2245.686194018593,6,0,0,nan,nan,nan,2,True,0.0001214500080095604,0.0,0.0,0.001085373419260555,7349.09142936797,7920.275176119855,5.972518470726317,True,True,False,45.0,45,45,45.0,45,45,0.0,0,0,21.0,21,21,8.0,8,8,8.0,8,8,0.0,0,0,0.0,0,0,0.0,0,0,13.0,13,13
informative,outlier_strong,initial_batch_no_updates,True,6.5,2,2,0,1.0,0.34238022750665303,1.0,2,1.0,0.34238022750665303,1.0,{},34.33398260633826,42.50347439034662,7.111246230118673,9.215845207721586,2,2,0.0,0.0,0.6576197724933469,0.0,0.0,0.6576197724933469,0,linear,whole_base_sequence,1653.9755816626753,2245.6861940185922,6,0,0,nan,nan,nan,2,True,0.00014130001363810152,0.0,0.0,0.0008941573186229075,10705.017574103138,11512.827115755761,6.480735441103977,True,True,False,45.0,45,45,45.0,45,45,0.0,0,0,22.0,22,22,8.0,8,8,8.0,8,8,0.0,0,0,0.0,0,0,0.0,0,0,14.0,14,14
informative,outlier_strong,initial_batch_no_updates,True,7.0,2,2,0,1.0,0.34238022750665303,1.0,2,1.0,0.34238022750665303,1.0,{},37.80253256397191,47.06626082797675,7.111246230118673,9.215845207721586,2,2,0.0,0.0,0.6576197724933469,0.0,0.0,0.6576197724933469,0,linear,whole_base_sequence,1653.9755816626487,2245.686194018558,6,0,0,nan,nan,nan,2,True,0.00013285000750329345,0.0,0.0,0.0007487483271842098,15118.082540142326,16229.762946598334,6.814280685441847,True,True,False,45.0,45,45,45.0,45,45,0.0,0,0,24.0,24,24,8.0,8,8,8.0,8,8,0.0,0,0,0.0,0,0,0.0,0,0,16.0,16,16
informative,outlier_strong,initial_batch_no_updates,True,7.5,2,2,0,1.0,0.34238022750665303,1.0,2,1.0,0.34238022750665303,1.0,{},41.285899364803264,51.63683783045026,7.111246230118673,9.215845207721586,2,2,0.0,0.0,0.6576197724933469,0.0,0.0,0.6576197724933469,0,linear,whole_base_sequence,1653.9755816626348,2245.6861940185213,6,0,0,nan,nan,nan,2,True,0.000115999995614402,0.0,0.0,0.0006357585576849585,20793.38827768928,22287.887456965975,7.359225597122656,True,True,False,45.0,45,45,45.0,45,45,0.0,0,0,26.5,26,27,8.0,8,8,8.0,8,8,0.0,0,0,0.0,0,0,0.0,0,0,18.5,18,19
informative,outlier_strong,initial_batch_no_updates,True,8.0,2,2,0,1.0,0.34238022750665303,1.0,2,1.0,0.34238022750665303,1.0,{},44.78062545279888,56.21334148679791,7.111246230118673,9.215845207721586,2,2,0.0,0.0,0.6576197724933469,0.0,0.0,0.6576197724933469,0,linear,whole_base_sequence,1653.9755816627041,2245.6861940186486,6,0,0,nan,nan,nan,2,True,0.00014134999946691096,0.0,0.0,0.0005463096570395018,27954.505754490514,29923.413688912846,7.82229996010676,True,True,False,45.0,45,45,45.0,45,45,0.0,0,0,27.5,27,28,8.0,8,8,8.0,8,8,0.0,0,0,0.0,0,0,0.0,0,0,19.5,19,20
informative,outlier_strong,initial_batch_no_updates,True,8.5,2,2,0,1.0,0.34238022750665303,1.0,2,1.0,0.34238022750665303,1.0,{},48.28424439710891,60.794460056581784,7.111246230118673,9.215845207721586,2,2,0.0,0.0,0.6576197724933469,0.0,0.0,0.6576197724933469,0,linear,whole_base_sequence,1653.975581662709,2245.686194018618,6,0,0,nan,nan,nan,2,True,0.00011904998973477632,0.0,0.0,0.00047434159990642573,36843.47501209697,39391.96296377303,8.472755136575147,True,True,False,45.0,45,45,45.0,45,45,0.0,0,0,30.0,30,30,8.0,8,8,8.0,8,8,0.0,0,0,0.0,0,0,0.0,0,0,22.0,22,22
informative,outlier_strong,initial_batch_no_updates,True,9.0,2,2,0,1.0,0.34238022750665303,1.0,2,1.0,0.34238022750665303,1.0,{},51.7949515834151,65.37924326176963,7.111246230118673,9.215845207721586,2,2,0.0,0.0,0.6576197724933469,0.0,0.0,0.6576197724933469,0,linear,whole_base_sequence,1653.9755816626596,2245.6861940185418,6,0,0,nan,nan,nan,2,True,0.00014470001042354852,0.0,0.0,0.00041561168052642165,47720.80519812097,50968.56489318764,8.835771165437594,True,True,False,45.0,45,45,45.0,45,45,0.0,0,0,31.5,31,32,8.0,8,8,8.0,8,8,0.0,0,0,0.0,0,0,0.0,0,0,23.5,23,24
informative,outlier_strong,initial_batch_no_updates,True,9.5,2,2,0,1.0,0.34238022750665303,1.0,2,1.0,0.34238022750665303,1.0,{},55.31139732034958,69.9669855880806,7.111246230118673,9.215845207721586,2,2,0.0,0.0,0.6576197724933469,0.0,0.0,0.6576197724933469,0,linear,whole_base_sequence,1653.9755816626687,2245.686194018594,6,0,0,nan,nan,nan,2,True,0.00014420000661630183,0.0,0.0,0.00036708207546722234,60865.474587745564,64947.65738668619,9.312732259279388,True,True,False,45.0,45,45,45.0,45,45,0.0,0,0,33.0,33,33,8.0,8,8,8.0,8,8,0.0,0,0,0.0,0,0,0.0,0,0,25.0,25,25
informative,outlier_strong,offline_full_record_noncausal,False,14.5,2,1,1,0.5,0.09453120573423074,0.9054687942657693,1,0.5,0.09453120573423074,0.9054687942657693,"{""projected_kkt_not_satisfied"": 1}",5.717357769556358,5.717357769556358,0.7267471722294593,0.7267471722294593,1,2,0.0,0.0,0.7934506856227626,0.0,0.0,0.6576197724933469,0,linear,whole_base_sequence,1197.6593729973133,1197.6593729973133,6,0,0,nan,nan,nan,2,True,0.3570344499894418,0.0,0.0,6.899105372450647e-05,4576.597067456996,4576.597067456996,12.514118335958992,True,True,False,45.0,45,45,45.0,45,45,0.0,0,0,45.0,45,45,45.0,45,45,0.0,0,0,0.0,0,0,0.0,0,0,0.0,0,0,0.0,0,0
informative,outlier_strong,retarded_ekf,True,0.0,2,0,2,0.0,0.0,0.6576197724933469,0,0.0,0.0,0.6576197724933469,"{""not_initialized"": 2}",nan,nan,nan,nan,0,2,nan,nan,nan,0.0,0.0,0.6576197724933469,0,linear,whole_base_sequence,nan,nan,6,0,0,nan,nan,nan,2,True,2.239998138975352e-05,0.0,nan,nan,nan,nan,nan,True,True,False,45.0,45,45,45.0,45,45,0.0,0,0,0.0,0,0,0.0,0,0,0.0,0,0,0.0,0,0,0.0,0,0,0.0,0,0,0.0,0,0
informative,outlier_strong,retarded_ekf,True,0.5,2,0,2,0.0,0.0,0.6576197724933469,0,0.0,0.0,0.6576197724933469,"{""not_initialized"": 2}",nan,nan,nan,nan,0,2,nan,nan,nan,0.0,0.0,0.6576197724933469,0,linear,whole_base_sequence,nan,nan,6,0,0,nan,nan,nan,2,True,1.1850017472170293e-05,0.0,nan,nan,nan,nan,nan,True,True,False,45.0,45,45,45.0,45,45,0.0,0,0,0.0,0,0,0.0,0,0,0.0,0,0,0.0,0,0,0.0,0,0,0.0,0,0,0.0,0,0
informative,outlier_strong,retarded_ekf,True,1.0,2,0,2,0.0,0.0,0.6576197724933469,0,0.0,0.0,0.6576197724933469,"{""not_initialized"": 2}",nan,nan,nan,nan,0,2,nan,nan,nan,0.0,0.0,0.6576197724933469,0,linear,whole_base_sequence,nan,nan,6,0,0,nan,nan,nan,2,True,0.00026015000184997916,0.0,nan,nan,nan,nan,0.9408566648613441,True,True,False,45.0,45,45,45.0,45,45,0.0,0,0,2.5,2,3,0.0,0,0,0.0,0,0,0.0,0,0,0.0,0,0,0.0,0,0,2.5,2,3
informative,outlier_strong,retarded_ekf,True,1.5,2,0,2,0.0,0.0,0.6576197724933469,0,0.0,0.0,0.6576197724933469,"{""not_initialized"": 2}",nan,nan,nan,nan,0,2,nan,nan,nan,0.0,0.0,0.6576197724933469,0,linear,whole_base_sequence,nan,nan,6,0,0,nan,nan,nan,2,True,8.104999142233282e-05,0.0,nan,nan,nan,nan,1.2000124660892886,True,True,False,45.0,45,45,45.0,45,45,0.0,0,0,3.0,3,3,0.0,0,0,0.0,0,0,0.0,0,0,0.0,0,0,0.0,0,0,3.0,3,3
informative,outlier_strong,retarded_ekf,True,10.0,2,0,2,0.0,0.0,0.6576197724933469,0,0.0,0.0,0.6576197724933469,"{""initialization_failed:initialization_quality_gate_failed"": 1, ""initialization_failed:projected_kkt_not_satisfied"": 1}",nan,nan,nan,nan,0,2,nan,nan,nan,0.0,0.0,0.6576197724933469,0,linear,whole_base_sequence,nan,nan,6,0,0,nan,nan,nan,2,True,0.4844923999917228,0.0,nan,nan,nan,nan,9.670899249589615,True,True,False,45.0,45,45,45.0,45,45,0.0,0,0,35.0,35,35,8.0,8,8,8.0,8,8,0.0,0,0,0.0,0,0,0.0,0,0,27.0,27,27
informative,outlier_strong,retarded_ekf,True,10.5,2,0,2,0.0,0.0,0.6576197724933469,0,0.0,0.0,0.6576197724933469,"{""initialization_failed:initialization_quality_gate_failed"": 2}",nan,nan,nan,nan,0,2,nan,nan,nan,0.0,0.0,0.6576197724933469,0,linear,whole_base_sequence,nan,nan,6,0,0,nan,nan,nan,2,True,0.5585801499983063,0.0,nan,nan,nan,nan,10.463239363147233,True,True,False,45.0,45,45,45.0,45,45,0.0,0,0,37.0,37,37,8.0,8,8,8.0,8,8,0.0,0,0,0.0,0,0,0.0,0,0,29.0,29,29
informative,outlier_strong,retarded_ekf,True,11.0,2,0,2,0.0,0.0,0.6576197724933469,0,0.0,0.0,0.6576197724933469,"{""initialization_failed:initialization_quality_gate_failed"": 1, ""initialization_failed:projected_kkt_not_satisfied"": 1}",nan,nan,nan,nan,0,2,nan,nan,nan,0.0,0.0,0.6576197724933469,0,linear,whole_base_sequence,nan,nan,6,0,0,nan,nan,nan,2,True,0.6539453999866964,0.0,nan,nan,nan,nan,10.828002937431222,True,True,False,45.0,45,45,45.0,45,45,0.0,0,0,39.0,39,39,8.0,8,8,8.0,8,8,0.0,0,0,0.0,0,0,0.0,0,0,31.0,31,31
informative,outlier_strong,retarded_ekf,True,11.5,2,0,2,0.0,0.0,0.6576197724933469,0,0.0,0.0,0.6576197724933469,"{""initialization_failed:initialization_quality_gate_failed"": 1, ""initialization_failed:projected_kkt_not_satisfied"": 1}",nan,nan,nan,nan,0,2,nan,nan,nan,0.0,0.0,0.6576197724933469,0,linear,whole_base_sequence,nan,nan,6,0,0,nan,nan,nan,2,True,0.4138978499977384,0.0,nan,nan,nan,nan,11.362322374391251,True,True,False,45.0,45,45,45.0,45,45,0.0,0,0,40.5,40,41,8.0,8,8,8.0,8,8,0.0,0,0,0.0,0,0,0.0,0,0,32.5,32,33
informative,outlier_strong,retarded_ekf,True,12.0,2,0,2,0.0,0.0,0.6576197724933469,0,0.0,0.0,0.6576197724933469,"{""initialization_failed:initialization_quality_gate_failed"": 1, ""initialization_failed:projected_kkt_not_satisfied"": 1}",nan,nan,nan,nan,0,2,nan,nan,nan,0.0,0.0,0.6576197724933469,0,linear,whole_base_sequence,nan,nan,6,0,0,nan,nan,nan,2,True,0.821584300007089,0.0,nan,nan,nan,nan,11.83006655804374,True,True,False,45.0,45,45,45.0,45,45,0.0,0,0,43.0,43,43,8.0,8,8,8.0,8,8,0.0,0,0,0.0,0,0,0.0,0,0,35.0,35,35
informative,outlier_strong,retarded_ekf,True,12.5,2,0,2,0.0,0.0,0.6576197724933469,0,0.0,0.0,0.6576197724933469,"{""initialization_failed:initialization_quality_gate_failed"": 2}",nan,nan,nan,nan,0,2,nan,nan,nan,0.0,0.0,0.6576197724933469,0,linear,whole_base_sequence,nan,nan,6,0,0,nan,nan,nan,2,True,0.593217999994522,0.0,nan,nan,nan,nan,12.31286511220431,True,True,False,45.0,45,45,45.0,45,45,0.0,0,0,44.5,44,45,8.0,8,8,8.0,8,8,0.0,0,0,0.0,0,0,0.0,0,0,36.5,36,37
informative,outlier_strong,retarded_ekf,True,14.5,2,0,2,0.0,0.0,0.6576197724933469,0,0.0,0.0,0.6576197724933469,"{""initialization_failed:initialization_quality_gate_failed"": 2}",nan,nan,nan,nan,0,2,nan,nan,nan,0.0,0.0,0.6576197724933469,0,linear,whole_base_sequence,nan,nan,6,0,0,nan,nan,nan,2,True,0.1666529499925673,0.0,nan,nan,nan,nan,12.514118335958992,True,True,False,45.0,45,45,45.0,45,45,0.0,0,0,45.0,45,45,8.0,8,8,8.0,8,8,0.0,0,0,0.0,0,0,0.0,0,0,37.0,37,37
informative,outlier_strong,retarded_ekf,True,2.0,2,0,2,0.0,0.0,0.6576197724933469,0,0.0,0.0,0.6576197724933469,"{""not_initialized"": 2}",nan,nan,nan,nan,0,2,nan,nan,nan,0.0,0.0,0.6576197724933469,0,linear,whole_base_sequence,nan,nan,6,0,0,nan,nan,nan,2,True,0.0003264499973738566,0.0,nan,nan,nan,nan,1.863447742681687,True,True,False,45.0,45,45,45.0,45,45,0.0,0,0,5.0,5,5,0.0,0,0,0.0,0,0,0.0,0,0,0.0,0,0,0.0,0,0,5.0,5,5
informative,outlier_strong,retarded_ekf,True,2.5,2,0,2,0.0,0.0,0.6576197724933469,0,0.0,0.0,0.6576197724933469,"{""initialization_failed:initialization_quality_gate_failed"": 2}",nan,nan,nan,nan,0,2,nan,nan,nan,0.0,0.0,0.6576197724933469,0,linear,whole_base_sequence,nan,nan,6,0,0,nan,nan,nan,2,True,0.32695840000815224,0.0,nan,nan,nan,nan,2.479060706877549,True,True,False,45.0,45,45,45.0,45,45,0.0,0,0,8.0,8,8,8.0,8,8,8.0,8,8,0.0,0,0,0.0,0,0,0.0,0,0,0.0,0,0
informative,outlier_strong,retarded_ekf,True,3.0,2,0,2,0.0,0.0,0.6576197724933469,0,0.0,0.0,0.6576197724933469,"{""initialization_failed:initialization_quality_gate_failed"": 2}",nan,nan,nan,nan,0,2,nan,nan,nan,0.0,0.0,0.6576197724933469,0,linear,whole_base_sequence,nan,nan,6,0,0,nan,nan,nan,2,True,0.08728254999732599,0.0,nan,nan,nan,nan,2.801421863407455,True,True,False,45.0,45,45,45.0,45,45,0.0,0,0,9.0,9,9,8.0,8,8,8.0,8,8,0.0,0,0,0.0,0,0,0.0,0,0,1.0,1,1
informative,outlier_strong,retarded_ekf,True,3.5,2,0,2,0.0,0.0,0.6576197724933469,0,0.0,0.0,0.6576197724933469,"{""initialization_failed:initialization_quality_gate_failed"": 2}",nan,nan,nan,nan,0,2,nan,nan,nan,0.0,0.0,0.6576197724933469,0,linear,whole_base_sequence,nan,nan,6,0,0,nan,nan,nan,2,True,0.24952375001157634,0.0,nan,nan,nan,nan,3.401151285240659,True,True,False,45.0,45,45,45.0,45,45,0.0,0,0,11.5,11,12,8.0,8,8,8.0,8,8,0.0,0,0,0.0,0,0,0.0,0,0,3.5,3,4
informative,outlier_strong,retarded_ekf,True,4.0,2,0,2,0.0,0.0,0.6576197724933469,0,0.0,0.0,0.6576197724933469,"{""initialization_failed:initialization_quality_gate_failed"": 2}",nan,nan,nan,nan,0,2,nan,nan,nan,0.0,0.0,0.6576197724933469,0,linear,whole_base_sequence,nan,nan,6,0,0,nan,nan,nan,2,True,0.04906200000550598,0.0,nan,nan,nan,nan,3.6554622793035705,True,True,False,45.0,45,45,45.0,45,45,0.0,0,0,12.0,12,12,8.0,8,8,8.0,8,8,0.0,0,0,0.0,0,0,0.0,0,0,4.0,4,4
informative,outlier_strong,retarded_ekf,True,4.5,2,0,2,0.0,0.0,0.6576197724933469,0,0.0,0.0,0.6576197724933469,"{""initialization_failed:initialization_quality_gate_failed"": 1, ""initialization_failed:projected_kkt_not_satisfied"": 1}",nan,nan,nan,nan,0,2,nan,nan,nan,0.0,0.0,0.6576197724933469,0,linear,whole_base_sequence,nan,nan,6,0,0,nan,nan,nan,2,True,0.2707587000040803,0.0,nan,nan,nan,nan,4.367226688858158,True,True,False,45.0,45,45,45.0,45,45,0.0,0,0,14.5,14,15,8.0,8,8,8.0,8,8,0.0,0,0,0.0,0,0,0.0,0,0,6.5,6,7
informative,outlier_strong,retarded_ekf,True,5.0,2,0,2,0.0,0.0,0.6576197724933469,0,0.0,0.0,0.6576197724933469,"{""initialization_failed:initialization_quality_gate_failed"": 2}",nan,nan,nan,nan,0,2,nan,nan,nan,0.0,0.0,0.6576197724933469,0,linear,whole_base_sequence,nan,nan,6,0,0,nan,nan,nan,2,True,0.372103049987345,0.0,nan,nan,nan,nan,4.99270526792087,True,True,False,45.0,45,45,45.0,45,45,0.0,0,0,17.5,17,18,8.0,8,8,8.0,8,8,0.0,0,0,0.0,0,0,0.0,0,0,9.5,9,10
informative,outlier_strong,retarded_ekf,True,5.5,2,0,2,0.0,0.0,0.6576197724933469,0,0.0,0.0,0.6576197724933469,"{""initialization_failed:initialization_quality_gate_failed"": 2}",nan,nan,nan,nan,0,2,nan,nan,nan,0.0,0.0,0.6576197724933469,0,linear,whole_base_sequence,nan,nan,6,0,0,nan,nan,nan,2,True,0.0849459500022931,0.0,nan,nan,nan,nan,5.293557399773563,True,True,False,45.0,45,45,45.0,45,45,0.0,0,0,18.0,18,18,8.0,8,8,8.0,8,8,0.0,0,0,0.0,0,0,0.0,0,0,10.0,10,10
informative,outlier_strong,retarded_ekf,True,6.0,2,0,2,0.0,0.0,0.6576197724933469,0,0.0,0.0,0.6576197724933469,"{""initialization_failed:initialization_quality_gate_failed"": 2}",nan,nan,nan,nan,0,2,nan,nan,nan,0.0,0.0,0.6576197724933469,0,linear,whole_base_sequence,nan,nan,6,0,0,nan,nan,nan,2,True,0.5392708500003209,0.0,nan,nan,nan,nan,5.972518470726317,True,True,False,45.0,45,45,45.0,45,45,0.0,0,0,21.0,21,21,8.0,8,8,8.0,8,8,0.0,0,0,0.0,0,0,0.0,0,0,13.0,13,13
informative,outlier_strong,retarded_ekf,True,6.5,2,0,2,0.0,0.0,0.6576197724933469,0,0.0,0.0,0.6576197724933469,"{""initialization_failed:initialization_quality_gate_failed"": 2}",nan,nan,nan,nan,0,2,nan,nan,nan,0.0,0.0,0.6576197724933469,0,linear,whole_base_sequence,nan,nan,6,0,0,nan,nan,nan,2,True,0.17297714999585878,0.0,nan,nan,nan,nan,6.480735441103977,True,True,False,45.0,45,45,45.0,45,45,0.0,0,0,22.0,22,22,8.0,8,8,8.0,8,8,0.0,0,0,0.0,0,0,0.0,0,0,14.0,14,14
informative,outlier_strong,retarded_ekf,True,7.0,2,0,2,0.0,0.0,0.6576197724933469,0,0.0,0.0,0.6576197724933469,"{""initialization_failed:initialization_quality_gate_failed"": 2}",nan,nan,nan,nan,0,2,nan,nan,nan,0.0,0.0,0.6576197724933469,0,linear,whole_base_sequence,nan,nan,6,0,0,nan,nan,nan,2,True,0.414841299992986,0.0,nan,nan,nan,nan,6.814280685441847,True,True,False,45.0,45,45,45.0,45,45,0.0,0,0,24.0,24,24,8.0,8,8,8.0,8,8,0.0,0,0,0.0,0,0,0.0,0,0,16.0,16,16
informative,outlier_strong,retarded_ekf,True,7.5,2,0,2,0.0,0.0,0.6576197724933469,0,0.0,0.0,0.6576197724933469,"{""initialization_failed:initialization_quality_gate_failed"": 2}",nan,nan,nan,nan,0,2,nan,nan,nan,0.0,0.0,0.6576197724933469,0,linear,whole_base_sequence,nan,nan,6,0,0,nan,nan,nan,2,True,0.5984490999981062,0.0,nan,nan,nan,nan,7.359225597122656,True,True,False,45.0,45,45,45.0,45,45,0.0,0,0,26.5,26,27,8.0,8,8,8.0,8,8,0.0,0,0,0.0,0,0,0.0,0,0,18.5,18,19
informative,outlier_strong,retarded_ekf,True,8.0,2,0,2,0.0,0.0,0.6576197724933469,0,0.0,0.0,0.6576197724933469,"{""initialization_failed:initialization_quality_gate_failed"": 2}",nan,nan,nan,nan,0,2,nan,nan,nan,0.0,0.0,0.6576197724933469,0,linear,whole_base_sequence,nan,nan,6,0,0,nan,nan,nan,2,True,0.23942314999294467,0.0,nan,nan,nan,nan,7.82229996010676,True,True,False,45.0,45,45,45.0,45,45,0.0,0,0,27.5,27,28,8.0,8,8,8.0,8,8,0.0,0,0,0.0,0,0,0.0,0,0,19.5,19,20
informative,outlier_strong,retarded_ekf,True,8.5,2,0,2,0.0,0.0,0.6576197724933469,0,0.0,0.0,0.6576197724933469,"{""initialization_failed:initialization_quality_gate_failed"": 2}",nan,nan,nan,nan,0,2,nan,nan,nan,0.0,0.0,0.6576197724933469,0,linear,whole_base_sequence,nan,nan,6,0,0,nan,nan,nan,2,True,0.5619531499978621,0.0,nan,nan,nan,nan,8.472755136575147,True,True,False,45.0,45,45,45.0,45,45,0.0,0,0,30.0,30,30,8.0,8,8,8.0,8,8,0.0,0,0,0.0,0,0,0.0,0,0,22.0,22,22
informative,outlier_strong,retarded_ekf,True,9.0,2,0,2,0.0,0.0,0.6576197724933469,0,0.0,0.0,0.6576197724933469,"{""initialization_failed:initialization_quality_gate_failed"": 2}",nan,nan,nan,nan,0,2,nan,nan,nan,0.0,0.0,0.6576197724933469,0,linear,whole_base_sequence,nan,nan,6,0,0,nan,nan,nan,2,True,0.3754173499910394,0.0,nan,nan,nan,nan,8.835771165437594,True,True,False,45.0,45,45,45.0,45,45,0.0,0,0,31.5,31,32,8.0,8,8,8.0,8,8,0.0,0,0,0.0,0,0,0.0,0,0,23.5,23,24
informative,outlier_strong,retarded_ekf,True,9.5,2,0,2,0.0,0.0,0.6576197724933469,0,0.0,0.0,0.6576197724933469,"{""initialization_failed:initialization_quality_gate_failed"": 2}",nan,nan,nan,nan,0,2,nan,nan,nan,0.0,0.0,0.6576197724933469,0,linear,whole_base_sequence,nan,nan,6,0,0,nan,nan,nan,2,True,0.386998499991023,0.0,nan,nan,nan,nan,9.312732259279388,True,True,False,45.0,45,45,45.0,45,45,0.0,0,0,33.0,33,33,8.0,8,8,8.0,8,8,0.0,0,0,0.0,0,0,0.0,0,0,25.0,25,25
poorly_conditioned,all_station_gap,causal_prefix_batch,True,0.0,2,0,2,0.0,0.0,0.6576197724933469,0,0.0,0.0,0.6576197724933469,"{""insufficient_measurements"": 2}",nan,nan,nan,nan,0,2,nan,nan,nan,0.0,0.0,0.6576197724933469,0,linear,whole_base_sequence,nan,nan,6,0,0,nan,nan,nan,2,True,3.960001049563289e-05,0.0,nan,nan,nan,nan,nan,True,True,True,45.0,45,45,29.0,29,29,16.0,16,16,0.0,0,0,0.0,0,0,0.0,0,0,0.0,0,0,0.0,0,0,0.0,0,0,0.0,0,0
poorly_conditioned,all_station_gap,causal_prefix_batch,True,0.5,2,0,2,0.0,0.0,0.6576197724933469,0,0.0,0.0,0.6576197724933469,"{""insufficient_measurements"": 2}",nan,nan,nan,nan,0,2,nan,nan,nan,0.0,0.0,0.6576197724933469,0,linear,whole_base_sequence,nan,nan,6,0,0,nan,nan,nan,2,True,3.060000017285347e-05,0.0,nan,nan,nan,nan,nan,True,True,True,45.0,45,45,29.0,29,29,16.0,16,16,0.0,0,0,0.0,0,0,0.0,0,0,0.0,0,0,0.0,0,0,0.0,0,0,0.0,0,0
poorly_conditioned,all_station_gap,causal_prefix_batch,True,1.0,2,0,2,0.0,0.0,0.6576197724933469,0,0.0,0.0,0.6576197724933469,"{""insufficient_measurements"": 2}",nan,nan,nan,nan,0,2,nan,nan,nan,0.0,0.0,0.6576197724933469,0,linear,whole_base_sequence,nan,nan,6,0,0,nan,nan,nan,2,True,3.375000960659236e-05,0.0,nan,nan,nan,nan,0.876206866256791,True,True,True,45.0,45,45,29.0,29,29,16.0,16,16,1.5,1,2,1.5,1,2,0.0,0,0,0.0,0,0,0.0,0,0,0.0,0,0,0.0,0,0
poorly_conditioned,all_station_gap,causal_prefix_batch,True,1.5,2,0,2,0.0,0.0,0.6576197724933469,0,0.0,0.0,0.6576197724933469,"{""insufficient_local_observability"": 2}",nan,nan,nan,nan,0,2,nan,nan,nan,0.0,0.0,0.6576197724933469,0,linear,whole_base_sequence,nan,nan,6,0,0,nan,nan,nan,2,True,1.60417970000708,0.0,nan,nan,nan,nan,1.273375333468253,True,True,True,45.0,45,45,29.0,29,29,16.0,16,16,3.0,3,3,3.0,3,3,0.0,0,0,0.0,0,0,0.0,0,0,0.0,0,0,0.0,0,0
poorly_conditioned,all_station_gap,causal_prefix_batch,True,10.0,2,2,0,1.0,0.34238022750665303,1.0,2,1.0,0.34238022750665303,1.0,{},0.7728565694568956,0.9655780909414448,0.09292683038998137,0.11052298905294039,2,2,1.0,0.34238022750665303,1.0,1.0,0.34238022750665303,1.0,2,linear,whole_base_sequence,6.309883908766847,8.493598803986915,6,0,0,nan,nan,nan,2,True,0.1516072500089649,0.0,0.0,0.0004031438606552286,476.5346488591164,499.5002126932124,9.800091873010803,True,True,True,45.0,45,45,29.0,29,29,16.0,16,16,19.0,19,19,19.0,19,19,0.0,0,0,0.0,0,0,0.0,0,0,0.0,0,0,0.0,0,0
poorly_conditioned,all_station_gap,causal_prefix_batch,True,10.5,2,2,0,1.0,0.34238022750665303,1.0,2,1.0,0.34238022750665303,1.0,{},0.7276942202577713,0.7958816872370774,0.0907002839734638,0.10123528151676094,2,2,1.0,0.34238022750665303,1.0,1.0,0.34238022750665303,1.0,2,linear,whole_base_sequence,7.280838502926732,7.389989038006879,6,0,0,nan,nan,nan,2,True,0.17128070000035223,0.0,0.0,0.0003562654225714109,444.24535505167796,463.3640261577718,10.447193474048678,True,True,True,45.0,45,45,29.0,29,29,16.0,16,16,21.0,20,22,21.0,20,22,0.0,0,0,0.0,0,0,0.0,0,0,0.0,0,0,0.0,0,0
poorly_conditioned,all_station_gap,causal_prefix_batch,True,11.0,2,2,0,1.0,0.34238022750665303,1.0,2,1.0,0.34238022750665303,1.0,{},0.6364709875662384,0.6719330750776098,0.07379180617697992,0.07905748223429386,2,2,1.0,0.34238022750665303,1.0,1.0,0.34238022750665303,1.0,2,linear,whole_base_sequence,6.963278861368446,7.277786095469235,6,0,0,nan,nan,nan,2,True,0.17178180001792498,0.0,0.0,0.0003160224614162289,439.47765535643816,456.73915802463813,10.890077549911041,True,True,True,45.0,45,45,29.0,29,29,16.0,16,16,23.0,23,23,23.0,23,23,0.0,0,0,0.0,0,0,0.0,0,0,0.0,0,0,0.0,0,0
poorly_conditioned,all_station_gap,causal_prefix_batch,True,11.5,2,2,0,1.0,0.34238022750665303,1.0,2,1.0,0.34238022750665303,1.0,{},0.7232766707380394,0.7300879950748662,0.08331196132400544,0.08761644172966132,2,2,1.0,0.34238022750665303,1.0,1.0,0.34238022750665303,1.0,2,linear,whole_base_sequence,7.114752404908179,7.1622242232691855,6,0,0,nan,nan,nan,2,True,0.19174215001112316,0.0,0.0,0.0002809011728004914,451.9252841431429,458.3980403704547,11.488009157249133,True,True,True,45.0,45,45,29.0,29,29,16.0,16,16,25.5,25,26,25.5,25,26,0.0,0,0,0.0,0,0,0.0,0,0,0.0,0,0,0.0,0,0
poorly_conditioned,all_station_gap,causal_prefix_batch,True,12.0,2,2,0,1.0,0.34238022750665303,1.0,2,1.0,0.34238022750665303,1.0,{},0.7394232828342893,0.7651478953752059,0.0796582930924104,0.08092939928768744,2,2,1.0,0.34238022750665303,1.0,1.0,0.34238022750665303,1.0,2,linear,whole_base_sequence,7.210580130391369,7.344296912532345,6,0,0,nan,nan,nan,2,True,0.20069395001337398,0.0,0.0,0.00025128995696012125,538.5661285730994,561.0588754241721,11.656786049906215,True,True,True,45.0,45,45,29.0,29,29,16.0,16,16,26.0,26,26,26.0,26,26,0.0,0,0,0.0,0,0,0.0,0,0,0.0,0,0,0.0,0,0
poorly_conditioned,all_station_gap,causal_prefix_batch,True,12.5,2,2,0,1.0,0.34238022750665303,1.0,2,1.0,0.34238022750665303,1.0,{},0.6066423489498044,0.7119006626960438,0.06198399385974825,0.0741452708636832,2,2,1.0,0.34238022750665303,1.0,1.0,0.34238022750665303,1.0,2,linear,whole_base_sequence,7.142882851161541,8.506107507669954,6,0,0,nan,nan,nan,2,True,0.19064529999741353,0.0,0.0,0.00022594510837326335,535.9544049195467,556.3004656081787,12.42245445418702,True,True,True,45.0,45,45,29.0,29,29,16.0,16,16,29.0,29,29,29.0,29,29,0.0,0,0,0.0,0,0,0.0,0,0,0.0,0,0,0.0,0,0
poorly_conditioned,all_station_gap,causal_prefix_batch,True,14.5,2,2,0,1.0,0.34238022750665303,1.0,2,1.0,0.34238022750665303,1.0,{},0.7207266159884015,0.8506036079015686,0.06198399387479647,0.07414527086579006,2,2,1.0,0.34238022750665303,1.0,1.0,0.34238022750665303,1.0,2,linear,whole_base_sequence,7.142882854447489,8.506107507998056,6,0,0,nan,nan,nan,2,True,0.23278659999778029,0.0,0.0,0.00014999781327304,1238.5967486555755,1285.154229409611,12.42245445418702,True,True,True,45.0,45,45,29.0,29,29,16.0,16,16,29.0,29,29,29.0,29,29,0.0,0,0,0.0,0,0,0.0,0,0,0.0,0,0,0.0,0,0
poorly_conditioned,all_station_gap,causal_prefix_batch,True,2.0,2,2,0,1.0,0.34238022750665303,1.0,2,1.0,0.34238022750665303,1.0,{},1.4794175423467926,1.811727115414312,1.2718134682383613,1.5258773328747148,2,2,1.0,0.34238022750665303,1.0,1.0,0.34238022750665303,1.0,2,linear,whole_base_sequence,2.1785796174038916,2.3787652309805787,6,0,0,nan,nan,nan,2,True,0.05013005000364501,0.0,0.0,0.022592002626013245,218.78134768899554,218.88269563339705,1.789013239817778,True,True,True,45.0,45,45,29.0,29,29,16.0,16,16,5.0,5,5,5.0,5,5,0.0,0,0,0.0,0,0,0.0,0,0,0.0,0,0,0.0,0,0
poorly_conditioned,all_station_gap,causal_prefix_batch,True,2.5,2,2,0,1.0,0.34238022750665303,1.0,2,1.0,0.34238022750665303,1.0,{},1.177397888467149,1.403090753295124,0.7905959914048135,0.8906240835669179,2,2,1.0,0.34238022750665303,1.0,1.0,0.34238022750665303,1.0,2,linear,whole_base_sequence,2.390840459907908,2.6479481584384725,6,0,0,nan,nan,nan,2,True,0.05401600000914186,0.0,0.0,0.013672150060594298,214.81313804956932,289.07103057808075,2.4132316630875192,True,True,True,45.0,45,45,29.0,29,29,16.0,16,16,6.5,6,7,6.5,6,7,0.0,0,0,0.0,0,0,0.0,0,0,0.0,0,0,0.0,0,0
poorly_conditioned,all_station_gap,causal_prefix_batch,True,3.0,2,2,0,1.0,0.34238022750665303,1.0,2,1.0,0.34238022750665303,1.0,{},1.1149208750015687,1.4299977435611888,0.634028021672092,0.8053314557823075,2,2,1.0,0.34238022750665303,1.0,1.0,0.34238022750665303,1.0,2,linear,whole_base_sequence,3.66546449983427,4.859145717955672,6,0,0,nan,nan,nan,2,True,0.07301439998263959,0.0,0.0,0.007961658518324501,151.78353667504382,155.88370960919113,2.8451971048492903,True,True,True,45.0,45,45,29.0,29,29,16.0,16,16,9.0,9,9,9.0,9,9,0.0,0,0,0.0,0,0,0.0,0,0,0.0,0,0,0.0,0,0
poorly_conditioned,all_station_gap,causal_prefix_batch,True,3.5,2,2,0,1.0,0.34238022750665303,1.0,2,1.0,0.34238022750665303,1.0,{},1.4256024770870508,1.8287050516778898,0.634028017027701,0.8053314490401091,2,2,1.0,0.34238022750665303,1.0,1.0,0.34238022750665303,1.0,2,linear,whole_base_sequence,3.665464465231646,4.859145652208834,6,0,0,nan,nan,nan,2,True,0.07452444998489227,0.0,0.0,0.005382163417260782,326.84093593972796,335.7758680529444,2.8451971048492903,True,True,True,45.0,45,45,29.0,29,29,16.0,16,16,9.0,9,9,9.0,9,9,0.0,0,0,0.0,0,0,0.0,0,0,0.0,0,0,0.0,0,0
poorly_conditioned,all_station_gap,causal_prefix_batch,True,4.0,2,2,0,1.0,0.34238022750665303,1.0,2,1.0,0.34238022750665303,1.0,{},1.7385718456055956,2.2288467894262216,0.6340280162963395,0.8053314479783258,2,2,1.0,0.34238022750665303,1.0,1.0,0.34238022750665303,1.0,2,linear,whole_base_sequence,3.6654644569224013,4.859145636419491,6,0,0,nan,nan,nan,2,True,0.09027624998998363,0.0,0.0,0.0038285475968880436,637.3115274986535,654.8861910063729,2.8451971048492903,True,True,True,45.0,45,45,29.0,29,29,16.0,16,16,9.0,9,9,9.0,9,9,0.0,0,0,0.0,0,0,0.0,0,0,0.0,0,0,0.0,0,0
poorly_conditioned,all_station_gap,causal_prefix_batch,True,4.5,2,2,0,1.0,0.34238022750665303,1.0,2,1.0,0.34238022750665303,1.0,{},2.052782859032829,2.62976605849381,0.63402801611985,0.8053314477220251,2,2,1.0,0.34238022750665303,1.0,1.0,0.34238022750665303,1.0,2,linear,whole_base_sequence,3.6654644522523228,4.8591456275444145,6,0,0,nan,nan,nan,2,True,0.07984039999428205,0.0,0.0,0.00284099985657442,1144.8355762896435,1176.6034358699849,2.8451971048492903,True,True,True,45.0,45,45,29.0,29,29,16.0,16,16,9.0,9,9,9.0,9,9,0.0,0,0,0.0,0,0,0.0,0,0,0.0,0,0,0.0,0,0
poorly_conditioned,all_station_gap,causal_prefix_batch,True,5.0,2,2,0,1.0,0.34238022750665303,1.0,2,1.0,0.34238022750665303,1.0,{},2.367741273764795,3.0311526112520157,0.6340280216724041,0.8053314557823824,2,2,1.0,0.34238022750665303,1.0,1.0,0.34238022750665303,1.0,2,linear,whole_base_sequence,3.66546449983851,4.859145717956257,6,0,0,nan,nan,nan,2,True,0.06199659999401774,0.0,0.0,0.0021820737179281996,1923.5644066077475,1977.18345670002,2.8451971048492903,True,True,True,45.0,45,45,29.0,29,29,16.0,16,16,9.0,9,9,9.0,9,9,0.0,0,0,0.0,0,0,0.0,0,0,0.0,0,0,0.0,0,0
poorly_conditioned,all_station_gap,causal_prefix_batch,True,5.5,2,2,0,1.0,0.34238022750665303,1.0,2,1.0,0.34238022750665303,1.0,{},2.683183850074011,3.4328413702611216,0.6340280162918513,0.8053314479715259,2,2,1.0,0.34238022750665303,1.0,1.0,0.34238022750665303,1.0,2,linear,whole_base_sequence,3.665464456722126,4.859145636033237,6,0,0,nan,nan,nan,2,True,0.06423819999326952,0.0,0.0,0.0017237721543347,3060.167341311256,3145.7562784976253,2.8451971048492903,True,True,True,45.0,45,45,29.0,29,29,16.0,16,16,9.0,9,9,9.0,9,9,0.0,0,0,0.0,0,0,0.0,0,0,0.0,0,0,0.0,0,0
poorly_conditioned,all_station_gap,causal_prefix_batch,True,6.0,2,2,0,1.0,0.34238022750665303,1.0,2,1.0,0.34238022750665303,1.0,{},2.9989578674248025,3.8347367912068293,0.6340280170412412,0.8053314482931379,2,2,1.0,0.34238022750665303,1.0,1.0,0.34238022750665303,1.0,2,linear,whole_base_sequence,3.665464461841948,4.859145639704139,6,0,0,nan,nan,nan,2,True,0.08230744999309536,0.0,0.0,0.0013936311690663718,4653.834055710488,4784.328506645597,2.8451971048492903,True,True,True,45.0,45,45,29.0,29,29,16.0,16,16,9.0,9,9,9.0,9,9,0.0,0,0,0.0,0,0,0.0,0,0,0.0,0,0,0.0,0,0
poorly_conditioned,all_station_gap,causal_prefix_batch,True,6.5,2,2,0,1.0,0.34238022750665303,1.0,2,1.0,0.34238022750665303,1.0,{},3.3149686152924347,4.236779680601819,0.6340280216726413,0.8053314557824427,2,2,1.0,0.34238022750665303,1.0,1.0,0.34238022750665303,1.0,2,linear,whole_base_sequence,3.6654644998418404,4.859145717956947,6,0,0,nan,nan,nan,2,True,0.06089819999760948,0.0,0.0,0.0011486612080119551,6816.27545547153,7007.784228758922,2.8451971048492903,True,True,True,45.0,45,45,29.0,29,29,16.0,16,16,9.0,9,9,9.0,9,9,0.0,0,0,0.0,0,0,0.0,0,0,0.0,0,0,0.0,0,0
poorly_conditioned,all_station_gap,causal_prefix_batch,True,7.0,2,2,0,1.0,0.34238022750665303,1.0,2,1.0,0.34238022750665303,1.0,{},3.6311542489410975,4.638931379575846,0.6340280216727098,0.80533145578245,2,2,1.0,0.34238022750665303,1.0,1.0,0.34238022750665303,1.0,2,linear,whole_base_sequence,3.6654644998428276,4.859145717957103,6,0,0,nan,nan,nan,2,True,0.07307135000883136,0.0,0.0,0.000962259516256596,9671.724036653468,9943.885385559104,2.8451971048492903,True,True,True,45.0,45,45,29.0,29,29,16.0,16,16,9.0,9,9,9.0,9,9,0.0,0,0,0.0,0,0,0.0,0,0,0.0,0,0,0.0,0,0
poorly_conditioned,all_station_gap,causal_prefix_batch,True,7.5,2,2,0,1.0,0.34238022750665303,1.0,2,1.0,0.34238022750665303,1.0,{},1.9911813229863835,2.0166756216279533,0.315737218523368,0.318004710933277,2,2,0.5,0.09453120573423074,0.9054687942657693,0.5,0.09453120573423074,0.9054687942657693,1,linear,whole_base_sequence,11.25167867358358,16.47760426480893,6,0,0,nan,nan,nan,2,True,0.061985049993381836,0.0,0.0,0.0008148843963764693,4231.222443081289,7817.998432638063,7.425735637315307,True,True,True,45.0,45,45,29.0,29,29,16.0,16,16,10.5,10,11,10.5,10,11,0.0,0,0,0.0,0,0,0.0,0,0,0.0,0,0,0.0,0,0
poorly_conditioned,all_station_gap,causal_prefix_batch,True,8.0,2,2,0,1.0,0.34238022750665303,1.0,2,1.0,0.34238022750665303,1.0,{},1.7570903838714709,2.309693732090283,0.25545357396768625,0.3359485767091584,2,2,0.5,0.09453120573423074,0.9054687942657693,0.5,0.09453120573423074,0.9054687942657693,1,linear,whole_base_sequence,10.995250519421074,17.435084181959414,6,0,0,nan,nan,nan,2,True,0.07131384999956936,0.0,0.0,0.0006980218179234839,667.8203145514086,703.6461077415528,7.908114069620163,True,True,True,45.0,45,45,29.0,29,29,16.0,16,16,12.0,12,12,12.0,12,12,0.0,0,0,0.0,0,0,0.0,0,0,0.0,0,0,0.0,0,0
poorly_conditioned,all_station_gap,causal_prefix_batch,True,8.5,2,2,0,1.0,0.34238022750665303,1.0,2,1.0,0.34238022750665303,1.0,{},1.0065469953078696,1.3392244936984798,0.14338904713232156,0.18925223156490376,2,2,1.0,0.34238022750665303,1.0,1.0,0.34238022750665303,1.0,2,linear,whole_base_sequence,6.071133803631648,9.123858162278383,6,0,0,nan,nan,nan,2,True,0.09712874999968335,0.0,0.0,0.0006019216428879688,445.61807510784865,470.26723870474615,8.452543436121086,True,True,True,45.0,45,45,29.0,29,29,16.0,16,16,14.0,14,14,14.0,14,14,0.0,0,0,0.0,0,0,0.0,0,0,0.0,0,0,0.0,0,0
poorly_conditioned,all_station_gap,causal_prefix_batch,True,9.0,2,2,0,1.0,0.34238022750665303,1.0,2,1.0,0.34238022750665303,1.0,{},0.9036156009040848,1.2029987897349708,0.11758245170918376,0.15464204685311878,2,2,1.0,0.34238022750665303,1.0,1.0,0.34238022750665303,1.0,2,linear,whole_base_sequence,5.7656051699144175,8.422674656134577,6,0,0,nan,nan,nan,2,True,0.07920949999243021,0.0,0.0,0.000523668974721825,471.86975227149765,498.28935266706725,8.970861479749196,True,True,True,45.0,45,45,29.0,29,29,16.0,16,16,16.0,16,16,16.0,16,16,0.0,0,0,0.0,0,0,0.0,0,0,0.0,0,0,0.0,0,0
poorly_conditioned,all_station_gap,causal_prefix_batch,True,9.5,2,2,0,1.0,0.34238022750665303,1.0,2,1.0,0.34238022750665303,1.0,{},0.847753254460647,1.0626531082168094,0.10798025800432046,0.13370328895073166,2,2,1.0,0.34238022750665303,1.0,1.0,0.34238022750665303,1.0,2,linear,whole_base_sequence,7.282253143539225,9.817168685065846,6,0,0,nan,nan,nan,2,True,0.12557000000379048,0.0,0.0,0.0004583031305297593,421.2691243704857,424.469123354971,9.432187238904602,True,True,True,45.0,45,45,29.0,29,29,16.0,16,16,17.5,17,18,17.5,17,18,0.0,0,0,0.0,0,0,0.0,0,0,0.0,0,0,0.0,0,0
poorly_conditioned,all_station_gap,initial_batch_no_updates,True,0.0,2,0,2,0.0,0.0,0.6576197724933469,0,0.0,0.0,0.6576197724933469,"{""not_initialized"": 2}",nan,nan,nan,nan,0,2,nan,nan,nan,0.0,0.0,0.6576197724933469,0,linear,whole_base_sequence,nan,nan,6,0,0,nan,nan,nan,2,True,2.0500156097114086e-06,0.0,nan,nan,nan,nan,nan,True,True,True,45.0,45,45,29.0,29,29,16.0,16,16,0.0,0,0,0.0,0,0,0.0,0,0,0.0,0,0,0.0,0,0,0.0,0,0,0.0,0,0
poorly_conditioned,all_station_gap,initial_batch_no_updates,True,0.5,2,0,2,0.0,0.0,0.6576197724933469,0,0.0,0.0,0.6576197724933469,"{""not_initialized"": 2}",nan,nan,nan,nan,0,2,nan,nan,nan,0.0,0.0,0.6576197724933469,0,linear,whole_base_sequence,nan,nan,6,0,0,nan,nan,nan,2,True,1.6999983927235007e-06,0.0,nan,nan,nan,nan,nan,True,True,True,45.0,45,45,29.0,29,29,16.0,16,16,0.0,0,0,0.0,0,0,0.0,0,0,0.0,0,0,0.0,0,0,0.0,0,0,0.0,0,0
poorly_conditioned,all_station_gap,initial_batch_no_updates,True,1.0,2,0,2,0.0,0.0,0.6576197724933469,0,0.0,0.0,0.6576197724933469,"{""not_initialized"": 2}",nan,nan,nan,nan,0,2,nan,nan,nan,0.0,0.0,0.6576197724933469,0,linear,whole_base_sequence,nan,nan,6,0,0,nan,nan,nan,2,True,1.8500140868127346e-06,0.0,nan,nan,nan,nan,0.876206866256791,True,True,True,45.0,45,45,29.0,29,29,16.0,16,16,1.5,1,2,0.0,0,0,0.0,0,0,0.0,0,0,0.0,0,0,0.0,0,0,1.5,1,2
poorly_conditioned,all_station_gap,initial_batch_no_updates,True,1.5,2,0,2,0.0,0.0,0.6576197724933469,0,0.0,0.0,0.6576197724933469,"{""not_initialized"": 2}",nan,nan,nan,nan,0,2,nan,nan,nan,0.0,0.0,0.6576197724933469,0,linear,whole_base_sequence,nan,nan,6,0,0,nan,nan,nan,2,True,3.4999975468963385e-06,0.0,nan,nan,nan,nan,1.273375333468253,True,True,True,45.0,45,45,29.0,29,29,16.0,16,16,3.0,3,3,0.0,0,0,0.0,0,0,0.0,0,0,0.0,0,0,0.0,0,0,3.0,3,3
poorly_conditioned,all_station_gap,initial_batch_no_updates,True,10.0,2,2,0,1.0,0.34238022750665303,1.0,2,1.0,0.34238022750665303,1.0,{},6.50701462560836,7.979106613952275,0.7217558945854978,0.8814584465528613,2,2,1.0,0.34238022750665303,1.0,1.0,0.34238022750665303,1.0,2,linear,whole_base_sequence,2.205379621033774,2.29557257836352,6,0,0,nan,nan,nan,2,True,0.00011229999654460698,0.0,0.0,0.0005810331826488572,148921.27064621437,151830.19654604563,9.800091873010803,True,True,True,45.0,45,45,29.0,29,29,16.0,16,16,19.0,19,19,6.0,6,6,6.0,6,6,0.0,0,0,0.0,0,0,0.0,0,0,13.0,13,13
poorly_conditioned,all_station_gap,initial_batch_no_updates,True,10.5,2,2,0,1.0,0.34238022750665303,1.0,2,1.0,0.34238022750665303,1.0,{},6.86733008814311,8.419505761283297,0.7217558945854978,0.8814584465528613,2,2,1.0,0.34238022750665303,1.0,1.0,0.34238022750665303,1.0,2,linear,whole_base_sequence,2.2053796210339,2.2955725783634544,6,0,0,nan,nan,nan,2,True,8.969998452812433e-05,0.0,0.0,0.0005224962266551625,183874.78139693884,187492.78431120442,10.447193474048678,True,True,True,45.0,45,45,29.0,29,29,16.0,16,16,21.0,20,22,6.0,6,6,6.0,6,6,0.0,0,0,0.0,0,0,0.0,0,0,15.0,14,16
poorly_conditioned,all_station_gap,initial_batch_no_updates,True,11.0,2,2,0,1.0,0.34238022750665303,1.0,2,1.0,0.34238022750665303,1.0,{},7.227701676662822,8.859937820715647,0.7217558945854978,0.8814584465528613,2,2,1.0,0.34238022750665303,1.0,1.0,0.34238022750665303,1.0,2,linear,whole_base_sequence,2.2053796210337535,2.2955725783634224,6,0,0,nan,nan,nan,2,True,0.00014284999633673579,0.0,0.0,0.0004723488455647711,224676.1253832456,229126.01647949102,10.890077549911041,True,True,True,45.0,45,45,29.0,29,29,16.0,16,16,23.0,23,23,6.0,6,6,6.0,6,6,0.0,0,0,0.0,0,0,0.0,0,0,17.0,17,17
poorly_conditioned,all_station_gap,initial_batch_no_updates,True,11.5,2,2,0,1.0,0.34238022750665303,1.0,2,1.0,0.34238022750665303,1.0,{},7.588121394642958,9.300398105769125,0.7217558945854978,0.8814584465528613,2,2,1.0,0.34238022750665303,1.0,1.0,0.34238022750665303,1.0,2,linear,whole_base_sequence,2.205379621033858,2.2955725783635157,6,0,0,nan,nan,nan,2,True,0.00012700000661425292,0.0,0.0,0.000429066310705003,271946.5254396718,277364.5846841143,11.488009157249133,True,True,True,45.0,45,45,29.0,29,29,16.0,16,16,25.5,25,26,6.0,6,6,6.0,6,6,0.0,0,0,0.0,0,0,0.0,0,0,19.5,19,20
poorly_conditioned,all_station_gap,initial_batch_no_updates,True,12.0,2,2,0,1.0,0.34238022750665303,1.0,2,1.0,0.34238022750665303,1.0,{},7.948582694954241,9.740882779025283,0.7217558945854978,0.8814584465528613,2,2,1.0,0.34238022750665303,1.0,1.0,0.34238022750665303,1.0,2,linear,whole_base_sequence,2.2053796210336545,2.2955725783632532,6,0,0,nan,nan,nan,2,True,0.0001476500037824735,0.0,0.0,0.00039145414580479826,326338.6962988605,332875.3756445754,11.656786049906215,True,True,True,45.0,45,45,29.0,29,29,16.0,16,16,26.0,26,26,6.0,6,6,6.0,6,6,0.0,0,0,0.0,0,0,0.0,0,0,20.0,20,20
poorly_conditioned,all_station_gap,initial_batch_no_updates,True,12.5,2,2,0,1.0,0.34238022750665303,1.0,2,1.0,0.34238022750665303,1.0,{},8.309080165872652,10.181388668254252,0.7217558945854978,0.8814584465528613,2,2,1.0,0.34238022750665303,1.0,1.0,0.34238022750665303,1.0,2,linear,whole_base_sequence,2.205379621033829,2.2955725783633754,6,0,0,nan,nan,nan,2,True,0.0001381000183755532,0.0,0.0,0.0003585661013308167,388536.8445798643,396357.4711490804,12.42245445418702,True,True,True,45.0,45,45,29.0,29,29,16.0,16,16,29.0,29,29,6.0,6,6,6.0,6,6,0.0,0,0,0.0,0,0,0.0,0,0,23.0,23,23
poorly_conditioned,all_station_gap,initial_batch_no_updates,True,14.5,2,2,0,1.0,0.34238022750665303,1.0,2,1.0,0.34238022750665303,1.0,{},9.751351518493845,11.943577345039502,0.7217558945854978,0.8814584465528613,2,2,1.0,0.34238022750665303,1.0,1.0,0.34238022750665303,1.0,2,linear,whole_base_sequence,2.2053796210335577,2.2955725783634118,6,0,0,nan,nan,nan,2,True,0.00012940001033712178,0.0,0.0,0.00026110685092815253,730175.56068316,745107.3627169493,12.42245445418702,True,True,True,45.0,45,45,29.0,29,29,16.0,16,16,29.0,29,29,6.0,6,6,6.0,6,6,0.0,0,0,0.0,0,0,0.0,0,0,23.0,23,23
poorly_conditioned,all_station_gap,initial_batch_no_updates,True,2.0,2,0,2,0.0,0.0,0.6576197724933469,0,0.0,0.0,0.6576197724933469,"{""not_initialized"": 2}",nan,nan,nan,nan,0,2,nan,nan,nan,0.0,0.0,0.6576197724933469,0,linear,whole_base_sequence,nan,nan,6,0,0,nan,nan,nan,2,True,3.0500086722895503e-06,0.0,nan,nan,nan,nan,1.789013239817778,True,True,True,45.0,45,45,29.0,29,29,16.0,16,16,5.0,5,5,0.0,0,0,0.0,0,0,0.0,0,0,0.0,0,0,0.0,0,0,5.0,5,5
poorly_conditioned,all_station_gap,initial_batch_no_updates,True,2.5,2,2,0,1.0,0.34238022750665303,1.0,2,1.0,0.34238022750665303,1.0,{},1.1455939924326612,1.3984919729073175,0.7217558945854978,0.8814584465528613,2,2,1.0,0.34238022750665303,1.0,1.0,0.34238022750665303,1.0,2,linear,whole_base_sequence,2.205379621033808,2.295572578363561,6,0,0,nan,nan,nan,2,True,0.0001305499899899587,0.0,0.0,0.013752674450740122,292.17715455123965,295.28327851837014,2.4132316630875192,True,True,True,45.0,45,45,29.0,29,29,16.0,16,16,6.5,6,7,6.0,6,6,6.0,6,6,0.0,0,0,0.0,0,0,0.0,0,0,0.5,0,1
poorly_conditioned,all_station_gap,initial_batch_no_updates,True,3.0,2,2,0,1.0,0.34238022750665303,1.0,2,1.0,0.34238022750665303,1.0,{},1.4914362245384438,1.8304110095776005,0.7217558945854978,0.8814584465528613,2,2,1.0,0.34238022750665303,1.0,1.0,0.34238022750665303,1.0,2,linear,whole_base_sequence,2.2053796210338037,2.2955725783635637,6,0,0,nan,nan,nan,2,True,0.00011019999510608613,0.0,0.0,0.009068866762465792,660.4798509982586,668.5793385618665,2.8451971048492903,True,True,True,45.0,45,45,29.0,29,29,16.0,16,16,9.0,9,9,6.0,6,6,6.0,6,6,0.0,0,0,0.0,0,0,0.0,0,0,3.0,3,3
poorly_conditioned,all_station_gap,initial_batch_no_updates,True,3.5,2,2,0,1.0,0.34238022750665303,1.0,2,1.0,0.34238022750665303,1.0,{},1.843052960149991,2.265715734197049,0.7217558945854978,0.8814584465528613,2,2,1.0,0.34238022750665303,1.0,1.0,0.34238022750665303,1.0,2,linear,whole_base_sequence,2.205379621033787,2.29557257836353,6,0,0,nan,nan,nan,2,True,0.00011559999256860465,0.0,0.0,0.006326977255031778,1337.2816697981007,1355.5364676722759,2.8451971048492903,True,True,True,45.0,45,45,29.0,29,29,16.0,16,16,9.0,9,9,6.0,6,6,6.0,6,6,0.0,0,0,0.0,0,0,0.0,0,0,3.0,3,3
poorly_conditioned,all_station_gap,initial_batch_no_updates,True,4.0,2,2,0,1.0,0.34238022750665303,1.0,2,1.0,0.34238022750665303,1.0,{},2.19767427105434,2.702780093282616,0.7217558945854978,0.8814584465528613,2,2,1.0,0.34238022750665303,1.0,1.0,0.34238022750665303,1.0,2,linear,whole_base_sequence,2.205379621033806,2.295572578363588,6,0,0,nan,nan,nan,2,True,0.0001365999924018979,0.0,0.0,0.004626695767087807,2471.4374939731388,2507.9308338048854,2.8451971048492903,True,True,True,45.0,45,45,29.0,29,29,16.0,16,16,9.0,9,9,6.0,6,6,6.0,6,6,0.0,0,0,0.0,0,0,0.0,0,0,3.0,3,3
poorly_conditioned,all_station_gap,initial_batch_no_updates,True,4.5,2,2,0,1.0,0.34238022750665303,1.0,2,1.0,0.34238022750665303,1.0,{},2.5540489374863786,3.140871066285881,0.7217558945854978,0.8814584465528613,2,2,1.0,0.34238022750665303,1.0,1.0,0.34238022750665303,1.0,2,linear,whole_base_sequence,2.2053796210337975,2.2955725783635694,6,0,0,nan,nan,nan,2,True,0.00011629999789875001,0.0,0.0,0.003514305318611853,4243.287831943845,4309.727175706821,2.8451971048492903,True,True,True,45.0,45,45,29.0,29,29,16.0,16,16,9.0,9,9,6.0,6,6,6.0,6,6,0.0,0,0,0.0,0,0,0.0,0,0,3.0,3,3
poorly_conditioned,all_station_gap,initial_batch_no_updates,True,5.0,2,2,0,1.0,0.34238022750665303,1.0,2,1.0,0.34238022750665303,1.0,{},2.9115331930412216,3.5796117226241955,0.7217558945854978,0.8814584465528613,2,2,1.0,0.34238022750665303,1.0,1.0,0.34238022750665303,1.0,2,linear,whole_base_sequence,2.2053796210337855,2.295572578363555,6,0,0,nan,nan,nan,2,True,0.00011159999121446162,0.0,0.0,0.0027524440424637046,6864.662768470129,6977.082906004949,2.8451971048492903,True,True,True,45.0,45,45,29.0,29,29,16.0,16,16,9.0,9,9,6.0,6,6,6.0,6,6,0.0,0,0,0.0,0,0,0.0,0,0,3.0,3,3
poorly_conditioned,all_station_gap,initial_batch_no_updates,True,5.5,2,2,0,1.0,0.34238022750665303,1.0,2,1.0,0.34238022750665303,1.0,{},3.2697631227614607,4.018789024407561,0.7217558945854978,0.8814584465528613,2,2,1.0,0.34238022750665303,1.0,1.0,0.34238022750665303,1.0,2,linear,whole_base_sequence,2.2053796210338357,2.2955725783636343,6,0,0,nan,nan,nan,2,True,0.00011879998783115298,0.0,0.0,0.0022102715689149995,10578.88333752266,10758.349543269396,2.8451971048492903,True,True,True,45.0,45,45,29.0,29,29,16.0,16,16,9.0,9,9,6.0,6,6,6.0,6,6,0.0,0,0,0.0,0,0,0.0,0,0,3.0,3,3
poorly_conditioned,all_station_gap,initial_batch_no_updates,True,6.0,2,2,0,1.0,0.34238022750665303,1.0,2,1.0,0.34238022750665303,1.0,{},3.6285178805464313,4.458273690171609,0.7217558945854978,0.8814584465528613,2,2,1.0,0.34238022750665303,1.0,1.0,0.34238022750665303,1.0,2,linear,whole_base_sequence,2.205379621033814,2.295572578363597,6,0,0,nan,nan,nan,2,True,0.00010575000487733632,0.0,0.0,0.0018118712020993482,15660.762043093018,15934.07325556959,2.8451971048492903,True,True,True,45.0,45,45,29.0,29,29,16.0,16,16,9.0,9,9,6.0,6,6,6.0,6,6,0.0,0,0,0.0,0,0,0.0,0,0,3.0,3,3
poorly_conditioned,all_station_gap,initial_batch_no_updates,True,6.5,2,2,0,1.0,0.34238022750665303,1.0,2,1.0,0.34238022750665303,1.0,{},3.987655818347926,4.89798279640598,0.7217558945854978,0.8814584465528613,2,2,1.0,0.34238022750665303,1.0,1.0,0.34238022750665303,1.0,2,linear,whole_base_sequence,2.2053796210337655,2.2955725783635286,6,0,0,nan,nan,nan,2,True,0.00014019999071024358,0.0,0.0,0.0015111119106415965,22416.603076047057,22816.995086256546,2.8451971048492903,True,True,True,45.0,45,45,29.0,29,29,16.0,16,16,9.0,9,9,6.0,6,6,6.0,6,6,0.0,0,0,0.0,0,0,0.0,0,0,3.0,3,3
poorly_conditioned,all_station_gap,initial_batch_no_updates,True,7.0,2,2,0,1.0,0.34238022750665303,1.0,2,1.0,0.34238022750665303,1.0,{},4.34708196695754,5.337860741581929,0.7217558945854978,0.8814584465528613,2,2,1.0,0.34238022750665303,1.0,1.0,0.34238022750665303,1.0,2,linear,whole_base_sequence,2.2053796210338286,2.295572578363564,6,0,0,nan,nan,nan,2,True,0.00010070001007989049,0.0,0.0,0.0012788027426603183,31184.202412021266,31752.051055423446,2.8451971048492903,True,True,True,45.0,45,45,29.0,29,29,16.0,16,16,9.0,9,9,6.0,6,6,6.0,6,6,0.0,0,0,0.0,0,0,0.0,0,0,3.0,3,3
poorly_conditioned,all_station_gap,initial_batch_no_updates,True,7.5,2,2,0,1.0,0.34238022750665303,1.0,2,1.0,0.34238022750665303,1.0,{},4.706730299791479,5.7778688651222625,0.7217558945854978,0.8814584465528613,2,2,1.0,0.34238022750665303,1.0,1.0,0.34238022750665303,1.0,2,linear,whole_base_sequence,2.205379621033865,2.29557257836362,6,0,0,nan,nan,nan,2,True,8.765001257415861e-05,0.0,0.0,0.0010958084919599645,42332.84785906197,43116.372209257795,7.425735637315307,True,True,True,45.0,45,45,29.0,29,29,16.0,16,16,10.5,10,11,6.0,6,6,6.0,6,6,0.0,0,0,0.0,0,0,0.0,0,0,4.5,4,5
poorly_conditioned,all_station_gap,initial_batch_no_updates,True,8.0,2,2,0,1.0,0.34238022750665303,1.0,2,1.0,0.34238022750665303,1.0,{},5.066553501956481,6.217979459520732,0.7217558945854978,0.8814584465528613,2,2,1.0,0.34238022750665303,1.0,1.0,0.34238022750665303,1.0,2,linear,whole_base_sequence,2.2053796210338956,2.29557257836367,6,0,0,nan,nan,nan,2,True,8.405001426581293e-05,0.0,0.0,0.0009491937991402246,56263.31908243878,57319.284644899875,7.908114069620163,True,True,True,45.0,45,45,29.0,29,29,16.0,16,16,12.0,12,12,6.0,6,6,6.0,6,6,0.0,0,0,0.0,0,0,0.0,0,0,6.0,6,6
poorly_conditioned,all_station_gap,initial_batch_no_updates,True,8.5,2,2,0,1.0,0.34238022750665303,1.0,2,1.0,0.34238022750665303,1.0,{},5.4265167876902645,6.658172151867613,0.7217558945854978,0.8814584465528613,2,2,1.0,0.34238022750665303,1.0,1.0,0.34238022750665303,1.0,2,linear,whole_base_sequence,2.2053796210338303,2.2955725783635605,6,0,0,nan,nan,nan,2,True,8.764999802224338e-05,0.0,0.0,0.000829975849420503,73407.88761760682,74802.30952301386,8.452543436121086,True,True,True,45.0,45,45,29.0,29,29,16.0,16,16,14.0,14,14,6.0,6,6,6.0,6,6,0.0,0,0,0.0,0,0,0.0,0,0,8.0,8,8
poorly_conditioned,all_station_gap,initial_batch_no_updates,True,9.0,2,2,0,1.0,0.34238022750665303,1.0,2,1.0,0.34238022750665303,1.0,{},5.786594014760787,7.098431629650537,0.7217558945854978,0.8814584465528613,2,2,1.0,0.34238022750665303,1.0,1.0,0.34238022750665303,1.0,2,linear,whole_base_sequence,2.2053796210337984,2.2955725783635654,6,0,0,nan,nan,nan,2,True,0.00011675000132527202,0.0,0.0,0.000731767229691697,94230.31687818709,96039.16307948006,8.970861479749196,True,True,True,45.0,45,45,29.0,29,29,16.0,16,16,16.0,16,16,6.0,6,6,6.0,6,6,0.0,0,0,0.0,0,0,0.0,0,0,10.0,10,10
poorly_conditioned,all_station_gap,initial_batch_no_updates,True,9.5,2,2,0,1.0,0.34238022750665303,1.0,2,1.0,0.34238022750665303,1.0,{},6.146765159165513,7.53874616264765,0.7217558945854978,0.8814584465528613,2,2,1.0,0.34238022750665303,1.0,1.0,0.34238022750665303,1.0,2,linear,whole_base_sequence,2.205379621033762,2.29557257836354,6,0,0,nan,nan,nan,2,True,0.00011549999180715531,0.0,0.0,0.0006499299820769611,119225.86216071731,121535.7566256933,9.432187238904602,True,True,True,45.0,45,45,29.0,29,29,16.0,16,16,17.5,17,18,6.0,6,6,6.0,6,6,0.0,0,0,0.0,0,0,0.0,0,0,11.5,11,12
poorly_conditioned,all_station_gap,offline_full_record_noncausal,False,14.5,2,2,0,1.0,0.34238022750665303,1.0,2,1.0,0.34238022750665303,1.0,{},0.7207266159884015,0.8506036079015686,0.06198399387479647,0.07414527086579006,2,2,1.0,0.34238022750665303,1.0,1.0,0.34238022750665303,1.0,2,linear,whole_base_sequence,7.142882854447489,8.506107507998056,6,0,0,nan,nan,nan,2,True,0.20891489999485202,0.0,0.0,0.00014999781327304,1238.5967486555755,1285.154229409611,12.42245445418702,True,True,True,45.0,45,45,29.0,29,29,16.0,16,16,29.0,29,29,29.0,29,29,0.0,0,0,0.0,0,0,0.0,0,0,0.0,0,0,0.0,0,0
poorly_conditioned,all_station_gap,retarded_ekf,True,0.0,2,0,2,0.0,0.0,0.6576197724933469,0,0.0,0.0,0.6576197724933469,"{""not_initialized"": 2}",nan,nan,nan,nan,0,2,nan,nan,nan,0.0,0.0,0.6576197724933469,0,linear,whole_base_sequence,nan,nan,6,0,0,nan,nan,nan,2,True,2.095001400448382e-05,0.0,nan,nan,nan,nan,nan,True,True,True,45.0,45,45,29.0,29,29,16.0,16,16,0.0,0,0,0.0,0,0,0.0,0,0,0.0,0,0,0.0,0,0,0.0,0,0,0.0,0,0
poorly_conditioned,all_station_gap,retarded_ekf,True,0.5,2,0,2,0.0,0.0,0.6576197724933469,0,0.0,0.0,0.6576197724933469,"{""not_initialized"": 2}",nan,nan,nan,nan,0,2,nan,nan,nan,0.0,0.0,0.6576197724933469,0,linear,whole_base_sequence,nan,nan,6,0,0,nan,nan,nan,2,True,1.200000406242907e-05,0.0,nan,nan,nan,nan,nan,True,True,True,45.0,45,45,29.0,29,29,16.0,16,16,0.0,0,0,0.0,0,0,0.0,0,0,0.0,0,0,0.0,0,0,0.0,0,0,0.0,0,0
poorly_conditioned,all_station_gap,retarded_ekf,True,1.0,2,0,2,0.0,0.0,0.6576197724933469,0,0.0,0.0,0.6576197724933469,"{""not_initialized"": 2}",nan,nan,nan,nan,0,2,nan,nan,nan,0.0,0.0,0.6576197724933469,0,linear,whole_base_sequence,nan,nan,6,0,0,nan,nan,nan,2,True,0.00013930001296103,0.0,nan,nan,nan,nan,0.876206866256791,True,True,True,45.0,45,45,29.0,29,29,16.0,16,16,1.5,1,2,0.0,0,0,0.0,0,0,0.0,0,0,0.0,0,0,0.0,0,0,1.5,1,2
poorly_conditioned,all_station_gap,retarded_ekf,True,1.5,2,0,2,0.0,0.0,0.6576197724933469,0,0.0,0.0,0.6576197724933469,"{""not_initialized"": 2}",nan,nan,nan,nan,0,2,nan,nan,nan,0.0,0.0,0.6576197724933469,0,linear,whole_base_sequence,nan,nan,6,0,0,nan,nan,nan,2,True,0.00016245000006165355,0.0,nan,nan,nan,nan,1.273375333468253,True,True,True,45.0,45,45,29.0,29,29,16.0,16,16,3.0,3,3,0.0,0,0,0.0,0,0,0.0,0,0,0.0,0,0,0.0,0,0,3.0,3,3
poorly_conditioned,all_station_gap,retarded_ekf,True,10.0,2,2,0,1.0,0.34238022750665303,1.0,2,1.0,0.34238022750665303,1.0,{},0.7637286526079731,0.9516234533870107,0.09219644131675118,0.10912284613964945,2,2,1.0,0.34238022750665303,1.0,1.0,0.34238022750665303,1.0,2,linear,whole_base_sequence,6.138194731210769,8.224520611396377,6,3,0,1.0880501038922896,1.7575572037312093,1.0,2,True,0.0020520999969448894,0.0009057499846676365,0.0,0.00040217964926258484,483.41601275933147,512.961143504781,9.800091873010803,True,True,True,45.0,45,45,29.0,29,29,16.0,16,16,19.0,19,19,19.0,19,19,6.0,6,6,13.0,13,13,0.0,0,0,0.0,0,0,0.0,0,0
poorly_conditioned,all_station_gap,retarded_ekf,True,10.5,2,2,0,1.0,0.34238022750665303,1.0,2,1.0,0.34238022750665303,1.0,{},0.721070023845416,0.7970379862169608,0.09048567398506133,0.10166337378673712,2,2,1.0,0.34238022750665303,1.0,1.0,0.34238022750665303,1.0,2,linear,whole_base_sequence,7.109877089425052,7.1201387047302305,6,4,0,1.995499161443524,4.334726224304343,1.0,2,True,0.003493350013741292,0.001493599993409589,0.0,0.00035524716404703897,448.4862431389396,461.0070986969791,10.447193474048678,True,True,True,45.0,45,45,29.0,29,29,16.0,16,16,21.0,20,22,21.0,20,22,6.0,6,6,15.0,14,16,0.0,0,0,0.0,0,0,0.0,0,0
poorly_conditioned,all_station_gap,retarded_ekf,True,11.0,2,2,0,1.0,0.34238022750665303,1.0,2,1.0,0.34238022750665303,1.0,{},0.6285616377770674,0.6721731457941293,0.07349137037414849,0.07933928970793928,2,2,1.0,0.34238022750665303,1.0,1.0,0.34238022750665303,1.0,2,linear,whole_base_sequence,6.795642309645913,7.202282641333491,6,4,0,0.6907547327908774,1.2920619817742653,1.0,2,True,0.002233400009572506,0.0009434999956283718,0.0,0.00031526246054518507,445.47312337285143,468.44610733372554,10.890077549911041,True,True,True,45.0,45,45,29.0,29,29,16.0,16,16,23.0,23,23,23.0,23,23,6.0,6,6,17.0,17,17,0.0,0,0,0.0,0,0,0.0,0,0
poorly_conditioned,all_station_gap,retarded_ekf,True,11.5,2,2,0,1.0,0.34238022750665303,1.0,2,1.0,0.34238022750665303,1.0,{},0.7170919153764462,0.7172075332321592,0.08316639898194308,0.0878401425158673,2,2,1.0,0.34238022750665303,1.0,1.0,0.34238022750665303,1.0,2,linear,whole_base_sequence,6.9783235743866445,7.112631005385514,6,5,0,2.5200123905054364,3.3305648130840475,1.0,2,True,0.005201849999139085,0.002064000000245869,0.0,0.0002809066195199359,454.1269769430978,457.50004785944117,11.488009157249133,True,True,True,45.0,45,45,29.0,29,29,16.0,16,16,25.5,25,26,25.5,25,26,6.0,6,6,19.5,19,20,0.0,0,0,0.0,0,0,0.0,0,0
poorly_conditioned,all_station_gap,retarded_ekf,True,12.0,2,2,0,1.0,0.34238022750665303,1.0,2,1.0,0.34238022750665303,1.0,{},0.7329634378716238,0.7516880721725968,0.07950245083576662,0.08116844660289887,2,2,1.0,0.34238022750665303,1.0,1.0,0.34238022750665303,1.0,2,linear,whole_base_sequence,7.067760900521787,7.282561925042189,6,1,0,1.1918326333245675,1.1918326333245675,1.0,2,True,0.0009295999916503206,0.0003250500012654811,0.0,0.00025121933811065537,541.7597640952192,567.4482403169832,11.656786049906215,True,True,True,45.0,45,45,29.0,29,29,16.0,16,16,26.0,26,26,26.0,26,26,6.0,6,6,20.0,20,20,0.0,0,0,0.0,0,0,0.0,0,0
poorly_conditioned,all_station_gap,retarded_ekf,True,12.5,2,2,0,1.0,0.34238022750665303,1.0,2,1.0,0.34238022750665303,1.0,{},0.6020753225482828,0.7126244749028178,0.06207180498220864,0.07435275066496937,2,2,1.0,0.34238022750665303,1.0,1.0,0.34238022750665303,1.0,2,linear,whole_base_sequence,7.00995667201124,8.4356372721779,6,6,0,2.0463841135982777,3.990201008913423,1.0,2,True,0.006517150017316453,0.002415549970464781,0.0,0.00022529944066871597,541.4239207728413,566.907432226413,12.42245445418702,True,True,True,45.0,45,45,29.0,29,29,16.0,16,16,29.0,29,29,29.0,29,29,6.0,6,6,23.0,23,23,0.0,0,0,0.0,0,0,0.0,0,0
poorly_conditioned,all_station_gap,retarded_ekf,True,14.5,2,2,0,1.0,0.34238022750665303,1.0,2,1.0,0.34238022750665303,1.0,{},0.7163790152923819,0.851857397390575,0.06207180498220864,0.07435275066496937,2,2,1.0,0.34238022750665303,1.0,1.0,0.34238022750665303,1.0,2,linear,whole_base_sequence,7.0099566720109365,8.435637272177228,6,0,0,nan,nan,nan,2,True,0.00017494999337941408,0.0,0.0,0.0001491023755698403,1251.2661654668195,1309.4549460385285,12.42245445418702,True,True,True,45.0,45,45,29.0,29,29,16.0,16,16,29.0,29,29,29.0,29,29,6.0,6,6,23.0,23,23,0.0,0,0,0.0,0,0,0.0,0,0
poorly_conditioned,all_station_gap,retarded_ekf,True,2.0,2,0,2,0.0,0.0,0.6576197724933469,0,0.0,0.0,0.6576197724933469,"{""not_initialized"": 2}",nan,nan,nan,nan,0,2,nan,nan,nan,0.0,0.0,0.6576197724933469,0,linear,whole_base_sequence,nan,nan,6,0,0,nan,nan,nan,2,True,0.000493799991090782,0.0,nan,nan,nan,nan,1.789013239817778,True,True,True,45.0,45,45,29.0,29,29,16.0,16,16,5.0,5,5,0.0,0,0,0.0,0,0,0.0,0,0,0.0,0,0,0.0,0,0,5.0,5,5
poorly_conditioned,all_station_gap,retarded_ekf,True,2.5,2,2,0,1.0,0.34238022750665303,1.0,2,1.0,0.34238022750665303,1.0,{},1.1771841211696448,1.403061110873085,0.7904769356465589,0.8906098116072215,2,2,1.0,0.34238022750665303,1.0,1.0,0.34238022750665303,1.0,2,linear,whole_base_sequence,2.3907159742865716,2.647711649543811,6,1,0,0.2591935979630717,0.2591935979630717,1.0,2,True,0.047264600012567826,0.0002343500091228634,0.0,0.013661263869445463,214.29384550505455,289.07103058410917,2.4132316630875192,True,True,True,45.0,45,45,29.0,29,29,16.0,16,16,6.5,6,7,6.5,6,7,6.0,6,6,0.5,0,1,0.0,0,0,0.0,0,0,0.0,0,0
poorly_conditioned,all_station_gap,retarded_ekf,True,3.0,2,2,0,1.0,0.34238022750665303,1.0,2,1.0,0.34238022750665303,1.0,{},1.116950621570319,1.4328530915622208,0.6355357076550044,0.8071677320509972,2,2,1.0,0.34238022750665303,1.0,1.0,0.34238022750665303,1.0,2,linear,whole_base_sequence,3.7140450765883237,4.949716169088571,6,5,0,1.4834166977978767,3.117744668440048,1.0,2,True,0.0031508499960182235,0.0018583000055514276,0.0,0.007952788412079553,151.51033124713354,154.87936380875183,2.8451971048492903,True,True,True,45.0,45,45,29.0,29,29,16.0,16,16,9.0,9,9,9.0,9,9,6.0,6,6,3.0,3,3,0.0,0,0,0.0,0,0,0.0,0,0
poorly_conditioned,all_station_gap,retarded_ekf,True,3.5,2,2,0,1.0,0.34238022750665303,1.0,2,1.0,0.34238022750665303,1.0,{},1.4283724323239229,1.832448773748237,0.6355357076550044,0.8071677320509972,2,2,1.0,0.34238022750665303,1.0,1.0,0.34238022750665303,1.0,2,linear,whole_base_sequence,3.714045076588306,4.949716169088569,6,0,0,nan,nan,nan,2,True,0.00012304999108891934,0.0,0.0,0.005374444649135684,326.3690294591581,333.8557609702879,2.8451971048492903,True,True,True,45.0,45,45,29.0,29,29,16.0,16,16,9.0,9,9,9.0,9,9,6.0,6,6,3.0,3,3,0.0,0,0,0.0,0,0,0.0,0,0
poorly_conditioned,all_station_gap,retarded_ekf,True,4.0,2,2,0,1.0,0.34238022750665303,1.0,2,1.0,0.34238022750665303,1.0,{},1.7420877525750194,2.233490253090968,0.6355357076550044,0.8071677320509972,2,2,1.0,0.34238022750665303,1.0,1.0,0.34238022750665303,1.0,2,linear,whole_base_sequence,3.7140450765883246,4.949716169088595,6,0,0,nan,nan,nan,2,True,0.00012959999730810523,0.0,0.0,0.0038219966330648248,636.5876046895437,651.5438919927785,2.8451971048492903,True,True,True,45.0,45,45,29.0,29,29,16.0,16,16,9.0,9,9,9.0,9,9,6.0,6,6,3.0,3,3,0.0,0,0,0.0,0,0,0.0,0,0
poorly_conditioned,all_station_gap,retarded_ekf,True,4.5,2,2,0,1.0,0.34238022750665303,1.0,2,1.0,0.34238022750665303,1.0,{},2.0570475171402953,2.635315158976096,0.6355357076550044,0.8071677320509972,2,2,1.0,0.34238022750665303,1.0,1.0,0.34238022750665303,1.0,2,linear,whole_base_sequence,3.7140450765882265,4.949716169088444,6,0,0,nan,nan,nan,2,True,0.0001591500040376559,0.0,0.0,0.002835486286772055,1143.828427721639,1171.193039309592,2.8451971048492903,True,True,True,45.0,45,45,29.0,29,29,16.0,16,16,9.0,9,9,9.0,9,9,6.0,6,6,3.0,3,3,0.0,0,0,0.0,0,0,0.0,0,0
poorly_conditioned,all_station_gap,retarded_ekf,True,5.0,2,2,0,1.0,0.34238022750665303,1.0,2,1.0,0.34238022750665303,1.0,{},2.372756214980069,3.0376107640194405,0.6355357076550044,0.8071677320509972,2,2,1.0,0.34238022750665303,1.0,1.0,0.34238022750665303,1.0,2,linear,whole_base_sequence,3.714045076588285,4.949716169088468,6,0,0,nan,nan,nan,2,True,0.00012669998977798969,0.0,0.0,0.0021774270406918904,1922.2789458435989,1968.90967172052,2.8451971048492903,True,True,True,45.0,45,45,29.0,29,29,16.0,16,16,9.0,9,9,9.0,9,9,6.0,6,6,3.0,3,3,0.0,0,0,0.0,0,0,0.0,0,0
poorly_conditioned,all_station_gap,retarded_ekf,True,5.5,2,2,0,1.0,0.34238022750665303,1.0,2,1.0,0.34238022750665303,1.0,{},2.6889500630417555,3.4402108285596023,0.6355357076550044,0.8071677320509972,2,2,1.0,0.34238022750665303,1.0,1.0,0.34238022750665303,1.0,2,linear,whole_base_sequence,3.714045076588219,4.949716169088497,6,0,0,nan,nan,nan,2,True,0.0001218999968841672,0.0,0.0,0.0017198328478624494,3058.658668913677,3133.6645724760947,2.8451971048492903,True,True,True,45.0,45,45,29.0,29,29,16.0,16,16,9.0,9,9,9.0,9,9,6.0,6,6,3.0,3,3,0.0,0,0,0.0,0,0,0.0,0,0
poorly_conditioned,all_station_gap,retarded_ekf,True,6.0,2,2,0,1.0,0.34238022750665303,1.0,2,1.0,0.34238022750665303,1.0,{},3.005475943206049,3.843019003713756,0.6355357076550044,0.8071677320509972,2,2,1.0,0.34238022750665303,1.0,1.0,0.34238022750665303,1.0,2,linear,whole_base_sequence,3.7140450765882838,4.949716169088488,6,0,0,nan,nan,nan,2,True,0.00012680000509135425,0.0,0.0,0.0013902655104523272,4652.221539020492,4767.2952627921095,2.8451971048492903,True,True,True,45.0,45,45,29.0,29,29,16.0,16,16,9.0,9,9,9.0,9,9,6.0,6,6,3.0,3,3,0.0,0,0,0.0,0,0,0.0,0,0
poorly_conditioned,all_station_gap,retarded_ekf,True,6.5,2,2,0,1.0,0.34238022750665303,1.0,2,1.0,0.34238022750665303,1.0,{},3.3222389538834456,4.245975656007117,0.6355357076550044,0.8071677320509972,2,2,1.0,0.34238022750665303,1.0,1.0,0.34238022750665303,1.0,2,linear,whole_base_sequence,3.7140450765882953,4.949716169088554,6,0,0,nan,nan,nan,2,True,0.00011914999049622566,0.0,0.0,0.001145761762309801,6814.756815196242,6984.506908814005,2.8451971048492903,True,True,True,45.0,45,45,29.0,29,29,16.0,16,16,9.0,9,9,9.0,9,9,6.0,6,6,3.0,3,3,0.0,0,0,0.0,0,0,0.0,0,0
poorly_conditioned,all_station_gap,retarded_ekf,True,7.0,2,2,0,1.0,0.34238022750665303,1.0,2,1.0,0.34238022750665303,1.0,{},3.639177174316072,4.64904192267992,0.6355357076550044,0.8071677320509972,2,2,1.0,0.34238022750665303,1.0,1.0,0.34238022750665303,1.0,2,linear,whole_base_sequence,3.71404507658829,4.949716169088559,6,0,0,nan,nan,nan,2,True,0.00015589999384246767,0.0,0.0,0.0009597412735449107,9670.589435948908,9912.872694106656,2.8451971048492903,True,True,True,45.0,45,45,29.0,29,29,16.0,16,16,9.0,9,9,9.0,9,9,6.0,6,6,3.0,3,3,0.0,0,0,0.0,0,0,0.0,0,0
poorly_conditioned,all_station_gap,retarded_ekf,True,7.5,2,2,0,1.0,0.34238022750665303,1.0,2,1.0,0.34238022750665303,1.0,{},1.987421952780786,2.0071998012805485,0.3150746681331415,0.31841164736815164,2,2,0.5,0.09453120573423074,0.9054687942657693,0.5,0.09453120573423074,0.9054687942657693,1,linear,whole_base_sequence,11.360804372604898,16.59985508674759,6,3,0,2.1410140802319844,3.9738310420957266,1.0,2,True,0.0014580999995814636,0.000788949997513555,0.0,0.0008134051211740361,4270.334268589239,7851.4535669121415,7.425735637315307,True,True,True,45.0,45,45,29.0,29,29,16.0,16,16,10.5,10,11,10.5,10,11,6.0,6,6,4.5,4,5,0.0,0,0,0.0,0,0,0.0,0,0
poorly_conditioned,all_station_gap,retarded_ekf,True,8.0,2,2,0,1.0,0.34238022750665303,1.0,2,1.0,0.34238022750665303,1.0,{},1.7610215743576063,2.3160271390608953,0.2560927661458546,0.3368773342365297,2,2,0.5,0.09453120573423074,0.9054687942657693,0.5,0.09453120573423074,0.9054687942657693,1,linear,whole_base_sequence,11.011346657170227,17.527743495225348,6,3,0,3.362359907031957,6.903729712494179,0.6666666666666666,2,True,0.0013469499972416088,0.0007114499749150127,0.0,0.0006967493338452562,688.5448415897744,733.4388603317545,7.908114069620163,True,True,True,45.0,45,45,29.0,29,29,16.0,16,16,12.0,12,12,12.0,12,12,6.0,6,6,6.0,6,6,0.0,0,0,0.0,0,0,0.0,0,0
poorly_conditioned,all_station_gap,retarded_ekf,True,8.5,2,2,0,1.0,0.34238022750665303,1.0,2,1.0,0.34238022750665303,1.0,{},1.0023854051047043,1.3340120980634738,0.14296107443317219,0.1884935741567008,2,2,1.0,0.34238022750665303,1.0,1.0,0.34238022750665303,1.0,2,linear,whole_base_sequence,5.946945457741761,8.950432828605626,6,4,0,3.669577913746267,6.962024893858396,0.75,2,True,0.0018485000036889687,0.0009499500010861084,0.0,0.0006011853313445037,457.40054966604635,487.3747113730006,8.452543436121086,True,True,True,45.0,45,45,29.0,29,29,16.0,16,16,14.0,14,14,14.0,14,14,6.0,6,6,8.0,8,8,0.0,0,0,0.0,0,0,0.0,0,0
poorly_conditioned,all_station_gap,retarded_ekf,True,9.0,2,2,0,1.0,0.34238022750665303,1.0,2,1.0,0.34238022750665303,1.0,{},0.8977300633446217,1.1953484103057532,0.11691568784593141,0.15360176639445103,2,2,1.0,0.34238022750665303,1.0,1.0,0.34238022750665303,1.0,2,linear,whole_base_sequence,5.63421893524092,8.23829635644819,6,4,0,0.980825012105787,2.2097513723988964,1.0,2,True,0.002048749985988252,0.0009976999863283709,0.0,0.0005227538101963046,481.22768888158686,513.957508799082,8.970861479749196,True,True,True,45.0,45,45,29.0,29,29,16.0,16,16,16.0,16,16,16.0,16,16,6.0,6,6,10.0,10,10,0.0,0,0,0.0,0,0,0.0,0,0
poorly_conditioned,all_station_gap,retarded_ekf,True,9.5,2,2,0,1.0,0.34238022750665303,1.0,2,1.0,0.34238022750665303,1.0,{},0.8391427918360503,1.0494771862770338,0.10720651976290817,0.132256857695898,2,2,1.0,0.34238022750665303,1.0,1.0,0.34238022750665303,1.0,2,linear,whole_base_sequence,7.076024997391674,9.495048242576903,6,3,0,1.916300965938368,3.6011713766496527,1.0,2,True,0.002448950006510131,0.0011308499961160123,0.0,0.00045712945120960545,428.20246543650455,436.92799537444387,9.432187238904602,True,True,True,45.0,45,45,29.0,29,29,16.0,16,16,17.5,17,18,17.5,17,18,6.0,6,6,11.5,11,12,0.0,0,0,0.0,0,0,0.0,0,0
poorly_conditioned,dropout_20,causal_prefix_batch,True,0.0,2,0,2,0.0,0.0,0.6576197724933469,0,0.0,0.0,0.6576197724933469,"{""insufficient_measurements"": 2}",nan,nan,nan,nan,0,2,nan,nan,nan,0.0,0.0,0.6576197724933469,0,linear,whole_base_sequence,nan,nan,6,0,0,nan,nan,nan,2,True,4.224998701829463e-05,0.0,nan,nan,nan,nan,nan,True,True,True,45.0,45,45,35.0,34,36,10.0,9,11,0.0,0,0,0.0,0,0,0.0,0,0,0.0,0,0,0.0,0,0,0.0,0,0,0.0,0,0
poorly_conditioned,dropout_20,causal_prefix_batch,True,0.5,2,0,2,0.0,0.0,0.6576197724933469,0,0.0,0.0,0.6576197724933469,"{""insufficient_measurements"": 2}",nan,nan,nan,nan,0,2,nan,nan,nan,0.0,0.0,0.6576197724933469,0,linear,whole_base_sequence,nan,nan,6,0,0,nan,nan,nan,2,True,3.419998392928392e-05,0.0,nan,nan,nan,nan,nan,True,True,True,45.0,45,45,35.0,34,36,10.0,9,11,0.0,0,0,0.0,0,0,0.0,0,0,0.0,0,0,0.0,0,0,0.0,0,0,0.0,0,0
poorly_conditioned,dropout_20,causal_prefix_batch,True,1.0,2,0,2,0.0,0.0,0.6576197724933469,0,0.0,0.0,0.6576197724933469,"{""insufficient_measurements"": 2}",nan,nan,nan,nan,0,2,nan,nan,nan,0.0,0.0,0.6576197724933469,0,linear,whole_base_sequence,nan,nan,6,0,0,nan,nan,nan,2,True,3.7300007534213364e-05,0.0,nan,nan,nan,nan,0.876206866256791,True,True,True,45.0,45,45,35.0,34,36,10.0,9,11,1.5,1,2,1.5,1,2,0.0,0,0,0.0,0,0,0.0,0,0,0.0,0,0,0.0,0,0
poorly_conditioned,dropout_20,causal_prefix_batch,True,1.5,2,0,2,0.0,0.0,0.6576197724933469,0,0.0,0.0,0.6576197724933469,"{""insufficient_local_observability"": 2}",nan,nan,nan,nan,0,2,nan,nan,nan,0.0,0.0,0.6576197724933469,0,linear,whole_base_sequence,nan,nan,6,0,0,nan,nan,nan,2,True,1.6446951999969315,0.0,nan,nan,nan,nan,1.273375333468253,True,True,True,45.0,45,45,35.0,34,36,10.0,9,11,3.0,3,3,3.0,3,3,0.0,0,0,0.0,0,0,0.0,0,0,0.0,0,0,0.0,0,0
poorly_conditioned,dropout_20,causal_prefix_batch,True,10.0,2,2,0,1.0,0.34238022750665303,1.0,2,1.0,0.34238022750665303,1.0,{},0.7034886024882274,0.9035543876769854,0.11400098247300672,0.14680826384333365,2,2,1.0,0.34238022750665303,1.0,1.0,0.34238022750665303,1.0,2,linear,whole_base_sequence,5.200585058022013,7.312419219525922,6,0,0,nan,nan,nan,2,True,0.2168400499940617,0.0,0.0,0.0003606427247825576,499.8110609791263,505.62060920371584,9.800091873010803,True,True,True,45.0,45,45,35.0,34,36,10.0,9,11,28.0,27,29,28.0,27,29,0.0,0,0,0.0,0,0,0.0,0,0,0.0,0,0,0.0,0,0
poorly_conditioned,dropout_20,causal_prefix_batch,True,10.5,2,2,0,1.0,0.34238022750665303,1.0,2,1.0,0.34238022750665303,1.0,{},0.6881952532379025,0.7139214178953142,0.10737189096772143,0.11648074782831001,2,2,1.0,0.34238022750665303,1.0,1.0,0.34238022750665303,1.0,2,linear,whole_base_sequence,6.287240527001616,6.764905908487997,6,0,0,nan,nan,nan,2,True,0.22981354998773895,0.0,0.0,0.00030861120029295044,526.8210333501089,566.2274866527152,10.447193474048678,True,True,True,45.0,45,45,35.0,34,36,10.0,9,11,29.5,29,30,29.5,29,30,0.0,0,0,0.0,0,0,0.0,0,0,0.0,0,0,0.0,0,0
poorly_conditioned,dropout_20,causal_prefix_batch,True,11.0,2,2,0,1.0,0.34238022750665303,1.0,2,1.0,0.34238022750665303,1.0,{},0.6592256937916822,0.6953059344490619,0.09716942570430434,0.10640835943899166,2,2,1.0,0.34238022750665303,1.0,1.0,0.34238022750665303,1.0,2,linear,whole_base_sequence,6.166394891615416,6.379913398572601,6,0,0,nan,nan,nan,2,True,0.207082149994676,0.0,0.0,0.0002657506901870886,546.371031907986,552.5426287394848,10.890077549911041,True,True,True,45.0,45,45,35.0,34,36,10.0,9,11,31.5,30,33,31.5,30,33,0.0,0,0,0.0,0,0,0.0,0,0,0.0,0,0,0.0,0,0
poorly_conditioned,dropout_20,causal_prefix_batch,True,11.5,2,2,0,1.0,0.34238022750665303,1.0,2,1.0,0.34238022750665303,1.0,{},0.6611464443209097,0.6794830445396495,0.08977050768677891,0.09509695800199928,2,2,1.0,0.34238022750665303,1.0,1.0,0.34238022750665303,1.0,2,linear,whole_base_sequence,5.747994544053437,6.422392826104182,6,0,0,nan,nan,nan,2,True,0.21500889999151696,0.0,0.0,0.00023073872465352344,651.5312118766221,668.8657503727615,11.4156034750222,True,True,True,45.0,45,45,35.0,34,36,10.0,9,11,33.0,32,34,33.0,32,34,0.0,0,0,0.0,0,0,0.0,0,0,0.0,0,0,0.0,0,0
poorly_conditioned,dropout_20,causal_prefix_batch,True,12.0,2,2,0,1.0,0.34238022750665303,1.0,2,1.0,0.34238022750665303,1.0,{},0.7054050732111733,0.7265280374248276,0.08977050768678044,0.09509695800200134,2,2,1.0,0.34238022750665303,1.0,1.0,0.34238022750665303,1.0,2,linear,whole_base_sequence,5.74799454405383,6.422392826104547,6,0,0,nan,nan,nan,2,True,0.2185810999944806,0.0,0.0,0.00020175383369505667,847.3301940870275,869.3230991519385,11.4156034750222,True,True,True,45.0,45,45,35.0,34,36,10.0,9,11,33.0,32,34,33.0,32,34,0.0,0,0,0.0,0,0,0.0,0,0,0.0,0,0,0.0,0,0
poorly_conditioned,dropout_20,causal_prefix_batch,True,12.5,2,2,0,1.0,0.34238022750665303,1.0,2,1.0,0.34238022750665303,1.0,{},0.6059349021438406,0.6897655470902819,0.07160724255462594,0.08115638817096717,2,2,1.0,0.34238022750665303,1.0,1.0,0.34238022750665303,1.0,2,linear,whole_base_sequence,4.732156000470968,6.013276157210478,6,0,0,nan,nan,nan,2,True,0.21689135000633541,0.0,0.0,0.00017741389102002525,883.5367130001988,915.0298628813279,12.343987423591432,True,True,True,45.0,45,45,35.0,34,36,10.0,9,11,35.0,34,36,35.0,34,36,0.0,0,0,0.0,0,0,0.0,0,0,0.0,0,0,0.0,0,0
poorly_conditioned,dropout_20,causal_prefix_batch,True,14.5,2,2,0,1.0,0.34238022750665303,1.0,2,1.0,0.34238022750665303,1.0,{},0.7468566880927531,0.8498799766011971,0.07160724254316382,0.08115638816958146,2,2,1.0,0.34238022750665303,1.0,1.0,0.34238022750665303,1.0,2,linear,whole_base_sequence,4.73215600076812,6.013276157241197,6,0,0,nan,nan,nan,2,True,0.29610049999610055,0.0,0.0,0.000112406673887031,2170.32912868281,2231.3600819091203,12.343987423591432,True,True,True,45.0,45,45,35.0,34,36,10.0,9,11,35.0,34,36,35.0,34,36,0.0,0,0,0.0,0,0,0.0,0,0,0.0,0,0,0.0,0,0
poorly_conditioned,dropout_20,causal_prefix_batch,True,2.0,2,2,0,1.0,0.34238022750665303,1.0,2,1.0,0.34238022750665303,1.0,{},9.412435212592971,10.496512979232115,6.461881536337234,7.29741399610252,2,2,1.0,0.34238022750665303,1.0,1.0,0.34238022750665303,1.0,2,linear,whole_base_sequence,1.8236357087026402,1.881701458960223,6,0,0,nan,nan,nan,2,True,0.04488549999950919,0.0,0.0,0.03064225697600218,334000.829654214,440173.01275867334,1.573084377681236,True,True,True,45.0,45,45,35.0,34,36,10.0,9,11,4.0,4,4,4.0,4,4,0.0,0,0,0.0,0,0,0.0,0,0,0.0,0,0,0.0,0,0
poorly_conditioned,dropout_20,causal_prefix_batch,True,2.5,2,2,0,1.0,0.34238022750665303,1.0,2,1.0,0.34238022750665303,1.0,{},1.4991136830459248,1.8923451002235692,0.8676771993874632,1.0696426624275832,2,2,1.0,0.34238022750665303,1.0,1.0,0.34238022750665303,1.0,2,linear,whole_base_sequence,2.3399402665191915,2.8665287311518965,6,0,0,nan,nan,nan,2,True,0.029707599998801015,0.0,0.0,0.018584858944020594,294.02196599644026,316.22482540165373,2.4132316630875192,True,True,True,45.0,45,45,35.0,34,36,10.0,9,11,5.5,5,6,5.5,5,6,0.0,0,0,0.0,0,0,0.0,0,0,0.0,0,0,0.0,0,0
poorly_conditioned,dropout_20,causal_prefix_batch,True,3.0,2,2,0,1.0,0.34238022750665303,1.0,2,1.0,0.34238022750665303,1.0,{},2.159078269892588,2.768628759261875,1.0209014063101904,1.2957196790781529,2,2,1.0,0.34238022750665303,1.0,1.0,0.34238022750665303,1.0,2,linear,whole_base_sequence,3.0377255730835424,3.1391438843602297,6,0,0,nan,nan,nan,2,True,0.03926095001224894,0.0,0.0,0.01244866764719629,604.6697317765992,608.856839887064,2.729866339133046,True,True,True,45.0,45,45,35.0,34,36,10.0,9,11,6.0,6,6,6.0,6,6,0.0,0,0,0.0,0,0,0.0,0,0,0.0,0,0,0.0,0,0
poorly_conditioned,dropout_20,causal_prefix_batch,True,3.5,2,2,0,1.0,0.34238022750665303,1.0,2,1.0,0.34238022750665303,1.0,{},1.446352059601324,1.8887259531568363,0.5639268775864643,0.756510872481807,2,2,1.0,0.34238022750665303,1.0,1.0,0.34238022750665303,1.0,2,linear,whole_base_sequence,7.2055562874896655,9.485459850483911,6,0,0,nan,nan,nan,2,True,0.06643424999492709,0.0,0.0,0.008219181686105588,103.75196853945883,127.56783374145107,3.43688567213205,True,True,True,45.0,45,45,35.0,34,36,10.0,9,11,8.5,8,9,8.5,8,9,0.0,0,0,0.0,0,0,0.0,0,0,0.0,0,0,0.0,0,0
poorly_conditioned,dropout_20,causal_prefix_batch,True,4.0,2,2,0,1.0,0.34238022750665303,1.0,2,1.0,0.34238022750665303,1.0,{},0.7854417551079486,0.9070923740747144,0.20757831026354673,0.26658837741163505,2,2,1.0,0.34238022750665303,1.0,1.0,0.34238022750665303,1.0,2,linear,whole_base_sequence,4.947211636617643,5.19460504125987,6,0,0,nan,nan,nan,2,True,0.0673512499924982,0.0,0.0,0.005825099437482802,128.12302150748698,157.9826124391871,3.8683701910815635,True,True,True,45.0,45,45,35.0,34,36,10.0,9,11,9.5,9,10,9.5,9,10,0.0,0,0,0.0,0,0,0.0,0,0,0.0,0,0,0.0,0,0
poorly_conditioned,dropout_20,causal_prefix_batch,True,4.5,2,2,0,1.0,0.34238022750665303,1.0,2,1.0,0.34238022750665303,1.0,{},0.4118118399239561,0.47679861326399864,0.09875911522744515,0.1152928275919487,2,2,1.0,0.34238022750665303,1.0,1.0,0.34238022750665303,1.0,2,linear,whole_base_sequence,3.274115942399278,4.439786540639049,6,0,0,nan,nan,nan,2,True,0.07483689999207854,0.0,0.0,0.004175241009676477,119.03945056298652,131.76369321808613,4.425125971751172,True,True,True,45.0,45,45,35.0,34,36,10.0,9,11,11.5,11,12,11.5,11,12,0.0,0,0,0.0,0,0,0.0,0,0,0.0,0,0,0.0,0,0
poorly_conditioned,dropout_20,causal_prefix_batch,True,5.0,2,2,0,1.0,0.34238022750665303,1.0,2,1.0,0.34238022750665303,1.0,{},0.5132101796582862,0.6183248877619039,0.19299988854785682,0.20353353644758704,2,2,1.0,0.34238022750665303,1.0,1.0,0.34238022750665303,1.0,2,linear,whole_base_sequence,3.7954402696879725,4.227317473698858,6,0,0,nan,nan,nan,2,True,0.09765640000114217,0.0,0.0,0.003117045755747742,161.47095143670856,174.89185811262956,4.868657656895602,True,True,True,45.0,45,45,35.0,34,36,10.0,9,11,12.5,12,13,12.5,12,13,0.0,0,0,0.0,0,0,0.0,0,0,0.0,0,0,0.0,0,0
poorly_conditioned,dropout_20,causal_prefix_batch,True,5.5,2,2,0,1.0,0.34238022750665303,1.0,2,1.0,0.34238022750665303,1.0,{},0.6840139767797749,0.8002153010580025,0.22362720718570409,0.22457171604326734,2,2,1.0,0.34238022750665303,1.0,1.0,0.34238022750665303,1.0,2,linear,whole_base_sequence,3.825362660980156,4.872499156957645,6,0,0,nan,nan,nan,2,True,0.10651864999090321,0.0,0.0,0.002357916683242852,248.28421541934654,259.7720192033127,5.162754229854422,True,True,True,45.0,45,45,35.0,34,36,10.0,9,11,13.5,13,14,13.5,13,14,0.0,0,0,0.0,0,0,0.0,0,0,0.0,0,0,0.0,0,0
poorly_conditioned,dropout_20,causal_prefix_batch,True,6.0,2,2,0,1.0,0.34238022750665303,1.0,2,1.0,0.34238022750665303,1.0,{},0.5418743975095094,0.5879143654302005,0.19649939617755516,0.2145127201050477,2,2,1.0,0.34238022750665303,1.0,1.0,0.34238022750665303,1.0,2,linear,whole_base_sequence,3.3140355396125516,4.555937151524701,6,0,0,nan,nan,nan,2,True,0.1412193000141997,0.0,0.0,0.001809833083912513,234.15467089935652,288.5295009042679,5.93381898535994,True,True,True,45.0,45,45,35.0,34,36,10.0,9,11,16.0,16,16,16.0,16,16,0.0,0,0,0.0,0,0,0.0,0,0,0.0,0,0,0.0,0,0
poorly_conditioned,dropout_20,causal_prefix_batch,True,6.5,2,2,0,1.0,0.34238022750665303,1.0,2,1.0,0.34238022750665303,1.0,{},0.46321560837225995,0.5768670599798578,0.1688227649283198,0.21082772523900586,2,2,1.0,0.34238022750665303,1.0,1.0,0.34238022750665303,1.0,2,linear,whole_base_sequence,3.050838224837128,4.529617421762444,6,0,0,nan,nan,nan,2,True,0.11995854998531286,0.0,0.0,0.0014245289799978498,319.2388706514091,353.76181685566655,6.2684021152214005,True,True,True,45.0,45,45,35.0,34,36,10.0,9,11,16.5,16,17,16.5,16,17,0.0,0,0,0.0,0,0,0.0,0,0,0.0,0,0,0.0,0,0
poorly_conditioned,dropout_20,causal_prefix_batch,True,7.0,2,2,0,1.0,0.34238022750665303,1.0,2,1.0,0.34238022750665303,1.0,{},0.761208760583738,0.9583974691611327,0.20457434997222793,0.26421145638022436,2,2,1.0,0.34238022750665303,1.0,1.0,0.34238022750665303,1.0,2,linear,whole_base_sequence,3.973317556684192,5.756701858103762,6,0,0,nan,nan,nan,2,True,0.12313320000248495,0.0,0.0,0.0011378479681744354,323.5989713700401,375.16851768614544,6.705398745234682,True,True,True,45.0,45,45,35.0,34,36,10.0,9,11,18.0,17,19,18.0,17,19,0.0,0,0,0.0,0,0,0.0,0,0,0.0,0,0,0.0,0,0
poorly_conditioned,dropout_20,causal_prefix_batch,True,7.5,2,2,0,1.0,0.34238022750665303,1.0,2,1.0,0.34238022750665303,1.0,{},0.7820682335318165,0.9953470856911522,0.17947875829912108,0.22978944586681113,2,2,1.0,0.34238022750665303,1.0,1.0,0.34238022750665303,1.0,2,linear,whole_base_sequence,6.098898185201298,8.436553055572038,6,0,0,nan,nan,nan,2,True,0.12983985000755638,0.0,0.0,0.0009159794435454584,303.0263650165443,341.2439555177955,7.425735637315307,True,True,True,45.0,45,45,35.0,34,36,10.0,9,11,20.5,20,21,20.5,20,21,0.0,0,0,0.0,0,0,0.0,0,0,0.0,0,0,0.0,0,0
poorly_conditioned,dropout_20,causal_prefix_batch,True,8.0,2,2,0,1.0,0.34238022750665303,1.0,2,1.0,0.34238022750665303,1.0,{},0.9436240883424017,1.2472619235286717,0.19449886385855633,0.25472596727799546,2,2,1.0,0.34238022750665303,1.0,1.0,0.34238022750665303,1.0,2,linear,whole_base_sequence,6.025531329780399,9.19600806522925,6,0,0,nan,nan,nan,2,True,0.17877850000513718,0.0,0.0,0.0007442752808091146,324.0075778388776,349.1543225741177,7.908114069620163,True,True,True,45.0,45,45,35.0,34,36,10.0,9,11,22.0,21,23,22.0,21,23,0.0,0,0,0.0,0,0,0.0,0,0,0.0,0,0,0.0,0,0
poorly_conditioned,dropout_20,causal_prefix_batch,True,8.5,2,2,0,1.0,0.34238022750665303,1.0,2,1.0,0.34238022750665303,1.0,{},0.7956085100107305,1.059918349698246,0.1600933170445497,0.21231675131386002,2,2,1.0,0.34238022750665303,1.0,1.0,0.34238022750665303,1.0,2,linear,whole_base_sequence,4.931719959755291,7.6432597122037285,6,0,0,nan,nan,nan,2,True,0.18566039999132045,0.0,0.0,0.0006106435012898976,307.4583294873488,324.19032132106065,8.452543436121086,True,True,True,45.0,45,45,35.0,34,36,10.0,9,11,24.0,23,25,24.0,23,25,0.0,0,0,0.0,0,0,0.0,0,0,0.0,0,0,0.0,0,0
poorly_conditioned,dropout_20,causal_prefix_batch,True,9.0,2,2,0,1.0,0.34238022750665303,1.0,2,1.0,0.34238022750665303,1.0,{},0.7192371874880847,0.9572656270453571,0.13400456354569704,0.17781428244578187,2,2,1.0,0.34238022750665303,1.0,1.0,0.34238022750665303,1.0,2,linear,whole_base_sequence,4.557245080641591,6.85113724722764,6,0,0,nan,nan,nan,2,True,0.21535405001486652,0.0,0.0,0.0005070493359798178,372.76214381722656,390.5817204230139,8.970861479749196,True,True,True,45.0,45,45,35.0,34,36,10.0,9,11,26.0,25,27,26.0,25,27,0.0,0,0,0.0,0,0,0.0,0,0,0.0,0,0,0.0,0,0
poorly_conditioned,dropout_20,causal_prefix_batch,True,9.5,2,2,0,1.0,0.34238022750665303,1.0,2,1.0,0.34238022750665303,1.0,{},0.7788499217792219,1.0074443672335986,0.13521220189557925,0.175932232115963,2,2,1.0,0.34238022750665303,1.0,1.0,0.34238022750665303,1.0,2,linear,whole_base_sequence,6.28121681317593,9.041121105400151,6,0,0,nan,nan,nan,2,True,0.20263120000890922,0.0,0.0,0.00042557295040891036,395.6285008085456,407.9813050007743,9.285643944107731,True,True,True,45.0,45,45,35.0,34,36,10.0,9,11,27.0,26,28,27.0,26,28,0.0,0,0,0.0,0,0,0.0,0,0,0.0,0,0,0.0,0,0
poorly_conditioned,dropout_20,initial_batch_no_updates,True,0.0,2,0,2,0.0,0.0,0.6576197724933469,0,0.0,0.0,0.6576197724933469,"{""not_initialized"": 2}",nan,nan,nan,nan,0,2,nan,nan,nan,0.0,0.0,0.6576197724933469,0,linear,whole_base_sequence,nan,nan,6,0,0,nan,nan,nan,2,True,2.2000021999701858e-06,0.0,nan,nan,nan,nan,nan,True,True,True,45.0,45,45,35.0,34,36,10.0,9,11,0.0,0,0,0.0,0,0,0.0,0,0,0.0,0,0,0.0,0,0,0.0,0,0,0.0,0,0
poorly_conditioned,dropout_20,initial_batch_no_updates,True,0.5,2,0,2,0.0,0.0,0.6576197724933469,0,0.0,0.0,0.6576197724933469,"{""not_initialized"": 2}",nan,nan,nan,nan,0,2,nan,nan,nan,0.0,0.0,0.6576197724933469,0,linear,whole_base_sequence,nan,nan,6,0,0,nan,nan,nan,2,True,2.1000014385208488e-06,0.0,nan,nan,nan,nan,nan,True,True,True,45.0,45,45,35.0,34,36,10.0,9,11,0.0,0,0,0.0,0,0,0.0,0,0,0.0,0,0,0.0,0,0,0.0,0,0,0.0,0,0
poorly_conditioned,dropout_20,initial_batch_no_updates,True,1.0,2,0,2,0.0,0.0,0.6576197724933469,0,0.0,0.0,0.6576197724933469,"{""not_initialized"": 2}",nan,nan,nan,nan,0,2,nan,nan,nan,0.0,0.0,0.6576197724933469,0,linear,whole_base_sequence,nan,nan,6,0,0,nan,nan,nan,2,True,1.949985744431615e-06,0.0,nan,nan,nan,nan,0.876206866256791,True,True,True,45.0,45,45,35.0,34,36,10.0,9,11,1.5,1,2,0.0,0,0,0.0,0,0,0.0,0,0,0.0,0,0,0.0,0,0,1.5,1,2
poorly_conditioned,dropout_20,initial_batch_no_updates,True,1.5,2,0,2,0.0,0.0,0.6576197724933469,0,0.0,0.0,0.6576197724933469,"{""not_initialized"": 2}",nan,nan,nan,nan,0,2,nan,nan,nan,0.0,0.0,0.6576197724933469,0,linear,whole_base_sequence,nan,nan,6,0,0,nan,nan,nan,2,True,2.949993358924985e-06,0.0,nan,nan,nan,nan,1.273375333468253,True,True,True,45.0,45,45,35.0,34,36,10.0,9,11,3.0,3,3,0.0,0,0,0.0,0,0,0.0,0,0,0.0,0,0,0.0,0,0,3.0,3,3
poorly_conditioned,dropout_20,initial_batch_no_updates,True,10.0,2,2,0,1.0,0.34238022750665303,1.0,2,1.0,0.34238022750665303,1.0,{},9.275298976251367,11.824470639845318,1.0209014064419994,1.2957196791026246,2,2,1.0,0.34238022750665303,1.0,1.0,0.34238022750665303,1.0,2,linear,whole_base_sequence,3.0377255730301034,3.139143884354857,6,0,0,nan,nan,nan,2,True,0.0001438000035705045,0.0,0.0,0.000808965106107025,125447.20006913709,128486.91242607198,9.800091873010803,True,True,True,45.0,45,45,35.0,34,36,10.0,9,11,28.0,27,29,6.0,6,6,6.0,6,6,0.0,0,0,0.0,0,0,0.0,0,0,22.0,21,23
poorly_conditioned,dropout_20,initial_batch_no_updates,True,10.5,2,2,0,1.0,0.34238022750665303,1.0,2,1.0,0.34238022750665303,1.0,{},9.785278778399649,12.472111611138578,1.0209014064419994,1.2957196791026246,2,2,1.0,0.34238022750665303,1.0,1.0,0.34238022750665303,1.0,2,linear,whole_base_sequence,3.037725573030061,3.1391438843548243,6,0,0,nan,nan,nan,2,True,0.00011064999853260815,0.0,0.0,0.000727403571083093,154717.28863047546,158519.6054379241,10.447193474048678,True,True,True,45.0,45,45,35.0,34,36,10.0,9,11,29.5,29,30,6.0,6,6,6.0,6,6,0.0,0,0,0.0,0,0,0.0,0,0,23.5,23,24
poorly_conditioned,dropout_20,initial_batch_no_updates,True,11.0,2,2,0,1.0,0.34238022750665303,1.0,2,1.0,0.34238022750665303,1.0,{},10.295305254531561,13.119774375689072,1.0209014064419994,1.2957196791026246,2,2,1.0,0.34238022750665303,1.0,1.0,0.34238022750665303,1.0,2,linear,whole_base_sequence,3.0377255730301957,3.1391438843548394,6,0,0,nan,nan,nan,2,True,0.00011380000796634704,0.0,0.0,0.0006575330764212819,188859.1689974526,193558.3258081045,10.890077549911041,True,True,True,45.0,45,45,35.0,34,36,10.0,9,11,31.5,30,33,6.0,6,6,6.0,6,6,0.0,0,0,0.0,0,0,0.0,0,0,25.5,24,27
poorly_conditioned,dropout_20,initial_batch_no_updates,True,11.5,2,2,0,1.0,0.34238022750665303,1.0,2,1.0,0.34238022750665303,1.0,{},10.805371795445515,13.767455834068882,1.0209014064419994,1.2957196791026246,2,2,1.0,0.34238022750665303,1.0,1.0,0.34238022750665303,1.0,2,linear,whole_base_sequence,3.0377255730300705,3.139143884354874,6,0,0,nan,nan,nan,2,True,0.00014770000416319817,0.0,0.0,0.0005972297378111624,228388.02602859767,234133.11338684987,11.4156034750222,True,True,True,45.0,45,45,35.0,34,36,10.0,9,11,33.0,32,34,6.0,6,6,6.0,6,6,0.0,0,0,0.0,0,0,0.0,0,0,27.0,26,28
poorly_conditioned,dropout_20,initial_batch_no_updates,True,12.0,2,2,0,1.0,0.34238022750665303,1.0,2,1.0,0.34238022750665303,1.0,{},11.31547298315326,14.4151534477665,1.0209014064419994,1.2957196791026246,2,2,1.0,0.34238022750665303,1.0,1.0,0.34238022750665303,1.0,2,linear,whole_base_sequence,3.037725573030115,3.1391438843548922,6,0,0,nan,nan,nan,2,True,0.00011035001080017537,0.0,0.0,0.0005448292975015985,273845.0553040057,280800.79787794576,11.4156034750222,True,True,True,45.0,45,45,35.0,34,36,10.0,9,11,33.0,32,34,6.0,6,6,6.0,6,6,0.0,0,0,0.0,0,0,0.0,0,0,27.0,26,28
poorly_conditioned,dropout_20,initial_batch_no_updates,True,12.5,2,2,0,1.0,0.34238022750665303,1.0,2,1.0,0.34238022750665303,1.0,{},11.82560433415437,15.062865117835235,1.0209014064419994,1.2957196791026246,2,2,1.0,0.34238022750665303,1.0,1.0,0.34238022750665303,1.0,2,linear,whole_base_sequence,3.037725573030045,3.1391438843548425,6,0,0,nan,nan,nan,2,True,0.00011644999904092401,0.0,0.0,0.0004990131127746271,325797.46313170774,334144.9988366572,12.343987423591432,True,True,True,45.0,45,45,35.0,34,36,10.0,9,11,35.0,34,36,6.0,6,6,6.0,6,6,0.0,0,0,0.0,0,0,0.0,0,0,29.0,28,30
poorly_conditioned,dropout_20,initial_batch_no_updates,True,14.5,2,2,0,1.0,0.34238022750665303,1.0,2,1.0,0.34238022750665303,1.0,{},13.866364787439604,17.653821227263713,1.0209014064419994,1.2957196791026246,2,2,1.0,0.34238022750665303,1.0,1.0,0.34238022750665303,1.0,2,linear,whole_base_sequence,3.0377255730300226,3.1391438843547577,6,0,0,nan,nan,nan,2,True,0.00012954999692738056,0.0,0.0,0.00036326484318594627,610815.3816665835,626897.0031961569,12.343987423591432,True,True,True,45.0,45,45,35.0,34,36,10.0,9,11,35.0,34,36,6.0,6,6,6.0,6,6,0.0,0,0,0.0,0,0,0.0,0,0,29.0,28,30
poorly_conditioned,dropout_20,initial_batch_no_updates,True,2.0,2,0,2,0.0,0.0,0.6576197724933469,0,0.0,0.0,0.6576197724933469,"{""not_initialized"": 2}",nan,nan,nan,nan,0,2,nan,nan,nan,0.0,0.0,0.6576197724933469,0,linear,whole_base_sequence,nan,nan,6,0,0,nan,nan,nan,2,True,3.249995643272996e-06,0.0,nan,nan,nan,nan,1.573084377681236,True,True,True,45.0,45,45,35.0,34,36,10.0,9,11,4.0,4,4,0.0,0,0,0.0,0,0,0.0,0,0,0.0,0,0,0.0,0,0,4.0,4,4
poorly_conditioned,dropout_20,initial_batch_no_updates,True,2.5,2,1,1,0.5,0.09453120573423074,0.9054687942657693,1,0.5,0.09453120573423074,0.9054687942657693,"{""not_initialized"": 1}",0.8368916553354946,0.8368916553354946,0.5498327755409169,0.5498327755409169,1,2,1.0,0.20654931437723745,1.0,0.5,0.09453120573423074,0.9054687942657693,1,linear,whole_base_sequence,2.925038560447026,2.925038560447026,6,0,0,nan,nan,nan,2,True,5.08499942952767e-05,0.0,0.0,0.018584858944031578,271.8191065942354,271.8191065942354,2.4132316630875192,True,True,True,45.0,45,45,35.0,34,36,10.0,9,11,5.5,5,6,3.0,0,6,3.0,0,6,0.0,0,0,0.0,0,0,0.0,0,0,2.5,0,5
poorly_conditioned,dropout_20,initial_batch_no_updates,True,3.0,2,2,0,1.0,0.34238022750665303,1.0,2,1.0,0.34238022750665303,1.0,{},2.1590782701686377,2.7686287593172927,1.0209014064419994,1.2957196791026246,2,2,1.0,0.34238022750665303,1.0,1.0,0.34238022750665303,1.0,2,linear,whole_base_sequence,3.037725573030106,3.1391438843548563,6,0,0,nan,nan,nan,2,True,8.31500074127689e-05,0.0,0.0,0.012448667647187982,604.669731780294,608.8568398871244,2.729866339133046,True,True,True,45.0,45,45,35.0,34,36,10.0,9,11,6.0,6,6,6.0,6,6,6.0,6,6,0.0,0,0,0.0,0,0,0.0,0,0,0.0,0,0
poorly_conditioned,dropout_20,initial_batch_no_updates,True,3.5,2,2,0,1.0,0.34238022750665303,1.0,2,1.0,0.34238022750665303,1.0,{},2.662038857180081,3.4129228123182545,1.0209014064419994,1.2957196791026246,2,2,1.0,0.34238022750665303,1.0,1.0,0.34238022750665303,1.0,2,linear,whole_base_sequence,3.037725573030099,3.139143884354849,6,0,0,nan,nan,nan,2,True,0.00011110000195913017,0.0,0.0,0.008741664077835361,1198.6920889569874,1200.1162857935894,3.43688567213205,True,True,True,45.0,45,45,35.0,34,36,10.0,9,11,8.5,8,9,6.0,6,6,6.0,6,6,0.0,0,0,0.0,0,0,0.0,0,0,2.5,2,3
poorly_conditioned,dropout_20,initial_batch_no_updates,True,4.0,2,2,0,1.0,0.34238022750665303,1.0,2,1.0,0.34238022750665303,1.0,{},3.1673968204815233,4.058367804121336,1.0209014064419994,1.2957196791026246,2,2,1.0,0.34238022750665303,1.0,1.0,0.34238022750665303,1.0,2,linear,whole_base_sequence,3.0377255730300847,3.13914388435484,6,0,0,nan,nan,nan,2,True,0.00010585000563878566,0.0,0.0,0.006413943022960783,2182.8280863179607,2198.5149627117803,3.8683701910815635,True,True,True,45.0,45,45,35.0,34,36,10.0,9,11,9.5,9,10,6.0,6,6,6.0,6,6,0.0,0,0,0.0,0,0,0.0,0,0,3.5,3,4
poorly_conditioned,dropout_20,initial_batch_no_updates,True,4.5,2,2,0,1.0,0.34238022750665303,1.0,2,1.0,0.34238022750665303,1.0,{},3.674163061228224,4.704486761508109,1.0209014064419994,1.2957196791026246,2,2,1.0,0.34238022750665303,1.0,1.0,0.34238022750665303,1.0,2,linear,whole_base_sequence,3.0377255730300794,3.139143884354831,6,0,0,nan,nan,nan,2,True,0.00010750000365078449,0.0,0.0,0.004881252799902889,3708.1409544572916,3750.407561696523,4.425125971751172,True,True,True,45.0,45,45,35.0,34,36,10.0,9,11,11.5,11,12,6.0,6,6,6.0,6,6,0.0,0,0,0.0,0,0,0.0,0,0,5.5,5,6
poorly_conditioned,dropout_20,initial_batch_no_updates,True,5.0,2,2,0,1.0,0.34238022750665303,1.0,2,1.0,0.34238022750665303,1.0,{},4.181825632834189,5.351033130506043,1.0209014064419994,1.2957196791026246,2,2,1.0,0.34238022750665303,1.0,1.0,0.34238022750665303,1.0,2,linear,whole_base_sequence,3.037725573030082,3.139143884354829,6,0,0,nan,nan,nan,2,True,0.00013985001714900136,0.0,0.0,0.0038274496513504667,5951.7588755103225,6037.497949985165,4.868657656895602,True,True,True,45.0,45,45,35.0,34,36,10.0,9,11,12.5,12,13,6.0,6,6,6.0,6,6,0.0,0,0,0.0,0,0,0.0,0,0,6.5,6,7
poorly_conditioned,dropout_20,initial_batch_no_updates,True,5.5,2,2,0,1.0,0.34238022750665303,1.0,2,1.0,0.34238022750665303,1.0,{},4.69009348384462,5.997867154930925,1.0209014064419994,1.2957196791026246,2,2,1.0,0.34238022750665303,1.0,1.0,0.34238022750665303,1.0,2,linear,whole_base_sequence,3.0377255730301007,3.139143884354827,6,0,0,nan,nan,nan,2,True,0.00014035000640433282,0.0,0.0,0.003075646485077283,9116.789918821885,9268.324957205623,5.162754229854422,True,True,True,45.0,45,45,35.0,34,36,10.0,9,11,13.5,13,14,6.0,6,6,6.0,6,6,0.0,0,0,0.0,0,0,0.0,0,0,7.5,7,8
poorly_conditioned,dropout_20,initial_batch_no_updates,True,6.0,2,2,0,1.0,0.34238022750665303,1.0,2,1.0,0.34238022750665303,1.0,{},5.198789088991026,6.644903867991529,1.0209014064419994,1.2957196791026246,2,2,1.0,0.34238022750665303,1.0,1.0,0.34238022750665303,1.0,2,linear,whole_base_sequence,3.037725573030083,3.139143884354807,6,0,0,nan,nan,nan,2,True,0.0001429999974789098,0.0,0.0,0.0025222935184099236,13432.327651380918,13678.230926299755,5.93381898535994,True,True,True,45.0,45,45,35.0,34,36,10.0,9,11,16.0,16,16,6.0,6,6,6.0,6,6,0.0,0,0,0.0,0,0,0.0,0,0,10.0,10,10
poorly_conditioned,dropout_20,initial_batch_no_updates,True,6.5,2,2,0,1.0,0.34238022750665303,1.0,2,1.0,0.34238022750665303,1.0,{},5.707798081332252,7.292088700434385,1.0209014064419994,1.2957196791026246,2,2,1.0,0.34238022750665303,1.0,1.0,0.34238022750665303,1.0,2,linear,whole_base_sequence,3.037725573030076,3.1391438843548274,6,0,0,nan,nan,nan,2,True,0.0001197500096168369,0.0,0.0,0.0021040953013927045,19153.4628618272,19529.353077508433,6.2684021152214005,True,True,True,45.0,45,45,35.0,34,36,10.0,9,11,16.5,16,17,6.0,6,6,6.0,6,6,0.0,0,0,0.0,0,0,0.0,0,0,10.5,10,11
poorly_conditioned,dropout_20,initial_batch_no_updates,True,7.0,2,2,0,1.0,0.34238022750665303,1.0,2,1.0,0.34238022750665303,1.0,{},6.217043487345549,7.939385027435429,1.0209014064419994,1.2957196791026246,2,2,1.0,0.34238022750665303,1.0,1.0,0.34238022750665303,1.0,2,linear,whole_base_sequence,3.037725573030012,3.1391438843547754,6,0,0,nan,nan,nan,2,True,0.00013599998783320189,0.0,0.0,0.0017808334589189281,26561.290426667696,27110.62059651354,6.705398745234682,True,True,True,45.0,45,45,35.0,34,36,10.0,9,11,18.0,17,19,6.0,6,6,6.0,6,6,0.0,0,0,0.0,0,0,0.0,0,0,12.0,11,13
poorly_conditioned,dropout_20,initial_batch_no_updates,True,7.5,2,2,0,1.0,0.34238022750665303,1.0,2,1.0,0.34238022750665303,1.0,{},6.726471612269617,8.58676736376698,1.0209014064419994,1.2957196791026246,2,2,1.0,0.34238022750665303,1.0,1.0,0.34238022750665303,1.0,2,linear,whole_base_sequence,3.037725573030011,3.139143884354801,6,0,0,nan,nan,nan,2,True,0.00010730000212788582,0.0,0.0,0.0015260653938137738,35962.91270537201,36737.75349724393,7.425735637315307,True,True,True,45.0,45,45,35.0,34,36,10.0,9,11,20.5,20,21,6.0,6,6,6.0,6,6,0.0,0,0,0.0,0,0,0.0,0,0,14.5,14,15
poorly_conditioned,dropout_20,initial_batch_no_updates,True,8.0,2,2,0,1.0,0.34238022750665303,1.0,2,1.0,0.34238022750665303,1.0,{},7.236043865167611,9.234217433043073,1.0209014064419994,1.2957196791026246,2,2,1.0,0.34238022750665303,1.0,1.0,0.34238022750665303,1.0,2,linear,whole_base_sequence,3.0377255730301176,3.139143884354858,6,0,0,nan,nan,nan,2,True,0.00014555000234395266,0.0,0.0,0.0013218767656628108,47691.44117071874,48753.262128080576,7.908114069620163,True,True,True,45.0,45,45,35.0,34,36,10.0,9,11,22.0,21,23,6.0,6,6,6.0,6,6,0.0,0,0,0.0,0,0,0.0,0,0,16.0,15,17
poorly_conditioned,dropout_20,initial_batch_no_updates,True,8.5,2,2,0,1.0,0.34238022750665303,1.0,2,1.0,0.34238022750665303,1.0,{},7.745731800638873,9.881721789770317,1.0209014064419994,1.2957196791026246,2,2,1.0,0.34238022750665303,1.0,1.0,0.34238022750665303,1.0,2,linear,whole_base_sequence,3.037725573030086,3.139143884354839,6,0,0,nan,nan,nan,2,True,0.00011399999493733048,0.0,0.0,0.001155806830634925,62105.99720068963,63526.44693977115,8.452543436121086,True,True,True,45.0,45,45,35.0,34,36,10.0,9,11,24.0,23,25,6.0,6,6,6.0,6,6,0.0,0,0,0.0,0,0,0.0,0,0,18.0,17,19
poorly_conditioned,dropout_20,initial_batch_no_updates,True,9.0,2,2,0,1.0,0.34238022750665303,1.0,2,1.0,0.34238022750665303,1.0,{},8.255513992300203,10.529270323519503,1.0209014064419994,1.2957196791026246,2,2,1.0,0.34238022750665303,1.0,1.0,0.34238022750665303,1.0,2,linear,whole_base_sequence,3.0377255730300496,3.1391438843548527,6,0,0,nan,nan,nan,2,True,0.00014149998605716974,0.0,0.0,0.0010189842143067428,79591.71247304173,81453.39836940839,8.970861479749196,True,True,True,45.0,45,45,35.0,34,36,10.0,9,11,26.0,25,27,6.0,6,6,6.0,6,6,0.0,0,0,0.0,0,0,0.0,0,0,20.0,19,21
poorly_conditioned,dropout_20,initial_batch_no_updates,True,9.5,2,2,0,1.0,0.34238022750665303,1.0,2,1.0,0.34238022750665303,1.0,{},8.765373994732814,11.176855286025528,1.0209014064419994,1.2957196791026246,2,2,1.0,0.34238022750665303,1.0,1.0,0.34238022750665303,1.0,2,linear,whole_base_sequence,3.037725573029989,3.1391438843548034,6,0,0,nan,nan,nan,2,True,0.00013965000107418746,0.0,0.0,0.0009049613103018465,100559.72916692992,102956.99677968629,9.285643944107731,True,True,True,45.0,45,45,35.0,34,36,10.0,9,11,27.0,26,28,6.0,6,6,6.0,6,6,0.0,0,0,0.0,0,0,0.0,0,0,21.0,20,22
poorly_conditioned,dropout_20,offline_full_record_noncausal,False,14.5,2,2,0,1.0,0.34238022750665303,1.0,2,1.0,0.34238022750665303,1.0,{},0.7468566880927531,0.8498799766011971,0.07160724254316382,0.08115638816958146,2,2,1.0,0.34238022750665303,1.0,1.0,0.34238022750665303,1.0,2,linear,whole_base_sequence,4.73215600076812,6.013276157241197,6,0,0,nan,nan,nan,2,True,0.28660959999251645,0.0,0.0,0.000112406673887031,2170.32912868281,2231.3600819091203,12.343987423591432,True,True,True,45.0,45,45,35.0,34,36,10.0,9,11,35.0,34,36,35.0,34,36,0.0,0,0,0.0,0,0,0.0,0,0,0.0,0,0,0.0,0,0
poorly_conditioned,dropout_20,retarded_ekf,True,0.0,2,0,2,0.0,0.0,0.6576197724933469,0,0.0,0.0,0.6576197724933469,"{""not_initialized"": 2}",nan,nan,nan,nan,0,2,nan,nan,nan,0.0,0.0,0.6576197724933469,0,linear,whole_base_sequence,nan,nan,6,0,0,nan,nan,nan,2,True,2.5600005756132305e-05,0.0,nan,nan,nan,nan,nan,True,True,True,45.0,45,45,35.0,34,36,10.0,9,11,0.0,0,0,0.0,0,0,0.0,0,0,0.0,0,0,0.0,0,0,0.0,0,0,0.0,0,0
poorly_conditioned,dropout_20,retarded_ekf,True,0.5,2,0,2,0.0,0.0,0.6576197724933469,0,0.0,0.0,0.6576197724933469,"{""not_initialized"": 2}",nan,nan,nan,nan,0,2,nan,nan,nan,0.0,0.0,0.6576197724933469,0,linear,whole_base_sequence,nan,nan,6,0,0,nan,nan,nan,2,True,1.4249992091208696e-05,0.0,nan,nan,nan,nan,nan,True,True,True,45.0,45,45,35.0,34,36,10.0,9,11,0.0,0,0,0.0,0,0,0.0,0,0,0.0,0,0,0.0,0,0,0.0,0,0,0.0,0,0
poorly_conditioned,dropout_20,retarded_ekf,True,1.0,2,0,2,0.0,0.0,0.6576197724933469,0,0.0,0.0,0.6576197724933469,"{""not_initialized"": 2}",nan,nan,nan,nan,0,2,nan,nan,nan,0.0,0.0,0.6576197724933469,0,linear,whole_base_sequence,nan,nan,6,0,0,nan,nan,nan,2,True,0.0001293499954044819,0.0,nan,nan,nan,nan,0.876206866256791,True,True,True,45.0,45,45,35.0,34,36,10.0,9,11,1.5,1,2,0.0,0,0,0.0,0,0,0.0,0,0,0.0,0,0,0.0,0,0,1.5,1,2
poorly_conditioned,dropout_20,retarded_ekf,True,1.5,2,0,2,0.0,0.0,0.6576197724933469,0,0.0,0.0,0.6576197724933469,"{""not_initialized"": 2}",nan,nan,nan,nan,0,2,nan,nan,nan,0.0,0.0,0.6576197724933469,0,linear,whole_base_sequence,nan,nan,6,0,0,nan,nan,nan,2,True,0.0001993000041693449,0.0,nan,nan,nan,nan,1.273375333468253,True,True,True,45.0,45,45,35.0,34,36,10.0,9,11,3.0,3,3,0.0,0,0,0.0,0,0,0.0,0,0,0.0,0,0,0.0,0,0,3.0,3,3
poorly_conditioned,dropout_20,retarded_ekf,True,10.0,2,2,0,1.0,0.34238022750665303,1.0,2,1.0,0.34238022750665303,1.0,{},0.7040440025041607,0.9034590185256569,0.1142594934482957,0.14688367637696925,2,2,1.0,0.34238022750665303,1.0,1.0,0.34238022750665303,1.0,2,linear,whole_base_sequence,5.171334307731267,7.284360279339051,6,2,0,1.6448202825739622,2.271893889464612,1.0,2,True,0.002378350021899678,0.0008550999918952584,0.0,0.0003612345487626416,500.5435968161356,509.88505819308057,9.800091873010803,True,True,True,45.0,45,45,35.0,34,36,10.0,9,11,28.0,27,29,28.0,27,29,6.0,6,6,22.0,21,23,0.0,0,0,0.0,0,0,0.0,0,0
poorly_conditioned,dropout_20,retarded_ekf,True,10.5,2,2,0,1.0,0.34238022750665303,1.0,2,1.0,0.34238022750665303,1.0,{},0.6893965915453548,0.7129880481730522,0.10792841722286942,0.11658038315388568,2,2,1.0,0.34238022750665303,1.0,1.0,0.34238022750665303,1.0,2,linear,whole_base_sequence,6.260371575606888,6.722007121215375,6,3,0,2.301909272435149,3.8718935096399854,1.0,2,True,0.0036269999836804345,0.0013026999949943274,0.0,0.0003090178849363453,526.6779106428588,560.8347312017547,10.447193474048678,True,True,True,45.0,45,45,35.0,34,36,10.0,9,11,29.5,29,30,29.5,29,30,6.0,6,6,23.5,23,24,0.0,0,0,0.0,0,0,0.0,0,0
poorly_conditioned,dropout_20,retarded_ekf,True,11.0,2,2,0,1.0,0.34238022750665303,1.0,2,1.0,0.34238022750665303,1.0,{},0.659789875634663,0.6939166520383829,0.09754736451035564,0.10646137722600518,2,2,1.0,0.34238022750665303,1.0,1.0,0.34238022750665303,1.0,2,linear,whole_base_sequence,6.135036772544181,6.358330032518808,6,4,0,0.5972443305231169,1.0058531480718658,1.0,2,True,0.0033676500024739653,0.0012251000007381663,0.0,0.0002662171651348413,547.9990981315532,558.6406846453386,10.890077549911041,True,True,True,45.0,45,45,35.0,34,36,10.0,9,11,31.5,30,33,31.5,30,33,6.0,6,6,25.5,24,27,0.0,0,0,0.0,0,0,0.0,0,0
poorly_conditioned,dropout_20,retarded_ekf,True,11.5,2,2,0,1.0,0.34238022750665303,1.0,2,1.0,0.34238022750665303,1.0,{},0.6607412223621594,0.676661124796539,0.08995145436208332,0.09497550520724936,2,2,1.0,0.34238022750665303,1.0,1.0,0.34238022750665303,1.0,2,linear,whole_base_sequence,5.708082891340537,6.388245443370593,6,3,0,1.9852719511488754,2.8573399669585973,1.0,2,True,0.0032183000148506835,0.0011286999942967668,0.0,0.00023118048627081484,653.1634439463396,666.4862096663124,11.4156034750222,True,True,True,45.0,45,45,35.0,34,36,10.0,9,11,33.0,32,34,33.0,32,34,6.0,6,6,27.0,26,28,0.0,0,0,0.0,0,0,0.0,0,0
poorly_conditioned,dropout_20,retarded_ekf,True,12.0,2,2,0,1.0,0.34238022750665303,1.0,2,1.0,0.34238022750665303,1.0,{},0.7051069208376702,0.723636044522115,0.08995145436208332,0.09497550520724936,2,2,1.0,0.34238022750665303,1.0,1.0,0.34238022750665303,1.0,2,linear,whole_base_sequence,5.708082891340672,6.38824544337071,6,0,0,nan,nan,nan,2,True,0.0001772499963408336,0.0,0.0,0.00020219144692730807,849.2791190049705,866.2027068153347,11.4156034750222,True,True,True,45.0,45,45,35.0,34,36,10.0,9,11,33.0,32,34,33.0,32,34,6.0,6,6,27.0,26,28,0.0,0,0,0.0,0,0,0.0,0,0
poorly_conditioned,dropout_20,retarded_ekf,True,12.5,2,2,0,1.0,0.34238022750665303,1.0,2,1.0,0.34238022750665303,1.0,{},0.6059623556720346,0.6930764753623275,0.07186423815204192,0.08178201150453507,2,2,1.0,0.34238022750665303,1.0,1.0,0.34238022750665303,1.0,2,linear,whole_base_sequence,4.702369105087874,5.9876014325381535,6,4,0,1.6745855745517078,3.0301078753710633,1.0,2,True,0.003861949997371994,0.001284850004594773,0.0,0.0001778852846908376,886.8927439878745,911.5019004312368,12.343987423591432,True,True,True,45.0,45,45,35.0,34,36,10.0,9,11,35.0,34,36,35.0,34,36,6.0,6,6,29.0,28,30,0.0,0,0,0.0,0,0,0.0,0,0
poorly_conditioned,dropout_20,retarded_ekf,True,14.5,2,2,0,1.0,0.34238022750665303,1.0,2,1.0,0.34238022750665303,1.0,{},0.7474295277438049,0.8545680573835098,0.07186423815204192,0.08178201150453507,2,2,1.0,0.34238022750665303,1.0,1.0,0.34238022750665303,1.0,2,linear,whole_base_sequence,4.702369105087785,5.9876014325381695,6,0,0,nan,nan,nan,2,True,0.00012345000868663192,0.0,0.0,0.00011262939703162301,2177.0587312988982,2223.3940621180764,12.343987423591432,True,True,True,45.0,45,45,35.0,34,36,10.0,9,11,35.0,34,36,35.0,34,36,6.0,6,6,29.0,28,30,0.0,0,0,0.0,0,0,0.0,0,0
poorly_conditioned,dropout_20,retarded_ekf,True,2.0,2,0,2,0.0,0.0,0.6576197724933469,0,0.0,0.0,0.6576197724933469,"{""not_initialized"": 2}",nan,nan,nan,nan,0,2,nan,nan,nan,0.0,0.0,0.6576197724933469,0,linear,whole_base_sequence,nan,nan,6,0,0,nan,nan,nan,2,True,0.00016844998754095286,0.0,nan,nan,nan,nan,1.573084377681236,True,True,True,45.0,45,45,35.0,34,36,10.0,9,11,4.0,4,4,0.0,0,0,0.0,0,0,0.0,0,0,0.0,0,0,0.0,0,0,4.0,4,4
poorly_conditioned,dropout_20,retarded_ekf,True,2.5,2,1,1,0.5,0.09453120573423074,0.9054687942657693,1,0.5,0.09453120573423074,0.9054687942657693,"{""not_initialized"": 1}",0.8368916553354946,0.8368916553354946,0.5498327755409169,0.5498327755409169,1,2,1.0,0.20654931437723745,1.0,0.5,0.09453120573423074,0.9054687942657693,1,linear,whole_base_sequence,2.925038560447026,2.925038560447026,6,0,0,nan,nan,nan,2,True,0.028033750000759028,0.0,0.0,0.018584858944031578,271.8191065942354,271.8191065942354,2.4132316630875192,True,True,True,45.0,45,45,35.0,34,36,10.0,9,11,5.5,5,6,3.0,0,6,3.0,0,6,0.0,0,0,0.0,0,0,0.0,0,0,2.5,0,5
poorly_conditioned,dropout_20,retarded_ekf,True,3.0,2,2,0,1.0,0.34238022750665303,1.0,2,1.0,0.34238022750665303,1.0,{},2.1590782701686377,2.7686287593172927,1.0209014064419994,1.2957196791026246,2,2,1.0,0.34238022750665303,1.0,1.0,0.34238022750665303,1.0,2,linear,whole_base_sequence,3.037725573030106,3.1391438843548563,6,0,0,nan,nan,nan,2,True,0.024074800006928854,0.0,0.0,0.012448667647187982,604.669731780294,608.8568398871244,2.729866339133046,True,True,True,45.0,45,45,35.0,34,36,10.0,9,11,6.0,6,6,6.0,6,6,6.0,6,6,0.0,0,0,0.0,0,0,0.0,0,0,0.0,0,0
poorly_conditioned,dropout_20,retarded_ekf,True,3.5,2,2,0,1.0,0.34238022750665303,1.0,2,1.0,0.34238022750665303,1.0,{},1.4501380194988944,1.8929202233934825,0.5657386715359857,0.7586438267899691,2,2,1.0,0.34238022750665303,1.0,1.0,0.34238022750665303,1.0,2,linear,whole_base_sequence,7.217598441776595,9.44746596577055,6,5,0,0.8813457942540968,2.1101142418706083,1.0,2,True,0.002293950004968792,0.0013780000153928995,0.0,0.008211216398710834,104.9558925354294,130.07308044992627,3.43688567213205,True,True,True,45.0,45,45,35.0,34,36,10.0,9,11,8.5,8,9,8.5,8,9,6.0,6,6,2.5,2,3,0.0,0,0,0.0,0,0,0.0,0,0
poorly_conditioned,dropout_20,retarded_ekf,True,4.0,2,2,0,1.0,0.34238022750665303,1.0,2,1.0,0.34238022750665303,1.0,{},0.7818551344006991,0.8973845560701285,0.20641865794770298,0.26358129052001134,2,2,1.0,0.34238022750665303,1.0,1.0,0.34238022750665303,1.0,2,linear,whole_base_sequence,4.923743898748929,5.089142334017916,6,2,0,3.222345181428074,4.498582083145069,1.0,2,True,0.0009408499900018796,0.0004791999963345006,0.0,0.005819936150135045,129.84231389021642,157.80820629495852,3.8683701910815635,True,True,True,45.0,45,45,35.0,34,36,10.0,9,11,9.5,9,10,9.5,9,10,6.0,6,6,3.5,3,4,0.0,0,0,0.0,0,0,0.0,0,0
poorly_conditioned,dropout_20,retarded_ekf,True,4.5,2,2,0,1.0,0.34238022750665303,1.0,2,1.0,0.34238022750665303,1.0,{},0.4173744190467183,0.4775566836359143,0.09970504155151713,0.11763602285764532,2,2,1.0,0.34238022750665303,1.0,1.0,0.34238022750665303,1.0,2,linear,whole_base_sequence,3.313061221102234,4.4735456727731835,6,4,0,1.5728100383920658,3.5108299630759014,1.0,2,True,0.002371050009969622,0.0013201999972807243,0.0,0.004171994471331048,120.39127982364514,131.93729875899365,4.425125971751172,True,True,True,45.0,45,45,35.0,34,36,10.0,9,11,11.5,11,12,11.5,11,12,6.0,6,6,5.5,5,6,0.0,0,0,0.0,0,0,0.0,0,0
poorly_conditioned,dropout_20,retarded_ekf,True,5.0,2,2,0,1.0,0.34238022750665303,1.0,2,1.0,0.34238022750665303,1.0,{},0.5088113083029839,0.613905708472661,0.19242476415917842,0.20373368085639146,2,2,1.0,0.34238022750665303,1.0,1.0,0.34238022750665303,1.0,2,linear,whole_base_sequence,3.805777525061546,4.2348896974285735,6,2,0,3.6307667755580244,5.27498316356109,1.0,2,True,0.0013049499975750223,0.0006541500042658299,0.0,0.0031150747108666405,161.83479371579998,174.19010367835008,4.868657656895602,True,True,True,45.0,45,45,35.0,34,36,10.0,9,11,12.5,12,13,12.5,12,13,6.0,6,6,6.5,6,7,0.0,0,0,0.0,0,0,0.0,0,0
poorly_conditioned,dropout_20,retarded_ekf,True,5.5,2,2,0,1.0,0.34238022750665303,1.0,2,1.0,0.34238022750665303,1.0,{},0.6797953802580191,0.796036878746363,0.22410136201651623,0.22602955803179461,2,2,1.0,0.34238022750665303,1.0,1.0,0.34238022750665303,1.0,2,linear,whole_base_sequence,3.795320366137177,4.86989323963493,6,2,0,3.508084765329972,6.443553145833638,0.5,2,True,0.0017608500056667253,0.0008603499882156029,0.0,0.002358179982083473,248.04763921661782,258.81446722704453,5.162754229854422,True,True,True,45.0,45,45,35.0,34,36,10.0,9,11,13.5,13,14,13.5,13,14,6.0,6,6,7.5,7,8,0.0,0,0,0.0,0,0,0.0,0,0
poorly_conditioned,dropout_20,retarded_ekf,True,6.0,2,2,0,1.0,0.34238022750665303,1.0,2,1.0,0.34238022750665303,1.0,{},0.5441839087881319,0.5929735857325215,0.19772218593789578,0.2146783287685071,2,2,1.0,0.34238022750665303,1.0,1.0,0.34238022750665303,1.0,2,linear,whole_base_sequence,3.3178290503920675,4.561651219249366,6,5,0,1.0131365663094123,2.512216238085426,1.0,2,True,0.0037922500050626695,0.0019081000064034015,0.0,0.0018108697382239404,234.22803124093645,289.49536094538115,5.93381898535994,True,True,True,45.0,45,45,35.0,34,36,10.0,9,11,16.0,16,16,16.0,16,16,6.0,6,6,10.0,10,10,0.0,0,0,0.0,0,0,0.0,0,0
poorly_conditioned,dropout_20,retarded_ekf,True,6.5,2,2,0,1.0,0.34238022750665303,1.0,2,1.0,0.34238022750665303,1.0,{},0.46448917579584603,0.5758940726200551,0.16932787345327013,0.210938906464528,2,2,1.0,0.34238022750665303,1.0,1.0,0.34238022750665303,1.0,2,linear,whole_base_sequence,3.0465604234609214,4.534524356556288,6,1,0,1.5271768358699762,1.5271768358699762,1.0,2,True,0.00103415000194218,0.00042714999290183187,0.0,0.0014255932994499002,319.66852276533933,355.89675184697444,6.2684021152214005,True,True,True,45.0,45,45,35.0,34,36,10.0,9,11,16.5,16,17,16.5,16,17,6.0,6,6,10.5,10,11,0.0,0,0,0.0,0,0,0.0,0,0
poorly_conditioned,dropout_20,retarded_ekf,True,7.0,2,2,0,1.0,0.34238022750665303,1.0,2,1.0,0.34238022750665303,1.0,{},0.7598372867205591,0.9565651277925283,0.20391998963947064,0.2639892736223797,2,2,1.0,0.34238022750665303,1.0,1.0,0.34238022750665303,1.0,2,linear,whole_base_sequence,3.954378701756157,5.7647471103070025,6,3,0,2.3236353864293684,3.541052288284284,1.0,2,True,0.0020622499869205058,0.0009271500166505575,0.0,0.001138483488058616,323.77616009730764,372.35325026006217,6.705398745234682,True,True,True,45.0,45,45,35.0,34,36,10.0,9,11,18.0,17,19,18.0,17,19,6.0,6,6,12.0,11,13,0.0,0,0,0.0,0,0,0.0,0,0
poorly_conditioned,dropout_20,retarded_ekf,True,7.5,2,2,0,1.0,0.34238022750665303,1.0,2,1.0,0.34238022750665303,1.0,{},0.7817124378636576,0.9953669171331755,0.17917044625603742,0.2298318469763429,2,2,1.0,0.34238022750665303,1.0,1.0,0.34238022750665303,1.0,2,linear,whole_base_sequence,6.096109178220894,8.482997083217805,6,5,0,4.210875889395109,7.394898665231884,0.8,2,True,0.004058899998199195,0.0018851000058930367,0.0,0.000913997880383016,303.49109319535444,342.64718949735527,7.425735637315307,True,True,True,45.0,45,45,35.0,34,36,10.0,9,11,20.5,20,21,20.5,20,21,6.0,6,6,14.5,14,15,0.0,0,0,0.0,0,0,0.0,0,0
poorly_conditioned,dropout_20,retarded_ekf,True,8.0,2,2,0,1.0,0.34238022750665303,1.0,2,1.0,0.34238022750665303,1.0,{},0.9438222712419846,1.2473849945055453,0.1945820082673241,0.2548567006012326,2,2,1.0,0.34238022750665303,1.0,1.0,0.34238022750665303,1.0,2,linear,whole_base_sequence,6.040125355278783,9.251199390843114,6,3,0,3.1868252192347755,6.033866602092238,0.6666666666666666,2,True,0.0019601999956648797,0.0008316999883390963,0.0,0.0007431264797753261,323.0364178916405,347.6022271539169,7.908114069620163,True,True,True,45.0,45,45,35.0,34,36,10.0,9,11,22.0,21,23,22.0,21,23,6.0,6,6,16.0,15,17,0.0,0,0,0.0,0,0,0.0,0,0
poorly_conditioned,dropout_20,retarded_ekf,True,8.5,2,2,0,1.0,0.34238022750665303,1.0,2,1.0,0.34238022750665303,1.0,{},0.7970293611868463,1.061877180431264,0.16033696550154175,0.21267441401683662,2,2,1.0,0.34238022750665303,1.0,1.0,0.34238022750665303,1.0,2,linear,whole_base_sequence,4.928257771010337,7.669954458099865,6,4,0,1.6747979333464502,2.618018450663496,1.0,2,True,0.003384900002856739,0.0014283499913290143,0.0,0.0006105454243689162,307.231869974531,324.187359128355,8.452543436121086,True,True,True,45.0,45,45,35.0,34,36,10.0,9,11,24.0,23,25,24.0,23,25,6.0,6,6,18.0,17,19,0.0,0,0,0.0,0,0,0.0,0,0
poorly_conditioned,dropout_20,retarded_ekf,True,9.0,2,2,0,1.0,0.34238022750665303,1.0,2,1.0,0.34238022750665303,1.0,{},0.7203878202401021,0.9587972322887148,0.13418749796329613,0.1780441099987452,2,2,1.0,0.34238022750665303,1.0,1.0,0.34238022750665303,1.0,2,linear,whole_base_sequence,4.540430841622036,6.852397292757293,6,4,0,1.0180386133125554,2.1587073250866453,1.0,2,True,0.0032110500178532675,0.0012205500242998824,0.0,0.0005074315585743941,373.1339219556853,392.51916325071073,8.970861479749196,True,True,True,45.0,45,45,35.0,34,36,10.0,9,11,26.0,25,27,26.0,25,27,6.0,6,6,20.0,19,21,0.0,0,0,0.0,0,0,0.0,0,0
poorly_conditioned,dropout_20,retarded_ekf,True,9.5,2,2,0,1.0,0.34238022750665303,1.0,2,1.0,0.34238022750665303,1.0,{},0.7798668812215197,1.0081868167775065,0.1355760683337133,0.1761405896514112,2,2,1.0,0.34238022750665303,1.0,1.0,0.34238022750665303,1.0,2,linear,whole_base_sequence,6.25939586644746,9.026072486983665,6,2,0,2.3772142344433567,2.380747258889318,1.0,2,True,0.0020660500158555806,0.0007340500014834106,0.0,0.0004260329372663342,395.6318566746813,410.35972747433345,9.285643944107731,True,True,True,45.0,45,45,35.0,34,36,10.0,9,11,27.0,26,28,27.0,26,28,6.0,6,6,21.0,20,22,0.0,0,0,0.0,0,0,0.0,0,0
poorly_conditioned,dropout_50,causal_prefix_batch,True,0.0,2,0,2,0.0,0.0,0.6576197724933469,0,0.0,0.0,0.6576197724933469,"{""insufficient_measurements"": 2}",nan,nan,nan,nan,0,2,nan,nan,nan,0.0,0.0,0.6576197724933469,0,linear,whole_base_sequence,nan,nan,6,0,0,nan,nan,nan,2,True,3.759999526664615e-05,0.0,nan,nan,nan,nan,nan,True,True,True,45.0,45,45,23.5,22,25,21.5,20,23,0.0,0,0,0.0,0,0,0.0,0,0,0.0,0,0,0.0,0,0,0.0,0,0,0.0,0,0
poorly_conditioned,dropout_50,causal_prefix_batch,True,0.5,2,0,2,0.0,0.0,0.6576197724933469,0,0.0,0.0,0.6576197724933469,"{""insufficient_measurements"": 2}",nan,nan,nan,nan,0,2,nan,nan,nan,0.0,0.0,0.6576197724933469,0,linear,whole_base_sequence,nan,nan,6,0,0,nan,nan,nan,2,True,3.3249991247430444e-05,0.0,nan,nan,nan,nan,nan,True,True,True,45.0,45,45,23.5,22,25,21.5,20,23,0.0,0,0,0.0,0,0,0.0,0,0,0.0,0,0,0.0,0,0,0.0,0,0,0.0,0,0
poorly_conditioned,dropout_50,causal_prefix_batch,True,1.0,2,0,2,0.0,0.0,0.6576197724933469,0,0.0,0.0,0.6576197724933469,"{""insufficient_measurements"": 2}",nan,nan,nan,nan,0,2,nan,nan,nan,0.0,0.0,0.6576197724933469,0,linear,whole_base_sequence,nan,nan,6,0,0,nan,nan,nan,2,True,3.060000017285347e-05,0.0,nan,nan,nan,nan,0.7076160468149012,True,True,True,45.0,45,45,23.5,22,25,21.5,20,23,0.5,0,1,0.5,0,1,0.0,0,0,0.0,0,0,0.0,0,0,0.0,0,0,0.0,0,0
poorly_conditioned,dropout_50,causal_prefix_batch,True,1.5,2,0,2,0.0,0.0,0.6576197724933469,0,0.0,0.0,0.6576197724933469,"{""insufficient_local_observability"": 1, ""insufficient_measurements"": 1}",nan,nan,nan,nan,0,2,nan,nan,nan,0.0,0.0,0.6576197724933469,0,linear,whole_base_sequence,nan,nan,6,0,0,nan,nan,nan,2,True,0.46281890000682324,0.0,nan,nan,nan,nan,1.273375333468253,True,True,True,45.0,45,45,23.5,22,25,21.5,20,23,2.0,1,3,2.0,1,3,0.0,0,0,0.0,0,0,0.0,0,0,0.0,0,0,0.0,0,0
poorly_conditioned,dropout_50,causal_prefix_batch,True,10.0,2,2,0,1.0,0.34238022750665303,1.0,2,1.0,0.34238022750665303,1.0,{},0.9073800551337289,1.1590297882186207,0.17591313544687462,0.2196295240598189,2,2,1.0,0.34238022750665303,1.0,1.0,0.34238022750665303,1.0,2,linear,whole_base_sequence,5.25255568743425,6.898389029757125,6,0,0,nan,nan,nan,2,True,0.14405600000463892,0.0,0.0,0.0004858765571468562,585.0639557214141,680.0200996267163,9.800091873010803,True,True,True,45.0,45,45,23.5,22,25,21.5,20,23,18.0,16,20,18.0,16,20,0.0,0,0,0.0,0,0,0.0,0,0,0.0,0,0,0.0,0,0
poorly_conditioned,dropout_50,causal_prefix_batch,True,10.5,2,2,0,1.0,0.34238022750665303,1.0,2,1.0,0.34238022750665303,1.0,{},1.1138521987476317,1.2882600180716997,0.1915744469062915,0.22213203952681698,2,2,1.0,0.34238022750665303,1.0,1.0,0.34238022750665303,1.0,2,linear,whole_base_sequence,7.987393898887612,9.13268962664202,6,0,0,nan,nan,nan,2,True,0.15491139999357983,0.0,0.0,0.00041747727326326307,701.8962498095977,876.0327283322599,10.447193474048678,True,True,True,45.0,45,45,23.5,22,25,21.5,20,23,19.0,17,21,19.0,17,21,0.0,0,0,0.0,0,0,0.0,0,0,0.0,0,0,0.0,0,0
poorly_conditioned,dropout_50,causal_prefix_batch,True,11.0,2,2,0,1.0,0.34238022750665303,1.0,2,1.0,0.34238022750665303,1.0,{},0.9459701423434613,1.097361740038855,0.15623591545672794,0.18200515620763072,2,2,1.0,0.34238022750665303,1.0,1.0,0.34238022750665303,1.0,2,linear,whole_base_sequence,6.9988172947742635,7.193649698272481,6,0,0,nan,nan,nan,2,True,0.1848974000022281,0.0,0.0,0.00036075112374523593,533.4746629280255,570.5411164559384,10.890077549911041,True,True,True,45.0,45,45,23.5,22,25,21.5,20,23,20.5,18,23,20.5,18,23,0.0,0,0,0.0,0,0,0.0,0,0,0.0,0,0,0.0,0,0
poorly_conditioned,dropout_50,causal_prefix_batch,True,11.5,2,2,0,1.0,0.34238022750665303,1.0,2,1.0,0.34238022750665303,1.0,{},0.8630713403627248,0.981568536932673,0.13243714440044987,0.15213319580135037,2,2,1.0,0.34238022750665303,1.0,1.0,0.34238022750665303,1.0,2,linear,whole_base_sequence,6.155334799073179,6.325246444162615,6,0,0,nan,nan,nan,2,True,0.2202364499826217,0.0,0.0,0.00031408806873343005,592.0837033266603,601.2689966078127,11.4156034750222,True,True,True,45.0,45,45,23.5,22,25,21.5,20,23,22.0,20,24,22.0,20,24,0.0,0,0,0.0,0,0,0.0,0,0,0.0,0,0,0.0,0,0
poorly_conditioned,dropout_50,causal_prefix_batch,True,12.0,2,2,0,1.0,0.34238022750665303,1.0,2,1.0,0.34238022750665303,1.0,{},0.928203111346752,1.0571462335359958,0.13243714439155396,0.15213319578686796,2,2,1.0,0.34238022750665303,1.0,1.0,0.34238022750665303,1.0,2,linear,whole_base_sequence,6.15533479323709,6.325246443579168,6,0,0,nan,nan,nan,2,True,0.21761890001653228,0.0,0.0,0.00027523300490231954,773.2481726747884,778.3226196738497,11.4156034750222,True,True,True,45.0,45,45,23.5,22,25,21.5,20,23,22.0,20,24,22.0,20,24,0.0,0,0,0.0,0,0,0.0,0,0,0.0,0,0,0.0,0,0
poorly_conditioned,dropout_50,causal_prefix_batch,True,12.5,2,2,0,1.0,0.34238022750665303,1.0,2,1.0,0.34238022750665303,1.0,{},0.7598558687555984,0.7904970144104161,0.10215740331822477,0.10358770461305254,2,2,1.0,0.34238022750665303,1.0,1.0,0.34238022750665303,1.0,2,linear,whole_base_sequence,5.126932057818944,6.220676040790311,6,0,0,nan,nan,nan,2,True,0.16321544999664184,0.0,0.0,0.00024257176820250046,771.350890616291,828.3884107207501,12.343987423591432,True,True,True,45.0,45,45,23.5,22,25,21.5,20,23,23.5,22,25,23.5,22,25,0.0,0,0,0.0,0,0,0.0,0,0,0.0,0,0,0.0,0,0
poorly_conditioned,dropout_50,causal_prefix_batch,True,14.5,2,2,0,1.0,0.34238022750665303,1.0,2,1.0,0.34238022750665303,1.0,{},0.960415819766053,0.9923366747279252,0.10215740330086213,0.10358770461129083,2,2,1.0,0.34238022750665303,1.0,1.0,0.34238022750665303,1.0,2,linear,whole_base_sequence,5.126932070224765,6.220676042031631,6,0,0,nan,nan,nan,2,True,0.14881970001442824,0.0,0.0,0.0001543497935417977,1922.7168948023827,2004.5033450629019,12.343987423591432,True,True,True,45.0,45,45,23.5,22,25,21.5,20,23,23.5,22,25,23.5,22,25,0.0,0,0,0.0,0,0,0.0,0,0,0.0,0,0,0.0,0,0
poorly_conditioned,dropout_50,causal_prefix_batch,True,2.0,2,1,1,0.5,0.09453120573423074,0.9054687942657693,1,0.5,0.09453120573423074,0.9054687942657693,"{""insufficient_measurements"": 1}",8.015804149352451,8.015804149352451,5.363153061328987,5.363153061328987,1,2,1.0,0.20654931437723745,1.0,0.5,0.09453120573423074,0.9054687942657693,1,linear,whole_base_sequence,1.7591182084164372,1.7591182084164372,6,0,0,nan,nan,nan,2,True,0.028047300002072006,0.0,0.0,0.0314172866826709,440173.01275867334,440173.01275867334,1.573084377681236,True,True,True,45.0,45,45,23.5,22,25,21.5,20,23,3.0,2,4,3.0,2,4,0.0,0,0,0.0,0,0,0.0,0,0,0.0,0,0,0.0,0,0
poorly_conditioned,dropout_50,causal_prefix_batch,True,2.5,2,1,1,0.5,0.09453120573423074,0.9054687942657693,1,0.5,0.09453120573423074,0.9054687942657693,"{""insufficient_local_observability"": 1}",1.9478952815764512,1.9478952815764512,1.0970010775525731,1.0970010775525731,1,2,1.0,0.20654931437723745,1.0,0.5,0.09453120573423074,0.9054687942657693,1,linear,whole_base_sequence,1.7548419724828523,1.7548419724828523,6,0,0,nan,nan,nan,2,True,0.6870297500136076,0.0,0.0,0.01958322840784045,316.22482540165373,316.22482540165373,2.0344079561934287,True,True,True,45.0,45,45,23.5,22,25,21.5,20,23,4.0,3,5,4.0,3,5,0.0,0,0,0.0,0,0,0.0,0,0,0.0,0,0,0.0,0,0
poorly_conditioned,dropout_50,causal_prefix_batch,True,3.0,2,1,1,0.5,0.09453120573423074,0.9054687942657693,1,0.5,0.09453120573423074,0.9054687942657693,"{""insufficient_local_observability"": 1}",2.488806110119011,2.488806110119011,1.097001077550566,1.097001077550566,1,2,1.0,0.20654931437723745,1.0,0.5,0.09453120573423074,0.9054687942657693,1,linear,whole_base_sequence,1.7548419724783928,1.7548419724783928,6,0,0,nan,nan,nan,2,True,0.9295854499941925,0.0,0.0,0.013347706816937657,679.7794594180925,679.7794594180925,2.0344079561934287,True,True,True,45.0,45,45,23.5,22,25,21.5,20,23,4.0,3,5,4.0,3,5,0.0,0,0,0.0,0,0,0.0,0,0,0.0,0,0,0.0,0,0
poorly_conditioned,dropout_50,causal_prefix_batch,True,3.5,2,2,0,1.0,0.34238022750665303,1.0,2,1.0,0.34238022750665303,1.0,{},2.484700945384602,2.9695884749622516,0.9037036342073792,1.0749362777046054,2,2,1.0,0.34238022750665303,1.0,1.0,0.34238022750665303,1.0,2,linear,whole_base_sequence,3.9335348798152565,5.894358496422467,6,0,0,nan,nan,nan,2,True,0.0411366500047734,0.0,0.0,0.009577741583665048,714.8911393004088,1318.8706244049542,3.3189902538595284,True,True,True,45.0,45,45,23.5,22,25,21.5,20,23,5.0,5,5,5.0,5,5,0.0,0,0,0.0,0,0,0.0,0,0,0.0,0,0,0.0,0,0
poorly_conditioned,dropout_50,causal_prefix_batch,True,4.0,2,2,0,1.0,0.34238022750665303,1.0,2,1.0,0.34238022750665303,1.0,{},2.626284074677201,3.0300054290793814,0.8225559421690685,0.9456000110732238,2,2,1.0,0.34238022750665303,1.0,1.0,0.34238022750665303,1.0,2,linear,whole_base_sequence,4.114228245375373,5.91242782921578,6,0,0,nan,nan,nan,2,True,0.04559414999675937,0.0,0.0,0.00702627582216707,1151.5107926293015,2071.8491240368076,3.566865692619066,True,True,True,45.0,45,45,23.5,22,25,21.5,20,23,5.5,5,6,5.5,5,6,0.0,0,0,0.0,0,0,0.0,0,0,0.0,0,0,0.0,0,0
poorly_conditioned,dropout_50,causal_prefix_batch,True,4.5,2,2,0,1.0,0.34238022750665303,1.0,2,1.0,0.34238022750665303,1.0,{},0.8560532340750124,0.9551249396699005,0.23110714640554125,0.2780001489451611,2,2,1.0,0.34238022750665303,1.0,1.0,0.34238022750665303,1.0,2,linear,whole_base_sequence,3.6355865270951506,4.595725428073268,6,0,0,nan,nan,nan,2,True,0.0652362999971956,0.0,0.0,0.00513958699968027,149.9204199341649,161.43828239995673,4.425125971751172,True,True,True,45.0,45,45,23.5,22,25,21.5,20,23,7.5,7,8,7.5,7,8,0.0,0,0,0.0,0,0,0.0,0,0,0.0,0,0,0.0,0,0
poorly_conditioned,dropout_50,causal_prefix_batch,True,5.0,2,2,0,1.0,0.34238022750665303,1.0,2,1.0,0.34238022750665303,1.0,{},0.6777392622167732,0.7826750032388449,0.24599873894611976,0.30079317786068666,2,2,1.0,0.34238022750665303,1.0,1.0,0.34238022750665303,1.0,2,linear,whole_base_sequence,3.3264130528870557,4.00829582706163,6,0,0,nan,nan,nan,2,True,0.05616345000453293,0.0,0.0,0.003923957344863061,210.73450735235332,235.14095022275345,4.632874475616951,True,True,True,45.0,45,45,23.5,22,25,21.5,20,23,8.0,8,8,8.0,8,8,0.0,0,0,0.0,0,0,0.0,0,0,0.0,0,0,0.0,0,0
poorly_conditioned,dropout_50,causal_prefix_batch,True,5.5,2,2,0,1.0,0.34238022750665303,1.0,2,1.0,0.34238022750665303,1.0,{},0.5571892704946393,0.6419784346844553,0.23474489998868156,0.2988955321094115,2,2,1.0,0.34238022750665303,1.0,1.0,0.34238022750665303,1.0,2,linear,whole_base_sequence,3.3904980176088753,4.014704326383986,6,0,0,nan,nan,nan,2,True,0.06199035000463482,0.0,0.0,0.0029996518875723597,323.09769341585593,327.773523495436,5.139787447558072,True,True,True,45.0,45,45,23.5,22,25,21.5,20,23,8.5,8,9,8.5,8,9,0.0,0,0,0.0,0,0,0.0,0,0,0.0,0,0,0.0,0,0
poorly_conditioned,dropout_50,causal_prefix_batch,True,6.0,2,2,0,1.0,0.34238022750665303,1.0,2,1.0,0.34238022750665303,1.0,{},0.41407312013034003,0.44746364633569635,0.19908448403893586,0.24141463271828076,2,2,1.0,0.34238022750665303,1.0,1.0,0.34238022750665303,1.0,2,linear,whole_base_sequence,3.0601273464525107,3.6492255307265524,6,0,0,nan,nan,nan,2,True,0.07380869999178685,0.0,0.0,0.002335736092480647,355.56140824511294,410.48313914293374,5.93381898535994,True,True,True,45.0,45,45,23.5,22,25,21.5,20,23,10.0,9,11,10.0,9,11,0.0,0,0,0.0,0,0,0.0,0,0,0.0,0,0,0.0,0,0
poorly_conditioned,dropout_50,causal_prefix_batch,True,6.5,2,2,0,1.0,0.34238022750665303,1.0,2,1.0,0.34238022750665303,1.0,{},0.47348523789459446,0.5492878963842217,0.18090648043613278,0.23799087692803378,2,2,1.0,0.34238022750665303,1.0,1.0,0.34238022750665303,1.0,2,linear,whole_base_sequence,3.190479544858324,3.6622607505670848,6,0,0,nan,nan,nan,2,True,0.07693344999279361,0.0,0.0,0.0018536491031608904,494.2302531541003,660.8525959712165,6.2684021152214005,True,True,True,45.0,45,45,23.5,22,25,21.5,20,23,10.5,9,12,10.5,9,12,0.0,0,0,0.0,0,0,0.0,0,0,0.0,0,0,0.0,0,0
poorly_conditioned,dropout_50,causal_prefix_batch,True,7.0,2,2,0,1.0,0.34238022750665303,1.0,2,1.0,0.34238022750665303,1.0,{},1.2011510792215876,1.5310578390611702,0.30856237962941035,0.41438606505928793,2,2,1.0,0.34238022750665303,1.0,1.0,0.34238022750665303,1.0,2,linear,whole_base_sequence,4.579177389052794,5.166018511675624,6,0,0,nan,nan,nan,2,True,0.07168984999589156,0.0,0.0,0.0014741173033483018,374.92498968428333,526.1760578995094,6.705398745234682,True,True,True,45.0,45,45,23.5,22,25,21.5,20,23,12.0,10,14,12.0,10,14,0.0,0,0,0.0,0,0,0.0,0,0,0.0,0,0,0.0,0,0
poorly_conditioned,dropout_50,causal_prefix_batch,True,7.5,2,2,0,1.0,0.34238022750665303,1.0,2,1.0,0.34238022750665303,1.0,{},0.9210941427829288,1.1045817253960473,0.21683065346447739,0.2900255811017503,2,2,1.0,0.34238022750665303,1.0,1.0,0.34238022750665303,1.0,2,linear,whole_base_sequence,7.7040924212711905,11.103357072890178,6,0,0,nan,nan,nan,2,True,0.09233184999902733,0.0,0.0,0.0011931673773743741,345.62245361541665,358.6588363810332,7.425735637315307,True,True,True,45.0,45,45,23.5,22,25,21.5,20,23,13.0,12,14,13.0,12,14,0.0,0,0,0.0,0,0,0.0,0,0,0.0,0,0,0.0,0,0
poorly_conditioned,dropout_50,causal_prefix_batch,True,8.0,2,2,0,1.0,0.34238022750665303,1.0,2,1.0,0.34238022750665303,1.0,{},1.058228149008833,1.4186074853644461,0.25076166810503986,0.3356760176170726,2,2,1.0,0.34238022750665303,1.0,1.0,0.34238022750665303,1.0,2,linear,whole_base_sequence,6.120348536092072,9.249311742849958,6,0,0,nan,nan,nan,2,True,0.11073939999914728,0.0,0.0,0.0009771918188546445,371.20189523897375,467.52255228943545,7.908114069620163,True,True,True,45.0,45,45,23.5,22,25,21.5,20,23,14.5,13,16,14.5,13,16,0.0,0,0,0.0,0,0,0.0,0,0,0.0,0,0,0.0,0,0
poorly_conditioned,dropout_50,causal_prefix_batch,True,8.5,2,2,0,1.0,0.34238022750665303,1.0,2,1.0,0.34238022750665303,1.0,{},0.6616826551185077,0.8868130093629982,0.1785103171885783,0.2325075146662044,2,2,1.0,0.34238022750665303,1.0,1.0,0.34238022750665303,1.0,2,linear,whole_base_sequence,4.252532579521565,5.840589871278659,6,0,0,nan,nan,nan,2,True,0.14231049999943934,0.0,0.0,0.0008082412825263284,302.5829031777164,342.9639308603268,8.298008323624686,True,True,True,45.0,45,45,23.5,22,25,21.5,20,23,16.0,15,17,16.0,15,17,0.0,0,0,0.0,0,0,0.0,0,0,0.0,0,0,0.0,0,0
poorly_conditioned,dropout_50,causal_prefix_batch,True,9.0,2,2,0,1.0,0.34238022750665303,1.0,2,1.0,0.34238022750665303,1.0,{},0.7003801315610035,0.9321856581645396,0.17014495533532306,0.21856866606833608,2,2,1.0,0.34238022750665303,1.0,1.0,0.34238022750665303,1.0,2,linear,whole_base_sequence,4.815525349630802,6.854685995977038,6,0,0,nan,nan,nan,2,True,0.11772675000247546,0.0,0.0,0.0006759248715906125,394.6863173134351,438.0988422958828,8.970861479749196,True,True,True,45.0,45,45,23.5,22,25,21.5,20,23,17.0,16,18,17.0,16,18,0.0,0,0,0.0,0,0,0.0,0,0,0.0,0,0,0.0,0,0
poorly_conditioned,dropout_50,causal_prefix_batch,True,9.5,2,2,0,1.0,0.34238022750665303,1.0,2,1.0,0.34238022750665303,1.0,{},0.8448477082435186,1.054212470587328,0.1795435854292371,0.22021330310539908,2,2,1.0,0.34238022750665303,1.0,1.0,0.34238022750665303,1.0,2,linear,whole_base_sequence,5.48129966223347,6.921263432355255,6,0,0,nan,nan,nan,2,True,0.13018670000019483,0.0,0.0,0.000570561666409966,443.0751420754271,493.2734014053569,9.192236832323902,True,True,True,45.0,45,45,23.5,22,25,21.5,20,23,17.5,16,19,17.5,16,19,0.0,0,0,0.0,0,0,0.0,0,0,0.0,0,0,0.0,0,0
poorly_conditioned,dropout_50,initial_batch_no_updates,True,0.0,2,0,2,0.0,0.0,0.6576197724933469,0,0.0,0.0,0.6576197724933469,"{""not_initialized"": 2}",nan,nan,nan,nan,0,2,nan,nan,nan,0.0,0.0,0.6576197724933469,0,linear,whole_base_sequence,nan,nan,6,0,0,nan,nan,nan,2,True,2.1500018192455173e-06,0.0,nan,nan,nan,nan,nan,True,True,True,45.0,45,45,23.5,22,25,21.5,20,23,0.0,0,0,0.0,0,0,0.0,0,0,0.0,0,0,0.0,0,0,0.0,0,0,0.0,0,0
poorly_conditioned,dropout_50,initial_batch_no_updates,True,0.5,2,0,2,0.0,0.0,0.6576197724933469,0,0.0,0.0,0.6576197724933469,"{""not_initialized"": 2}",nan,nan,nan,nan,0,2,nan,nan,nan,0.0,0.0,0.6576197724933469,0,linear,whole_base_sequence,nan,nan,6,0,0,nan,nan,nan,2,True,1.6499980119988322e-06,0.0,nan,nan,nan,nan,nan,True,True,True,45.0,45,45,23.5,22,25,21.5,20,23,0.0,0,0,0.0,0,0,0.0,0,0,0.0,0,0,0.0,0,0,0.0,0,0,0.0,0,0
poorly_conditioned,dropout_50,initial_batch_no_updates,True,1.0,2,0,2,0.0,0.0,0.6576197724933469,0,0.0,0.0,0.6576197724933469,"{""not_initialized"": 2}",nan,nan,nan,nan,0,2,nan,nan,nan,0.0,0.0,0.6576197724933469,0,linear,whole_base_sequence,nan,nan,6,0,0,nan,nan,nan,2,True,1.6499980119988322e-06,0.0,nan,nan,nan,nan,0.7076160468149012,True,True,True,45.0,45,45,23.5,22,25,21.5,20,23,0.5,0,1,0.0,0,0,0.0,0,0,0.0,0,0,0.0,0,0,0.0,0,0,0.5,0,1
poorly_conditioned,dropout_50,initial_batch_no_updates,True,1.5,2,0,2,0.0,0.0,0.6576197724933469,0,0.0,0.0,0.6576197724933469,"{""not_initialized"": 2}",nan,nan,nan,nan,0,2,nan,nan,nan,0.0,0.0,0.6576197724933469,0,linear,whole_base_sequence,nan,nan,6,0,0,nan,nan,nan,2,True,2.4500041035935283e-06,0.0,nan,nan,nan,nan,1.273375333468253,True,True,True,45.0,45,45,23.5,22,25,21.5,20,23,2.0,1,3,0.0,0,0,0.0,0,0,0.0,0,0,0.0,0,0,0.0,0,0,2.0,1,3
poorly_conditioned,dropout_50,initial_batch_no_updates,True,10.0,2,2,0,1.0,0.34238022750665303,1.0,2,1.0,0.34238022750665303,1.0,{},6.9187037030509035,8.600038700069232,0.7468501898187254,0.9347420807000631,2,2,1.0,0.34238022750665303,1.0,1.0,0.34238022750665303,1.0,2,linear,whole_base_sequence,4.463693427266634,6.576411674826007,6,0,0,nan,nan,nan,2,True,0.0001235999952768907,0.0,0.0,0.0008798132153199538,67518.85092098171,118754.6154255209,9.800091873010803,True,True,True,45.0,45,45,23.5,22,25,21.5,20,23,18.0,16,20,6.0,6,6,6.0,6,6,0.0,0,0,0.0,0,0,0.0,0,0,12.0,10,14
poorly_conditioned,dropout_50,initial_batch_no_updates,True,10.5,2,2,0,1.0,0.34238022750665303,1.0,2,1.0,0.34238022750665303,1.0,{},7.290960092956499,9.066889361940843,0.7468501898187254,0.9347420807000631,2,2,1.0,0.34238022750665303,1.0,1.0,0.34238022750665303,1.0,2,linear,whole_base_sequence,4.46369342726672,6.576411674826099,6,0,0,nan,nan,nan,2,True,0.00012879999121651053,0.0,0.0,0.0007898922598253119,83608.28822524357,146613.5383584738,10.447193474048678,True,True,True,45.0,45,45,23.5,22,25,21.5,20,23,19.0,17,21,6.0,6,6,6.0,6,6,0.0,0,0,0.0,0,0,0.0,0,0,13.0,11,15
poorly_conditioned,dropout_50,initial_batch_no_updates,True,11.0,2,2,0,1.0,0.34238022750665303,1.0,2,1.0,0.34238022750665303,1.0,{},7.66333020472003,9.533790457099329,0.7468501898187254,0.9347420807000631,2,2,1.0,0.34238022750665303,1.0,1.0,0.34238022750665303,1.0,2,linear,whole_base_sequence,4.46369342726664,6.576411674826084,6,0,0,nan,nan,nan,2,True,0.000155699992319569,0.0,0.0,0.0007129889440236283,102440.50016845336,179141.26891536207,10.890077549911041,True,True,True,45.0,45,45,23.5,22,25,21.5,20,23,20.5,18,23,6.0,6,6,6.0,6,6,0.0,0,0,0.0,0,0,0.0,0,0,14.5,12,17
poorly_conditioned,dropout_50,initial_batch_no_updates,True,11.5,2,2,0,1.0,0.34238022750665303,1.0,2,1.0,0.34238022750665303,1.0,{},8.035798229117036,10.0007350010464,0.7468501898187254,0.9347420807000631,2,2,1.0,0.34238022750665303,1.0,1.0,0.34238022750665303,1.0,2,linear,whole_base_sequence,4.463693427266598,6.576411674825964,6,0,0,nan,nan,nan,2,True,0.00014674999692942947,0.0,0.0,0.000646722977921015,124313.27237336,216835.37510460312,11.4156034750222,True,True,True,45.0,45,45,23.5,22,25,21.5,20,23,22.0,20,24,6.0,6,6,6.0,6,6,0.0,0,0,0.0,0,0,0.0,0,0,16.0,14,18
poorly_conditioned,dropout_50,initial_batch_no_updates,True,12.0,2,2,0,1.0,0.34238022750665303,1.0,2,1.0,0.34238022750665303,1.0,{},8.408351154334774,10.467717240850476,0.7468501898187254,0.9347420807000631,2,2,1.0,0.34238022750665303,1.0,1.0,0.34238022750665303,1.0,2,linear,whole_base_sequence,4.463693427266669,6.576411674826083,6,0,0,nan,nan,nan,2,True,0.00014685001224279404,0.0,0.0,0.000589230883771262,149539.86127135053,260218.75792657826,11.4156034750222,True,True,True,45.0,45,45,23.5,22,25,21.5,20,23,22.0,20,24,6.0,6,6,6.0,6,6,0.0,0,0,0.0,0,0,0.0,0,0,16.0,14,18
poorly_conditioned,dropout_50,initial_batch_no_updates,True,12.5,2,2,0,1.0,0.34238022750665303,1.0,2,1.0,0.34238022750665303,1.0,{},8.780978174049936,10.934732395373779,0.7468501898187254,0.9347420807000631,2,2,1.0,0.34238022750665303,1.0,1.0,0.34238022750665303,1.0,2,linear,whole_base_sequence,4.463693427266638,6.576411674826011,6,0,0,nan,nan,nan,2,True,0.00012169999536126852,0.0,0.0,0.000539037769439324,178448.99412918152,309839.6514293409,12.343987423591432,True,True,True,45.0,45,45,23.5,22,25,21.5,20,23,23.5,22,25,6.0,6,6,6.0,6,6,0.0,0,0,0.0,0,0,0.0,0,0,17.5,16,19
poorly_conditioned,dropout_50,initial_batch_no_updates,True,14.5,2,2,0,1.0,0.34238022750665303,1.0,2,1.0,0.34238022750665303,1.0,{},10.272065905038605,12.803050726526381,0.7468501898187254,0.9347420807000631,2,2,1.0,0.34238022750665303,1.0,1.0,0.34238022750665303,1.0,2,linear,whole_base_sequence,4.463693427266563,6.576411674825941,6,0,0,nan,nan,nan,2,True,0.00011069998436141759,0.0,0.0,0.00039079768945763103,338026.99009638646,582549.6707222419,12.343987423591432,True,True,True,45.0,45,45,23.5,22,25,21.5,20,23,23.5,22,25,6.0,6,6,6.0,6,6,0.0,0,0,0.0,0,0,0.0,0,0,17.5,16,19
poorly_conditioned,dropout_50,initial_batch_no_updates,True,2.0,2,0,2,0.0,0.0,0.6576197724933469,0,0.0,0.0,0.6576197724933469,"{""not_initialized"": 2}",nan,nan,nan,nan,0,2,nan,nan,nan,0.0,0.0,0.6576197724933469,0,linear,whole_base_sequence,nan,nan,6,0,0,nan,nan,nan,2,True,2.0500010577961802e-06,0.0,nan,nan,nan,nan,1.573084377681236,True,True,True,45.0,45,45,23.5,22,25,21.5,20,23,3.0,2,4,0.0,0,0,0.0,0,0,0.0,0,0,0.0,0,0,0.0,0,0,3.0,2,4
poorly_conditioned,dropout_50,initial_batch_no_updates,True,2.5,2,0,2,0.0,0.0,0.6576197724933469,0,0.0,0.0,0.6576197724933469,"{""not_initialized"": 2}",nan,nan,nan,nan,0,2,nan,nan,nan,0.0,0.0,0.6576197724933469,0,linear,whole_base_sequence,nan,nan,6,0,0,nan,nan,nan,2,True,3.249995643272996e-06,0.0,nan,nan,nan,nan,2.0344079561934287,True,True,True,45.0,45,45,23.5,22,25,21.5,20,23,4.0,3,5,0.0,0,0,0.0,0,0,0.0,0,0,0.0,0,0,0.0,0,0,4.0,3,5
poorly_conditioned,dropout_50,initial_batch_no_updates,True,3.0,2,0,2,0.0,0.0,0.6576197724933469,0,0.0,0.0,0.6576197724933469,"{""not_initialized"": 2}",nan,nan,nan,nan,0,2,nan,nan,nan,0.0,0.0,0.6576197724933469,0,linear,whole_base_sequence,nan,nan,6,0,0,nan,nan,nan,2,True,3.649998689070344e-06,0.0,nan,nan,nan,nan,2.0344079561934287,True,True,True,45.0,45,45,23.5,22,25,21.5,20,23,4.0,3,5,0.0,0,0,0.0,0,0,0.0,0,0,0.0,0,0,0.0,0,0,4.0,3,5
poorly_conditioned,dropout_50,initial_batch_no_updates,True,3.5,2,0,2,0.0,0.0,0.6576197724933469,0,0.0,0.0,0.6576197724933469,"{""not_initialized"": 2}",nan,nan,nan,nan,0,2,nan,nan,nan,0.0,0.0,0.6576197724933469,0,linear,whole_base_sequence,nan,nan,6,0,0,nan,nan,nan,2,True,3.9000005926936865e-06,0.0,nan,nan,nan,nan,3.3189902538595284,True,True,True,45.0,45,45,23.5,22,25,21.5,20,23,5.0,5,5,0.0,0,0,0.0,0,0,0.0,0,0,0.0,0,0,0.0,0,0,5.0,5,5
poorly_conditioned,dropout_50,initial_batch_no_updates,True,4.0,2,1,1,0.5,0.09453120573423074,0.9054687942657693,1,0.5,0.09453120573423074,0.9054687942657693,"{""not_initialized"": 1}",3.0802543633542796,3.0802543633542796,0.9608576389553668,0.9608576389553668,1,2,1.0,0.20654931437723745,1.0,0.5,0.09453120573423074,0.9054687942657693,1,linear,whole_base_sequence,2.116228707756226,2.116228707756226,6,0,0,nan,nan,nan,2,True,8.820001676212996e-05,0.0,0.0,0.007026275822167371,2071.8491240368867,2071.8491240368867,3.566865692619066,True,True,True,45.0,45,45,23.5,22,25,21.5,20,23,5.5,5,6,3.0,0,6,3.0,0,6,0.0,0,0,0.0,0,0,0.0,0,0,2.5,0,5
poorly_conditioned,dropout_50,initial_batch_no_updates,True,4.5,2,2,0,1.0,0.34238022750665303,1.0,2,1.0,0.34238022750665303,1.0,{},2.8441788126735372,3.473631752169668,0.7468501898187254,0.9347420807000631,2,2,1.0,0.34238022750665303,1.0,1.0,0.34238022750665303,1.0,2,linear,whole_base_sequence,4.46369342726665,6.576411674826027,6,0,0,nan,nan,nan,2,True,0.00010019999172072858,0.0,0.0,0.00537734176563926,1875.803075339049,3497.779823457146,4.425125971751172,True,True,True,45.0,45,45,23.5,22,25,21.5,20,23,7.5,7,8,6.0,6,6,6.0,6,6,0.0,0,0,0.0,0,0,0.0,0,0,1.5,1,2
poorly_conditioned,dropout_50,initial_batch_no_updates,True,5.0,2,2,0,1.0,0.34238022750665303,1.0,2,1.0,0.34238022750665303,1.0,{},3.211101467060417,3.938135342028918,0.7468501898187254,0.9347420807000631,2,2,1.0,0.34238022750665303,1.0,1.0,0.34238022750665303,1.0,2,linear,whole_base_sequence,4.463693427266624,6.576411674825985,6,0,0,nan,nan,nan,2,True,0.0001723000023048371,0.0,0.0,0.00422606234143313,3024.9153459961785,5596.0345682482985,4.632874475616951,True,True,True,45.0,45,45,23.5,22,25,21.5,20,23,8.0,8,8,6.0,6,6,6.0,6,6,0.0,0,0,0.0,0,0,0.0,0,0,2.0,2,2
poorly_conditioned,dropout_50,initial_batch_no_updates,True,5.5,2,2,0,1.0,0.34238022750665303,1.0,2,1.0,0.34238022750665303,1.0,{},3.579369322669886,4.403229147725461,0.7468501898187254,0.9347420807000631,2,2,1.0,0.34238022750665303,1.0,1.0,0.34238022750665303,1.0,2,linear,whole_base_sequence,4.463693427266639,6.576411674826004,6,0,0,nan,nan,nan,2,True,0.00010940000356640667,0.0,0.0,0.0033967346285154066,4661.740283180136,8560.856675720315,5.139787447558072,True,True,True,45.0,45,45,23.5,22,25,21.5,20,23,8.5,8,9,6.0,6,6,6.0,6,6,0.0,0,0,0.0,0,0,0.0,0,0,2.5,2,3
poorly_conditioned,dropout_50,initial_batch_no_updates,True,6.0,2,2,0,1.0,0.34238022750665303,1.0,2,1.0,0.34238022750665303,1.0,{},3.94860601572239,4.8687483690029465,0.7468501898187254,0.9347420807000631,2,2,1.0,0.34238022750665303,1.0,1.0,0.34238022750665303,1.0,2,linear,whole_base_sequence,4.463693427266657,6.576411674826012,6,0,0,nan,nan,nan,2,True,8.170001092366874e-05,0.0,0.0,0.0027830086056452276,6914.120171381039,12611.612319245793,5.93381898535994,True,True,True,45.0,45,45,23.5,22,25,21.5,20,23,10.0,9,11,6.0,6,6,6.0,6,6,0.0,0,0,0.0,0,0,0.0,0,0,4.0,3,5
poorly_conditioned,dropout_50,initial_batch_no_updates,True,6.5,2,2,0,1.0,0.34238022750665303,1.0,2,1.0,0.34238022750665303,1.0,{},4.318563046864543,5.334584251736193,0.7468501898187254,0.9347420807000631,2,2,1.0,0.34238022750665303,1.0,1.0,0.34238022750665303,1.0,2,linear,whole_base_sequence,4.463693427266623,6.576411674825967,6,0,0,nan,nan,nan,2,True,0.00010415000724606216,0.0,0.0,0.0023179888341007733,9925.262296937886,17992.79482877212,6.2684021152214005,True,True,True,45.0,45,45,23.5,22,25,21.5,20,23,10.5,9,12,6.0,6,6,6.0,6,6,0.0,0,0,0.0,0,0,0.0,0,0,4.5,3,6
poorly_conditioned,dropout_50,initial_batch_no_updates,True,7.0,2,2,0,1.0,0.34238022750665303,1.0,2,1.0,0.34238022750665303,1.0,{},4.689069920048646,5.800662146383472,0.7468501898187254,0.9347420807000631,2,2,1.0,0.34238022750665303,1.0,1.0,0.34238022750665303,1.0,2,linear,whole_base_sequence,4.463693427266646,6.576411674825995,6,0,0,nan,nan,nan,2,True,0.00010969999129883945,0.0,0.0,0.0019582540458371453,13853.780864965698,24974.10517821946,6.705398745234682,True,True,True,45.0,45,45,23.5,22,25,21.5,20,23,12.0,10,14,6.0,6,6,6.0,6,6,0.0,0,0,0.0,0,0,0.0,0,0,6.0,4,8
poorly_conditioned,dropout_50,initial_batch_no_updates,True,7.5,2,2,0,1.0,0.34238022750665303,1.0,2,1.0,0.34238022750665303,1.0,{},5.060005854095652,6.266929122958584,0.7468501898187254,0.9347420807000631,2,2,1.0,0.34238022750665303,1.0,1.0,0.34238022750665303,1.0,2,linear,whole_base_sequence,4.463693427266634,6.576411674826015,6,0,0,nan,nan,nan,2,True,8.364999666810036e-05,0.0,0.0,0.0016748316114280945,18873.727507387284,33850.51162261326,7.425735637315307,True,True,True,45.0,45,45,23.5,22,25,21.5,20,23,13.0,12,14,6.0,6,6,6.0,6,6,0.0,0,0,0.0,0,0,0.0,0,0,7.0,6,8
poorly_conditioned,dropout_50,initial_batch_no_updates,True,8.0,2,2,0,1.0,0.34238022750665303,1.0,2,1.0,0.34238022750665303,1.0,{},5.431282940049763,6.733346615120021,0.7468501898187254,0.9347420807000631,2,2,1.0,0.34238022750665303,1.0,1.0,0.34238022750665303,1.0,2,linear,whole_base_sequence,4.463693427266654,6.576411674826019,6,0,0,nan,nan,nan,2,True,0.00015500000154133886,0.0,0.0,0.0014478998212568532,25174.608042682812,44942.282625704756,7.908114069620163,True,True,True,45.0,45,45,23.5,22,25,21.5,20,23,14.5,13,16,6.0,6,6,6.0,6,6,0.0,0,0,0.0,0,0,0.0,0,0,8.5,7,10
poorly_conditioned,dropout_50,initial_batch_no_updates,True,8.5,2,2,0,1.0,0.34238022750665303,1.0,2,1.0,0.34238022750665303,1.0,{},5.802835695527229,7.1998858623400315,0.7468501898187254,0.9347420807000631,2,2,1.0,0.34238022750665303,1.0,1.0,0.34238022750665303,1.0,2,linear,whole_base_sequence,4.463693427266644,6.576411674826028,6,0,0,nan,nan,nan,2,True,0.000142250006319955,0.0,0.0,0.0012635840810382778,32961.39091396656,58595.00347452532,8.298008323624686,True,True,True,45.0,45,45,23.5,22,25,21.5,20,23,16.0,15,17,6.0,6,6,6.0,6,6,0.0,0,0,0.0,0,0,0.0,0,0,10.0,9,11
poorly_conditioned,dropout_50,initial_batch_no_updates,True,9.0,2,2,0,1.0,0.34238022750665303,1.0,2,1.0,0.34238022750665303,1.0,{},6.174614356112495,7.666524982852298,0.7468501898187254,0.9347420807000631,2,2,1.0,0.34238022750665303,1.0,1.0,0.34238022750665303,1.0,2,linear,whole_base_sequence,4.463693427266627,6.576411674826043,6,0,0,nan,nan,nan,2,True,0.00011399999493733048,0.0,0.0,0.0011119680449822565,42454.511343093254,75179.58447031955,8.970861479749196,True,True,True,45.0,45,45,23.5,22,25,21.5,20,23,17.0,16,18,6.0,6,6,6.0,6,6,0.0,0,0,0.0,0,0,0.0,0,0,11.0,10,12
poorly_conditioned,dropout_50,initial_batch_no_updates,True,9.5,2,2,0,1.0,0.34238022750665303,1.0,2,1.0,0.34238022750665303,1.0,{},6.546580434635488,8.133247035244208,0.7468501898187254,0.9347420807000631,2,2,1.0,0.34238022750665303,1.0,1.0,0.34238022750665303,1.0,2,linear,whole_base_sequence,4.463693427266566,6.576411674825859,6,0,0,nan,nan,nan,2,True,0.00011530000483617187,0.0,0.0,0.0009858286714243606,53889.87337958816,95092.26497419132,9.192236832323902,True,True,True,45.0,45,45,23.5,22,25,21.5,20,23,17.5,16,19,6.0,6,6,6.0,6,6,0.0,0,0,0.0,0,0,0.0,0,0,11.5,10,13
poorly_conditioned,dropout_50,offline_full_record_noncausal,False,14.5,2,2,0,1.0,0.34238022750665303,1.0,2,1.0,0.34238022750665303,1.0,{},0.960415819766053,0.9923366747279252,0.10215740330086213,0.10358770461129083,2,2,1.0,0.34238022750665303,1.0,1.0,0.34238022750665303,1.0,2,linear,whole_base_sequence,5.126932070224765,6.220676042031631,6,0,0,nan,nan,nan,2,True,0.13804145001631696,0.0,0.0,0.0001543497935417977,1922.7168948023827,2004.5033450629019,12.343987423591432,True,True,True,45.0,45,45,23.5,22,25,21.5,20,23,23.5,22,25,23.5,22,25,0.0,0,0,0.0,0,0,0.0,0,0,0.0,0,0,0.0,0,0
poorly_conditioned,dropout_50,retarded_ekf,True,0.0,2,0,2,0.0,0.0,0.6576197724933469,0,0.0,0.0,0.6576197724933469,"{""not_initialized"": 2}",nan,nan,nan,nan,0,2,nan,nan,nan,0.0,0.0,0.6576197724933469,0,linear,whole_base_sequence,nan,nan,6,0,0,nan,nan,nan,2,True,2.024999412242323e-05,0.0,nan,nan,nan,nan,nan,True,True,True,45.0,45,45,23.5,22,25,21.5,20,23,0.0,0,0,0.0,0,0,0.0,0,0,0.0,0,0,0.0,0,0,0.0,0,0,0.0,0,0
poorly_conditioned,dropout_50,retarded_ekf,True,0.5,2,0,2,0.0,0.0,0.6576197724933469,0,0.0,0.0,0.6576197724933469,"{""not_initialized"": 2}",nan,nan,nan,nan,0,2,nan,nan,nan,0.0,0.0,0.6576197724933469,0,linear,whole_base_sequence,nan,nan,6,0,0,nan,nan,nan,2,True,1.170000177808106e-05,0.0,nan,nan,nan,nan,nan,True,True,True,45.0,45,45,23.5,22,25,21.5,20,23,0.0,0,0,0.0,0,0,0.0,0,0,0.0,0,0,0.0,0,0,0.0,0,0,0.0,0,0
poorly_conditioned,dropout_50,retarded_ekf,True,1.0,2,0,2,0.0,0.0,0.6576197724933469,0,0.0,0.0,0.6576197724933469,"{""not_initialized"": 2}",nan,nan,nan,nan,0,2,nan,nan,nan,0.0,0.0,0.6576197724933469,0,linear,whole_base_sequence,nan,nan,6,0,0,nan,nan,nan,2,True,5.1799986977130175e-05,0.0,nan,nan,nan,nan,0.7076160468149012,True,True,True,45.0,45,45,23.5,22,25,21.5,20,23,0.5,0,1,0.0,0,0,0.0,0,0,0.0,0,0,0.0,0,0,0.0,0,0,0.5,0,1
poorly_conditioned,dropout_50,retarded_ekf,True,1.5,2,0,2,0.0,0.0,0.6576197724933469,0,0.0,0.0,0.6576197724933469,"{""not_initialized"": 2}",nan,nan,nan,nan,0,2,nan,nan,nan,0.0,0.0,0.6576197724933469,0,linear,whole_base_sequence,nan,nan,6,0,0,nan,nan,nan,2,True,0.00016769999638199806,0.0,nan,nan,nan,nan,1.273375333468253,True,True,True,45.0,45,45,23.5,22,25,21.5,20,23,2.0,1,3,0.0,0,0,0.0,0,0,0.0,0,0,0.0,0,0,0.0,0,0,2.0,1,3
poorly_conditioned,dropout_50,retarded_ekf,True,10.0,2,2,0,1.0,0.34238022750665303,1.0,2,1.0,0.34238022750665303,1.0,{},0.9137259507079863,1.167641404889884,0.17706580068827057,0.2208727442397126,2,2,1.0,0.34238022750665303,1.0,1.0,0.34238022750665303,1.0,2,linear,whole_base_sequence,5.254103696081571,6.8844565836657985,6,1,0,1.0409901437557212,1.0409901437557212,1.0,2,True,0.0010890499979723245,0.00043339999683666974,0.0,0.0004908955363881556,581.8777225183628,681.9568426106432,9.800091873010803,True,True,True,45.0,45,45,23.5,22,25,21.5,20,23,18.0,16,20,18.0,16,20,6.0,6,6,12.0,10,14,0.0,0,0,0.0,0,0,0.0,0,0
poorly_conditioned,dropout_50,retarded_ekf,True,10.5,2,2,0,1.0,0.34238022750665303,1.0,2,1.0,0.34238022750665303,1.0,{},1.121048920596196,1.2990398321261585,0.19283022781631082,0.22361101511623432,2,2,1.0,0.34238022750665303,1.0,1.0,0.34238022750665303,1.0,2,linear,whole_base_sequence,8.008197494680703,9.119732610871177,6,2,0,1.0207848274432005,1.9375253622452189,1.0,2,True,0.0016158499929588288,0.0007040500058792531,0.0,0.00042158212575314893,697.3276248284488,878.0455785405973,10.447193474048678,True,True,True,45.0,45,45,23.5,22,25,21.5,20,23,19.0,17,21,19.0,17,21,6.0,6,6,13.0,11,15,0.0,0,0,0.0,0,0,0.0,0,0
poorly_conditioned,dropout_50,retarded_ekf,True,11.0,2,2,0,1.0,0.34238022750665303,1.0,2,1.0,0.34238022750665303,1.0,{},0.9477821820575122,1.0990099041116752,0.15671500665633858,0.18233099420132218,2,2,1.0,0.34238022750665303,1.0,1.0,0.34238022750665303,1.0,2,linear,whole_base_sequence,6.992389653311433,7.144973056228982,6,3,0,1.2686985192017444,2.0551348814208077,1.0,2,True,0.002591899989056401,0.0011124000156996772,0.0,0.0003644504110875448,532.2939592183848,574.8405086983219,10.890077549911041,True,True,True,45.0,45,45,23.5,22,25,21.5,20,23,20.5,18,23,20.5,18,23,6.0,6,6,14.5,12,17,0.0,0,0,0.0,0,0,0.0,0,0
poorly_conditioned,dropout_50,retarded_ekf,True,11.5,2,2,0,1.0,0.34238022750665303,1.0,2,1.0,0.34238022750665303,1.0,{},0.861918065141876,0.978521414601903,0.1324726025212578,0.1518428326140478,2,2,1.0,0.34238022750665303,1.0,1.0,0.34238022750665303,1.0,2,linear,whole_base_sequence,6.138848030113856,6.345539992951192,6,3,0,2.2663973792755043,2.6259715077051986,1.0,2,True,0.0028795999969588593,0.0011922999983653426,0.0,0.0003173619799090969,590.8327024518592,594.8746787428687,11.4156034750222,True,True,True,45.0,45,45,23.5,22,25,21.5,20,23,22.0,20,24,22.0,20,24,6.0,6,6,16.0,14,18,0.0,0,0,0.0,0,0,0.0,0,0
poorly_conditioned,dropout_50,retarded_ekf,True,12.0,2,2,0,1.0,0.34238022750665303,1.0,2,1.0,0.34238022750665303,1.0,{},0.9270146678648642,1.0539175858372232,0.1324726025212578,0.1518428326140478,2,2,1.0,0.34238022750665303,1.0,1.0,0.34238022750665303,1.0,2,linear,whole_base_sequence,6.138848030114082,6.345539992951655,6,0,0,nan,nan,nan,2,True,0.0001807999942684546,0.0,0.0,0.00027819188350485137,771.6210163286783,773.2374531193061,11.4156034750222,True,True,True,45.0,45,45,23.5,22,25,21.5,20,23,22.0,20,24,22.0,20,24,6.0,6,6,16.0,14,18,0.0,0,0,0.0,0,0,0.0,0,0
poorly_conditioned,dropout_50,retarded_ekf,True,12.5,2,2,0,1.0,0.34238022750665303,1.0,2,1.0,0.34238022750665303,1.0,{},0.7574555365959853,0.7917713274542844,0.10195743347658069,0.10398327125658413,2,2,1.0,0.34238022750665303,1.0,1.0,0.34238022750665303,1.0,2,linear,whole_base_sequence,5.109819008003678,6.238871512826586,6,3,0,1.714339141210332,3.1329866315865247,1.0,2,True,0.003154749996610917,0.0012885000178357586,0.0,0.00024523876786031683,772.8111053914306,820.1147837897239,12.343987423591432,True,True,True,45.0,45,45,23.5,22,25,21.5,20,23,23.5,22,25,23.5,22,25,6.0,6,6,17.5,16,19,0.0,0,0,0.0,0,0,0.0,0,0
poorly_conditioned,dropout_50,retarded_ekf,True,14.5,2,2,0,1.0,0.34238022750665303,1.0,2,1.0,0.34238022750665303,1.0,{},0.9574051443126577,0.9941959049598085,0.10195743347658069,0.10398327125658413,2,2,1.0,0.34238022750665303,1.0,1.0,0.34238022750665303,1.0,2,linear,whole_base_sequence,5.109819008003678,6.238871512826644,6,0,0,nan,nan,nan,2,True,0.00013660000695381314,0.0,0.0,0.00015612912208752016,1925.8190261313089,1984.7652032700428,12.343987423591432,True,True,True,45.0,45,45,23.5,22,25,21.5,20,23,23.5,22,25,23.5,22,25,6.0,6,6,17.5,16,19,0.0,0,0,0.0,0,0,0.0,0,0
poorly_conditioned,dropout_50,retarded_ekf,True,2.0,2,0,2,0.0,0.0,0.6576197724933469,0,0.0,0.0,0.6576197724933469,"{""not_initialized"": 2}",nan,nan,nan,nan,0,2,nan,nan,nan,0.0,0.0,0.6576197724933469,0,linear,whole_base_sequence,nan,nan,6,0,0,nan,nan,nan,2,True,0.00015709998842794448,0.0,nan,nan,nan,nan,1.573084377681236,True,True,True,45.0,45,45,23.5,22,25,21.5,20,23,3.0,2,4,0.0,0,0,0.0,0,0,0.0,0,0,0.0,0,0,0.0,0,0,3.0,2,4
poorly_conditioned,dropout_50,retarded_ekf,True,2.5,2,0,2,0.0,0.0,0.6576197724933469,0,0.0,0.0,0.6576197724933469,"{""not_initialized"": 2}",nan,nan,nan,nan,0,2,nan,nan,nan,0.0,0.0,0.6576197724933469,0,linear,whole_base_sequence,nan,nan,6,0,0,nan,nan,nan,2,True,0.00015795000945217907,0.0,nan,nan,nan,nan,2.0344079561934287,True,True,True,45.0,45,45,23.5,22,25,21.5,20,23,4.0,3,5,0.0,0,0,0.0,0,0,0.0,0,0,0.0,0,0,0.0,0,0,4.0,3,5
poorly_conditioned,dropout_50,retarded_ekf,True,3.0,2,0,2,0.0,0.0,0.6576197724933469,0,0.0,0.0,0.6576197724933469,"{""not_initialized"": 2}",nan,nan,nan,nan,0,2,nan,nan,nan,0.0,0.0,0.6576197724933469,0,linear,whole_base_sequence,nan,nan,6,0,0,nan,nan,nan,2,True,1.960000372491777e-05,0.0,nan,nan,nan,nan,2.0344079561934287,True,True,True,45.0,45,45,23.5,22,25,21.5,20,23,4.0,3,5,0.0,0,0,0.0,0,0,0.0,0,0,0.0,0,0,0.0,0,0,4.0,3,5
poorly_conditioned,dropout_50,retarded_ekf,True,3.5,2,0,2,0.0,0.0,0.6576197724933469,0,0.0,0.0,0.6576197724933469,"{""not_initialized"": 2}",nan,nan,nan,nan,0,2,nan,nan,nan,0.0,0.0,0.6576197724933469,0,linear,whole_base_sequence,nan,nan,6,0,0,nan,nan,nan,2,True,0.00024655000015627593,0.0,nan,nan,nan,nan,3.3189902538595284,True,True,True,45.0,45,45,23.5,22,25,21.5,20,23,5.0,5,5,0.0,0,0,0.0,0,0,0.0,0,0,0.0,0,0,0.0,0,0,5.0,5,5
poorly_conditioned,dropout_50,retarded_ekf,True,4.0,2,1,1,0.5,0.09453120573423074,0.9054687942657693,1,0.5,0.09453120573423074,0.9054687942657693,"{""not_initialized"": 1}",3.0802543633542796,3.0802543633542796,0.9608576389553668,0.9608576389553668,1,2,1.0,0.20654931437723745,1.0,0.5,0.09453120573423074,0.9054687942657693,1,linear,whole_base_sequence,2.116228707756226,2.116228707756226,6,0,0,nan,nan,nan,2,True,0.023106400010874495,0.0,0.0,0.007026275822167371,2071.8491240368867,2071.8491240368867,3.566865692619066,True,True,True,45.0,45,45,23.5,22,25,21.5,20,23,5.5,5,6,3.0,0,6,3.0,0,6,0.0,0,0,0.0,0,0,0.0,0,0,2.5,0,5
poorly_conditioned,dropout_50,retarded_ekf,True,4.5,2,2,0,1.0,0.34238022750665303,1.0,2,1.0,0.34238022750665303,1.0,{},0.9120062815568595,0.9676916118358503,0.24262314362495627,0.2824998448766177,2,2,1.0,0.34238022750665303,1.0,1.0,0.34238022750665303,1.0,2,linear,whole_base_sequence,3.8500253281072196,4.641727884174473,6,3,0,1.1905399648638697,2.2884717374995347,1.0,2,True,0.03169365000212565,0.0012403500004438683,0.0,0.00514163464581205,154.75142354640695,161.0760023705013,4.425125971751172,True,True,True,45.0,45,45,23.5,22,25,21.5,20,23,7.5,7,8,7.5,7,8,6.0,6,6,1.5,1,2,0.0,0,0,0.0,0,0,0.0,0,0
poorly_conditioned,dropout_50,retarded_ekf,True,5.0,2,2,0,1.0,0.34238022750665303,1.0,2,1.0,0.34238022750665303,1.0,{},0.7571353509626189,0.9082055945155053,0.2548378293366573,0.3018891071302916,2,2,1.0,0.34238022750665303,1.0,1.0,0.34238022750665303,1.0,2,linear,whole_base_sequence,3.532884658807293,4.039160612504614,6,1,0,5.75334523944163,5.75334523944163,1.0,2,True,0.0004888499970547855,0.00024249999842140824,0.0,0.003925526766217127,218.9027577931625,251.65665019248416,4.632874475616951,True,True,True,45.0,45,45,23.5,22,25,21.5,20,23,8.0,8,8,8.0,8,8,6.0,6,6,2.0,2,2,0.0,0,0,0.0,0,0,0.0,0,0
poorly_conditioned,dropout_50,retarded_ekf,True,5.5,2,2,0,1.0,0.34238022750665303,1.0,2,1.0,0.34238022750665303,1.0,{},0.5555100564901372,0.6414851412951756,0.2336448543443404,0.298518266019786,2,2,1.0,0.34238022750665303,1.0,1.0,0.34238022750665303,1.0,2,linear,whole_base_sequence,3.3923960836257474,4.025111754986453,6,1,0,6.274355475304065,6.274355475304065,0.0,2,True,0.0008387499983655289,0.0004124999977648258,0.0,0.002999424540027188,322.9447998235662,327.20576757948623,5.139787447558072,True,True,True,45.0,45,45,23.5,22,25,21.5,20,23,8.5,8,9,8.5,8,9,6.0,6,6,2.5,2,3,0.0,0,0,0.0,0,0,0.0,0,0
poorly_conditioned,dropout_50,retarded_ekf,True,6.0,2,2,0,1.0,0.34238022750665303,1.0,2,1.0,0.34238022750665303,1.0,{},0.4286912465228059,0.44856565087583244,0.20130175628675942,0.24205886357843753,2,2,1.0,0.34238022750665303,1.0,1.0,0.34238022750665303,1.0,2,linear,whole_base_sequence,3.1501917303656497,3.6714327223490226,6,3,0,1.0115540156707408,1.8822538322947038,1.0,2,True,0.0019322500011185184,0.0010540500079514459,0.0,0.0023382560769586377,351.23799544191445,406.98842384930475,5.93381898535994,True,True,True,45.0,45,45,23.5,22,25,21.5,20,23,10.0,9,11,10.0,9,11,6.0,6,6,4.0,3,5,0.0,0,0,0.0,0,0,0.0,0,0
poorly_conditioned,dropout_50,retarded_ekf,True,6.5,2,2,0,1.0,0.34238022750665303,1.0,2,1.0,0.34238022750665303,1.0,{},0.4807743176497051,0.5499848797781213,0.18219609544431714,0.2386178269887638,2,2,1.0,0.34238022750665303,1.0,1.0,0.34238022750665303,1.0,2,linear,whole_base_sequence,3.2602422309095167,3.682437772403382,6,1,0,0.761929724394485,0.761929724394485,1.0,2,True,0.0005160999862710014,0.00023720000172033906,0.0,0.0018568339490547703,489.71592373063953,655.319060411444,6.2684021152214005,True,True,True,45.0,45,45,23.5,22,25,21.5,20,23,10.5,9,12,10.5,9,12,6.0,6,6,4.5,3,6,0.0,0,0,0.0,0,0,0.0,0,0
poorly_conditioned,dropout_50,retarded_ekf,True,7.0,2,2,0,1.0,0.34238022750665303,1.0,2,1.0,0.34238022750665303,1.0,{},1.1990249555014296,1.5276693008403985,0.3083968821515653,0.414236130406854,2,2,1.0,0.34238022750665303,1.0,1.0,0.34238022750665303,1.0,2,linear,whole_base_sequence,4.586155093184716,5.159266305205008,6,3,0,2.0463241635462532,3.315652984793264,1.0,2,True,0.0017922499973792583,0.0009163000067928806,0.0,0.001479951394661177,377.1970096142316,530.7770967561707,6.705398745234682,True,True,True,45.0,45,45,23.5,22,25,21.5,20,23,12.0,10,14,12.0,10,14,6.0,6,6,6.0,4,8,0.0,0,0,0.0,0,0,0.0,0,0
poorly_conditioned,dropout_50,retarded_ekf,True,7.5,2,2,0,1.0,0.34238022750665303,1.0,2,1.0,0.34238022750665303,1.0,{},0.9254725977992022,1.1111846172859683,0.21791699231580922,0.2916371154679972,2,2,1.0,0.34238022750665303,1.0,1.0,0.34238022750665303,1.0,2,linear,whole_base_sequence,7.782815331075042,11.232920757196592,6,2,0,3.729356635462101,5.105651051488158,1.0,2,True,0.0016159999941010028,0.0008293499995488673,0.0,0.0011998171453880258,344.45306228955167,356.95558258037136,7.425735637315307,True,True,True,45.0,45,45,23.5,22,25,21.5,20,23,13.0,12,14,13.0,12,14,6.0,6,6,7.0,6,8,0.0,0,0,0.0,0,0,0.0,0,0
poorly_conditioned,dropout_50,retarded_ekf,True,8.0,2,2,0,1.0,0.34238022750665303,1.0,2,1.0,0.34238022750665303,1.0,{},1.0747030115327518,1.4402188070888033,0.253393475087216,0.3392123113120979,2,2,1.0,0.34238022750665303,1.0,1.0,0.34238022750665303,1.0,2,linear,whole_base_sequence,6.279027230058368,9.503447482805058,6,3,0,4.152740655616594,5.9594193767226225,0.6666666666666666,2,True,0.0014518999960273504,0.0007176499930210412,0.0,0.000983565341219407,366.9732669322002,461.9732075450666,7.908114069620163,True,True,True,45.0,45,45,23.5,22,25,21.5,20,23,14.5,13,16,14.5,13,16,6.0,6,6,8.5,7,10,0.0,0,0,0.0,0,0,0.0,0,0
poorly_conditioned,dropout_50,retarded_ekf,True,8.5,2,2,0,1.0,0.34238022750665303,1.0,2,1.0,0.34238022750665303,1.0,{},0.6647455027234163,0.8906750893469793,0.17922184752803447,0.23319313748003118,2,2,1.0,0.34238022750665303,1.0,1.0,0.34238022750665303,1.0,2,linear,whole_base_sequence,4.251961029186459,5.818092615061582,6,3,0,2.712141198291126,5.631723172349327,0.6666666666666666,2,True,0.002497249995940365,0.0011979500122833997,0.0,0.0008146395099789187,299.88810196001475,337.3798183912364,8.298008323624686,True,True,True,45.0,45,45,23.5,22,25,21.5,20,23,16.0,15,17,16.0,15,17,6.0,6,6,10.0,9,11,0.0,0,0,0.0,0,0,0.0,0,0
poorly_conditioned,dropout_50,retarded_ekf,True,9.0,2,2,0,1.0,0.34238022750665303,1.0,2,1.0,0.34238022750665303,1.0,{},0.7062783854013145,0.9397495497067484,0.17133994827552199,0.219827428516917,2,2,1.0,0.34238022750665303,1.0,1.0,0.34238022750665303,1.0,2,linear,whole_base_sequence,4.817741868078772,6.840820400865534,6,2,0,0.1841655043571082,0.2901465461839607,1.0,2,True,0.0018124000198440626,0.0007692999934079126,0.0,0.0006820251536473666,391.4854087331403,430.66796777187903,8.970861479749196,True,True,True,45.0,45,45,23.5,22,25,21.5,20,23,17.0,16,18,17.0,16,18,6.0,6,6,11.0,10,12,0.0,0,0,0.0,0,0,0.0,0,0
poorly_conditioned,dropout_50,retarded_ekf,True,9.5,2,2,0,1.0,0.34238022750665303,1.0,2,1.0,0.34238022750665303,1.0,{},0.8502193767468466,1.0621652644500346,0.1807056523198688,0.22145563968884344,2,2,1.0,0.34238022750665303,1.0,1.0,0.34238022750665303,1.0,2,linear,whole_base_sequence,5.48140395176597,6.907186609234203,6,1,0,2.26504952036963,2.26504952036963,1.0,2,True,0.0010627000010572374,0.00042514999222476035,0.0,0.0005759909394915227,440.09748305419566,494.6984961609281,9.192236832323902,True,True,True,45.0,45,45,23.5,22,25,21.5,20,23,17.5,16,19,17.5,16,19,6.0,6,6,11.5,10,13,0.0,0,0,0.0,0,0,0.0,0,0
poorly_conditioned,long_delay,causal_prefix_batch,True,0.0,2,0,2,0.0,0.0,0.6576197724933469,0,0.0,0.0,0.6576197724933469,"{""insufficient_measurements"": 2}",nan,nan,nan,nan,0,2,nan,nan,nan,0.0,0.0,0.6576197724933469,0,linear,whole_base_sequence,nan,nan,6,0,0,nan,nan,nan,2,True,4.4500004150904715e-05,0.0,nan,nan,nan,nan,nan,True,True,True,45.0,45,45,45.0,45,45,0.0,0,0,0.0,0,0,0.0,0,0,0.0,0,0,0.0,0,0,0.0,0,0,0.0,0,0,0.0,0,0
poorly_conditioned,long_delay,causal_prefix_batch,True,0.5,2,0,2,0.0,0.0,0.6576197724933469,0,0.0,0.0,0.6576197724933469,"{""insufficient_measurements"": 2}",nan,nan,nan,nan,0,2,nan,nan,nan,0.0,0.0,0.6576197724933469,0,linear,whole_base_sequence,nan,nan,6,0,0,nan,nan,nan,2,True,3.530000685714185e-05,0.0,nan,nan,nan,nan,nan,True,True,True,45.0,45,45,45.0,45,45,0.0,0,0,0.0,0,0,0.0,0,0,0.0,0,0,0.0,0,0,0.0,0,0,0.0,0,0,0.0,0,0
poorly_conditioned,long_delay,causal_prefix_batch,True,1.0,2,0,2,0.0,0.0,0.6576197724933469,0,0.0,0.0,0.6576197724933469,"{""insufficient_measurements"": 2}",nan,nan,nan,nan,0,2,nan,nan,nan,0.0,0.0,0.6576197724933469,0,linear,whole_base_sequence,nan,nan,6,0,0,nan,nan,nan,2,True,2.6049994630739093e-05,0.0,nan,nan,nan,nan,nan,True,True,True,45.0,45,45,45.0,45,45,0.0,0,0,0.0,0,0,0.0,0,0,0.0,0,0,0.0,0,0,0.0,0,0,0.0,0,0,0.0,0,0
poorly_conditioned,long_delay,causal_prefix_batch,True,1.5,2,0,2,0.0,0.0,0.6576197724933469,0,0.0,0.0,0.6576197724933469,"{""insufficient_measurements"": 2}",nan,nan,nan,nan,0,2,nan,nan,nan,0.0,0.0,0.6576197724933469,0,linear,whole_base_sequence,nan,nan,6,0,0,nan,nan,nan,2,True,3.979999746661633e-05,0.0,nan,nan,nan,nan,1.3240284484171077,True,True,True,45.0,45,45,45.0,45,45,0.0,0,0,1.5,1,2,1.5,1,2,0.0,0,0,0.0,0,0,0.0,0,0,0.0,0,0,0.0,0,0
poorly_conditioned,long_delay,causal_prefix_batch,True,10.0,2,2,0,1.0,0.34238022750665303,1.0,2,1.0,0.34238022750665303,1.0,{},0.5095264372854793,0.6672694641712952,0.07418501494597136,0.09943744767846494,2,2,1.0,0.34238022750665303,1.0,1.0,0.34238022750665303,1.0,2,linear,whole_base_sequence,3.885202707784736,5.194203518406099,6,0,0,nan,nan,nan,2,True,0.23833384999306872,0.0,0.0,0.00024377068123576084,823.3516496412368,835.2559502185687,9.99359258160019,True,True,True,45.0,45,45,45.0,45,45,0.0,0,0,33.5,33,34,33.5,33,34,0.0,0,0,0.0,0,0,0.0,0,0,0.0,0,0,0.0,0,0
poorly_conditioned,long_delay,causal_prefix_batch,True,10.5,2,2,0,1.0,0.34238022750665303,1.0,2,1.0,0.34238022750665303,1.0,{},0.5416395725446855,0.7143711365579082,0.07678311168956212,0.10028978242794014,2,2,1.0,0.34238022750665303,1.0,1.0,0.34238022750665303,1.0,2,linear,whole_base_sequence,4.093893986889711,5.215072658969834,6,0,0,nan,nan,nan,2,True,0.24620919999142643,0.0,0.0,0.00021186434047659625,971.4563463984697,1102.6923473015252,10.279881210547714,True,True,True,45.0,45,45,45.0,45,45,0.0,0,0,34.0,34,34,34.0,34,34,0.0,0,0,0.0,0,0,0.0,0,0,0.0,0,0,0.0,0,0
poorly_conditioned,long_delay,causal_prefix_batch,True,11.0,2,2,0,1.0,0.34238022750665303,1.0,2,1.0,0.34238022750665303,1.0,{},0.6286288232014464,0.8330188185833837,0.0868680963782146,0.11437421099304694,2,2,1.0,0.34238022750665303,1.0,1.0,0.34238022750665303,1.0,2,linear,whole_base_sequence,5.654312598409019,8.179868020856276,6,0,0,nan,nan,nan,2,True,0.2754976000142051,0.0,0.0,0.0001850855864980023,1076.3815628288917,1098.5433150971173,10.783207349650901,True,True,True,45.0,45,45,45.0,45,45,0.0,0,0,35.0,34,36,35.0,34,36,0.0,0,0,0.0,0,0,0.0,0,0,0.0,0,0,0.0,0,0
poorly_conditioned,long_delay,causal_prefix_batch,True,11.5,2,2,0,1.0,0.34238022750665303,1.0,2,1.0,0.34238022750665303,1.0,{},0.46554143335034176,0.6053102176747327,0.07287946748983676,0.08758282924714356,2,2,1.0,0.34238022750665303,1.0,1.0,0.34238022750665303,1.0,2,linear,whole_base_sequence,4.777427635807117,6.747780755724771,6,0,0,nan,nan,nan,2,True,0.2467391500103986,0.0,0.0,0.00016261756426299962,1113.1491798042875,1179.049875998107,11.31130416343409,True,True,True,45.0,45,45,45.0,45,45,0.0,0,0,37.5,37,38,37.5,37,38,0.0,0,0,0.0,0,0,0.0,0,0,0.0,0,0,0.0,0,0
poorly_conditioned,long_delay,causal_prefix_batch,True,12.0,2,2,0,1.0,0.34238022750665303,1.0,2,1.0,0.34238022750665303,1.0,{},0.610021807572624,0.6289424947587058,0.08232998136255516,0.08574631276160528,2,2,1.0,0.34238022750665303,1.0,1.0,0.34238022750665303,1.0,2,linear,whole_base_sequence,4.960380372770444,5.627572251185946,6,0,0,nan,nan,nan,2,True,0.24784040001395624,0.0,0.0,0.00014385949191673855,1127.1814596698403,1155.876274073204,11.822563208034579,True,True,True,45.0,45,45,45.0,45,45,0.0,0,0,39.5,39,40,39.5,39,40,0.0,0,0,0.0,0,0,0.0,0,0,0.0,0,0,0.0,0,0
poorly_conditioned,long_delay,causal_prefix_batch,True,12.5,2,2,0,1.0,0.34238022750665303,1.0,2,1.0,0.34238022750665303,1.0,{},0.6550596283630352,0.6969762534684176,0.08140247188553501,0.08903408765849052,2,2,1.0,0.34238022750665303,1.0,1.0,0.34238022750665303,1.0,2,linear,whole_base_sequence,5.851450689820825,6.286697380964954,6,0,0,nan,nan,nan,2,True,0.31768444999761414,0.0,0.0,0.00012778117835334751,1209.7619037149223,1296.1474147235795,12.354766644690176,True,True,True,45.0,45,45,45.0,45,45,0.0,0,0,41.0,41,41,41.0,41,41,0.0,0,0,0.0,0,0,0.0,0,0,0.0,0,0,0.0,0,0
poorly_conditioned,long_delay,causal_prefix_batch,True,14.5,2,2,0,1.0,0.34238022750665303,1.0,2,1.0,0.34238022750665303,1.0,{},0.6565584310037341,0.7214090390489843,0.06781815053846461,0.07426691538679744,2,2,1.0,0.34238022750665303,1.0,1.0,0.34238022750665303,1.0,2,linear,whole_base_sequence,5.7295638627272085,6.107263376535393,6,0,0,nan,nan,nan,2,True,0.33493449998786673,0.0,0.0,8.290899073861769e-05,2122.2790317116046,2208.159345589221,13.823743836455982,True,True,True,45.0,45,45,45.0,45,45,0.0,0,0,45.0,45,45,45.0,45,45,0.0,0,0,0.0,0,0,0.0,0,0,0.0,0,0,0.0,0,0
poorly_conditioned,long_delay,causal_prefix_batch,True,2.0,2,1,1,0.5,0.09453120573423074,0.9054687942657693,1,0.5,0.09453120573423074,0.9054687942657693,"{""insufficient_measurements"": 1}",11.733853119892991,11.733853119892991,7.295604417055464,7.295604417055464,1,2,1.0,0.20654931437723745,1.0,0.5,0.09453120573423074,0.9054687942657693,1,linear,whole_base_sequence,1.8948821980091946,1.8948821980091946,6,0,0,nan,nan,nan,2,True,0.013986099991598167,0.0,0.0,0.026334259661514845,824597.0439965929,824597.0439965929,1.8992501656158818,True,True,True,45.0,45,45,45.0,45,45,0.0,0,0,2.5,2,3,2.5,2,3,0.0,0,0,0.0,0,0,0.0,0,0,0.0,0,0,0.0,0,0
poorly_conditioned,long_delay,causal_prefix_batch,True,2.5,2,2,0,1.0,0.34238022750665303,1.0,2,1.0,0.34238022750665303,1.0,{},25.90635790772276,34.849538664647035,13.140294645262285,17.67829517483783,2,2,1.0,0.34238022750665303,1.0,1.0,0.34238022750665303,1.0,2,linear,whole_base_sequence,2.5883678905568464,2.8290511790730974,6,0,0,nan,nan,nan,2,True,0.04224525000608992,0.0,0.0,0.014602793196986291,21793307.843887802,43586074.04137525,2.2015558819162435,True,True,True,45.0,45,45,45.0,45,45,0.0,0,0,3.5,3,4,3.5,3,4,0.0,0,0,0.0,0,0,0.0,0,0,0.0,0,0,0.0,0,0
poorly_conditioned,long_delay,causal_prefix_batch,True,3.0,2,2,0,1.0,0.34238022750665303,1.0,2,1.0,0.34238022750665303,1.0,{},2.7400495545803905,3.3345030992421236,1.2718134750290169,1.5258773400147456,2,2,1.0,0.34238022750665303,1.0,1.0,0.34238022750665303,1.0,2,linear,whole_base_sequence,2.178579642933414,2.3787652661311633,6,0,0,nan,nan,nan,2,True,0.05042150001099799,0.0,0.0,0.009311951542599676,1216.9563577379047,1221.6339099413403,2.67369978927274,True,True,True,45.0,45,45,45.0,45,45,0.0,0,0,5.0,5,5,5.0,5,5,0.0,0,0,0.0,0,0,0.0,0,0,0.0,0,0,0.0,0,0
poorly_conditioned,long_delay,causal_prefix_batch,True,3.5,2,2,0,1.0,0.34238022750665303,1.0,2,1.0,0.34238022750665303,1.0,{},1.9247384949054578,2.2775446382417313,0.7282219096654021,0.882423151702303,2,2,1.0,0.34238022750665303,1.0,1.0,0.34238022750665303,1.0,2,linear,whole_base_sequence,3.6929336789585467,5.121925274134852,6,0,0,nan,nan,nan,2,True,0.06214095000177622,0.0,0.0,0.006220902152588724,729.8175225652966,1319.0268719027972,3.3536356223913693,True,True,True,45.0,45,45,45.0,45,45,0.0,0,0,7.5,6,9,7.5,6,9,0.0,0,0,0.0,0,0,0.0,0,0,0.0,0,0,0.0,0,0
poorly_conditioned,long_delay,causal_prefix_batch,True,4.0,2,2,0,1.0,0.34238022750665303,1.0,2,1.0,0.34238022750665303,1.0,{},2.2558950359069616,2.6717031099240103,0.7419858182102962,0.9034593235197833,2,2,1.0,0.34238022750665303,1.0,1.0,0.34238022750665303,1.0,2,linear,whole_base_sequence,5.553594834999879,5.799198263497591,6,0,0,nan,nan,nan,2,True,0.06409754999913275,0.0,0.0,0.004522344057011898,364.7397117701594,460.29411810586646,3.857642249125892,True,True,True,45.0,45,45,45.0,45,45,0.0,0,0,9.0,9,9,9.0,9,9,0.0,0,0,0.0,0,0,0.0,0,0,0.0,0,0,0.0,0,0
poorly_conditioned,long_delay,causal_prefix_batch,True,4.5,2,2,0,1.0,0.34238022750665303,1.0,2,1.0,0.34238022750665303,1.0,{},0.47852120845460744,0.6106508088613902,0.15960349030171675,0.17682314902598883,2,2,1.0,0.34238022750665303,1.0,1.0,0.34238022750665303,1.0,2,linear,whole_base_sequence,1.9304046378386641,2.5685289654859895,6,0,0,nan,nan,nan,2,True,0.09154059999855235,0.0,0.0,0.0026813070641095024,415.06484112358214,468.4768832693232,4.435411153888882,True,True,True,45.0,45,45,45.0,45,45,0.0,0,0,12.0,11,13,12.0,11,13,0.0,0,0,0.0,0,0,0.0,0,0,0.0,0,0,0.0,0,0
poorly_conditioned,long_delay,causal_prefix_batch,True,5.0,2,2,0,1.0,0.34238022750665303,1.0,2,1.0,0.34238022750665303,1.0,{},0.5408994229408454,0.6710395075480028,0.18354813012875518,0.22307225004889616,2,2,1.0,0.34238022750665303,1.0,1.0,0.34238022750665303,1.0,2,linear,whole_base_sequence,2.4755107736133968,3.453262672631944,6,0,0,nan,nan,nan,2,True,0.09470605000387877,0.0,0.0,0.0019521874132471227,455.3067474421309,470.57810966004405,4.72102489384813,True,True,True,45.0,45,45,45.0,45,45,0.0,0,0,13.5,13,14,13.5,13,14,0.0,0,0,0.0,0,0,0.0,0,0,0.0,0,0,0.0,0,0
poorly_conditioned,long_delay,causal_prefix_batch,True,5.5,2,2,0,1.0,0.34238022750665303,1.0,2,1.0,0.34238022750665303,1.0,{},0.6652031879487814,0.782811317424643,0.19588499219926042,0.22474168076996984,2,2,1.0,0.34238022750665303,1.0,1.0,0.34238022750665303,1.0,2,linear,whole_base_sequence,2.604388822906425,3.4661504775613015,6,0,0,nan,nan,nan,2,True,0.08094315000926144,0.0,0.0,0.0015069630491866895,623.3482551789139,726.2568316412475,5.392076326551273,True,True,True,45.0,45,45,45.0,45,45,0.0,0,0,14.0,13,15,14.0,13,15,0.0,0,0,0.0,0,0,0.0,0,0,0.0,0,0,0.0,0,0
poorly_conditioned,long_delay,causal_prefix_batch,True,6.0,2,2,0,1.0,0.34238022750665303,1.0,2,1.0,0.34238022750665303,1.0,{},0.7286635162850186,0.8174804468210567,0.17039924030254522,0.21822390996532287,2,2,1.0,0.34238022750665303,1.0,1.0,0.34238022750665303,1.0,2,linear,whole_base_sequence,3.65663988362906,4.489776499267297,6,0,0,nan,nan,nan,2,True,0.09343014999467414,0.0,0.0,0.0011188111791454159,511.04736793695815,655.2987889180782,5.8823917292952,True,True,True,45.0,45,45,45.0,45,45,0.0,0,0,17.0,16,18,17.0,16,18,0.0,0,0,0.0,0,0,0.0,0,0,0.0,0,0,0.0,0,0
poorly_conditioned,long_delay,causal_prefix_batch,True,6.5,2,2,0,1.0,0.34238022750665303,1.0,2,1.0,0.34238022750665303,1.0,{},0.6761941461222292,0.6966365412227085,0.1162471895489223,0.13751810620212634,2,2,1.0,0.34238022750665303,1.0,1.0,0.34238022750665303,1.0,2,linear,whole_base_sequence,3.4309249648796847,4.4672050091294855,6,0,0,nan,nan,nan,2,True,0.10095089999958873,0.0,0.0,0.0008975750366052326,552.9132770865319,570.7087783359052,6.4934639250989905,True,True,True,45.0,45,45,45.0,45,45,0.0,0,0,18.0,18,18,18.0,18,18,0.0,0,0,0.0,0,0,0.0,0,0,0.0,0,0,0.0,0,0
poorly_conditioned,long_delay,causal_prefix_batch,True,7.0,2,2,0,1.0,0.34238022750665303,1.0,2,1.0,0.34238022750665303,1.0,{},0.39022927416721415,0.48496364418900423,0.08654518430960549,0.10002719351140672,2,2,1.0,0.34238022750665303,1.0,1.0,0.34238022750665303,1.0,2,linear,whole_base_sequence,2.7518891581727,3.041792807815621,6,0,0,nan,nan,nan,2,True,0.17575224999745842,0.0,0.0,0.0006932439154456615,672.4487602608979,761.1180575841254,6.975056496568159,True,True,True,45.0,45,45,45.0,45,45,0.0,0,0,20.0,19,21,20.0,19,21,0.0,0,0,0.0,0,0,0.0,0,0,0.0,0,0,0.0,0,0
poorly_conditioned,long_delay,causal_prefix_batch,True,7.5,2,2,0,1.0,0.34238022750665303,1.0,2,1.0,0.34238022750665303,1.0,{},0.5502021798340432,0.7252989142034826,0.10336689793954998,0.11643161000243205,2,2,1.0,0.34238022750665303,1.0,1.0,0.34238022750665303,1.0,2,linear,whole_base_sequence,3.470504822248355,3.847752086368513,6,0,0,nan,nan,nan,2,True,0.15320230000361335,0.0,0.0,0.0005639122211458231,540.1643520457028,552.657839204249,7.462905666881322,True,True,True,45.0,45,45,45.0,45,45,0.0,0,0,23.0,23,23,23.0,23,23,0.0,0,0,0.0,0,0,0.0,0,0,0.0,0,0,0.0,0,0
poorly_conditioned,long_delay,causal_prefix_batch,True,8.0,2,2,0,1.0,0.34238022750665303,1.0,2,1.0,0.34238022750665303,1.0,{},0.8347087882881534,0.9011177508251101,0.15164228120929918,0.1788531227103431,2,2,1.0,0.34238022750665303,1.0,1.0,0.34238022750665303,1.0,2,linear,whole_base_sequence,5.477086317358138,6.658829670536951,6,0,0,nan,nan,nan,2,True,0.17325169999094214,0.0,0.0,0.00046751090892428504,557.6579090912377,563.2210959068846,7.94539677521254,True,True,True,45.0,45,45,45.0,45,45,0.0,0,0,25.5,25,26,25.5,25,26,0.0,0,0,0.0,0,0,0.0,0,0,0.0,0,0,0.0,0,0
poorly_conditioned,long_delay,causal_prefix_batch,True,8.5,2,2,0,1.0,0.34238022750665303,1.0,2,1.0,0.34238022750665303,1.0,{},0.8797148959564777,1.052426572301942,0.14673062370399947,0.18391417276689953,2,2,1.0,0.34238022750665303,1.0,1.0,0.34238022750665303,1.0,2,linear,whole_base_sequence,5.622322867448786,7.754650864817966,6,0,0,nan,nan,nan,2,True,0.20694765000371262,0.0,0.0,0.00039158088868026896,684.0509832531104,729.3270124630441,8.44979004453039,True,True,True,45.0,45,45,45.0,45,45,0.0,0,0,27.0,27,27,27.0,27,27,0.0,0,0,0.0,0,0,0.0,0,0,0.0,0,0,0.0,0,0
poorly_conditioned,long_delay,causal_prefix_batch,True,9.0,2,2,0,1.0,0.34238022750665303,1.0,2,1.0,0.34238022750665303,1.0,{},0.7382339564159216,0.9234572881979768,0.11543419064619809,0.15042039335697888,2,2,1.0,0.34238022750665303,1.0,1.0,0.34238022750665303,1.0,2,linear,whole_base_sequence,5.198047556718072,7.374544691636866,6,0,0,nan,nan,nan,2,True,0.19278975001361687,0.0,0.0,0.0003322047020673087,760.1314968768584,772.6288383140977,8.848610786968104,True,True,True,45.0,45,45,45.0,45,45,0.0,0,0,28.5,28,29,28.5,28,29,0.0,0,0,0.0,0,0,0.0,0,0,0.0,0,0,0.0,0,0
poorly_conditioned,long_delay,causal_prefix_batch,True,9.5,2,2,0,1.0,0.34238022750665303,1.0,2,1.0,0.34238022750665303,1.0,{},0.6510856282210007,0.8446445916530241,0.1016416881293782,0.13639886129304202,2,2,1.0,0.34238022750665303,1.0,1.0,0.34238022750665303,1.0,2,linear,whole_base_sequence,4.595812265849608,6.472676985752003,6,0,0,nan,nan,nan,2,True,0.17517485001008026,0.0,0.0,0.0002826820741202987,860.171073355232,977.6726648041692,9.308426319128738,True,True,True,45.0,45,45,45.0,45,45,0.0,0,0,30.0,29,31,30.0,29,31,0.0,0,0,0.0,0,0,0.0,0,0,0.0,0,0,0.0,0,0
poorly_conditioned,long_delay,initial_batch_no_updates,True,0.0,2,0,2,0.0,0.0,0.6576197724933469,0,0.0,0.0,0.6576197724933469,"{""not_initialized"": 2}",nan,nan,nan,nan,0,2,nan,nan,nan,0.0,0.0,0.6576197724933469,0,linear,whole_base_sequence,nan,nan,6,0,0,nan,nan,nan,2,True,2.4000037228688598e-06,0.0,nan,nan,nan,nan,nan,True,True,True,45.0,45,45,45.0,45,45,0.0,0,0,0.0,0,0,0.0,0,0,0.0,0,0,0.0,0,0,0.0,0,0,0.0,0,0,0.0,0,0
poorly_conditioned,long_delay,initial_batch_no_updates,True,0.5,2,0,2,0.0,0.0,0.6576197724933469,0,0.0,0.0,0.6576197724933469,"{""not_initialized"": 2}",nan,nan,nan,nan,0,2,nan,nan,nan,0.0,0.0,0.6576197724933469,0,linear,whole_base_sequence,nan,nan,6,0,0,nan,nan,nan,2,True,1.800013706088066e-06,0.0,nan,nan,nan,nan,nan,True,True,True,45.0,45,45,45.0,45,45,0.0,0,0,0.0,0,0,0.0,0,0,0.0,0,0,0.0,0,0,0.0,0,0,0.0,0,0,0.0,0,0
poorly_conditioned,long_delay,initial_batch_no_updates,True,1.0,2,0,2,0.0,0.0,0.6576197724933469,0,0.0,0.0,0.6576197724933469,"{""not_initialized"": 2}",nan,nan,nan,nan,0,2,nan,nan,nan,0.0,0.0,0.6576197724933469,0,linear,whole_base_sequence,nan,nan,6,0,0,nan,nan,nan,2,True,1.6499980119988322e-06,0.0,nan,nan,nan,nan,nan,True,True,True,45.0,45,45,45.0,45,45,0.0,0,0,0.0,0,0,0.0,0,0,0.0,0,0,0.0,0,0,0.0,0,0,0.0,0,0,0.0,0,0
poorly_conditioned,long_delay,initial_batch_no_updates,True,1.5,2,0,2,0.0,0.0,0.6576197724933469,0,0.0,0.0,0.6576197724933469,"{""not_initialized"": 2}",nan,nan,nan,nan,0,2,nan,nan,nan,0.0,0.0,0.6576197724933469,0,linear,whole_base_sequence,nan,nan,6,0,0,nan,nan,nan,2,True,2.4000037228688598e-06,0.0,nan,nan,nan,nan,1.3240284484171077,True,True,True,45.0,45,45,45.0,45,45,0.0,0,0,1.5,1,2,0.0,0,0,0.0,0,0,0.0,0,0,0.0,0,0,0.0,0,0,1.5,1,2
poorly_conditioned,long_delay,initial_batch_no_updates,True,10.0,2,2,0,1.0,0.34238022750665303,1.0,2,1.0,0.34238022750665303,1.0,{},6.608379254834121,7.994305444871455,0.7281998397666628,0.8824199162518671,2,2,1.0,0.34238022750665303,1.0,1.0,0.34238022750665303,1.0,2,linear,whole_base_sequence,2.088589512463763,2.1035076649675983,6,0,0,nan,nan,nan,2,True,0.0001504500105511397,0.0,0.0,0.0005957472324663526,105139.12354308435,146012.34475437368,9.99359258160019,True,True,True,45.0,45,45,45.0,45,45,0.0,0,0,33.5,33,34,6.0,6,6,6.0,6,6,0.0,0,0,0.0,0,0,0.0,0,0,27.5,27,28
poorly_conditioned,long_delay,initial_batch_no_updates,True,10.5,2,2,0,1.0,0.34238022750665303,1.0,2,1.0,0.34238022750665303,1.0,{},6.972082762549898,8.435210454791516,0.7281998397666628,0.8824199162518671,2,2,1.0,0.34238022750665303,1.0,1.0,0.34238022750665303,1.0,2,linear,whole_base_sequence,2.088589512463681,2.103507664967482,6,0,0,nan,nan,nan,2,True,0.00014465001004282385,0.0,0.0,0.000535606517559923,129851.7195926948,180256.778495293,10.279881210547714,True,True,True,45.0,45,45,45.0,45,45,0.0,0,0,34.0,34,34,6.0,6,6,6.0,6,6,0.0,0,0,0.0,0,0,0.0,0,0,28.0,28,28
poorly_conditioned,long_delay,initial_batch_no_updates,True,11.0,2,2,0,1.0,0.34238022750665303,1.0,2,1.0,0.34238022750665303,1.0,{},7.3358255992960295,8.876145751865105,0.7281998397666628,0.8824199162518671,2,2,1.0,0.34238022750665303,1.0,1.0,0.34238022750665303,1.0,2,linear,whole_base_sequence,2.088589512463707,2.1035076649675233,6,0,0,nan,nan,nan,2,True,0.00014344998635351658,0.0,0.0,0.0004840982083162537,158705.13414168943,220226.2343001802,10.783207349650901,True,True,True,45.0,45,45,45.0,45,45,0.0,0,0,35.0,34,36,6.0,6,6,6.0,6,6,0.0,0,0,0.0,0,0,0.0,0,0,29.0,28,30
poorly_conditioned,long_delay,initial_batch_no_updates,True,11.5,2,2,0,1.0,0.34238022750665303,1.0,2,1.0,0.34238022750665303,1.0,{},7.6996021911555035,9.317107038794147,0.7281998397666628,0.8824199162518671,2,2,1.0,0.34238022750665303,1.0,1.0,0.34238022750665303,1.0,2,linear,whole_base_sequence,2.088589512463598,2.1035076649673097,6,0,0,nan,nan,nan,2,True,0.00011434999760240316,0.0,0.0,0.00043965174660974527,192139.96919571434,266528.4661979878,11.31130416343409,True,True,True,45.0,45,45,45.0,45,45,0.0,0,0,37.5,37,38,6.0,6,6,6.0,6,6,0.0,0,0,0.0,0,0,0.0,0,0,31.5,31,32
poorly_conditioned,long_delay,initial_batch_no_updates,True,12.0,2,2,0,1.0,0.34238022750665303,1.0,2,1.0,0.34238022750665303,1.0,{},8.063407969594769,9.758090794307364,0.7281998397666628,0.8824199162518671,2,2,1.0,0.34238022750665303,1.0,1.0,0.34238022750665303,1.0,2,linear,whole_base_sequence,2.08858951246365,2.1035076649674203,6,0,0,nan,nan,nan,2,True,0.00011745000665541738,0.0,0.0,0.0004010370016181613,230619.20122645667,319802.0169626793,11.822563208034579,True,True,True,45.0,45,45,45.0,45,45,0.0,0,0,39.5,39,40,6.0,6,6,6.0,6,6,0.0,0,0,0.0,0,0,0.0,0,0,33.5,33,34
poorly_conditioned,long_delay,initial_batch_no_updates,True,12.5,2,2,0,1.0,0.34238022750665303,1.0,2,1.0,0.34238022750665303,1.0,{},8.427239154641345,10.199094105597883,0.7281998397666628,0.8824199162518671,2,2,1.0,0.34238022750665303,1.0,1.0,0.34238022750665303,1.0,2,linear,whole_base_sequence,2.0885895124636904,2.103507664967418,6,0,0,nan,nan,nan,2,True,0.0001203499996336177,0.0,0.0,0.00036727968014546857,274628.18114014226,380716.2180401167,12.354766644690176,True,True,True,45.0,45,45,45.0,45,45,0.0,0,0,41.0,41,41,6.0,6,6,6.0,6,6,0.0,0,0,0.0,0,0,0.0,0,0,35.0,35,35
poorly_conditioned,long_delay,initial_batch_no_updates,True,14.5,2,2,0,1.0,0.34238022750665303,1.0,2,1.0,0.34238022750665303,1.0,{},9.88276183788139,11.963259674386375,0.7281998397666628,0.8824199162518671,2,2,1.0,0.34238022750665303,1.0,1.0,0.34238022750665303,1.0,2,linear,whole_base_sequence,2.088589512463586,2.1035076649672995,6,0,0,nan,nan,nan,2,True,0.00010770000517368317,0.0,0.0,0.00026729118785442186,516451.70338474796,715243.7587399702,13.823743836455982,True,True,True,45.0,45,45,45.0,45,45,0.0,0,0,45.0,45,45,6.0,6,6,6.0,6,6,0.0,0,0,0.0,0,0,0.0,0,0,39.0,39,39
poorly_conditioned,long_delay,initial_batch_no_updates,True,2.0,2,0,2,0.0,0.0,0.6576197724933469,0,0.0,0.0,0.6576197724933469,"{""not_initialized"": 2}",nan,nan,nan,nan,0,2,nan,nan,nan,0.0,0.0,0.6576197724933469,0,linear,whole_base_sequence,nan,nan,6,0,0,nan,nan,nan,2,True,2.6500056264922023e-06,0.0,nan,nan,nan,nan,1.8992501656158818,True,True,True,45.0,45,45,45.0,45,45,0.0,0,0,2.5,2,3,0.0,0,0,0.0,0,0,0.0,0,0,0.0,0,0,0.0,0,0,2.5,2,3
poorly_conditioned,long_delay,initial_batch_no_updates,True,2.5,2,0,2,0.0,0.0,0.6576197724933469,0,0.0,0.0,0.6576197724933469,"{""not_initialized"": 2}",nan,nan,nan,nan,0,2,nan,nan,nan,0.0,0.0,0.6576197724933469,0,linear,whole_base_sequence,nan,nan,6,0,0,nan,nan,nan,2,True,3.40001133736223e-06,0.0,nan,nan,nan,nan,2.2015558819162435,True,True,True,45.0,45,45,45.0,45,45,0.0,0,0,3.5,3,4,0.0,0,0,0.0,0,0,0.0,0,0,0.0,0,0,0.0,0,0,3.5,3,4
poorly_conditioned,long_delay,initial_batch_no_updates,True,3.0,2,0,2,0.0,0.0,0.6576197724933469,0,0.0,0.0,0.6576197724933469,"{""not_initialized"": 2}",nan,nan,nan,nan,0,2,nan,nan,nan,0.0,0.0,0.6576197724933469,0,linear,whole_base_sequence,nan,nan,6,0,0,nan,nan,nan,2,True,3.149994881823659e-06,0.0,nan,nan,nan,nan,2.67369978927274,True,True,True,45.0,45,45,45.0,45,45,0.0,0,0,5.0,5,5,0.0,0,0,0.0,0,0,0.0,0,0,0.0,0,0,0.0,0,0,5.0,5,5
poorly_conditioned,long_delay,initial_batch_no_updates,True,3.5,2,2,0,1.0,0.34238022750665303,1.0,2,1.0,0.34238022750665303,1.0,{},1.894145569924219,2.2733018233515834,0.7281998397666628,0.8824199162518671,2,2,1.0,0.34238022750665303,1.0,1.0,0.34238022750665303,1.0,2,linear,whole_base_sequence,2.0885895124636775,2.1035076649674527,6,0,0,nan,nan,nan,2,True,0.00011064999853260815,0.0,0.0,0.006508372569784396,937.343494353096,1319.0268720358963,3.3536356223913693,True,True,True,45.0,45,45,45.0,45,45,0.0,0,0,7.5,6,9,6.0,6,6,6.0,6,6,0.0,0,0,0.0,0,0,0.0,0,0,1.5,0,3
poorly_conditioned,long_delay,initial_batch_no_updates,True,4.0,2,2,0,1.0,0.34238022750665303,1.0,2,1.0,0.34238022750665303,1.0,{},2.253943559420192,2.7111768405311887,0.7281998397666628,0.8824199162518671,2,2,1.0,0.34238022750665303,1.0,1.0,0.34238022750665303,1.0,2,linear,whole_base_sequence,2.088589512463664,2.1035076649674416,6,0,0,nan,nan,nan,2,True,0.00020789999689441174,0.0,0.0,0.004760152566944419,1733.7452193911486,2434.9441543363487,3.857642249125892,True,True,True,45.0,45,45,45.0,45,45,0.0,0,0,9.0,9,9,6.0,6,6,6.0,6,6,0.0,0,0,0.0,0,0,0.0,0,0,3.0,3,3
poorly_conditioned,long_delay,initial_batch_no_updates,True,4.5,2,2,0,1.0,0.34238022750665303,1.0,2,1.0,0.34238022750665303,1.0,{},2.614932733620134,3.1499802771828618,0.7281998397666628,0.8824199162518671,2,2,1.0,0.34238022750665303,1.0,1.0,0.34238022750665303,1.0,2,linear,whole_base_sequence,2.0885895124636575,2.10350766496742,6,0,0,nan,nan,nan,2,True,0.00010300001304131001,0.0,0.0,0.0036153055724625154,2979.1994334577425,4176.848488497264,4.435411153888882,True,True,True,45.0,45,45,45.0,45,45,0.0,0,0,12.0,11,13,6.0,6,6,6.0,6,6,0.0,0,0,0.0,0,0,0.0,0,0,6.0,5,7
poorly_conditioned,long_delay,initial_batch_no_updates,True,5.0,2,2,0,1.0,0.34238022750665303,1.0,2,1.0,0.34238022750665303,1.0,{},2.9766797504908866,3.589372502281171,0.7281998397666628,0.8824199162518671,2,2,1.0,0.34238022750665303,1.0,1.0,0.34238022750665303,1.0,2,linear,whole_base_sequence,2.088589512463661,2.1035076649674167,6,0,0,nan,nan,nan,2,True,9.204998787026852e-05,0.0,0.0,0.0028308483635386275,4823.44641745047,6752.2426314277845,4.72102489384813,True,True,True,45.0,45,45,45.0,45,45,0.0,0,0,13.5,13,14,6.0,6,6,6.0,6,6,0.0,0,0,0.0,0,0,0.0,0,0,7.5,7,8
poorly_conditioned,long_delay,initial_batch_no_updates,True,5.5,2,2,0,1.0,0.34238022750665303,1.0,2,1.0,0.34238022750665303,1.0,{},3.338938300706529,4.029161300481623,0.7281998397666628,0.8824199162518671,2,2,1.0,0.34238022750665303,1.0,1.0,0.34238022750665303,1.0,2,linear,whole_base_sequence,2.08858951246365,2.103507664967395,6,0,0,nan,nan,nan,2,True,8.9749984908849e-05,0.0,0.0,0.0022725089539514954,7438.598159239859,10399.417132512448,5.392076326551273,True,True,True,45.0,45,45,45.0,45,45,0.0,0,0,14.0,13,15,6.0,6,6,6.0,6,6,0.0,0,0,0.0,0,0,0.0,0,0,8.0,7,9
poorly_conditioned,long_delay,initial_batch_no_updates,True,6.0,2,2,0,1.0,0.34238022750665303,1.0,2,1.0,0.34238022750665303,1.0,{},3.701558201377575,4.4692298131838895,0.7281998397666628,0.8824199162518671,2,2,1.0,0.34238022750665303,1.0,1.0,0.34238022750665303,1.0,2,linear,whole_base_sequence,2.088589512463651,2.1035076649674234,6,0,0,nan,nan,nan,2,True,0.00011169999197591096,0.0,0.0,0.001862244433104268,11019.139693483565,15387.450831713584,5.8823917292952,True,True,True,45.0,45,45,45.0,45,45,0.0,0,0,17.0,16,18,6.0,6,6,6.0,6,6,0.0,0,0,0.0,0,0,0.0,0,0,11.0,10,12
poorly_conditioned,long_delay,initial_batch_no_updates,True,6.5,2,2,0,1.0,0.34238022750665303,1.0,2,1.0,0.34238022750665303,1.0,{},4.064442737173732,4.9095029424574035,0.7281998397666628,0.8824199162518671,2,2,1.0,0.34238022750665303,1.0,1.0,0.34238022750665303,1.0,2,linear,whole_base_sequence,2.0885895124636535,2.10350766496742,6,0,0,nan,nan,nan,2,True,0.00010080001084133983,0.0,0.0,0.0015525767922086131,15781.929736710208,22016.211067262175,6.4934639250989905,True,True,True,45.0,45,45,45.0,45,45,0.0,0,0,18.0,18,18,6.0,6,6,6.0,6,6,0.0,0,0,0.0,0,0,0.0,0,0,12.0,12,12
poorly_conditioned,long_delay,initial_batch_no_updates,True,7.0,2,2,0,1.0,0.34238022750665303,1.0,2,1.0,0.34238022750665303,1.0,{},4.4275268392931375,5.349930242205952,0.7281998397666628,0.8824199162518671,2,2,1.0,0.34238022750665303,1.0,1.0,0.34238022750665303,1.0,2,linear,whole_base_sequence,2.08858951246366,2.1035076649674314,6,0,0,nan,nan,nan,2,True,0.0001332500105490908,0.0,0.0,0.0013134403385839449,21966.20101118197,30616.35377036104,6.975056496568159,True,True,True,45.0,45,45,45.0,45,45,0.0,0,0,20.0,19,21,6.0,6,6,6.0,6,6,0.0,0,0,0.0,0,0,0.0,0,0,14.0,13,15
poorly_conditioned,long_delay,initial_batch_no_updates,True,7.5,2,2,0,1.0,0.34238022750665303,1.0,2,1.0,0.34238022750665303,1.0,{},4.790765133553928,5.790476577395577,0.7281998397666628,0.8824199162518671,2,2,1.0,0.34238022750665303,1.0,1.0,0.34238022750665303,1.0,2,linear,whole_base_sequence,2.0885895124636367,2.103507664967394,6,0,0,nan,nan,nan,2,True,0.00011199999426025897,0.0,0.0,0.0011251175285781785,29833.56042026782,41549.32351127394,7.462905666881322,True,True,True,45.0,45,45,45.0,45,45,0.0,0,0,23.0,23,23,6.0,6,6,6.0,6,6,0.0,0,0,0.0,0,0,0.0,0,0,17.0,17,17
poorly_conditioned,long_delay,initial_batch_no_updates,True,8.0,2,2,0,1.0,0.34238022750665303,1.0,2,1.0,0.34238022750665303,1.0,{},5.154125019866029,6.231116728563161,0.7281998397666628,0.8824199162518671,2,2,1.0,0.34238022750665303,1.0,1.0,0.34238022750665303,1.0,2,linear,whole_base_sequence,2.0885895124636944,2.1035076649675006,6,0,0,nan,nan,nan,2,True,0.0001367499935440719,0.0,0.0,0.0009742760469833057,39667.98914893805,55207.35352439871,7.94539677521254,True,True,True,45.0,45,45,45.0,45,45,0.0,0,0,25.5,25,26,6.0,6,6,6.0,6,6,0.0,0,0,0.0,0,0,0.0,0,0,19.5,19,20
poorly_conditioned,long_delay,initial_batch_no_updates,True,8.5,2,2,0,1.0,0.34238022750665303,1.0,2,1.0,0.34238022750665303,1.0,{},5.517582475981678,6.671832126428486,0.7281998397666628,0.8824199162518671,2,2,1.0,0.34238022750665303,1.0,1.0,0.34238022750665303,1.0,2,linear,whole_base_sequence,2.088589512463694,2.1035076649674886,6,0,0,nan,nan,nan,2,True,0.00011529999028425664,0.0,0.0,0.0008516564666938114,51775.84272018443,72013.46571528097,8.44979004453039,True,True,True,45.0,45,45,45.0,45,45,0.0,0,0,27.0,27,27,6.0,6,6,6.0,6,6,0.0,0,0,0.0,0,0,0.0,0,0,21.0,21,21
poorly_conditioned,long_delay,initial_batch_no_updates,True,9.0,2,2,0,1.0,0.34238022750665303,1.0,2,1.0,0.34238022750665303,1.0,{},5.881119412274271,7.1126087965526335,0.7281998397666628,0.8824199162518671,2,2,1.0,0.34238022750665303,1.0,1.0,0.34238022750665303,1.0,2,linear,whole_base_sequence,2.088589512463658,2.103507664967424,6,0,0,nan,nan,nan,2,True,0.00013729999773204327,0.0,0.0,0.0007506746773384156,66485.85103915876,92421.47068284864,8.848610786968104,True,True,True,45.0,45,45,45.0,45,45,0.0,0,0,28.5,28,29,6.0,6,6,6.0,6,6,0.0,0,0,0.0,0,0,0.0,0,0,22.5,22,23
poorly_conditioned,long_delay,initial_batch_no_updates,True,9.5,2,2,0,1.0,0.34238022750665303,1.0,2,1.0,0.34238022750665303,1.0,{},6.244721947926631,7.553436021564886,0.7281998397666628,0.8824199162518671,2,2,1.0,0.34238022750665303,1.0,1.0,0.34238022750665303,1.0,2,linear,whole_base_sequence,2.0885895124636518,2.1035076649674034,6,0,0,nan,nan,nan,2,True,0.00012049998622387648,0.0,0.0,0.0006665502338541873,84149.11840549289,116915.96770178943,9.308426319128738,True,True,True,45.0,45,45,45.0,45,45,0.0,0,0,30.0,29,31,6.0,6,6,6.0,6,6,0.0,0,0,0.0,0,0,0.0,0,0,24.0,23,25
poorly_conditioned,long_delay,offline_full_record_noncausal,False,14.5,2,2,0,1.0,0.34238022750665303,1.0,2,1.0,0.34238022750665303,1.0,{},0.6565584310037341,0.7214090390489843,0.06781815053846461,0.07426691538679744,2,2,1.0,0.34238022750665303,1.0,1.0,0.34238022750665303,1.0,2,linear,whole_base_sequence,5.7295638627272085,6.107263376535393,6,0,0,nan,nan,nan,2,True,0.316109849998611,0.0,0.0,8.290899073861769e-05,2122.2790317116046,2208.159345589221,13.823743836455982,True,True,True,45.0,45,45,45.0,45,45,0.0,0,0,45.0,45,45,45.0,45,45,0.0,0,0,0.0,0,0,0.0,0,0,0.0,0,0,0.0,0,0
poorly_conditioned,long_delay,retarded_ekf,True,0.0,2,0,2,0.0,0.0,0.6576197724933469,0,0.0,0.0,0.6576197724933469,"{""not_initialized"": 2}",nan,nan,nan,nan,0,2,nan,nan,nan,0.0,0.0,0.6576197724933469,0,linear,whole_base_sequence,nan,nan,6,0,0,nan,nan,nan,2,True,2.505000156816095e-05,0.0,nan,nan,nan,nan,nan,True,True,True,45.0,45,45,45.0,45,45,0.0,0,0,0.0,0,0,0.0,0,0,0.0,0,0,0.0,0,0,0.0,0,0,0.0,0,0,0.0,0,0
poorly_conditioned,long_delay,retarded_ekf,True,0.5,2,0,2,0.0,0.0,0.6576197724933469,0,0.0,0.0,0.6576197724933469,"{""not_initialized"": 2}",nan,nan,nan,nan,0,2,nan,nan,nan,0.0,0.0,0.6576197724933469,0,linear,whole_base_sequence,nan,nan,6,0,0,nan,nan,nan,2,True,1.3299984857439995e-05,0.0,nan,nan,nan,nan,nan,True,True,True,45.0,45,45,45.0,45,45,0.0,0,0,0.0,0,0,0.0,0,0,0.0,0,0,0.0,0,0,0.0,0,0,0.0,0,0,0.0,0,0
poorly_conditioned,long_delay,retarded_ekf,True,1.0,2,0,2,0.0,0.0,0.6576197724933469,0,0.0,0.0,0.6576197724933469,"{""not_initialized"": 2}",nan,nan,nan,nan,0,2,nan,nan,nan,0.0,0.0,0.6576197724933469,0,linear,whole_base_sequence,nan,nan,6,0,0,nan,nan,nan,2,True,1.0949996067211032e-05,0.0,nan,nan,nan,nan,nan,True,True,True,45.0,45,45,45.0,45,45,0.0,0,0,0.0,0,0,0.0,0,0,0.0,0,0,0.0,0,0,0.0,0,0,0.0,0,0,0.0,0,0
poorly_conditioned,long_delay,retarded_ekf,True,1.5,2,0,2,0.0,0.0,0.6576197724933469,0,0.0,0.0,0.6576197724933469,"{""not_initialized"": 2}",nan,nan,nan,nan,0,2,nan,nan,nan,0.0,0.0,0.6576197724933469,0,linear,whole_base_sequence,nan,nan,6,0,0,nan,nan,nan,2,True,0.00014459999511018395,0.0,nan,nan,nan,nan,1.3240284484171077,True,True,True,45.0,45,45,45.0,45,45,0.0,0,0,1.5,1,2,0.0,0,0,0.0,0,0,0.0,0,0,0.0,0,0,0.0,0,0,1.5,1,2
poorly_conditioned,long_delay,retarded_ekf,True,10.0,2,2,0,1.0,0.34238022750665303,1.0,2,1.0,0.34238022750665303,1.0,{},0.5092217552462326,0.6678166188872015,0.07399484667654725,0.0992149816616292,2,2,1.0,0.34238022750665303,1.0,1.0,0.34238022750665303,1.0,2,linear,whole_base_sequence,3.905266970578386,5.236331130623027,6,7,0,0.7177739510333959,1.7006443206978898,1.0,2,True,0.006678400008240715,0.0023419500212185085,0.0,0.00024405191899736617,821.1344318271931,835.4735819878216,9.99359258160019,True,True,True,45.0,45,45,45.0,45,45,0.0,0,0,33.5,33,34,33.5,33,34,6.0,6,6,27.5,27,28,0.0,0,0,0.0,0,0,0.0,0,0
poorly_conditioned,long_delay,retarded_ekf,True,10.5,2,2,0,1.0,0.34238022750665303,1.0,2,1.0,0.34238022750665303,1.0,{},0.5424028584449793,0.7150869300130434,0.07682822871462686,0.10013438404752054,2,2,1.0,0.34238022750665303,1.0,1.0,0.34238022750665303,1.0,2,linear,whole_base_sequence,4.118053514015444,5.257609784966467,6,1,0,3.1657504375810697,3.1657504375810697,1.0,2,True,0.0013943000085419044,0.0004226500022923574,0.0,0.00021210258053091821,967.9594020653052,1102.901839264385,10.279881210547714,True,True,True,45.0,45,45,45.0,45,45,0.0,0,0,34.0,34,34,34.0,34,34,6.0,6,6,28.0,28,28,0.0,0,0,0.0,0,0,0.0,0,0
poorly_conditioned,long_delay,retarded_ekf,True,11.0,2,2,0,1.0,0.34238022750665303,1.0,2,1.0,0.34238022750665303,1.0,{},0.6289912541038544,0.8331354879612871,0.08696628372238473,0.11432509759520079,2,2,1.0,0.34238022750665303,1.0,1.0,0.34238022750665303,1.0,2,linear,whole_base_sequence,5.674503610554508,8.214864968390824,6,2,0,1.8543181934142332,3.0678150158474766,1.0,2,True,0.002879049992770888,0.0008830999868223444,0.0,0.00018528134110598154,1071.0633497092972,1089.5095545176162,10.783207349650901,True,True,True,45.0,45,45,45.0,45,45,0.0,0,0,35.0,34,36,35.0,34,36,6.0,6,6,29.0,28,30,0.0,0,0,0.0,0,0,0.0,0,0
poorly_conditioned,long_delay,retarded_ekf,True,11.5,2,2,0,1.0,0.34238022750665303,1.0,2,1.0,0.34238022750665303,1.0,{},0.4659606088387937,0.6047893769414093,0.07312035822601512,0.08757375813980968,2,2,1.0,0.34238022750665303,1.0,1.0,0.34238022750665303,1.0,2,linear,whole_base_sequence,4.785146886330225,6.754966251028319,6,5,0,1.8081623164020229,3.395120069817882,1.0,2,True,0.006332599994493648,0.0021830500045325607,0.0,0.00016288787171159761,1110.6164697706074,1170.1990652173406,11.31130416343409,True,True,True,45.0,45,45,45.0,45,45,0.0,0,0,37.5,37,38,37.5,37,38,6.0,6,6,31.5,31,32,0.0,0,0,0.0,0,0,0.0,0,0
poorly_conditioned,long_delay,retarded_ekf,True,12.0,2,2,0,1.0,0.34238022750665303,1.0,2,1.0,0.34238022750665303,1.0,{},0.6115711904955767,0.6270001359474144,0.08269478265000277,0.08664383225553013,2,2,1.0,0.34238022750665303,1.0,1.0,0.34238022750665303,1.0,2,linear,whole_base_sequence,4.989611539053456,5.635162912766656,6,4,0,2.308287369387128,3.5506852458108975,1.0,2,True,0.004270899997209199,0.0013289000053191558,0.0,0.0001441267131263947,1123.0432952578494,1144.9665743176374,11.822563208034579,True,True,True,45.0,45,45,45.0,45,45,0.0,0,0,39.5,39,40,39.5,39,40,6.0,6,6,33.5,33,34,0.0,0,0,0.0,0,0,0.0,0,0
poorly_conditioned,long_delay,retarded_ekf,True,12.5,2,2,0,1.0,0.34238022750665303,1.0,2,1.0,0.34238022750665303,1.0,{},0.6553639238084399,0.6993415498622046,0.08165249154106205,0.08965604158249027,2,2,1.0,0.34238022750665303,1.0,1.0,0.34238022750665303,1.0,2,linear,whole_base_sequence,5.877981185494541,6.334273138727355,6,3,0,0.6229560366916506,1.1675242535113621,1.0,2,True,0.003730049997102469,0.0011191500234417617,0.0,0.00012803770008000957,1205.8464311011412,1300.826079011278,12.354766644690176,True,True,True,45.0,45,45,45.0,45,45,0.0,0,0,41.0,41,41,41.0,41,41,6.0,6,6,35.0,35,35,0.0,0,0,0.0,0,0,0.0,0,0
poorly_conditioned,long_delay,retarded_ekf,True,14.5,2,2,0,1.0,0.34238022750665303,1.0,2,1.0,0.34238022750665303,1.0,{},0.6576929722444271,0.724311016217266,0.06812446609443036,0.0747934605959457,2,2,1.0,0.34238022750665303,1.0,1.0,0.34238022750665303,1.0,2,linear,whole_base_sequence,5.744690571449994,6.1289298627803666,6,8,0,2.0833831101749403,3.916871997529752,1.0,2,True,0.009183449990814552,0.0027189499960513785,0.0,8.306270396193409e-05,2123.883458501892,2219.4010103938076,13.823743836455982,True,True,True,45.0,45,45,45.0,45,45,0.0,0,0,45.0,45,45,45.0,45,45,6.0,6,6,39.0,39,39,0.0,0,0,0.0,0,0,0.0,0,0
poorly_conditioned,long_delay,retarded_ekf,True,2.0,2,0,2,0.0,0.0,0.6576197724933469,0,0.0,0.0,0.6576197724933469,"{""not_initialized"": 2}",nan,nan,nan,nan,0,2,nan,nan,nan,0.0,0.0,0.6576197724933469,0,linear,whole_base_sequence,nan,nan,6,0,0,nan,nan,nan,2,True,0.00015360000543296337,0.0,nan,nan,nan,nan,1.8992501656158818,True,True,True,45.0,45,45,45.0,45,45,0.0,0,0,2.5,2,3,0.0,0,0,0.0,0,0,0.0,0,0,0.0,0,0,0.0,0,0,2.5,2,3
poorly_conditioned,long_delay,retarded_ekf,True,2.5,2,0,2,0.0,0.0,0.6576197724933469,0,0.0,0.0,0.6576197724933469,"{""not_initialized"": 2}",nan,nan,nan,nan,0,2,nan,nan,nan,0.0,0.0,0.6576197724933469,0,linear,whole_base_sequence,nan,nan,6,0,0,nan,nan,nan,2,True,0.000192749997950159,0.0,nan,nan,nan,nan,2.2015558819162435,True,True,True,45.0,45,45,45.0,45,45,0.0,0,0,3.5,3,4,0.0,0,0,0.0,0,0,0.0,0,0,0.0,0,0,0.0,0,0,3.5,3,4
poorly_conditioned,long_delay,retarded_ekf,True,3.0,2,0,2,0.0,0.0,0.6576197724933469,0,0.0,0.0,0.6576197724933469,"{""not_initialized"": 2}",nan,nan,nan,nan,0,2,nan,nan,nan,0.0,0.0,0.6576197724933469,0,linear,whole_base_sequence,nan,nan,6,0,0,nan,nan,nan,2,True,0.00037590002466458827,0.0,nan,nan,nan,nan,2.67369978927274,True,True,True,45.0,45,45,45.0,45,45,0.0,0,0,5.0,5,5,0.0,0,0,0.0,0,0,0.0,0,0,0.0,0,0,0.0,0,0,5.0,5,5
poorly_conditioned,long_delay,retarded_ekf,True,3.5,2,2,0,1.0,0.34238022750665303,1.0,2,1.0,0.34238022750665303,1.0,{},1.9247985604478401,2.2775528052413536,0.7282513196271324,0.8824274807997515,2,2,1.0,0.34238022750665303,1.0,1.0,0.34238022750665303,1.0,2,linear,whole_base_sequence,3.6919548606607338,5.120065521534309,6,3,0,1.3626768816915957,2.8200447275409215,1.0,2,True,0.06165464999503456,0.001275799993891269,0.0,0.006208719501268518,729.9979568999935,1319.0268720358963,3.3536356223913693,True,True,True,45.0,45,45,45.0,45,45,0.0,0,0,7.5,6,9,7.5,6,9,6.0,6,6,1.5,0,3,0.0,0,0,0.0,0,0,0.0,0,0
poorly_conditioned,long_delay,retarded_ekf,True,4.0,2,2,0,1.0,0.34238022750665303,1.0,2,1.0,0.34238022750665303,1.0,{},2.2562171246653793,2.6721050683665255,0.7420862685691595,0.9035727667149734,2,2,1.0,0.34238022750665303,1.0,1.0,0.34238022750665303,1.0,2,linear,whole_base_sequence,5.5455673217884645,5.785707875929781,6,3,0,0.9688314159183352,2.4742252813969703,1.0,2,True,0.0012640499917324632,0.0007125499978428707,0.0,0.004513371720475038,365.6402861819911,461.3855435331287,3.857642249125892,True,True,True,45.0,45,45,45.0,45,45,0.0,0,0,9.0,9,9,9.0,9,9,6.0,6,6,3.0,3,3,0.0,0,0,0.0,0,0,0.0,0,0
poorly_conditioned,long_delay,retarded_ekf,True,4.5,2,2,0,1.0,0.34238022750665303,1.0,2,1.0,0.34238022750665303,1.0,{},0.4979907802711452,0.6390210556457765,0.16428794214721046,0.18477423313961872,2,2,1.0,0.34238022750665303,1.0,1.0,0.34238022750665303,1.0,2,linear,whole_base_sequence,1.978086444291336,2.658345973153527,6,6,0,3.511311595892026,7.457109529053931,0.8333333333333334,2,True,0.003414949998841621,0.001928050012793392,0.0,0.0026806868646541363,418.50362375337033,466.1062741276391,4.435411153888882,True,True,True,45.0,45,45,45.0,45,45,0.0,0,0,12.0,11,13,12.0,11,13,6.0,6,6,6.0,5,7,0.0,0,0,0.0,0,0,0.0,0,0
poorly_conditioned,long_delay,retarded_ekf,True,5.0,2,2,0,1.0,0.34238022750665303,1.0,2,1.0,0.34238022750665303,1.0,{},0.5498254698489587,0.6797333218852684,0.18507099097791904,0.224711774646334,2,2,1.0,0.34238022750665303,1.0,1.0,0.34238022750665303,1.0,2,linear,whole_base_sequence,2.4953113646907625,3.48074659501776,6,3,0,1.698149779245384,4.271168452735661,1.0,2,True,0.0021562499896390364,0.0010925999958999455,0.0,0.0019523836837872968,459.4211702562941,478.6332976632802,4.72102489384813,True,True,True,45.0,45,45,45.0,45,45,0.0,0,0,13.5,13,14,13.5,13,14,6.0,6,6,7.5,7,8,0.0,0,0,0.0,0,0,0.0,0,0
poorly_conditioned,long_delay,retarded_ekf,True,5.5,2,2,0,1.0,0.34238022750665303,1.0,2,1.0,0.34238022750665303,1.0,{},0.6743874535711526,0.7921901878870979,0.1973756787150816,0.22637346477738454,2,2,1.0,0.34238022750665303,1.0,1.0,0.34238022750665303,1.0,2,linear,whole_base_sequence,2.628707710670883,3.4940862296156867,6,1,0,0.6257784828529205,0.6257784828529205,1.0,2,True,0.0005545499880099669,0.00023969999165274203,0.0,0.0015082667886328555,625.505068960716,726.2661310370903,5.392076326551273,True,True,True,45.0,45,45,45.0,45,45,0.0,0,0,14.0,13,15,14.0,13,15,6.0,6,6,8.0,7,9,0.0,0,0,0.0,0,0,0.0,0,0
poorly_conditioned,long_delay,retarded_ekf,True,6.0,2,2,0,1.0,0.34238022750665303,1.0,2,1.0,0.34238022750665303,1.0,{},0.7265342643531643,0.8159171535172934,0.17032206169792227,0.2182193983040425,2,2,1.0,0.34238022750665303,1.0,1.0,0.34238022750665303,1.0,2,linear,whole_base_sequence,3.669491296204189,4.504059750803686,6,6,0,1.446895479608461,3.020914922193943,1.0,2,True,0.00289209999027662,0.0014168500201776624,0.0,0.0011195425165272021,512.5598140488735,657.0876708578154,5.8823917292952,True,True,True,45.0,45,45,45.0,45,45,0.0,0,0,17.0,16,18,17.0,16,18,6.0,6,6,11.0,10,12,0.0,0,0,0.0,0,0,0.0,0,0
poorly_conditioned,long_delay,retarded_ekf,True,6.5,2,2,0,1.0,0.34238022750665303,1.0,2,1.0,0.34238022750665303,1.0,{},0.6800798597017672,0.7064980718923018,0.1170486596094857,0.13895799929232175,2,2,1.0,0.34238022750665303,1.0,1.0,0.34238022750665303,1.0,2,linear,whole_base_sequence,3.449968164798997,4.482107437663296,6,2,0,2.167470242569459,2.86079656290776,1.0,2,True,0.0018802999838953838,0.0008123999868985265,0.0,0.0008983448286761045,555.8408674808963,572.4156858392248,6.4934639250989905,True,True,True,45.0,45,45,45.0,45,45,0.0,0,0,18.0,18,18,18.0,18,18,6.0,6,6,12.0,12,12,0.0,0,0,0.0,0,0,0.0,0,0
poorly_conditioned,long_delay,retarded_ekf,True,7.0,2,2,0,1.0,0.34238022750665303,1.0,2,1.0,0.34238022750665303,1.0,{},0.38920638252541107,0.48288447082405783,0.08649437083613803,0.10005526004301146,2,2,1.0,0.34238022750665303,1.0,1.0,0.34238022750665303,1.0,2,linear,whole_base_sequence,2.7480627479069657,3.0667828202173975,6,4,0,2.4786985863847986,5.281505603279985,1.0,2,True,0.0031795499962754548,0.0014310000115074217,0.0,0.0006951107478085101,670.1554433679048,763.1920251544021,6.975056496568159,True,True,True,45.0,45,45,45.0,45,45,0.0,0,0,20.0,19,21,20.0,19,21,6.0,6,6,14.0,13,15,0.0,0,0,0.0,0,0,0.0,0,0
poorly_conditioned,long_delay,retarded_ekf,True,7.5,2,2,0,1.0,0.34238022750665303,1.0,2,1.0,0.34238022750665303,1.0,{},0.5477437670762729,0.7216855722170403,0.10254120551043724,0.11498996007582203,2,2,1.0,0.34238022750665303,1.0,1.0,0.34238022750665303,1.0,2,linear,whole_base_sequence,3.4647899370827435,3.8102846340053853,6,6,0,1.6447853089297617,3.9785193062051056,1.0,2,True,0.004233300001942553,0.001835999995819293,0.0,0.0005656334206944138,539.9364613993296,548.8447186080838,7.462905666881322,True,True,True,45.0,45,45,45.0,45,45,0.0,0,0,23.0,23,23,23.0,23,23,6.0,6,6,17.0,17,17,0.0,0,0,0.0,0,0,0.0,0,0
poorly_conditioned,long_delay,retarded_ekf,True,8.0,2,2,0,1.0,0.34238022750665303,1.0,2,1.0,0.34238022750665303,1.0,{},0.8311125273703839,0.8983442505097458,0.15056973520186945,0.17801116557327615,2,2,1.0,0.34238022750665303,1.0,1.0,0.34238022750665303,1.0,2,linear,whole_base_sequence,5.488905690231157,6.711625366592941,6,5,0,3.5269708077545188,6.742067990639753,0.8,2,True,0.004105950007215142,0.0016238000098383054,0.0,0.00046894134677675695,554.4995092619322,554.5183404545465,7.94539677521254,True,True,True,45.0,45,45,45.0,45,45,0.0,0,0,25.5,25,26,25.5,25,26,6.0,6,6,19.5,19,20,0.0,0,0,0.0,0,0,0.0,0,0
poorly_conditioned,long_delay,retarded_ekf,True,8.5,2,2,0,1.0,0.34238022750665303,1.0,2,1.0,0.34238022750665303,1.0,{},0.877711192601223,1.0521345023449704,0.14600688754792213,0.1834221071989869,2,2,1.0,0.34238022750665303,1.0,1.0,0.34238022750665303,1.0,2,linear,whole_base_sequence,5.649225820625003,7.822813102535758,6,3,0,4.731798321993619,10.768904853494366,0.6666666666666666,2,True,0.003318049988592975,0.0012252000014996156,0.0,0.0003920164198020629,682.284784591785,730.4997873961012,8.44979004453039,True,True,True,45.0,45,45,45.0,45,45,0.0,0,0,27.0,27,27,27.0,27,27,6.0,6,6,21.0,21,21,0.0,0,0,0.0,0,0,0.0,0,0
poorly_conditioned,long_delay,retarded_ekf,True,9.0,2,2,0,1.0,0.34238022750665303,1.0,2,1.0,0.34238022750665303,1.0,{},0.7374253460867625,0.9240439114649165,0.11500375704781023,0.15009946567942678,2,2,1.0,0.34238022750665303,1.0,1.0,0.34238022750665303,1.0,2,linear,whole_base_sequence,5.230206079590239,7.443284234285717,6,3,0,2.1928024090031477,3.8926792845883313,1.0,2,True,0.0024988500081235543,0.0009150499972747639,0.0,0.0003323376382421592,759.0380337124769,771.0308349682712,8.848610786968104,True,True,True,45.0,45,45,45.0,45,45,0.0,0,0,28.5,28,29,28.5,28,29,6.0,6,6,22.5,22,23,0.0,0,0,0.0,0,0,0.0,0,0
poorly_conditioned,long_delay,retarded_ekf,True,9.5,2,2,0,1.0,0.34238022750665303,1.0,2,1.0,0.34238022750665303,1.0,{},0.6507782241623508,0.8454680656971015,0.10145533126634373,0.13622456919275966,2,2,1.0,0.34238022750665303,1.0,1.0,0.34238022750665303,1.0,2,linear,whole_base_sequence,4.618151019230647,6.521922960737785,6,3,0,1.7712535181088953,2.9638928860518763,1.0,2,True,0.00347804999910295,0.0012181000201962888,0.0,0.0002831219444594018,856.746557215217,973.3902045619795,9.308426319128738,True,True,True,45.0,45,45,45.0,45,45,0.0,0,0,30.0,29,31,30.0,29,31,6.0,6,6,24.0,23,25,0.0,0,0,0.0,0,0,0.0,0,0
poorly_conditioned,mixed,causal_prefix_batch,True,0.0,2,0,2,0.0,0.0,0.6576197724933469,0,0.0,0.0,0.6576197724933469,"{""insufficient_measurements"": 2}",nan,nan,nan,nan,0,2,nan,nan,nan,0.0,0.0,0.6576197724933469,0,linear,whole_base_sequence,nan,nan,6,0,0,nan,nan,nan,2,True,3.8650003261864185e-05,0.0,nan,nan,nan,nan,nan,True,True,False,45.0,45,45,35.0,34,36,10.0,9,11,0.0,0,0,0.0,0,0,0.0,0,0,0.0,0,0,0.0,0,0,0.0,0,0,0.0,0,0
poorly_conditioned,mixed,causal_prefix_batch,True,0.5,2,0,2,0.0,0.0,0.6576197724933469,0,0.0,0.0,0.6576197724933469,"{""insufficient_measurements"": 2}",nan,nan,nan,nan,0,2,nan,nan,nan,0.0,0.0,0.6576197724933469,0,linear,whole_base_sequence,nan,nan,6,0,0,nan,nan,nan,2,True,2.880001557059586e-05,0.0,nan,nan,nan,nan,nan,True,True,False,45.0,45,45,35.0,34,36,10.0,9,11,0.0,0,0,0.0,0,0,0.0,0,0,0.0,0,0,0.0,0,0,0.0,0,0,0.0,0,0
poorly_conditioned,mixed,causal_prefix_batch,True,1.0,2,0,2,0.0,0.0,0.6576197724933469,0,0.0,0.0,0.6576197724933469,"{""insufficient_measurements"": 2}",nan,nan,nan,nan,0,2,nan,nan,nan,0.0,0.0,0.6576197724933469,0,linear,whole_base_sequence,nan,nan,6,0,0,nan,nan,nan,2,True,2.6600013370625675e-05,0.0,nan,nan,nan,nan,nan,True,True,False,45.0,45,45,35.0,34,36,10.0,9,11,0.0,0,0,0.0,0,0,0.0,0,0,0.0,0,0,0.0,0,0,0.0,0,0,0.0,0,0
poorly_conditioned,mixed,causal_prefix_batch,True,1.5,2,0,2,0.0,0.0,0.6576197724933469,0,0.0,0.0,0.6576197724933469,"{""insufficient_measurements"": 2}",nan,nan,nan,nan,0,2,nan,nan,nan,0.0,0.0,0.6576197724933469,0,linear,whole_base_sequence,nan,nan,6,0,0,nan,nan,nan,2,True,3.194999590050429e-05,0.0,nan,nan,nan,nan,1.3240284484171077,True,True,False,45.0,45,45,35.0,34,36,10.0,9,11,1.5,1,2,1.5,1,2,0.0,0,0,0.0,0,0,0.0,0,0,0.0,0,0,0.0,0,0
poorly_conditioned,mixed,causal_prefix_batch,True,10.0,2,2,0,1.0,0.34238022750665303,1.0,2,1.0,0.34238022750665303,1.0,{},3.557727653205135,3.9428392951558124,0.7209831410713988,0.8986310701248035,2,2,0.0,0.0,0.6576197724933469,0.0,0.0,0.6576197724933469,0,linear,whole_base_sequence,357.97805444206153,537.2424214239611,6,0,0,nan,nan,nan,2,True,0.1804852000059327,0.0,0.0,0.0003546701370632595,654.6243492553742,662.7334353990794,9.911624899135319,True,True,False,45.0,45,45,35.0,34,36,10.0,9,11,26.5,26,27,26.5,26,27,0.0,0,0,0.0,0,0,0.0,0,0,0.0,0,0,0.0,0,0
poorly_conditioned,mixed,causal_prefix_batch,True,10.5,2,2,0,1.0,0.34238022750665303,1.0,2,1.0,0.34238022750665303,1.0,{},3.417311012815664,3.5140462756105686,0.6924031719595396,0.8933127144438625,2,2,0.0,0.0,0.6576197724933469,0.0,0.0,0.6576197724933469,0,linear,whole_base_sequence,348.8286602301049,536.3274820030841,6,0,0,nan,nan,nan,2,True,0.17826069999136962,0.0,0.0,0.00030403493204087667,781.6627934541839,888.9535865629342,10.279881210547714,True,True,False,45.0,45,45,35.0,34,36,10.0,9,11,27.0,26,28,27.0,26,28,0.0,0,0,0.0,0,0,0.0,0,0,0.0,0,0,0.0,0,0
poorly_conditioned,mixed,causal_prefix_batch,True,11.0,2,2,0,1.0,0.34238022750665303,1.0,2,1.0,0.34238022750665303,1.0,{},3.365606639579873,3.457575125426721,0.6246528164608822,0.7960972019558645,2,2,0.0,0.0,0.6576197724933469,0.0,0.0,0.6576197724933469,0,linear,whole_base_sequence,341.70292820134785,522.788595046914,6,0,0,nan,nan,nan,2,True,0.17043750001175795,0.0,0.0,0.0002623862750118436,851.1572470856111,896.5408537539029,10.783207349650901,True,True,False,45.0,45,45,35.0,34,36,10.0,9,11,28.0,28,28,28.0,28,28,0.0,0,0,0.0,0,0,0.0,0,0,0.0,0,0,0.0,0,0
poorly_conditioned,mixed,causal_prefix_batch,True,11.5,2,2,0,1.0,0.34238022750665303,1.0,2,1.0,0.34238022750665303,1.0,{},2.9579965515539874,3.1772624890793084,0.5576107324765572,0.7339097545264408,2,2,0.0,0.0,0.6576197724933469,0.0,0.0,0.6576197724933469,0,linear,whole_base_sequence,320.41306191319666,504.9336335856372,6,0,0,nan,nan,nan,2,True,0.20031460000609513,0.0,0.0,0.0002271326627765621,909.3461312239523,1004.1283675067644,11.31130416343409,True,True,False,45.0,45,45,35.0,34,36,10.0,9,11,29.5,29,30,29.5,29,30,0.0,0,0,0.0,0,0,0.0,0,0,0.0,0,0,0.0,0,0
poorly_conditioned,mixed,causal_prefix_batch,True,12.0,2,2,0,1.0,0.34238022750665303,1.0,2,1.0,0.34238022750665303,1.0,{},2.4137652338277094,2.5969497320004993,0.4533906155946558,0.5972005893161924,2,2,0.0,0.0,0.6576197724933469,0.0,0.0,0.6576197724933469,0,linear,whole_base_sequence,283.37395916857776,445.77075016820567,6,0,0,nan,nan,nan,2,True,0.21955275000073016,0.0,0.0,0.00019869682930718572,932.3333629175506,1013.6416854661873,11.822563208034579,True,True,False,45.0,45,45,35.0,34,36,10.0,9,11,31.5,31,32,31.5,31,32,0.0,0,0,0.0,0,0,0.0,0,0,0.0,0,0,0.0,0,0
poorly_conditioned,mixed,causal_prefix_batch,True,12.5,2,2,0,1.0,0.34238022750665303,1.0,2,1.0,0.34238022750665303,1.0,{},2.4460237832176848,2.623335227918576,0.4324313453504258,0.566344449113792,2,2,0.0,0.0,0.6576197724933469,0.0,0.0,0.6576197724933469,0,linear,whole_base_sequence,277.4054754122046,434.9353795109438,6,0,0,nan,nan,nan,2,True,0.23274674999993294,0.0,0.0,0.00017472377009904608,1087.6409411311608,1153.2230092223542,12.354766644690176,True,True,False,45.0,45,45,35.0,34,36,10.0,9,11,32.5,32,33,32.5,32,33,0.0,0,0,0.0,0,0,0.0,0,0,0.0,0,0,0.0,0,0
poorly_conditioned,mixed,causal_prefix_batch,True,14.5,2,2,0,1.0,0.34238022750665303,1.0,2,1.0,0.34238022750665303,1.0,{},2.5712237888930507,3.118929168932574,0.3902710739995913,0.5178040774631256,2,2,0.0,0.0,0.6576197724933469,0.0,0.0,0.6576197724933469,0,linear,whole_base_sequence,260.70844674309717,413.19013417746703,6,0,0,nan,nan,nan,2,True,0.25831444999494124,0.0,0.0,0.00011033267714201753,2115.2375373333175,2193.581223977479,13.823743836455982,True,True,False,45.0,45,45,35.0,34,36,10.0,9,11,35.0,34,36,35.0,34,36,0.0,0,0,0.0,0,0,0.0,0,0,0.0,0,0,0.0,0,0
poorly_conditioned,mixed,causal_prefix_batch,True,2.0,2,0,2,0.0,0.0,0.6576197724933469,0,0.0,0.0,0.6576197724933469,"{""insufficient_measurements"": 2}",nan,nan,nan,nan,0,2,nan,nan,nan,0.0,0.0,0.6576197724933469,0,linear,whole_base_sequence,nan,nan,6,0,0,nan,nan,nan,2,True,3.1799994758330286e-05,0.0,nan,nan,nan,nan,1.7850510703647648,True,True,False,45.0,45,45,35.0,34,36,10.0,9,11,2.0,2,2,2.0,2,2,0.0,0,0,0.0,0,0,0.0,0,0,0.0,0,0,0.0,0,0
poorly_conditioned,mixed,causal_prefix_batch,True,2.5,2,2,0,1.0,0.34238022750665303,1.0,2,1.0,0.34238022750665303,1.0,{},27.83140101636345,35.50312432563922,14.161282821454298,18.009458384566617,2,2,1.0,0.34238022750665303,1.0,1.0,0.34238022750665303,1.0,2,linear,whole_base_sequence,2.3340019673855803,2.803614586755971,6,0,0,nan,nan,nan,2,True,0.05545775000064168,0.0,0.0,0.019707168942707583,24899693.285788175,43586074.04137525,2.2015558819162435,True,True,False,45.0,45,45,35.0,34,36,10.0,9,11,3.0,3,3,3.0,3,3,0.0,0,0,0.0,0,0,0.0,0,0,0.0,0,0,0.0,0,0
poorly_conditioned,mixed,causal_prefix_batch,True,3.0,2,1,1,0.5,0.09453120573423074,0.9054687942657693,1,0.5,0.09453120573423074,0.9054687942657693,"{""projected_kkt_not_satisfied"": 1}",13.37536248453359,13.37536248453359,5.363154887159927,5.363154887159927,1,2,1.0,0.20654931437723745,1.0,0.5,0.09453120573423074,0.9054687942657693,1,linear,whole_base_sequence,1.7591181971266594,1.7591181971266594,6,0,0,nan,nan,nan,2,True,0.1924548500101082,0.0,0.0,0.013856790718883792,2251959.776787472,2251959.776787472,2.67369978927274,True,True,False,45.0,45,45,35.0,34,36,10.0,9,11,4.0,4,4,4.0,4,4,0.0,0,0,0.0,0,0,0.0,0,0,0.0,0,0,0.0,0,0
poorly_conditioned,mixed,causal_prefix_batch,True,3.5,2,2,0,1.0,0.34238022750665303,1.0,2,1.0,0.34238022750665303,1.0,{},4.034765380610668,4.743468833642542,3.9045554199292645,5.196070187088605,2,2,0.5,0.09453120573423074,0.9054687942657693,0.5,0.09453120573423074,0.9054687942657693,1,linear,whole_base_sequence,516.4991073934838,979.7689462723926,6,0,0,nan,nan,nan,2,True,0.06542405001528095,0.0,0.0,0.009577741583665048,717.3628991677874,1318.8706244049542,3.3536356223913693,True,True,False,45.0,45,45,35.0,34,36,10.0,9,11,6.5,5,8,6.5,5,8,0.0,0,0,0.0,0,0,0.0,0,0,0.0,0,0,0.0,0,0
poorly_conditioned,mixed,causal_prefix_batch,True,4.0,2,2,0,1.0,0.34238022750665303,1.0,2,1.0,0.34238022750665303,1.0,{},5.827537371188921,7.311612981173721,3.904138098355435,5.195921456123289,2,2,0.5,0.09453120573423074,0.9054687942657693,0.5,0.09453120573423074,0.9054687942657693,1,linear,whole_base_sequence,519.1273034166456,980.0317658726169,6,0,0,nan,nan,nan,2,True,0.06393794999166857,0.0,0.0,0.006752186270288199,321.43998226626945,423.1941444457763,3.577156133840883,True,True,False,45.0,45,45,35.0,34,36,10.0,9,11,7.5,7,8,7.5,7,8,0.0,0,0,0.0,0,0,0.0,0,0,0.0,0,0,0.0,0,0
poorly_conditioned,mixed,causal_prefix_batch,True,4.5,2,2,0,1.0,0.34238022750665303,1.0,2,1.0,0.34238022750665303,1.0,{},7.226059969406191,9.718876745158935,3.827344276125463,5.146076501620565,2,2,0.5,0.09453120573423074,0.9054687942657693,0.5,0.09453120573423074,0.9054687942657693,1,linear,whole_base_sequence,516.4781640090038,979.7668519297647,6,0,0,nan,nan,nan,2,True,0.07527750000008382,0.0,0.0,0.004468400269986499,309.11590472018923,387.218812925708,4.435411153888882,True,True,False,45.0,45,45,35.0,34,36,10.0,9,11,9.0,8,10,9.0,8,10,0.0,0,0,0.0,0,0,0.0,0,0,0.0,0,0,0.0,0,0
poorly_conditioned,mixed,causal_prefix_batch,True,5.0,2,2,0,1.0,0.34238022750665303,1.0,2,1.0,0.34238022750665303,1.0,{},6.2241093441049875,8.372693072169707,3.0563762306193483,4.1093696537726405,2,2,0.5,0.09453120573423074,0.9054687942657693,0.5,0.09453120573423074,0.9054687942657693,1,linear,whole_base_sequence,499.57649258332,947.462276508211,6,0,0,nan,nan,nan,2,True,0.08432364999316633,0.0,0.0,0.003272293101241305,271.37932529520896,292.05698333251064,4.72102489384813,True,True,False,45.0,45,45,35.0,34,36,10.0,9,11,10.5,10,11,10.5,10,11,0.0,0,0,0.0,0,0,0.0,0,0,0.0,0,0,0.0,0,0
poorly_conditioned,mixed,causal_prefix_batch,True,5.5,2,2,0,1.0,0.34238022750665303,1.0,2,1.0,0.34238022750665303,1.0,{},7.75215219369044,10.428390331360657,3.0570475241762587,4.1115070292103,2,2,0.5,0.09453120573423074,0.9054687942657693,0.5,0.09453120573423074,0.9054687942657693,1,linear,whole_base_sequence,499.603144999638,947.4649417493929,6,0,0,nan,nan,nan,2,True,0.08220850001089275,0.0,0.0,0.002474666582631646,366.96299892555504,412.6842326517294,5.392076326551273,True,True,False,45.0,45,45,35.0,34,36,10.0,9,11,11.0,10,12,11.0,10,12,0.0,0,0,0.0,0,0,0.0,0,0,0.0,0,0,0.0,0,0
poorly_conditioned,mixed,causal_prefix_batch,True,6.0,2,2,0,1.0,0.34238022750665303,1.0,2,1.0,0.34238022750665303,1.0,{},3.740874217106188,5.005185934743261,1.7945492951452213,2.4133605325106444,2,2,0.5,0.09453120573423074,0.9054687942657693,0.5,0.09453120573423074,0.9054687942657693,1,linear,whole_base_sequence,419.283331993216,793.6543117425223,6,0,0,nan,nan,nan,2,True,0.10707225001533516,0.0,0.0,0.0019397261833730263,353.09519830650834,404.983046616787,5.8823917292952,True,True,False,45.0,45,45,35.0,34,36,10.0,9,11,13.0,13,13,13.0,13,13,0.0,0,0,0.0,0,0,0.0,0,0,0.0,0,0,0.0,0,0
poorly_conditioned,mixed,causal_prefix_batch,True,6.5,2,2,0,1.0,0.34238022750665303,1.0,2,1.0,0.34238022750665303,1.0,{},4.593522134347892,6.179741186401749,1.789410510738892,2.4066892587067916,2,2,0.5,0.09453120573423074,0.9054687942657693,0.5,0.09453120573423074,0.9054687942657693,1,linear,whole_base_sequence,418.5173258113017,793.5777111247772,6,0,0,nan,nan,nan,2,True,0.10391409999283496,0.0,0.0,0.001557517424371022,451.5433576069415,464.3862099617527,6.4934639250989905,True,True,False,45.0,45,45,35.0,34,36,10.0,9,11,13.5,13,14,13.5,13,14,0.0,0,0,0.0,0,0,0.0,0,0,0.0,0,0,0.0,0,0
poorly_conditioned,mixed,causal_prefix_batch,True,7.0,2,2,0,1.0,0.34238022750665303,1.0,2,1.0,0.34238022750665303,1.0,{},4.458849380259515,5.9962832597240325,1.6016775368246754,2.1547649194586036,2,2,0.5,0.09453120573423074,0.9054687942657693,0.5,0.09453120573423074,0.9054687942657693,1,linear,whole_base_sequence,404.91832647640626,767.5770744503594,6,0,0,nan,nan,nan,2,True,0.1181011500157183,0.0,0.0,0.0011949202650257853,523.6613612135437,639.995128504236,6.975056496568159,True,True,False,45.0,45,45,35.0,34,36,10.0,9,11,15.5,15,16,15.5,15,16,0.0,0,0,0.0,0,0,0.0,0,0,0.0,0,0,0.0,0,0
poorly_conditioned,mixed,causal_prefix_batch,True,7.5,2,2,0,1.0,0.34238022750665303,1.0,2,1.0,0.34238022750665303,1.0,{},5.249011008622355,7.061555264165651,1.6005304125495596,2.152367332510294,2,2,0.5,0.09453120573423074,0.9054687942657693,0.5,0.09453120573423074,0.9054687942657693,1,linear,whole_base_sequence,404.8515887910383,767.570376891549,6,0,0,nan,nan,nan,2,True,0.1343007499963278,0.0,0.0,0.000934202333439353,524.6233684864482,606.6631155004111,7.458398787846383,True,True,False,45.0,45,45,35.0,34,36,10.0,9,11,17.0,16,18,17.0,16,18,0.0,0,0,0.0,0,0,0.0,0,0,0.0,0,0,0.0,0,0
poorly_conditioned,mixed,causal_prefix_batch,True,8.0,2,2,0,1.0,0.34238022750665303,1.0,2,1.0,0.34238022750665303,1.0,{},3.203034963417754,4.305965633095561,1.0600672846626547,1.426085930796899,2,2,0.5,0.09453120573423074,0.9054687942657693,0.5,0.09453120573423074,0.9054687942657693,1,linear,whole_base_sequence,336.0697835202122,636.0032108933898,6,0,0,nan,nan,nan,2,True,0.14543274999596179,0.0,0.0,0.0007459289546126398,481.93844010883265,482.6975807034264,7.94539677521254,True,True,False,45.0,45,45,35.0,34,36,10.0,9,11,19.5,18,21,19.5,18,21,0.0,0,0,0.0,0,0,0.0,0,0,0.0,0,0,0.0,0,0
poorly_conditioned,mixed,causal_prefix_batch,True,8.5,2,2,0,1.0,0.34238022750665303,1.0,2,1.0,0.34238022750665303,1.0,{},7.299269827011102,9.166071439392582,1.3946547027701155,1.4385113345508531,2,2,0.0,0.0,0.6576197724933469,0.0,0.0,0.6576197724933469,0,linear,whole_base_sequence,522.9016276008637,641.0607888898398,6,0,0,nan,nan,nan,2,True,0.16343040000356268,0.0,0.0,0.0005975142658040447,549.8175684491396,592.8372744449115,8.44979004453039,True,True,False,45.0,45,45,35.0,34,36,10.0,9,11,21.0,20,22,21.0,20,22,0.0,0,0,0.0,0,0,0.0,0,0,0.0,0,0,0.0,0,0
poorly_conditioned,mixed,causal_prefix_batch,True,9.0,2,2,0,1.0,0.34238022750665303,1.0,2,1.0,0.34238022750665303,1.0,{},5.540039996957999,6.769928001277799,1.0820110777648912,1.157388702228738,2,2,0.0,0.0,0.6576197724933469,0.0,0.0,0.6576197724933469,0,linear,whole_base_sequence,456.1784461329971,602.0723144985712,6,0,0,nan,nan,nan,2,True,0.14128105000418145,0.0,0.0,0.0005032661541822005,584.0798135687251,603.2930267713374,8.848610786968104,True,True,False,45.0,45,45,35.0,34,36,10.0,9,11,22.5,22,23,22.5,22,23,0.0,0,0,0.0,0,0,0.0,0,0,0.0,0,0,0.0,0,0
poorly_conditioned,mixed,causal_prefix_batch,True,9.5,2,2,0,1.0,0.34238022750665303,1.0,2,1.0,0.34238022750665303,1.0,{},5.059955791002981,6.1823115395624475,0.9256295577956068,1.0171146489531158,2,2,0.0,0.0,0.6576197724933469,0.0,0.0,0.6576197724933469,0,linear,whole_base_sequence,415.731533735124,574.2254577450249,6,0,0,nan,nan,nan,2,True,0.17967055000190157,0.0,0.0,0.00041878929588784345,647.5002503782175,748.2067914194446,9.308426319128738,True,True,False,45.0,45,45,35.0,34,36,10.0,9,11,24.0,24,24,24.0,24,24,0.0,0,0,0.0,0,0,0.0,0,0,0.0,0,0,0.0,0,0
poorly_conditioned,mixed,initial_batch_no_updates,True,0.0,2,0,2,0.0,0.0,0.6576197724933469,0,0.0,0.0,0.6576197724933469,"{""not_initialized"": 2}",nan,nan,nan,nan,0,2,nan,nan,nan,0.0,0.0,0.6576197724933469,0,linear,whole_base_sequence,nan,nan,6,0,0,nan,nan,nan,2,True,2.049986505880952e-06,0.0,nan,nan,nan,nan,nan,True,True,False,45.0,45,45,35.0,34,36,10.0,9,11,0.0,0,0,0.0,0,0,0.0,0,0,0.0,0,0,0.0,0,0,0.0,0,0,0.0,0,0
poorly_conditioned,mixed,initial_batch_no_updates,True,0.5,2,0,2,0.0,0.0,0.6576197724933469,0,0.0,0.0,0.6576197724933469,"{""not_initialized"": 2}",nan,nan,nan,nan,0,2,nan,nan,nan,0.0,0.0,0.6576197724933469,0,linear,whole_base_sequence,nan,nan,6,0,0,nan,nan,nan,2,True,1.6499834600836039e-06,0.0,nan,nan,nan,nan,nan,True,True,False,45.0,45,45,35.0,34,36,10.0,9,11,0.0,0,0,0.0,0,0,0.0,0,0,0.0,0,0,0.0,0,0,0.0,0,0,0.0,0,0
poorly_conditioned,mixed,initial_batch_no_updates,True,1.0,2,0,2,0.0,0.0,0.6576197724933469,0,0.0,0.0,0.6576197724933469,"{""not_initialized"": 2}",nan,nan,nan,nan,0,2,nan,nan,nan,0.0,0.0,0.6576197724933469,0,linear,whole_base_sequence,nan,nan,6,0,0,nan,nan,nan,2,True,1.600012183189392e-06,0.0,nan,nan,nan,nan,nan,True,True,False,45.0,45,45,35.0,34,36,10.0,9,11,0.0,0,0,0.0,0,0,0.0,0,0,0.0,0,0,0.0,0,0,0.0,0,0,0.0,0,0
poorly_conditioned,mixed,initial_batch_no_updates,True,1.5,2,0,2,0.0,0.0,0.6576197724933469,0,0.0,0.0,0.6576197724933469,"{""not_initialized"": 2}",nan,nan,nan,nan,0,2,nan,nan,nan,0.0,0.0,0.6576197724933469,0,linear,whole_base_sequence,nan,nan,6,0,0,nan,nan,nan,2,True,1.6499980119988322e-06,0.0,nan,nan,nan,nan,1.3240284484171077,True,True,False,45.0,45,45,35.0,34,36,10.0,9,11,1.5,1,2,0.0,0,0,0.0,0,0,0.0,0,0,0.0,0,0,0.0,0,0,1.5,1,2
poorly_conditioned,mixed,initial_batch_no_updates,True,10.0,2,2,0,1.0,0.34238022750665303,1.0,2,1.0,0.34238022750665303,1.0,{},29.072479669511193,38.44567551436512,3.8978747211767275,5.193640548928642,2,2,0.5,0.09453120573423074,0.9054687942657693,0.5,0.09453120573423074,0.9054687942657693,1,linear,whole_base_sequence,518.3903360978195,979.958069143436,6,0,0,nan,nan,nan,2,True,0.00011454998457338661,0.0,0.0,0.0007527732436711069,63629.56034001573,111113.57875070738,9.911624899135319,True,True,False,45.0,45,45,35.0,34,36,10.0,9,11,26.5,26,27,7.0,6,8,7.0,6,8,0.0,0,0,0.0,0,0,0.0,0,0,19.5,18,21
poorly_conditioned,mixed,initial_batch_no_updates,True,10.5,2,2,0,1.0,0.34238022750665303,1.0,2,1.0,0.34238022750665303,1.0,{},31.019112249218985,41.042064156673305,3.8978747211767275,5.193640548928642,2,2,0.5,0.09453120573423074,0.9054687942657693,0.5,0.09453120573423074,0.9054687942657693,1,linear,whole_base_sequence,518.3903360978181,979.9580691434334,6,0,0,nan,nan,nan,2,True,0.00011069999891333282,0.0,0.0,0.0006729118196605318,78679.57900786259,137257.60629600906,10.279881210547714,True,True,False,45.0,45,45,35.0,34,36,10.0,9,11,27.0,26,28,7.0,6,8,7.0,6,8,0.0,0,0,0.0,0,0,0.0,0,0,20.0,18,22
poorly_conditioned,mixed,initial_batch_no_updates,True,11.0,2,2,0,1.0,0.34238022750665303,1.0,2,1.0,0.34238022750665303,1.0,{},32.96601718430885,43.63850392845763,3.8978747211767275,5.193640548928642,2,2,0.5,0.09453120573423074,0.9054687942657693,0.5,0.09453120573423074,0.9054687942657693,1,linear,whole_base_sequence,518.390336097824,979.9580691434446,6,0,0,nan,nan,nan,2,True,0.00011414999607950449,0.0,0.0,0.0006050332871196538,96271.00290604967,167791.26257450925,10.783207349650901,True,True,False,45.0,45,45,35.0,34,36,10.0,9,11,28.0,28,28,7.0,6,8,7.0,6,8,0.0,0,0,0.0,0,0,0.0,0,0,21.0,20,22
poorly_conditioned,mixed,initial_batch_no_updates,True,11.5,2,2,0,1.0,0.34238022750665303,1.0,2,1.0,0.34238022750665303,1.0,{},34.91314891174443,46.234986244089704,3.8978747211767275,5.193640548928642,2,2,0.5,0.09453120573423074,0.9054687942657693,0.5,0.09453120573423074,0.9054687942657693,1,linear,whole_base_sequence,518.3903360978095,979.9580691434169,6,0,0,nan,nan,nan,2,True,9.950000094249845e-05,0.0,0.0,0.0005468693045740629,116676.7286052039,203182.90072359642,11.31130416343409,True,True,False,45.0,45,45,35.0,34,36,10.0,9,11,29.5,29,30,7.0,6,8,7.0,6,8,0.0,0,0,0.0,0,0,0.0,0,0,22.5,21,24
poorly_conditioned,mixed,initial_batch_no_updates,True,12.0,2,2,0,1.0,0.34238022750665303,1.0,2,1.0,0.34238022750665303,1.0,{},36.860471491044834,48.83150433969568,3.8978747211767275,5.193640548928642,2,2,0.5,0.09453120573423074,0.9054687942657693,0.5,0.09453120573423074,0.9054687942657693,1,linear,whole_base_sequence,518.3903360978175,979.958069143432,6,0,0,nan,nan,nan,2,True,0.0001463999942643568,0.0,0.0,0.0004966609615800751,140183.6624000894,243924.74162806364,11.822563208034579,True,True,False,45.0,45,45,35.0,34,36,10.0,9,11,31.5,31,32,7.0,6,8,7.0,6,8,0.0,0,0,0.0,0,0,0.0,0,0,24.5,23,26
poorly_conditioned,mixed,initial_batch_no_updates,True,12.5,2,2,0,1.0,0.34238022750665303,1.0,2,1.0,0.34238022750665303,1.0,{},38.80795619227598,51.4280528140419,3.8978747211767275,5.193640548928642,2,2,0.5,0.09453120573423074,0.9054687942657693,0.5,0.09453120573423074,0.9054687942657693,1,linear,whole_base_sequence,518.3903360978239,979.9580691434444,6,0,0,nan,nan,nan,2,True,9.31999966269359e-05,0.0,0.0,0.0004530281174509496,167092.7193539398,290532.8724340034,12.354766644690176,True,True,False,45.0,45,45,35.0,34,36,10.0,9,11,32.5,32,33,7.0,6,8,7.0,6,8,0.0,0,0,0.0,0,0,0.0,0,0,25.5,24,27
poorly_conditioned,mixed,initial_batch_no_updates,True,14.5,2,2,0,1.0,0.34238022750665303,1.0,2,1.0,0.34238022750665303,1.0,{},46.59910966584538,61.814474165654254,3.8978747211767275,5.193640548928642,2,2,0.5,0.09453120573423074,0.9054687942657693,0.5,0.09453120573423074,0.9054687942657693,1,linear,whole_base_sequence,518.3903360978201,979.958069143437,6,0,0,nan,nan,nan,2,True,0.00014150000060908496,0.0,0.0,0.00032533699106681625,315258.75550739793,546785.3160723676,13.823743836455982,True,True,False,45.0,45,45,35.0,34,36,10.0,9,11,35.0,34,36,7.0,6,8,7.0,6,8,0.0,0,0,0.0,0,0,0.0,0,0,28.0,26,30
poorly_conditioned,mixed,initial_batch_no_updates,True,2.0,2,0,2,0.0,0.0,0.6576197724933469,0,0.0,0.0,0.6576197724933469,"{""not_initialized"": 2}",nan,nan,nan,nan,0,2,nan,nan,nan,0.0,0.0,0.6576197724933469,0,linear,whole_base_sequence,nan,nan,6,0,0,nan,nan,nan,2,True,1.6499980119988322e-06,0.0,nan,nan,nan,nan,1.7850510703647648,True,True,False,45.0,45,45,35.0,34,36,10.0,9,11,2.0,2,2,0.0,0,0,0.0,0,0,0.0,0,0,0.0,0,0,0.0,0,0,2.0,2,2
poorly_conditioned,mixed,initial_batch_no_updates,True,2.5,2,0,2,0.0,0.0,0.6576197724933469,0,0.0,0.0,0.6576197724933469,"{""not_initialized"": 2}",nan,nan,nan,nan,0,2,nan,nan,nan,0.0,0.0,0.6576197724933469,0,linear,whole_base_sequence,nan,nan,6,0,0,nan,nan,nan,2,True,2.8999929782003164e-06,0.0,nan,nan,nan,nan,2.2015558819162435,True,True,False,45.0,45,45,35.0,34,36,10.0,9,11,3.0,3,3,0.0,0,0,0.0,0,0,0.0,0,0,0.0,0,0,0.0,0,0,3.0,3,3
poorly_conditioned,mixed,initial_batch_no_updates,True,3.0,2,0,2,0.0,0.0,0.6576197724933469,0,0.0,0.0,0.6576197724933469,"{""not_initialized"": 2}",nan,nan,nan,nan,0,2,nan,nan,nan,0.0,0.0,0.6576197724933469,0,linear,whole_base_sequence,nan,nan,6,0,0,nan,nan,nan,2,True,2.900007530115545e-06,0.0,nan,nan,nan,nan,2.67369978927274,True,True,False,45.0,45,45,35.0,34,36,10.0,9,11,4.0,4,4,0.0,0,0,0.0,0,0,0.0,0,0,0.0,0,0,0.0,0,0,4.0,4,4
poorly_conditioned,mixed,initial_batch_no_updates,True,3.5,2,1,1,0.5,0.09453120573423074,0.9054687942657693,1,0.5,0.09453120573423074,0.9054687942657693,"{""not_initialized"": 1}",4.833522731050702,4.833522731050702,5.411810666540666,5.411810666540666,1,2,0.0,0.0,0.7934506856227626,0.0,0.0,0.6576197724933469,0,linear,whole_base_sequence,1031.2433728151725,1031.2433728151725,6,0,0,nan,nan,nan,2,True,6.469999789260328e-05,0.0,0.0,0.009853802558207244,115.85517393061276,115.85517393061276,3.3536356223913693,True,True,False,45.0,45,45,35.0,34,36,10.0,9,11,6.5,5,8,4.0,0,8,4.0,0,8,0.0,0,0,0.0,0,0,0.0,0,0,2.5,0,5
poorly_conditioned,mixed,initial_batch_no_updates,True,4.0,2,2,0,1.0,0.34238022750665303,1.0,2,1.0,0.34238022750665303,1.0,{},5.834186603600328,7.312758010072174,3.8978747211767275,5.193640548928642,2,2,0.5,0.09453120573423074,0.9054687942657693,0.5,0.09453120573423074,0.9054687942657693,1,linear,whole_base_sequence,518.3903360978195,979.958069143436,6,0,0,nan,nan,nan,2,True,0.00011764999362640083,0.0,0.0,0.007034777159639546,1085.2607945213142,1950.8357689559189,3.577156133840883,True,True,False,45.0,45,45,35.0,34,36,10.0,9,11,7.5,7,8,7.0,6,8,7.0,6,8,0.0,0,0,0.0,0,0,0.0,0,0,0.5,0,1
poorly_conditioned,mixed,initial_batch_no_updates,True,4.5,2,2,0,1.0,0.34238022750665303,1.0,2,1.0,0.34238022750665303,1.0,{},7.7364991998450865,9.900220463906976,3.8978747211767275,5.193640548928642,2,2,0.5,0.09453120573423074,0.9054687942657693,0.5,0.09453120573423074,0.9054687942657693,1,linear,whole_base_sequence,518.3903360978205,979.9580691434379,6,0,0,nan,nan,nan,2,True,0.00011335000453982502,0.0,0.0,0.005220377126906526,1833.7485473960771,3280.278281866598,4.435411153888882,True,True,False,45.0,45,45,35.0,34,36,10.0,9,11,9.0,8,10,7.0,6,8,7.0,6,8,0.0,0,0,0.0,0,0,0.0,0,0,2.0,0,4
poorly_conditioned,mixed,initial_batch_no_updates,True,5.0,2,2,0,1.0,0.34238022750665303,1.0,2,1.0,0.34238022750665303,1.0,{},9.657423056062736,12.491575499638303,3.8978747211767275,5.193640548928642,2,2,0.5,0.09453120573423074,0.9054687942657693,0.5,0.09453120573423074,0.9054687942657693,1,linear,whole_base_sequence,518.390336097819,979.9580691434351,6,0,0,nan,nan,nan,2,True,0.00011064999853260815,0.0,0.0,0.004002657752691736,2930.6094020138553,5219.065240262238,4.72102489384813,True,True,False,45.0,45,45,35.0,34,36,10.0,9,11,10.5,10,11,7.0,6,8,7.0,6,8,0.0,0,0,0.0,0,0,0.0,0,0,3.5,2,5
poorly_conditioned,mixed,initial_batch_no_updates,True,5.5,2,2,0,1.0,0.34238022750665303,1.0,2,1.0,0.34238022750665303,1.0,{},11.587706156497706,15.084809970447848,3.8978747211767275,5.193640548928642,2,2,0.5,0.09453120573423074,0.9054687942657693,0.5,0.09453120573423074,0.9054687942657693,1,linear,whole_base_sequence,518.3903360978211,979.9580691434389,6,0,0,nan,nan,nan,2,True,0.00010955000470858067,0.0,0.0,0.0031540091924192066,4477.063951979383,7941.866777192754,5.392076326551273,True,True,False,45.0,45,45,35.0,34,36,10.0,9,11,11.0,10,12,7.0,6,8,7.0,6,8,0.0,0,0,0.0,0,0,0.0,0,0,4.0,2,6
poorly_conditioned,mixed,initial_batch_no_updates,True,6.0,2,2,0,1.0,0.34238022750665303,1.0,2,1.0,0.34238022750665303,1.0,{},13.523341359512141,17.679095337426723,3.8978747211767275,5.193640548928642,2,2,0.5,0.09453120573423074,0.9054687942657693,0.5,0.09453120573423074,0.9054687942657693,1,linear,whole_base_sequence,518.3903360978218,979.9580691434403,6,0,0,nan,nan,nan,2,True,0.00010665001173038036,0.0,0.0,0.0025427875964375434,6604.485987034424,11679.56549080225,5.8823917292952,True,True,False,45.0,45,45,35.0,34,36,10.0,9,11,13.0,13,13,7.0,6,8,7.0,6,8,0.0,0,0,0.0,0,0,0.0,0,0,6.0,5,7
poorly_conditioned,mixed,initial_batch_no_updates,True,6.5,2,2,0,1.0,0.34238022750665303,1.0,2,1.0,0.34238022750665303,1.0,{},15.462318802606648,20.274027979648118,3.8978747211767275,5.193640548928642,2,2,0.5,0.09453120573423074,0.9054687942657693,0.5,0.09453120573423074,0.9054687942657693,1,linear,whole_base_sequence,518.3903360978203,979.9580691434375,6,0,0,nan,nan,nan,2,True,0.00011679998715408146,0.0,0.0,0.0020898742863752363,9460.230097626141,16690.89360184135,6.4934639250989905,True,True,False,45.0,45,45,35.0,34,36,10.0,9,11,13.5,13,14,7.0,6,8,7.0,6,8,0.0,0,0,0.0,0,0,0.0,0,0,6.5,5,8
poorly_conditioned,mixed,initial_batch_no_updates,True,7.0,2,2,0,1.0,0.34238022750665303,1.0,2,1.0,0.34238022750665303,1.0,{},17.403521415276522,22.86938767147585,3.8978747211767275,5.193640548928642,2,2,0.5,0.09453120573423074,0.9054687942657693,0.5,0.09453120573423074,0.9054687942657693,1,linear,whole_base_sequence,518.3903360978185,979.9580691434339,6,0,0,nan,nan,nan,2,True,0.00011729997640941292,0.0,0.0,0.0017459355258496742,13182.956742138249,23213.069282642824,6.975056496568159,True,True,False,45.0,45,45,35.0,34,36,10.0,9,11,15.5,15,16,7.0,6,8,7.0,6,8,0.0,0,0,0.0,0,0,0.0,0,0,8.5,8,9
poorly_conditioned,mixed,initial_batch_no_updates,True,7.5,2,2,0,1.0,0.34238022750665303,1.0,2,1.0,0.34238022750665303,1.0,{},19.346279389627572,25.46504400181158,3.8978747211767275,5.193640548928642,2,2,0.5,0.09453120573423074,0.9054687942657693,0.5,0.09453120573423074,0.9054687942657693,1,linear,whole_base_sequence,518.3903360978215,979.9580691434398,6,0,0,nan,nan,nan,2,True,9.019998833537102e-05,0.0,0.0,0.001479151328765827,17930.213827142685,31516.94977438853,7.458398787846383,True,True,False,45.0,45,45,35.0,34,36,10.0,9,11,17.0,16,18,7.0,6,8,7.0,6,8,0.0,0,0,0.0,0,0,0.0,0,0,10.0,8,12
poorly_conditioned,mixed,initial_batch_no_updates,True,8.0,2,2,0,1.0,0.34238022750665303,1.0,2,1.0,0.34238022750665303,1.0,{},21.290166943029412,28.060914801196983,3.8978747211767275,5.193640548928642,2,2,0.5,0.09453120573423074,0.9054687942657693,0.5,0.09453120573423074,0.9054687942657693,1,linear,whole_base_sequence,518.390336097822,979.9580691434406,6,0,0,nan,nan,nan,2,True,0.00012144999345764518,0.0,0.0,0.001268362176753812,23876.078491608627,41902.308002097205,7.94539677521254,True,True,False,45.0,45,45,35.0,34,36,10.0,9,11,19.5,18,21,7.0,6,8,7.0,6,8,0.0,0,0,0.0,0,0,0.0,0,0,12.5,10,15
poorly_conditioned,mixed,initial_batch_no_updates,True,8.5,2,2,0,1.0,0.34238022750665303,1.0,2,1.0,0.34238022750665303,1.0,{},23.234900567327397,30.656945710791376,3.8978747211767275,5.193640548928642,2,2,0.5,0.09453120573423074,0.9054687942657693,0.5,0.09453120573423074,0.9054687942657693,1,linear,whole_base_sequence,518.3903360978195,979.958069143436,6,0,0,nan,nan,nan,2,True,8.564998279325664e-05,0.0,0.0,0.0010991080282589528,31209.157457320627,54693.82871644994,8.44979004453039,True,True,False,45.0,45,45,35.0,34,36,10.0,9,11,21.0,20,22,7.0,6,8,7.0,6,8,0.0,0,0,0.0,0,0,0.0,0,0,14.0,12,16
poorly_conditioned,mixed,initial_batch_no_updates,True,9.0,2,2,0,1.0,0.34238022750665303,1.0,2,1.0,0.34238022750665303,1.0,{},25.180284231043014,33.25309932753275,3.8978747211767275,5.193640548928642,2,2,0.5,0.09453120573423074,0.9054687942657693,0.5,0.09453120573423074,0.9054687942657693,1,linear,whole_base_sequence,518.3903360978238,979.9580691434442,6,0,0,nan,nan,nan,2,True,8.564998279325664e-05,0.0,0.0,0.0009612632422867371,40132.211358377244,70240.35435958668,8.848610786968104,True,True,False,45.0,45,45,35.0,34,36,10.0,9,11,22.5,22,23,7.0,6,8,7.0,6,8,0.0,0,0,0.0,0,0,0.0,0,0,15.5,14,17
poorly_conditioned,mixed,initial_batch_no_updates,True,9.5,2,2,0,1.0,0.34238022750665303,1.0,2,1.0,0.34238022750665303,1.0,{},27.126178079663756,35.849349067255154,3.8978747211767275,5.193640548928642,2,2,0.5,0.09453120573423074,0.9054687942657693,0.5,0.09453120573423074,0.9054687942657693,1,linear,whole_base_sequence,518.3903360978172,979.9580691434317,6,0,0,nan,nan,nan,2,True,0.00013685000885743648,0.0,0.0,0.0008475811437627608,50862.06158470652,88914.69720288653,9.308426319128738,True,True,False,45.0,45,45,35.0,34,36,10.0,9,11,24.0,24,24,7.0,6,8,7.0,6,8,0.0,0,0,0.0,0,0,0.0,0,0,17.0,16,18
poorly_conditioned,mixed,offline_full_record_noncausal,False,14.5,2,2,0,1.0,0.34238022750665303,1.0,2,1.0,0.34238022750665303,1.0,{},2.5712237888930507,3.118929168932574,0.3902710739995913,0.5178040774631256,2,2,0.0,0.0,0.6576197724933469,0.0,0.0,0.6576197724933469,0,linear,whole_base_sequence,260.70844674309717,413.19013417746703,6,0,0,nan,nan,nan,2,True,0.2977753000013763,0.0,0.0,0.00011033267714201753,2115.2375373333175,2193.581223977479,13.823743836455982,True,True,False,45.0,45,45,35.0,34,36,10.0,9,11,35.0,34,36,35.0,34,36,0.0,0,0,0.0,0,0,0.0,0,0,0.0,0,0,0.0,0,0
poorly_conditioned,mixed,retarded_ekf,True,0.0,2,0,2,0.0,0.0,0.6576197724933469,0,0.0,0.0,0.6576197724933469,"{""not_initialized"": 2}",nan,nan,nan,nan,0,2,nan,nan,nan,0.0,0.0,0.6576197724933469,0,linear,whole_base_sequence,nan,nan,6,0,0,nan,nan,nan,2,True,2.1099986042827368e-05,0.0,nan,nan,nan,nan,nan,True,True,False,45.0,45,45,35.0,34,36,10.0,9,11,0.0,0,0,0.0,0,0,0.0,0,0,0.0,0,0,0.0,0,0,0.0,0,0,0.0,0,0
poorly_conditioned,mixed,retarded_ekf,True,0.5,2,0,2,0.0,0.0,0.6576197724933469,0,0.0,0.0,0.6576197724933469,"{""not_initialized"": 2}",nan,nan,nan,nan,0,2,nan,nan,nan,0.0,0.0,0.6576197724933469,0,linear,whole_base_sequence,nan,nan,6,0,0,nan,nan,nan,2,True,1.3550001312978566e-05,0.0,nan,nan,nan,nan,nan,True,True,False,45.0,45,45,35.0,34,36,10.0,9,11,0.0,0,0,0.0,0,0,0.0,0,0,0.0,0,0,0.0,0,0,0.0,0,0,0.0,0,0
poorly_conditioned,mixed,retarded_ekf,True,1.0,2,0,2,0.0,0.0,0.6576197724933469,0,0.0,0.0,0.6576197724933469,"{""not_initialized"": 2}",nan,nan,nan,nan,0,2,nan,nan,nan,0.0,0.0,0.6576197724933469,0,linear,whole_base_sequence,nan,nan,6,0,0,nan,nan,nan,2,True,1.0100004146806896e-05,0.0,nan,nan,nan,nan,nan,True,True,False,45.0,45,45,35.0,34,36,10.0,9,11,0.0,0,0,0.0,0,0,0.0,0,0,0.0,0,0,0.0,0,0,0.0,0,0,0.0,0,0
poorly_conditioned,mixed,retarded_ekf,True,1.5,2,0,2,0.0,0.0,0.6576197724933469,0,0.0,0.0,0.6576197724933469,"{""not_initialized"": 2}",nan,nan,nan,nan,0,2,nan,nan,nan,0.0,0.0,0.6576197724933469,0,linear,whole_base_sequence,nan,nan,6,0,0,nan,nan,nan,2,True,0.00010755000403150916,0.0,nan,nan,nan,nan,1.3240284484171077,True,True,False,45.0,45,45,35.0,34,36,10.0,9,11,1.5,1,2,0.0,0,0,0.0,0,0,0.0,0,0,0.0,0,0,0.0,0,0,1.5,1,2
poorly_conditioned,mixed,retarded_ekf,True,10.0,2,1,1,0.5,0.09453120573423074,0.9054687942657693,1,0.5,0.09453120573423074,0.9054687942657693,"{""initialization_failed:initialization_quality_gate_failed"": 1}",3.9320157555506947,3.9320157555506947,0.42411378160886737,0.42411378160886737,1,2,0.0,0.0,0.7934506856227626,0.0,0.0,0.6576197724933469,0,linear,whole_base_sequence,158.27951165446447,158.27951165446447,6,3,0,25.323774783481017,31.810466851411732,0.0,2,True,0.24273615000129212,0.001273849979043007,0.0,0.0003603706941936334,622.6285441346525,622.6285441346525,9.911624899135319,True,True,False,45.0,45,45,35.0,34,36,10.0,9,11,26.5,26,27,17.5,8,27,7.0,6,8,10.5,0,21,0.0,0,0,0.0,0,0,9.0,0,18
poorly_conditioned,mixed,retarded_ekf,True,10.5,2,1,1,0.5,0.09453120573423074,0.9054687942657693,1,0.5,0.09453120573423074,0.9054687942657693,"{""initialization_failed:initialization_quality_gate_failed"": 1}",3.289411276258536,3.289411276258536,0.3232448552466588,0.3232448552466588,1,2,0.0,0.0,0.7934506856227626,0.0,0.0,0.6576197724933469,0,linear,whole_base_sequence,141.9880774128172,141.9880774128172,6,1,0,19.521042478661762,19.521042478661762,0.0,2,True,0.0012351500045042485,0.0004266500036465004,0.0,0.00030792621765995,644.8564661751009,644.8564661751009,10.279881210547714,True,True,False,45.0,45,45,35.0,34,36,10.0,9,11,27.0,26,28,18.0,8,28,7.0,6,8,11.0,0,22,0.0,0,0,0.0,0,0,9.0,0,18
poorly_conditioned,mixed,retarded_ekf,True,11.0,2,1,1,0.5,0.09453120573423074,0.9054687942657693,1,0.5,0.09453120573423074,0.9054687942657693,"{""initialization_failed:initialization_quality_gate_failed"": 1}",3.449538933515514,3.449538933515514,0.3232448552466588,0.3232448552466588,1,2,0.0,0.0,0.7934506856227626,0.0,0.0,0.6576197724933469,0,linear,whole_base_sequence,141.98807741281712,141.98807741281712,6,0,0,nan,nan,nan,2,True,0.19260559999383986,0.0,0.0,0.00026575156884476914,857.5702398966841,857.5702398966841,10.783207349650901,True,True,False,45.0,45,45,35.0,34,36,10.0,9,11,28.0,28,28,18.0,8,28,7.0,6,8,11.0,0,22,0.0,0,0,0.0,0,0,10.0,0,20
poorly_conditioned,mixed,retarded_ekf,True,11.5,2,1,1,0.5,0.09453120573423074,0.9054687942657693,1,0.5,0.09453120573423074,0.9054687942657693,"{""initialization_failed:initialization_quality_gate_failed"": 1}",2.6800117155047825,2.6800117155047825,0.20206326915872797,0.20206326915872797,1,2,0.0,0.0,0.7934506856227626,0.0,0.0,0.6576197724933469,0,linear,whole_base_sequence,117.6032343994385,117.6032343994385,6,2,0,12.985344767167785,19.92702698206199,0.5,2,True,0.08795790000294801,0.0008541999850422144,0.0,0.00023037894640311071,958.5814732154778,958.5814732154778,11.31130416343409,True,True,False,45.0,45,45,35.0,34,36,10.0,9,11,29.5,29,30,19.0,8,30,7.0,6,8,12.0,0,24,0.0,0,0,0.0,0,0,10.5,0,21
poorly_conditioned,mixed,retarded_ekf,True,12.0,2,1,1,0.5,0.09453120573423074,0.9054687942657693,1,0.5,0.09453120573423074,0.9054687942657693,"{""initialization_failed:initialization_quality_gate_failed"": 1}",2.2073471689820976,2.2073471689820976,0.16481400624055947,0.16481400624055947,1,2,0.0,0.0,0.7934506856227626,0.0,0.0,0.6576197724933469,0,linear,whole_base_sequence,105.97526234585975,105.97526234585975,6,2,0,8.521972846599093,14.058607259775037,0.5,2,True,0.20936110001639463,0.0005287499952828512,0.0,0.00020091561614591014,963.9155045094149,963.9155045094149,11.822563208034579,True,True,False,45.0,45,45,35.0,34,36,10.0,9,11,31.5,31,32,20.0,8,32,7.0,6,8,13.0,0,26,0.0,0,0,0.0,0,0,11.5,0,23
poorly_conditioned,mixed,retarded_ekf,True,12.5,2,1,1,0.5,0.09453120573423074,0.9054687942657693,1,0.5,0.09453120573423074,0.9054687942657693,"{""initialization_failed:initialization_quality_gate_failed"": 1}",2.250708149355435,2.250708149355435,0.17228278224541074,0.17228278224541074,1,2,0.0,0.0,0.7934506856227626,0.0,0.0,0.6576197724933469,0,linear,whole_base_sequence,105.58390820692401,105.58390820692401,6,1,0,1.3518103128985144,1.3518103128985144,1.0,2,True,0.11660239999764599,0.0004023500077892095,0.0,0.000176469905806861,1098.3583583719194,1098.3583583719194,12.354766644690176,True,True,False,45.0,45,45,35.0,34,36,10.0,9,11,32.5,32,33,20.5,8,33,7.0,6,8,13.5,0,27,0.0,0,0,0.0,0,0,12.0,0,24
poorly_conditioned,mixed,retarded_ekf,True,14.5,2,1,1,0.5,0.09453120573423074,0.9054687942657693,1,0.5,0.09453120573423074,0.9054687942657693,"{""initialization_failed:initialization_quality_gate_failed"": 1}",1.777142542881599,1.777142542881599,0.12254054819107513,0.12254054819107513,1,2,0.0,0.0,0.7934506856227626,0.0,0.0,0.6576197724933469,0,linear,whole_base_sequence,94.38826960761892,94.38826960761892,6,3,0,4.6668817578164825,7.72622737606184,0.6666666666666666,2,True,0.2484074999956647,0.0011212000099476427,0.0,0.00011129691853751676,2110.572933531994,2110.572933531994,13.823743836455982,True,True,False,45.0,45,45,35.0,34,36,10.0,9,11,35.0,34,36,22.0,8,36,7.0,6,8,15.0,0,30,0.0,0,0,0.0,0,0,13.0,0,26
poorly_conditioned,mixed,retarded_ekf,True,2.0,2,0,2,0.0,0.0,0.6576197724933469,0,0.0,0.0,0.6576197724933469,"{""not_initialized"": 2}",nan,nan,nan,nan,0,2,nan,nan,nan,0.0,0.0,0.6576197724933469,0,linear,whole_base_sequence,nan,nan,6,0,0,nan,nan,nan,2,True,6.874999962747097e-05,0.0,nan,nan,nan,nan,1.7850510703647648,True,True,False,45.0,45,45,35.0,34,36,10.0,9,11,2.0,2,2,0.0,0,0,0.0,0,0,0.0,0,0,0.0,0,0,0.0,0,0,2.0,2,2
poorly_conditioned,mixed,retarded_ekf,True,2.5,2,0,2,0.0,0.0,0.6576197724933469,0,0.0,0.0,0.6576197724933469,"{""not_initialized"": 2}",nan,nan,nan,nan,0,2,nan,nan,nan,0.0,0.0,0.6576197724933469,0,linear,whole_base_sequence,nan,nan,6,0,0,nan,nan,nan,2,True,0.00012769999739248306,0.0,nan,nan,nan,nan,2.2015558819162435,True,True,False,45.0,45,45,35.0,34,36,10.0,9,11,3.0,3,3,0.0,0,0,0.0,0,0,0.0,0,0,0.0,0,0,0.0,0,0,3.0,3,3
poorly_conditioned,mixed,retarded_ekf,True,3.0,2,0,2,0.0,0.0,0.6576197724933469,0,0.0,0.0,0.6576197724933469,"{""not_initialized"": 2}",nan,nan,nan,nan,0,2,nan,nan,nan,0.0,0.0,0.6576197724933469,0,linear,whole_base_sequence,nan,nan,6,0,0,nan,nan,nan,2,True,0.00017985000158660114,0.0,nan,nan,nan,nan,2.67369978927274,True,True,False,45.0,45,45,35.0,34,36,10.0,9,11,4.0,4,4,0.0,0,0,0.0,0,0,0.0,0,0,0.0,0,0,0.0,0,0,4.0,4,4
poorly_conditioned,mixed,retarded_ekf,True,3.5,2,0,2,0.0,0.0,0.6576197724933469,0,0.0,0.0,0.6576197724933469,"{""initialization_failed:initialization_quality_gate_failed"": 1, ""not_initialized"": 1}",nan,nan,nan,nan,0,2,nan,nan,nan,0.0,0.0,0.6576197724933469,0,linear,whole_base_sequence,nan,nan,6,0,0,nan,nan,nan,2,True,0.09363760001724586,0.0,nan,nan,nan,nan,3.3536356223913693,True,True,False,45.0,45,45,35.0,34,36,10.0,9,11,6.5,5,8,4.0,0,8,4.0,0,8,0.0,0,0,0.0,0,0,0.0,0,0,2.5,0,5
poorly_conditioned,mixed,retarded_ekf,True,4.0,2,1,1,0.5,0.09453120573423074,0.9054687942657693,1,0.5,0.09453120573423074,0.9054687942657693,"{""initialization_failed:initialization_quality_gate_failed"": 1}",3.3732995527254612,3.3732995527254612,1.0938657507502387,1.0938657507502387,1,2,1.0,0.20654931437723745,1.0,0.5,0.09453120573423074,0.9054687942657693,1,linear,whole_base_sequence,7.104592156926434,7.104592156926434,6,1,0,0.47997901311214686,0.47997901311214686,1.0,2,True,0.026027849977253936,0.00024219999613706023,0.0,0.006770652907493753,426.7920713793421,426.7920713793421,3.577156133840883,True,True,False,45.0,45,45,35.0,34,36,10.0,9,11,7.5,7,8,7.5,7,8,7.0,6,8,0.5,0,1,0.0,0,0,0.0,0,0,0.0,0,0
poorly_conditioned,mixed,retarded_ekf,True,4.5,2,1,1,0.5,0.09453120573423074,0.9054687942657693,1,0.5,0.09453120573423074,0.9054687942657693,"{""initialization_failed:initialization_quality_gate_failed"": 1}",0.2990551815480271,0.2990551815480271,0.10136234404301646,0.10136234404301646,1,2,1.0,0.20654931437723745,1.0,0.5,0.09453120573423074,0.9054687942657693,1,linear,whole_base_sequence,1.692107698561997,1.692107698561997,6,3,0,3.977734726957717,6.600271463351902,0.6666666666666666,2,True,0.002024599991273135,0.0011334000009810552,0.0,0.004475318075404001,236.37745949478153,236.37745949478153,4.435411153888882,True,True,False,45.0,45,45,35.0,34,36,10.0,9,11,9.0,8,10,9.0,8,10,7.0,6,8,2.0,0,4,0.0,0,0,0.0,0,0,0.0,0,0
poorly_conditioned,mixed,retarded_ekf,True,5.0,2,1,1,0.5,0.09453120573423074,0.9054687942657693,1,0.5,0.09453120573423074,0.9054687942657693,"{""initialization_failed:initialization_quality_gate_failed"": 1}",0.3269899388477224,0.3269899388477224,0.07567281184145357,0.07567281184145357,1,2,1.0,0.20654931437723745,1.0,0.5,0.09453120573423074,0.9054687942657693,1,linear,whole_base_sequence,1.8977324687358008,1.8977324687358008,6,1,0,0.32550356916824935,0.32550356916824935,1.0,2,True,0.06828545001917519,0.00042100000428035855,0.0,0.0032802000800190123,296.759667653827,296.759667653827,4.72102489384813,True,True,False,45.0,45,45,35.0,34,36,10.0,9,11,10.5,10,11,9.5,8,11,7.0,6,8,2.5,0,5,0.0,0,0,0.0,0,0,1.0,0,2
poorly_conditioned,mixed,retarded_ekf,True,5.5,2,1,1,0.5,0.09453120573423074,0.9054687942657693,1,0.5,0.09453120573423074,0.9054687942657693,"{""initialization_failed:initialization_quality_gate_failed"": 1}",0.42357030154070985,0.42357030154070985,0.11798579755448123,0.11798579755448123,1,2,1.0,0.20654931437723745,1.0,0.5,0.09453120573423074,0.9054687942657693,1,linear,whole_base_sequence,1.9668929558417396,1.9668929558417396,6,1,0,0.8237781182709113,0.8237781182709113,1.0,2,True,0.0008669999951962382,0.00043134999577887356,0.0,0.0024816116722412174,323.9323890071233,323.9323890071233,5.392076326551273,True,True,False,45.0,45,45,35.0,34,36,10.0,9,11,11.0,10,12,10.0,8,12,7.0,6,8,3.0,0,6,0.0,0,0,0.0,0,0,1.0,0,2
poorly_conditioned,mixed,retarded_ekf,True,6.0,2,1,1,0.5,0.09453120573423074,0.9054687942657693,1,0.5,0.09453120573423074,0.9054687942657693,"{""initialization_failed:initialization_quality_gate_failed"": 1}",0.8296066259868706,0.8296066259868706,0.20469501891248323,0.20469501891248323,1,2,1.0,0.20654931437723745,1.0,0.5,0.09453120573423074,0.9054687942657693,1,linear,whole_base_sequence,3.3115922270539726,3.3115922270539726,6,1,0,1.7646308698508684,1.7646308698508684,1.0,2,True,0.11659044999396428,0.00043590000132098794,0.0,0.0019453776430986163,406.071608689846,406.071608689846,5.8823917292952,True,True,False,45.0,45,45,35.0,34,36,10.0,9,11,13.0,13,13,10.5,8,13,7.0,6,8,3.5,0,7,0.0,0,0,0.0,0,0,2.5,0,5
poorly_conditioned,mixed,retarded_ekf,True,6.5,2,1,1,0.5,0.09453120573423074,0.9054687942657693,1,0.5,0.09453120573423074,0.9054687942657693,"{""initialization_failed:initialization_quality_gate_failed"": 1}",0.3936783208866708,0.3936783208866708,0.07078807608476967,0.07078807608476967,1,2,1.0,0.20654931437723745,1.0,0.5,0.09453120573423074,0.9054687942657693,1,linear,whole_base_sequence,1.7626876000050598,1.7626876000050598,6,1,0,2.5289615013269677,2.5289615013269677,1.0,2,True,0.0008804999961284921,0.0004277499974705279,0.0,0.0015604439838644043,443.579475330811,443.579475330811,6.4934639250989905,True,True,False,45.0,45,45,35.0,34,36,10.0,9,11,13.5,13,14,11.0,8,14,7.0,6,8,4.0,0,8,0.0,0,0,0.0,0,0,2.5,0,5
poorly_conditioned,mixed,retarded_ekf,True,7.0,2,1,1,0.5,0.09453120573423074,0.9054687942657693,1,0.5,0.09453120573423074,0.9054687942657693,"{""initialization_failed:initialization_quality_gate_failed"": 1}",0.5286435944073451,0.5286435944073451,0.10410870417856313,0.10410870417856313,1,2,1.0,0.20654931437723745,1.0,0.5,0.09453120573423074,0.9054687942657693,1,linear,whole_base_sequence,1.9465786274234225,1.9465786274234225,6,1,0,5.844284288364429,5.844284288364429,1.0,2,True,0.17121134999615606,0.0004241499991621822,0.0,0.0011957573997667063,641.1314886652254,641.1314886652254,6.975056496568159,True,True,False,45.0,45,45,35.0,34,36,10.0,9,11,15.5,15,16,11.5,8,15,7.0,6,8,4.5,0,9,0.0,0,0,0.0,0,0,4.0,0,8
poorly_conditioned,mixed,retarded_ekf,True,7.5,2,1,1,0.5,0.09453120573423074,0.9054687942657693,1,0.5,0.09453120573423074,0.9054687942657693,"{""initialization_failed:initialization_quality_gate_failed"": 1}",0.32075928732222725,0.32075928732222725,0.05211261714720674,0.05211261714720674,1,2,1.0,0.20654931437723745,1.0,0.5,0.09453120573423074,0.9054687942657693,1,linear,whole_base_sequence,1.7794539643136156,1.7794539643136156,6,3,0,1.9027563151878564,2.695336680528849,1.0,2,True,0.0015775000065332279,0.0007257999968715012,0.0,0.0009348663163691676,445.35213335807344,445.35213335807344,7.458398787846383,True,True,False,45.0,45,45,35.0,34,36,10.0,9,11,17.0,16,18,13.0,8,18,7.0,6,8,6.0,0,12,0.0,0,0,0.0,0,0,4.0,0,8
poorly_conditioned,mixed,retarded_ekf,True,8.0,2,1,1,0.5,0.09453120573423074,0.9054687942657693,1,0.5,0.09453120573423074,0.9054687942657693,"{""initialization_failed:initialization_quality_gate_failed"": 1}",0.41421979760727207,0.41421979760727207,0.09558793037118911,0.09558793037118911,1,2,1.0,0.20654931437723745,1.0,0.5,0.09453120573423074,0.9054687942657693,1,linear,whole_base_sequence,2.80020711383457,2.80020711383457,6,3,0,3.225854984561464,6.0133701140944416,0.6666666666666666,2,True,0.10687884999788366,0.0007163999980548397,0.0,0.0007451894940543279,485.57301078735054,485.57301078735054,7.94539677521254,True,True,False,45.0,45,45,35.0,34,36,10.0,9,11,19.5,18,21,14.5,8,21,7.0,6,8,7.5,0,15,0.0,0,0,0.0,0,0,5.0,0,10
poorly_conditioned,mixed,retarded_ekf,True,8.5,2,1,1,0.5,0.09453120573423074,0.9054687942657693,1,0.5,0.09453120573423074,0.9054687942657693,"{""initialization_failed:projected_kkt_not_satisfied"": 1}",9.707314672409007,9.707314672409007,1.4778824535411528,1.4778824535411528,1,2,0.0,0.0,0.7934506856227626,0.0,0.0,0.6576197724933469,0,linear,whole_base_sequence,374.9839083077019,374.9839083077019,6,1,0,2394.8957886902867,2394.8957886902867,0.0,2,True,0.1309882500063395,0.00045005000720266253,0.0,0.0006132374000807758,634.7714949808634,634.7714949808634,8.44979004453039,True,True,False,45.0,45,45,35.0,34,36,10.0,9,11,21.0,20,22,15.0,8,22,7.0,6,8,8.0,0,16,0.0,0,0,0.0,0,0,6.0,0,12
poorly_conditioned,mixed,retarded_ekf,True,9.0,2,1,1,0.5,0.09453120573423074,0.9054687942657693,1,0.5,0.09453120573423074,0.9054687942657693,"{""initialization_failed:initialization_quality_gate_failed"": 1}",7.09961002404369,7.09961002404369,1.0103070842566977,1.0103070842566977,1,2,0.0,0.0,0.7934506856227626,0.0,0.0,0.6576197724933469,0,linear,whole_base_sequence,290.0297977944962,290.0297977944962,6,1,0,85.75612690916135,85.75612690916135,0.0,2,True,0.12326794999535196,0.00024545000633224845,0.0,0.0005111200558503424,580.311434676765,580.311434676765,8.848610786968104,True,True,False,45.0,45,45,35.0,34,36,10.0,9,11,22.5,22,23,15.5,8,23,7.0,6,8,8.5,0,17,0.0,0,0,0.0,0,0,7.0,0,14
poorly_conditioned,mixed,retarded_ekf,True,9.5,2,1,1,0.5,0.09453120573423074,0.9054687942657693,1,0.5,0.09453120573423074,0.9054687942657693,"{""initialization_failed:initialization_quality_gate_failed"": 1}",6.253296465487403,6.253296465487403,0.7960891474717534,0.7960891474717534,1,2,0.0,0.0,0.7934506856227626,0.0,0.0,0.6576197724933469,0,linear,whole_base_sequence,232.48636000170347,232.48636000170347,6,1,0,58.14613435193564,58.14613435193564,0.0,2,True,0.16039760000421666,0.0002532499929657206,0.0,0.0004272729725953007,739.6477028994631,739.6477028994631,9.308426319128738,True,True,False,45.0,45,45,35.0,34,36,10.0,9,11,24.0,24,24,16.0,8,24,7.0,6,8,9.0,0,18,0.0,0,0,0.0,0,0,8.0,0,16
poorly_conditioned,nominal,causal_prefix_batch,True,0.0,2,0,2,0.0,0.0,0.6576197724933469,0,0.0,0.0,0.6576197724933469,"{""insufficient_measurements"": 2}",nan,nan,nan,nan,0,2,nan,nan,nan,0.0,0.0,0.6576197724933469,0,linear,whole_base_sequence,nan,nan,6,0,0,nan,nan,nan,2,True,3.355000808369368e-05,0.0,nan,nan,nan,nan,nan,True,True,True,45.0,45,45,45.0,45,45,0.0,0,0,0.0,0,0,0.0,0,0,0.0,0,0,0.0,0,0,0.0,0,0,0.0,0,0,0.0,0,0
poorly_conditioned,nominal,causal_prefix_batch,True,0.5,2,0,2,0.0,0.0,0.6576197724933469,0,0.0,0.0,0.6576197724933469,"{""insufficient_measurements"": 2}",nan,nan,nan,nan,0,2,nan,nan,nan,0.0,0.0,0.6576197724933469,0,linear,whole_base_sequence,nan,nan,6,0,0,nan,nan,nan,2,True,2.475001383572817e-05,0.0,nan,nan,nan,nan,nan,True,True,True,45.0,45,45,45.0,45,45,0.0,0,0,0.0,0,0,0.0,0,0,0.0,0,0,0.0,0,0,0.0,0,0,0.0,0,0,0.0,0,0
poorly_conditioned,nominal,causal_prefix_batch,True,1.0,2,0,2,0.0,0.0,0.6576197724933469,0,0.0,0.0,0.6576197724933469,"{""insufficient_measurements"": 2}",nan,nan,nan,nan,0,2,nan,nan,nan,0.0,0.0,0.6576197724933469,0,linear,whole_base_sequence,nan,nan,6,0,0,nan,nan,nan,2,True,2.9050002922303975e-05,0.0,nan,nan,nan,nan,0.876206866256791,True,True,True,45.0,45,45,45.0,45,45,0.0,0,0,1.5,1,2,1.5,1,2,0.0,0,0,0.0,0,0,0.0,0,0,0.0,0,0,0.0,0,0
poorly_conditioned,nominal,causal_prefix_batch,True,1.5,2,0,2,0.0,0.0,0.6576197724933469,0,0.0,0.0,0.6576197724933469,"{""insufficient_local_observability"": 2}",nan,nan,nan,nan,0,2,nan,nan,nan,0.0,0.0,0.6576197724933469,0,linear,whole_base_sequence,nan,nan,6,0,0,nan,nan,nan,2,True,1.1730634000123246,0.0,nan,nan,nan,nan,1.273375333468253,True,True,True,45.0,45,45,45.0,45,45,0.0,0,0,3.0,3,3,3.0,3,3,0.0,0,0,0.0,0,0,0.0,0,0,0.0,0,0,0.0,0,0
poorly_conditioned,nominal,causal_prefix_batch,True,10.0,2,2,0,1.0,0.34238022750665303,1.0,2,1.0,0.34238022750665303,1.0,{},0.49777007714456045,0.6626585936745035,0.07950247911339096,0.10489870102520556,2,2,1.0,0.34238022750665303,1.0,1.0,0.34238022750665303,1.0,2,linear,whole_base_sequence,4.676898902122165,6.557444683610189,6,0,0,nan,nan,nan,2,True,0.2286638499936089,0.0,0.0,0.00024358106039186052,627.5100600582202,652.0195709098562,9.800091873010803,True,True,True,45.0,45,45,45.0,45,45,0.0,0,0,35.0,35,35,35.0,35,35,0.0,0,0,0.0,0,0,0.0,0,0,0.0,0,0,0.0,0,0
poorly_conditioned,nominal,causal_prefix_batch,True,10.5,2,2,0,1.0,0.34238022750665303,1.0,2,1.0,0.34238022750665303,1.0,{},0.5003963114065001,0.5349971687587188,0.08344816014416424,0.0888733135533617,2,2,1.0,0.34238022750665303,1.0,1.0,0.34238022750665303,1.0,2,linear,whole_base_sequence,5.53076044453403,6.823114041886872,6,0,0,nan,nan,nan,2,True,0.2582480499986559,0.0,0.0,0.00021138128964318258,642.790390241915,666.3772008056663,10.447193474048678,True,True,True,45.0,45,45,45.0,45,45,0.0,0,0,37.0,36,38,37.0,36,38,0.0,0,0,0.0,0,0,0.0,0,0,0.0,0,0,0.0,0,0
poorly_conditioned,nominal,causal_prefix_batch,True,11.0,2,2,0,1.0,0.34238022750665303,1.0,2,1.0,0.34238022750665303,1.0,{},0.4950518720449879,0.5304486181124076,0.07652539234476112,0.08182518657608834,2,2,1.0,0.34238022750665303,1.0,1.0,0.34238022750665303,1.0,2,linear,whole_base_sequence,5.502031199902202,6.185051480686005,6,0,0,nan,nan,nan,2,True,0.3028801500040572,0.0,0.0,0.00018470528191102918,675.3748074724771,699.9919910056353,10.890077549911041,True,True,True,45.0,45,45,45.0,45,45,0.0,0,0,39.0,39,39,39.0,39,39,0.0,0,0,0.0,0,0,0.0,0,0,0.0,0,0,0.0,0,0
poorly_conditioned,nominal,causal_prefix_batch,True,11.5,2,2,0,1.0,0.34238022750665303,1.0,2,1.0,0.34238022750665303,1.0,{},0.5981229102771912,0.6745994583010878,0.08603662427112053,0.09289458832906164,2,2,1.0,0.34238022750665303,1.0,1.0,0.34238022750665303,1.0,2,linear,whole_base_sequence,5.4955280567849085,6.414805956410082,6,0,0,nan,nan,nan,2,True,0.3234580999996979,0.0,0.0,0.00016223407889639488,721.6150031949132,730.7675298555102,11.488009157249133,True,True,True,45.0,45,45,45.0,45,45,0.0,0,0,41.5,41,42,41.5,41,42,0.0,0,0,0.0,0,0,0.0,0,0,0.0,0,0,0.0,0,0
poorly_conditioned,nominal,causal_prefix_batch,True,12.0,2,2,0,1.0,0.34238022750665303,1.0,2,1.0,0.34238022750665303,1.0,{},0.6346260530636805,0.7194671771518775,0.0842842007186016,0.09269731389474373,2,2,1.0,0.34238022750665303,1.0,1.0,0.34238022750665303,1.0,2,linear,whole_base_sequence,5.656852085269126,6.430938359258875,6,0,0,nan,nan,nan,2,True,0.29494485000032,0.0,0.0,0.0001434771910446392,877.6985096991411,912.7763573749203,11.656786049906215,True,True,True,45.0,45,45,45.0,45,45,0.0,0,0,42.0,42,42,42.0,42,42,0.0,0,0,0.0,0,0,0.0,0,0,0.0,0,0,0.0,0,0
poorly_conditioned,nominal,causal_prefix_batch,True,12.5,2,2,0,1.0,0.34238022750665303,1.0,2,1.0,0.34238022750665303,1.0,{},0.5249157978095426,0.5770694087916746,0.0678181505384648,0.07426691538679747,2,2,1.0,0.34238022750665303,1.0,1.0,0.34238022750665303,1.0,2,linear,whole_base_sequence,5.729563862727025,6.107263376535005,6,0,0,nan,nan,nan,2,True,0.31454625001060776,0.0,0.0,0.00012760542811055754,897.6797367429059,932.2235807530606,12.42245445418702,True,True,True,45.0,45,45,45.0,45,45,0.0,0,0,45.0,45,45,45.0,45,45,0.0,0,0,0.0,0,0,0.0,0,0,0.0,0,0,0.0,0,0
poorly_conditioned,nominal,causal_prefix_batch,True,14.5,2,2,0,1.0,0.34238022750665303,1.0,2,1.0,0.34238022750665303,1.0,{},0.6565584310037341,0.7214090390489843,0.06781815053846461,0.07426691538679744,2,2,1.0,0.34238022750665303,1.0,1.0,0.34238022750665303,1.0,2,linear,whole_base_sequence,5.7295638627272085,6.107263376535393,6,0,0,nan,nan,nan,2,True,0.3180721499957144,0.0,0.0,8.290899073861769e-05,2122.2790317116046,2208.159345589221,12.42245445418702,True,True,True,45.0,45,45,45.0,45,45,0.0,0,0,45.0,45,45,45.0,45,45,0.0,0,0,0.0,0,0,0.0,0,0,0.0,0,0,0.0,0,0
poorly_conditioned,nominal,causal_prefix_batch,True,2.0,2,2,0,1.0,0.34238022750665303,1.0,2,1.0,0.34238022750665303,1.0,{},1.4794175423467926,1.811727115414312,1.2718134682383613,1.5258773328747148,2,2,1.0,0.34238022750665303,1.0,1.0,0.34238022750665303,1.0,2,linear,whole_base_sequence,2.1785796174038916,2.3787652309805787,6,0,0,nan,nan,nan,2,True,0.02968174999114126,0.0,0.0,0.022592002626013245,218.78134768899554,218.88269563339705,1.789013239817778,True,True,True,45.0,45,45,45.0,45,45,0.0,0,0,5.0,5,5,5.0,5,5,0.0,0,0,0.0,0,0,0.0,0,0,0.0,0,0,0.0,0,0
poorly_conditioned,nominal,causal_prefix_batch,True,2.5,2,2,0,1.0,0.34238022750665303,1.0,2,1.0,0.34238022750665303,1.0,{},1.177397888467149,1.403090753295124,0.7905959914048135,0.8906240835669179,2,2,1.0,0.34238022750665303,1.0,1.0,0.34238022750665303,1.0,2,linear,whole_base_sequence,2.390840459907908,2.6479481584384725,6,0,0,nan,nan,nan,2,True,0.05264915000589099,0.0,0.0,0.013672150060594298,214.81313804956932,289.07103057808075,2.4132316630875192,True,True,True,45.0,45,45,45.0,45,45,0.0,0,0,6.5,6,7,6.5,6,7,0.0,0,0,0.0,0,0,0.0,0,0,0.0,0,0,0.0,0,0
poorly_conditioned,nominal,causal_prefix_batch,True,3.0,2,2,0,1.0,0.34238022750665303,1.0,2,1.0,0.34238022750665303,1.0,{},1.1149208750015687,1.4299977435611888,0.634028021672092,0.8053314557823075,2,2,1.0,0.34238022750665303,1.0,1.0,0.34238022750665303,1.0,2,linear,whole_base_sequence,3.66546449983427,4.859145717955672,6,0,0,nan,nan,nan,2,True,0.06013455000356771,0.0,0.0,0.007961658518324501,151.78353667504382,155.88370960919113,2.8451971048492903,True,True,True,45.0,45,45,45.0,45,45,0.0,0,0,9.0,9,9,9.0,9,9,0.0,0,0,0.0,0,0,0.0,0,0,0.0,0,0,0.0,0,0
poorly_conditioned,nominal,causal_prefix_batch,True,3.5,2,2,0,1.0,0.34238022750665303,1.0,2,1.0,0.34238022750665303,1.0,{},1.0392569225739627,1.3541177257109545,0.47823819080502883,0.6291115745017164,2,2,1.0,0.34238022750665303,1.0,1.0,0.34238022750665303,1.0,2,linear,whole_base_sequence,4.28800175991614,5.391361899625106,6,0,0,nan,nan,nan,2,True,0.07524800000828691,0.0,0.0,0.00513960263193991,143.1162644457835,174.999472505264,3.43688567213205,True,True,True,45.0,45,45,45.0,45,45,0.0,0,0,11.5,11,12,11.5,11,12,0.0,0,0,0.0,0,0,0.0,0,0,0.0,0,0,0.0,0,0
poorly_conditioned,nominal,causal_prefix_batch,True,4.0,2,2,0,1.0,0.34238022750665303,1.0,2,1.0,0.34238022750665303,1.0,{},0.5403056236887412,0.5645161091313536,0.2090185643538526,0.23420452573981984,2,2,1.0,0.34238022750665303,1.0,1.0,0.34238022750665303,1.0,2,linear,whole_base_sequence,2.9349605912542605,3.049337503341155,6,0,0,nan,nan,nan,2,True,0.06853339998633601,0.0,0.0,0.0035710404523300707,189.37769242775775,227.12118547231054,3.8683701910815635,True,True,True,45.0,45,45,45.0,45,45,0.0,0,0,12.5,12,13,12.5,12,13,0.0,0,0,0.0,0,0,0.0,0,0,0.0,0,0,0.0,0,0
poorly_conditioned,nominal,causal_prefix_batch,True,4.5,2,2,0,1.0,0.34238022750665303,1.0,2,1.0,0.34238022750665303,1.0,{},0.43389948362051467,0.4962453979490654,0.12069841898621647,0.15240954673670493,2,2,1.0,0.34238022750665303,1.0,1.0,0.34238022750665303,1.0,2,linear,whole_base_sequence,3.0412329732941985,4.296154368493645,6,0,0,nan,nan,nan,2,True,0.09198090000427328,0.0,0.0,0.0025209577407883537,175.74560517231959,180.2815419154624,4.425125971751172,True,True,True,45.0,45,45,45.0,45,45,0.0,0,0,15.0,15,15,15.0,15,15,0.0,0,0,0.0,0,0,0.0,0,0,0.0,0,0,0.0,0,0
poorly_conditioned,nominal,causal_prefix_batch,True,5.0,2,2,0,1.0,0.34238022750665303,1.0,2,1.0,0.34238022750665303,1.0,{},0.5195925296720986,0.5945586058181969,0.17275906052210588,0.21867243961254074,2,2,1.0,0.34238022750665303,1.0,1.0,0.34238022750665303,1.0,2,linear,whole_base_sequence,3.3721116263917423,3.949172810516305,6,0,0,nan,nan,nan,2,True,0.09911394999653567,0.0,0.0,0.0018688299613105579,246.5529899449881,253.2264508224075,4.868657656895602,True,True,True,45.0,45,45,45.0,45,45,0.0,0,0,16.0,16,16,16.0,16,16,0.0,0,0,0.0,0,0,0.0,0,0,0.0,0,0,0.0,0,0
poorly_conditioned,nominal,causal_prefix_batch,True,5.5,2,2,0,1.0,0.34238022750665303,1.0,2,1.0,0.34238022750665303,1.0,{},0.3674327512210111,0.4137248628467373,0.0746683525697832,0.0920802153417321,2,2,1.0,0.34238022750665303,1.0,1.0,0.34238022750665303,1.0,2,linear,whole_base_sequence,3.0655255027559623,3.819698396506055,6,0,0,nan,nan,nan,2,True,0.10448530000576284,0.0,0.0,0.0014044608794780468,264.22081601010336,270.83661478823956,5.162754229854422,True,True,True,45.0,45,45,45.0,45,45,0.0,0,0,18.0,18,18,18.0,18,18,0.0,0,0,0.0,0,0,0.0,0,0,0.0,0,0,0.0,0,0
poorly_conditioned,nominal,causal_prefix_batch,True,6.0,2,2,0,1.0,0.34238022750665303,1.0,2,1.0,0.34238022750665303,1.0,{},0.11678672349766141,0.1383150648394711,0.07605653102464562,0.09837266507525433,2,2,1.0,0.34238022750665303,1.0,1.0,0.34238022750665303,1.0,2,linear,whole_base_sequence,1.9984707582626926,2.9664509554757243,6,0,0,nan,nan,nan,2,True,0.1474993000010727,0.0,0.0,0.001084749391733109,282.83448264484645,324.41378116957486,5.93381898535994,True,True,True,45.0,45,45,45.0,45,45,0.0,0,0,20.5,20,21,20.5,20,21,0.0,0,0,0.0,0,0,0.0,0,0,0.0,0,0,0.0,0,0
poorly_conditioned,nominal,causal_prefix_batch,True,6.5,2,2,0,1.0,0.34238022750665303,1.0,2,1.0,0.34238022750665303,1.0,{},0.5375941057501525,0.7090682433234651,0.12777557577883278,0.14697803353061692,2,2,1.0,0.34238022750665303,1.0,1.0,0.34238022750665303,1.0,2,linear,whole_base_sequence,3.0752989377070223,3.076464089644878,6,0,0,nan,nan,nan,2,True,0.15692339999077376,0.0,0.0,0.0008587271845683669,345.2124705938678,382.52018624518047,6.2684021152214005,True,True,True,45.0,45,45,45.0,45,45,0.0,0,0,21.5,21,22,21.5,21,22,0.0,0,0,0.0,0,0,0.0,0,0,0.0,0,0,0.0,0,0
poorly_conditioned,nominal,causal_prefix_batch,True,7.0,2,2,0,1.0,0.34238022750665303,1.0,2,1.0,0.34238022750665303,1.0,{},0.6576163784595372,0.8265297024633965,0.14079992533145458,0.15296813689957864,2,2,1.0,0.34238022750665303,1.0,1.0,0.34238022750665303,1.0,2,linear,whole_base_sequence,4.089919200262624,4.555367092561697,6,0,0,nan,nan,nan,2,True,0.14099339999665972,0.0,0.0,0.0006891380464129485,328.8239142205547,342.60582604674744,6.705398745234682,True,True,True,45.0,45,45,45.0,45,45,0.0,0,0,24.0,24,24,24.0,24,24,0.0,0,0,0.0,0,0,0.0,0,0,0.0,0,0,0.0,0,0
poorly_conditioned,nominal,causal_prefix_batch,True,7.5,2,2,0,1.0,0.34238022750665303,1.0,2,1.0,0.34238022750665303,1.0,{},0.6837127202360854,0.7616296964793039,0.1236927028028784,0.12466606339337152,2,2,1.0,0.34238022750665303,1.0,1.0,0.34238022750665303,1.0,2,linear,whole_base_sequence,5.606165856539535,6.049389037951938,6,0,0,nan,nan,nan,2,True,0.15073924999160226,0.0,0.0,0.0005638615920052082,353.07616935172797,391.5227248255611,7.425735637315307,True,True,True,45.0,45,45,45.0,45,45,0.0,0,0,26.5,26,27,26.5,26,27,0.0,0,0,0.0,0,0,0.0,0,0,0.0,0,0,0.0,0,0
poorly_conditioned,nominal,causal_prefix_batch,True,8.0,2,2,0,1.0,0.34238022750665303,1.0,2,1.0,0.34238022750665303,1.0,{},0.6182583489648394,0.7625571418559558,0.11316636663781056,0.1472240445885267,2,2,1.0,0.34238022750665303,1.0,1.0,0.34238022750665303,1.0,2,linear,whole_base_sequence,4.761940206513499,6.545940726248197,6,0,0,nan,nan,nan,2,True,0.2055757000198355,0.0,0.0,0.0004666885607335137,406.35039940581044,422.2910280518831,7.908114069620163,True,True,True,45.0,45,45,45.0,45,45,0.0,0,0,28.0,28,28,28.0,28,28,0.0,0,0,0.0,0,0,0.0,0,0,0.0,0,0,0.0,0,0
poorly_conditioned,nominal,causal_prefix_batch,True,8.5,2,2,0,1.0,0.34238022750665303,1.0,2,1.0,0.34238022750665303,1.0,{},0.5747231531718825,0.7382279568848094,0.10716076754133916,0.14310931895615633,2,2,1.0,0.34238022750665303,1.0,1.0,0.34238022750665303,1.0,2,linear,whole_base_sequence,4.379493827218111,6.096901728152891,6,0,0,nan,nan,nan,2,True,0.19366880001325626,0.0,0.0,0.0003902518476350086,411.19863058388614,428.4289921809032,8.452543436121086,True,True,True,45.0,45,45,45.0,45,45,0.0,0,0,30.0,30,30,30.0,30,30,0.0,0,0,0.0,0,0,0.0,0,0,0.0,0,0,0.0,0,0
poorly_conditioned,nominal,causal_prefix_batch,True,9.0,2,2,0,1.0,0.34238022750665303,1.0,2,1.0,0.34238022750665303,1.0,{},0.5237705482838753,0.6669726218737992,0.08845099647672106,0.11834250077951824,2,2,1.0,0.34238022750665303,1.0,1.0,0.34238022750665303,1.0,2,linear,whole_base_sequence,4.24621601967931,5.625530591270172,6,0,0,nan,nan,nan,2,True,0.24550094999722205,0.0,0.0,0.000330631828076025,492.74457403996325,513.4335223489711,8.970861479749196,True,True,True,45.0,45,45,45.0,45,45,0.0,0,0,32.0,32,32,32.0,32,32,0.0,0,0,0.0,0,0,0.0,0,0,0.0,0,0,0.0,0,0
poorly_conditioned,nominal,causal_prefix_batch,True,9.5,2,2,0,1.0,0.34238022750665303,1.0,2,1.0,0.34238022750665303,1.0,{},0.5641422071699085,0.7431013270361695,0.0947143836231189,0.12655479756805957,2,2,1.0,0.34238022750665303,1.0,1.0,0.34238022750665303,1.0,2,linear,whole_base_sequence,5.518597736240537,7.703981526902089,6,0,0,nan,nan,nan,2,True,0.20979995001107454,0.0,0.0,0.00028260847473556553,521.8225757336103,526.54913552404,9.432187238904602,True,True,True,45.0,45,45,45.0,45,45,0.0,0,0,33.5,33,34,33.5,33,34,0.0,0,0,0.0,0,0,0.0,0,0,0.0,0,0,0.0,0,0
poorly_conditioned,nominal,initial_batch_no_updates,True,0.0,2,0,2,0.0,0.0,0.6576197724933469,0,0.0,0.0,0.6576197724933469,"{""not_initialized"": 2}",nan,nan,nan,nan,0,2,nan,nan,nan,0.0,0.0,0.6576197724933469,0,linear,whole_base_sequence,nan,nan,6,0,0,nan,nan,nan,2,True,1.5999830793589354e-06,0.0,nan,nan,nan,nan,nan,True,True,True,45.0,45,45,45.0,45,45,0.0,0,0,0.0,0,0,0.0,0,0,0.0,0,0,0.0,0,0,0.0,0,0,0.0,0,0,0.0,0,0
poorly_conditioned,nominal,initial_batch_no_updates,True,0.5,2,0,2,0.0,0.0,0.6576197724933469,0,0.0,0.0,0.6576197724933469,"{""not_initialized"": 2}",nan,nan,nan,nan,0,2,nan,nan,nan,0.0,0.0,0.6576197724933469,0,linear,whole_base_sequence,nan,nan,6,0,0,nan,nan,nan,2,True,1.300009898841381e-06,0.0,nan,nan,nan,nan,nan,True,True,True,45.0,45,45,45.0,45,45,0.0,0,0,0.0,0,0,0.0,0,0,0.0,0,0,0.0,0,0,0.0,0,0,0.0,0,0,0.0,0,0
poorly_conditioned,nominal,initial_batch_no_updates,True,1.0,2,0,2,0.0,0.0,0.6576197724933469,0,0.0,0.0,0.6576197724933469,"{""not_initialized"": 2}",nan,nan,nan,nan,0,2,nan,nan,nan,0.0,0.0,0.6576197724933469,0,linear,whole_base_sequence,nan,nan,6,0,0,nan,nan,nan,2,True,1.400010660290718e-06,0.0,nan,nan,nan,nan,0.876206866256791,True,True,True,45.0,45,45,45.0,45,45,0.0,0,0,1.5,1,2,0.0,0,0,0.0,0,0,0.0,0,0,0.0,0,0,0.0,0,0,1.5,1,2
poorly_conditioned,nominal,initial_batch_no_updates,True,1.5,2,0,2,0.0,0.0,0.6576197724933469,0,0.0,0.0,0.6576197724933469,"{""not_initialized"": 2}",nan,nan,nan,nan,0,2,nan,nan,nan,0.0,0.0,0.6576197724933469,0,linear,whole_base_sequence,nan,nan,6,0,0,nan,nan,nan,2,True,2.9999937396496534e-06,0.0,nan,nan,nan,nan,1.273375333468253,True,True,True,45.0,45,45,45.0,45,45,0.0,0,0,3.0,3,3,0.0,0,0,0.0,0,0,0.0,0,0,0.0,0,0,0.0,0,0,3.0,3,3
poorly_conditioned,nominal,initial_batch_no_updates,True,10.0,2,2,0,1.0,0.34238022750665303,1.0,2,1.0,0.34238022750665303,1.0,{},6.50701462560836,7.979106613952275,0.7217558945854978,0.8814584465528613,2,2,1.0,0.34238022750665303,1.0,1.0,0.34238022750665303,1.0,2,linear,whole_base_sequence,2.205379621033774,2.29557257836352,6,0,0,nan,nan,nan,2,True,0.0001273500092793256,0.0,0.0,0.0005810331826488572,148921.27064621437,151830.19654604563,9.800091873010803,True,True,True,45.0,45,45,45.0,45,45,0.0,0,0,35.0,35,35,6.0,6,6,6.0,6,6,0.0,0,0,0.0,0,0,0.0,0,0,29.0,29,29
poorly_conditioned,nominal,initial_batch_no_updates,True,10.5,2,2,0,1.0,0.34238022750665303,1.0,2,1.0,0.34238022750665303,1.0,{},6.86733008814311,8.419505761283297,0.7217558945854978,0.8814584465528613,2,2,1.0,0.34238022750665303,1.0,1.0,0.34238022750665303,1.0,2,linear,whole_base_sequence,2.2053796210339,2.2955725783634544,6,0,0,nan,nan,nan,2,True,0.0001041999930748716,0.0,0.0,0.0005224962266551625,183874.78139693884,187492.78431120442,10.447193474048678,True,True,True,45.0,45,45,45.0,45,45,0.0,0,0,37.0,36,38,6.0,6,6,6.0,6,6,0.0,0,0,0.0,0,0,0.0,0,0,31.0,30,32
poorly_conditioned,nominal,initial_batch_no_updates,True,11.0,2,2,0,1.0,0.34238022750665303,1.0,2,1.0,0.34238022750665303,1.0,{},7.227701676662822,8.859937820715647,0.7217558945854978,0.8814584465528613,2,2,1.0,0.34238022750665303,1.0,1.0,0.34238022750665303,1.0,2,linear,whole_base_sequence,2.2053796210337535,2.2955725783634224,6,0,0,nan,nan,nan,2,True,0.0001551500172354281,0.0,0.0,0.0004723488455647711,224676.1253832456,229126.01647949102,10.890077549911041,True,True,True,45.0,45,45,45.0,45,45,0.0,0,0,39.0,39,39,6.0,6,6,6.0,6,6,0.0,0,0,0.0,0,0,0.0,0,0,33.0,33,33
poorly_conditioned,nominal,initial_batch_no_updates,True,11.5,2,2,0,1.0,0.34238022750665303,1.0,2,1.0,0.34238022750665303,1.0,{},7.588121394642958,9.300398105769125,0.7217558945854978,0.8814584465528613,2,2,1.0,0.34238022750665303,1.0,1.0,0.34238022750665303,1.0,2,linear,whole_base_sequence,2.205379621033858,2.2955725783635157,6,0,0,nan,nan,nan,2,True,0.00014294999709818512,0.0,0.0,0.000429066310705003,271946.5254396718,277364.5846841143,11.488009157249133,True,True,True,45.0,45,45,45.0,45,45,0.0,0,0,41.5,41,42,6.0,6,6,6.0,6,6,0.0,0,0,0.0,0,0,0.0,0,0,35.5,35,36
poorly_conditioned,nominal,initial_batch_no_updates,True,12.0,2,2,0,1.0,0.34238022750665303,1.0,2,1.0,0.34238022750665303,1.0,{},7.948582694954241,9.740882779025283,0.7217558945854978,0.8814584465528613,2,2,1.0,0.34238022750665303,1.0,1.0,0.34238022750665303,1.0,2,linear,whole_base_sequence,2.2053796210336545,2.2955725783632532,6,0,0,nan,nan,nan,2,True,0.0001313499960815534,0.0,0.0,0.00039145414580479826,326338.6962988605,332875.3756445754,11.656786049906215,True,True,True,45.0,45,45,45.0,45,45,0.0,0,0,42.0,42,42,6.0,6,6,6.0,6,6,0.0,0,0,0.0,0,0,0.0,0,0,36.0,36,36
poorly_conditioned,nominal,initial_batch_no_updates,True,12.5,2,2,0,1.0,0.34238022750665303,1.0,2,1.0,0.34238022750665303,1.0,{},8.309080165872652,10.181388668254252,0.7217558945854978,0.8814584465528613,2,2,1.0,0.34238022750665303,1.0,1.0,0.34238022750665303,1.0,2,linear,whole_base_sequence,2.205379621033829,2.2955725783633754,6,0,0,nan,nan,nan,2,True,9.694999607745558e-05,0.0,0.0,0.0003585661013308167,388536.8445798643,396357.4711490804,12.42245445418702,True,True,True,45.0,45,45,45.0,45,45,0.0,0,0,45.0,45,45,6.0,6,6,6.0,6,6,0.0,0,0,0.0,0,0,0.0,0,0,39.0,39,39
poorly_conditioned,nominal,initial_batch_no_updates,True,14.5,2,2,0,1.0,0.34238022750665303,1.0,2,1.0,0.34238022750665303,1.0,{},9.751351518493845,11.943577345039502,0.7217558945854978,0.8814584465528613,2,2,1.0,0.34238022750665303,1.0,1.0,0.34238022750665303,1.0,2,linear,whole_base_sequence,2.2053796210335577,2.2955725783634118,6,0,0,nan,nan,nan,2,True,0.00015330000314861536,0.0,0.0,0.00026110685092815253,730175.56068316,745107.3627169493,12.42245445418702,True,True,True,45.0,45,45,45.0,45,45,0.0,0,0,45.0,45,45,6.0,6,6,6.0,6,6,0.0,0,0,0.0,0,0,0.0,0,0,39.0,39,39
poorly_conditioned,nominal,initial_batch_no_updates,True,2.0,2,0,2,0.0,0.0,0.6576197724933469,0,0.0,0.0,0.6576197724933469,"{""not_initialized"": 2}",nan,nan,nan,nan,0,2,nan,nan,nan,0.0,0.0,0.6576197724933469,0,linear,whole_base_sequence,nan,nan,6,0,0,nan,nan,nan,2,True,3.1999952625483274e-06,0.0,nan,nan,nan,nan,1.789013239817778,True,True,True,45.0,45,45,45.0,45,45,0.0,0,0,5.0,5,5,0.0,0,0,0.0,0,0,0.0,0,0,0.0,0,0,0.0,0,0,5.0,5,5
poorly_conditioned,nominal,initial_batch_no_updates,True,2.5,2,2,0,1.0,0.34238022750665303,1.0,2,1.0,0.34238022750665303,1.0,{},1.1455939924326612,1.3984919729073175,0.7217558945854978,0.8814584465528613,2,2,1.0,0.34238022750665303,1.0,1.0,0.34238022750665303,1.0,2,linear,whole_base_sequence,2.205379621033808,2.295572578363561,6,0,0,nan,nan,nan,2,True,9.855000826064497e-05,0.0,0.0,0.013752674450740122,292.17715455123965,295.28327851837014,2.4132316630875192,True,True,True,45.0,45,45,45.0,45,45,0.0,0,0,6.5,6,7,6.0,6,6,6.0,6,6,0.0,0,0,0.0,0,0,0.0,0,0,0.5,0,1
poorly_conditioned,nominal,initial_batch_no_updates,True,3.0,2,2,0,1.0,0.34238022750665303,1.0,2,1.0,0.34238022750665303,1.0,{},1.4914362245384438,1.8304110095776005,0.7217558945854978,0.8814584465528613,2,2,1.0,0.34238022750665303,1.0,1.0,0.34238022750665303,1.0,2,linear,whole_base_sequence,2.2053796210338037,2.2955725783635637,6,0,0,nan,nan,nan,2,True,0.00011229999654460698,0.0,0.0,0.009068866762465792,660.4798509982586,668.5793385618665,2.8451971048492903,True,True,True,45.0,45,45,45.0,45,45,0.0,0,0,9.0,9,9,6.0,6,6,6.0,6,6,0.0,0,0,0.0,0,0,0.0,0,0,3.0,3,3
poorly_conditioned,nominal,initial_batch_no_updates,True,3.5,2,2,0,1.0,0.34238022750665303,1.0,2,1.0,0.34238022750665303,1.0,{},1.843052960149991,2.265715734197049,0.7217558945854978,0.8814584465528613,2,2,1.0,0.34238022750665303,1.0,1.0,0.34238022750665303,1.0,2,linear,whole_base_sequence,2.205379621033787,2.29557257836353,6,0,0,nan,nan,nan,2,True,8.764999802224338e-05,0.0,0.0,0.006326977255031778,1337.2816697981007,1355.5364676722759,3.43688567213205,True,True,True,45.0,45,45,45.0,45,45,0.0,0,0,11.5,11,12,6.0,6,6,6.0,6,6,0.0,0,0,0.0,0,0,0.0,0,0,5.5,5,6
poorly_conditioned,nominal,initial_batch_no_updates,True,4.0,2,2,0,1.0,0.34238022750665303,1.0,2,1.0,0.34238022750665303,1.0,{},2.19767427105434,2.702780093282616,0.7217558945854978,0.8814584465528613,2,2,1.0,0.34238022750665303,1.0,1.0,0.34238022750665303,1.0,2,linear,whole_base_sequence,2.205379621033806,2.295572578363588,6,0,0,nan,nan,nan,2,True,8.440000237897038e-05,0.0,0.0,0.004626695767087807,2471.4374939731388,2507.9308338048854,3.8683701910815635,True,True,True,45.0,45,45,45.0,45,45,0.0,0,0,12.5,12,13,6.0,6,6,6.0,6,6,0.0,0,0,0.0,0,0,0.0,0,0,6.5,6,7
poorly_conditioned,nominal,initial_batch_no_updates,True,4.5,2,2,0,1.0,0.34238022750665303,1.0,2,1.0,0.34238022750665303,1.0,{},2.5540489374863786,3.140871066285881,0.7217558945854978,0.8814584465528613,2,2,1.0,0.34238022750665303,1.0,1.0,0.34238022750665303,1.0,2,linear,whole_base_sequence,2.2053796210337975,2.2955725783635694,6,0,0,nan,nan,nan,2,True,0.00011385000834707171,0.0,0.0,0.003514305318611853,4243.287831943845,4309.727175706821,4.425125971751172,True,True,True,45.0,45,45,45.0,45,45,0.0,0,0,15.0,15,15,6.0,6,6,6.0,6,6,0.0,0,0,0.0,0,0,0.0,0,0,9.0,9,9
poorly_conditioned,nominal,initial_batch_no_updates,True,5.0,2,2,0,1.0,0.34238022750665303,1.0,2,1.0,0.34238022750665303,1.0,{},2.9115331930412216,3.5796117226241955,0.7217558945854978,0.8814584465528613,2,2,1.0,0.34238022750665303,1.0,1.0,0.34238022750665303,1.0,2,linear,whole_base_sequence,2.2053796210337855,2.295572578363555,6,0,0,nan,nan,nan,2,True,8.610000077169389e-05,0.0,0.0,0.0027524440424637046,6864.662768470129,6977.082906004949,4.868657656895602,True,True,True,45.0,45,45,45.0,45,45,0.0,0,0,16.0,16,16,6.0,6,6,6.0,6,6,0.0,0,0,0.0,0,0,0.0,0,0,10.0,10,10
poorly_conditioned,nominal,initial_batch_no_updates,True,5.5,2,2,0,1.0,0.34238022750665303,1.0,2,1.0,0.34238022750665303,1.0,{},3.2697631227614607,4.018789024407561,0.7217558945854978,0.8814584465528613,2,2,1.0,0.34238022750665303,1.0,1.0,0.34238022750665303,1.0,2,linear,whole_base_sequence,2.2053796210338357,2.2955725783636343,6,0,0,nan,nan,nan,2,True,8.854999032337219e-05,0.0,0.0,0.0022102715689149995,10578.88333752266,10758.349543269396,5.162754229854422,True,True,True,45.0,45,45,45.0,45,45,0.0,0,0,18.0,18,18,6.0,6,6,6.0,6,6,0.0,0,0,0.0,0,0,0.0,0,0,12.0,12,12
poorly_conditioned,nominal,initial_batch_no_updates,True,6.0,2,2,0,1.0,0.34238022750665303,1.0,2,1.0,0.34238022750665303,1.0,{},3.6285178805464313,4.458273690171609,0.7217558945854978,0.8814584465528613,2,2,1.0,0.34238022750665303,1.0,1.0,0.34238022750665303,1.0,2,linear,whole_base_sequence,2.205379621033814,2.295572578363597,6,0,0,nan,nan,nan,2,True,0.00010240000847261399,0.0,0.0,0.0018118712020993482,15660.762043093018,15934.07325556959,5.93381898535994,True,True,True,45.0,45,45,45.0,45,45,0.0,0,0,20.5,20,21,6.0,6,6,6.0,6,6,0.0,0,0,0.0,0,0,0.0,0,0,14.5,14,15
poorly_conditioned,nominal,initial_batch_no_updates,True,6.5,2,2,0,1.0,0.34238022750665303,1.0,2,1.0,0.34238022750665303,1.0,{},3.987655818347926,4.89798279640598,0.7217558945854978,0.8814584465528613,2,2,1.0,0.34238022750665303,1.0,1.0,0.34238022750665303,1.0,2,linear,whole_base_sequence,2.2053796210337655,2.2955725783635286,6,0,0,nan,nan,nan,2,True,0.00011294998694211245,0.0,0.0,0.0015111119106415965,22416.603076047057,22816.995086256546,6.2684021152214005,True,True,True,45.0,45,45,45.0,45,45,0.0,0,0,21.5,21,22,6.0,6,6,6.0,6,6,0.0,0,0,0.0,0,0,0.0,0,0,15.5,15,16
poorly_conditioned,nominal,initial_batch_no_updates,True,7.0,2,2,0,1.0,0.34238022750665303,1.0,2,1.0,0.34238022750665303,1.0,{},4.34708196695754,5.337860741581929,0.7217558945854978,0.8814584465528613,2,2,1.0,0.34238022750665303,1.0,1.0,0.34238022750665303,1.0,2,linear,whole_base_sequence,2.2053796210338286,2.295572578363564,6,0,0,nan,nan,nan,2,True,0.00011234999692533165,0.0,0.0,0.0012788027426603183,31184.202412021266,31752.051055423446,6.705398745234682,True,True,True,45.0,45,45,45.0,45,45,0.0,0,0,24.0,24,24,6.0,6,6,6.0,6,6,0.0,0,0,0.0,0,0,0.0,0,0,18.0,18,18
poorly_conditioned,nominal,initial_batch_no_updates,True,7.5,2,2,0,1.0,0.34238022750665303,1.0,2,1.0,0.34238022750665303,1.0,{},4.706730299791479,5.7778688651222625,0.7217558945854978,0.8814584465528613,2,2,1.0,0.34238022750665303,1.0,1.0,0.34238022750665303,1.0,2,linear,whole_base_sequence,2.205379621033865,2.29557257836362,6,0,0,nan,nan,nan,2,True,0.0001112000027205795,0.0,0.0,0.0010958084919599645,42332.84785906197,43116.372209257795,7.425735637315307,True,True,True,45.0,45,45,45.0,45,45,0.0,0,0,26.5,26,27,6.0,6,6,6.0,6,6,0.0,0,0,0.0,0,0,0.0,0,0,20.5,20,21
poorly_conditioned,nominal,initial_batch_no_updates,True,8.0,2,2,0,1.0,0.34238022750665303,1.0,2,1.0,0.34238022750665303,1.0,{},5.066553501956481,6.217979459520732,0.7217558945854978,0.8814584465528613,2,2,1.0,0.34238022750665303,1.0,1.0,0.34238022750665303,1.0,2,linear,whole_base_sequence,2.2053796210338956,2.29557257836367,6,0,0,nan,nan,nan,2,True,0.00011345000530127436,0.0,0.0,0.0009491937991402246,56263.31908243878,57319.284644899875,7.908114069620163,True,True,True,45.0,45,45,45.0,45,45,0.0,0,0,28.0,28,28,6.0,6,6,6.0,6,6,0.0,0,0,0.0,0,0,0.0,0,0,22.0,22,22
poorly_conditioned,nominal,initial_batch_no_updates,True,8.5,2,2,0,1.0,0.34238022750665303,1.0,2,1.0,0.34238022750665303,1.0,{},5.4265167876902645,6.658172151867613,0.7217558945854978,0.8814584465528613,2,2,1.0,0.34238022750665303,1.0,1.0,0.34238022750665303,1.0,2,linear,whole_base_sequence,2.2053796210338303,2.2955725783635605,6,0,0,nan,nan,nan,2,True,0.0001326000055996701,0.0,0.0,0.000829975849420503,73407.88761760682,74802.30952301386,8.452543436121086,True,True,True,45.0,45,45,45.0,45,45,0.0,0,0,30.0,30,30,6.0,6,6,6.0,6,6,0.0,0,0,0.0,0,0,0.0,0,0,24.0,24,24
poorly_conditioned,nominal,initial_batch_no_updates,True,9.0,2,2,0,1.0,0.34238022750665303,1.0,2,1.0,0.34238022750665303,1.0,{},5.786594014760787,7.098431629650537,0.7217558945854978,0.8814584465528613,2,2,1.0,0.34238022750665303,1.0,1.0,0.34238022750665303,1.0,2,linear,whole_base_sequence,2.2053796210337984,2.2955725783635654,6,0,0,nan,nan,nan,2,True,0.00013840000610798597,0.0,0.0,0.000731767229691697,94230.31687818709,96039.16307948006,8.970861479749196,True,True,True,45.0,45,45,45.0,45,45,0.0,0,0,32.0,32,32,6.0,6,6,6.0,6,6,0.0,0,0,0.0,0,0,0.0,0,0,26.0,26,26
poorly_conditioned,nominal,initial_batch_no_updates,True,9.5,2,2,0,1.0,0.34238022750665303,1.0,2,1.0,0.34238022750665303,1.0,{},6.146765159165513,7.53874616264765,0.7217558945854978,0.8814584465528613,2,2,1.0,0.34238022750665303,1.0,1.0,0.34238022750665303,1.0,2,linear,whole_base_sequence,2.205379621033762,2.29557257836354,6,0,0,nan,nan,nan,2,True,0.0001601499825483188,0.0,0.0,0.0006499299820769611,119225.86216071731,121535.7566256933,9.432187238904602,True,True,True,45.0,45,45,45.0,45,45,0.0,0,0,33.5,33,34,6.0,6,6,6.0,6,6,0.0,0,0,0.0,0,0,0.0,0,0,27.5,27,28
poorly_conditioned,nominal,offline_full_record_noncausal,False,14.5,2,2,0,1.0,0.34238022750665303,1.0,2,1.0,0.34238022750665303,1.0,{},0.6565584310037341,0.7214090390489843,0.06781815053846461,0.07426691538679744,2,2,1.0,0.34238022750665303,1.0,1.0,0.34238022750665303,1.0,2,linear,whole_base_sequence,5.7295638627272085,6.107263376535393,6,0,0,nan,nan,nan,2,True,0.3036159500043141,0.0,0.0,8.290899073861769e-05,2122.2790317116046,2208.159345589221,12.42245445418702,True,True,True,45.0,45,45,45.0,45,45,0.0,0,0,45.0,45,45,45.0,45,45,0.0,0,0,0.0,0,0,0.0,0,0,0.0,0,0,0.0,0,0
poorly_conditioned,nominal,retarded_ekf,True,0.0,2,0,2,0.0,0.0,0.6576197724933469,0,0.0,0.0,0.6576197724933469,"{""not_initialized"": 2}",nan,nan,nan,nan,0,2,nan,nan,nan,0.0,0.0,0.6576197724933469,0,linear,whole_base_sequence,nan,nan,6,0,0,nan,nan,nan,2,True,2.5250003091059625e-05,0.0,nan,nan,nan,nan,nan,True,True,True,45.0,45,45,45.0,45,45,0.0,0,0,0.0,0,0,0.0,0,0,0.0,0,0,0.0,0,0,0.0,0,0,0.0,0,0,0.0,0,0
poorly_conditioned,nominal,retarded_ekf,True,0.5,2,0,2,0.0,0.0,0.6576197724933469,0,0.0,0.0,0.6576197724933469,"{""not_initialized"": 2}",nan,nan,nan,nan,0,2,nan,nan,nan,0.0,0.0,0.6576197724933469,0,linear,whole_base_sequence,nan,nan,6,0,0,nan,nan,nan,2,True,9.650015272200108e-06,0.0,nan,nan,nan,nan,nan,True,True,True,45.0,45,45,45.0,45,45,0.0,0,0,0.0,0,0,0.0,0,0,0.0,0,0,0.0,0,0,0.0,0,0,0.0,0,0,0.0,0,0
poorly_conditioned,nominal,retarded_ekf,True,1.0,2,0,2,0.0,0.0,0.6576197724933469,0,0.0,0.0,0.6576197724933469,"{""not_initialized"": 2}",nan,nan,nan,nan,0,2,nan,nan,nan,0.0,0.0,0.6576197724933469,0,linear,whole_base_sequence,nan,nan,6,0,0,nan,nan,nan,2,True,0.00010905000090133399,0.0,nan,nan,nan,nan,0.876206866256791,True,True,True,45.0,45,45,45.0,45,45,0.0,0,0,1.5,1,2,0.0,0,0,0.0,0,0,0.0,0,0,0.0,0,0,0.0,0,0,1.5,1,2
poorly_conditioned,nominal,retarded_ekf,True,1.5,2,0,2,0.0,0.0,0.6576197724933469,0,0.0,0.0,0.6576197724933469,"{""not_initialized"": 2}",nan,nan,nan,nan,0,2,nan,nan,nan,0.0,0.0,0.6576197724933469,0,linear,whole_base_sequence,nan,nan,6,0,0,nan,nan,nan,2,True,0.00013065000530332327,0.0,nan,nan,nan,nan,1.273375333468253,True,True,True,45.0,45,45,45.0,45,45,0.0,0,0,3.0,3,3,0.0,0,0,0.0,0,0,0.0,0,0,0.0,0,0,0.0,0,0,3.0,3,3
poorly_conditioned,nominal,retarded_ekf,True,10.0,2,2,0,1.0,0.34238022750665303,1.0,2,1.0,0.34238022750665303,1.0,{},0.49847520952856617,0.6635938670650036,0.07975788501814343,0.10515985740748224,2,2,1.0,0.34238022750665303,1.0,1.0,0.34238022750665303,1.0,2,linear,whole_base_sequence,4.6735917839712195,6.584459225294086,6,3,0,1.0245742171554313,1.6258749179742187,1.0,2,True,0.004139299999224022,0.0013242999848444015,0.0,0.00024404069792317734,625.0213824993855,652.6594710663882,9.800091873010803,True,True,True,45.0,45,45,45.0,45,45,0.0,0,0,35.0,35,35,35.0,35,35,6.0,6,6,29.0,29,29,0.0,0,0,0.0,0,0,0.0,0,0
poorly_conditioned,nominal,retarded_ekf,True,10.5,2,2,0,1.0,0.34238022750665303,1.0,2,1.0,0.34238022750665303,1.0,{},0.5014060537475011,0.5356497104256962,0.08378956053508774,0.08913050965760229,2,2,1.0,0.34238022750665303,1.0,1.0,0.34238022750665303,1.0,2,linear,whole_base_sequence,5.533604827745231,6.837765255283704,6,4,0,2.0526721224792435,3.74048790059759,1.0,2,True,0.004745500002172776,0.0015508999931626022,0.0,0.0002118928388739849,639.0185845311073,657.0862627608459,10.447193474048678,True,True,True,45.0,45,45,45.0,45,45,0.0,0,0,37.0,36,38,37.0,36,38,6.0,6,6,31.0,30,32,0.0,0,0,0.0,0,0,0.0,0,0
poorly_conditioned,nominal,retarded_ekf,True,11.0,2,2,0,1.0,0.34238022750665303,1.0,2,1.0,0.34238022750665303,1.0,{},0.49612111253595154,0.5310448569956331,0.0768197723618258,0.08207129052481847,2,2,1.0,0.34238022750665303,1.0,1.0,0.34238022750665303,1.0,2,linear,whole_base_sequence,5.5037131388218405,6.199244819721306,6,4,0,0.5491460159276347,0.9455747720736104,1.0,2,True,0.0042706999956863,0.001419949985574931,0.0,0.0001852552570985679,673.4135134918545,701.9913158779008,10.890077549911041,True,True,True,45.0,45,45,45.0,45,45,0.0,0,0,39.0,39,39,39.0,39,39,6.0,6,6,33.0,33,33,0.0,0,0,0.0,0,0,0.0,0,0
poorly_conditioned,nominal,retarded_ekf,True,11.5,2,2,0,1.0,0.34238022750665303,1.0,2,1.0,0.34238022750665303,1.0,{},0.59942775606067,0.6753096940827814,0.08634585313648205,0.09312337558823493,2,2,1.0,0.34238022750665303,1.0,1.0,0.34238022750665303,1.0,2,linear,whole_base_sequence,5.506357702530823,6.4344235723235,6,5,0,2.5925561475494514,3.307766817181507,1.0,2,True,0.007000800003879704,0.0020927000005031005,0.0,0.00016294869516849053,716.6446478102853,723.8861084225194,11.488009157249133,True,True,True,45.0,45,45,45.0,45,45,0.0,0,0,41.5,41,42,41.5,41,42,6.0,6,6,35.5,35,36,0.0,0,0,0.0,0,0,0.0,0,0
poorly_conditioned,nominal,retarded_ekf,True,12.0,2,2,0,1.0,0.34238022750665303,1.0,2,1.0,0.34238022750665303,1.0,{},0.6355623306125476,0.7202244947435763,0.08455235753216517,0.09292180127279522,2,2,1.0,0.34238022750665303,1.0,1.0,0.34238022750665303,1.0,2,linear,whole_base_sequence,5.662578795112894,6.450045681581977,6,1,0,1.0687378025895813,1.0687378025895813,1.0,2,True,0.0012630999990506098,0.0003630499995779246,0.0,0.00014412727843722724,872.2033045747055,908.7010254646692,11.656786049906215,True,True,True,45.0,45,45,45.0,45,45,0.0,0,0,42.0,42,42,42.0,42,42,6.0,6,6,36.0,36,36,0.0,0,0,0.0,0,0,0.0,0,0
poorly_conditioned,nominal,retarded_ekf,True,12.5,2,2,0,1.0,0.34238022750665303,1.0,2,1.0,0.34238022750665303,1.0,{},0.525695318085597,0.5783193387893576,0.06810471051210436,0.07458747102961417,2,2,1.0,0.34238022750665303,1.0,1.0,0.34238022750665303,1.0,2,linear,whole_base_sequence,5.729641697778668,6.1007788118545925,6,6,0,2.0074076683443387,3.718934611241509,1.0,2,True,0.008038849991862662,0.0023865000111982226,0.0,0.00012807468003495025,896.2257428221383,935.0765461338012,12.42245445418702,True,True,True,45.0,45,45,45.0,45,45,0.0,0,0,45.0,45,45,45.0,45,45,6.0,6,6,39.0,39,39,0.0,0,0,0.0,0,0,0.0,0,0
poorly_conditioned,nominal,retarded_ekf,True,14.5,2,2,0,1.0,0.34238022750665303,1.0,2,1.0,0.34238022750665303,1.0,{},0.6579453447486022,0.7233561825736777,0.06810471051210436,0.07458747102961417,2,2,1.0,0.34238022750665303,1.0,1.0,0.34238022750665303,1.0,2,linear,whole_base_sequence,5.7296416977789075,6.100778811854958,6,0,0,nan,nan,nan,2,True,0.0001201499835588038,0.0,0.0,8.323561000066939e-05,2119.3789998617044,2212.841084070577,12.42245445418702,True,True,True,45.0,45,45,45.0,45,45,0.0,0,0,45.0,45,45,45.0,45,45,6.0,6,6,39.0,39,39,0.0,0,0,0.0,0,0,0.0,0,0
poorly_conditioned,nominal,retarded_ekf,True,2.0,2,0,2,0.0,0.0,0.6576197724933469,0,0.0,0.0,0.6576197724933469,"{""not_initialized"": 2}",nan,nan,nan,nan,0,2,nan,nan,nan,0.0,0.0,0.6576197724933469,0,linear,whole_base_sequence,nan,nan,6,0,0,nan,nan,nan,2,True,0.0002940500125987455,0.0,nan,nan,nan,nan,1.789013239817778,True,True,True,45.0,45,45,45.0,45,45,0.0,0,0,5.0,5,5,0.0,0,0,0.0,0,0,0.0,0,0,0.0,0,0,0.0,0,0,5.0,5,5
poorly_conditioned,nominal,retarded_ekf,True,2.5,2,2,0,1.0,0.34238022750665303,1.0,2,1.0,0.34238022750665303,1.0,{},1.1771841211696448,1.403061110873085,0.7904769356465589,0.8906098116072215,2,2,1.0,0.34238022750665303,1.0,1.0,0.34238022750665303,1.0,2,linear,whole_base_sequence,2.3907159742865716,2.647711649543811,6,1,0,0.2591935979630717,0.2591935979630717,1.0,2,True,0.04688685001747217,0.00033480000274721533,0.0,0.013661263869445463,214.29384550505455,289.07103058410917,2.4132316630875192,True,True,True,45.0,45,45,45.0,45,45,0.0,0,0,6.5,6,7,6.5,6,7,6.0,6,6,0.5,0,1,0.0,0,0,0.0,0,0,0.0,0,0
poorly_conditioned,nominal,retarded_ekf,True,3.0,2,2,0,1.0,0.34238022750665303,1.0,2,1.0,0.34238022750665303,1.0,{},1.116950621570319,1.4328530915622208,0.6355357076550044,0.8071677320509972,2,2,1.0,0.34238022750665303,1.0,1.0,0.34238022750665303,1.0,2,linear,whole_base_sequence,3.7140450765883237,4.949716169088571,6,5,0,1.4834166977978767,3.117744668440048,1.0,2,True,0.0024120000161929056,0.0013893499854020774,0.0,0.007952788412079553,151.51033124713354,154.87936380875183,2.8451971048492903,True,True,True,45.0,45,45,45.0,45,45,0.0,0,0,9.0,9,9,9.0,9,9,6.0,6,6,3.0,3,3,0.0,0,0,0.0,0,0,0.0,0,0
poorly_conditioned,nominal,retarded_ekf,True,3.5,2,2,0,1.0,0.34238022750665303,1.0,2,1.0,0.34238022750665303,1.0,{},1.0480340547013953,1.364037483406738,0.4825375611348072,0.6342582551733145,2,2,1.0,0.34238022750665303,1.0,1.0,0.34238022750665303,1.0,2,linear,whole_base_sequence,4.354769900679234,5.443077286932991,6,5,0,2.31642526964028,3.772878142318857,1.0,2,True,0.0032077499927254394,0.0017432000022381544,0.0,0.005132247208460662,143.74285213149076,175.11332162978056,3.43688567213205,True,True,True,45.0,45,45,45.0,45,45,0.0,0,0,11.5,11,12,11.5,11,12,6.0,6,6,5.5,5,6,0.0,0,0,0.0,0,0,0.0,0,0
poorly_conditioned,nominal,retarded_ekf,True,4.0,2,2,0,1.0,0.34238022750665303,1.0,2,1.0,0.34238022750665303,1.0,{},0.5446543152691787,0.5626295378102276,0.21092933499234087,0.23474277333179097,2,2,1.0,0.34238022750665303,1.0,1.0,0.34238022750665303,1.0,2,linear,whole_base_sequence,2.955321431998054,3.1265176675573394,6,2,0,2.327827486970707,3.071376761750938,1.0,2,True,0.0009535999997751787,0.00048165000043809414,0.0,0.003565277299989115,191.90812379099572,229.40958976396362,3.8683701910815635,True,True,True,45.0,45,45,45.0,45,45,0.0,0,0,12.5,12,13,12.5,12,13,6.0,6,6,6.5,6,7,0.0,0,0,0.0,0,0,0.0,0,0
poorly_conditioned,nominal,retarded_ekf,True,4.5,2,2,0,1.0,0.34238022750665303,1.0,2,1.0,0.34238022750665303,1.0,{},0.43671009661219373,0.49770127359134064,0.12171308054955184,0.1540932269246884,2,2,1.0,0.34238022750665303,1.0,1.0,0.34238022750665303,1.0,2,linear,whole_base_sequence,3.0699230720821644,4.337538464068046,6,5,0,1.0292410334937407,2.0006762940181173,1.0,2,True,0.0023638499988010153,0.0012133499985793605,0.0,0.0025177624066756335,177.6929572410359,181.99742388179058,4.425125971751172,True,True,True,45.0,45,45,45.0,45,45,0.0,0,0,15.0,15,15,15.0,15,15,6.0,6,6,9.0,9,9,0.0,0,0,0.0,0,0,0.0,0,0
poorly_conditioned,nominal,retarded_ekf,True,5.0,2,2,0,1.0,0.34238022750665303,1.0,2,1.0,0.34238022750665303,1.0,{},0.5227481827537551,0.5996246848526194,0.17396000380195792,0.22037079891971678,2,2,1.0,0.34238022750665303,1.0,1.0,0.34238022750665303,1.0,2,linear,whole_base_sequence,3.3951971259990414,3.968904242985449,6,2,0,3.799945242641547,5.409009122556087,1.0,2,True,0.0014526000013574958,0.0006615000020246953,0.0,0.001867060850214379,247.5185096233597,254.42465186505424,4.868657656895602,True,True,True,45.0,45,45,45.0,45,45,0.0,0,0,16.0,16,16,16.0,16,16,6.0,6,6,10.0,10,10,0.0,0,0,0.0,0,0,0.0,0,0
poorly_conditioned,nominal,retarded_ekf,True,5.5,2,2,0,1.0,0.34238022750665303,1.0,2,1.0,0.34238022750665303,1.0,{},0.3642015013426223,0.4103507368996129,0.07516951742429147,0.09284728693564934,2,2,1.0,0.34238022750665303,1.0,1.0,0.34238022750665303,1.0,2,linear,whole_base_sequence,3.041805321224806,3.83478345827232,6,4,0,3.593415448590951,6.303870065553982,0.75,2,True,0.0022068000107537955,0.0010600000096019357,0.0,0.0014045792236956286,264.6016322936572,270.31508842780227,5.162754229854422,True,True,True,45.0,45,45,45.0,45,45,0.0,0,0,18.0,18,18,18.0,18,18,6.0,6,6,12.0,12,12,0.0,0,0,0.0,0,0,0.0,0,0
poorly_conditioned,nominal,retarded_ekf,True,6.0,2,2,0,1.0,0.34238022750665303,1.0,2,1.0,0.34238022750665303,1.0,{},0.11315744299346003,0.13911307356470481,0.07676213346755904,0.09912413614547151,2,2,1.0,0.34238022750665303,1.0,1.0,0.34238022750665303,1.0,2,linear,whole_base_sequence,2.0007480327517237,2.9975951084716694,6,5,0,1.2367899896689771,2.896339726677958,1.0,2,True,0.0029451999871525913,0.0012816500093322247,0.0,0.0010863686458975753,282.8525300753465,326.3375690889096,5.93381898535994,True,True,True,45.0,45,45,45.0,45,45,0.0,0,0,20.5,20,21,20.5,20,21,6.0,6,6,14.5,14,15,0.0,0,0,0.0,0,0,0.0,0,0
poorly_conditioned,nominal,retarded_ekf,True,6.5,2,2,0,1.0,0.34238022750665303,1.0,2,1.0,0.34238022750665303,1.0,{},0.5350357555710201,0.7051523491192212,0.12719991385853627,0.14559167327742667,2,2,1.0,0.34238022750665303,1.0,1.0,0.34238022750665303,1.0,2,linear,whole_base_sequence,3.057156049734134,3.1032359101698055,6,2,0,2.187502155496575,3.8186890065678,1.0,2,True,0.0011605000036070123,0.00046619998465757817,0.0,0.0008603803667193466,345.3843035165098,379.3404410696066,6.2684021152214005,True,True,True,45.0,45,45,45.0,45,45,0.0,0,0,21.5,21,22,21.5,21,22,6.0,6,6,15.5,15,16,0.0,0,0,0.0,0,0,0.0,0,0
poorly_conditioned,nominal,retarded_ekf,True,7.0,2,2,0,1.0,0.34238022750665303,1.0,2,1.0,0.34238022750665303,1.0,{},0.6554312338684424,0.8228144711136889,0.1402331087168607,0.15158934441816851,2,2,1.0,0.34238022750665303,1.0,1.0,0.34238022750665303,1.0,2,linear,whole_base_sequence,4.065855637428276,4.471813027577528,6,5,0,1.4084480996623712,2.8744378370855843,1.0,2,True,0.004147999992710538,0.001735700003337115,0.0,0.0006909356334455687,328.98493057303153,340.631053803956,6.705398745234682,True,True,True,45.0,45,45,45.0,45,45,0.0,0,0,24.0,24,24,24.0,24,24,6.0,6,6,18.0,18,18,0.0,0,0,0.0,0,0,0.0,0,0
poorly_conditioned,nominal,retarded_ekf,True,7.5,2,2,0,1.0,0.34238022750665303,1.0,2,1.0,0.34238022750665303,1.0,{},0.6810131764739547,0.756409612255271,0.12306723651830118,0.12484387086786339,2,2,1.0,0.34238022750665303,1.0,1.0,0.34238022750665303,1.0,2,linear,whole_base_sequence,5.577414831911316,6.087729627258087,6,5,0,4.465350730215726,8.959970709613808,0.8,2,True,0.004011750002973713,0.0016306000034091994,0.0,0.0005641465626631256,353.2285635378503,392.2668894525799,7.425735637315307,True,True,True,45.0,45,45,45.0,45,45,0.0,0,0,26.5,26,27,26.5,26,27,6.0,6,6,20.5,20,21,0.0,0,0,0.0,0,0,0.0,0,0
poorly_conditioned,nominal,retarded_ekf,True,8.0,2,2,0,1.0,0.34238022750665303,1.0,2,1.0,0.34238022750665303,1.0,{},0.6179638609487886,0.7634348722774627,0.11316138088219325,0.14742187248108973,2,2,1.0,0.34238022750665303,1.0,1.0,0.34238022750665303,1.0,2,linear,whole_base_sequence,4.765247461788585,6.589824073017336,6,3,0,3.6887299642478646,6.341643528328837,0.6666666666666666,2,True,0.0023866500123403966,0.0008764500089455396,0.0,0.0004672152485124846,404.2055308114573,420.1386791445882,7.908114069620163,True,True,True,45.0,45,45,45.0,45,45,0.0,0,0,28.0,28,28,28.0,28,28,6.0,6,6,22.0,22,22,0.0,0,0,0.0,0,0,0.0,0,0
poorly_conditioned,nominal,retarded_ekf,True,8.5,2,2,0,1.0,0.34238022750665303,1.0,2,1.0,0.34238022750665303,1.0,{},0.5754279294588938,0.7399040949114781,0.1073907186692067,0.1434971455956441,2,2,1.0,0.34238022750665303,1.0,1.0,0.34238022750665303,1.0,2,linear,whole_base_sequence,4.386653740155883,6.145838877728953,6,4,0,1.3121508562987012,2.291355435424173,1.0,2,True,0.003652449988294393,0.0013143000105628744,0.0,0.00039125720820951,408.6620688313963,425.94876141384634,8.452543436121086,True,True,True,45.0,45,45,45.0,45,45,0.0,0,0,30.0,30,30,30.0,30,30,6.0,6,6,24.0,24,24,0.0,0,0,0.0,0,0,0.0,0,0
poorly_conditioned,nominal,retarded_ekf,True,9.0,2,2,0,1.0,0.34238022750665303,1.0,2,1.0,0.34238022750665303,1.0,{},0.5241416307527773,0.6684054559877646,0.0886002164546414,0.11861433156447511,2,2,1.0,0.34238022750665303,1.0,1.0,0.34238022750665303,1.0,2,linear,whole_base_sequence,4.244834142365186,5.661679433409809,6,4,0,0.896971495082679,1.7274096939251429,1.0,2,True,0.004357500001788139,0.0015484000032301992,0.0,0.00033127676127251213,490.8999907164696,512.7874147768191,8.970861479749196,True,True,True,45.0,45,45,45.0,45,45,0.0,0,0,32.0,32,32,32.0,32,32,6.0,6,6,26.0,26,26,0.0,0,0,0.0,0,0,0.0,0,0
poorly_conditioned,nominal,retarded_ekf,True,9.5,2,2,0,1.0,0.34238022750665303,1.0,2,1.0,0.34238022750665303,1.0,{},0.5647729651938653,0.7440934060027041,0.09498890724592282,0.12687643583634825,2,2,1.0,0.34238022750665303,1.0,1.0,0.34238022750665303,1.0,2,linear,whole_base_sequence,5.518367354494097,7.741709565607101,6,3,0,2.0445024325856256,3.1790814209964435,1.0,2,True,0.002954449999378994,0.000944799990975298,0.0,0.0002831193858929852,518.955079664606,525.8726296709003,9.432187238904602,True,True,True,45.0,45,45,45.0,45,45,0.0,0,0,33.5,33,34,33.5,33,34,6.0,6,6,27.5,27,28,0.0,0,0,0.0,0,0,0.0,0,0
poorly_conditioned,one_station_gap,causal_prefix_batch,True,0.0,2,0,2,0.0,0.0,0.6576197724933469,0,0.0,0.0,0.6576197724933469,"{""insufficient_measurements"": 2}",nan,nan,nan,nan,0,2,nan,nan,nan,0.0,0.0,0.6576197724933469,0,linear,whole_base_sequence,nan,nan,6,0,0,nan,nan,nan,2,True,3.0249982955865562e-05,0.0,nan,nan,nan,nan,nan,True,True,True,45.0,45,45,40.0,40,40,5.0,5,5,0.0,0,0,0.0,0,0,0.0,0,0,0.0,0,0,0.0,0,0,0.0,0,0,0.0,0,0
poorly_conditioned,one_station_gap,causal_prefix_batch,True,0.5,2,0,2,0.0,0.0,0.6576197724933469,0,0.0,0.0,0.6576197724933469,"{""insufficient_measurements"": 2}",nan,nan,nan,nan,0,2,nan,nan,nan,0.0,0.0,0.6576197724933469,0,linear,whole_base_sequence,nan,nan,6,0,0,nan,nan,nan,2,True,2.1500003640539944e-05,0.0,nan,nan,nan,nan,nan,True,True,True,45.0,45,45,40.0,40,40,5.0,5,5,0.0,0,0,0.0,0,0,0.0,0,0,0.0,0,0,0.0,0,0,0.0,0,0,0.0,0,0
poorly_conditioned,one_station_gap,causal_prefix_batch,True,1.0,2,0,2,0.0,0.0,0.6576197724933469,0,0.0,0.0,0.6576197724933469,"{""insufficient_measurements"": 2}",nan,nan,nan,nan,0,2,nan,nan,nan,0.0,0.0,0.6576197724933469,0,linear,whole_base_sequence,nan,nan,6,0,0,nan,nan,nan,2,True,4.159999662078917e-05,0.0,nan,nan,nan,nan,0.876206866256791,True,True,True,45.0,45,45,40.0,40,40,5.0,5,5,1.5,1,2,1.5,1,2,0.0,0,0,0.0,0,0,0.0,0,0,0.0,0,0,0.0,0,0
poorly_conditioned,one_station_gap,causal_prefix_batch,True,1.5,2,0,2,0.0,0.0,0.6576197724933469,0,0.0,0.0,0.6576197724933469,"{""insufficient_local_observability"": 2}",nan,nan,nan,nan,0,2,nan,nan,nan,0.0,0.0,0.6576197724933469,0,linear,whole_base_sequence,nan,nan,6,0,0,nan,nan,nan,2,True,1.5566460499976529,0.0,nan,nan,nan,nan,1.273375333468253,True,True,True,45.0,45,45,40.0,40,40,5.0,5,5,3.0,3,3,3.0,3,3,0.0,0,0,0.0,0,0,0.0,0,0,0.0,0,0,0.0,0,0
poorly_conditioned,one_station_gap,causal_prefix_batch,True,10.0,2,2,0,1.0,0.34238022750665303,1.0,2,1.0,0.34238022750665303,1.0,{},0.5548250585415568,0.7151907707972412,0.08243145664492872,0.10531597379066834,2,2,1.0,0.34238022750665303,1.0,1.0,0.34238022750665303,1.0,2,linear,whole_base_sequence,4.817045784483662,6.513102589700709,6,0,0,nan,nan,nan,2,True,0.20648639999853913,0.0,0.0,0.00033693003338846386,465.9568497412495,493.1085651915831,9.800091873010803,True,True,True,45.0,45,45,40.0,40,40,5.0,5,5,30.0,30,30,30.0,30,30,0.0,0,0,0.0,0,0,0.0,0,0,0.0,0,0,0.0,0,0
poorly_conditioned,one_station_gap,causal_prefix_batch,True,10.5,2,2,0,1.0,0.34238022750665303,1.0,2,1.0,0.34238022750665303,1.0,{},0.5465744216225173,0.5516345478123086,0.08411882163663312,0.08465709085585203,2,2,1.0,0.34238022750665303,1.0,1.0,0.34238022750665303,1.0,2,linear,whole_base_sequence,5.351386943124961,6.312978585489636,6,0,0,nan,nan,nan,2,True,0.24153039998782333,0.0,0.0,0.00029113733740593535,473.5850734744754,483.1050584742213,10.447193474048678,True,True,True,45.0,45,45,40.0,40,40,5.0,5,5,32.0,31,33,32.0,31,33,0.0,0,0,0.0,0,0,0.0,0,0,0.0,0,0,0.0,0,0
poorly_conditioned,one_station_gap,causal_prefix_batch,True,11.0,2,2,0,1.0,0.34238022750665303,1.0,2,1.0,0.34238022750665303,1.0,{},0.5123545598096284,0.5201528255007791,0.07400968405823465,0.07641731062736701,2,2,1.0,0.34238022750665303,1.0,1.0,0.34238022750665303,1.0,2,linear,whole_base_sequence,5.16995922390902,5.657908644610447,6,0,0,nan,nan,nan,2,True,0.279660000000149,0.0,0.0,0.000252366861025792,498.0527687529648,527.9221493985938,10.890077549911041,True,True,True,45.0,45,45,40.0,40,40,5.0,5,5,34.0,34,34,34.0,34,34,0.0,0,0,0.0,0,0,0.0,0,0,0.0,0,0,0.0,0,0
poorly_conditioned,one_station_gap,causal_prefix_batch,True,11.5,2,2,0,1.0,0.34238022750665303,1.0,2,1.0,0.34238022750665303,1.0,{},0.610721088607645,0.66121712915215,0.0843506717115855,0.08895383116372553,2,2,1.0,0.34238022750665303,1.0,1.0,0.34238022750665303,1.0,2,linear,whole_base_sequence,5.234388747181971,5.850601422883592,6,0,0,nan,nan,nan,2,True,0.2412602499971399,0.0,0.0,0.00021940441861208497,531.8480349882813,539.3845254784715,11.488009157249133,True,True,True,45.0,45,45,40.0,40,40,5.0,5,5,36.5,36,37,36.5,36,37,0.0,0,0,0.0,0,0,0.0,0,0,0.0,0,0,0.0,0,0
poorly_conditioned,one_station_gap,causal_prefix_batch,True,12.0,2,2,0,1.0,0.34238022750665303,1.0,2,1.0,0.34238022750665303,1.0,{},0.6533545621119088,0.7046320550761711,0.08341148494848469,0.08885266587856258,2,2,1.0,0.34238022750665303,1.0,1.0,0.34238022750665303,1.0,2,linear,whole_base_sequence,5.491269818893061,5.876289530054372,6,0,0,nan,nan,nan,2,True,0.2933999000088079,0.0,0.0,0.00019186505808759175,653.975982855633,697.6912665121739,11.656786049906215,True,True,True,45.0,45,45,40.0,40,40,5.0,5,5,37.0,37,37,37.0,37,37,0.0,0,0,0.0,0,0,0.0,0,0,0.0,0,0,0.0,0,0
poorly_conditioned,one_station_gap,causal_prefix_batch,True,12.5,2,2,0,1.0,0.34238022750665303,1.0,2,1.0,0.34238022750665303,1.0,{},0.546332238076301,0.6255951828002082,0.06650324830059487,0.07505547995810938,2,2,1.0,0.34238022750665303,1.0,1.0,0.34238022750665303,1.0,2,linear,whole_base_sequence,5.565660509998526,6.235622076854891,6,0,0,nan,nan,nan,2,True,0.26264324999647215,0.0,0.0,0.00016844848375975973,674.0709725843933,718.4338329183306,12.42245445418702,True,True,True,45.0,45,45,40.0,40,40,5.0,5,5,40.0,40,40,40.0,40,40,0.0,0,0,0.0,0,0,0.0,0,0,0.0,0,0,0.0,0,0
poorly_conditioned,one_station_gap,causal_prefix_batch,True,14.5,2,2,0,1.0,0.34238022750665303,1.0,2,1.0,0.34238022750665303,1.0,{},0.673982891587187,0.7702560531738915,0.06650324828787892,0.07505547991785544,2,2,1.0,0.34238022750665303,1.0,1.0,0.34238022750665303,1.0,2,linear,whole_base_sequence,5.565660533523577,6.23562210406869,6,0,0,nan,nan,nan,2,True,0.33931789998314343,0.0,0.0,0.00010455383358190175,1667.903546462503,1776.6739299200253,12.42245445418702,True,True,True,45.0,45,45,40.0,40,40,5.0,5,5,40.0,40,40,40.0,40,40,0.0,0,0,0.0,0,0,0.0,0,0,0.0,0,0,0.0,0,0
poorly_conditioned,one_station_gap,causal_prefix_batch,True,2.0,2,2,0,1.0,0.34238022750665303,1.0,2,1.0,0.34238022750665303,1.0,{},1.4794175423467926,1.811727115414312,1.2718134682383613,1.5258773328747148,2,2,1.0,0.34238022750665303,1.0,1.0,0.34238022750665303,1.0,2,linear,whole_base_sequence,2.1785796174038916,2.3787652309805787,6,0,0,nan,nan,nan,2,True,0.05050205001316499,0.0,0.0,0.022592002626013245,218.78134768899554,218.88269563339705,1.789013239817778,True,True,True,45.0,45,45,40.0,40,40,5.0,5,5,5.0,5,5,5.0,5,5,0.0,0,0,0.0,0,0,0.0,0,0,0.0,0,0,0.0,0,0
poorly_conditioned,one_station_gap,causal_prefix_batch,True,2.5,2,2,0,1.0,0.34238022750665303,1.0,2,1.0,0.34238022750665303,1.0,{},1.177397888467149,1.403090753295124,0.7905959914048135,0.8906240835669179,2,2,1.0,0.34238022750665303,1.0,1.0,0.34238022750665303,1.0,2,linear,whole_base_sequence,2.390840459907908,2.6479481584384725,6,0,0,nan,nan,nan,2,True,0.08003135000762995,0.0,0.0,0.013672150060594298,214.81313804956932,289.07103057808075,2.4132316630875192,True,True,True,45.0,45,45,40.0,40,40,5.0,5,5,6.5,6,7,6.5,6,7,0.0,0,0,0.0,0,0,0.0,0,0,0.0,0,0,0.0,0,0
poorly_conditioned,one_station_gap,causal_prefix_batch,True,3.0,2,2,0,1.0,0.34238022750665303,1.0,2,1.0,0.34238022750665303,1.0,{},1.1149208750015687,1.4299977435611888,0.634028021672092,0.8053314557823075,2,2,1.0,0.34238022750665303,1.0,1.0,0.34238022750665303,1.0,2,linear,whole_base_sequence,3.66546449983427,4.859145717955672,6,0,0,nan,nan,nan,2,True,0.07105079999018926,0.0,0.0,0.007961658518324501,151.78353667504382,155.88370960919113,2.8451971048492903,True,True,True,45.0,45,45,40.0,40,40,5.0,5,5,9.0,9,9,9.0,9,9,0.0,0,0,0.0,0,0,0.0,0,0,0.0,0,0,0.0,0,0
poorly_conditioned,one_station_gap,causal_prefix_batch,True,3.5,2,2,0,1.0,0.34238022750665303,1.0,2,1.0,0.34238022750665303,1.0,{},1.1832877244042306,1.5475869217636622,0.5192407748673854,0.6855297563675278,2,2,1.0,0.34238022750665303,1.0,1.0,0.34238022750665303,1.0,2,linear,whole_base_sequence,3.288186480321193,3.8720657266440703,6,0,0,nan,nan,nan,2,True,0.09580999999889173,0.0,0.0,0.005341551119843722,162.69805996627565,197.13166179058166,3.3189902538595284,True,True,True,45.0,45,45,40.0,40,40,5.0,5,5,10.5,10,11,10.5,10,11,0.0,0,0,0.0,0,0,0.0,0,0,0.0,0,0,0.0,0,0
poorly_conditioned,one_station_gap,causal_prefix_batch,True,4.0,2,2,0,1.0,0.34238022750665303,1.0,2,1.0,0.34238022750665303,1.0,{},0.4299966012162224,0.5367594931268495,0.14845577316256184,0.17543589458119435,2,2,1.0,0.34238022750665303,1.0,1.0,0.34238022750665303,1.0,2,linear,whole_base_sequence,2.033953109276288,2.5788838968939447,6,0,0,nan,nan,nan,2,True,0.10315409999748226,0.0,0.0,0.003785028874958815,212.8983604354667,255.64318797665152,3.8683701910815635,True,True,True,45.0,45,45,40.0,40,40,5.0,5,5,11.5,11,12,11.5,11,12,0.0,0,0,0.0,0,0,0.0,0,0,0.0,0,0,0.0,0,0
poorly_conditioned,one_station_gap,causal_prefix_batch,True,4.5,2,2,0,1.0,0.34238022750665303,1.0,2,1.0,0.34238022750665303,1.0,{},0.3291675864031058,0.3762897922004447,0.09853288302471523,0.13215644854945052,2,2,1.0,0.34238022750665303,1.0,1.0,0.34238022750665303,1.0,2,linear,whole_base_sequence,1.8920206378258286,2.1420389664404533,6,0,0,nan,nan,nan,2,True,0.11806624999735504,0.0,0.0,0.002785639096193013,220.00934341500442,225.34871054265022,4.425125971751172,True,True,True,45.0,45,45,40.0,40,40,5.0,5,5,13.0,13,13,13.0,13,13,0.0,0,0,0.0,0,0,0.0,0,0,0.0,0,0,0.0,0,0
poorly_conditioned,one_station_gap,causal_prefix_batch,True,5.0,2,2,0,1.0,0.34238022750665303,1.0,2,1.0,0.34238022750665303,1.0,{},0.591334664185207,0.615193429552231,0.21293560435417283,0.23471584125632328,2,2,1.0,0.34238022750665303,1.0,1.0,0.34238022750665303,1.0,2,linear,whole_base_sequence,2.648070311498306,2.903048562051761,6,0,0,nan,nan,nan,2,True,0.11751619999995455,0.0,0.0,0.0021268480402241393,269.9078335491536,274.426771052789,4.868657656895602,True,True,True,45.0,45,45,40.0,40,40,5.0,5,5,14.0,14,14,14.0,14,14,0.0,0,0,0.0,0,0,0.0,0,0,0.0,0,0,0.0,0,0
poorly_conditioned,one_station_gap,causal_prefix_batch,True,5.5,2,2,0,1.0,0.34238022750665303,1.0,2,1.0,0.34238022750665303,1.0,{},0.7174787530322383,0.8300895879256199,0.1787935522202048,0.23153441229388597,2,2,1.0,0.34238022750665303,1.0,1.0,0.34238022750665303,1.0,2,linear,whole_base_sequence,2.519200370301286,2.5905211011663836,6,0,0,nan,nan,nan,2,True,0.11062209999363404,0.0,0.0,0.0016616889436208114,360.6644424211696,376.80916763452467,5.152266403672641,True,True,True,45.0,45,45,40.0,40,40,5.0,5,5,15.0,15,15,15.0,15,15,0.0,0,0,0.0,0,0,0.0,0,0,0.0,0,0,0.0,0,0
poorly_conditioned,one_station_gap,causal_prefix_batch,True,6.0,2,2,0,1.0,0.34238022750665303,1.0,2,1.0,0.34238022750665303,1.0,{},0.6267922714841923,0.8386504990126278,0.16277788106939958,0.21255718724185169,2,2,1.0,0.34238022750665303,1.0,1.0,0.34238022750665303,1.0,2,linear,whole_base_sequence,2.2892321731026044,2.5067538702555505,6,0,0,nan,nan,nan,2,True,0.11305949999950826,0.0,0.0,0.0013288473709698987,376.5535599124795,385.9420877395347,5.79961208522639,True,True,True,45.0,45,45,40.0,40,40,5.0,5,5,16.5,16,17,16.5,16,17,0.0,0,0,0.0,0,0,0.0,0,0,0.0,0,0,0.0,0,0
poorly_conditioned,one_station_gap,causal_prefix_batch,True,6.5,2,2,0,1.0,0.34238022750665303,1.0,2,1.0,0.34238022750665303,1.0,{},0.784501391897268,1.05147607353997,0.17148012955129183,0.2247503508919527,2,2,1.0,0.34238022750665303,1.0,1.0,0.34238022750665303,1.0,2,linear,whole_base_sequence,3.282366890011843,4.393709832384578,6,0,0,nan,nan,nan,2,True,0.13419944999623112,0.0,0.0,0.001083242908649645,473.43340769234203,581.7267905829746,6.2684021152214005,True,True,True,45.0,45,45,40.0,40,40,5.0,5,5,17.5,17,18,17.5,17,18,0.0,0,0,0.0,0,0,0.0,0,0,0.0,0,0,0.0,0,0
poorly_conditioned,one_station_gap,causal_prefix_batch,True,7.0,2,2,0,1.0,0.34238022750665303,1.0,2,1.0,0.34238022750665303,1.0,{},0.7861907121424252,0.8905958168981387,0.1686801704435227,0.17217001214236044,2,2,1.0,0.34238022750665303,1.0,1.0,0.34238022750665303,1.0,2,linear,whole_base_sequence,3.71319829191327,4.643517100050006,6,0,0,nan,nan,nan,2,True,0.1503670499805594,0.0,0.0,0.0008938927102984853,545.9905188581292,583.32724637165,6.705398745234682,True,True,True,45.0,45,45,40.0,40,40,5.0,5,5,19.0,19,19,19.0,19,19,0.0,0,0,0.0,0,0,0.0,0,0,0.0,0,0,0.0,0,0
poorly_conditioned,one_station_gap,causal_prefix_batch,True,7.5,2,2,0,1.0,0.34238022750665303,1.0,2,1.0,0.34238022750665303,1.0,{},0.8216085405759621,0.9536465854638877,0.13117032373506163,0.15593041415762204,2,2,1.0,0.34238022750665303,1.0,1.0,0.34238022750665303,1.0,2,linear,whole_base_sequence,6.943531575562465,9.338963303299668,6,0,0,nan,nan,nan,2,True,0.17431779998878483,0.0,0.0,0.0007466192970143623,312.3921763375978,341.97034228202267,7.425735637315307,True,True,True,45.0,45,45,40.0,40,40,5.0,5,5,21.5,21,22,21.5,21,22,0.0,0,0,0.0,0,0,0.0,0,0,0.0,0,0,0.0,0,0
poorly_conditioned,one_station_gap,causal_prefix_batch,True,8.0,2,2,0,1.0,0.34238022750665303,1.0,2,1.0,0.34238022750665303,1.0,{},0.761779554429299,1.0072052268911564,0.12259647042506121,0.16452724142533245,2,2,1.0,0.34238022750665303,1.0,1.0,0.34238022750665303,1.0,2,linear,whole_base_sequence,5.567706300409369,8.614210620384412,6,0,0,nan,nan,nan,2,True,0.18667499998991843,0.0,0.0,0.0006289009809455676,344.7118211414163,358.997946828972,7.908114069620163,True,True,True,45.0,45,45,40.0,40,40,5.0,5,5,23.0,23,23,23.0,23,23,0.0,0,0,0.0,0,0,0.0,0,0,0.0,0,0,0.0,0,0
poorly_conditioned,one_station_gap,causal_prefix_batch,True,8.5,2,2,0,1.0,0.34238022750665303,1.0,2,1.0,0.34238022750665303,1.0,{},0.5670581747826837,0.7455408613868116,0.10303834878768789,0.137587980581742,2,2,1.0,0.34238022750665303,1.0,1.0,0.34238022750665303,1.0,2,linear,whole_base_sequence,3.9226352627405996,5.434967900369918,6,0,0,nan,nan,nan,2,True,0.19779814999492373,0.0,0.0,0.0005337280495643675,328.64096032461595,344.62399849361367,8.452543436121086,True,True,True,45.0,45,45,40.0,40,40,5.0,5,5,25.0,25,25,25.0,25,25,0.0,0,0,0.0,0,0,0.0,0,0,0.0,0,0,0.0,0,0
poorly_conditioned,one_station_gap,causal_prefix_batch,True,9.0,2,2,0,1.0,0.34238022750665303,1.0,2,1.0,0.34238022750665303,1.0,{},0.5584890134300622,0.7225772625235838,0.09036435326497114,0.11992232566559483,2,2,1.0,0.34238022750665303,1.0,1.0,0.34238022750665303,1.0,2,linear,whole_base_sequence,4.112924887186961,5.4318725787629045,6,0,0,nan,nan,nan,2,True,0.20750585000496358,0.0,0.0,0.0004559700219853791,377.7180493080107,398.21790661695115,8.970861479749196,True,True,True,45.0,45,45,40.0,40,40,5.0,5,5,27.0,27,27,27.0,27,27,0.0,0,0,0.0,0,0,0.0,0,0,0.0,0,0,0.0,0,0
poorly_conditioned,one_station_gap,causal_prefix_batch,True,9.5,2,2,0,1.0,0.34238022750665303,1.0,2,1.0,0.34238022750665303,1.0,{},0.6068210239442269,0.7784720823642826,0.09602955360345723,0.12483922251749197,2,2,1.0,0.34238022750665303,1.0,1.0,0.34238022750665303,1.0,2,linear,whole_base_sequence,5.548108657553973,7.482604813927085,6,0,0,nan,nan,nan,2,True,0.20957785000791773,0.0,0.0,0.0003912577565163365,393.373302133165,401.42932431384816,9.432187238904602,True,True,True,45.0,45,45,40.0,40,40,5.0,5,5,28.5,28,29,28.5,28,29,0.0,0,0,0.0,0,0,0.0,0,0,0.0,0,0,0.0,0,0
poorly_conditioned,one_station_gap,initial_batch_no_updates,True,0.0,2,0,2,0.0,0.0,0.6576197724933469,0,0.0,0.0,0.6576197724933469,"{""not_initialized"": 2}",nan,nan,nan,nan,0,2,nan,nan,nan,0.0,0.0,0.6576197724933469,0,linear,whole_base_sequence,nan,nan,6,0,0,nan,nan,nan,2,True,2.0500010577961802e-06,0.0,nan,nan,nan,nan,nan,True,True,True,45.0,45,45,40.0,40,40,5.0,5,5,0.0,0,0,0.0,0,0,0.0,0,0,0.0,0,0,0.0,0,0,0.0,0,0,0.0,0,0
poorly_conditioned,one_station_gap,initial_batch_no_updates,True,0.5,2,0,2,0.0,0.0,0.6576197724933469,0,0.0,0.0,0.6576197724933469,"{""not_initialized"": 2}",nan,nan,nan,nan,0,2,nan,nan,nan,0.0,0.0,0.6576197724933469,0,linear,whole_base_sequence,nan,nan,6,0,0,nan,nan,nan,2,True,1.1499796528369188e-06,0.0,nan,nan,nan,nan,nan,True,True,True,45.0,45,45,40.0,40,40,5.0,5,5,0.0,0,0,0.0,0,0,0.0,0,0,0.0,0,0,0.0,0,0,0.0,0,0,0.0,0,0
poorly_conditioned,one_station_gap,initial_batch_no_updates,True,1.0,2,0,2,0.0,0.0,0.6576197724933469,0,0.0,0.0,0.6576197724933469,"{""not_initialized"": 2}",nan,nan,nan,nan,0,2,nan,nan,nan,0.0,0.0,0.6576197724933469,0,linear,whole_base_sequence,nan,nan,6,0,0,nan,nan,nan,2,True,1.8500140868127346e-06,0.0,nan,nan,nan,nan,0.876206866256791,True,True,True,45.0,45,45,40.0,40,40,5.0,5,5,1.5,1,2,0.0,0,0,0.0,0,0,0.0,0,0,0.0,0,0,0.0,0,0,1.5,1,2
poorly_conditioned,one_station_gap,initial_batch_no_updates,True,1.5,2,0,2,0.0,0.0,0.6576197724933469,0,0.0,0.0,0.6576197724933469,"{""not_initialized"": 2}",nan,nan,nan,nan,0,2,nan,nan,nan,0.0,0.0,0.6576197724933469,0,linear,whole_base_sequence,nan,nan,6,0,0,nan,nan,nan,2,True,4.3000036384910345e-06,0.0,nan,nan,nan,nan,1.273375333468253,True,True,True,45.0,45,45,40.0,40,40,5.0,5,5,3.0,3,3,0.0,0,0,0.0,0,0,0.0,0,0,0.0,0,0,0.0,0,0,3.0,3,3
poorly_conditioned,one_station_gap,initial_batch_no_updates,True,10.0,2,2,0,1.0,0.34238022750665303,1.0,2,1.0,0.34238022750665303,1.0,{},6.50701462560836,7.979106613952275,0.7217558945854978,0.8814584465528613,2,2,1.0,0.34238022750665303,1.0,1.0,0.34238022750665303,1.0,2,linear,whole_base_sequence,2.205379621033774,2.29557257836352,6,0,0,nan,nan,nan,2,True,0.00013099999341648072,0.0,0.0,0.0005810331826488572,148921.27064621437,151830.19654604563,9.800091873010803,True,True,True,45.0,45,45,40.0,40,40,5.0,5,5,30.0,30,30,6.0,6,6,6.0,6,6,0.0,0,0,0.0,0,0,0.0,0,0,24.0,24,24
poorly_conditioned,one_station_gap,initial_batch_no_updates,True,10.5,2,2,0,1.0,0.34238022750665303,1.0,2,1.0,0.34238022750665303,1.0,{},6.86733008814311,8.419505761283297,0.7217558945854978,0.8814584465528613,2,2,1.0,0.34238022750665303,1.0,1.0,0.34238022750665303,1.0,2,linear,whole_base_sequence,2.2053796210339,2.2955725783634544,6,0,0,nan,nan,nan,2,True,0.00011690000246744603,0.0,0.0,0.0005224962266551625,183874.78139693884,187492.78431120442,10.447193474048678,True,True,True,45.0,45,45,40.0,40,40,5.0,5,5,32.0,31,33,6.0,6,6,6.0,6,6,0.0,0,0,0.0,0,0,0.0,0,0,26.0,25,27
poorly_conditioned,one_station_gap,initial_batch_no_updates,True,11.0,2,2,0,1.0,0.34238022750665303,1.0,2,1.0,0.34238022750665303,1.0,{},7.227701676662822,8.859937820715647,0.7217558945854978,0.8814584465528613,2,2,1.0,0.34238022750665303,1.0,1.0,0.34238022750665303,1.0,2,linear,whole_base_sequence,2.2053796210337535,2.2955725783634224,6,0,0,nan,nan,nan,2,True,0.00010394999117124826,0.0,0.0,0.0004723488455647711,224676.1253832456,229126.01647949102,10.890077549911041,True,True,True,45.0,45,45,40.0,40,40,5.0,5,5,34.0,34,34,6.0,6,6,6.0,6,6,0.0,0,0,0.0,0,0,0.0,0,0,28.0,28,28
poorly_conditioned,one_station_gap,initial_batch_no_updates,True,11.5,2,2,0,1.0,0.34238022750665303,1.0,2,1.0,0.34238022750665303,1.0,{},7.588121394642958,9.300398105769125,0.7217558945854978,0.8814584465528613,2,2,1.0,0.34238022750665303,1.0,1.0,0.34238022750665303,1.0,2,linear,whole_base_sequence,2.205379621033858,2.2955725783635157,6,0,0,nan,nan,nan,2,True,0.00014184998872224241,0.0,0.0,0.000429066310705003,271946.5254396718,277364.5846841143,11.488009157249133,True,True,True,45.0,45,45,40.0,40,40,5.0,5,5,36.5,36,37,6.0,6,6,6.0,6,6,0.0,0,0,0.0,0,0,0.0,0,0,30.5,30,31
poorly_conditioned,one_station_gap,initial_batch_no_updates,True,12.0,2,2,0,1.0,0.34238022750665303,1.0,2,1.0,0.34238022750665303,1.0,{},7.948582694954241,9.740882779025283,0.7217558945854978,0.8814584465528613,2,2,1.0,0.34238022750665303,1.0,1.0,0.34238022750665303,1.0,2,linear,whole_base_sequence,2.2053796210336545,2.2955725783632532,6,0,0,nan,nan,nan,2,True,0.00013440000475384295,0.0,0.0,0.00039145414580479826,326338.6962988605,332875.3756445754,11.656786049906215,True,True,True,45.0,45,45,40.0,40,40,5.0,5,5,37.0,37,37,6.0,6,6,6.0,6,6,0.0,0,0,0.0,0,0,0.0,0,0,31.0,31,31
poorly_conditioned,one_station_gap,initial_batch_no_updates,True,12.5,2,2,0,1.0,0.34238022750665303,1.0,2,1.0,0.34238022750665303,1.0,{},8.309080165872652,10.181388668254252,0.7217558945854978,0.8814584465528613,2,2,1.0,0.34238022750665303,1.0,1.0,0.34238022750665303,1.0,2,linear,whole_base_sequence,2.205379621033829,2.2955725783633754,6,0,0,nan,nan,nan,2,True,0.00014859998191241175,0.0,0.0,0.0003585661013308167,388536.8445798643,396357.4711490804,12.42245445418702,True,True,True,45.0,45,45,40.0,40,40,5.0,5,5,40.0,40,40,6.0,6,6,6.0,6,6,0.0,0,0,0.0,0,0,0.0,0,0,34.0,34,34
poorly_conditioned,one_station_gap,initial_batch_no_updates,True,14.5,2,2,0,1.0,0.34238022750665303,1.0,2,1.0,0.34238022750665303,1.0,{},9.751351518493845,11.943577345039502,0.7217558945854978,0.8814584465528613,2,2,1.0,0.34238022750665303,1.0,1.0,0.34238022750665303,1.0,2,linear,whole_base_sequence,2.2053796210335577,2.2955725783634118,6,0,0,nan,nan,nan,2,True,8.915000944398344e-05,0.0,0.0,0.00026110685092815253,730175.56068316,745107.3627169493,12.42245445418702,True,True,True,45.0,45,45,40.0,40,40,5.0,5,5,40.0,40,40,6.0,6,6,6.0,6,6,0.0,0,0,0.0,0,0,0.0,0,0,34.0,34,34
poorly_conditioned,one_station_gap,initial_batch_no_updates,True,2.0,2,0,2,0.0,0.0,0.6576197724933469,0,0.0,0.0,0.6576197724933469,"{""not_initialized"": 2}",nan,nan,nan,nan,0,2,nan,nan,nan,0.0,0.0,0.6576197724933469,0,linear,whole_base_sequence,nan,nan,6,0,0,nan,nan,nan,2,True,3.349996404722333e-06,0.0,nan,nan,nan,nan,1.789013239817778,True,True,True,45.0,45,45,40.0,40,40,5.0,5,5,5.0,5,5,0.0,0,0,0.0,0,0,0.0,0,0,0.0,0,0,0.0,0,0,5.0,5,5
poorly_conditioned,one_station_gap,initial_batch_no_updates,True,2.5,2,2,0,1.0,0.34238022750665303,1.0,2,1.0,0.34238022750665303,1.0,{},1.1455939924326612,1.3984919729073175,0.7217558945854978,0.8814584465528613,2,2,1.0,0.34238022750665303,1.0,1.0,0.34238022750665303,1.0,2,linear,whole_base_sequence,2.205379621033808,2.295572578363561,6,0,0,nan,nan,nan,2,True,0.00011994999658782035,0.0,0.0,0.013752674450740122,292.17715455123965,295.28327851837014,2.4132316630875192,True,True,True,45.0,45,45,40.0,40,40,5.0,5,5,6.5,6,7,6.0,6,6,6.0,6,6,0.0,0,0,0.0,0,0,0.0,0,0,0.5,0,1
poorly_conditioned,one_station_gap,initial_batch_no_updates,True,3.0,2,2,0,1.0,0.34238022750665303,1.0,2,1.0,0.34238022750665303,1.0,{},1.4914362245384438,1.8304110095776005,0.7217558945854978,0.8814584465528613,2,2,1.0,0.34238022750665303,1.0,1.0,0.34238022750665303,1.0,2,linear,whole_base_sequence,2.2053796210338037,2.2955725783635637,6,0,0,nan,nan,nan,2,True,0.00011419999646022916,0.0,0.0,0.009068866762465792,660.4798509982586,668.5793385618665,2.8451971048492903,True,True,True,45.0,45,45,40.0,40,40,5.0,5,5,9.0,9,9,6.0,6,6,6.0,6,6,0.0,0,0,0.0,0,0,0.0,0,0,3.0,3,3
poorly_conditioned,one_station_gap,initial_batch_no_updates,True,3.5,2,2,0,1.0,0.34238022750665303,1.0,2,1.0,0.34238022750665303,1.0,{},1.843052960149991,2.265715734197049,0.7217558945854978,0.8814584465528613,2,2,1.0,0.34238022750665303,1.0,1.0,0.34238022750665303,1.0,2,linear,whole_base_sequence,2.205379621033787,2.29557257836353,6,0,0,nan,nan,nan,2,True,0.0001306999911321327,0.0,0.0,0.006326977255031778,1337.2816697981007,1355.5364676722759,3.3189902538595284,True,True,True,45.0,45,45,40.0,40,40,5.0,5,5,10.5,10,11,6.0,6,6,6.0,6,6,0.0,0,0,0.0,0,0,0.0,0,0,4.5,4,5
poorly_conditioned,one_station_gap,initial_batch_no_updates,True,4.0,2,2,0,1.0,0.34238022750665303,1.0,2,1.0,0.34238022750665303,1.0,{},2.19767427105434,2.702780093282616,0.7217558945854978,0.8814584465528613,2,2,1.0,0.34238022750665303,1.0,1.0,0.34238022750665303,1.0,2,linear,whole_base_sequence,2.205379621033806,2.295572578363588,6,0,0,nan,nan,nan,2,True,0.00013810000382363796,0.0,0.0,0.004626695767087807,2471.4374939731388,2507.9308338048854,3.8683701910815635,True,True,True,45.0,45,45,40.0,40,40,5.0,5,5,11.5,11,12,6.0,6,6,6.0,6,6,0.0,0,0,0.0,0,0,0.0,0,0,5.5,5,6
poorly_conditioned,one_station_gap,initial_batch_no_updates,True,4.5,2,2,0,1.0,0.34238022750665303,1.0,2,1.0,0.34238022750665303,1.0,{},2.5540489374863786,3.140871066285881,0.7217558945854978,0.8814584465528613,2,2,1.0,0.34238022750665303,1.0,1.0,0.34238022750665303,1.0,2,linear,whole_base_sequence,2.2053796210337975,2.2955725783635694,6,0,0,nan,nan,nan,2,True,0.00013064999075140804,0.0,0.0,0.003514305318611853,4243.287831943845,4309.727175706821,4.425125971751172,True,True,True,45.0,45,45,40.0,40,40,5.0,5,5,13.0,13,13,6.0,6,6,6.0,6,6,0.0,0,0,0.0,0,0,0.0,0,0,7.0,7,7
poorly_conditioned,one_station_gap,initial_batch_no_updates,True,5.0,2,2,0,1.0,0.34238022750665303,1.0,2,1.0,0.34238022750665303,1.0,{},2.9115331930412216,3.5796117226241955,0.7217558945854978,0.8814584465528613,2,2,1.0,0.34238022750665303,1.0,1.0,0.34238022750665303,1.0,2,linear,whole_base_sequence,2.2053796210337855,2.295572578363555,6,0,0,nan,nan,nan,2,True,0.00010544998804107308,0.0,0.0,0.0027524440424637046,6864.662768470129,6977.082906004949,4.868657656895602,True,True,True,45.0,45,45,40.0,40,40,5.0,5,5,14.0,14,14,6.0,6,6,6.0,6,6,0.0,0,0,0.0,0,0,0.0,0,0,8.0,8,8
poorly_conditioned,one_station_gap,initial_batch_no_updates,True,5.5,2,2,0,1.0,0.34238022750665303,1.0,2,1.0,0.34238022750665303,1.0,{},3.2697631227614607,4.018789024407561,0.7217558945854978,0.8814584465528613,2,2,1.0,0.34238022750665303,1.0,1.0,0.34238022750665303,1.0,2,linear,whole_base_sequence,2.2053796210338357,2.2955725783636343,6,0,0,nan,nan,nan,2,True,0.0001393999846186489,0.0,0.0,0.0022102715689149995,10578.88333752266,10758.349543269396,5.152266403672641,True,True,True,45.0,45,45,40.0,40,40,5.0,5,5,15.0,15,15,6.0,6,6,6.0,6,6,0.0,0,0,0.0,0,0,0.0,0,0,9.0,9,9
poorly_conditioned,one_station_gap,initial_batch_no_updates,True,6.0,2,2,0,1.0,0.34238022750665303,1.0,2,1.0,0.34238022750665303,1.0,{},3.6285178805464313,4.458273690171609,0.7217558945854978,0.8814584465528613,2,2,1.0,0.34238022750665303,1.0,1.0,0.34238022750665303,1.0,2,linear,whole_base_sequence,2.205379621033814,2.295572578363597,6,0,0,nan,nan,nan,2,True,0.00012484999024309218,0.0,0.0,0.0018118712020993482,15660.762043093018,15934.07325556959,5.79961208522639,True,True,True,45.0,45,45,40.0,40,40,5.0,5,5,16.5,16,17,6.0,6,6,6.0,6,6,0.0,0,0,0.0,0,0,0.0,0,0,10.5,10,11
poorly_conditioned,one_station_gap,initial_batch_no_updates,True,6.5,2,2,0,1.0,0.34238022750665303,1.0,2,1.0,0.34238022750665303,1.0,{},3.987655818347926,4.89798279640598,0.7217558945854978,0.8814584465528613,2,2,1.0,0.34238022750665303,1.0,1.0,0.34238022750665303,1.0,2,linear,whole_base_sequence,2.2053796210337655,2.2955725783635286,6,0,0,nan,nan,nan,2,True,0.0001302499877056107,0.0,0.0,0.0015111119106415965,22416.603076047057,22816.995086256546,6.2684021152214005,True,True,True,45.0,45,45,40.0,40,40,5.0,5,5,17.5,17,18,6.0,6,6,6.0,6,6,0.0,0,0,0.0,0,0,0.0,0,0,11.5,11,12
poorly_conditioned,one_station_gap,initial_batch_no_updates,True,7.0,2,2,0,1.0,0.34238022750665303,1.0,2,1.0,0.34238022750665303,1.0,{},4.34708196695754,5.337860741581929,0.7217558945854978,0.8814584465528613,2,2,1.0,0.34238022750665303,1.0,1.0,0.34238022750665303,1.0,2,linear,whole_base_sequence,2.2053796210338286,2.295572578363564,6,0,0,nan,nan,nan,2,True,0.00013265000598039478,0.0,0.0,0.0012788027426603183,31184.202412021266,31752.051055423446,6.705398745234682,True,True,True,45.0,45,45,40.0,40,40,5.0,5,5,19.0,19,19,6.0,6,6,6.0,6,6,0.0,0,0,0.0,0,0,0.0,0,0,13.0,13,13
poorly_conditioned,one_station_gap,initial_batch_no_updates,True,7.5,2,2,0,1.0,0.34238022750665303,1.0,2,1.0,0.34238022750665303,1.0,{},4.706730299791479,5.7778688651222625,0.7217558945854978,0.8814584465528613,2,2,1.0,0.34238022750665303,1.0,1.0,0.34238022750665303,1.0,2,linear,whole_base_sequence,2.205379621033865,2.29557257836362,6,0,0,nan,nan,nan,2,True,0.00013139999646227807,0.0,0.0,0.0010958084919599645,42332.84785906197,43116.372209257795,7.425735637315307,True,True,True,45.0,45,45,40.0,40,40,5.0,5,5,21.5,21,22,6.0,6,6,6.0,6,6,0.0,0,0,0.0,0,0,0.0,0,0,15.5,15,16
poorly_conditioned,one_station_gap,initial_batch_no_updates,True,8.0,2,2,0,1.0,0.34238022750665303,1.0,2,1.0,0.34238022750665303,1.0,{},5.066553501956481,6.217979459520732,0.7217558945854978,0.8814584465528613,2,2,1.0,0.34238022750665303,1.0,1.0,0.34238022750665303,1.0,2,linear,whole_base_sequence,2.2053796210338956,2.29557257836367,6,0,0,nan,nan,nan,2,True,0.0001152500044554472,0.0,0.0,0.0009491937991402246,56263.31908243878,57319.284644899875,7.908114069620163,True,True,True,45.0,45,45,40.0,40,40,5.0,5,5,23.0,23,23,6.0,6,6,6.0,6,6,0.0,0,0,0.0,0,0,0.0,0,0,17.0,17,17
poorly_conditioned,one_station_gap,initial_batch_no_updates,True,8.5,2,2,0,1.0,0.34238022750665303,1.0,2,1.0,0.34238022750665303,1.0,{},5.4265167876902645,6.658172151867613,0.7217558945854978,0.8814584465528613,2,2,1.0,0.34238022750665303,1.0,1.0,0.34238022750665303,1.0,2,linear,whole_base_sequence,2.2053796210338303,2.2955725783635605,6,0,0,nan,nan,nan,2,True,0.00013934999878983945,0.0,0.0,0.000829975849420503,73407.88761760682,74802.30952301386,8.452543436121086,True,True,True,45.0,45,45,40.0,40,40,5.0,5,5,25.0,25,25,6.0,6,6,6.0,6,6,0.0,0,0,0.0,0,0,0.0,0,0,19.0,19,19
poorly_conditioned,one_station_gap,initial_batch_no_updates,True,9.0,2,2,0,1.0,0.34238022750665303,1.0,2,1.0,0.34238022750665303,1.0,{},5.786594014760787,7.098431629650537,0.7217558945854978,0.8814584465528613,2,2,1.0,0.34238022750665303,1.0,1.0,0.34238022750665303,1.0,2,linear,whole_base_sequence,2.2053796210337984,2.2955725783635654,6,0,0,nan,nan,nan,2,True,0.00012840000272262841,0.0,0.0,0.000731767229691697,94230.31687818709,96039.16307948006,8.970861479749196,True,True,True,45.0,45,45,40.0,40,40,5.0,5,5,27.0,27,27,6.0,6,6,6.0,6,6,0.0,0,0,0.0,0,0,0.0,0,0,21.0,21,21
poorly_conditioned,one_station_gap,initial_batch_no_updates,True,9.5,2,2,0,1.0,0.34238022750665303,1.0,2,1.0,0.34238022750665303,1.0,{},6.146765159165513,7.53874616264765,0.7217558945854978,0.8814584465528613,2,2,1.0,0.34238022750665303,1.0,1.0,0.34238022750665303,1.0,2,linear,whole_base_sequence,2.205379621033762,2.29557257836354,6,0,0,nan,nan,nan,2,True,8.830000297166407e-05,0.0,0.0,0.0006499299820769611,119225.86216071731,121535.7566256933,9.432187238904602,True,True,True,45.0,45,45,40.0,40,40,5.0,5,5,28.5,28,29,6.0,6,6,6.0,6,6,0.0,0,0,0.0,0,0,0.0,0,0,22.5,22,23
poorly_conditioned,one_station_gap,offline_full_record_noncausal,False,14.5,2,2,0,1.0,0.34238022750665303,1.0,2,1.0,0.34238022750665303,1.0,{},0.673982891587187,0.7702560531738915,0.06650324828787892,0.07505547991785544,2,2,1.0,0.34238022750665303,1.0,1.0,0.34238022750665303,1.0,2,linear,whole_base_sequence,5.565660533523577,6.23562210406869,6,0,0,nan,nan,nan,2,True,0.32749424999929033,0.0,0.0,0.00010455383358190175,1667.903546462503,1776.6739299200253,12.42245445418702,True,True,True,45.0,45,45,40.0,40,40,5.0,5,5,40.0,40,40,40.0,40,40,0.0,0,0,0.0,0,0,0.0,0,0,0.0,0,0,0.0,0,0
poorly_conditioned,one_station_gap,retarded_ekf,True,0.0,2,0,2,0.0,0.0,0.6576197724933469,0,0.0,0.0,0.6576197724933469,"{""not_initialized"": 2}",nan,nan,nan,nan,0,2,nan,nan,nan,0.0,0.0,0.6576197724933469,0,linear,whole_base_sequence,nan,nan,6,0,0,nan,nan,nan,2,True,2.039998071268201e-05,0.0,nan,nan,nan,nan,nan,True,True,True,45.0,45,45,40.0,40,40,5.0,5,5,0.0,0,0,0.0,0,0,0.0,0,0,0.0,0,0,0.0,0,0,0.0,0,0,0.0,0,0
poorly_conditioned,one_station_gap,retarded_ekf,True,0.5,2,0,2,0.0,0.0,0.6576197724933469,0,0.0,0.0,0.6576197724933469,"{""not_initialized"": 2}",nan,nan,nan,nan,0,2,nan,nan,nan,0.0,0.0,0.6576197724933469,0,linear,whole_base_sequence,nan,nan,6,0,0,nan,nan,nan,2,True,1.1449999874457717e-05,0.0,nan,nan,nan,nan,nan,True,True,True,45.0,45,45,40.0,40,40,5.0,5,5,0.0,0,0,0.0,0,0,0.0,0,0,0.0,0,0,0.0,0,0,0.0,0,0,0.0,0,0
poorly_conditioned,one_station_gap,retarded_ekf,True,1.0,2,0,2,0.0,0.0,0.6576197724933469,0,0.0,0.0,0.6576197724933469,"{""not_initialized"": 2}",nan,nan,nan,nan,0,2,nan,nan,nan,0.0,0.0,0.6576197724933469,0,linear,whole_base_sequence,nan,nan,6,0,0,nan,nan,nan,2,True,0.000105950006400235,0.0,nan,nan,nan,nan,0.876206866256791,True,True,True,45.0,45,45,40.0,40,40,5.0,5,5,1.5,1,2,0.0,0,0,0.0,0,0,0.0,0,0,0.0,0,0,0.0,0,0,1.5,1,2
poorly_conditioned,one_station_gap,retarded_ekf,True,1.5,2,0,2,0.0,0.0,0.6576197724933469,0,0.0,0.0,0.6576197724933469,"{""not_initialized"": 2}",nan,nan,nan,nan,0,2,nan,nan,nan,0.0,0.0,0.6576197724933469,0,linear,whole_base_sequence,nan,nan,6,0,0,nan,nan,nan,2,True,0.00014904998533893377,0.0,nan,nan,nan,nan,1.273375333468253,True,True,True,45.0,45,45,40.0,40,40,5.0,5,5,3.0,3,3,0.0,0,0,0.0,0,0,0.0,0,0,0.0,0,0,0.0,0,0,3.0,3,3
poorly_conditioned,one_station_gap,retarded_ekf,True,10.0,2,2,0,1.0,0.34238022750665303,1.0,2,1.0,0.34238022750665303,1.0,{},0.5564123847609139,0.7172786507540927,0.08284597708842757,0.10572984847497086,2,2,1.0,0.34238022750665303,1.0,1.0,0.34238022750665303,1.0,2,linear,whole_base_sequence,4.811498457993621,6.53451199859118,6,3,0,0.949855179044392,1.476149480124975,1.0,2,True,0.001962700014701113,0.000710450010956265,0.0,0.0003356642971725699,466.6320614258273,496.13013454263586,9.800091873010803,True,True,True,45.0,45,45,40.0,40,40,5.0,5,5,30.0,30,30,30.0,30,30,6.0,6,6,24.0,24,24,0.0,0,0,0.0,0,0,0.0,0,0
poorly_conditioned,one_station_gap,retarded_ekf,True,10.5,2,2,0,1.0,0.34238022750665303,1.0,2,1.0,0.34238022750665303,1.0,{},0.549551686657829,0.5561406879677834,0.08470267616449337,0.08506486854096361,2,2,1.0,0.34238022750665303,1.0,1.0,0.34238022750665303,1.0,2,linear,whole_base_sequence,5.367298085219334,6.314694799525216,6,4,0,2.203337896091839,3.9089316928153757,1.0,2,True,0.004036350001115352,0.0014610500074923038,0.0,0.00028993254483092334,472.8823256384601,477.59583369774015,10.447193474048678,True,True,True,45.0,45,45,40.0,40,40,5.0,5,5,32.0,31,33,32.0,31,33,6.0,6,6,26.0,25,27,0.0,0,0,0.0,0,0,0.0,0,0
poorly_conditioned,one_station_gap,retarded_ekf,True,11.0,2,2,0,1.0,0.34238022750665303,1.0,2,1.0,0.34238022750665303,1.0,{},0.5151355389767871,0.5215141866823942,0.0745046681834531,0.07682046277824595,2,2,1.0,0.34238022750665303,1.0,1.0,0.34238022750665303,1.0,2,linear,whole_base_sequence,5.183865231536549,5.659849720693629,6,4,0,0.6258904776542559,1.2608306888635952,1.0,2,True,0.0033939999993890524,0.001145849993918091,0.0,0.0002515543295944621,498.7688701029406,532.6310215539916,10.890077549911041,True,True,True,45.0,45,45,40.0,40,40,5.0,5,5,34.0,34,34,34.0,34,34,6.0,6,6,28.0,28,28,0.0,0,0,0.0,0,0,0.0,0,0
poorly_conditioned,one_station_gap,retarded_ekf,True,11.5,2,2,0,1.0,0.34238022750665303,1.0,2,1.0,0.34238022750665303,1.0,{},0.6136225333000479,0.662655239376282,0.08479405812188152,0.0893018734368192,2,2,1.0,0.34238022750665303,1.0,1.0,0.34238022750665303,1.0,2,linear,whole_base_sequence,5.262335713330611,5.867295271654779,6,5,0,2.561776946637328,3.414532122997549,1.0,2,True,0.004547550008282997,0.001569549975101836,0.0,0.0002190793907802824,530.4038937477701,540.1195841746497,11.488009157249133,True,True,True,45.0,45,45,40.0,40,40,5.0,5,5,36.5,36,37,36.5,36,37,6.0,6,6,30.5,30,31,0.0,0,0,0.0,0,0,0.0,0,0
poorly_conditioned,one_station_gap,retarded_ekf,True,12.0,2,2,0,1.0,0.34238022750665303,1.0,2,1.0,0.34238022750665303,1.0,{},0.655649174066506,0.7061521587501666,0.08377324753672327,0.08919206474479373,2,2,1.0,0.34238022750665303,1.0,1.0,0.34238022750665303,1.0,2,linear,whole_base_sequence,5.512955786549354,5.892357278976553,6,1,0,0.8798153500684828,0.8798153500684828,1.0,2,True,0.0013138499925844371,0.00042039999971166253,0.0,0.00019163820210353407,652.4322241331097,698.402388748398,11.656786049906215,True,True,True,45.0,45,45,40.0,40,40,5.0,5,5,37.0,37,37,37.0,37,37,6.0,6,6,31.0,31,31,0.0,0,0,0.0,0,0,0.0,0,0
poorly_conditioned,one_station_gap,retarded_ekf,True,12.5,2,2,0,1.0,0.34238022750665303,1.0,2,1.0,0.34238022750665303,1.0,{},0.548299986066016,0.6285372423926909,0.0668368303242992,0.07538029502761157,2,2,1.0,0.34238022750665303,1.0,1.0,0.34238022750665303,1.0,2,linear,whole_base_sequence,5.5767171168163205,6.265475031408908,6,6,0,2.007835072876477,3.826787229630143,1.0,2,True,0.006432050009607337,0.001966349984286353,0.0,0.00016816352027587784,675.5084638842636,724.5761280365712,12.42245445418702,True,True,True,45.0,45,45,40.0,40,40,5.0,5,5,40.0,40,40,40.0,40,40,6.0,6,6,34.0,34,34,0.0,0,0,0.0,0,0,0.0,0,0
poorly_conditioned,one_station_gap,retarded_ekf,True,14.5,2,2,0,1.0,0.34238022750665303,1.0,2,1.0,0.34238022750665303,1.0,{},0.6766626885589331,0.7739141021258904,0.0668368303242992,0.07538029502761157,2,2,1.0,0.34238022750665303,1.0,1.0,0.34238022750665303,1.0,2,linear,whole_base_sequence,5.576717116816015,6.265475031408664,6,0,0,nan,nan,nan,2,True,0.0001795999996829778,0.0,0.0,0.00010447575432944013,1671.0577630966877,1789.0219997145175,12.42245445418702,True,True,True,45.0,45,45,40.0,40,40,5.0,5,5,40.0,40,40,40.0,40,40,6.0,6,6,34.0,34,34,0.0,0,0,0.0,0,0,0.0,0,0
poorly_conditioned,one_station_gap,retarded_ekf,True,2.0,2,0,2,0.0,0.0,0.6576197724933469,0,0.0,0.0,0.6576197724933469,"{""not_initialized"": 2}",nan,nan,nan,nan,0,2,nan,nan,nan,0.0,0.0,0.6576197724933469,0,linear,whole_base_sequence,nan,nan,6,0,0,nan,nan,nan,2,True,0.00046740000834688544,0.0,nan,nan,nan,nan,1.789013239817778,True,True,True,45.0,45,45,40.0,40,40,5.0,5,5,5.0,5,5,0.0,0,0,0.0,0,0,0.0,0,0,0.0,0,0,0.0,0,0,5.0,5,5
poorly_conditioned,one_station_gap,retarded_ekf,True,2.5,2,2,0,1.0,0.34238022750665303,1.0,2,1.0,0.34238022750665303,1.0,{},1.1771841211696448,1.403061110873085,0.7904769356465589,0.8906098116072215,2,2,1.0,0.34238022750665303,1.0,1.0,0.34238022750665303,1.0,2,linear,whole_base_sequence,2.3907159742865716,2.647711649543811,6,1,0,0.2591935979630717,0.2591935979630717,1.0,2,True,0.05535520000557881,0.00040425000770483166,0.0,0.013661263869445463,214.29384550505455,289.07103058410917,2.4132316630875192,True,True,True,45.0,45,45,40.0,40,40,5.0,5,5,6.5,6,7,6.5,6,7,6.0,6,6,0.5,0,1,0.0,0,0,0.0,0,0,0.0,0,0
poorly_conditioned,one_station_gap,retarded_ekf,True,3.0,2,2,0,1.0,0.34238022750665303,1.0,2,1.0,0.34238022750665303,1.0,{},1.116950621570319,1.4328530915622208,0.6355357076550044,0.8071677320509972,2,2,1.0,0.34238022750665303,1.0,1.0,0.34238022750665303,1.0,2,linear,whole_base_sequence,3.7140450765883237,4.949716169088571,6,5,0,1.4834166977978767,3.117744668440048,1.0,2,True,0.003189600000041537,0.0019398000004002824,0.0,0.007952788412079553,151.51033124713354,154.87936380875183,2.8451971048492903,True,True,True,45.0,45,45,40.0,40,40,5.0,5,5,9.0,9,9,9.0,9,9,6.0,6,6,3.0,3,3,0.0,0,0,0.0,0,0,0.0,0,0
poorly_conditioned,one_station_gap,retarded_ekf,True,3.5,2,2,0,1.0,0.34238022750665303,1.0,2,1.0,0.34238022750665303,1.0,{},1.1843305633811343,1.5465218257801592,0.5197054697707258,0.6855509236877535,2,2,1.0,0.34238022750665303,1.0,1.0,0.34238022750665303,1.0,2,linear,whole_base_sequence,3.3465407526854705,3.9029661579594936,6,3,0,2.883318919759596,3.8286444854942614,1.0,2,True,0.0018043500022031367,0.0009980000031646341,0.0,0.005332560311769569,162.87060011146284,195.23049949131118,3.3189902538595284,True,True,True,45.0,45,45,40.0,40,40,5.0,5,5,10.5,10,11,10.5,10,11,6.0,6,6,4.5,4,5,0.0,0,0,0.0,0,0,0.0,0,0
poorly_conditioned,one_station_gap,retarded_ekf,True,4.0,2,2,0,1.0,0.34238022750665303,1.0,2,1.0,0.34238022750665303,1.0,{},0.4382105815650918,0.5486841787354857,0.15080655124002157,0.17858876660380446,2,2,1.0,0.34238022750665303,1.0,1.0,0.34238022750665303,1.0,2,linear,whole_base_sequence,2.079149381275292,2.663376210270439,6,2,0,2.197542822921316,2.5648036524975932,1.0,2,True,0.0015906000044196844,0.0008085500012384728,0.0,0.003777381561895925,215.99035773976777,260.04660361731965,3.8683701910815635,True,True,True,45.0,45,45,40.0,40,40,5.0,5,5,11.5,11,12,11.5,11,12,6.0,6,6,5.5,5,6,0.0,0,0,0.0,0,0,0.0,0,0
poorly_conditioned,one_station_gap,retarded_ekf,True,4.5,2,2,0,1.0,0.34238022750665303,1.0,2,1.0,0.34238022750665303,1.0,{},0.3313587421954521,0.37640098884395495,0.0984828047801524,0.13207175588524667,2,2,1.0,0.34238022750665303,1.0,1.0,0.34238022750665303,1.0,2,linear,whole_base_sequence,1.9203684694591634,2.193295795580055,6,3,0,0.8985189424415233,1.4612822299317338,1.0,2,True,0.0024384000134887174,0.0012233999877935275,0.0,0.0027776357113762106,222.41437102537498,228.25416739133726,4.425125971751172,True,True,True,45.0,45,45,40.0,40,40,5.0,5,5,13.0,13,13,13.0,13,13,6.0,6,6,7.0,7,7,0.0,0,0,0.0,0,0,0.0,0,0
poorly_conditioned,one_station_gap,retarded_ekf,True,5.0,2,2,0,1.0,0.34238022750665303,1.0,2,1.0,0.34238022750665303,1.0,{},0.593144378625828,0.6169670009677792,0.21346202276581883,0.23548020782567558,2,2,1.0,0.34238022750665303,1.0,1.0,0.34238022750665303,1.0,2,linear,whole_base_sequence,2.6700982514177687,2.9338435902935878,6,2,0,3.3750788798137883,4.298908281271331,1.0,2,True,0.0015630500129191205,0.0007564499974250793,0.0,0.00211811682789315,270.37481830054145,275.7385629683719,4.868657656895602,True,True,True,45.0,45,45,40.0,40,40,5.0,5,5,14.0,14,14,14.0,14,14,6.0,6,6,8.0,8,8,0.0,0,0,0.0,0,0,0.0,0,0
poorly_conditioned,one_station_gap,retarded_ekf,True,5.5,2,2,0,1.0,0.34238022750665303,1.0,2,1.0,0.34238022750665303,1.0,{},0.715983508181988,0.8292269617767981,0.17869106899657045,0.2317447437942892,2,2,1.0,0.34238022750665303,1.0,1.0,0.34238022750665303,1.0,2,linear,whole_base_sequence,2.541440686193058,2.625822999998735,6,2,0,3.4695491895901363,4.027841673113786,1.0,2,True,0.0011870500020449981,0.0005692999984603375,0.0,0.0016557276894910652,363.48856326252485,379.73093923436505,5.152266403672641,True,True,True,45.0,45,45,40.0,40,40,5.0,5,5,15.0,15,15,15.0,15,15,6.0,6,6,9.0,9,9,0.0,0,0,0.0,0,0,0.0,0,0
poorly_conditioned,one_station_gap,retarded_ekf,True,6.0,2,2,0,1.0,0.34238022750665303,1.0,2,1.0,0.34238022750665303,1.0,{},0.6252239377167129,0.8367255678295243,0.16282423066544172,0.21252946842205153,2,2,1.0,0.34238022750665303,1.0,1.0,0.34238022750665303,1.0,2,linear,whole_base_sequence,2.3127113350483093,2.5167111482804567,6,3,0,0.5040077755627067,1.2138672964366186,1.0,2,True,0.002441799995722249,0.0011627500061877072,0.0,0.0013237357949862846,378.8920838679969,388.62632372976105,5.79961208522639,True,True,True,45.0,45,45,40.0,40,40,5.0,5,5,16.5,16,17,16.5,16,17,6.0,6,6,10.5,10,11,0.0,0,0,0.0,0,0,0.0,0,0
poorly_conditioned,one_station_gap,retarded_ekf,True,6.5,2,2,0,1.0,0.34238022750665303,1.0,2,1.0,0.34238022750665303,1.0,{},0.7826073081212388,1.0490841791779382,0.17099569380338098,0.22398601727068734,2,2,1.0,0.34238022750665303,1.0,1.0,0.34238022750665303,1.0,2,linear,whole_base_sequence,3.299735841939224,4.392057711373092,6,2,0,2.2441491334920385,2.591828991293904,1.0,2,True,0.00145269998756703,0.0006631499854847789,0.0,0.0010787031982156267,475.676627189273,585.8688938891772,6.2684021152214005,True,True,True,45.0,45,45,40.0,40,40,5.0,5,5,17.5,17,18,17.5,17,18,6.0,6,6,11.5,11,12,0.0,0,0,0.0,0,0,0.0,0,0
poorly_conditioned,one_station_gap,retarded_ekf,True,7.0,2,2,0,1.0,0.34238022750665303,1.0,2,1.0,0.34238022750665303,1.0,{},0.7872061299005741,0.8895296672839764,0.16895310515067888,0.171937629992105,2,2,1.0,0.34238022750665303,1.0,1.0,0.34238022750665303,1.0,2,linear,whole_base_sequence,3.7318112639976295,4.638375268053787,6,3,0,1.916267869816257,2.776019742991347,1.0,2,True,0.002730749998590909,0.0012238500057719648,0.0,0.0008906003907009383,549.3135799319806,589.6349110009292,6.705398745234682,True,True,True,45.0,45,45,40.0,40,40,5.0,5,5,19.0,19,19,19.0,19,19,6.0,6,6,13.0,13,13,0.0,0,0,0.0,0,0,0.0,0,0
poorly_conditioned,one_station_gap,retarded_ekf,True,7.5,2,2,0,1.0,0.34238022750665303,1.0,2,1.0,0.34238022750665303,1.0,{},0.8222660239910434,0.960858844666624,0.13112047255327428,0.15713947959988306,2,2,1.0,0.34238022750665303,1.0,1.0,0.34238022750665303,1.0,2,linear,whole_base_sequence,6.939041454987063,9.464806046093525,6,5,0,3.758222360901631,5.540974497540895,1.0,2,True,0.004662399995140731,0.002018900020630099,0.0,0.000743664015639069,314.9357761589763,346.21952935604315,7.425735637315307,True,True,True,45.0,45,45,40.0,40,40,5.0,5,5,21.5,21,22,21.5,21,22,6.0,6,6,15.5,15,16,0.0,0,0,0.0,0,0,0.0,0,0
poorly_conditioned,one_station_gap,retarded_ekf,True,8.0,2,2,0,1.0,0.34238022750665303,1.0,2,1.0,0.34238022750665303,1.0,{},0.7662524885168458,1.0151291656228993,0.12336539528567697,0.16568623456415285,2,2,1.0,0.34238022750665303,1.0,1.0,0.34238022750665303,1.0,2,linear,whole_base_sequence,5.591309827018628,8.715581176231632,6,3,0,4.049168597055707,6.742341088912268,0.6666666666666666,2,True,0.0028466499934438616,0.0011647499923128635,0.0,0.0006270230319128224,344.5690980421642,358.30237870659545,7.908114069620163,True,True,True,45.0,45,45,40.0,40,40,5.0,5,5,23.0,23,23,23.0,23,23,6.0,6,6,17.0,17,17,0.0,0,0,0.0,0,0,0.0,0,0
poorly_conditioned,one_station_gap,retarded_ekf,True,8.5,2,2,0,1.0,0.34238022750665303,1.0,2,1.0,0.34238022750665303,1.0,{},0.5675140637841053,0.7476845909460355,0.10338715114033012,0.13812196662811677,2,2,1.0,0.34238022750665303,1.0,1.0,0.34238022750665303,1.0,2,linear,whole_base_sequence,3.923552710020947,5.485011252252245,6,4,0,1.9681670244441074,4.571701922665353,1.0,2,True,0.003346049998071976,0.001323499993304722,0.0,0.000531959488398299,328.3043279642418,343.84519590175506,8.452543436121086,True,True,True,45.0,45,45,40.0,40,40,5.0,5,5,25.0,25,25,25.0,25,25,6.0,6,6,19.0,19,19,0.0,0,0,0.0,0,0,0.0,0,0
poorly_conditioned,one_station_gap,retarded_ekf,True,9.0,2,2,0,1.0,0.34238022750665303,1.0,2,1.0,0.34238022750665303,1.0,{},0.5589766489556777,0.7253986882082295,0.09063552740444329,0.12041960333420804,2,2,1.0,0.34238022750665303,1.0,1.0,0.34238022750665303,1.0,2,linear,whole_base_sequence,4.104480752912659,5.471249848662759,6,4,0,0.7357239688329478,1.612334128737845,1.0,2,True,0.004450649998034351,0.0016818000003695488,0.0,0.0004542890501385679,378.72317228909696,399.78936654246377,8.970861479749196,True,True,True,45.0,45,45,40.0,40,40,5.0,5,5,27.0,27,27,27.0,27,27,6.0,6,6,21.0,21,21,0.0,0,0,0.0,0,0,0.0,0,0
poorly_conditioned,one_station_gap,retarded_ekf,True,9.5,2,2,0,1.0,0.34238022750665303,1.0,2,1.0,0.34238022750665303,1.0,{},0.6081172547823412,0.7803518688828236,0.0964538842660222,0.12528962683773484,2,2,1.0,0.34238022750665303,1.0,1.0,0.34238022750665303,1.0,2,linear,whole_base_sequence,5.544460230907368,7.513852854189496,6,3,0,1.9318403241484727,2.923150025017608,1.0,2,True,0.0033959499996853992,0.0012968499795533717,0.0,0.00038946860373871697,393.21359176672627,402.9022241667674,9.432187238904602,True,True,True,45.0,45,45,40.0,40,40,5.0,5,5,28.5,28,29,28.5,28,29,6.0,6,6,22.5,22,23,0.0,0,0,0.0,0,0,0.0,0,0
poorly_conditioned,outlier_mild,causal_prefix_batch,True,0.0,2,0,2,0.0,0.0,0.6576197724933469,0,0.0,0.0,0.6576197724933469,"{""insufficient_measurements"": 2}",nan,nan,nan,nan,0,2,nan,nan,nan,0.0,0.0,0.6576197724933469,0,linear,whole_base_sequence,nan,nan,6,0,0,nan,nan,nan,2,True,3.6650002584792674e-05,0.0,nan,nan,nan,nan,nan,True,True,False,45.0,45,45,45.0,45,45,0.0,0,0,0.0,0,0,0.0,0,0,0.0,0,0,0.0,0,0,0.0,0,0,0.0,0,0,0.0,0,0
poorly_conditioned,outlier_mild,causal_prefix_batch,True,0.5,2,0,2,0.0,0.0,0.6576197724933469,0,0.0,0.0,0.6576197724933469,"{""insufficient_measurements"": 2}",nan,nan,nan,nan,0,2,nan,nan,nan,0.0,0.0,0.6576197724933469,0,linear,whole_base_sequence,nan,nan,6,0,0,nan,nan,nan,2,True,2.850001328624785e-05,0.0,nan,nan,nan,nan,nan,True,True,False,45.0,45,45,45.0,45,45,0.0,0,0,0.0,0,0,0.0,0,0,0.0,0,0,0.0,0,0,0.0,0,0,0.0,0,0,0.0,0,0
poorly_conditioned,outlier_mild,causal_prefix_batch,True,1.0,2,0,2,0.0,0.0,0.6576197724933469,0,0.0,0.0,0.6576197724933469,"{""insufficient_measurements"": 2}",nan,nan,nan,nan,0,2,nan,nan,nan,0.0,0.0,0.6576197724933469,0,linear,whole_base_sequence,nan,nan,6,0,0,nan,nan,nan,2,True,3.250001464039087e-05,0.0,nan,nan,nan,nan,0.876206866256791,True,True,False,45.0,45,45,45.0,45,45,0.0,0,0,1.5,1,2,1.5,1,2,0.0,0,0,0.0,0,0,0.0,0,0,0.0,0,0,0.0,0,0
poorly_conditioned,outlier_mild,causal_prefix_batch,True,1.5,2,0,2,0.0,0.0,0.6576197724933469,0,0.0,0.0,0.6576197724933469,"{""insufficient_local_observability"": 2}",nan,nan,nan,nan,0,2,nan,nan,nan,0.0,0.0,0.6576197724933469,0,linear,whole_base_sequence,nan,nan,6,0,0,nan,nan,nan,2,True,1.1178497500077356,0.0,nan,nan,nan,nan,1.273375333468253,True,True,False,45.0,45,45,45.0,45,45,0.0,0,0,3.0,3,3,3.0,3,3,0.0,0,0,0.0,0,0,0.0,0,0,0.0,0,0,0.0,0,0
poorly_conditioned,outlier_mild,causal_prefix_batch,True,10.0,2,2,0,1.0,0.34238022750665303,1.0,2,1.0,0.34238022750665303,1.0,{},0.7569732529523501,0.8703557304638369,0.14629103277405248,0.1956566392732704,2,2,0.0,0.0,0.6576197724933469,0.0,0.0,0.6576197724933469,0,linear,whole_base_sequence,26.601591896414824,39.0944983941028,6,0,0,nan,nan,nan,2,True,0.2558749500021804,0.0,0.0,0.00024795603487526573,619.3577189213719,641.6456058678019,9.800091873010803,True,True,False,45.0,45,45,45.0,45,45,0.0,0,0,35.0,35,35,35.0,35,35,0.0,0,0,0.0,0,0,0.0,0,0,0.0,0,0,0.0,0,0
poorly_conditioned,outlier_mild,causal_prefix_batch,True,10.5,2,2,0,1.0,0.34238022750665303,1.0,2,1.0,0.34238022750665303,1.0,{},0.6642260005340791,0.7980587923569833,0.13919499046877656,0.1828267903212289,2,2,0.5,0.09453120573423074,0.9054687942657693,0.5,0.09453120573423074,0.9054687942657693,1,linear,whole_base_sequence,26.38618681678861,39.46948336506894,6,0,0,nan,nan,nan,2,True,0.2288243000220973,0.0,0.0,0.00021496997939616404,634.6423411841573,659.5115969478978,10.447193474048678,True,True,False,45.0,45,45,45.0,45,45,0.0,0,0,37.0,36,38,37.0,36,38,0.0,0,0,0.0,0,0,0.0,0,0,0.0,0,0,0.0,0,0
poorly_conditioned,outlier_mild,causal_prefix_batch,True,11.0,2,2,0,1.0,0.34238022750665303,1.0,2,1.0,0.34238022750665303,1.0,{},0.6483218522690155,0.776410663984325,0.12763473385733473,0.16453133386149293,2,2,0.5,0.09453120573423074,0.9054687942657693,0.5,0.09453120573423074,0.9054687942657693,1,linear,whole_base_sequence,25.13535650937184,36.62004567324912,6,0,0,nan,nan,nan,2,True,0.2824940999998944,0.0,0.0,0.00018773653731672305,667.7674147448733,689.6054655112194,10.890077549911041,True,True,False,45.0,45,45,45.0,45,45,0.0,0,0,39.0,39,39,39.0,39,39,0.0,0,0,0.0,0,0,0.0,0,0,0.0,0,0,0.0,0,0
poorly_conditioned,outlier_mild,causal_prefix_batch,True,11.5,2,2,0,1.0,0.34238022750665303,1.0,2,1.0,0.34238022750665303,1.0,{},0.6263462968901334,0.7912075803430674,0.11272519433134519,0.14007553087371233,2,2,0.5,0.09453120573423074,0.9054687942657693,0.5,0.09453120573423074,0.9054687942657693,1,linear,whole_base_sequence,21.445897922710145,31.457844721784916,6,0,0,nan,nan,nan,2,True,0.3576187500002561,0.0,0.0,0.00016474036495874164,714.6615008617007,726.7002862016759,11.488009157249133,True,True,False,45.0,45,45,45.0,45,45,0.0,0,0,41.5,41,42,41.5,41,42,0.0,0,0,0.0,0,0,0.0,0,0,0.0,0,0,0.0,0,0
poorly_conditioned,outlier_mild,causal_prefix_batch,True,12.0,2,2,0,1.0,0.34238022750665303,1.0,2,1.0,0.34238022750665303,1.0,{},0.6754476414460024,0.8535948525766384,0.1120123453562075,0.13995698105636709,2,2,0.5,0.09453120573423074,0.9054687942657693,0.5,0.09453120573423074,0.9054687942657693,1,linear,whole_base_sequence,21.73671013709208,31.486925958090552,6,0,0,nan,nan,nan,2,True,0.2895418999978574,0.0,0.0,0.00014563970790249485,869.4560724556059,900.5266305694089,11.656786049906215,True,True,False,45.0,45,45,45.0,45,45,0.0,0,0,42.0,42,42,42.0,42,42,0.0,0,0,0.0,0,0,0.0,0,0,0.0,0,0,0.0,0,0
poorly_conditioned,outlier_mild,causal_prefix_batch,True,12.5,2,2,0,1.0,0.34238022750665303,1.0,2,1.0,0.34238022750665303,1.0,{},0.5785079224205065,0.6680335461666148,0.10350923153560343,0.1233003550352111,2,2,0.5,0.09453120573423074,0.9054687942657693,0.5,0.09453120573423074,0.9054687942657693,1,linear,whole_base_sequence,22.283846799934743,31.352127402535714,6,0,0,nan,nan,nan,2,True,0.3485013999888906,0.0,0.0,0.00012940596796331033,890.5153444633229,920.6680793413138,12.42245445418702,True,True,False,45.0,45,45,45.0,45,45,0.0,0,0,45.0,45,45,45.0,45,45,0.0,0,0,0.0,0,0,0.0,0,0,0.0,0,0,0.0,0,0
poorly_conditioned,outlier_mild,causal_prefix_batch,True,14.5,2,2,0,1.0,0.34238022750665303,1.0,2,1.0,0.34238022750665303,1.0,{},0.766953510561928,0.898409584491346,0.1035092315416951,0.12330035504473033,2,2,0.5,0.09453120573423074,0.9054687942657693,0.5,0.09453120573423074,0.9054687942657693,1,linear,whole_base_sequence,22.283846805447865,31.35212741301069,6,0,0,nan,nan,nan,2,True,0.32349329999124166,0.0,0.0,8.391466836694992e-05,2107.5731066166577,2185.1484882183145,12.42245445418702,True,True,False,45.0,45,45,45.0,45,45,0.0,0,0,45.0,45,45,45.0,45,45,0.0,0,0,0.0,0,0,0.0,0,0,0.0,0,0,0.0,0,0
poorly_conditioned,outlier_mild,causal_prefix_batch,True,2.0,2,2,0,1.0,0.34238022750665303,1.0,2,1.0,0.34238022750665303,1.0,{},2.269801740315775,2.580692677241065,2.933001338924781,3.7295327275897265,2,2,0.5,0.09453120573423074,0.9054687942657693,0.5,0.09453120573423074,0.9054687942657693,1,linear,whole_base_sequence,38.752359496976666,71.86894700216884,6,0,0,nan,nan,nan,2,True,0.047229149990016595,0.0,0.0,0.02369685585165819,216.18171853054008,218.88269563339705,1.789013239817778,True,True,False,45.0,45,45,45.0,45,45,0.0,0,0,5.0,5,5,5.0,5,5,0.0,0,0,0.0,0,0,0.0,0,0,0.0,0,0,0.0,0,0
poorly_conditioned,outlier_mild,causal_prefix_batch,True,2.5,2,2,0,1.0,0.34238022750665303,1.0,2,1.0,0.34238022750665303,1.0,{},2.615822717450018,3.3118981434308115,2.331239528586976,3.0574538238345066,2,2,0.5,0.09453120573423074,0.9054687942657693,0.5,0.09453120573423074,0.9054687942657693,1,linear,whole_base_sequence,38.54708179609182,71.34480669718789,6,0,0,nan,nan,nan,2,True,0.07264245000260416,0.0,0.0,0.014340677981473655,211.69259447118415,289.07103057808075,2.4132316630875192,True,True,False,45.0,45,45,45.0,45,45,0.0,0,0,6.5,6,7,6.5,6,7,0.0,0,0,0.0,0,0,0.0,0,0,0.0,0,0,0.0,0,0
poorly_conditioned,outlier_mild,causal_prefix_batch,True,3.0,2,2,0,1.0,0.34238022750665303,1.0,2,1.0,0.34238022750665303,1.0,{},1.4355911866160147,1.8831554579485847,1.278681776904665,1.7043238851958675,2,2,0.5,0.09453120573423074,0.9054687942657693,0.5,0.09453120573423074,0.9054687942657693,1,linear,whole_base_sequence,34.17494448217226,62.82715768439784,6,0,0,nan,nan,nan,2,True,0.07729154999833554,0.0,0.0,0.008279557694896819,149.16352435645,150.64368497200354,2.8451971048492903,True,True,False,45.0,45,45,45.0,45,45,0.0,0,0,9.0,9,9,9.0,9,9,0.0,0,0,0.0,0,0,0.0,0,0,0.0,0,0,0.0,0,0
poorly_conditioned,outlier_mild,causal_prefix_batch,True,3.5,2,2,0,1.0,0.34238022750665303,1.0,2,1.0,0.34238022750665303,1.0,{},1.1704703097366793,1.3760829387513445,0.872955227935758,1.0280039912334606,2,2,0.5,0.09453120573423074,0.9054687942657693,0.5,0.09453120573423074,0.9054687942657693,1,linear,whole_base_sequence,31.07799121165931,54.085621578519195,6,0,0,nan,nan,nan,2,True,0.09242614998947829,0.0,0.0,0.005329547344202516,141.2312442317855,174.999472505264,3.43688567213205,True,True,False,45.0,45,45,45.0,45,45,0.0,0,0,11.5,11,12,11.5,11,12,0.0,0,0,0.0,0,0,0.0,0,0,0.0,0,0,0.0,0,0
poorly_conditioned,outlier_mild,causal_prefix_batch,True,4.0,2,2,0,1.0,0.34238022750665303,1.0,2,1.0,0.34238022750665303,1.0,{},1.0665063831727934,1.3560073188798818,0.7596234745452846,1.0072194097194964,2,2,0.5,0.09453120573423074,0.9054687942657693,0.5,0.09453120573423074,0.9054687942657693,1,linear,whole_base_sequence,29.724950043006466,53.950317461670345,6,0,0,nan,nan,nan,2,True,0.1046158499957528,0.0,0.0,0.003695516400490402,185.8473007224233,220.06040206164164,3.8683701910815635,True,True,False,45.0,45,45,45.0,45,45,0.0,0,0,12.5,12,13,12.5,12,13,0.0,0,0,0.0,0,0,0.0,0,0,0.0,0,0,0.0,0,0
poorly_conditioned,outlier_mild,causal_prefix_batch,True,4.5,2,2,0,1.0,0.34238022750665303,1.0,2,1.0,0.34238022750665303,1.0,{},0.8535457077966799,1.1149492402760373,0.5617208172106156,0.7476533424378912,2,2,0.5,0.09453120573423074,0.9054687942657693,0.5,0.09453120573423074,0.9054687942657693,1,linear,whole_base_sequence,27.77912294456867,51.29814531391514,6,0,0,nan,nan,nan,2,True,0.1013362999947276,0.0,0.0,0.00260247716017982,173.04498141120695,174.88029439323714,4.425125971751172,True,True,False,45.0,45,45,45.0,45,45,0.0,0,0,15.0,15,15,15.0,15,15,0.0,0,0,0.0,0,0,0.0,0,0,0.0,0,0,0.0,0,0
poorly_conditioned,outlier_mild,causal_prefix_batch,True,5.0,2,2,0,1.0,0.34238022750665303,1.0,2,1.0,0.34238022750665303,1.0,{},1.1412032866504047,1.4520528363127427,0.5796664010842293,0.7600825949332858,2,2,0.5,0.09453120573423074,0.9054687942657693,0.5,0.09453120573423074,0.9054687942657693,1,linear,whole_base_sequence,29.70602064713886,53.98359994993582,6,0,0,nan,nan,nan,2,True,0.12021454999921843,0.0,0.0,0.0019258570503571174,242.92249617129062,245.9654632750125,4.868657656895602,True,True,False,45.0,45,45,45.0,45,45,0.0,0,0,16.0,16,16,16.0,16,16,0.0,0,0,0.0,0,0,0.0,0,0,0.0,0,0,0.0,0,0
poorly_conditioned,outlier_mild,causal_prefix_batch,True,5.5,2,2,0,1.0,0.34238022750665303,1.0,2,1.0,0.34238022750665303,1.0,{},0.882604022345294,1.1378239453284957,0.4302603424248753,0.5757731512767079,2,2,0.5,0.09453120573423074,0.9054687942657693,0.5,0.09453120573423074,0.9054687942657693,1,linear,whole_base_sequence,26.812998282994315,48.939896678958924,6,0,0,nan,nan,nan,2,True,0.16183989999990445,0.0,0.0,0.0014446683358050683,260.6529052481594,263.70079326435166,5.162754229854422,True,True,False,45.0,45,45,45.0,45,45,0.0,0,0,18.0,18,18,18.0,18,18,0.0,0,0,0.0,0,0,0.0,0,0,0.0,0,0,0.0,0,0
poorly_conditioned,outlier_mild,causal_prefix_batch,True,6.0,2,2,0,1.0,0.34238022750665303,1.0,2,1.0,0.34238022750665303,1.0,{},0.5651338122276763,0.7591565075276083,0.31868444054838185,0.4286105678455071,2,2,0.5,0.09453120573423074,0.9054687942657693,0.5,0.09453120573423074,0.9054687942657693,1,linear,whole_base_sequence,23.997816216027736,44.765207325229305,6,0,0,nan,nan,nan,2,True,0.14509619999444112,0.0,0.0,0.0011138847609070972,279.8286528109614,324.41378116957486,5.93381898535994,True,True,False,45.0,45,45,45.0,45,45,0.0,0,0,20.5,20,21,20.5,20,21,0.0,0,0,0.0,0,0,0.0,0,0,0.0,0,0,0.0,0,0
poorly_conditioned,outlier_mild,causal_prefix_batch,True,6.5,2,2,0,1.0,0.34238022750665303,1.0,2,1.0,0.34238022750665303,1.0,{},0.889167754239443,1.0051149715681158,0.33481603078776473,0.4343288864235542,2,2,0.5,0.09453120573423074,0.9054687942657693,0.5,0.09453120573423074,0.9054687942657693,1,linear,whole_base_sequence,25.074644388611596,44.872890142487854,6,0,0,nan,nan,nan,2,True,0.15563189999375027,0.0,0.0,0.0008808495880584645,340.7170118590273,373.5292687754995,6.2684021152214005,True,True,False,45.0,45,45,45.0,45,45,0.0,0,0,21.5,21,22,21.5,21,22,0.0,0,0,0.0,0,0,0.0,0,0,0.0,0,0,0.0,0,0
poorly_conditioned,outlier_mild,causal_prefix_batch,True,7.0,2,2,0,1.0,0.34238022750665303,1.0,2,1.0,0.34238022750665303,1.0,{},0.8086089878356184,0.8459205428487204,0.2665366726915918,0.3343927279023265,2,2,0.5,0.09453120573423074,0.9054687942657693,0.5,0.09453120573423074,0.9054687942657693,1,linear,whole_base_sequence,23.86806857969938,41.202955128893386,6,0,0,nan,nan,nan,2,True,0.14039349999802653,0.0,0.0,0.0007058313664027825,325.01253419193506,334.9830659895082,6.705398745234682,True,True,False,45.0,45,45,45.0,45,45,0.0,0,0,24.0,24,24,24.0,24,24,0.0,0,0,0.0,0,0,0.0,0,0,0.0,0,0,0.0,0,0
poorly_conditioned,outlier_mild,causal_prefix_batch,True,7.5,2,2,0,1.0,0.34238022750665303,1.0,2,1.0,0.34238022750665303,1.0,{},1.8541425594702046,2.440930355607061,0.37599924836010173,0.44892306960929634,2,2,0.0,0.0,0.6576197724933469,0.0,0.0,0.6576197724933469,0,linear,whole_base_sequence,42.73104033419841,43.55218717616605,6,0,0,nan,nan,nan,2,True,0.1677365999930771,0.0,0.0,0.0005765840442161791,345.05532896219347,382.0458697947228,7.425735637315307,True,True,False,45.0,45,45,45.0,45,45,0.0,0,0,26.5,26,27,26.5,26,27,0.0,0,0,0.0,0,0,0.0,0,0,0.0,0,0,0.0,0,0
poorly_conditioned,outlier_mild,causal_prefix_batch,True,8.0,2,2,0,1.0,0.34238022750665303,1.0,2,1.0,0.34238022750665303,1.0,{},1.3377009790113237,1.6572826344004725,0.2642331472488953,0.2680160681403056,2,2,0.0,0.0,0.6576197724933469,0.0,0.0,0.6576197724933469,0,linear,whole_base_sequence,34.02553994395772,40.292284650297404,6,0,0,nan,nan,nan,2,True,0.18278174998704344,0.0,0.0,0.0004768515909178075,397.97376607971773,413.92676131106447,7.908114069620163,True,True,False,45.0,45,45,45.0,45,45,0.0,0,0,28.0,28,28,28.0,28,28,0.0,0,0,0.0,0,0,0.0,0,0,0.0,0,0,0.0,0,0
poorly_conditioned,outlier_mild,causal_prefix_batch,True,8.5,2,2,0,1.0,0.34238022750665303,1.0,2,1.0,0.34238022750665303,1.0,{},1.0747122529566129,1.2402772897242376,0.20560045618903167,0.23394965661796452,2,2,0.0,0.0,0.6576197724933469,0.0,0.0,0.6576197724933469,0,linear,whole_base_sequence,29.76347569727691,38.55903865324867,6,0,0,nan,nan,nan,2,True,0.1719104499934474,0.0,0.0,0.00039832211030948664,403.3466592912348,420.28289564380555,8.452543436121086,True,True,False,45.0,45,45,45.0,45,45,0.0,0,0,30.0,30,30,30.0,30,30,0.0,0,0,0.0,0,0,0.0,0,0,0.0,0,0,0.0,0,0
poorly_conditioned,outlier_mild,causal_prefix_batch,True,9.0,2,2,0,1.0,0.34238022750665303,1.0,2,1.0,0.34238022750665303,1.0,{},0.9476796900753371,1.070745749984885,0.17741923238150129,0.2141339938414044,2,2,0.0,0.0,0.6576197724933469,0.0,0.0,0.6576197724933469,0,linear,whole_base_sequence,28.43880336015676,38.13359183508933,6,0,0,nan,nan,nan,2,True,0.19304164999630302,0.0,0.0,0.00033708882508979204,485.25198673888593,504.58809509898293,8.970861479749196,True,True,False,45.0,45,45,45.0,45,45,0.0,0,0,32.0,32,32,32.0,32,32,0.0,0,0,0.0,0,0,0.0,0,0,0.0,0,0,0.0,0,0
poorly_conditioned,outlier_mild,causal_prefix_batch,True,9.5,2,2,0,1.0,0.34238022750665303,1.0,2,1.0,0.34238022750665303,1.0,{},0.9044962673140593,0.9689500205121306,0.170628508150125,0.2217771328262523,2,2,0.0,0.0,0.6576197724933469,0.0,0.0,0.6576197724933469,0,linear,whole_base_sequence,29.771601462447954,42.10313816696431,6,0,0,nan,nan,nan,2,True,0.26197434998175595,0.0,0.0,0.00028793315082069776,513.6581256143236,517.4872193956081,9.432187238904602,True,True,False,45.0,45,45,45.0,45,45,0.0,0,0,33.5,33,34,33.5,33,34,0.0,0,0,0.0,0,0,0.0,0,0,0.0,0,0,0.0,0,0
poorly_conditioned,outlier_mild,initial_batch_no_updates,True,0.0,2,0,2,0.0,0.0,0.6576197724933469,0,0.0,0.0,0.6576197724933469,"{""not_initialized"": 2}",nan,nan,nan,nan,0,2,nan,nan,nan,0.0,0.0,0.6576197724933469,0,linear,whole_base_sequence,nan,nan,6,0,0,nan,nan,nan,2,True,2.5000044843181968e-06,0.0,nan,nan,nan,nan,nan,True,True,False,45.0,45,45,45.0,45,45,0.0,0,0,0.0,0,0,0.0,0,0,0.0,0,0,0.0,0,0,0.0,0,0,0.0,0,0,0.0,0,0
poorly_conditioned,outlier_mild,initial_batch_no_updates,True,0.5,2,0,2,0.0,0.0,0.6576197724933469,0,0.0,0.0,0.6576197724933469,"{""not_initialized"": 2}",nan,nan,nan,nan,0,2,nan,nan,nan,0.0,0.0,0.6576197724933469,0,linear,whole_base_sequence,nan,nan,6,0,0,nan,nan,nan,2,True,1.6500125639140606e-06,0.0,nan,nan,nan,nan,nan,True,True,False,45.0,45,45,45.0,45,45,0.0,0,0,0.0,0,0,0.0,0,0,0.0,0,0,0.0,0,0,0.0,0,0,0.0,0,0,0.0,0,0
poorly_conditioned,outlier_mild,initial_batch_no_updates,True,1.0,2,0,2,0.0,0.0,0.6576197724933469,0,0.0,0.0,0.6576197724933469,"{""not_initialized"": 2}",nan,nan,nan,nan,0,2,nan,nan,nan,0.0,0.0,0.6576197724933469,0,linear,whole_base_sequence,nan,nan,6,0,0,nan,nan,nan,2,True,1.6999983927235007e-06,0.0,nan,nan,nan,nan,0.876206866256791,True,True,False,45.0,45,45,45.0,45,45,0.0,0,0,1.5,1,2,0.0,0,0,0.0,0,0,0.0,0,0,0.0,0,0,0.0,0,0,1.5,1,2
poorly_conditioned,outlier_mild,initial_batch_no_updates,True,1.5,2,0,2,0.0,0.0,0.6576197724933469,0,0.0,0.0,0.6576197724933469,"{""not_initialized"": 2}",nan,nan,nan,nan,0,2,nan,nan,nan,0.0,0.0,0.6576197724933469,0,linear,whole_base_sequence,nan,nan,6,0,0,nan,nan,nan,2,True,2.8999929782003164e-06,0.0,nan,nan,nan,nan,1.273375333468253,True,True,False,45.0,45,45,45.0,45,45,0.0,0,0,3.0,3,3,0.0,0,0,0.0,0,0,0.0,0,0,0.0,0,0,0.0,0,0,3.0,3,3
poorly_conditioned,outlier_mild,initial_batch_no_updates,True,10.0,2,2,0,1.0,0.34238022750665303,1.0,2,1.0,0.34238022750665303,1.0,{},22.980951039010773,30.290639478700214,2.6526812442882655,3.504289623107043,2,2,0.5,0.09453120573423074,0.9054687942657693,0.5,0.09453120573423074,0.9054687942657693,1,linear,whole_base_sequence,39.05992307615878,72.31920514310103,6,0,0,nan,nan,nan,2,True,8.390001312363893e-05,0.0,0.0,0.0006054267071808649,147161.15396712493,148309.96318786676,9.800091873010803,True,True,False,45.0,45,45,45.0,45,45,0.0,0,0,35.0,35,35,6.0,6,6,6.0,6,6,0.0,0,0,0.0,0,0,0.0,0,0,29.0,29,29
poorly_conditioned,outlier_mild,initial_batch_no_updates,True,10.5,2,2,0,1.0,0.34238022750665303,1.0,2,1.0,0.34238022750665303,1.0,{},24.307055431652543,32.04262393466636,2.6526812442882655,3.504289623107043,2,2,0.5,0.09453120573423074,0.9054687942657693,0.5,0.09453120573423074,0.9054687942657693,1,linear,whole_base_sequence,39.05992307615705,72.31920514309743,6,0,0,nan,nan,nan,2,True,0.0001235999952768907,0.0,0.0,0.0005443824439801214,181713.69202440727,183170.60556614128,10.447193474048678,True,True,False,45.0,45,45,45.0,45,45,0.0,0,0,37.0,36,38,6.0,6,6,6.0,6,6,0.0,0,0,0.0,0,0,0.0,0,0,31.0,30,32
poorly_conditioned,outlier_mild,initial_batch_no_updates,True,11.0,2,2,0,1.0,0.34238022750665303,1.0,2,1.0,0.34238022750665303,1.0,{},25.63318426862623,33.79462496460237,2.6526812442882655,3.504289623107043,2,2,0.5,0.09453120573423074,0.9054687942657693,0.5,0.09453120573423074,0.9054687942657693,1,linear,whole_base_sequence,39.05992307615863,72.31920514310069,6,0,0,nan,nan,nan,2,True,0.00012444998719729483,0.0,0.0,0.0004920937474278546,222048.9506237159,223871.6669604316,10.890077549911041,True,True,False,45.0,45,45,45.0,45,45,0.0,0,0,39.0,39,39,6.0,6,6,6.0,6,6,0.0,0,0,0.0,0,0,0.0,0,0,33.0,33,33
poorly_conditioned,outlier_mild,initial_batch_no_updates,True,11.5,2,2,0,1.0,0.34238022750665303,1.0,2,1.0,0.34238022750665303,1.0,{},26.959333942684214,35.54664012501012,2.6526812442882655,3.504289623107043,2,2,0.5,0.09453120573423074,0.9054687942657693,0.5,0.09453120573423074,0.9054687942657693,1,linear,whole_base_sequence,39.0599230761627,72.3192051431083,6,0,0,nan,nan,nan,2,True,0.00013059999037068337,0.0,0.0,0.0004469682452939962,268781.4387728557,271034.411350482,11.488009157249133,True,True,False,45.0,45,45,45.0,45,45,0.0,0,0,41.5,41,42,6.0,6,6,6.0,6,6,0.0,0,0,0.0,0,0,0.0,0,0,35.5,35,36
poorly_conditioned,outlier_mild,initial_batch_no_updates,True,12.0,2,2,0,1.0,0.34238022750665303,1.0,2,1.0,0.34238022750665303,1.0,{},28.28550152302204,37.298667430250916,2.6526812442882655,3.504289623107043,2,2,0.5,0.09453120573423074,0.9054687942657693,0.5,0.09453120573423074,0.9054687942657693,1,linear,whole_base_sequence,39.05992307616317,72.31920514310933,6,0,0,nan,nan,nan,2,True,0.00012409999908413738,0.0,0.0,0.00040775869808824626,322556.82701000175,325311.6370668579,11.656786049906215,True,True,False,45.0,45,45,45.0,45,45,0.0,0,0,42.0,42,42,6.0,6,6,6.0,6,6,0.0,0,0,0.0,0,0,0.0,0,0,36.0,36,36
poorly_conditioned,outlier_mild,initial_batch_no_updates,True,12.5,2,2,0,1.0,0.34238022750665303,1.0,2,1.0,0.34238022750665303,1.0,{},29.611684603826554,39.05070525009662,2.6526812442882655,3.504289623107043,2,2,0.5,0.09453120573423074,0.9054687942657693,0.5,0.09453120573423074,0.9054687942657693,1,linear,whole_base_sequence,39.059923076162036,72.31920514310697,6,0,0,nan,nan,nan,2,True,0.00011860000086016953,0.0,0.0,0.0003734772239976061,384051.9474508257,387387.67689100315,12.42245445418702,True,True,False,45.0,45,45,45.0,45,45,0.0,0,0,45.0,45,45,6.0,6,6,6.0,6,6,0.0,0,0,0.0,0,0,0.0,0,0,39.0,39,39
poorly_conditioned,outlier_mild,initial_batch_no_updates,True,14.5,2,2,0,1.0,0.34238022750665303,1.0,2,1.0,0.34238022750665303,1.0,{},34.91653660754396,46.058937733151964,2.6526812442882655,3.504289623107043,2,2,0.5,0.09453120573423074,0.9054687942657693,0.5,0.09453120573423074,0.9054687942657693,1,linear,whole_base_sequence,39.059923076164374,72.31920514311196,6,0,0,nan,nan,nan,2,True,0.00011829999857582152,0.0,0.0,0.0002719085669811046,721857.0468366418,728470.3350239131,12.42245445418702,True,True,False,45.0,45,45,45.0,45,45,0.0,0,0,45.0,45,45,6.0,6,6,6.0,6,6,0.0,0,0,0.0,0,0,0.0,0,0,39.0,39,39
poorly_conditioned,outlier_mild,initial_batch_no_updates,True,2.0,2,0,2,0.0,0.0,0.6576197724933469,0,0.0,0.0,0.6576197724933469,"{""not_initialized"": 2}",nan,nan,nan,nan,0,2,nan,nan,nan,0.0,0.0,0.6576197724933469,0,linear,whole_base_sequence,nan,nan,6,0,0,nan,nan,nan,2,True,2.949993358924985e-06,0.0,nan,nan,nan,nan,1.789013239817778,True,True,False,45.0,45,45,45.0,45,45,0.0,0,0,5.0,5,5,0.0,0,0,0.0,0,0,0.0,0,0,0.0,0,0,0.0,0,0,5.0,5,5
poorly_conditioned,outlier_mild,initial_batch_no_updates,True,2.5,2,2,0,1.0,0.34238022750665303,1.0,2,1.0,0.34238022750665303,1.0,{},3.1136282991151814,4.027315469224763,2.6526812442882655,3.504289623107043,2,2,0.5,0.09453120573423074,0.9054687942657693,0.5,0.09453120573423074,0.9054687942657693,1,linear,whole_base_sequence,39.05992307615852,72.31920514310052,6,0,0,nan,nan,nan,2,True,0.00011629999789875001,0.0,0.0,0.014402296303628723,287.6602075691651,289.07103058410917,2.4132316630875192,True,True,False,45.0,45,45,45.0,45,45,0.0,0,0,6.5,6,7,6.0,6,6,6.0,6,6,0.0,0,0,0.0,0,0,0.0,0,0,0.5,0,1
poorly_conditioned,outlier_mild,initial_batch_no_updates,True,3.0,2,2,0,1.0,0.34238022750665303,1.0,2,1.0,0.34238022750665303,1.0,{},4.430364647134502,5.772929417958092,2.6526812442882655,3.504289623107043,2,2,0.5,0.09453120573423074,0.9054687942657693,0.5,0.09453120573423074,0.9054687942657693,1,linear,whole_base_sequence,39.05992307615854,72.31920514310056,6,0,0,nan,nan,nan,2,True,0.00012200001219753176,0.0,0.0,0.009489644289449066,650.6598843135748,652.3803634346508,2.8451971048492903,True,True,False,45.0,45,45,45.0,45,45,0.0,0,0,9.0,9,9,6.0,6,6,6.0,6,6,0.0,0,0,0.0,0,0,0.0,0,0,3.0,3,3
poorly_conditioned,outlier_mild,initial_batch_no_updates,True,3.5,2,2,0,1.0,0.34238022750665303,1.0,2,1.0,0.34238022750665303,1.0,{},5.751516280078409,7.521558399841558,2.6526812442882655,3.504289623107043,2,2,0.5,0.09453120573423074,0.9054687942657693,0.5,0.09453120573423074,0.9054687942657693,1,linear,whole_base_sequence,39.059923076158285,72.31920514310006,6,0,0,nan,nan,nan,2,True,0.0001348999940091744,0.0,0.0,0.006615680084067236,1318.1110067714592,1319.0268719239257,3.43688567213205,True,True,False,45.0,45,45,45.0,45,45,0.0,0,0,11.5,11,12,6.0,6,6,6.0,6,6,0.0,0,0,0.0,0,0,0.0,0,0,5.5,5,6
poorly_conditioned,outlier_mild,initial_batch_no_updates,True,4.0,2,2,0,1.0,0.34238022750665303,1.0,2,1.0,0.34238022750665303,1.0,{},7.074610026378418,9.271505151129144,2.6526812442882655,3.504289623107043,2,2,0.5,0.09453120573423074,0.9054687942657693,0.5,0.09453120573423074,0.9054687942657693,1,linear,whole_base_sequence,39.05992307615827,72.31920514310006,6,0,0,nan,nan,nan,2,True,0.00010855001164600253,0.0,0.0,0.004834822734421115,2437.110041813357,2439.2759294853213,3.8683701910815635,True,True,False,45.0,45,45,45.0,45,45,0.0,0,0,12.5,12,13,6.0,6,6,6.0,6,6,0.0,0,0,0.0,0,0,0.0,0,0,6.5,6,7
poorly_conditioned,outlier_mild,initial_batch_no_updates,True,4.5,2,2,0,1.0,0.34238022750665303,1.0,2,1.0,0.34238022750665303,1.0,{},8.398728083618405,11.022145413838826,2.6526812442882655,3.504289623107043,2,2,0.5,0.09453120573423074,0.9054687942657693,0.5,0.09453120573423074,0.9054687942657693,1,linear,whole_base_sequence,39.05992307615842,72.31920514310035,6,0,0,nan,nan,nan,2,True,8.23500013211742e-05,0.0,0.0,0.003670517618597232,4185.908686184012,4194.968884187156,4.425125971751172,True,True,False,45.0,45,45,45.0,45,45,0.0,0,0,15.0,15,15,6.0,6,6,6.0,6,6,0.0,0,0,0.0,0,0,0.0,0,0,9.0,9,9
poorly_conditioned,outlier_mild,initial_batch_no_updates,True,5.0,2,2,0,1.0,0.34238022750665303,1.0,2,1.0,0.34238022750665303,1.0,{},9.723451995648784,12.773195571906458,2.6526812442882655,3.504289623107043,2,2,0.5,0.09453120573423074,0.9054687942657693,0.5,0.09453120573423074,0.9054687942657693,1,linear,whole_base_sequence,39.05992307615825,72.31920514310002,6,0,0,nan,nan,nan,2,True,0.000142400007462129,0.0,0.0,0.0028735791361846792,6773.91781795122,6795.5930049671315,4.868657656895602,True,True,False,45.0,45,45,45.0,45,45,0.0,0,0,16.0,16,16,6.0,6,6,6.0,6,6,0.0,0,0,0.0,0,0,0.0,0,0,10.0,10,10
poorly_conditioned,outlier_mild,initial_batch_no_updates,True,5.5,2,2,0,1.0,0.34238022750665303,1.0,2,1.0,0.34238022750665303,1.0,{},11.048563838468397,14.524508146956745,2.6526812442882655,3.504289623107043,2,2,0.5,0.09453120573423074,0.9054687942657693,0.5,0.09453120573423074,0.9054687942657693,1,linear,whole_base_sequence,39.059923076158555,72.31920514310059,6,0,0,nan,nan,nan,2,True,8.594998507760465e-05,0.0,0.0,0.0023067360033839357,10441.708884637232,10484.000637498537,5.162754229854422,True,True,False,45.0,45,45,45.0,45,45,0.0,0,0,18.0,18,18,6.0,6,6,6.0,6,6,0.0,0,0,0.0,0,0,0.0,0,0,12.0,12,12
poorly_conditioned,outlier_mild,initial_batch_no_updates,True,6.0,2,2,0,1.0,0.34238022750665303,1.0,2,1.0,0.34238022750665303,1.0,{},12.373938983429488,16.275998850482825,2.6526812442882655,3.504289623107043,2,2,0.5,0.09453120573423074,0.9054687942657693,0.5,0.09453120573423074,0.9054687942657693,1,linear,whole_base_sequence,39.059923076158114,72.31920514309977,6,0,0,nan,nan,nan,2,True,8.620000153314322e-05,0.0,0.0,0.0018903903466877935,15461.014435514535,15534.578040412624,5.93381898535994,True,True,False,45.0,45,45,45.0,45,45,0.0,0,0,20.5,20,21,6.0,6,6,6.0,6,6,0.0,0,0,0.0,0,0,0.0,0,0,14.5,14,15
poorly_conditioned,outlier_mild,initial_batch_no_updates,True,6.5,2,2,0,1.0,0.34238022750665303,1.0,2,1.0,0.34238022750665303,1.0,{},13.699501010272598,18.027616008562624,2.6526812442882655,3.504289623107043,2,2,0.5,0.09453120573423074,0.9054687942657693,0.5,0.09453120573423074,0.9054687942657693,1,linear,whole_base_sequence,39.05992307615905,72.31920514310157,6,0,0,nan,nan,nan,2,True,0.00011040001118090004,0.0,0.0,0.0015762025368712578,22134.72834555112,22253.24562526467,6.2684021152214005,True,True,False,45.0,45,45,45.0,45,45,0.0,0,0,21.5,21,22,6.0,6,6,6.0,6,6,0.0,0,0,0.0,0,0,0.0,0,0,15.5,15,16
poorly_conditioned,outlier_mild,initial_batch_no_updates,True,7.0,2,2,0,1.0,0.34238022750665303,1.0,2,1.0,0.34238022750665303,1.0,{},15.025200457470886,19.77932617576895,2.6526812442882655,3.504289623107043,2,2,0.5,0.09453120573423074,0.9054687942657693,0.5,0.09453120573423074,0.9054687942657693,1,linear,whole_base_sequence,39.059923076158874,72.31920514310116,6,0,0,nan,nan,nan,2,True,8.279999019578099e-05,0.0,0.0,0.0013336001940398952,30796.905917788856,30977.458066958618,6.705398745234682,True,True,False,45.0,45,45,45.0,45,45,0.0,0,0,24.0,24,24,6.0,6,6,6.0,6,6,0.0,0,0,0.0,0,0,0.0,0,0,18.0,18,18
poorly_conditioned,outlier_mild,initial_batch_no_updates,True,7.5,2,2,0,1.0,0.34238022750665303,1.0,2,1.0,0.34238022750665303,1.0,{},16.351003899938558,21.53110674751608,2.6526812442882655,3.504289623107043,2,2,0.5,0.09453120573423074,0.9054687942657693,0.5,0.09453120573423074,0.9054687942657693,1,linear,whole_base_sequence,39.0599230761597,72.3192051431027,6,0,0,nan,nan,nan,2,True,0.000112749999971129,0.0,0.0,0.0011425519974584077,41812.763933319264,42076.20435777239,7.425735637315307,True,True,False,45.0,45,45,45.0,45,45,0.0,0,0,26.5,26,27,6.0,6,6,6.0,6,6,0.0,0,0,0.0,0,0,0.0,0,0,20.5,20,21
poorly_conditioned,outlier_mild,initial_batch_no_updates,True,8.0,2,2,0,1.0,0.34238022750665303,1.0,2,1.0,0.34238022750665303,1.0,{},17.676887938105175,23.282941896340457,2.6526812442882655,3.504289623107043,2,2,0.5,0.09453120573423074,0.9054687942657693,0.5,0.09453120573423074,0.9054687942657693,1,linear,whole_base_sequence,39.05992307615896,72.31920514310129,6,0,0,nan,nan,nan,2,True,0.0001237499964190647,0.0,0.0,0.000989522491722371,55578.680677953016,55950.00783592836,7.908114069620163,True,True,False,45.0,45,45,45.0,45,45,0.0,0,0,28.0,28,28,6.0,6,6,6.0,6,6,0.0,0,0,0.0,0,0,0.0,0,0,22.0,22,22
poorly_conditioned,outlier_mild,initial_batch_no_updates,True,8.5,2,2,0,1.0,0.34238022750665303,1.0,2,1.0,0.34238022750665303,1.0,{},19.002835701777503,25.034820208856218,2.6526812442882655,3.504289623107043,2,2,0.5,0.09453120573423074,0.9054687942657693,0.5,0.09453120573423074,0.9054687942657693,1,linear,whole_base_sequence,39.05992307615861,72.31920514310063,6,0,0,nan,nan,nan,2,True,8.71499942149967e-05,0.0,0.0,0.0008651156418510923,72522.19595606107,73030.9261999224,8.452543436121086,True,True,False,45.0,45,45,45.0,45,45,0.0,0,0,30.0,30,30,6.0,6,6,6.0,6,6,0.0,0,0,0.0,0,0,0.0,0,0,24.0,24,24
poorly_conditioned,outlier_mild,initial_batch_no_updates,True,9.0,2,2,0,1.0,0.34238022750665303,1.0,2,1.0,0.34238022750665303,1.0,{},20.328834721475562,26.786733247091274,2.6526812442882655,3.504289623107043,2,2,0.5,0.09453120573423074,0.9054687942657693,0.5,0.09453120573423074,0.9054687942657693,1,linear,whole_base_sequence,39.059923076161084,72.3192051431054,6,0,0,nan,nan,nan,2,True,0.00011310000263620168,0.0,0.0,0.0007626524345193571,93102.01109900491,93782.55152111573,8.970861479749196,True,True,False,45.0,45,45,45.0,45,45,0.0,0,0,32.0,32,32,6.0,6,6,6.0,6,6,0.0,0,0,0.0,0,0,0.0,0,0,26.0,26,26
poorly_conditioned,outlier_mild,initial_batch_no_updates,True,9.5,2,2,0,1.0,0.34238022750665303,1.0,2,1.0,0.34238022750665303,1.0,{},21.65487558147796,28.538674638120508,2.6526812442882655,3.504289623107043,2,2,0.5,0.09453120573423074,0.9054687942657693,0.5,0.09453120573423074,0.9054687942657693,1,linear,whole_base_sequence,39.05992307616157,72.31920514310637,6,0,0,nan,nan,nan,2,True,0.0001167499867733568,0.0,0.0,0.0006772846283058369,117807.98896887797,118700.01024201464,9.432187238904602,True,True,False,45.0,45,45,45.0,45,45,0.0,0,0,33.5,33,34,6.0,6,6,6.0,6,6,0.0,0,0,0.0,0,0,0.0,0,0,27.5,27,28
poorly_conditioned,outlier_mild,offline_full_record_noncausal,False,14.5,2,2,0,1.0,0.34238022750665303,1.0,2,1.0,0.34238022750665303,1.0,{},0.766953510561928,0.898409584491346,0.1035092315416951,0.12330035504473033,2,2,0.5,0.09453120573423074,0.9054687942657693,0.5,0.09453120573423074,0.9054687942657693,1,linear,whole_base_sequence,22.283846805447865,31.35212741301069,6,0,0,nan,nan,nan,2,True,0.2517624000029173,0.0,0.0,8.391466836694992e-05,2107.5731066166577,2185.1484882183145,12.42245445418702,True,True,False,45.0,45,45,45.0,45,45,0.0,0,0,45.0,45,45,45.0,45,45,0.0,0,0,0.0,0,0,0.0,0,0,0.0,0,0,0.0,0,0
poorly_conditioned,outlier_mild,retarded_ekf,True,0.0,2,0,2,0.0,0.0,0.6576197724933469,0,0.0,0.0,0.6576197724933469,"{""not_initialized"": 2}",nan,nan,nan,nan,0,2,nan,nan,nan,0.0,0.0,0.6576197724933469,0,linear,whole_base_sequence,nan,nan,6,0,0,nan,nan,nan,2,True,1.9899991457350552e-05,0.0,nan,nan,nan,nan,nan,True,True,False,45.0,45,45,45.0,45,45,0.0,0,0,0.0,0,0,0.0,0,0,0.0,0,0,0.0,0,0,0.0,0,0,0.0,0,0,0.0,0,0
poorly_conditioned,outlier_mild,retarded_ekf,True,0.5,2,0,2,0.0,0.0,0.6576197724933469,0,0.0,0.0,0.6576197724933469,"{""not_initialized"": 2}",nan,nan,nan,nan,0,2,nan,nan,nan,0.0,0.0,0.6576197724933469,0,linear,whole_base_sequence,nan,nan,6,0,0,nan,nan,nan,2,True,1.2550008250400424e-05,0.0,nan,nan,nan,nan,nan,True,True,False,45.0,45,45,45.0,45,45,0.0,0,0,0.0,0,0,0.0,0,0,0.0,0,0,0.0,0,0,0.0,0,0,0.0,0,0,0.0,0,0
poorly_conditioned,outlier_mild,retarded_ekf,True,1.0,2,0,2,0.0,0.0,0.6576197724933469,0,0.0,0.0,0.6576197724933469,"{""not_initialized"": 2}",nan,nan,nan,nan,0,2,nan,nan,nan,0.0,0.0,0.6576197724933469,0,linear,whole_base_sequence,nan,nan,6,0,0,nan,nan,nan,2,True,0.00013080000644549727,0.0,nan,nan,nan,nan,0.876206866256791,True,True,False,45.0,45,45,45.0,45,45,0.0,0,0,1.5,1,2,0.0,0,0,0.0,0,0,0.0,0,0,0.0,0,0,0.0,0,0,1.5,1,2
poorly_conditioned,outlier_mild,retarded_ekf,True,1.5,2,0,2,0.0,0.0,0.6576197724933469,0,0.0,0.0,0.6576197724933469,"{""not_initialized"": 2}",nan,nan,nan,nan,0,2,nan,nan,nan,0.0,0.0,0.6576197724933469,0,linear,whole_base_sequence,nan,nan,6,0,0,nan,nan,nan,2,True,0.00015204999363049865,0.0,nan,nan,nan,nan,1.273375333468253,True,True,False,45.0,45,45,45.0,45,45,0.0,0,0,3.0,3,3,0.0,0,0,0.0,0,0,0.0,0,0,0.0,0,0,0.0,0,0,3.0,3,3
poorly_conditioned,outlier_mild,retarded_ekf,True,10.0,2,2,0,1.0,0.34238022750665303,1.0,2,1.0,0.34238022750665303,1.0,{},0.7549297774902887,0.8693988027410343,0.14473381413593672,0.1936402885755923,2,2,0.0,0.0,0.6576197724933469,0.0,0.0,0.6576197724933469,0,linear,whole_base_sequence,26.077369190831565,38.12818722572241,6,3,0,2.5614850676108896,3.471670595251856,1.0,2,True,0.0033631999976933002,0.0010996499913744628,0.0,0.0002428709890991088,621.1946671000942,656.9993729454806,9.800091873010803,True,True,False,45.0,45,45,45.0,45,45,0.0,0,0,35.0,35,35,35.0,35,35,6.0,6,6,29.0,29,29,0.0,0,0,0.0,0,0,0.0,0,0
poorly_conditioned,outlier_mild,retarded_ekf,True,10.5,2,2,0,1.0,0.34238022750665303,1.0,2,1.0,0.34238022750665303,1.0,{},0.6618359364403773,0.7955041780858501,0.1375716813635767,0.18053414899641027,2,2,0.5,0.09453120573423074,0.9054687942657693,0.5,0.09453120573423074,0.9054687942657693,1,linear,whole_base_sequence,25.86100854438554,38.48645318206802,6,4,0,2.590068418012568,5.83196116845454,0.75,2,True,0.0028395499975886196,0.0009248999849660322,0.0,0.0002106883302441581,634.4058496097288,643.4418713997444,10.447193474048678,True,True,False,45.0,45,45,45.0,45,45,0.0,0,0,37.0,36,38,37.0,36,38,6.0,6,6,31.0,30,32,0.0,0,0,0.0,0,0,0.0,0,0
poorly_conditioned,outlier_mild,retarded_ekf,True,11.0,2,2,0,1.0,0.34238022750665303,1.0,2,1.0,0.34238022750665303,1.0,{},0.6467667423915074,0.7745113918274685,0.12638676310276842,0.16267025728916526,2,2,0.5,0.09453120573423074,0.9054687942657693,0.5,0.09453120573423074,0.9054687942657693,1,linear,whole_base_sequence,24.641308990566788,35.68126438418589,6,4,0,1.1453058874635842,2.7460020106902907,1.0,2,True,0.005382050003390759,0.00169494999863673,0.0,0.00018405066169710775,669.6332886550455,706.6357545868215,10.890077549911041,True,True,False,45.0,45,45,45.0,45,45,0.0,0,0,39.0,39,39,39.0,39,39,6.0,6,6,33.0,33,33,0.0,0,0,0.0,0,0,0.0,0,0
poorly_conditioned,outlier_mild,retarded_ekf,True,11.5,2,2,0,1.0,0.34238022750665303,1.0,2,1.0,0.34238022750665303,1.0,{},0.6260356054043955,0.7903639957416811,0.11234972385730445,0.1392705988030862,2,2,0.5,0.09453120573423074,0.9054687942657693,0.5,0.09453120573423074,0.9054687942657693,1,linear,whole_base_sequence,20.993332370048673,30.575068131854408,6,5,0,4.0459648960492,6.998639972260421,0.8,2,True,0.006591500015929341,0.002082750026602298,0.0,0.00016176566670642034,713.0371140079232,714.7869147591808,11.488009157249133,True,True,False,45.0,45,45,45.0,45,45,0.0,0,0,41.5,41,42,41.5,41,42,6.0,6,6,35.5,35,36,0.0,0,0,0.0,0,0,0.0,0,0
poorly_conditioned,outlier_mild,retarded_ekf,True,12.0,2,2,0,1.0,0.34238022750665303,1.0,2,1.0,0.34238022750665303,1.0,{},0.674882326640745,0.8527918443119551,0.11159977542362827,0.1391473273757177,2,2,0.5,0.09453120573423074,0.9054687942657693,0.5,0.09453120573423074,0.9054687942657693,1,linear,whole_base_sequence,21.27756137593944,30.603491032443902,6,1,0,0.8212943682489758,0.8212943682489758,1.0,2,True,0.0015690000145696104,0.00042240000038873404,0.0,0.00014298023527093768,869.279275441518,916.4727528890922,11.656786049906215,True,True,False,45.0,45,45,45.0,45,45,0.0,0,0,42.0,42,42,42.0,42,42,6.0,6,6,36.0,36,36,0.0,0,0,0.0,0,0,0.0,0,0
poorly_conditioned,outlier_mild,retarded_ekf,True,12.5,2,2,0,1.0,0.34238022750665303,1.0,2,1.0,0.34238022750665303,1.0,{},0.5768885750275126,0.6654864364147238,0.10274928977166307,0.1218371384270022,2,2,0.5,0.09453120573423074,0.9054687942657693,0.5,0.09453120573423074,0.9054687942657693,1,linear,whole_base_sequence,21.818555310523287,30.453060531208333,6,6,0,1.8542772853130156,4.3760595801031155,1.0,2,True,0.006511700004921295,0.0017758000030880794,0.0,0.00012697250414362817,894.5877711156256,943.83042159575,12.42245445418702,True,True,False,45.0,45,45,45.0,45,45,0.0,0,0,45.0,45,45,45.0,45,45,6.0,6,6,39.0,39,39,0.0,0,0,0.0,0,0,0.0,0,0
poorly_conditioned,outlier_mild,retarded_ekf,True,14.5,2,2,0,1.0,0.34238022750665303,1.0,2,1.0,0.34238022750665303,1.0,{},0.7644056024570675,0.8939686832867745,0.10274928977166307,0.1218371384270022,2,2,0.5,0.09453120573423074,0.9054687942657693,0.5,0.09453120573423074,0.9054687942657693,1,linear,whole_base_sequence,21.81855531052318,30.453060531208056,6,0,0,nan,nan,nan,2,True,0.0001644000003580004,0.0,0.0,8.2365264942684e-05,2119.775251456793,2239.4293554846677,12.42245445418702,True,True,False,45.0,45,45,45.0,45,45,0.0,0,0,45.0,45,45,45.0,45,45,6.0,6,6,39.0,39,39,0.0,0,0,0.0,0,0,0.0,0,0
poorly_conditioned,outlier_mild,retarded_ekf,True,2.0,2,0,2,0.0,0.0,0.6576197724933469,0,0.0,0.0,0.6576197724933469,"{""not_initialized"": 2}",nan,nan,nan,nan,0,2,nan,nan,nan,0.0,0.0,0.6576197724933469,0,linear,whole_base_sequence,nan,nan,6,0,0,nan,nan,nan,2,True,0.00037200000951997936,0.0,nan,nan,nan,nan,1.789013239817778,True,True,False,45.0,45,45,45.0,45,45,0.0,0,0,5.0,5,5,0.0,0,0,0.0,0,0,0.0,0,0,0.0,0,0,0.0,0,0,5.0,5,5
poorly_conditioned,outlier_mild,retarded_ekf,True,2.5,2,2,0,1.0,0.34238022750665303,1.0,2,1.0,0.34238022750665303,1.0,{},2.616306706061924,3.312603371700813,2.3318794639113984,3.0583477363212626,2,2,0.5,0.09453120573423074,0.9054687942657693,0.5,0.09453120573423074,0.9054687942657693,1,linear,whole_base_sequence,38.51266104461875,71.27940728317496,6,1,0,1.6728531235154631,1.6728531235154631,1.0,2,True,0.05298480000055861,0.00023984999279491603,0.0,0.014298184910731086,210.9542869595581,289.07103058410917,2.4132316630875192,True,True,False,45.0,45,45,45.0,45,45,0.0,0,0,6.5,6,7,6.5,6,7,6.0,6,6,0.5,0,1,0.0,0,0,0.0,0,0,0.0,0,0
poorly_conditioned,outlier_mild,retarded_ekf,True,3.0,2,2,0,1.0,0.34238022750665303,1.0,2,1.0,0.34238022750665303,1.0,{},1.4027892141692513,1.8372598223519725,1.2686722866390827,1.6904917305719043,2,2,0.5,0.09453120573423074,0.9054687942657693,0.5,0.09453120573423074,0.9054687942657693,1,linear,whole_base_sequence,33.86324481034328,62.23319566322299,6,5,0,3.680885629705455,10.43439673474695,0.8,2,True,0.002791949998936616,0.0016483999934280291,0.0,0.008215975410411663,149.00370417247643,149.86610965943763,2.8451971048492903,True,True,False,45.0,45,45,45.0,45,45,0.0,0,0,9.0,9,9,9.0,9,9,6.0,6,6,3.0,3,3,0.0,0,0,0.0,0,0,0.0,0,0
poorly_conditioned,outlier_mild,retarded_ekf,True,3.5,2,2,0,1.0,0.34238022750665303,1.0,2,1.0,0.34238022750665303,1.0,{},1.1831540269742535,1.386407835284716,0.8767099329319021,1.0311226281691868,2,2,0.5,0.09453120573423074,0.9054687942657693,0.5,0.09453120573423074,0.9054687942657693,1,linear,whole_base_sequence,30.834576144462353,53.578094377613404,6,5,0,3.7802726177211254,6.921058902203626,0.8,2,True,0.0032143999997060746,0.0017648500070208684,0.0,0.005269571074734846,142.08514439223515,175.11332162978056,3.43688567213205,True,True,False,45.0,45,45,45.0,45,45,0.0,0,0,11.5,11,12,11.5,11,12,6.0,6,6,5.5,5,6,0.0,0,0,0.0,0,0,0.0,0,0
poorly_conditioned,outlier_mild,retarded_ekf,True,4.0,2,2,0,1.0,0.34238022750665303,1.0,2,1.0,0.34238022750665303,1.0,{},1.0787395534495208,1.3745905090825257,0.7617538926423965,1.0100954975459486,2,2,0.5,0.09453120573423074,0.9054687942657693,0.5,0.09453120573423074,0.9054687942657693,1,linear,whole_base_sequence,29.43512767578123,53.43814953074537,6,2,0,2.327827486970707,3.071376761750938,1.0,2,True,0.0013246500020613894,0.0006627000111620873,0.0,0.003647046116519281,189.1297044336676,223.8527510493074,3.8683701910815635,True,True,False,45.0,45,45,45.0,45,45,0.0,0,0,12.5,12,13,12.5,12,13,6.0,6,6,6.5,6,7,0.0,0,0,0.0,0,0,0.0,0,0
poorly_conditioned,outlier_mild,retarded_ekf,True,4.5,2,2,0,1.0,0.34238022750665303,1.0,2,1.0,0.34238022750665303,1.0,{},0.8646264763000971,1.1292838292180196,0.5607110639439176,0.7460118458251367,2,2,0.5,0.09453120573423074,0.9054687942657693,0.5,0.09453120573423074,0.9054687942657693,1,linear,whole_base_sequence,27.42643203829476,50.61490549987197,6,5,0,1.8758465713287122,3.111248424377879,1.0,2,True,0.002879950014175847,0.0014626000047428533,0.0,0.0025624157531121583,175.85303077624187,178.31757095220246,4.425125971751172,True,True,False,45.0,45,45,45.0,45,45,0.0,0,0,15.0,15,15,15.0,15,15,6.0,6,6,9.0,9,9,0.0,0,0,0.0,0,0,0.0,0,0
poorly_conditioned,outlier_mild,retarded_ekf,True,5.0,2,2,0,1.0,0.34238022750665303,1.0,2,1.0,0.34238022750665303,1.0,{},1.1487223731709069,1.4611705093439973,0.5784542966429216,0.7579915526872308,2,2,0.5,0.09453120573423074,0.9054687942657693,0.5,0.09453120573423074,0.9054687942657693,1,linear,whole_base_sequence,29.364635791511443,53.31083770745901,6,2,0,2.1912015198352837,2.352396049224186,1.0,2,True,0.0012034500105073676,0.0005978499975753948,0.0,0.0018936898864072296,245.26156796302092,249.9107685443767,4.868657656895602,True,True,False,45.0,45,45,45.0,45,45,0.0,0,0,16.0,16,16,16.0,16,16,6.0,6,6,10.0,10,10,0.0,0,0,0.0,0,0,0.0,0,0
poorly_conditioned,outlier_mild,retarded_ekf,True,5.5,2,2,0,1.0,0.34238022750665303,1.0,2,1.0,0.34238022750665303,1.0,{},0.8860597718877147,1.1437205190383706,0.4278235297424035,0.5723773284144749,2,2,0.5,0.09453120573423074,0.9054687942657693,0.5,0.09453120573423074,0.9054687942657693,1,linear,whole_base_sequence,26.38295418969244,48.182966308360825,6,4,0,4.914152692412422,9.359927079393394,0.5,2,True,0.003701349996845238,0.0017121999990195036,0.0,0.0014195917722850742,263.04507662105175,267.20197708259144,5.162754229854422,True,True,False,45.0,45,45,45.0,45,45,0.0,0,0,18.0,18,18,18.0,18,18,6.0,6,6,12.0,12,12,0.0,0,0,0.0,0,0,0.0,0,0
poorly_conditioned,outlier_mild,retarded_ekf,True,6.0,2,2,0,1.0,0.34238022750665303,1.0,2,1.0,0.34238022750665303,1.0,{},0.566468693722316,0.7615507589617304,0.31568549615697855,0.42454605017601105,2,2,0.5,0.09453120573423074,0.9054687942657693,0.5,0.09453120573423074,0.9054687942657693,1,linear,whole_base_sequence,23.523652003804077,43.89111265347114,6,5,0,1.9593103708671484,3.086899377640966,1.0,2,True,0.003147650000755675,0.0013924499799031764,0.0,0.001094863168960584,281.8221073634079,326.3375690889096,5.93381898535994,True,True,False,45.0,45,45,45.0,45,45,0.0,0,0,20.5,20,21,20.5,20,21,6.0,6,6,14.5,14,15,0.0,0,0,0.0,0,0,0.0,0,0
poorly_conditioned,outlier_mild,retarded_ekf,True,6.5,2,2,0,1.0,0.34238022750665303,1.0,2,1.0,0.34238022750665303,1.0,{},0.8880210787154545,1.005892726948523,0.3315791390226554,0.43014441756619237,2,2,0.5,0.09453120573423074,0.9054687942657693,0.5,0.09453120573423074,0.9054687942657693,1,linear,whole_base_sequence,24.580060020786373,43.996753455169056,6,2,0,2.187502155496575,3.8186890065678,1.0,2,True,0.001154749988927506,0.0004724000027636066,0.0,0.0008650827599750259,344.3696567684336,377.31114757345415,6.2684021152214005,True,True,False,45.0,45,45,45.0,45,45,0.0,0,0,21.5,21,22,21.5,21,22,6.0,6,6,15.5,15,16,0.0,0,0,0.0,0,0,0.0,0,0
poorly_conditioned,outlier_mild,retarded_ekf,True,7.0,2,2,0,1.0,0.34238022750665303,1.0,2,1.0,0.34238022750665303,1.0,{},0.8063796548727444,0.8421234587619723,0.2636230099739275,0.33065887674106476,2,2,0.5,0.09453120573423074,0.9054687942657693,0.5,0.09453120573423074,0.9054687942657693,1,linear,whole_base_sequence,23.320015515342657,40.24280201531635,6,5,0,2.314866665337019,3.8950592625664036,1.0,2,True,0.0036926500033587217,0.0015075999981490895,0.0,0.0006932262915591489,328.39119688392805,339.44358642574906,6.705398745234682,True,True,False,45.0,45,45,45.0,45,45,0.0,0,0,24.0,24,24,24.0,24,24,6.0,6,6,18.0,18,18,0.0,0,0,0.0,0,0,0.0,0,0
poorly_conditioned,outlier_mild,retarded_ekf,True,7.5,2,2,0,1.0,0.34238022750665303,1.0,2,1.0,0.34238022750665303,1.0,{},1.8667572223049864,2.4588730303095745,0.3760132881847038,0.4501940937963193,2,2,0.0,0.0,0.6576197724933469,0.0,0.0,0.6576197724933469,0,linear,whole_base_sequence,41.85476885844761,42.74982312131046,6,5,0,30.01519547782877,103.37267306029723,0.4,2,True,0.002914599986979738,0.0011555000237422064,0.0,0.0005649885115110498,352.90667762854275,392.13938152344167,7.425735637315307,True,True,False,45.0,45,45,45.0,45,45,0.0,0,0,26.5,26,27,26.5,26,27,6.0,6,6,20.5,20,21,0.0,0,0,0.0,0,0,0.0,0,0
poorly_conditioned,outlier_mild,retarded_ekf,True,8.0,2,2,0,1.0,0.34238022750665303,1.0,2,1.0,0.34238022750665303,1.0,{},1.3373811089593093,1.6574126841557772,0.26275629748283047,0.26684932802908845,2,2,0.0,0.0,0.6576197724933469,0.0,0.0,0.6576197724933469,0,linear,whole_base_sequence,33.3812355234775,39.36202609018094,6,3,0,8.774557209046764,13.044218928715246,0.3333333333333333,2,True,0.002986899999086745,0.0011133499938296154,0.0,0.00046717676131112723,402.25759588621315,420.4469747935125,7.908114069620163,True,True,False,45.0,45,45,45.0,45,45,0.0,0,0,28.0,28,28,28.0,28,28,6.0,6,6,22.0,22,22,0.0,0,0,0.0,0,0,0.0,0,0
poorly_conditioned,outlier_mild,retarded_ekf,True,8.5,2,2,0,1.0,0.34238022750665303,1.0,2,1.0,0.34238022750665303,1.0,{},1.071148231811071,1.2346271551381365,0.20391774378764227,0.23226682584700895,2,2,0.0,0.0,0.6576197724933469,0.0,0.0,0.6576197724933469,0,linear,whole_base_sequence,29.174899223552327,37.58680303896364,6,4,0,3.212513576937104,5.513085243754927,1.0,2,True,0.003743000008398667,0.0013633500202558935,0.0,0.000390679405072634,405.1610488315015,426.6065719411715,8.452543436121086,True,True,False,45.0,45,45,45.0,45,45,0.0,0,0,30.0,30,30,30.0,30,30,6.0,6,6,24.0,24,24,0.0,0,0,0.0,0,0,0.0,0,0
poorly_conditioned,outlier_mild,retarded_ekf,True,9.0,2,2,0,1.0,0.34238022750665303,1.0,2,1.0,0.34238022750665303,1.0,{},0.9432858947955977,1.0637062946869473,0.1755192013352633,0.2120285589382243,2,2,0.0,0.0,0.6576197724933469,0.0,0.0,0.6576197724933469,0,linear,whole_base_sequence,27.870453792959708,37.155192903888995,6,4,0,1.476524173569271,2.9949249127393216,1.0,2,True,0.002764850010862574,0.0010230999760096893,0.0,0.00033037890562778564,487.52003289124866,515.1663366513632,8.970861479749196,True,True,False,45.0,45,45,45.0,45,45,0.0,0,0,32.0,32,32,32.0,32,32,6.0,6,6,26.0,26,26,0.0,0,0,0.0,0,0,0.0,0,0
poorly_conditioned,outlier_mild,retarded_ekf,True,9.5,2,2,0,1.0,0.34238022750665303,1.0,2,1.0,0.34238022750665303,1.0,{},0.9021813992674782,0.9685676039829386,0.16915299200743508,0.22000767754896025,2,2,0.0,0.0,0.6576197724933469,0.0,0.0,0.6576197724933469,0,linear,whole_base_sequence,29.227863382798187,41.13935054146419,6,3,0,1.9775667447762466,4.681248814056774,1.0,2,True,0.0027129500231239945,0.000905549997696653,0.0,0.00028204334751876636,514.52859871553,528.06639938173,9.432187238904602,True,True,False,45.0,45,45,45.0,45,45,0.0,0,0,33.5,33,34,33.5,33,34,6.0,6,6,27.5,27,28,0.0,0,0,0.0,0,0,0.0,0,0
poorly_conditioned,outlier_strong,causal_prefix_batch,True,0.0,2,0,2,0.0,0.0,0.6576197724933469,0,0.0,0.0,0.6576197724933469,"{""insufficient_measurements"": 2}",nan,nan,nan,nan,0,2,nan,nan,nan,0.0,0.0,0.6576197724933469,0,linear,whole_base_sequence,nan,nan,6,0,0,nan,nan,nan,2,True,2.71500030066818e-05,0.0,nan,nan,nan,nan,nan,True,True,False,45.0,45,45,45.0,45,45,0.0,0,0,0.0,0,0,0.0,0,0,0.0,0,0,0.0,0,0,0.0,0,0,0.0,0,0,0.0,0,0
poorly_conditioned,outlier_strong,causal_prefix_batch,True,0.5,2,0,2,0.0,0.0,0.6576197724933469,0,0.0,0.0,0.6576197724933469,"{""insufficient_measurements"": 2}",nan,nan,nan,nan,0,2,nan,nan,nan,0.0,0.0,0.6576197724933469,0,linear,whole_base_sequence,nan,nan,6,0,0,nan,nan,nan,2,True,2.4999986635521054e-05,0.0,nan,nan,nan,nan,nan,True,True,False,45.0,45,45,45.0,45,45,0.0,0,0,0.0,0,0,0.0,0,0,0.0,0,0,0.0,0,0,0.0,0,0,0.0,0,0,0.0,0,0
poorly_conditioned,outlier_strong,causal_prefix_batch,True,1.0,2,0,2,0.0,0.0,0.6576197724933469,0,0.0,0.0,0.6576197724933469,"{""insufficient_measurements"": 2}",nan,nan,nan,nan,0,2,nan,nan,nan,0.0,0.0,0.6576197724933469,0,linear,whole_base_sequence,nan,nan,6,0,0,nan,nan,nan,2,True,2.4499997380189598e-05,0.0,nan,nan,nan,nan,0.876206866256791,True,True,False,45.0,45,45,45.0,45,45,0.0,0,0,1.5,1,2,1.5,1,2,0.0,0,0,0.0,0,0,0.0,0,0,0.0,0,0,0.0,0,0
poorly_conditioned,outlier_strong,causal_prefix_batch,True,1.5,2,0,2,0.0,0.0,0.6576197724933469,0,0.0,0.0,0.6576197724933469,"{""insufficient_local_observability"": 1, ""projected_kkt_not_satisfied"": 1}",nan,nan,nan,nan,0,2,nan,nan,nan,0.0,0.0,0.6576197724933469,0,linear,whole_base_sequence,nan,nan,6,0,0,nan,nan,nan,2,True,0.6626274500158615,0.0,nan,nan,nan,nan,1.273375333468253,True,True,False,45.0,45,45,45.0,45,45,0.0,0,0,3.0,3,3,3.0,3,3,0.0,0,0,0.0,0,0,0.0,0,0,0.0,0,0,0.0,0,0
poorly_conditioned,outlier_strong,causal_prefix_batch,True,10.0,2,2,0,1.0,0.34238022750665303,1.0,2,1.0,0.34238022750665303,1.0,{},2.8854500946666986,3.3502343397668892,0.4989090004499312,0.6478254313988683,2,2,0.0,0.0,0.6576197724933469,0.0,0.0,0.6576197724933469,0,linear,whole_base_sequence,335.8763916818554,409.8192397585314,6,0,0,nan,nan,nan,2,True,0.2675028499943437,0.0,0.0,0.00024802703446610955,589.9655960475461,612.2244355292823,9.800091873010803,True,True,False,45.0,45,45,45.0,45,45,0.0,0,0,35.0,35,35,35.0,35,35,0.0,0,0,0.0,0,0,0.0,0,0,0.0,0,0,0.0,0,0
poorly_conditioned,outlier_strong,causal_prefix_batch,True,10.5,2,2,0,1.0,0.34238022750665303,1.0,2,1.0,0.34238022750665303,1.0,{},5.771818934937477,7.388925066565877,0.6380321470190264,0.8518088045177172,2,2,0.0,0.0,0.6576197724933469,0.0,0.0,0.6576197724933469,0,linear,whole_base_sequence,584.1354032296176,900.2644904790997,6,0,0,nan,nan,nan,2,True,0.24473619999480434,0.0,0.0,0.00021529087591629857,628.876707120472,632.7167562290356,10.447193474048678,True,True,False,45.0,45,45,45.0,45,45,0.0,0,0,37.0,36,38,37.0,36,38,0.0,0,0,0.0,0,0,0.0,0,0,0.0,0,0,0.0,0,0
poorly_conditioned,outlier_strong,causal_prefix_batch,True,11.0,2,1,1,0.5,0.09453120573423074,0.9054687942657693,1,0.5,0.09453120573423074,0.9054687942657693,"{""projected_kkt_not_satisfied"": 1}",5.929802911934741,5.929802911934741,0.6550800930132449,0.6550800930132449,1,2,0.0,0.0,0.7934506856227626,0.0,0.0,0.6576197724933469,0,linear,whole_base_sequence,765.542939024085,765.542939024085,6,0,0,nan,nan,nan,2,True,0.2658046500000637,0.0,0.0,0.0001989480905817864,721.4847277690247,721.4847277690247,10.890077549911041,True,True,False,45.0,45,45,45.0,45,45,0.0,0,0,39.0,39,39,39.0,39,39,0.0,0,0,0.0,0,0,0.0,0,0,0.0,0,0,0.0,0,0
poorly_conditioned,outlier_strong,causal_prefix_batch,True,11.5,2,2,0,1.0,0.34238022750665303,1.0,2,1.0,0.34238022750665303,1.0,{},5.714527541397305,7.368800275132089,0.6166235596795204,0.8050748724044087,2,2,0.0,0.0,0.6576197724933469,0.0,0.0,0.6576197724933469,0,linear,whole_base_sequence,685.2369723426345,1112.2004053566698,6,0,0,nan,nan,nan,2,True,0.26402499999676365,0.0,0.0,0.00016381753873950507,739.9545013518814,784.6836471770762,11.488009157249133,True,True,False,45.0,45,45,45.0,45,45,0.0,0,0,41.5,41,42,41.5,41,42,0.0,0,0,0.0,0,0,0.0,0,0,0.0,0,0,0.0,0,0
poorly_conditioned,outlier_strong,causal_prefix_batch,True,12.0,2,2,0,1.0,0.34238022750665303,1.0,2,1.0,0.34238022750665303,1.0,{},5.927873432663589,7.740129451443333,0.609298221806207,0.8031683840058642,2,2,0.0,0.0,0.6576197724933469,0.0,0.0,0.6576197724933469,0,linear,whole_base_sequence,677.2290073937719,1111.3996088615988,6,0,0,nan,nan,nan,2,True,0.2672680000105174,0.0,0.0,0.0001450792622055153,900.0313768478629,1001.9851323088113,11.656786049906215,True,True,False,45.0,45,45,45.0,45,45,0.0,0,0,42.0,42,42,42.0,42,42,0.0,0,0,0.0,0,0,0.0,0,0,0.0,0,0,0.0,0,0
poorly_conditioned,outlier_strong,causal_prefix_batch,True,12.5,2,2,0,1.0,0.34238022750665303,1.0,2,1.0,0.34238022750665303,1.0,{},4.62463813967326,6.033201129450028,0.4410702606144571,0.576984799931591,2,2,0.0,0.0,0.6576197724933469,0.0,0.0,0.6576197724933469,0,linear,whole_base_sequence,564.2904867727015,913.8722507316735,6,0,0,nan,nan,nan,2,True,0.2943554499943275,0.0,0.0,0.00012912099083365312,910.343137018671,995.4109194883999,12.42245445418702,True,True,False,45.0,45,45,45.0,45,45,0.0,0,0,45.0,45,45,45.0,45,45,0.0,0,0,0.0,0,0,0.0,0,0,0.0,0,0,0.0,0,0
poorly_conditioned,outlier_strong,causal_prefix_batch,True,14.5,2,2,0,1.0,0.34238022750665303,1.0,2,1.0,0.34238022750665303,1.0,{},5.4291799908478175,7.12055712254901,0.44107026061428023,0.5769847999314704,2,2,0.0,0.0,0.6576197724933469,0.0,0.0,0.6576197724933469,0,linear,whole_base_sequence,564.2904867725155,913.8722507314965,6,0,0,nan,nan,nan,2,True,0.30137879999529105,0.0,0.0,8.446304116995967e-05,2142.930264413366,2336.6012903644464,12.42245445418702,True,True,False,45.0,45,45,45.0,45,45,0.0,0,0,45.0,45,45,45.0,45,45,0.0,0,0,0.0,0,0,0.0,0,0,0.0,0,0,0.0,0,0
poorly_conditioned,outlier_strong,causal_prefix_batch,True,2.0,2,2,0,1.0,0.34238022750665303,1.0,2,1.0,0.34238022750665303,1.0,{},6.938845751836733,9.246860348012861,11.531382137155019,15.499440798240375,2,2,0.5,0.09453120573423074,0.9054687942657693,0.5,0.09453120573423074,0.9054687942657693,1,linear,whole_base_sequence,618.9717670447368,1174.285821342913,6,0,0,nan,nan,nan,2,True,0.03653749999648426,0.0,0.0,0.023882990616277227,207.98502016583188,218.88269563339705,1.789013239817778,True,True,False,45.0,45,45,45.0,45,45,0.0,0,0,5.0,5,5,5.0,5,5,0.0,0,0,0.0,0,0,0.0,0,0,0.0,0,0,0.0,0,0
poorly_conditioned,outlier_strong,causal_prefix_batch,True,2.5,2,2,0,1.0,0.34238022750665303,1.0,2,1.0,0.34238022750665303,1.0,{},10.423547875960335,14.009422918865484,10.11072268404405,13.60182252782411,2,2,0.5,0.09453120573423074,0.9054687942657693,0.5,0.09453120573423074,0.9054687942657693,1,linear,whole_base_sequence,602.9381965969569,1143.6879248188316,6,0,0,nan,nan,nan,2,True,0.08362444999511354,0.0,0.0,0.014482403252634451,202.35711695590015,289.07103057808075,2.4132316630875192,True,True,False,45.0,45,45,45.0,45,45,0.0,0,0,6.5,6,7,6.5,6,7,0.0,0,0,0.0,0,0,0.0,0,0,0.0,0,0,0.0,0,0
poorly_conditioned,outlier_strong,causal_prefix_batch,True,3.0,2,2,0,1.0,0.34238022750665303,1.0,2,1.0,0.34238022750665303,1.0,{},6.22330782178141,8.372147981234882,5.887767762944724,7.920631455124255,2,2,0.5,0.09453120573423074,0.9054687942657693,0.5,0.09453120573423074,0.9054687942657693,1,linear,whole_base_sequence,513.7945743871599,974.1044545038742,6,0,0,nan,nan,nan,2,True,0.087241350003751,0.0,0.0,0.008360020323002901,141.95478596047053,147.68336374089648,2.8451971048492903,True,True,False,45.0,45,45,45.0,45,45,0.0,0,0,9.0,9,9,9.0,9,9,0.0,0,0,0.0,0,0,0.0,0,0,0.0,0,0,0.0,0,0
poorly_conditioned,outlier_strong,causal_prefix_batch,True,3.5,2,2,0,1.0,0.34238022750665303,1.0,2,1.0,0.34238022750665303,1.0,{},3.715913582116731,4.881448688941224,3.6076689639935555,4.839705018719795,2,2,0.5,0.09453120573423074,0.9054687942657693,0.5,0.09453120573423074,0.9054687942657693,1,linear,whole_base_sequence,439.04639819690635,829.2255948504885,6,0,0,nan,nan,nan,2,True,0.0961445499851834,0.0,0.0,0.0054266453659491355,136.10870458223545,174.999472505264,3.43688567213205,True,True,False,45.0,45,45,45.0,45,45,0.0,0,0,11.5,11,12,11.5,11,12,0.0,0,0,0.0,0,0,0.0,0,0,0.0,0,0,0.0,0,0
poorly_conditioned,outlier_strong,causal_prefix_batch,True,4.0,2,2,0,1.0,0.34238022750665303,1.0,2,1.0,0.34238022750665303,1.0,{},5.384232703564811,7.241993396997733,3.5819341628315624,4.818920437205529,2,2,0.5,0.09453120573423074,0.9054687942657693,0.5,0.09453120573423074,0.9054687942657693,1,linear,whole_base_sequence,437.69335702742495,829.0902907320653,6,0,0,nan,nan,nan,2,True,0.08919005001371261,0.0,0.0,0.003750971079156098,176.36997795061993,201.1057565180349,3.8683701910815635,True,True,False,45.0,45,45,45.0,45,45,0.0,0,0,12.5,12,13,12.5,12,13,0.0,0,0,0.0,0,0,0.0,0,0,0.0,0,0,0.0,0,0
poorly_conditioned,outlier_strong,causal_prefix_batch,True,4.5,2,2,0,1.0,0.34238022750665303,1.0,2,1.0,0.34238022750665303,1.0,{},3.5680044973477902,4.799576863722652,2.427042059954009,3.265174371019766,2,2,0.5,0.09453120573423074,0.9054687942657693,0.5,0.09453120573423074,0.9054687942657693,1,linear,whole_base_sequence,382.8942806889436,726.0169450282275,6,0,0,nan,nan,nan,2,True,0.1108026500151027,0.0,0.0,0.002651262752438148,165.72195748058488,171.2096684291768,4.425125971751172,True,True,False,45.0,45,45,45.0,45,45,0.0,0,0,15.0,15,15,15.0,15,15,0.0,0,0,0.0,0,0,0.0,0,0,0.0,0,0,0.0,0,0
poorly_conditioned,outlier_strong,causal_prefix_batch,True,5.0,2,2,0,1.0,0.34238022750665303,1.0,2,1.0,0.34238022750665303,1.0,{},4.20050242308574,5.644349246051409,2.263589998391685,3.044865262436623,2,2,0.5,0.09453120573423074,0.9054687942657693,0.5,0.09453120573423074,0.9054687942657693,1,linear,whole_base_sequence,381.5775246677475,722.5394575890923,6,0,0,nan,nan,nan,2,True,0.102779200009536,0.0,0.0,0.0019659660088433128,232.80972302445178,239.87952906756874,4.868657656895602,True,True,False,45.0,45,45,45.0,45,45,0.0,0,0,16.0,16,16,16.0,16,16,0.0,0,0,0.0,0,0,0.0,0,0,0.0,0,0,0.0,0,0
poorly_conditioned,outlier_strong,causal_prefix_batch,True,5.5,2,2,0,1.0,0.34238022750665303,1.0,2,1.0,0.34238022750665303,1.0,{},3.366651205709826,4.526494751281814,1.7445222881212983,2.3467749250479244,2,2,0.5,0.09453120573423074,0.9054687942657693,0.5,0.09453120573423074,0.9054687942657693,1,linear,whole_base_sequence,343.597610025257,650.830658989258,6,0,0,nan,nan,nan,2,True,0.16127495000546332,0.0,0.0,0.0014787277810101441,250.94773166043632,257.6050172319672,5.162754229854422,True,True,False,45.0,45,45,45.0,45,45,0.0,0,0,18.0,18,18,18.0,18,18,0.0,0,0,0.0,0,0,0.0,0,0,0.0,0,0,0.0,0,0
poorly_conditioned,outlier_strong,causal_prefix_batch,True,6.0,2,2,0,1.0,0.34238022750665303,1.0,2,1.0,0.34238022750665303,1.0,{},6.205137954746271,7.879435446476965,1.8479131979831822,1.879444476772169,2,2,0.0,0.0,0.6576197724933469,0.0,0.0,0.6576197724933469,0,linear,whole_base_sequence,430.2233077636248,595.252630243259,6,0,0,nan,nan,nan,2,True,0.15064199999324046,0.0,0.0,0.0011419066015943698,254.24800612231024,289.82663392163647,5.93381898535994,True,True,False,45.0,45,45,45.0,45,45,0.0,0,0,20.5,20,21,20.5,20,21,0.0,0,0,0.0,0,0,0.0,0,0,0.0,0,0,0.0,0,0
poorly_conditioned,outlier_strong,causal_prefix_batch,True,6.5,2,2,0,1.0,0.34238022750665303,1.0,2,1.0,0.34238022750665303,1.0,{},5.430025112612301,6.2971756852406955,1.579061716704622,1.7868023531876553,2,2,0.0,0.0,0.6576197724933469,0.0,0.0,0.6576197724933469,0,linear,whole_base_sequence,405.1890262121599,592.7492020877863,6,0,0,nan,nan,nan,2,True,0.19802789999812376,0.0,0.0,0.0009014022372038704,315.92383700387103,348.95480642024523,6.2684021152214005,True,True,False,45.0,45,45,45.0,45,45,0.0,0,0,21.5,21,22,21.5,21,22,0.0,0,0,0.0,0,0,0.0,0,0,0.0,0,0,0.0,0,0
poorly_conditioned,outlier_strong,causal_prefix_batch,True,7.0,2,2,0,1.0,0.34238022750665303,1.0,2,1.0,0.34238022750665303,1.0,{},4.106271473978337,4.846704235908326,1.143616035251115,1.3410482192320785,2,2,0.0,0.0,0.6576197724933469,0.0,0.0,0.6576197724933469,0,linear,whole_base_sequence,349.169764762753,529.1998361197832,6,0,0,nan,nan,nan,2,True,0.20778039998549502,0.0,0.0,0.0007211848464219149,303.1296462658001,313.87251313868563,6.705398745234682,True,True,False,45.0,45,45,45.0,45,45,0.0,0,0,24.0,24,24,24.0,24,24,0.0,0,0,0.0,0,0,0.0,0,0,0.0,0,0,0.0,0,0
poorly_conditioned,outlier_strong,causal_prefix_batch,True,7.5,2,2,0,1.0,0.34238022750665303,1.0,2,1.0,0.34238022750665303,1.0,{},7.681991497766883,10.217776883104253,1.5217527866872562,1.83565853271829,2,2,0.0,0.0,0.6576197724933469,0.0,0.0,0.6576197724933469,0,linear,whole_base_sequence,646.6092693442228,782.8538028566261,6,0,0,nan,nan,nan,2,True,0.19445265000103973,0.0,0.0,0.000588985374406652,315.4135676388996,341.1587689809683,7.425735637315307,True,True,False,45.0,45,45,45.0,45,45,0.0,0,0,26.5,26,27,26.5,26,27,0.0,0,0,0.0,0,0,0.0,0,0,0.0,0,0,0.0,0,0
poorly_conditioned,outlier_strong,causal_prefix_batch,True,8.0,2,2,0,1.0,0.34238022750665303,1.0,2,1.0,0.34238022750665303,1.0,{},5.775132079565122,7.506807523633508,1.1004447769978036,1.1773036175022,2,2,0.0,0.0,0.6576197724933469,0.0,0.0,0.6576197724933469,0,linear,whole_base_sequence,519.8383939130852,550.6180312132453,6,0,0,nan,nan,nan,2,True,0.17945229999895673,0.0,0.0,0.000485809274871477,367.24563818425446,390.4188559520094,7.908114069620163,True,True,False,45.0,45,45,45.0,45,45,0.0,0,0,28.0,28,28,28.0,28,28,0.0,0,0,0.0,0,0,0.0,0,0,0.0,0,0,0.0,0,0
poorly_conditioned,outlier_strong,causal_prefix_batch,True,8.5,2,2,0,1.0,0.34238022750665303,1.0,2,1.0,0.34238022750665303,1.0,{},4.38464448267931,5.622682899401631,0.7900906383346099,0.8381040645509709,2,2,0.0,0.0,0.6576197724933469,0.0,0.0,0.6576197724933469,0,linear,whole_base_sequence,428.89667313497773,451.30327491194663,6,0,0,nan,nan,nan,2,True,0.1694098000007216,0.0,0.0,0.00040350657398413695,374.4866803694135,397.3704934229207,8.452543436121086,True,True,False,45.0,45,45,45.0,45,45,0.0,0,0,30.0,30,30,30.0,30,30,0.0,0,0,0.0,0,0,0.0,0,0,0.0,0,0,0.0,0,0
poorly_conditioned,outlier_strong,causal_prefix_batch,True,9.0,2,2,0,1.0,0.34238022750665303,1.0,2,1.0,0.34238022750665303,1.0,{},3.8041767160806494,4.771147936052089,0.6638433982907036,0.7724315187725908,2,2,0.0,0.0,0.6576197724933469,0.0,0.0,0.6576197724933469,0,linear,whole_base_sequence,387.73471417125904,436.1524339451356,6,0,0,nan,nan,nan,2,True,0.2023297999985516,0.0,0.0,0.0003389989573517495,458.21247102494226,479.55073163452073,8.970861479749196,True,True,False,45.0,45,45,45.0,45,45,0.0,0,0,32.0,32,32,32.0,32,32,0.0,0,0,0.0,0,0,0.0,0,0,0.0,0,0,0.0,0,0
poorly_conditioned,outlier_strong,causal_prefix_batch,True,9.5,2,1,1,0.5,0.09453120573423074,0.9054687942657693,1,0.5,0.09453120573423074,0.9054687942657693,"{""projected_kkt_not_satisfied"": 1}",4.20798577110346,4.20798577110346,0.37184906594481315,0.37184906594481315,1,2,0.0,0.0,0.7934506856227626,0.0,0.0,0.6576197724933469,0,linear,whole_base_sequence,299.3866271620663,299.3866271620663,6,0,0,nan,nan,nan,2,True,0.220140800010995,0.0,0.0,0.00028949267420372293,474.77651303932015,474.77651303932015,9.432187238904602,True,True,False,45.0,45,45,45.0,45,45,0.0,0,0,33.5,33,34,33.5,33,34,0.0,0,0,0.0,0,0,0.0,0,0,0.0,0,0,0.0,0,0
poorly_conditioned,outlier_strong,initial_batch_no_updates,True,0.0,2,0,2,0.0,0.0,0.6576197724933469,0,0.0,0.0,0.6576197724933469,"{""not_initialized"": 2}",nan,nan,nan,nan,0,2,nan,nan,nan,0.0,0.0,0.6576197724933469,0,linear,whole_base_sequence,nan,nan,6,0,0,nan,nan,nan,2,True,1.4500110410153866e-06,0.0,nan,nan,nan,nan,nan,True,True,False,45.0,45,45,45.0,45,45,0.0,0,0,0.0,0,0,0.0,0,0,0.0,0,0,0.0,0,0,0.0,0,0,0.0,0,0,0.0,0,0
poorly_conditioned,outlier_strong,initial_batch_no_updates,True,0.5,2,0,2,0.0,0.0,0.6576197724933469,0,0.0,0.0,0.6576197724933469,"{""not_initialized"": 2}",nan,nan,nan,nan,0,2,nan,nan,nan,0.0,0.0,0.6576197724933469,0,linear,whole_base_sequence,nan,nan,6,0,0,nan,nan,nan,2,True,1.3999961083754897e-06,0.0,nan,nan,nan,nan,nan,True,True,False,45.0,45,45,45.0,45,45,0.0,0,0,0.0,0,0,0.0,0,0,0.0,0,0,0.0,0,0,0.0,0,0,0.0,0,0,0.0,0,0
poorly_conditioned,outlier_strong,initial_batch_no_updates,True,1.0,2,0,2,0.0,0.0,0.6576197724933469,0,0.0,0.0,0.6576197724933469,"{""not_initialized"": 2}",nan,nan,nan,nan,0,2,nan,nan,nan,0.0,0.0,0.6576197724933469,0,linear,whole_base_sequence,nan,nan,6,0,0,nan,nan,nan,2,True,1.2499804142862558e-06,0.0,nan,nan,nan,nan,0.876206866256791,True,True,False,45.0,45,45,45.0,45,45,0.0,0,0,1.5,1,2,0.0,0,0,0.0,0,0,0.0,0,0,0.0,0,0,0.0,0,0,1.5,1,2
poorly_conditioned,outlier_strong,initial_batch_no_updates,True,1.5,2,0,2,0.0,0.0,0.6576197724933469,0,0.0,0.0,0.6576197724933469,"{""not_initialized"": 2}",nan,nan,nan,nan,0,2,nan,nan,nan,0.0,0.0,0.6576197724933469,0,linear,whole_base_sequence,nan,nan,6,0,0,nan,nan,nan,2,True,2.6000052457675338e-06,0.0,nan,nan,nan,nan,1.273375333468253,True,True,False,45.0,45,45,45.0,45,45,0.0,0,0,3.0,3,3,0.0,0,0,0.0,0,0,0.0,0,0,0.0,0,0,0.0,0,0,3.0,3,3
poorly_conditioned,outlier_strong,initial_batch_no_updates,True,10.0,2,2,0,1.0,0.34238022750665303,1.0,2,1.0,0.34238022750665303,1.0,{},86.13127497026585,115.86543483561721,10.110722684130899,13.601822527939099,2,2,0.5,0.09453120573423074,0.9054687942657693,0.5,0.09453120573423074,0.9054687942657693,1,linear,whole_base_sequence,602.9381965979721,1143.6879248345463,6,0,0,nan,nan,nan,2,True,8.890000754036009e-05,0.0,0.0,0.0006204921847711403,107529.06716747323,146012.3447463831,9.800091873010803,True,True,False,45.0,45,45,45.0,45,45,0.0,0,0,35.0,35,35,6.5,6,7,6.5,6,7,0.0,0,0,0.0,0,0,0.0,0,0,28.5,28,29
poorly_conditioned,outlier_strong,initial_batch_no_updates,True,10.5,2,2,0,1.0,0.34238022750665303,1.0,2,1.0,0.34238022750665303,1.0,{},91.18570680739145,122.66514989254918,10.110722684130899,13.601822527939099,2,2,0.5,0.09453120573423074,0.9054687942657693,0.5,0.09453120573423074,0.9054687942657693,1,linear,whole_base_sequence,602.9381965979862,1143.6879248345729,6,0,0,nan,nan,nan,2,True,0.0001218999968841672,0.0,0.0,0.0005581033033177324,132874.82421116886,180256.77848267328,10.447193474048678,True,True,False,45.0,45,45,45.0,45,45,0.0,0,0,37.0,36,38,6.5,6,7,6.5,6,7,0.0,0,0,0.0,0,0,0.0,0,0,30.5,30,31
poorly_conditioned,outlier_strong,initial_batch_no_updates,True,11.0,2,2,0,1.0,0.34238022750665303,1.0,2,1.0,0.34238022750665303,1.0,{},96.24023628670743,129.46499055635013,10.110722684130899,13.601822527939099,2,2,0.5,0.09453120573423074,0.9054687942657693,0.5,0.09453120573423074,0.9054687942657693,1,linear,whole_base_sequence,602.9381965979762,1143.687924834554,6,0,0,nan,nan,nan,2,True,8.524999429937452e-05,0.0,0.0,0.0005046392665742884,162478.81435647083,220226.2342870002,10.890077549911041,True,True,False,45.0,45,45,45.0,45,45,0.0,0,0,39.0,39,39,6.5,6,7,6.5,6,7,0.0,0,0,0.0,0,0,0.0,0,0,32.5,32,33
poorly_conditioned,outlier_strong,initial_batch_no_updates,True,11.5,2,2,0,1.0,0.34238022750665303,1.0,2,1.0,0.34238022750665303,1.0,{},101.29484879142025,136.26493803071517,10.110722684130899,13.601822527939099,2,2,0.5,0.09453120573423074,0.9054687942657693,0.5,0.09453120573423074,0.9054687942657693,1,linear,whole_base_sequence,602.9381965979637,1143.6879248345301,6,0,0,nan,nan,nan,2,True,0.00013905001105740666,0.0,0.0,0.00045848097114570724,196795.2698516315,266528.4661952294,11.488009157249133,True,True,False,45.0,45,45,45.0,45,45,0.0,0,0,41.5,41,42,6.5,6,7,6.5,6,7,0.0,0,0,0.0,0,0,0.0,0,0,35.0,35,35
poorly_conditioned,outlier_strong,initial_batch_no_updates,True,12.0,2,2,0,1.0,0.34238022750665303,1.0,2,1.0,0.34238022750665303,1.0,{},106.34953248336265,143.06497709136792,10.110722684130899,13.601822527939099,2,2,0.5,0.09453120573423074,0.9054687942657693,0.5,0.09453120573423074,0.9054687942657693,1,linear,whole_base_sequence,602.9381965980095,1143.6879248346174,6,0,0,nan,nan,nan,2,True,0.00011724999058060348,0.0,0.0,0.00041835940652374645,236301.54377489124,319802.01695314556,11.656786049906215,True,True,False,45.0,45,45,45.0,45,45,0.0,0,0,42.0,42,42,6.5,6,7,6.5,6,7,0.0,0,0,0.0,0,0,0.0,0,0,35.5,35,36
poorly_conditioned,outlier_strong,initial_batch_no_updates,True,12.5,2,2,0,1.0,0.34238022750665303,1.0,2,1.0,0.34238022750665303,1.0,{},111.40427767272054,149.8650952760417,10.110722684130899,13.601822527939099,2,2,0.5,0.09453120573423074,0.9054687942657693,0.5,0.09453120573423074,0.9054687942657693,1,linear,whole_base_sequence,602.9381965979189,1143.687924834445,6,0,0,nan,nan,nan,2,True,0.00011480000102892518,0.0,0.0,0.00038326884439498794,281498.1100282388,380716.2180106482,12.42245445418702,True,True,False,45.0,45,45,45.0,45,45,0.0,0,0,45.0,45,45,6.5,6,7,6.5,6,7,0.0,0,0,0.0,0,0,0.0,0,0,38.5,38,39
poorly_conditioned,outlier_strong,initial_batch_no_updates,True,14.5,2,2,0,1.0,0.34238022750665303,1.0,2,1.0,0.34238022750665303,1.0,{},131.62373170200303,177.06617699086678,10.110722684130899,13.601822527939099,2,2,0.5,0.09453120573423074,0.9054687942657693,0.5,0.09453120573423074,0.9054687942657693,1,linear,whole_base_sequence,602.9381965979767,1143.6879248345554,6,0,0,nan,nan,nan,2,True,8.704999345354736e-05,0.0,0.0,0.00027923341239550147,530006.0052803475,715243.7586493706,12.42245445418702,True,True,False,45.0,45,45,45.0,45,45,0.0,0,0,45.0,45,45,6.5,6,7,6.5,6,7,0.0,0,0,0.0,0,0,0.0,0,0,38.5,38,39
poorly_conditioned,outlier_strong,initial_batch_no_updates,True,2.0,2,0,2,0.0,0.0,0.6576197724933469,0,0.0,0.0,0.6576197724933469,"{""not_initialized"": 2}",nan,nan,nan,nan,0,2,nan,nan,nan,0.0,0.0,0.6576197724933469,0,linear,whole_base_sequence,nan,nan,6,0,0,nan,nan,nan,2,True,3.249995643272996e-06,0.0,nan,nan,nan,nan,1.789013239817778,True,True,False,45.0,45,45,45.0,45,45,0.0,0,0,5.0,5,5,0.0,0,0,0.0,0,0,0.0,0,0,0.0,0,0,0.0,0,0,5.0,5,5
poorly_conditioned,outlier_strong,initial_batch_no_updates,True,2.5,2,2,0,1.0,0.34238022750665303,1.0,2,1.0,0.34238022750665303,1.0,{},10.423547876190792,14.00942291907711,10.110722684130899,13.601822527939099,2,2,0.5,0.09453120573423074,0.9054687942657693,0.5,0.09453120573423074,0.9054687942657693,1,linear,whole_base_sequence,602.9381965979723,1143.6879248345465,6,0,0,nan,nan,nan,2,True,0.00013895001029595733,0.0,0.0,0.014482403253517873,202.35711695883296,289.07103058410917,2.4132316630875192,True,True,False,45.0,45,45,45.0,45,45,0.0,0,0,6.5,6,7,6.5,6,7,6.5,6,7,0.0,0,0,0.0,0,0,0.0,0,0,0.0,0,0
poorly_conditioned,outlier_strong,initial_batch_no_updates,True,3.0,2,2,0,1.0,0.34238022750665303,1.0,2,1.0,0.34238022750665303,1.0,{},15.433295154365597,20.751741852541628,10.110722684130899,13.601822527939099,2,2,0.5,0.09453120573423074,0.9054687942657693,0.5,0.09453120573423074,0.9054687942657693,1,linear,whole_base_sequence,602.938196597973,1143.687924834548,6,0,0,nan,nan,nan,2,True,0.00011145000462420285,0.0,0.0,0.009574837539055216,460.3780227947291,652.3803634346508,2.8451971048492903,True,True,False,45.0,45,45,45.0,45,45,0.0,0,0,9.0,9,9,6.5,6,7,6.5,6,7,0.0,0,0,0.0,0,0,0.0,0,0,2.5,2,3
poorly_conditioned,outlier_strong,initial_batch_no_updates,True,3.5,2,2,0,1.0,0.34238022750665303,1.0,2,1.0,0.34238022750665303,1.0,{},20.465488142577673,27.522893163104392,10.110722684130899,13.601822527939099,2,2,0.5,0.09453120573423074,0.9054687942657693,0.5,0.09453120573423074,0.9054687942657693,1,linear,whole_base_sequence,602.9381965979713,1143.687924834545,6,0,0,nan,nan,nan,2,True,0.0001487500121584162,0.0,0.0,0.006694691716185818,937.6228896420765,1319.0268719239257,3.43688567213205,True,True,False,45.0,45,45,45.0,45,45,0.0,0,0,11.5,11,12,6.5,6,7,6.5,6,7,0.0,0,0,0.0,0,0,0.0,0,0,5.0,5,5
poorly_conditioned,outlier_strong,initial_batch_no_updates,True,4.0,2,2,0,1.0,0.34238022750665303,1.0,2,1.0,0.34238022750665303,1.0,{},25.506845494962906,34.3058119440897,10.110722684130899,13.601822527939099,2,2,0.5,0.09453120573423074,0.9054687942657693,0.5,0.09453120573423074,0.9054687942657693,1,linear,whole_base_sequence,602.938196597972,1143.687924834546,6,0,0,nan,nan,nan,2,True,0.00011990001075901091,0.0,0.0,0.004904232783453356,1741.5246134541587,2434.9441541413926,3.8683701910815635,True,True,False,45.0,45,45,45.0,45,45,0.0,0,0,12.5,12,13,6.5,6,7,6.5,6,7,0.0,0,0,0.0,0,0,0.0,0,0,6.0,5,7
poorly_conditioned,outlier_strong,initial_batch_no_updates,True,4.5,2,2,0,1.0,0.34238022750665303,1.0,2,1.0,0.34238022750665303,1.0,{},30.55283106181048,41.094674057969,10.110722684130899,13.601822527939099,2,2,0.5,0.09453120573423074,0.9054687942657693,0.5,0.09453120573423074,0.9054687942657693,1,linear,whole_base_sequence,602.938196597971,1143.6879248345442,6,0,0,nan,nan,nan,2,True,8.515000808984041e-05,0.0,0.0,0.003730350058328242,3002.6292764375876,4176.848488180869,4.425125971751172,True,True,False,45.0,45,45,45.0,45,45,0.0,0,0,15.0,15,15,6.5,6,7,6.5,6,7,0.0,0,0,0.0,0,0,0.0,0,0,8.5,8,9
poorly_conditioned,outlier_strong,initial_batch_no_updates,True,5.0,2,2,0,1.0,0.34238022750665303,1.0,2,1.0,0.34238022750665303,1.0,{},35.601476953587934,47.88695309075854,10.110722684130899,13.601822527939099,2,2,0.5,0.09453120573423074,0.9054687942657693,0.5,0.09453120573423074,0.9054687942657693,1,linear,whole_base_sequence,602.9381965979662,1143.6879248345351,6,0,0,nan,nan,nan,2,True,8.40499997138977e-05,0.0,0.0,0.0029249543187810432,4874.600929552245,6752.242630935308,4.868657656895602,True,True,False,45.0,45,45,45.0,45,45,0.0,0,0,16.0,16,16,6.5,6,7,6.5,6,7,0.0,0,0,0.0,0,0,0.0,0,0,9.5,9,10
poorly_conditioned,outlier_strong,initial_batch_no_updates,True,5.5,2,2,0,1.0,0.34238022750665303,1.0,2,1.0,0.34238022750665303,1.0,{},40.6517920055177,54.68137643906557,10.110722684130899,13.601822527939099,2,2,0.5,0.09453120573423074,0.9054687942657693,0.5,0.09453120573423074,0.9054687942657693,1,linear,whole_base_sequence,602.9381965979711,1143.6879248345444,6,0,0,nan,nan,nan,2,True,0.00010550001752562821,0.0,0.0,0.002350964844258519,7534.223248189153,10399.417131775926,5.162754229854422,True,True,False,45.0,45,45,45.0,45,45,0.0,0,0,18.0,18,18,6.5,6,7,6.5,6,7,0.0,0,0,0.0,0,0,0.0,0,0,11.5,11,12
poorly_conditioned,outlier_strong,initial_batch_no_updates,True,6.0,2,2,0,1.0,0.34238022750665303,1.0,2,1.0,0.34238022750665303,1.0,{},45.70322288242476,61.47723353538808,10.110722684130899,13.601822527939099,2,2,0.5,0.09453120573423074,0.9054687942657693,0.5,0.09453120573423074,0.9054687942657693,1,linear,whole_base_sequence,602.9381965979729,1143.6879248345479,6,0,0,nan,nan,nan,2,True,8.815000182949007e-05,0.0,0.0,0.0019286728973176325,11181.400166718571,15387.450830616448,5.93381898535994,True,True,False,45.0,45,45,45.0,45,45,0.0,0,0,20.5,20,21,6.5,6,7,6.5,6,7,0.0,0,0,0.0,0,0,0.0,0,0,14.0,14,14
poorly_conditioned,outlier_strong,initial_batch_no_updates,True,6.5,2,2,0,1.0,0.34238022750665303,1.0,2,1.0,0.34238022750665303,1.0,{},50.75543642821933,68.27409648124367,10.110722684130899,13.601822527939099,2,2,0.5,0.09453120573423074,0.9054687942657693,0.5,0.09453120573423074,0.9054687942657693,1,linear,whole_base_sequence,602.9381965979684,1143.6879248345392,6,0,0,nan,nan,nan,2,True,0.00013279999257065356,0.0,0.0,0.0016095525869907162,16039.15615003871,22016.211065837568,6.2684021152214005,True,True,False,45.0,45,45,45.0,45,45,0.0,0,0,21.5,21,22,6.5,6,7,6.5,6,7,0.0,0,0,0.0,0,0,0.0,0,0,15.0,14,16
poorly_conditioned,outlier_strong,initial_batch_no_updates,True,7.0,2,2,0,1.0,0.34238022750665303,1.0,2,1.0,0.34238022750665303,1.0,{},55.80822008266464,75.07169222216757,10.110722684130899,13.601822527939099,2,2,0.5,0.09453120573423074,0.9054687942657693,0.5,0.09453120573423074,0.9054687942657693,1,linear,whole_base_sequence,602.9381965979658,1143.6879248345342,6,0,0,nan,nan,nan,2,True,0.00014459998055826873,0.0,0.0,0.0013628480558222841,22353.63632191458,30616.35376861909,6.705398745234682,True,True,False,45.0,45,45,45.0,45,45,0.0,0,0,24.0,24,24,6.5,6,7,6.5,6,7,0.0,0,0,0.0,0,0,0.0,0,0,17.5,17,18
poorly_conditioned,outlier_strong,initial_batch_no_updates,True,7.5,2,2,0,1.0,0.34238022750665303,1.0,2,1.0,0.34238022750665303,1.0,{},60.8614318527666,81.86983832495312,10.110722684130899,13.601822527939099,2,2,0.5,0.09453120573423074,0.9054687942657693,0.5,0.09453120573423074,0.9054687942657693,1,linear,whole_base_sequence,602.9381965979758,1143.6879248345533,6,0,0,nan,nan,nan,2,True,0.00011935000657103956,0.0,0.0,0.001168370268699223,30394.106531075468,41549.323508866146,7.425735637315307,True,True,False,45.0,45,45,45.0,45,45,0.0,0,0,26.5,26,27,6.5,6,7,6.5,6,7,0.0,0,0,0.0,0,0,0.0,0,0,20.0,20,20
poorly_conditioned,outlier_strong,initial_batch_no_updates,True,8.0,2,2,0,1.0,0.34238022750665303,1.0,2,1.0,0.34238022750665303,1.0,{},65.91497327724917,88.66840826740467,10.110722684130899,13.601822527939099,2,2,0.5,0.09453120573423074,0.9054687942657693,0.5,0.09453120573423074,0.9054687942657693,1,linear,whole_base_sequence,602.9381965979529,1143.6879248345099,6,0,0,nan,nan,nan,2,True,8.739999611862004e-05,0.0,0.0,0.0010124550610804879,40452.95338804996,55207.35351997768,7.908114069620163,True,True,False,45.0,45,45,45.0,45,45,0.0,0,0,28.0,28,28,6.5,6,7,6.5,6,7,0.0,0,0,0.0,0,0,0.0,0,0,21.5,21,22
poorly_conditioned,outlier_strong,initial_batch_no_updates,True,8.5,2,2,0,1.0,0.34238022750665303,1.0,2,1.0,0.34238022750665303,1.0,{},70.9687739341021,95.46731154537186,10.110722684130899,13.601822527939099,2,2,0.5,0.09453120573423074,0.9054687942657693,0.5,0.09453120573423074,0.9054687942657693,1,linear,whole_base_sequence,602.9381965979804,1143.6879248345622,6,0,0,nan,nan,nan,2,True,8.644998888485134e-05,0.0,0.0,0.0008856035596272596,52845.68428702779,72013.46571219976,8.452543436121086,True,True,False,45.0,45,45,45.0,45,45,0.0,0,0,30.0,30,30,6.5,6,7,6.5,6,7,0.0,0,0,0.0,0,0,0.0,0,0,23.5,23,24
poorly_conditioned,outlier_strong,initial_batch_no_updates,True,9.0,2,2,0,1.0,0.34238022750665303,1.0,2,1.0,0.34238022750665303,1.0,{},76.02278212402258,102.26648170832759,10.110722684130899,13.601822527939099,2,2,0.5,0.09453120573423074,0.9054687942657693,0.5,0.09453120573423074,0.9054687942657693,1,linear,whole_base_sequence,602.9381965979727,1143.6879248345474,6,0,0,nan,nan,nan,2,True,0.00011529999028425664,0.0,0.0,0.0007810551861907124,67910.92741738533,92421.47067689411,8.970861479749196,True,True,False,45.0,45,45,45.0,45,45,0.0,0,0,32.0,32,32,6.5,6,7,6.5,6,7,0.0,0,0,0.0,0,0,0.0,0,0,25.5,25,26
poorly_conditioned,outlier_strong,initial_batch_no_updates,True,9.5,2,2,0,1.0,0.34238022750665303,1.0,2,1.0,0.34238022750665303,1.0,{},81.0769590367154,109.06586886671525,10.110722684130899,13.601822527939099,2,2,0.5,0.09453120573423074,0.9054687942657693,0.5,0.09453120573423074,0.9054687942657693,1,linear,whole_base_sequence,602.9381965979779,1143.6879248345574,6,0,0,nan,nan,nan,2,True,0.00011434998305048794,0.0,0.0,0.0006938970392199868,86010.43177475287,116915.9676957413,9.432187238904602,True,True,False,45.0,45,45,45.0,45,45,0.0,0,0,33.5,33,34,6.5,6,7,6.5,6,7,0.0,0,0,0.0,0,0,0.0,0,0,27.0,27,27
poorly_conditioned,outlier_strong,offline_full_record_noncausal,False,14.5,2,2,0,1.0,0.34238022750665303,1.0,2,1.0,0.34238022750665303,1.0,{},5.4291799908478175,7.12055712254901,0.44107026061428023,0.5769847999314704,2,2,0.0,0.0,0.6576197724933469,0.0,0.0,0.6576197724933469,0,linear,whole_base_sequence,564.2904867725155,913.8722507314965,6,0,0,nan,nan,nan,2,True,0.30824425000173505,0.0,0.0,8.446304116995967e-05,2142.930264413366,2336.6012903644464,12.42245445418702,True,True,False,45.0,45,45,45.0,45,45,0.0,0,0,45.0,45,45,45.0,45,45,0.0,0,0,0.0,0,0,0.0,0,0,0.0,0,0,0.0,0,0
poorly_conditioned,outlier_strong,retarded_ekf,True,0.0,2,0,2,0.0,0.0,0.6576197724933469,0,0.0,0.0,0.6576197724933469,"{""not_initialized"": 2}",nan,nan,nan,nan,0,2,nan,nan,nan,0.0,0.0,0.6576197724933469,0,linear,whole_base_sequence,nan,nan,6,0,0,nan,nan,nan,2,True,1.6249992768280208e-05,0.0,nan,nan,nan,nan,nan,True,True,False,45.0,45,45,45.0,45,45,0.0,0,0,0.0,0,0,0.0,0,0,0.0,0,0,0.0,0,0,0.0,0,0,0.0,0,0,0.0,0,0
poorly_conditioned,outlier_strong,retarded_ekf,True,0.5,2,0,2,0.0,0.0,0.6576197724933469,0,0.0,0.0,0.6576197724933469,"{""not_initialized"": 2}",nan,nan,nan,nan,0,2,nan,nan,nan,0.0,0.0,0.6576197724933469,0,linear,whole_base_sequence,nan,nan,6,0,0,nan,nan,nan,2,True,8.050003089010715e-06,0.0,nan,nan,nan,nan,nan,True,True,False,45.0,45,45,45.0,45,45,0.0,0,0,0.0,0,0,0.0,0,0,0.0,0,0,0.0,0,0,0.0,0,0,0.0,0,0,0.0,0,0
poorly_conditioned,outlier_strong,retarded_ekf,True,1.0,2,0,2,0.0,0.0,0.6576197724933469,0,0.0,0.0,0.6576197724933469,"{""not_initialized"": 2}",nan,nan,nan,nan,0,2,nan,nan,nan,0.0,0.0,0.6576197724933469,0,linear,whole_base_sequence,nan,nan,6,0,0,nan,nan,nan,2,True,9.525001223664731e-05,0.0,nan,nan,nan,nan,0.876206866256791,True,True,False,45.0,45,45,45.0,45,45,0.0,0,0,1.5,1,2,0.0,0,0,0.0,0,0,0.0,0,0,0.0,0,0,0.0,0,0,1.5,1,2
poorly_conditioned,outlier_strong,retarded_ekf,True,1.5,2,0,2,0.0,0.0,0.6576197724933469,0,0.0,0.0,0.6576197724933469,"{""not_initialized"": 2}",nan,nan,nan,nan,0,2,nan,nan,nan,0.0,0.0,0.6576197724933469,0,linear,whole_base_sequence,nan,nan,6,0,0,nan,nan,nan,2,True,0.00012004999734926969,0.0,nan,nan,nan,nan,1.273375333468253,True,True,False,45.0,45,45,45.0,45,45,0.0,0,0,3.0,3,3,0.0,0,0,0.0,0,0,0.0,0,0,0.0,0,0,0.0,0,0,3.0,3,3
poorly_conditioned,outlier_strong,retarded_ekf,True,10.0,2,1,1,0.5,0.09453120573423074,0.9054687942657693,1,0.5,0.09453120573423074,0.9054687942657693,"{""initialization_failed:initialization_quality_gate_failed"": 1}",3.4043153412063285,3.4043153412063285,0.21170130008650273,0.21170130008650273,1,2,0.0,0.0,0.7934506856227626,0.0,0.0,0.6576197724933469,0,linear,whole_base_sequence,271.422557229937,271.422557229937,6,2,0,22.75320481089618,35.77389833879193,0.0,2,True,0.10629779999726452,0.0004655999946407974,0.0,0.0002531766814129899,521.2031559326949,521.2031559326949,9.800091873010803,True,True,False,45.0,45,45,45.0,45,45,0.0,0,0,35.0,35,35,21.0,7,35,6.5,6,7,14.5,0,29,0.0,0,0,0.0,0,0,14.0,0,28
poorly_conditioned,outlier_strong,retarded_ekf,True,10.5,2,1,1,0.5,0.09453120573423074,0.9054687942657693,1,0.5,0.09453120573423074,0.9054687942657693,"{""initialization_failed:initialization_quality_gate_failed"": 1}",2.936303775793323,2.936303775793323,0.15412037792772768,0.15412037792772768,1,2,0.0,0.0,0.7934506856227626,0.0,0.0,0.6576197724933469,0,linear,whole_base_sequence,252.19655121045113,252.19655121045113,6,1,0,23.998261759716524,23.998261759716524,0.0,2,True,0.34652925000409596,0.00024120000307448208,0.0,0.00021953060992953045,569.2896701348442,569.2896701348442,10.447193474048678,True,True,False,45.0,45,45,45.0,45,45,0.0,0,0,37.0,36,38,21.5,7,36,6.5,6,7,15.0,0,30,0.0,0,0,0.0,0,0,15.5,0,31
poorly_conditioned,outlier_strong,retarded_ekf,True,11.0,2,1,1,0.5,0.09453120573423074,0.9054687942657693,1,0.5,0.09453120573423074,0.9054687942657693,"{""initialization_failed:initialization_quality_gate_failed"": 1}",3.6343171555466998,3.6343171555466998,0.7858815963820039,0.7858815963820039,1,2,0.0,0.0,0.7934506856227626,0.0,0.0,0.6576197724933469,0,linear,whole_base_sequence,388.4124791235492,388.4124791235492,6,3,0,1110.293219639076,2976.8852854939387,0.0,2,True,0.14673480001511052,0.0006941999890841544,0.0,0.00019165339315929604,575.2265674363371,575.2265674363371,10.890077549911041,True,True,False,45.0,45,45,45.0,45,45,0.0,0,0,39.0,39,39,23.0,7,39,6.5,6,7,16.5,0,33,0.0,0,0,0.0,0,0,16.0,0,32
poorly_conditioned,outlier_strong,retarded_ekf,True,11.5,2,1,1,0.5,0.09453120573423074,0.9054687942657693,1,0.5,0.09453120573423074,0.9054687942657693,"{""initialization_failed:initialization_quality_gate_failed"": 1}",2.5783164569401666,2.5783164569401666,0.26526823078282935,0.26526823078282935,1,2,0.0,0.0,0.7934506856227626,0.0,0.0,0.6576197724933469,0,linear,whole_base_sequence,229.08616157380723,229.08616157380723,6,2,0,951.6678842511509,1805.0050166045996,0.5,2,True,0.4446215499920072,0.0004804500058526173,0.0,0.00016840234445106381,667.5032102291893,667.5032102291893,11.488009157249133,True,True,False,45.0,45,45,45.0,45,45,0.0,0,0,41.5,41,42,24.0,7,41,6.5,6,7,17.5,0,35,0.0,0,0,0.0,0,0,17.5,0,35
poorly_conditioned,outlier_strong,retarded_ekf,True,12.0,2,1,1,0.5,0.09453120573423074,0.9054687942657693,1,0.5,0.09453120573423074,0.9054687942657693,"{""initialization_failed:initialization_quality_gate_failed"": 1}",2.3425766936844177,2.3425766936844177,0.22802697858627774,0.22802697858627774,1,2,0.0,0.0,0.7934506856227626,0.0,0.0,0.6576197724933469,0,linear,whole_base_sequence,212.63547412279004,212.63547412279004,6,1,0,17.61755384815479,17.61755384815479,0.0,2,True,0.0009328000014647841,0.0002482999989297241,0.0,0.00014878922475214563,761.5668994649837,761.5668994649837,11.656786049906215,True,True,False,45.0,45,45,45.0,45,45,0.0,0,0,42.0,42,42,24.5,7,42,6.5,6,7,18.0,0,36,0.0,0,0,0.0,0,0,17.5,0,35
poorly_conditioned,outlier_strong,retarded_ekf,True,12.5,2,1,1,0.5,0.09453120573423074,0.9054687942657693,1,0.5,0.09453120573423074,0.9054687942657693,"{""initialization_failed:initialization_quality_gate_failed"": 1}",1.8481246068200907,1.8481246068200907,0.1927922739878612,0.1927922739878612,1,2,0.0,0.0,0.7934506856227626,0.0,0.0,0.6576197724933469,0,linear,whole_base_sequence,193.39385480205496,193.39385480205496,6,3,0,7.738473274594052,14.801784007085882,0.3333333333333333,2,True,0.4009682000032626,0.0007717500120634213,0.0,0.00013212637482115845,787.62606380832,787.62606380832,12.42245445418702,True,True,False,45.0,45,45,45.0,45,45,0.0,0,0,45.0,45,45,26.0,7,45,6.5,6,7,19.5,0,39,0.0,0,0,0.0,0,0,19.0,0,38
poorly_conditioned,outlier_strong,retarded_ekf,True,14.5,2,1,1,0.5,0.09453120573423074,0.9054687942657693,1,0.5,0.09453120573423074,0.9054687942657693,"{""initialization_failed:initialization_quality_gate_failed"": 1}",2.020945026606065,2.020945026606065,0.1927922739878612,0.1927922739878612,1,2,0.0,0.0,0.7934506856227626,0.0,0.0,0.6576197724933469,0,linear,whole_base_sequence,193.3938548020546,193.3938548020546,6,0,0,nan,nan,nan,2,True,0.00011530000483617187,0.0,0.0,8.60066621857034e-05,1885.9411919049808,1885.9411919049808,12.42245445418702,True,True,False,45.0,45,45,45.0,45,45,0.0,0,0,45.0,45,45,26.0,7,45,6.5,6,7,19.5,0,39,0.0,0,0,0.0,0,0,19.0,0,38
poorly_conditioned,outlier_strong,retarded_ekf,True,2.0,2,0,2,0.0,0.0,0.6576197724933469,0,0.0,0.0,0.6576197724933469,"{""not_initialized"": 2}",nan,nan,nan,nan,0,2,nan,nan,nan,0.0,0.0,0.6576197724933469,0,linear,whole_base_sequence,nan,nan,6,0,0,nan,nan,nan,2,True,0.00029150000773370266,0.0,nan,nan,nan,nan,1.789013239817778,True,True,False,45.0,45,45,45.0,45,45,0.0,0,0,5.0,5,5,0.0,0,0,0.0,0,0,0.0,0,0,0.0,0,0,0.0,0,0,5.0,5,5
poorly_conditioned,outlier_strong,retarded_ekf,True,2.5,2,1,1,0.5,0.09453120573423074,0.9054687942657693,1,0.5,0.09453120573423074,0.9054687942657693,"{""initialization_failed:initialization_quality_gate_failed"": 1}",1.4322404787106762,1.4322404787106762,0.9027834913625277,0.9027834913625277,1,2,1.0,0.20654931437723745,1.0,0.5,0.09453120573423074,0.9054687942657693,1,linear,whole_base_sequence,2.1051652240007495,2.1051652240007495,6,0,0,nan,nan,nan,2,True,0.1130758500075899,0.0,0.0,0.014482403253517873,289.07103058410917,289.07103058410917,2.4132316630875192,True,True,False,45.0,45,45,45.0,45,45,0.0,0,0,6.5,6,7,6.5,6,7,6.5,6,7,0.0,0,0,0.0,0,0,0.0,0,0,0.0,0,0
poorly_conditioned,outlier_strong,retarded_ekf,True,3.0,2,1,1,0.5,0.09453120573423074,0.9054687942657693,1,0.5,0.09453120573423074,0.9054687942657693,"{""initialization_failed:initialization_quality_gate_failed"": 1}",0.5545031184299435,0.5545031184299435,0.3406643713454747,0.3406643713454747,1,2,1.0,0.20654931437723745,1.0,0.5,0.09453120573423074,0.9054687942657693,1,linear,whole_base_sequence,2.3410771960324928,2.3410771960324928,6,3,0,1.2794873610151798,1.8956392885701951,1.0,2,True,0.1058665500022471,0.0012235999893164262,0.0,0.00835626791512716,148.1412986855152,148.1412986855152,2.8451971048492903,True,True,False,45.0,45,45,45.0,45,45,0.0,0,0,9.0,9,9,8.0,7,9,6.5,6,7,1.5,0,3,0.0,0,0,0.0,0,0,1.0,0,2
poorly_conditioned,outlier_strong,retarded_ekf,True,3.5,2,1,1,0.5,0.09453120573423074,0.9054687942657693,1,0.5,0.09453120573423074,0.9054687942657693,"{""initialization_failed:initialization_quality_gate_failed"": 1}",1.4121378521799515,1.4121378521799515,0.6581481871070843,0.6581481871070843,1,2,1.0,0.20654931437723745,1.0,0.5,0.09453120573423074,0.9054687942657693,1,linear,whole_base_sequence,5.564000329850075,5.564000329850075,6,2,0,2.6329063155677126,2.8730820744958354,1.0,2,True,0.160728350005229,0.0004795499989995733,0.0,0.005422299293289839,175.11332162978056,175.11332162978056,3.43688567213205,True,True,False,45.0,45,45,45.0,45,45,0.0,0,0,11.5,11,12,9.0,7,11,6.5,6,7,2.5,0,5,0.0,0,0,0.0,0,0,2.5,0,5
poorly_conditioned,outlier_strong,retarded_ekf,True,4.0,2,1,1,0.5,0.09453120573423074,0.9054687942657693,1,0.5,0.09453120573423074,0.9054687942657693,"{""initialization_failed:initialization_quality_gate_failed"": 1}",0.5646692360335256,0.5646692360335256,0.23760557464232268,0.23760557464232268,1,2,1.0,0.20654931437723745,1.0,0.5,0.09453120573423074,0.9054687942657693,1,linear,whole_base_sequence,2.765103392487737,2.765103392487737,6,2,0,2.327827486970707,3.071376761750938,1.0,2,True,0.0016540000069653615,0.0008423000108450651,0.0,0.003750163643151787,154.40665781802784,154.40665781802784,3.8683701910815635,True,True,False,45.0,45,45,45.0,45,45,0.0,0,0,12.5,12,13,10.0,7,13,6.5,6,7,3.5,0,7,0.0,0,0,0.0,0,0,2.5,0,5
poorly_conditioned,outlier_strong,retarded_ekf,True,4.5,2,1,1,0.5,0.09453120573423074,0.9054687942657693,1,0.5,0.09453120573423074,0.9054687942657693,"{""initialization_failed:initialization_quality_gate_failed"": 1}",0.3552547447493053,0.3552547447493053,0.15869475139188816,0.15869475139188816,1,2,1.0,0.20654931437723745,1.0,0.5,0.09453120573423074,0.9054687942657693,1,linear,whole_base_sequence,1.6614615254311853,1.6614615254311853,6,2,0,1.3360784456076602,1.9864372694869055,1.0,2,True,0.1615968999976758,0.000883749991771765,0.0,0.002650171453141068,173.38849060028127,173.38849060028127,4.425125971751172,True,True,False,45.0,45,45,45.0,45,45,0.0,0,0,15.0,15,15,11.0,7,15,6.5,6,7,4.5,0,9,0.0,0,0,0.0,0,0,4.0,0,8
poorly_conditioned,outlier_strong,retarded_ekf,True,5.0,2,1,1,0.5,0.09453120573423074,0.9054687942657693,1,0.5,0.09453120573423074,0.9054687942657693,"{""initialization_failed:initialization_quality_gate_failed"": 1}",0.6091360459607452,0.6091360459607452,0.22697429653360549,0.22697429653360549,1,2,1.0,0.20654931437723745,1.0,0.5,0.09453120573423074,0.9054687942657693,1,linear,whole_base_sequence,2.757744773791922,2.757744773791922,6,1,0,2.0120964871809472,2.0120964871809472,1.0,2,True,0.06521055000484921,0.0002476499939803034,0.0,0.001965480266153124,240.61236738166517,240.61236738166517,4.868657656895602,True,True,False,45.0,45,45,45.0,45,45,0.0,0,0,16.0,16,16,11.5,7,16,6.5,6,7,5.0,0,10,0.0,0,0,0.0,0,0,4.5,0,9
poorly_conditioned,outlier_strong,retarded_ekf,True,5.5,2,1,1,0.5,0.09453120573423074,0.9054687942657693,1,0.5,0.09453120573423074,0.9054687942657693,"{""initialization_failed:initialization_quality_gate_failed"": 1}",0.41596152608825226,0.41596152608825226,0.0952494308391036,0.0952494308391036,1,2,1.0,0.20654931437723745,1.0,0.5,0.09453120573423074,0.9054687942657693,1,linear,whole_base_sequence,2.1607185022831237,2.1607185022831237,6,2,0,4.7791144648862005,6.689290932369674,0.5,2,True,0.11231130000669509,0.0004819999885512516,0.0,0.0014779810591547566,258.8881761595121,258.8881761595121,5.162754229854422,True,True,False,45.0,45,45,45.0,45,45,0.0,0,0,18.0,18,18,12.5,7,18,6.5,6,7,6.0,0,12,0.0,0,0,0.0,0,0,5.5,0,11
poorly_conditioned,outlier_strong,retarded_ekf,True,6.0,2,1,1,0.5,0.09453120573423074,0.9054687942657693,1,0.5,0.09453120573423074,0.9054687942657693,"{""initialization_failed:projected_kkt_not_satisfied"": 1}",8.09145562859028,8.09145562859028,1.8499037752947785,1.8499037752947785,1,2,0.0,0.0,0.7934506856227626,0.0,0.0,0.6576197724933469,0,linear,whole_base_sequence,237.04434101392854,237.04434101392854,6,2,0,717.8830742879101,1327.2307691712565,0.0,2,True,0.233848849995411,0.0007147000142140314,0.0,0.001142923889018385,305.8772756761058,305.8772756761058,5.93381898535994,True,True,False,45.0,45,45,45.0,45,45,0.0,0,0,20.5,20,21,13.5,7,20,6.5,6,7,7.0,0,14,0.0,0,0,0.0,0,0,7.0,0,14
poorly_conditioned,outlier_strong,retarded_ekf,True,6.5,2,1,1,0.5,0.09453120573423074,0.9054687942657693,1,0.5,0.09453120573423074,0.9054687942657693,"{""initialization_failed:projected_kkt_not_satisfied"": 1}",6.378666072228042,6.378666072228042,1.285563480170621,1.285563480170621,1,2,0.0,0.0,0.7934506856227626,0.0,0.0,0.6576197724933469,0,linear,whole_base_sequence,198.22578177890904,198.22578177890904,6,2,0,23.69921935780794,26.40666496439057,0.0,2,True,0.0011372999870218337,0.00047914999595377594,0.0,0.0009033035799524896,282.5469649818661,282.5469649818661,6.2684021152214005,True,True,False,45.0,45,45,45.0,45,45,0.0,0,0,21.5,21,22,14.5,7,22,6.5,6,7,8.0,0,16,0.0,0,0,0.0,0,0,7.0,0,14
poorly_conditioned,outlier_strong,retarded_ekf,True,7.0,2,1,1,0.5,0.09453120573423074,0.9054687942657693,1,0.5,0.09453120573423074,0.9054687942657693,"{""initialization_failed:initialization_quality_gate_failed"": 1}",4.906645240533858,4.906645240533858,0.8518388700201681,0.8518388700201681,1,2,0.0,0.0,0.7934506856227626,0.0,0.0,0.6576197724933469,0,linear,whole_base_sequence,155.0387781831327,155.0387781831327,6,2,0,25.2050277630495,29.264826843052976,0.0,2,True,0.27604510000674054,0.000876649995916523,0.0,0.0007242969295249704,281.7443537145282,281.7443537145282,6.705398745234682,True,True,False,45.0,45,45,45.0,45,45,0.0,0,0,24.0,24,24,15.5,7,24,6.5,6,7,9.0,0,18,0.0,0,0,0.0,0,0,8.5,0,17
poorly_conditioned,outlier_strong,retarded_ekf,True,7.5,2,1,1,0.5,0.09453120573423074,0.9054687942657693,1,0.5,0.09453120573423074,0.9054687942657693,"{""initialization_failed:initialization_quality_gate_failed"": 1}",10.655253864676984,10.655253864676984,1.8652741613757864,1.8652741613757864,1,2,0.0,0.0,0.7934506856227626,0.0,0.0,0.6576197724933469,0,linear,whole_base_sequence,759.770509260456,759.770509260456,6,2,0,1084.544014821885,2044.8502813726975,0.0,2,True,0.2878729000076419,0.0008382000087294728,0.0,0.0005905406309340538,355.5499814141068,355.5499814141068,7.425735637315307,True,True,False,45.0,45,45,45.0,45,45,0.0,0,0,26.5,26,27,16.5,7,26,6.5,6,7,10.0,0,20,0.0,0,0,0.0,0,0,10.0,0,20
poorly_conditioned,outlier_strong,retarded_ekf,True,8.0,2,1,1,0.5,0.09453120573423074,0.9054687942657693,1,0.5,0.09453120573423074,0.9054687942657693,"{""initialization_failed:initialization_quality_gate_failed"": 1}",7.744658734016118,7.744658734016118,1.1738885374641819,1.1738885374641819,1,2,0.0,0.0,0.7934506856227626,0.0,0.0,0.6576197724933469,0,linear,whole_base_sequence,552.7402817159543,552.7402817159543,6,2,0,106.51541157005586,133.31855074892758,0.0,2,True,0.09512065000308212,0.000477250010590069,0.0,0.0004880804023853899,337.6085462276278,337.6085462276278,7.908114069620163,True,True,False,45.0,45,45,45.0,45,45,0.0,0,0,28.0,28,28,17.5,7,28,6.5,6,7,11.0,0,22,0.0,0,0,0.0,0,0,10.5,0,21
poorly_conditioned,outlier_strong,retarded_ekf,True,8.5,2,1,1,0.5,0.09453120573423074,0.9054687942657693,1,0.5,0.09453120573423074,0.9054687942657693,"{""initialization_failed:initialization_quality_gate_failed"": 1}",5.734005222408748,5.734005222408748,0.7143287030660264,0.7143287030660264,1,2,0.0,0.0,0.7934506856227626,0.0,0.0,0.6576197724933469,0,linear,whole_base_sequence,414.3177388042561,414.3177388042561,6,2,0,70.03010253857556,89.55524567196167,0.0,2,True,0.19239464998827316,0.0004682500002672896,0.0,0.0004079809333071648,330.65585589446937,330.65585589446937,8.452543436121086,True,True,False,45.0,45,45,45.0,45,45,0.0,0,0,30.0,30,30,18.5,7,30,6.5,6,7,12.0,0,24,0.0,0,0,0.0,0,0,11.5,0,23
poorly_conditioned,outlier_strong,retarded_ekf,True,9.0,2,1,1,0.5,0.09453120573423074,0.9054687942657693,1,0.5,0.09453120573423074,0.9054687942657693,"{""initialization_failed:initialization_quality_gate_failed"": 1}",4.8335420490651595,4.8335420490651595,0.495526379472404,0.495526379472404,1,2,0.0,0.0,0.7934506856227626,0.0,0.0,0.6576197724933469,0,linear,whole_base_sequence,346.7555269483542,346.7555269483542,6,2,0,34.25026732741736,49.531071359751856,0.0,2,True,0.18528930000320543,0.0005401499947765842,0.0,0.00034482516349312046,405.99437667043674,405.99437667043674,8.970861479749196,True,True,False,45.0,45,45,45.0,45,45,0.0,0,0,32.0,32,32,19.5,7,32,6.5,6,7,13.0,0,26,0.0,0,0,0.0,0,0,12.5,0,25
poorly_conditioned,outlier_strong,retarded_ekf,True,9.5,2,1,1,0.5,0.09453120573423074,0.9054687942657693,1,0.5,0.09453120573423074,0.9054687942657693,"{""initialization_failed:initialization_quality_gate_failed"": 1}",4.1848857980122895,4.1848857980122895,0.361063978221069,0.361063978221069,1,2,0.0,0.0,0.7934506856227626,0.0,0.0,0.6576197724933469,0,linear,whole_base_sequence,316.20975975329844,316.20975975329844,6,1,0,33.39924693223148,33.39924693223148,0.0,2,True,0.22309500000847038,0.0004359500017017126,0.0,0.00029419887803790385,436.31678865396714,436.31678865396714,9.432187238904602,True,True,False,45.0,45,45,45.0,45,45,0.0,0,0,33.5,33,34,20.0,7,33,6.5,6,7,13.5,0,27,0.0,0,0,0.0,0,0,13.5,0,27
