processing_time_s,rank,condition_number,information_eigenvalue_min,information_eigenvalue_mid,information_eigenvalue_max,weak_direction_x,weak_direction_y,weak_direction_z,weak_direction_radial_alignment_abs,radial_sigma_m,transverse_sigma_rss_m,maximum_axis_sigma_m,maximum_axis_p95_scale_m,benchmark_sigma_theta_deg,benchmark_kind,source_run_id,index,trajectory,distance_m
45.9953125,3,11.133322819739579,0.021537662170532695,0.21846094511205275,0.23978574572703354,0.6926324335889974,0.6980143605659993,0.18175880827135274,0.999958856620026,6.8137230571386125,2.9582663207197264,6.813977885187235,19.04836263098973,1.0,local_static_Gaussian_linearization,range-272dde7dd08ac45c22d609f9,2,single_turn,200
46.0103125,3,11.133330684470478,0.0215376316275811,0.21846081396862035,0.23978557507017048,0.6926311764328815,0.6980146965389779,0.1817623086583174,0.9999588563249392,6.813727886558308,2.958267292072637,6.8139827167055405,19.04837613741935,1.0,local_static_Gaussian_linearization,range-272dde7dd08ac45c22d609f9,2,single_turn,200
46.0253125,3,11.133338668039478,0.021537600734411196,0.21846068156406911,0.23978540307321564,0.6926299242240207,0.6980150548994434,0.181765704144523,0.9999588560958732,6.813732771794461,2.9582682709021877,6.813987603634518,19.04838979874859,1.0,local_static_Gaussian_linearization,range-272dde7dd08ac45c22d609f9,2,single_turn,200
46.33664583333333,3,11.133469310079024,0.021537097934636276,0.21845855006824533,0.23978261888343932,0.6926060876863677,0.69802355353337,0.1818238873537528,0.999958856163481,6.8138123058478905,2.958284020877763,6.814067142007051,19.04861214695526,1.0,local_static_Gaussian_linearization,range-272dde7dd08ac45c22d609f9,2,single_turn,200
46.35164583333333,3,11.133469946881046,0.021537094667539742,0.21845853731807394,0.23978259622418577,0.6926051376105696,0.6980238383686291,0.18182641289034257,0.9999588559988581,6.813812821585775,2.9582841352128444,6.814067658841254,19.04861359175674,1.0,local_static_Gaussian_linearization,range-272dde7dd08ac45c22d609f9,2,single_turn,200
46.36664583333333,3,11.133469706398673,0.021537094626501604,0.21845853835116602,0.23978259058799722,0.6926042154881216,0.698024098930097,0.18182892509419127,0.9999588557921503,6.813812826744188,2.958284151194617,6.814067665333231,19.048613609904955,1.0,local_static_Gaussian_linearization,range-272dde7dd08ac45c22d609f9,2,single_turn,200
46.67797916666667,3,11.13323998264571,0.021537918910299464,0.21846208030248201,0.23978681995512713,0.6925923870860088,0.6980228480138916,0.18187877556515436,0.9999588396905028,6.813682339131616,2.9582593818513865,6.813937272528376,19.04824909897269,1.0,local_static_Gaussian_linearization,range-272dde7dd08ac45c22d609f9,2,single_turn,200
46.69297916666667,3,11.133218418051003,0.02153799713593224,0.21846241510498762,0.2397872264016906,0.6925921723548986,0.6980224607242703,0.1818810796019117,0.9999588383335363,6.81366995718453,2.958257018484577,6.813924898466028,19.04821450748578,1.0,local_static_Gaussian_linearization,range-272dde7dd08ac45c22d609f9,2,single_turn,200
46.70797916666667,3,11.133196049973243,0.02153807830724043,0.21846276245087048,0.23978764833418353,0.692591985517927,0.6980220472638567,0.1818833778274146,0.9999588369296872,6.8136571090806655,2.9582545657588275,6.813912058515519,19.048178613616212,1.0,local_static_Gaussian_linearization,range-272dde7dd08ac45c22d609f9,2,single_turn,200
47.0193125,3,11.13261346002648,0.021540197882240833,0.2184718255894204,0.23979869687546818,0.6925923319264973,0.6980097965718253,0.18192906762355326,0.9999588014951707,6.8133216482550525,2.9581904369017424,6.813576802705851,19.047241411537733,1.0,local_static_Gaussian_linearization,range-272dde7dd08ac45c22d609f9,2,single_turn,200
47.0343125,3,11.13258292173201,0.02154030915707686,0.21847230146980898,0.23979927785090147,0.692592444174197,0.6980091460912191,0.1819311359988135,0.9999587997075848,6.813304038835391,2.9581870662471292,6.813559203593993,19.04719221351122,1.0,local_static_Gaussian_linearization,range-272dde7dd08ac45c22d609f9,2,single_turn,200
47.0493125,3,11.132552450794305,0.02154042019776065,0.21847277638343887,0.23979985766371947,0.692592555442154,0.6980085003243254,0.1819331899931746,0.9999587979320391,6.813286466657756,2.9581837022804103,6.813541641651349,19.047143119390633,1.0,local_static_Gaussian_linearization,range-272dde7dd08ac45c22d609f9,2,single_turn,200
47.36064583333333,3,11.131989650154468,0.021542472965273174,0.21848156787330816,0.23981058608815342,0.6925930545055062,0.69799791307168,0.1819719049697307,0.9999587672238298,6.812961653832883,2.9581214154684456,6.813217005056483,19.046235603151732,1.0,local_static_Gaussian_linearization,range-272dde7dd08ac45c22d609f9,2,single_turn,200
47.37564583333333,3,11.13196802605752,0.02154255187626819,0.21848190651625357,0.2398109986863029,0.6925929399887595,0.6979975907269349,0.18197357724988716,0.9999587661406268,6.812949169133568,2.9581190168256635,6.813204526538883,19.046200719661893,1.0,local_static_Gaussian_linearization,range-272dde7dd08ac45c22d609f9,2,single_turn,200
47.39064583333333,3,11.131947028406532,0.021542628498855694,0.21848223541154554,0.23981139930190254,0.6925928102108255,0.6979972874189736,0.1819752345788465,0.9999587650967524,6.812937046602115,2.9581166874312625,6.8131924099621095,19.04616684797165,1.0,local_static_Gaussian_linearization,range-272dde7dd08ac45c22d609f9,2,single_turn,200
47.70197916666666,3,11.131654482187113,0.021543694564052536,0.21848682505036904,0.23981696415680553,0.6925868420697255,0.6979949887176424,0.18200676338241814,0.9999587516717556,6.8127683966644454,2.958084241715377,6.813023836342056,19.045695603201136,1.0,local_static_Gaussian_linearization,range-272dde7dd08ac45c22d609f9,2,single_turn,200
47.71697916666666,3,11.131646758978414,0.021543722557585413,0.2184869462283393,0.2398171093844758,0.6925864287692474,0.6979950301787833,0.18200817709756928,0.9999587513418294,6.812763968421357,2.958083389765113,6.813019409979152,19.04568322937675,1.0,local_static_Gaussian_linearization,range-272dde7dd08ac45c22d609f9,2,single_turn,200
47.73197916666666,3,11.13163951099281,0.02154374880523643,0.21848705992066583,0.239817245415274,0.6925860083263078,0.6979950809530292,0.18200958226424735,0.9999587510322081,6.81275981636011,2.958082591113023,6.813015259684512,19.045671627296638,1.0,local_static_Gaussian_linearization,range-272dde7dd08ac45c22d609f9,2,single_turn,200
48.0433125,3,11.13156314577717,0.021544021241146735,0.21848825056104548,0.2398186328597895,0.6925763279024171,0.6979974346839256,0.18203738957659948,0.9999587475146742,6.812716718536154,2.958074341152353,6.812972182399606,19.04555120545819,1.0,local_static_Gaussian_linearization,range-272dde7dd08ac45c22d609f9,2,single_turn,200
48.0583125,3,11.131561536846172,0.021544026751407857,0.21848827517885117,0.2398186595347567,0.6925758451819328,0.6979975776689963,0.18203867786474665,0.9999587474183093,6.812715846678998,2.958074176868815,6.8129713111312356,19.04554876984185,1.0,local_static_Gaussian_linearization,range-272dde7dd08ac45c22d609f9,2,single_turn,200
48.0733125,3,11.13156001929549,0.021544031922247187,0.21848829831943842,0.23981868440011256,0.692575363431118,0.6979977200955931,0.1820399645946173,0.9999587473217763,6.812715028487479,2.9580740231462586,6.812970493531673,19.04554648425578,1.0,local_static_Gaussian_linearization,range-272dde7dd08ac45c22d609f9,2,single_turn,200
48.38464583333333,3,11.131528903489384,0.021544137630862315,0.21848876799055514,0.23981919073869717,0.6925660436654789,0.698000237744285,0.18206576633312438,0.9999587447988519,6.812698298720521,2.9580709061819443,6.8129537792270325,19.04549975969323,1.0,local_static_Gaussian_linearization,range-272dde7dd08ac45c22d609f9,2,single_turn,200
48.39964583333333,3,11.131526854831195,0.02154414474416974,0.21848879911776678,0.2398192257840958,0.6925656407342525,0.6980003273003093,0.18206695571414253,0.9999587446342305,6.812697172996845,2.9580706951635,6.812952654498265,19.045496615532535,1.0,local_static_Gaussian_linearization,range-272dde7dd08ac45c22d609f9,2,single_turn,200
48.41464583333333,3,11.131524747055384,0.021544152075562758,0.21848883116562987,0.23981926198345144,0.6925652425573919,0.6980004137620378,0.1820681388641203,0.9999587444656497,6.8126960127681775,2.9580704775431967,6.812951495287227,19.045493374977227,1.0,local_static_Gaussian_linearization,range-272dde7dd08ac45c22d609f9,2,single_turn,200
48.72597916666666,3,11.13147732856333,0.021544318542446584,0.2184895580708658,0.2398200934145907,0.6925575136416391,0.6980020906618362,0.18209110832277556,0.9999587411587949,6.8126696720293785,2.958065503527541,6.812925174357335,19.045419795252457,1.0,local_static_Gaussian_linearization,range-272dde7dd08ac45c22d609f9,2,single_turn,200
48.74097916666666,3,11.131475425001339,0.0215443252517794,0.21848958777205932,0.23982012708841816,0.6925571309658521,0.6980022061027414,0.18209212125749405,0.9999587410847617,6.812668610751985,2.958065300310805,6.812924113516824,19.045416829690332,1.0,local_static_Gaussian_linearization,range-272dde7dd08ac45c22d609f9,2,single_turn,200
48.75597916666666,3,11.13147360865766,0.02154433165013588,0.2184896161837221,0.23982015917965543,0.6925567438314363,0.6980023276429398,0.18209312776334288,0.9999587410232206,6.8126675987196705,2.958065106143096,6.812923101846537,19.045414001582753,1.0,local_static_Gaussian_linearization,range-272dde7dd08ac45c22d609f9,2,single_turn,200
49.0673125,3,11.131455419979714,0.021544396391196298,0.2184899292492785,0.23982048797897343,0.6925475656594282,0.6980067128024136,0.18211122475555655,0.9999587437435805,6.812657378929837,2.9580629920728754,6.812912865398286,19.045385385760746,1.0,local_static_Gaussian_linearization,range-272dde7dd08ac45c22d609f9,2,single_turn,200
49.0823125,3,11.131455457796559,0.02154439634094905,0.21848993156341795,0.2398204882343895,0.6925470592828852,0.6980070226640628,0.18211196278739822,0.9999587440819596,6.812657388932806,2.958062978388826,6.812912873343046,19.045385407970187,1.0,local_static_Gaussian_linearization,range-272dde7dd08ac45c22d609f9,2,single_turn,200
49.0973125,3,11.13145557965741,0.021544395995869606,0.2184899326823912,0.2398204870185715,0.6925465460357766,0.6980073411780185,0.1821126937791796,0.9999587444373069,6.812657445655106,2.958062973028563,6.812912927904709,19.04538556049642,1.0,local_static_Gaussian_linearization,range-272dde7dd08ac45c22d609f9,2,single_turn,200
49.40864583333333,3,11.131465000194398,0.021544366504295347,0.21848987477831208,0.23982036169392418,0.6925346262690059,0.6980155657413698,0.1821264983499195,0.9999587549472109,6.812662172650035,2.958063399430188,6.81291759092088,19.045398595881103,1.0,local_static_Gaussian_linearization,range-272dde7dd08ac45c22d609f9,2,single_turn,200
49.42364583333333,3,11.131465449044562,0.021544365232984284,0.21848987319870225,0.23982035721256145,0.6925340172458999,0.6980160175672675,0.1821270824912851,0.9999587555689401,6.812662377455458,2.958063409473707,6.812917791932543,19.04539915780589,1.0,local_static_Gaussian_linearization,range-272dde7dd08ac45c22d609f9,2,single_turn,200
49.43864583333333,3,11.131465864519106,0.02154436409692348,0.2184898722411085,0.2398203535176747,0.6925334082138969,0.6980164725010082,0.1821276547504356,0.9999587561988553,6.812662560927409,2.9580634148830898,6.8129179715593065,19.04539965994954,1.0,local_static_Gaussian_linearization,range-272dde7dd08ac45c22d609f9,2,single_turn,200
49.74997916666666,3,11.136682346526603,0.021524734562129593,0.218403685607186,0.2397141314117397,0.6925685495152679,0.6979224020639195,0.18235439374922177,0.99995855901202,6.815767037412056,2.9586843227891797,6.816023792307596,19.054081930552275,1.0,local_static_Gaussian_linearization,range-272dde7dd08ac45c22d609f9,2,single_turn,200
49.76497916666666,3,11.137440206627588,0.021521898663324067,0.21839124435250284,0.23969885949587,0.6925798829129599,0.6979089694577225,0.18236275972558388,0.9999585370201276,6.816215935932905,2.958773711041189,6.816472844626838,19.055337248893682,1.0,local_static_Gaussian_linearization,range-272dde7dd08ac45c22d609f9,2,single_turn,200
49.779979166666664,3,11.138258216134265,0.021518839602237824,0.21837782481095477,0.23968239200130081,0.6925925993468351,0.697894537210435,0.1823696966653926,0.9999585138951076,6.816700262348884,2.9588701131396387,6.816957333246951,19.05669162882887,1.0,local_static_Gaussian_linearization,range-272dde7dd08ac45c22d609f9,2,single_turn,200
50.091312499999994,3,11.169395608398025,0.021403180502902474,0.21787015256848696,0.23906059031486912,0.6931755108141094,0.6973582674599558,0.18220636106581692,0.9999577287406665,6.8350886852384445,2.962519285314435,6.835351348585173,19.108111794891357,1.0,local_static_Gaussian_linearization,range-272dde7dd08ac45c22d609f9,2,single_turn,200
50.106312499999994,3,11.171556472631668,0.02139519744194425,0.21783507376259278,0.2390176564657848,0.6932180351420354,0.697321215780396,0.18218638197287482,0.9999576739405326,6.8363633921646265,2.9627718509632626,6.836626446361619,19.11167630966451,1.0,local_static_Gaussian_linearization,range-272dde7dd08ac45c22d609f9,2,single_turn,200
50.121312499999995,3,11.17377235837572,0.021387016413111772,0.21779911920138229,0.23897365282495617,0.6932617338348643,0.6972832009414698,0.18216560071840102,0.9999576174019186,6.837670448021311,2.9630307885715155,6.837933905273281,19.115331289456652,1.0,local_static_Gaussian_linearization,range-272dde7dd08ac45c22d609f9,2,single_turn,200
50.43264583333333,3,11.229993514519675,0.021181179276870233,0.21689242284786614,0.23786450590913127,0.6943952513843068,0.6962988748843659,0.18161253175287928,0.9999560207469129,6.870804105669659,2.9695841611769067,6.87107884334409,19.207987416375843,1.0,local_static_Gaussian_linearization,range-272dde7dd08ac45c22d609f9,2,single_turn,200
50.44764583333333,3,11.233082897943031,0.02116996305228744,0.2168428986815874,0.23780394991273593,0.6944591097980461,0.6962430843979759,0.18158224650691598,0.9999559221566716,6.87262338454156,2.9699434556571886,6.872898812467395,19.21307510999946,1.0,local_static_Gaussian_linearization,range-272dde7dd08ac45c22d609f9,2,single_turn,200
50.46264583333333,3,11.236197266075585,0.02115866600333461,0.2167930053176513,0.23774294510047478,0.6945236816832797,0.696186619559581,0.18155177313181423,0.9999558214864163,6.874457226882631,2.970305572827742,6.874733358965319,19.218203554433046,1.0,local_static_Gaussian_linearization,range-272dde7dd08ac45c22d609f9,2,single_turn,200
50.77397916666666,3,11.304825805009555,0.02091223913442119,0.2157016875200741,0.23640922060733532,0.69599745208858,0.6948848659939952,0.1808938077953829,0.9999532611746204,6.914826293849422,2.978262937166062,6.915120172194699,19.331104223743356,1.0,local_static_Gaussian_linearization,range-272dde7dd08ac45c22d609f9,2,single_turn,200
50.788979166666664,3,11.308264902476466,0.02090001700369854,0.21564741962472112,0.23634292874408558,0.6960736036805047,0.6948170168512819,0.1808614147714211,0.9999531156691603,6.916846944290854,2.978660487224802,6.917141824857626,19.336755720370757,1.0,local_static_Gaussian_linearization,range-272dde7dd08ac45c22d609f9,2,single_turn,200
50.803979166666664,3,11.311712373320653,0.020887777269469644,0.21559306085240856,0.23627652859022563,0.6961501155315072,0.6947487996685916,0.18082898552090645,0.9999529682252278,6.918872271561585,2.979058880126877,6.9191681672811765,19.342420327146524,1.0,local_static_Gaussian_linearization,range-272dde7dd08ac45c22d609f9,2,single_turn,200
51.115312499999995,3,11.38476852812649,0.020631256709308477,0.2144509982151756,0.23488208207983363,0.6977987218316917,0.6932697762167903,0.18014982984832137,0.999949501655653,6.961730629022323,2.9874699690665865,6.9620503298133904,19.462296704217007,1.0,local_static_Gaussian_linearization,range-272dde7dd08ac45c22d609f9,2,single_turn,200
51.130312499999995,3,11.38834846076153,0.020618826009214265,0.21439552272988177,0.2348143754447451,0.6978802316725728,0.6931962931986901,0.1801168546700494,0.9999493165825162,6.963827687180967,2.987880524111935,6.96414865781165,19.46816254547788,1.0,local_static_Gaussian_linearization,range-272dde7dd08ac45c22d609f9,2,single_turn,200
51.145312499999996,3,11.391933165680042,0.020606391698202494,0.2143400190810986,0.23474663701174686,0.6979618715217885,0.6931226657323003,0.18008385866021562,0.9999491299774944,6.96592724355589,2.988291471539335,6.9662494945896825,19.474035399991173,1.0,local_static_Gaussian_linearization,range-272dde7dd08ac45c22d609f9,2,single_turn,200
51.45664583333333,3,11.46730267858069,0.020347927749677804,0.21318356798766452,0.23333584638744664,0.6996777950175733,0.6915690549121353,0.17939683789655517,0.9999449293275277,7.010002204001169,2.9968957083650194,7.01035331524583,19.597326902168884,1.0,local_static_Gaussian_linearization,range-272dde7dd08ac45c22d609f9,2,single_turn,200
51.47164583333333,3,11.47097483283463,0.02033547820888035,0.213127732450077,0.23326775874772354,0.6997612482798297,0.6914932021195518,0.17936372773864437,0.9999447117884427,7.012146275308888,2.9973131668704958,7.012498883820076,19.603324803679648,1.0,local_static_Gaussian_linearization,range-272dde7dd08ac45c22d609f9,2,single_turn,200
51.486645833333334,3,11.474650218362967,0.020323030903776625,0.21307189471722424,0.2331996709978178,0.6998447595018932,0.691417269297039,0.17933062291634239,0.9999444928939909,7.014291922350641,2.997730829791378,7.014646037767363,19.60932713707457,1.0,local_static_Gaussian_linearization,range-272dde7dd08ac45c22d609f9,2,single_turn,200
51.797979166666664,3,11.551583831085862,0.020065478516031514,0.21191377757550325,0.23178805718879036,0.7015899161784289,0.6898240761970557,0.17864583234888,0.999939647868314,7.059133525516192,3.0064361364276513,7.059521080821358,19.734774578727112,1.0,local_static_Gaussian_linearization,range-272dde7dd08ac45c22d609f9,2,single_turn,200
51.812979166666665,3,11.555319387858482,0.020053116911854445,0.21185805924941542,0.2317201706385445,0.7016745227108195,0.6897465238887527,0.17861298094462694,0.9999394001002467,7.061307371801758,3.006857022861775,7.061696641883102,19.74085632374129,1.0,local_static_Gaussian_linearization,range-272dde7dd08ac45c22d609f9,2,single_turn,200
51.827979166666665,3,11.559057520827382,0.020040759986917192,0.21180234979517867,0.23165229744987165,0.7017591738741445,0.6896689020056292,0.17858014304459438,0.9999391510358319,7.063482396563133,3.007278032699924,7.063873390881165,19.746941389611827,1.0,local_static_Gaussian_linearization,range-272dde7dd08ac45c22d609f9,2,single_turn,200
52.139312499999996,3,11.637249484794498,0.019785278287629868,0.21064778585057883,0.23024621955923646,0.7035253048120572,0.6880430108811416,0.17790154767936978,0.9999336953076192,7.108905112046831,3.0160463612890602,7.109334005594178,19.874025787165223,1.0,local_static_Gaussian_linearization,range-272dde7dd08ac45c22d609f9,2,single_turn,200
52.154312499999996,3,11.641047259128776,0.019773013316458185,0.21059222454944979,0.23017858247227235,0.7036107881402247,0.6879640111767866,0.17786899150284133,0.999933419010997,7.111107762719084,3.0164703965255826,7.111538582554517,19.88018864564467,1.0,local_static_Gaussian_linearization,range-272dde7dd08ac45c22d609f9,2,single_turn,200
52.1693125,3,11.644847943316377,0.01976075211949168,0.21053666793981055,0.23011095367704743,0.7036963025410222,0.6878849557939918,0.17783644559648704,0.999933141516508,7.113311777158369,3.0168945869276445,7.1137445323350015,19.886355341820153,1.0,local_static_Gaussian_linearization,range-272dde7dd08ac45c22d609f9,2,single_turn,200
52.480645833333334,3,11.72441637232218,0.019507047115912893,0.2093842783679228,0.22870874258146928,0.705476777988651,0.6862328834759747,0.17716361182534213,0.9999271213995238,7.159380184236524,3.0257365331710693,7.159855105238958,20.015256686760917,1.0,local_static_Gaussian_linearization,range-272dde7dd08ac45c22d609f9,2,single_turn,200
52.495645833333334,3,11.72828382151995,0.01949485913354031,0.20932877949434228,0.22864124097871125,0.7055627735779766,0.6861528051172124,0.17713130883819914,0.9999268192732147,7.161615842415067,3.0261644396158234,7.162092888859561,20.02151237391065,1.0,local_static_Gaussian_linearization,range-272dde7dd08ac45c22d609f9,2,single_turn,200
52.510645833333335,3,11.73215444093435,0.019482674303211246,0.20927328210601587,0.22857374384769735,0.7056487843577345,0.6860726871837737,0.17709901477672832,0.9999265160786802,7.163853012160272,3.02659252605528,7.164332192475147,20.02777231018125,1.0,local_static_Gaussian_linearization,range-272dde7dd08ac45c22d609f9,2,single_turn,200
52.821979166666665,3,11.813225754260385,0.019230442114123423,0.2081215184235523,0.22717355404837636,0.7074369259064304,0.684401493644142,0.17643013167179591,0.9999199901494257,7.210638547500075,3.035520102042968,7.211163882374073,20.158689525770704,1.0,local_static_Gaussian_linearization,range-272dde7dd08ac45c22d609f9,2,single_turn,200
52.836979166666666,3,11.817167761566445,0.01921832089600646,0.2080660259574406,0.2271061221237263,0.7075232061431243,0.6843205978471913,0.17639793686723274,0.9999196648693777,7.212909959497893,3.0359523270949254,7.213437606306268,20.165045683467863,1.0,local_static_Gaussian_linearization,range-272dde7dd08ac45c22d609f9,2,single_turn,200
52.851979166666666,3,11.821113152387046,0.019206202408600354,0.20801053261054847,0.2270386918997134,0.7076094968884029,0.6842396681824666,0.17636574610419495,0.9999193386196962,7.215183002662111,3.0363847517055964,7.215712969392682,20.171406423393563,1.0,local_static_Gaussian_linearization,range-272dde7dd08ac45c22d609f9,2,single_turn,200
53.163312499999996,3,11.903784083527519,0.018955257322343846,0.20685833976895351,0.22563929041288514,0.7094028398892663,0.6825523286715085,0.17569840460899167,0.9999123541121039,7.262739759066933,3.0454067158817737,7.263319656836544,20.304490131819186,1.0,local_static_Gaussian_linearization,range-272dde7dd08ac45c22d609f9,2,single_turn,200
53.1783125,3,11.907805168752853,0.018943194820345063,0.20680280655331984,0.2255718731943972,0.7094893509528171,0.6824706767783654,0.17566626375667643,0.9999120076502812,7.265049441427173,3.0458436649723954,7.265631829245589,20.31095377159832,1.0,local_static_Gaussian_linearization,range-272dde7dd08ac45c22d609f9,2,single_turn,200
53.1933125,3,11.911829765617712,0.018931134930875483,0.2067472714518911,0.2255044565665278,0.7095758707554793,0.6823889936913086,0.17563412234120934,0.9999116603057276,7.2673608242301455,3.0462808234372853,7.2679457097064635,20.317422186208134,1.0,local_static_Gaussian_linearization,range-272dde7dd08ac45c22d609f9,2,single_turn,200
53.50464583333333,3,11.996138746280737,0.018681484451254553,0.20559447332809608,0.22410567946373589,0.7113732132174577,0.6806870405635219,0.17496658059625103,0.9999042592952968,7.3157088229020335,3.0553994335165333,7.316347228780949,20.45272783332886,1.0,local_static_Gaussian_linearization,range-272dde7dd08ac45c22d609f9,2,single_turn,200
53.51964583333333,3,12.00023680328562,0.018669492919169604,0.20553894613319976,0.2240383360272994,0.7114598549177392,0.6806047425232041,0.17493444285032253,0.999903893826971,7.318055455697654,3.055840783574036,7.318696519395926,20.459295236439598,1.0,local_static_Gaussian_linearization,range-272dde7dd08ac45c22d609f9,2,single_turn,200
53.53464583333333,3,12.00433802311542,0.018657505271929335,0.2054834225723317,0.2239709999522977,0.711546497750306,0.6805224194377923,0.1749023103958549,0.9999035275763694,7.320403583741165,3.0562823013500333,7.321047312357761,20.465866839336158,1.0,local_static_Gaussian_linearization,range-272dde7dd08ac45c22d609f9,2,single_turn,200
53.845979166666666,3,12.090134365384284,0.018409703872996317,0.20433241838075428,0.22257579345146092,0.7133445369925616,0.6788087133498386,0.17423634013375247,0.9998957573706907,7.36945401301506,3.065479429146178,7.370154611622765,20.60314548332205,1.0,local_static_Gaussian_linearization,range-272dde7dd08ac45c22d609f9,2,single_turn,200
53.86097916666667,3,12.094299024528349,0.018397818035237573,0.20427705191476636,0.22250871271702383,0.7134311141025799,0.6787259350347185,0.17420433559931403,0.9998953753034804,7.371831545530477,3.0659239821018662,7.372534956886755,20.609799699191164,1.0,local_static_Gaussian_linearization,range-272dde7dd08ac45c22d609f9,2,single_turn,200
53.87597916666667,3,12.098466462933008,0.018385937317691125,0.2042216945573607,0.22244164602767455,0.7135176816881004,0.6786431404697104,0.17417234514080396,0.9998949925709013,7.374210352530169,3.0663686593665425,7.374916583085124,20.616457495891186,1.0,local_static_Gaussian_linearization,range-272dde7dd08ac45c22d609f9,2,single_turn,200
54.1873125,3,12.185580301677595,0.018140538760028066,0.20307492224516652,0.2210529917760169,0.7153115648147922,0.6769219052301403,0.17351109319524907,0.999886908984602,7.423865459867095,3.075624997448298,7.424631600118556,20.75543500486099,1.0,local_static_Gaussian_linearization,range-272dde7dd08ac45c22d609f9,2,single_turn,200
54.2023125,3,12.189806533232769,0.018128774824011817,0.20301978468697637,0.220986257789245,0.7153978270799143,0.6768388764199095,0.17347934855760586,0.9998865132479431,7.4262710755466825,3.0760721917192546,7.427040166806629,20.762168113254994,1.0,local_static_Gaussian_linearization,range-272dde7dd08ac45c22d609f9,2,single_turn,200
54.2173125,3,12.194035358792329,0.018117016587618693,0.20296465866798882,0.22091954086524948,0.7154840720273111,0.6767558407313436,0.1734476137374902,0.9998861169723701,7.428677862406804,3.0765194895934136,7.429449910394675,20.76890451165344,1.0,local_static_Gaussian_linearization,range-272dde7dd08ac45c22d609f9,2,single_turn,200
54.52864583333333,3,12.282387786377255,0.017874269709552137,0.20182314429776949,0.2195387119710161,0.7172697609665258,0.6750312003085523,0.17279169138884434,0.9998777783269451,7.478894052747784,3.0858262814592234,7.479728715318746,20.90945808035939,1.0,local_static_Gaussian_linearization,range-272dde7dd08ac45c22d609f9,2,single_turn,200
54.54364583333333,3,12.286673048256722,0.01786263566523474,0.20176826715432022,0.21947236419886895,0.7173555661785972,0.674948068103433,0.17276022990268206,0.9998773714905537,7.481326378345867,3.0862758356049964,7.4821641154611465,20.916266201231757,1.0,local_static_Gaussian_linearization,range-272dde7dd08ac45c22d609f9,2,single_turn,200
54.55864583333333,3,12.29096100122752,0.017851007070914738,0.20171340005052146,0.21940603174124976,0.7174413492143672,0.6748649337621749,0.17272878050760224,0.9998769642229823,7.483759936741667,3.0867255040261026,7.484600753510685,20.92307778265309,1.0,local_static_Gaussian_linearization,range-272dde7dd08ac45c22d609f9,2,single_turn,200
54.86997916666666,3,12.380593266198094,0.01761081126192345,0.20057650661739107,0.218032291321655,0.7192164153783154,0.6731393246618005,0.17207904417511563,0.9998684224938336,7.53456369903779,3.0960872727276474,7.535469539790748,21.06528063449494,1.0,local_static_Gaussian_linearization,range-272dde7dd08ac45c22d609f9,2,single_turn,200
54.88497916666666,3,12.384944766371486,0.017599287814215447,0.20052178674155946,0.21796620750653306,0.719301620982861,0.6730562405294706,0.17204788617057745,0.9998680073952422,7.5370271051904645,3.096539987001054,7.53793612766183,21.07217594014771,1.0,local_static_Gaussian_linearization,range-272dde7dd08ac45c22d609f9,2,single_turn,200
54.89997916666666,3,12.389299725254789,0.017587767726838358,0.20046706583558352,0.2179001258659635,0.719386787424477,0.672973172919402,0.17201673933046,0.9998675920764116,7.539492210936167,3.096992902799416,7.5404044189493815,21.079076007673084,1.0,local_static_Gaussian_linearization,range-272dde7dd08ac45c22d609f9,2,single_turn,200
55.2113125,3,12.480635587281428,0.017348973128729846,0.19932866845133917,0.21652621143321493,0.7211415002751607,0.6712575353401893,0.1713716949496171,0.999858962923579,7.591141928338263,3.1064580517793527,7.59212085569263,21.223648452384058,1.0,local_static_Gaussian_linearization,range-272dde7dd08ac45c22d609f9,2,single_turn,200
55.2263125,3,12.485092554118737,0.01733745394607315,0.19927353659893382,0.2164597171694944,0.7212251435913698,0.6711755959630146,0.17134063042752073,0.99985854935684,7.593660424563345,3.1069184519563353,7.5946425784749785,21.230697886770603,1.0,local_static_Gaussian_linearization,range-272dde7dd08ac45c22d609f9,2,single_turn,200
55.2413125,3,12.4895558617994,0.017325930397545593,0.1992183618205215,0.21639317555779397,0.7213086734603245,0.6710937601138955,0.17130955235216896,0.9998581362959966,7.596182393309172,3.1073793887100543,7.597167772883389,21.237757026030465,1.0,local_static_Gaussian_linearization,range-272dde7dd08ac45c22d609f9,2,single_turn,200
55.55264583333333,3,12.583859529716706,0.017085169571388597,0.19806007686800453,0.2149973739277443,0.7230094744341126,0.6694266676851256,0.1706611744671203,0.9998497468913289,7.649457738710327,3.117095301431116,7.650509402251925,21.386872669881985,1.0,local_static_Gaussian_linearization,range-272dde7dd08ac45c22d609f9,2,single_turn,200
55.56764583333333,3,12.58849545091819,0.017073462694673056,0.19800346114408354,0.21492920746331318,0.7230894252443901,0.6693483209641886,0.17062974043864496,0.9998493554453515,7.6520770422760975,3.117572044855494,7.653131841072073,21.394203654288663,1.0,local_static_Gaussian_linearization,range-272dde7dd08ac45c22d609f9,2,single_turn,200
55.58264583333333,3,12.593141001822682,0.01706174313082896,0.19794675406123133,0.21486093698340866,0.7231691502723131,0.6692702065447697,0.17059827292778149,0.999848965591647,7.654701899074723,3.118049720087631,7.655759824911779,21.40155013970593,1.0,local_static_Gaussian_linearization,range-272dde7dd08ac45c22d609f9,2,single_turn,200
55.89397916666666,3,12.691903900111292,0.01681525053175431,0.1967466022263269,0.21341754380532102,0.724764699316726,0.6677106960082839,0.1699369208279012,0.9998413145535591,7.710547673088327,3.128195885305199,7.711668082597106,21.557840750623825,1.0,local_static_Gaussian_linearization,range-272dde7dd08ac45c22d609f9,2,single_turn,200
55.90897916666666,3,12.696781865340013,0.0168032035358086,0.19668755807155472,0.21334660993307183,0.7248383181497398,0.6676390017603836,0.16990460814896977,0.9998409711419693,7.713308738332874,3.1286967854220147,7.7144320135456965,21.565567273938527,1.0,local_static_Gaussian_linearization,range-272dde7dd08ac45c22d609f9,2,single_turn,200
55.92397916666666,3,12.701671233654599,0.01679114006347187,0.19662839499310775,0.2132755407244659,0.7249116039081147,0.6675676629008807,0.16987225190836958,0.9998406303844035,7.716076579556893,3.1291988529729653,7.717202704748305,21.573312695431678,1.0,local_static_Gaussian_linearization,range-272dde7dd08ac45c22d609f9,2,single_turn,200
56.2353125,3,12.805784423719961,0.016536957308201077,0.19537246908266018,0.21176871031308334,0.7263485380116522,0.6661771688194539,0.1691915514203729,0.9998342393036357,7.775104384895574,3.1398932229102194,7.776285507278213,21.738477694028372,1.0,local_static_Gaussian_linearization,range-272dde7dd08ac45c22d609f9,2,single_turn,200
56.2503125,3,12.810930012940418,0.016524524036912756,0.19531055439521228,0.21169452093404098,0.7264132080979738,0.6661151001983395,0.16915828205726724,0.9998339688115305,7.77802690944231,3.1404221701529,7.7792104474230355,21.74665431589174,1.0,local_static_Gaussian_linearization,range-272dde7dd08ac45c22d609f9,2,single_turn,200
56.2653125,3,12.816087531445566,0.016512073805765692,0.19524850826596726,0.21162018322038262,0.726477415961496,0.6660535351458807,0.16912496095367566,0.9998337021536515,7.780956758083155,3.1409523995558213,7.782142687166492,21.75485134366252,1.0,local_static_Gaussian_linearization,range-272dde7dd08ac45c22d609f9,2,single_turn,200
56.57664583333333,3,12.92576527412353,0.016250057587242586,0.1939314694358788,0.2100444300636878,0.727697100499243,0.6648988172959808,0.16842355145109766,0.9998291038661338,7.843402039722064,3.152244611056311,7.8446315055182145,21.92953780323164,1.0,local_static_Gaussian_linearization,range-272dde7dd08ac45c22d609f9,2,single_turn,200
56.59164583333333,3,12.931171608681764,0.01623727427213371,0.19386664332793582,0.2099669800701943,0.7277499486466853,0.6648496611973587,0.16838925218227133,0.9998289312893911,7.846487627798867,3.152802228437574,7.847718866897145,21.93816847097223,1.0,local_static_Gaussian_linearization,range-272dde7dd08ac45c22d609f9,2,single_turn,200
56.60664583333333,3,12.936588510499352,0.01622447816432291,0.19380169771089603,0.20988939780942736,0.7278022154860054,0.6648011464533101,0.16835489540855916,0.9998287635183165,7.849579991413697,3.1533610418165656,7.85081297147563,21.9468179892158,1.0,local_static_Gaussian_linearization,range-272dde7dd08ac45c22d609f9,2,single_turn,200
56.91797916666666,3,13.051201102067349,0.01595654713808324,0.19242903071186324,0.2082521055937416,0.7287489846041931,0.6639459060661476,0.1676327869372799,0.9998264061941102,7.91518979078294,3.1652115005150554,7.916451223345209,22.130308638164628,1.0,local_static_Gaussian_linearization,range-272dde7dd08ac45c22d609f9,2,single_turn,200
56.93297916666666,3,13.056816237084757,0.01594355628525033,0.19236184178895463,0.20817208458213127,0.728787611468871,0.6639123898950716,0.16759760115619868,0.9998263487929863,7.918413325567951,3.1657935000371977,7.919675739589217,22.13932272006514,1.0,local_static_Gaussian_linearization,range-272dde7dd08ac45c22d609f9,2,single_turn,200
56.94797916666666,3,13.062438708660395,0.015930560992778824,0.1922945703783242,0.20809197656274947,0.7288255738883613,0.6638796050893273,0.1675623847787448,0.9998262966496251,7.92164194474628,3.1663763981425106,7.922905303264898,22.14835091197753,1.0,local_static_Gaussian_linearization,range-272dde7dd08ac45c22d609f9,2,single_turn,200
57.2593125,3,13.18047999967615,0.015660585849167245,0.19088334459829426,0.2064140385681602,0.7294583520108607,0.6633692539490518,0.16682849156147583,0.9998264125802468,7.989631136850486,3.178647408729215,7.99090555408012,22.33844448996557,1.0,local_static_Gaussian_linearization,range-272dde7dd08ac45c22d609f9,2,single_turn,200
57.2743125,3,13.186215268152937,0.01564760558265941,0.19081482653752158,0.20633269564409862,0.7294811557915948,0.6633530975340974,0.16679301944888725,0.9998264761571385,7.992944712158339,3.179245298725867,7.99421924259819,22.347707851485357,1.0,local_static_Gaussian_linearization,range-272dde7dd08ac45c22d609f9,2,single_turn,200
57.2893125,3,13.19195348408442,0.015634631213659395,0.1907462777925379,0.20625132771140908,0.7295032410294693,0.6633377261386796,0.16675755577683976,0.9998265450026163,7.996260943572098,3.1798436547899778,7.997535548556294,22.35697853001553,1.0,local_static_Gaussian_linearization,range-272dde7dd08ac45c22d609f9,2,single_turn,200
57.60064583333333,3,13.311298918900917,0.015367596158262376,0.18932149016449512,0.20456266612758386,0.7297959035636458,0.6631994389361106,0.16602542978878349,0.9998291496985132,8.065453495782668,3.1923257759839414,8.066720886809255,22.550385000361583,1.0,local_static_Gaussian_linearization,range-272dde7dd08ac45c22d609f9,2,single_turn,200
57.61564583333333,3,13.317039401572764,0.01535488513026619,0.18925299624363537,0.2044816102863786,0.7298018822989247,0.6632016398306659,0.16599035369220005,0.9998293309038271,8.068792456808028,3.192928019709702,8.070059078616753,22.55971686042224,1.0,local_static_Gaussian_linearization,range-272dde7dd08ac45c22d609f9,2,single_turn,200
57.63064583333333,3,13.322777201011412,0.015342192141421972,0.18918453784750952,0.2044006076752731,0.7298071131701491,0.663204654789295,0.16595530552550933,0.9998295170437671,8.072130857171276,3.1935301545609383,8.073396671813205,22.569047047075614,1.0,local_static_Gaussian_linearization,range-272dde7dd08ac45c22d609f9,2,single_turn,200
57.94197916666666,3,13.440839531468713,0.015083673767266026,0.18777668600978475,0.2027372386508468,0.7297473555219376,0.6634494994641449,0.1652378853941029,0.9998344409448342,8.141046759707727,3.2059587587206932,8.142287529189492,22.761630300994884,1.0,local_static_Gaussian_linearization,range-272dde7dd08ac45c22d609f9,2,single_turn,200
57.95697916666666,3,13.446457690165312,0.015071496806120608,0.18770972839616504,0.2026582441309624,0.7297364569560183,0.6634699541239677,0.16520388422799648,0.9998347263036802,8.144336951169658,3.206552060178775,8.145576130899327,22.770823532756616,1.0,local_static_Gaussian_linearization,range-272dde7dd08ac45c22d609f9,2,single_turn,200
57.971979166666664,3,13.452067740489271,0.015059348663295027,0.1876428711623295,0.20257937834629125,0.7297248367555947,0.6634911826932041,0.16516995220194788,0.9998350157534652,8.147623366726995,3.2071446744088665,8.148860923502385,22.780006116223266,1.0,local_static_Gaussian_linearization,range-272dde7dd08ac45c22d609f9,2,single_turn,200
58.2833125,3,13.566251252228255,0.014814505005327525,0.186282848823312,0.2009772970796663,0.7293233989292635,0.6641027734647524,0.1644836953946793,0.999841878426155,8.21472747824008,3.219243881986625,8.215924269307502,22.967480591730496,1.0,local_static_Gaussian_linearization,range-272dde7dd08ac45c22d609f9,2,single_turn,200
58.2983125,3,13.571624708291917,0.014803094645515824,0.18621887860574554,0.20090204505026635,0.7292965109920422,0.664140269241397,0.16445151816507872,0.9998422468313779,8.2178956065561,3.2198150641460557,8.219090113886264,22.9763306579599,1.0,local_static_Gaussian_linearization,range-272dde7dd08ac45c22d609f9,2,single_turn,200
58.3133125,3,13.576985084973218,0.014791721996568042,0.18615506713072213,0.2008269889284746,0.7292689524140636,0.6641784732387656,0.16441943538133427,0.9998426183458909,8.221056943203909,3.220385017353107,8.222249139818542,22.98516166277568,1.0,local_static_Gaussian_linearization,range-272dde7dd08ac45c22d609f9,2,single_turn,200
58.62464583333333,3,13.685021160484526,0.01456460619168528,0.1848696069237156,0.199316943927337,0.728550930228984,0.6651248464583162,0.16377570236846267,0.9998509545564834,8.284970041500209,3.231906849255457,8.286108711438871,23.163680040466346,1.0,local_static_Gaussian_linearization,range-272dde7dd08ac45c22d609f9,2,single_turn,200
58.63964583333333,3,13.690060993950318,0.014554107926204048,0.1848096706375937,0.19924662522226919,0.7285095814265627,0.6651775042078271,0.16374577144323496,0.9998513826611448,8.28796081967747,3.232445956647507,8.289096668108774,23.17203282398473,1.0,local_static_Gaussian_linearization,range-272dde7dd08ac45c22d609f9,2,single_turn,200
58.65464583333333,3,13.695085237357555,0.014543650675334516,0.18474992304542665,0.19917653566105895,0.7284676442841783,0.6652307719285355,0.16371594702540201,0.9998518128346685,8.290943159912086,3.2329835366731485,8.292076167183305,23.18036196443494,1.0,local_static_Gaussian_linearization,range-272dde7dd08ac45c22d609f9,2,single_turn,200
58.96597916666666,3,13.795828155681567,0.01433576814671538,0.18355279601074223,0.197773793831779,0.7274721830809214,0.6664651331989815,0.16312096454331765,0.9998611312859165,8.350911168741257,3.2437910692480076,8.35198134750524,23.347825906565955,1.0,local_static_Gaussian_linearization,range-272dde7dd08ac45c22d609f9,2,single_turn,200
58.980979166666664,3,13.80051195276776,0.014326186707887906,0.18349719105537113,0.19770871089978964,0.7274185787291099,0.6665303852663913,0.16309339911951568,0.9998615955050774,8.353706815416752,3.2442947787987255,8.354773808065113,23.35563218393778,1.0,local_static_Gaussian_linearization,range-272dde7dd08ac45c22d609f9,2,single_turn,200
58.995979166666665,3,13.805180544167936,0.014316643823969959,0.1834417728573658,0.1976438527764521,0.7273644952968731,0.6665961253490805,0.1630659273150529,0.9998620607962341,8.356494023439858,3.2447969520054976,8.357557817923242,23.363414837512448,1.0,local_static_Gaussian_linearization,range-272dde7dd08ac45c22d609f9,2,single_turn,200
59.307312499999995,3,13.89882994029502,0.014126813169388462,0.18233189665028673,0.19634617383965033,0.7261427991836072,0.6680605227461169,0.16251699339447626,0.9998718900782421,8.412527994591832,3.2548879629237844,8.413523250506769,23.519865279913898,1.0,local_static_Gaussian_linearization,range-272dde7dd08ac45c22d609f9,2,single_turn,200
59.322312499999995,3,13.903195001582771,0.01411804043536343,0.18228027200979005,0.1962858692130883,0.7260795900367792,0.668135413350999,0.1624915331896156,0.9998723687741105,8.415144986449233,3.255358963960469,8.416136861777757,23.527171587052703,1.0,local_static_Gaussian_linearization,range-272dde7dd08ac45c22d609f9,2,single_turn,200
59.337312499999996,3,13.907547687111126,0.01410929941936864,0.1822288059913104,0.19622575450659868,0.7260160230529602,0.6682106570444017,0.1624661567301097,0.9998728476580274,8.417754957629338,3.2558286684929825,8.418743447491089,23.534458254361127,1.0,local_static_Gaussian_linearization,range-272dde7dd08ac45c22d609f9,2,single_turn,200
59.648645833333326,3,13.995177886752966,0.01393480909178875,0.18119598486483424,0.19502013205752608,0.7246235766225458,0.6698220097420285,0.1620467447001007,0.999882680382171,8.470370503949004,3.2652901070453293,8.471288811600324,23.681347951832254,1.0,local_static_Gaussian_linearization,range-272dde7dd08ac45c22d609f9,2,single_turn,200
59.66364583333333,3,13.999145443839804,0.01392697875036692,0.18114942537134943,0.19496580111965284,0.7245558439197849,0.6698972883452846,0.1620384278784607,0.9998831238468993,8.472754817590152,3.2657184861893516,8.47366993688473,23.688004348235562,1.0,local_static_Gaussian_linearization,range-272dde7dd08ac45c22d609f9,2,single_turn,200
59.67864583333333,3,14.003060729291676,0.013919258162032131,0.18110350448442544,0.19491221734962477,0.7244888062835233,0.6699717189752111,0.1620304457294264,0.9998835609214973,8.475107679203898,3.2661411525901345,8.476019654346787,23.69457294459026,1.0,local_static_Gaussian_linearization,range-272dde7dd08ac45c22d609f9,2,single_turn,200
59.989979166666664,3,14.069493726107078,0.013789309559075593,0.18032875533784531,0.1940086043287624,0.723341047912439,0.6712616670202124,0.1618193523475484,0.9998909042530553,8.515005557239832,3.273295789715018,8.51586443743102,23.80595837758257,1.0,local_static_Gaussian_linearization,range-272dde7dd08ac45c22d609f9,2,single_turn,200
60.004979166666665,3,14.071934295732914,0.013784574364283788,0.18030046356057164,0.19397562474884578,0.7232989028748827,0.6713102007885219,0.1618064010392224,0.9998911718688015,8.516470036133796,3.2735578836423214,8.51732697132841,23.810046866935927,1.0,local_static_Gaussian_linearization,range-272dde7dd08ac45c22d609f9,2,single_turn,200
60.019979166666666,3,14.074307230655538,0.013779973023798206,0.1802729673774939,0.19394357396708134,0.7232579313415227,0.671357487268891,0.16179335289059896,0.999891431998166,8.517893840621952,3.2738126609308478,8.518748884501758,23.81402180172616,1.0,local_static_Gaussian_linearization,range-272dde7dd08ac45c22d609f9,2,single_turn,200
60.331312499999996,3,14.110196698938623,0.01371067785545142,0.17985826212102896,0.19346036141620152,0.7226334532727816,0.6720906134408121,0.16153977694613608,0.9998953853885814,8.539422870570275,3.277661105496352,8.540249066832653,23.874125206311838,1.0,local_static_Gaussian_linearization,range-272dde7dd08ac45c22d609f9,2,single_turn,200
60.346312499999996,3,14.111385786563336,0.01370839014379306,0.17984454171511957,0.1934443818317863,0.7226121732296913,0.6721159273733247,0.16152964827349287,0.9998955189870247,8.540136435850524,3.2777885733650987,8.540961652777792,23.87611722855163,1.0,local_static_Gaussian_linearization,range-272dde7dd08ac45c22d609f9,2,single_turn,200
60.3613125,3,14.112534934499237,0.013706179584326445,0.17983128095100787,0.1934289382023272,0.7225915124998623,0.6721405135925268,0.16151976984485758,0.9998956485263549,8.54082610958311,3.2779117738748793,8.541650376514326,23.878042544381405,1.0,local_static_Gaussian_linearization,range-272dde7dd08ac45c22d609f9,2,single_turn,200
60.67264583333333,3,14.129238487416952,0.013674040176841996,0.1796378444817074,0.19320377474512163,0.722267025974291,0.6725256926289293,0.1613677041549256,0.999897642137351,8.550873049525753,3.279707864546124,8.551682614902255,23.906087501091527,1.0,local_static_Gaussian_linearization,range-272dde7dd08ac45c22d609f9,2,single_turn,200
60.68764583333333,3,14.129776052257796,0.013673002980610346,0.1796315635294963,0.19319647007787755,0.7222549834622468,0.6725398581528049,0.16136256709582528,0.9998977137494126,8.551197929429867,3.2797660644561795,8.552006962260046,23.90699420877296,1.0,local_static_Gaussian_linearization,range-272dde7dd08ac45c22d609f9,2,single_turn,200
60.70264583333333,3,14.130294963982083,0.013672001294028334,0.17962549314832427,0.1931894110325651,0.7222431636451354,0.6725537454065742,0.16135759079589618,0.9998977837976505,8.551511728775388,3.2798222957818366,8.552320240233726,23.907869972173945,1.0,local_static_Gaussian_linearization,range-272dde7dd08ac45c22d609f9,2,single_turn,200
61.013979166666665,3,14.137776255543667,0.01365745007294098,0.17953641796399375,0.1930859733524981,0.7220328665297615,0.67279740295397,0.16128296323297273,0.9998989831476607,8.556075532363105,3.2806435989973908,8.556875027984054,23.92060280609817,1.0,local_static_Gaussian_linearization,range-272dde7dd08ac45c22d609f9,2,single_turn,200
61.028979166666666,3,14.138014041938888,0.013656980894241156,0.17953349538027566,0.19308258765327257,0.7220238791284685,0.6728076569215039,0.16128042273033205,0.9998990322610376,8.556222888112828,3.28067032076623,8.557022010287504,23.921013692699745,1.0,local_static_Gaussian_linearization,range-272dde7dd08ac45c22d609f9,2,single_turn,200
61.04397916666667,3,14.138243138843443,0.013656528088953478,0.1795306692356658,0.19307931455406926,0.7220149612342734,0.6728178185386082,0.16127795512970436,0.9998990808190129,8.556365117794545,3.280696135685614,8.557163870380734,23.921410260247256,1.0,local_static_Gaussian_linearization,range-272dde7dd08ac45c22d609f9,2,single_turn,200
61.3553125,3,14.141407268189916,0.013650123243501604,0.1794896278328114,0.1930319520473417,0.7218418038863234,0.6730128625873965,0.16123925376302242,0.9998999916398553,8.558379458883131,3.2810661256929627,8.55917121066332,23.927021746851814,1.0,local_static_Gaussian_linearization,range-272dde7dd08ac45c22d609f9,2,single_turn,200
61.3703125,3,14.141497377880214,0.013649931846691657,0.17948834002303,0.19303047541823368,0.7218339158959667,0.673021655188618,0.16123786623950226,0.9999000317983071,8.558439777844958,3.2810774580054654,8.559231218007728,23.92718949639196,1.0,local_static_Gaussian_linearization,range-272dde7dd08ac45c22d609f9,2,single_turn,200
61.3853125,3,14.141582810667797,0.013649749240663802,0.17948710397200618,0.19302905923169705,0.7218260629204367,0.6730304018073852,0.16123651302286265,0.9999000716745139,8.558497339918082,3.281088302838261,8.559288470414323,23.927349544548953,1.0,local_static_Gaussian_linearization,range-272dde7dd08ac45c22d609f9,2,single_turn,200
61.69664583333333,3,14.142479244712758,0.01364761046070419,0.17947119943195264,0.19301104768043373,0.7216708189435611,0.6732021204582149,0.16121455919330904,0.9999008410560216,8.559174015379769,3.2812216712363345,8.559959126919964,23.92922435373318,1.0,local_static_Gaussian_linearization,range-272dde7dd08ac45c22d609f9,2,single_turn,200
61.71164583333333,3,14.142487829460581,0.013647572832911946,0.17947082131505074,0.19301063269113405,0.7216637264103085,0.6732099170026054,0.16121375137665023,0.9999008754302953,8.559186086473286,3.281224454136327,8.559970927265182,23.92925734140333,1.0,local_static_Gaussian_linearization,range-272dde7dd08ac45c22d609f9,2,single_turn,200
61.72664583333333,3,14.142493806179521,0.0136475401622326,0.17947047281091885,0.19301025221396081,0.7216566719018256,0.673217668104206,0.16121296241901886,0.9999009095595421,8.55919660123763,3.2812269600580737,8.559981173063864,23.929285983364313,1.0,local_static_Gaussian_linearization,range-272dde7dd08ac45c22d609f9,2,single_turn,200
62.037979166666666,3,14.142135703809661,0.013647785440406606,0.17946880698324505,0.19300883375470793,0.7215195123946949,0.6733674502999096,0.16120133408356244,0.9999015608655492,8.559124840748055,3.2812271652106633,8.559904252672847,23.92907095368173,1.0,local_static_Gaussian_linearization,range-272dde7dd08ac45c22d609f9,2,single_turn,200
62.05297916666667,3,14.142099276436875,0.013647834348067659,0.17946895295185716,0.19300902825873797,0.7215133926679107,0.6733740981504188,0.16120095576934831,0.9999015894169329,8.55910973069973,3.2812250822481266,8.559888915247868,23.92902807816353,1.0,local_static_Gaussian_linearization,range-272dde7dd08ac45c22d609f9,2,single_turn,200
62.06797916666667,3,14.142061372081344,0.013647886146611226,0.17946911678752922,0.19300924348455473,0.7215073216076614,0.673380690284132,0.16120059186927627,0.9999016176984551,8.559093712115585,3.2812228351186534,8.559872671333064,23.928982668568,1.0,local_static_Gaussian_linearization,range-272dde7dd08ac45c22d609f9,2,single_turn,200
62.3793125,3,14.140982279841765,0.013649539292013565,0.17947612889957323,0.19301789325636773,0.721392848942311,0.6735044476874739,0.16119589461300493,0.9999021424610849,8.558579539928148,3.2811431967389955,8.559354296963955,23.927533561581185,1.0,local_static_Gaussian_linearization,range-272dde7dd08ac45c22d609f9,2,single_turn,200
62.3943125,3,14.140917627966449,0.013649644182003906,0.1794766257837624,0.1930184940287687,0.7213879025462187,0.6735097770752078,0.16119576372867656,0.9999021647580292,8.558546832511128,3.281137912548518,8.55932140994132,23.927441626452612,1.0,local_static_Gaussian_linearization,range-272dde7dd08ac45c22d609f9,2,single_turn,200
62.4093125,3,14.140851916024491,0.013649751197118767,0.1794771361300057,0.19301911036903452,0.7213830076817245,0.6735150495623266,0.16119563964675318,0.9999021867885023,8.558513457133262,3.2811325061939507,8.559287857001566,23.927347829763725,1.0,local_static_Gaussian_linearization,range-272dde7dd08ac45c22d609f9,2,single_turn,200
62.72064583333333,3,14.139104777327681,0.013652724171807193,0.1794923400839407,0.1930372975611362,0.7212951408686494,0.673615376275116,0.16116961439740837,0.99990259627321,8.55758481505846,3.28097729387021,8.558355884331842,23.924742515558982,1.0,local_static_Gaussian_linearization,range-272dde7dd08ac45c22d609f9,2,single_turn,200
62.73564583333333,3,14.138973978452238,0.013652956990295473,0.17949360492769748,0.1930388036147153,0.7212920133925391,0.6736203646401483,0.1611627616982615,0.9999026155287173,8.557512003131244,3.28096471862486,8.558282912887812,23.92453852509247,1.0,local_static_Gaussian_linearization,range-272dde7dd08ac45c22d609f9,2,single_turn,200
62.75064583333333,3,14.138835089639848,0.013653205257907813,0.17949496066610193,0.19304041758656226,0.7212890482556172,0.6736254445092159,0.1611547994205177,0.9999026349755491,8.557434353094969,3.280951265901877,8.558205101337943,23.92432100419003,1.0,local_static_Gaussian_linearization,range-272dde7dd08ac45c22d609f9,2,single_turn,200
45.9953125,3,48.636327554681046,0.0012628332925518244,0.060173553648865646,0.06141957366350689,-0.6947722935164357,-0.6973272071302417,-0.17614263072251632,0.9999951701292314,28.140054510421585,5.736509564582388,28.14018761256797,78.66542967706607,1.0,local_static_Gaussian_linearization,range-78be84b1f71af5d1f2e0b5f9,3,single_turn,400
46.0103125,3,48.63633922481473,0.0012628325705558577,0.060173534345948895,0.06141955328569948,-0.694771584458873,-0.6973274876157224,-0.1761443170926938,0.9999951701135108,28.14006255420584,5.736510502578621,28.140195656824798,78.66545216465316,1.0,local_static_Gaussian_linearization,range-78be84b1f71af5d1f2e0b5f9,3,single_turn,400
46.0253125,3,48.636351233844195,0.0012628318349503622,0.060173514811948305,0.061419532673925775,-0.6947708755153135,-0.6973277808322098,-0.176145952594177,0.9999951701009483,28.140070749716497,5.736511451123972,28.1402038527219,78.66547507614814,1.0,local_static_Gaussian_linearization,range-78be84b1f71af5d1f2e0b5f9,3,single_turn,400
46.33664583333333,3,48.63653562895817,0.0012628202536630491,0.06017320187381881,0.06141920226025288,-0.6947571905189194,-0.6973343431962741,-0.17617394819121043,0.999995170069762,28.140199784416332,5.736526628804653,28.140332888915978,78.66583579469737,1.0,local_static_Gaussian_linearization,range-78be84b1f71af5d1f2e0b5f9,3,single_turn,400
46.35164583333333,3,48.63653264235236,0.0012628203043346768,0.06017320077775344,0.061419200953198846,-0.6947566510737552,-0.6973345736021916,-0.17617516353853668,0.9999951700600214,28.140199219574136,5.736526686681637,28.140332324339813,78.66583421643404,1.0,local_static_Gaussian_linearization,range-78be84b1f71af5d1f2e0b5f9,3,single_turn,400
46.36664583333333,3,48.63652778997617,0.0012628204496499958,0.06017320183359913,0.061419201893152225,-0.6947561292807968,-0.6973347880080357,-0.1761763725944895,0.9999951700482309,28.140197600173792,5.736526641067118,28.140330705257114,78.66582969031509,1.0,local_static_Gaussian_linearization,range-78be84b1f71af5d1f2e0b5f9,3,single_turn,400
46.67797916666667,3,48.63594900301007,0.0012628476847457379,0.060173773716118796,0.06141979559386304,-0.6947499510222966,-0.6973348718777563,-0.1762004030010991,0.9999951692293247,28.1398941344248,5.736499253646065,28.14002726061275,78.66498141582379,1.0,local_static_Gaussian_linearization,range-78be84b1f71af5d1f2e0b5f9,3,single_turn,400
46.69297916666667,3,48.6358988264703,0.0012628501262170954,0.0601738269140498,0.0614198509716899,-0.6947498797507057,-0.6973346617195836,-0.17620151574493867,0.999995169161669,28.139866931085976,5.7364967014413555,28.140000059006503,78.66490537418282,1.0,local_static_Gaussian_linearization,range-78be84b1f71af5d1f2e0b5f9,3,single_turn,400
46.70797916666667,3,48.635846944922726,0.0012628526540362447,0.060173882072019215,0.06141990839569625,-0.6947498263159265,-0.697334434452861,-0.17620262586096222,0.999995169091743,28.13983876572952,5.7364940550433365,28.13997189544111,78.66482664340096,1.0,local_static_Gaussian_linearization,range-78be84b1f71af5d1f2e0b5f9,3,single_turn,400
47.0193125,3,48.63452000853557,0.0012629178274452188,0.06017531619791635,0.06142140234802076,-0.694751385340755,-0.6973272980506909,-0.176224720060566,0.9999951673354063,28.139112623897464,5.7364252200160735,28.13924579849386,78.66279685137792,1.0,local_static_Gaussian_linearization,range-78be84b1f71af5d1f2e0b5f9,3,single_turn,400
47.0343125,3,48.634450930494516,0.0012629212321243306,0.06017539138466711,0.06142148069283043,-0.6947515182446765,-0.697326912764159,-0.1762257206866354,0.9999951672468752,28.139074691656383,5.7364216103072145,28.139207868508787,78.66269081873115,1.0,local_static_Gaussian_linearization,range-78be84b1f71af5d1f2e0b5f9,3,single_turn,400
47.0493125,3,48.634382007742246,0.0012629246294546652,0.060175466415490236,0.06142155887588451,-0.6947516500945164,-0.6973265302916276,-0.17622671432670692,0.9999951671589246,28.139036841453212,5.736418008021132,28.139170020545997,78.6625850153763,1.0,local_static_Gaussian_linearization,range-78be84b1f71af5d1f2e0b5f9,3,single_turn,400
47.36064583333333,3,48.633103597649296,0.0012629875951155666,0.06017685574992066,0.061423006555801296,-0.6947531031966419,-0.6973203535919633,-0.176245425656996,0.9999951656302777,28.138335361345977,5.736351293278665,28.13846857916682,78.66062414758657,1.0,local_static_Gaussian_linearization,range-78be84b1f71af5d1f2e0b5f9,3,single_turn,400
47.37564583333333,3,48.633053950244076,0.0012629900323935588,0.060176909338210294,0.06142306238401646,-0.6947530781090737,-0.6973201746063821,-0.17624623271120385,0.9999951655758407,28.138308209603668,5.73634871968539,28.138441428792895,78.6605482491647,1.0,local_static_Gaussian_linearization,range-78be84b1f71af5d1f2e0b5f9,3,single_turn,400
47.39064583333333,3,48.633005663479494,0.001262992401526278,0.06017696139659621,0.06142311661635905,-0.6947530427333192,-0.6973200077243469,-0.17624703242923262,0.9999951655233165,28.13828181709828,5.73634621956704,28.13841503760739,78.66047447304153,1.0,local_static_Gaussian_linearization,range-78be84b1f71af5d1f2e0b5f9,3,single_turn,400
47.70197916666666,3,48.63231501563277,0.0012630259560083479,0.06017769099759416,0.06142387616551871,-0.6947501111115011,-0.6973190890481108,-0.17626222272418482,0.9999951648354289,28.137908024490848,5.736311185939993,28.138041262148015,78.65942958991855,1.0,local_static_Gaussian_linearization,range-78be84b1f71af5d1f2e0b5f9,3,single_turn,400
47.71697916666666,3,48.63229564724804,0.0012630268752256,0.060177710475276515,0.061423896406391246,-0.6947498856393413,-0.6973191417271997,-0.17626290303113415,0.9999951648178713,28.137897784774005,5.736310251397138,28.138031022865626,78.65940096617375,1.0,local_static_Gaussian_linearization,range-78be84b1f71af5d1f2e0b5f9,3,single_turn,400
47.73197916666666,3,48.6322773235695,0.0012630277421174557,0.06017772877862585,0.06142391542201792,-0.694749655310168,-0.697319200294807,-0.17626357918360133,0.9999951648013247,28.13788812795207,5.736309373317609,28.138021366452985,78.6593739718317,1.0,local_static_Gaussian_linearization,range-78be84b1f71af5d1f2e0b5f9,3,single_turn,400
48.0433125,3,48.63206035383028,0.001263037557429466,0.060177925248275435,0.06142411872206417,-0.6947442199174902,-0.6973212344039499,-0.1762769552170399,0.9999951646036167,28.13777878978136,5.736299969260452,28.137912033205527,78.6590683325443,1.0,local_static_Gaussian_linearization,range-78be84b1f71af5d1f2e0b5f9,3,single_turn,400
48.0583125,3,48.63205450602135,0.0012630378003916402,0.060177929571154046,0.06142412315181156,-0.6947439460256634,-0.697321350646543,-0.17627757484481982,0.9999951645978032,28.137776083282546,5.736299763532884,28.13790932685398,78.65906076698325,1.0,local_static_Gaussian_linearization,range-78be84b1f71af5d1f2e0b5f9,3,single_turn,400
48.0733125,3,48.63204886643015,0.001263038032970289,0.06017793366214349,0.06142412733957091,-0.6947436727167813,-0.6973214664919585,-0.17627819374358875,0.9999951645919972,28.137773492445902,5.73629956898176,28.137906736165075,78.65905352475521,1.0,local_static_Gaussian_linearization,range-78be84b1f71af5d1f2e0b5f9,3,single_turn,400
48.38464583333333,3,48.63193531411062,0.0012630427272233987,0.06017801655868382,0.06142421220928619,-0.6947384123156416,-0.697323569071644,-0.1762906080037334,0.9999951644485638,28.13772119970425,5.736295629967009,28.137854447126834,78.65890735161246,1.0,local_static_Gaussian_linearization,range-78be84b1f71af5d1f2e0b5f9,3,single_turn,400
48.39964583333333,3,48.631928790108326,0.001263043008913004,0.060178021862001316,0.06142421766830136,-0.694738187059695,-0.6973236487652231,-0.17629118047640424,0.9999951644396444,28.1377180617569,5.736295377262195,28.137851309410422,78.65889858017806,1.0,local_static_Gaussian_linearization,range-78be84b1f71af5d1f2e0b5f9,3,single_turn,400
48.41464583333333,3,48.63192215243153,0.0012630432966047528,0.06017802730703997,0.06142422327563283,-0.6947379646908871,-0.697323726335096,-0.17629174996947627,0.9999951644305398,28.13771485694891,5.736295117741703,28.137848104837733,78.65888962184803,1.0,local_static_Gaussian_linearization,range-78be84b1f71af5d1f2e0b5f9,3,single_turn,400
48.72597916666666,3,48.63177875330424,0.0012630496116145308,0.0601781494259537,0.061424349266484705,-0.6947336484048374,-0.6973252317005616,-0.17630280487803288,0.9999951642513957,28.137644510295534,5.736289288661026,28.137777762783713,78.65869298179787,1.0,local_static_Gaussian_linearization,range-78be84b1f71af5d1f2e0b5f9,3,single_turn,400
48.74097916666666,3,48.63177271574918,0.001263049874858798,0.06017815444690429,0.061424354442788515,-0.6947334310355413,-0.6973253251241912,-0.17630329192055855,0.9999951642468389,28.137641577952397,5.736289048704687,28.137774830552285,78.65868478479334,1.0,local_static_Gaussian_linearization,range-78be84b1f71af5d1f2e0b5f9,3,single_turn,400
48.75597916666666,3,48.63176686263056,0.0012630501289530168,0.060178159264253434,0.06142435940705858,-0.6947332105975264,-0.6973254224038339,-0.17630377580235773,0.999995164242877,28.137638747547072,5.7362888184717775,28.137772000242503,78.6586768727091,1.0,local_static_Gaussian_linearization,range-78be84b1f71af5d1f2e0b5f9,3,single_turn,400
49.0673125,3,48.63168693150714,0.0012630533807550036,0.06017821512506727,0.06142441659065902,-0.6947278146772118,-0.6973286046223415,-0.1763124518838185,0.9999951643504618,28.137602529520343,5.736286136649261,28.137735779080682,78.6585756170495,1.0,local_static_Gaussian_linearization,range-78be84b1f71af5d1f2e0b5f9,3,single_turn,400
49.0823125,3,48.63168499525212,0.0012630534441714159,0.060178215779001454,0.061424417229112564,-0.6947275093029466,-0.6973288197625541,-0.17631280426074553,0.9999951643654711,28.13760182355615,5.736286104099267,28.137735072699535,78.65857364237267,1.0,local_static_Gaussian_linearization,range-78be84b1f71af5d1f2e0b5f9,3,single_turn,400
49.0973125,3,48.63168322899995,0.0012630534991316417,0.060178216244123145,0.06142441767104996,-0.6947271992832751,-0.6973290404121554,-0.17631315315052168,0.9999951643812828,28.137601211804952,5.736286080529778,28.137734460509993,78.65857193100692,1.0,local_static_Gaussian_linearization,range-78be84b1f71af5d1f2e0b5f9,3,single_turn,400
49.40864583333333,3,48.631658705891034,0.0012630540472742563,0.06017821286654191,0.061424413354135995,-0.6947199057527499,-0.6973346472072564,-0.17631971629747317,0.9999951648568388,28.137595119297334,5.736286197023899,28.13772835487538,78.6585548628062,1.0,local_static_Gaussian_linearization,range-78be84b1f71af5d1f2e0b5f9,3,single_turn,400
49.42364583333333,3,48.63165744731688,0.0012630540793815612,0.06017821287008527,0.06142441332592027,-0.6947195295204269,-0.697334952123747,-0.17631999276737675,0.9999951648851755,28.137594762443673,5.73628619374525,28.137727997239615,78.65855386304132,1.0,local_static_Gaussian_linearization,range-78be84b1f71af5d1f2e0b5f9,3,single_turn,400
49.43864583333333,3,48.63165612065373,0.0012630541152815191,0.0601782129671286,0.061424413396147376,-0.6947191529306573,-0.6973352588566661,-0.17632026346003457,0.9999951649138985,28.137594363355667,5.736286185887713,28.13772759735839,78.65855274517996,1.0,local_static_Gaussian_linearization,range-78be84b1f71af5d1f2e0b5f9,3,single_turn,400
49.74997916666666,3,48.64330308787445,0.0012624632106311624,0.060164786697493866,0.061410380592022716,-0.6947486703273297,-0.6972776499605606,-0.17643175435245512,0.999995156360045,28.1441783545607,5.736935111462385,28.144311856147382,78.67695893187184,1.0,local_static_Gaussian_linearization,range-78be84b1f71af5d1f2e0b5f9,3,single_turn,400
49.76497916666666,3,48.645028451638645,0.0012623766330764157,0.06016283965757386,0.06140834723268604,-0.694756255111321,-0.6972689952896468,-0.17643609095493984,0.999995155451102,28.145143418716504,5.737029152884738,28.145276950026528,78.67965683587045,1.0,local_static_Gaussian_linearization,range-78be84b1f71af5d1f2e0b5f9,3,single_turn,400
49.779979166666664,3,48.64689337656307,0.0012622831390775725,0.060160738703131954,0.06140615327774,-0.6947646921433939,-0.6972596599032534,-0.17643976088879224,0.9999951545019091,28.146185691601897,5.737130625991985,28.146319254120378,78.68257057974898,1.0,local_static_Gaussian_linearization,range-78be84b1f71af5d1f2e0b5f9,3,single_turn,400
50.091312499999994,3,48.71836110527694,0.0012587240635173588,0.060081055456277885,0.06132297345834024,-0.6951369571829563,-0.6969054472502972,-0.17637292408780816,0.9999951246586443,28.185948817471733,5.740981657520379,28.186083396248556,78.79373058228059,1.0,local_static_Gaussian_linearization,range-78be84b1f71af5d1f2e0b5f9,3,single_turn,400
50.106312499999994,3,48.723326662866185,0.001258477693733265,0.060075542927070555,0.06131721976969634,-0.6951638674123719,-0.6968808372517621,-0.17636410098304323,0.9999951226934986,28.18870758273315,5.741248330587289,28.188842229196272,78.80144285421805,1.0,local_static_Gaussian_linearization,range-78be84b1f71af5d1f2e0b5f9,3,single_turn,400
50.121312499999995,3,48.72841834891482,0.0012582251580284312,0.06006989219947845,0.06131132187753886,-0.6951915125120844,-0.6968555851554794,-0.1763549102485518,0.9999951206780339,28.1915362327679,5.741521726909107,28.191670948657556,78.80935049274987,1.0,local_static_Gaussian_linearization,range-78be84b1f71af5d1f2e0b5f9,3,single_turn,400
50.43264583333333,3,48.85743121862228,0.0012518550735678338,0.05992722521512399,0.06116242315252377,-0.6959079049076343,-0.696202424087428,-0.1761089792766301,0.9999950674212993,28.26317027810423,5.7484374096069875,28.26330681732373,79.00960738039045,1.0,local_static_Gaussian_linearization,range-78be84b1f71af5d1f2e0b5f9,3,single_turn,400
50.44764583333333,3,48.86451009479255,0.001251507101252474,0.059919423853940605,0.061154281382856085,-0.6959482738030193,-0.6961654775843765,-0.1760955082059582,0.999995064306203,28.267099101383803,5.748816315776788,28.26723574620131,79.02059063617327,1.0,local_static_Gaussian_linearization,range-78be84b1f71af5d1f2e0b5f9,3,single_turn,400
50.46264583333333,3,48.8716451219986,0.0012511565314110512,0.05991156341944658,0.06114607799519159,-0.6959890965138721,-0.696128093493173,-0.1760819553031052,0.999995061141542,28.27105890893921,5.749198169688524,28.271195660904038,79.03166051231848,1.0,local_static_Gaussian_linearization,range-78be84b1f71af5d1f2e0b5f9,3,single_turn,400
50.77397916666666,3,49.02857598143085,0.0012434873208541357,0.05973940141651883,0.06096641259244288,-0.6969215130626659,-0.6952685510430967,-0.17578977945511245,0.9999949850292185,28.358103683768807,5.757581550335696,28.358242979186794,79.27499985280998,1.0,local_static_Gaussian_linearization,range-78be84b1f71af5d1f2e0b5f9,3,single_turn,400
50.788979166666664,3,49.036423542318055,0.0012431058861049717,0.059730828783281675,0.06095746673899198,-0.6969697195150151,-0.6952238595604733,-0.17577541118427467,0.9999949809125676,28.362453937150654,5.757999987184815,28.362593368718034,79.28716129488882,1.0,local_static_Gaussian_linearization,range-78be84b1f71af5d1f2e0b5f9,3,single_turn,400
50.803979166666664,3,49.04428844394457,0.0012427238060321972,0.05972224069722239,0.06094850479919971,-0.6970181556423859,-0.6951789352114738,-0.17576102737275875,0.9999949767605674,28.366813557454908,5.758419272743671,28.366953126236787,79.299348925022,1.0,local_static_Gaussian_linearization,range-78be84b1f71af5d1f2e0b5f9,3,single_turn,400
51.115312499999995,3,49.21049724715325,0.0012346951497897178,0.05954155434797391,0.06075996226980038,-0.6980619718367786,-0.6942070191681065,-0.17545967631647147,0.9999948839826721,28.458889707133274,5.767262527376998,28.459032324154585,79.55675480192127,1.0,local_static_Gaussian_linearization,range-78be84b1f71af5d1f2e0b5f9,3,single_turn,400
51.130312499999995,3,49.21861776934854,0.0012343051122153713,0.05953276527961073,0.060750791528881215,-0.6981135779839706,-0.6941588249406923,-0.1754450284031339,0.9999948792543776,28.463385691521594,5.7676937458414645,28.463528463344062,79.56932368476235,1.0,local_static_Gaussian_linearization,range-78be84b1f71af5d1f2e0b5f9,3,single_turn,400
51.145312499999996,3,49.22674675076575,0.0012339148736139488,0.059523970616485775,0.060741614995396986,-0.6981652656045899,-0.6941105441855043,-0.17543036896094893,0.9999948745068676,28.467886125947132,5.768125336859638,28.468029053171637,79.58190500928872,1.0,local_static_Gaussian_linearization,range-78be84b1f71af5d1f2e0b5f9,3,single_turn,400
51.45664583333333,3,49.39710254657557,0.001225783618424507,0.05934047203262791,0.06055015909922783,-0.6992514392112913,-0.6930936382406585,-0.1751246224585943,0.9999947721516163,28.56214827249855,5.777152765786697,28.562294546110444,79.845422637808,1.0,local_static_Gaussian_linearization,range-78be84b1f71af5d1f2e0b5f9,3,single_turn,400
51.47164583333333,3,49.40537523033227,0.001225391014287987,0.05933160002872235,0.060540902864775446,-0.699304254945986,-0.6930440786898323,-0.1751098626788358,0.999994767051536,28.566723289161466,5.777590319122896,28.566869729382788,79.85821248707714,1.0,local_static_Gaussian_linearization,range-78be84b1f71af5d1f2e0b5f9,3,single_turn,400
51.486645833333334,3,49.413652651102076,0.001224998393718251,0.059322726538340795,0.06053164512535164,-0.6993571065139563,-0.6929944750585467,-0.17509510303476836,0.9999947619366562,28.571300696291395,5.778028046133715,28.57144730359567,79.87100902018108,1.0,local_static_Gaussian_linearization,range-78be84b1f71af5d1f2e0b5f9,3,single_turn,400
51.797979166666664,3,49.5863352735219,0.001216854907699383,0.05913842726614856,0.06033937543241214,-0.7004613966843879,-0.6919555829809533,-0.17478931013207172,0.9999946524567684,28.66674120708284,5.787142254599869,28.666891388352802,80.13782138266158,1.0,local_static_Gaussian_linearization,range-78be84b1f71af5d1f2e0b5f9,3,single_turn,400
51.812979166666665,3,49.59469182611498,0.0012164631039735352,0.059129548098310954,0.060330112759406744,-0.7005149265513037,-0.6919051023892507,-0.17477461762665022,0.9999946470234746,28.67135723665316,5.787582459573866,28.671507595193365,80.1507259126381,1.0,local_static_Gaussian_linearization,range-78be84b1f71af5d1f2e0b5f9,3,single_turn,400
51.827979166666665,3,49.60305153851345,0.0012160713616784374,0.059120669214331144,0.060320850427845754,-0.7005684840372449,-0.6918545847030784,-0.17475992904292478,0.99999464157582,28.675974772215316,5.788022751948596,28.676125308486842,80.16363465387886,1.0,local_static_Gaussian_linearization,range-78be84b1f71af5d1f2e0b5f9,3,single_turn,400
52.139312499999996,3,49.77731928375238,0.0012079524809795385,0.05893640267467012,0.06012863632531931,-0.701685744189023,-0.6907982733141173,-0.1744559027036092,0.999994525351766,28.772178468235637,5.7971832468938285,28.772332795715176,80.43258109535843,1.0,local_static_Gaussian_linearization,range-78be84b1f71af5d1f2e0b5f9,3,single_turn,400
52.154312499999996,3,49.785754596201286,0.001207561773947007,0.05892752297891154,0.060119374137479184,-0.7017398140245168,-0.6907470367629439,-0.1744412927493054,0.9999945196051019,28.776832553467738,5.797625794204909,28.776987068421192,80.44559203783308,1.0,local_static_Gaussian_linearization,range-78be84b1f71af5d1f2e0b5f9,3,single_turn,400
52.1693125,3,49.79419371056384,0.0012071711003076697,0.058918642913920696,0.06011011161051459,-0.7017939027686164,-0.69069577208786,-0.17442668504775588,0.9999945138455025,28.78148849957336,5.798068462034041,28.781643202428825,80.45860818354565,1.0,local_static_Gaussian_linearization,range-78be84b1f71af5d1f2e0b5f9,3,single_turn,400
52.480645833333334,3,49.97026178626403,0.0011990677686376473,0.05873419525460041,0.05991773029829471,-0.702919903979065,-0.6896262635567668,-0.17412416605053566,0.9999943915224229,28.878574301340603,5.807286237253409,28.878732997491262,80.73002110200231,1.0,local_static_Gaussian_linearization,range-78be84b1f71af5d1f2e0b5f9,3,single_turn,400
52.495645833333334,3,49.97879036657804,0.0011986775326577872,0.05872530017361272,0.059908453121830546,-0.7029742802439597,-0.6895745087713138,-0.1741096153814839,0.9999943855017325,28.883274536258675,5.807731886657421,28.883433429132484,80.74316108101792,1.0,local_static_Gaussian_linearization,range-78be84b1f71af5d1f2e0b5f9,3,single_turn,400
52.510645833333335,3,49.987323250313736,0.0011982873093825499,0.05871640421841704,0.059899175080854225,-0.7030286652608062,-0.6895227362128651,-0.17409506617688256,0.9999943794699008,28.887976913589327,5.8081776829072975,28.88813600357029,80.75630705018598,1.0,local_static_Gaussian_linearization,range-78be84b1f71af5d1f2e0b5f9,3,single_turn,400
52.821979166666665,3,50.16543688819638,0.0011901894268801622,0.0585315313070195,0.0597063725791554,-0.704159110292768,-0.6884445519018676,-0.1737931136389894,0.9999942518518544,28.986081560938214,5.817465451687535,28.986244826557687,81.03056864437549,1.0,local_static_Gaussian_linearization,range-78be84b1f71af5d1f2e0b5f9,3,single_turn,400
52.836979166666666,3,50.17406816784112,0.0011897993001972716,0.05852261196581727,0.05969707119414756,-0.70421364532045,-0.6883924444438929,-0.17377854924312394,0.9999942455900039,28.99083315748144,5.81791467784764,28.990996628275596,81.043852227592,1.0,local_static_Gaussian_linearization,range-78be84b1f71af5d1f2e0b5f9,3,single_turn,400
52.851979166666666,3,50.18270416658818,0.00118940917082305,0.05851369137299457,0.05968776855244006,-0.7042681860886987,-0.6883403227825906,-0.1737639838830041,0.9999942393179226,28.995587124163126,5.818364071376863,28.99575080049614,81.05714243750946,1.0,local_static_Gaussian_linearization,range-78be84b1f71af5d1f2e0b5f9,3,single_turn,400
53.163312499999996,3,50.363050280562916,0.0011813099030952333,0.058328224932607274,0.059494370046512146,-0.7054014863838904,-0.6872553284898809,-0.1734613976355081,0.999994106857772,29.094812956601512,5.827731026623349,29.094980980747767,81.33453876740957,1.0,local_static_Gaussian_linearization,range-78be84b1f71af5d1f2e0b5f9,3,single_turn,400
53.1783125,3,50.371792919563674,0.0011809195811201406,0.05831927376923095,0.0594850365948416,-0.7054561472530628,-0.6872029063001575,-0.17344679263532622,0.999994100368283,29.099620637177424,5.828184250487736,29.099788874692205,81.34797915551887,1.0,local_static_Gaussian_linearization,range-78be84b1f71af5d1f2e0b5f9,3,single_turn,400
53.1933125,3,50.38054050613296,0.0011805292503885025,0.058310321191203496,0.059475701717872725,-0.7055108127518819,-0.687150471518846,-0.17343218438803823,0.9999940938691654,29.10443080961876,5.828637651856147,29.104599260853774,81.36142651057996,1.0,local_static_Gaussian_linearization,range-78be84b1f71af5d1f2e0b5f9,3,single_turn,400
53.50464583333333,3,50.56317892623115,0.0011724278288228495,0.05812423270238063,0.05928167808686245,-0.7066462210911643,-0.6860596048351428,-0.17312809370817114,0.9999939568659482,29.204808895804618,5.838086102232518,29.20498186072968,81.64204441050515,1.0,local_static_Gaussian_linearization,range-78be84b1f71af5d1f2e0b5f9,3,single_turn,400
53.51964583333333,3,50.57202720895442,0.0011720376602827288,0.058115257245075574,0.059272320445737436,-0.7067009458028953,-0.6860069361490668,-0.17311342165373386,0.9999939501653402,29.209669404520714,5.8385429849218715,29.209842590614876,81.65563250061412,1.0,local_static_Gaussian_linearization,range-78be84b1f71af5d1f2e0b5f9,3,single_turn,400
53.53464583333333,3,50.580879629291765,0.001171647522643388,0.05810628126597502,0.05926296231078311,-0.7067556705862962,-0.6859542587819972,-0.17309874913746506,0.9999939434557995,29.214531955446986,5.83900000154193,29.214705363043134,81.66922630061848,1.0,local_static_Gaussian_linearization,range-78be84b1f71af5d1f2e0b5f9,3,single_turn,400
53.845979166666666,3,50.765459886186356,0.001163561190580875,0.057919959256500654,0.05906871894555665,0.7078911950061773,0.6848593250123571,0.17279398420183795,0.9999938022495779,29.315867371290732,5.848511001877612,29.316045449496,81.95252083845466,1.0,local_static_Gaussian_linearization,range-78be84b1f71af5d1f2e0b5f9,3,single_turn,400
53.86097916666667,3,50.77439035266267,0.0011631722787802555,0.0579109846427975,0.059059363330184855,0.7079458657879879,0.6848065144324025,0.17277930693413426,0.9999937953559622,29.320767708020643,5.84897029508246,29.32094601468596,81.96622028750015,1.0,local_static_Gaussian_linearization,range-78be84b1f71af5d1f2e0b5f9,3,single_turn,400
53.87597916666667,3,50.783324096608865,0.0011627834373980576,0.05790201040365852,0.05905000815555446,0.7080005301947297,0.6847537007378912,0.17276463344603793,0.9999937884544117,29.32566961485964,5.849429677368358,29.32584815029097,81.97992412661496,1.0,local_static_Gaussian_linearization,range-78be84b1f71af5d1f2e0b5f9,3,single_turn,400
54.1873125,3,50.96946541534205,0.0011547298113282578,0.05771585389494827,0.05885596118256008,0.7091332159865142,0.6836573615146639,0.1724607028613532,0.9999936435401541,29.42775320145292,5.858983309436815,29.427936550652788,82.26531056362364,1.0,local_static_Gaussian_linearization,range-78be84b1f71af5d1f2e0b5f9,3,single_turn,400
54.2023125,3,50.97846693795357,0.0011543426654668067,0.05770689144758283,0.0588466194065688,0.7091876789143644,0.6836045532283247,0.17244608108495493,0.9999936364828268,29.43268735431684,5.859444446848848,29.43287093846656,82.27910456325534,1.0,local_static_Gaussian_linearization,range-78be84b1f71af5d1f2e0b5f9,3,single_turn,400
54.2173125,3,50.98747134405602,0.0011539556080307357,0.05769792978205023,0.058837278496779874,0.7092421305234948,0.6835517475437284,0.172431460935668,0.9999936294189204,29.43762286201378,5.859905652781388,29.437806681381826,82.29290235105088,1.0,local_static_Gaussian_linearization,range-78be84b1f71af5d1f2e0b5f9,3,single_turn,400
54.52864583333333,3,51.17500341671618,0.0011459424379306157,0.05751211143442383,0.058643608176459326,0.7103694760705239,0.6824565462489515,0.17212864360484093,0.9999934813813312,29.540362703798635,5.869493234295426,29.54055146416623,82.58012369428039,1.0,local_static_Gaussian_linearization,range-78be84b1f71af5d1f2e0b5f9,3,single_turn,400
54.54364583333333,3,51.18407060198146,0.0011455573036281412,0.057503166580209694,0.0586342859075183,0.710423644093565,0.6824038294631676,0.1721140884611825,0.9999934741840113,29.54532778579826,5.869955943104574,29.545516786969863,82.59400417216528,1.0,local_static_Gaussian_linearization,range-78be84b1f71af5d1f2e0b5f9,3,single_turn,400
54.55864583333333,3,51.19314088820036,0.001145172248617928,0.057494222277025185,0.058624964264754796,0.7104777978761116,0.6823511181243043,0.17209953608195153,0.9999934669810735,29.550294349139758,5.870418732528749,29.55048359135925,82.60788879179869,1.0,local_static_Gaussian_linearization,range-78be84b1f71af5d1f2e0b5f9,3,single_turn,400
54.86997916666666,3,51.38215662639468,0.0011371957241757599,0.057308644146473436,0.05843156881446522,0.7115983315582535,0.6812585211943718,0.1717982590818878,0.9999933162966497,29.65374477699962,5.880045447781528,29.653939075338837,82.8970968884806,1.0,local_static_Gaussian_linearization,range-78be84b1f71af5d1f2e0b5f9,3,single_turn,400
54.88497916666666,3,51.3913054826964,0.0011368119224585275,0.05729970028920429,0.05842224878343756,0.7116521160907133,0.6812059882092968,0.1717837806412613,0.9999933089896524,29.65874987634094,5.880510593270325,29.658944420579328,82.91108924842669,1.0,local_static_Gaussian_linearization,range-78be84b1f71af5d1f2e0b5f9,3,single_turn,400
54.89997916666666,3,51.40045916491669,0.0011364281263201144,0.05729075517800811,0.058412927500779824,0.7117058754638523,0.6811534723541729,0.1717693043884276,0.9999933016800742,29.663757438147016,5.880975913341037,29.66395222844983,82.9250884926143,1.0,local_static_Gaussian_linearization,range-78be84b1f71af5d1f2e0b5f9,3,single_turn,400
55.2113125,3,51.591915449645484,0.0011284474534530905,0.05710441618596613,0.0582187656079196,0.7128133044458392,0.6800703354488953,0.17146874889445757,0.9999931500927229,29.768463082863633,5.890693944892894,29.768662998502176,83.21780572077894,1.0,local_static_Gaussian_linearization,range-78be84b1f71af5d1f2e0b5f9,3,single_turn,400
55.2263125,3,51.60123516563322,0.001128061186536132,0.05709537981914787,0.05820935056767419,0.7128660776568805,0.6800186770851754,0.171454233372706,0.9999931428417149,29.77355904280695,5.891166407750782,29.77375920500759,83.23205208189034,1.0,local_static_Gaussian_linearization,range-78be84b1f71af5d1f2e0b5f9,3,single_turn,400
55.2413125,3,51.610566312487904,0.0011276746458762366,0.05708633528685548,0.058199927089906824,0.7129187769501316,0.6799670906454307,0.1714397069267139,0.9999931356010813,29.778661235555276,5.891639407209564,29.778861644131833,83.24631586618476,1.0,local_static_Gaussian_linearization,range-78be84b1f71af5d1f2e0b5f9,3,single_turn,400
55.55264583333333,3,51.80736447732118,0.0011195675050850622,0.05689619887001921,0.058001841792906954,0.713991154760025,0.6789177179210477,0.1711355112690616,0.9999929888681636,29.886280769114123,5.901608131588298,29.886486216125324,83.54717857954837,1.0,local_static_Gaussian_linearization,range-78be84b1f71af5d1f2e0b5f9,3,single_turn,400
55.56764583333333,3,51.81702531183547,0.0011191716713193191,0.05688689206319604,0.05799214682104237,0.7140415241054301,0.6788684753054021,0.17112070327611786,0.9999929820377966,29.891565259340947,5.9020973065006075,29.891770943590547,83.5619519478891,1.0,local_static_Gaussian_linearization,range-78be84b1f71af5d1f2e0b5f9,3,single_turn,400
55.58264583333333,3,51.82670533607873,0.001118775245702518,0.05687756898895423,0.05798243499632348,0.7140917462399754,0.678819385525838,0.17110587303265226,0.9999929752369539,29.896860462743764,5.902587449977991,29.897066383513824,83.57675526272939,1.0,local_static_Gaussian_linearization,range-78be84b1f71af5d1f2e0b5f9,3,single_turn,400
55.89397916666666,3,52.03236981604437,0.001110397345634819,0.05667995627945036,0.05777660533082495,0.7150955686066515,0.67784084943814,0.17079259524964904,0.9999928421467299,30.009429850898254,5.9130031612103,30.00964047888134,83.8914542869334,1.0,local_static_Gaussian_linearization,range-78be84b1f71af5d1f2e0b5f9,3,single_turn,400
55.90897916666666,3,52.04252500557856,0.0011099858172848277,0.056670219285712836,0.057766464651883204,0.7151418128924497,0.6777959377602196,0.1707772063498085,0.9999928361922342,30.014992172377966,5.91351768233856,30.015203015435024,83.90700426599233,1.0,local_static_Gaussian_linearization,range-78be84b1f71af5d1f2e0b5f9,3,single_turn,400
55.92397916666666,3,52.05270397865703,0.0011095735236400573,0.056660461244285414,0.05775630216859131,0.7151878403786203,0.6777512556258057,0.17076178867711866,0.9999928302856015,30.020567942394962,5.914033438457909,30.020778999279955,83.92259183673184,1.0,local_static_Gaussian_linearization,range-78be84b1f71af5d1f2e0b5f9,3,single_turn,400
56.2353125,3,52.269534296378204,0.0011008370313483821,0.05645296965709592,0.057540238964787424,0.7160884606066833,0.676881858293352,0.17043552006342183,0.9999927199239385,30.13945426330542,5.925029333885486,30.139669434700313,84.25494808522603,1.0,local_static_Gaussian_linearization,range-78be84b1f71af5d1f2e0b5f9,3,single_turn,400
56.2503125,3,52.28025859469268,0.0011004071576270766,0.05644272328685244,0.05752957076019432,0.7161288891267685,0.676843125632651,0.17041947494897433,0.9999927152780762,30.145340534613286,5.925573766998157,30.145555886218347,84.27140356321769,1.0,local_static_Gaussian_linearization,range-78be84b1f71af5d1f2e0b5f9,3,single_turn,400
56.2653125,3,52.29100882194142,0.001099976451006155,0.05643245348799775,0.057518878303490666,0.7161690174261911,0.6768047143656284,0.17040339518702047,0.9999927107010584,30.151241673415257,5.926119580049228,30.15145720335831,84.28790059780988,1.0,local_static_Gaussian_linearization,range-78be84b1f71af5d1f2e0b5f9,3,single_turn,400
56.57664583333333,3,52.5199273258986,0.001090853103409004,0.056214055325007464,0.05729152571427184,0.7169286230617193,0.6760858270876978,0.17006264682748623,0.9999926325128777,30.27706172513496,5.937758933916191,30.277280494347362,84.6396375295358,1.0,local_static_Gaussian_linearization,range-78be84b1f71af5d1f2e0b5f9,3,single_turn,400
56.59164583333333,3,52.53122968616222,0.001090405004771218,0.05620328524063729,0.05728031575657766,0.7169613862653774,0.6760553031521025,0.17004586935396807,0.9999926296278933,30.28328213299437,5.938334501837721,30.283501033743992,84.65702694467392,1.0,local_static_Gaussian_linearization,range-78be84b1f71af5d1f2e0b5f9,3,single_turn,400
56.60664583333333,3,52.54255610558826,0.0010899561711505614,0.05619249335949,0.05726908327531053,0.7169937727696616,0.6760251852177587,0.1700290526963611,0.9999926268299256,30.289516591481412,5.938911384240874,30.289735621323114,84.67445563127413,1.0,local_static_Gaussian_linearization,range-78be84b1f71af5d1f2e0b5f9,3,single_turn,400
56.91797916666666,3,52.78269819888532,0.001080491077097378,0.05596393743242472,0.05703123442901943,0.7175766720153233,0.6754959426587215,0.16967307161426307,0.9999925891831218,30.42189414540003,5.951164221967712,30.4221152751999,85.0445207671607,1.0,local_static_Gaussian_linearization,range-78be84b1f71af5d1f2e0b5f9,3,single_turn,400
56.93297916666666,3,52.794489341173,0.001080028822657761,0.055952727082344604,0.05701957016596478,0.7176002403646113,0.6754752932928741,0.16965560167456373,0.9999925883955333,30.428403739453085,5.951766948528684,30.428624941031728,85.06271843047288,1.0,local_static_Gaussian_linearization,range-78be84b1f71af5d1f2e0b5f9,3,single_turn,400
56.94797916666666,3,52.80629842951054,0.0010795660968107078,0.055941500780802095,0.0570078894825681,0.7176233798420866,0.6754551043790897,0.16963810501256277,0.9999925877046199,30.434924161828558,5.952370696733125,30.435145432391067,85.0809463563684,1.0,local_static_Gaussian_linearization,range-78be84b1f71af5d1f2e0b5f9,3,single_turn,400
57.2593125,3,53.05483357849036,0.0010698809965268424,0.05570548150528128,0.056762358219521046,0.7180036736690503,0.6751430228893291,0.16927085762648886,0.9999925955529576,30.572370132672326,5.96510194219946,30.572592187384867,85.46517648973385,1.0,local_static_Gaussian_linearization,range-78be84b1f71af5d1f2e0b5f9,3,single_turn,400
57.2743125,3,53.06693985270075,0.001069411821920095,0.05569399697300845,0.05675041283160081,0.7180170497464963,0.6751332796285947,0.16925297932761896,0.9999925970156952,30.5790758274705,5.9657233030874375,30.57929788799667,85.48392216503552,1.0,local_static_Gaussian_linearization,range-78be84b1f71af5d1f2e0b5f9,3,single_turn,400
57.2893125,3,53.079055237243665,0.00106894253395617,0.05568250492067202,0.05673845980529876,0.7180299640014175,0.6751240285425103,0.16923509352570776,0.9999925985778514,30.585787561351168,5.96634524525851,30.586009624732966,85.5026847142235,1.0,local_static_Gaussian_linearization,range-78be84b1f71af5d1f2e0b5f9,3,single_turn,400
57.60064583333333,3,53.331711243384035,0.0010592101451279228,0.05544309621730419,0.056489489606025275,0.7181916194190182,0.6750451991616945,0.1688631898462065,0.9999926534558791,30.72598428363831,5.979341711886485,30.726205731327546,85.89460061457766,1.0,local_static_Gaussian_linearization,range-78be84b1f71af5d1f2e0b5f9,3,single_turn,400
57.61564583333333,3,53.34389755819238,0.0010587433198055085,0.05543156049491965,0.05647749519212556,0.7181941988925046,0.6750469439521948,0.1688452431605809,0.999992657178884,30.73275756006675,5.979969862187865,30.73297894531111,85.91353502239497,1.0,local_static_Gaussian_linearization,range-78be84b1f71af5d1f2e0b5f9,3,single_turn,400
57.63064583333333,3,53.356081292947124,0.0010582768308211518,0.055420028285255364,0.05646550461573583,0.718196299326225,0.6750491972891369,0.16882729895786322,0.9999926609988399,30.739530435858647,5.98059799898552,30.7397517556809,85.93246830191663,1.0,local_static_Gaussian_linearization,range-78be84b1f71af5d1f2e0b5f9,3,single_turn,400
57.94197916666666,3,53.607473814348516,0.0010487041793551901,0.055182312846013146,0.0562183818337812,0.7181322458691849,0.6752097422233897,0.16845735795596492,0.9999927614390706,30.879511137589116,5.9935856550135975,30.879730442651105,86.32377640930198,1.0,local_static_Gaussian_linearization,range-78be84b1f71af5d1f2e0b5f9,3,single_turn,400
57.95697916666666,3,53.619469996245535,0.0010482498778576982,0.05517098040467567,0.0562066028743589,0.7181240377504013,0.6752228772972877,0.16843969953497367,0.9999927672558225,30.886202030829693,5.994206708165985,30.886421208102547,86.34248033360954,1.0,local_static_Gaussian_linearization,range-78be84b1f71af5d1f2e0b5f9,3,single_turn,400
57.971979166666664,3,53.63145185218341,0.0010477963446600324,0.05515966250904425,0.0561948392095283,0.7181153695401349,0.6752364947770866,0.16842206551218053,0.999992773157285,30.89288595151382,5.994827137756929,30.893104998301833,86.3611647587149,1.0,local_static_Gaussian_linearization,range-78be84b1f71af5d1f2e0b5f9,3,single_turn,400
58.2833125,3,53.8759791331144,0.0010385894113713694,0.054928895453785605,0.055955021454917465,0.7178334328977379,0.6756256550465913,0.16806289553947626,0.99999291373174,31.02951839310965,6.0075153667715435,31.029734148251784,86.74310929068474,1.0,local_static_Gaussian_linearization,range-78be84b1f71af5d1f2e0b5f9,3,single_turn,400
58.2983125,3,53.88751772181469,0.001038157240841959,0.05491801560841744,0.05594371671390131,0.7178150502461577,0.6756494042435239,0.1680459347484403,0.9999929213238713,31.03597653149136,6.0081153610298195,31.036192101239788,86.76116239159614,1.0,local_static_Gaussian_linearization,range-78be84b1f71af5d1f2e0b5f9,3,single_turn,400
58.3133125,3,53.89903098964365,0.0010377262219398511,0.05490716045883585,0.05593243779510186,0.7177962418739683,0.6756735942990196,0.16802901272890705,0.9999929289853782,31.04242148101575,6.008714154535668,31.042636863065884,86.77917861683233,1.0,local_static_Gaussian_linearization,range-78be84b1f71af5d1f2e0b5f9,3,single_turn,400
58.62464583333333,3,54.131662918142936,0.0010290603619373495,0.054687992618052884,0.05570474863481477,0.7173132899266741,0.6762711590494752,0.16768710007764537,0.9999931024068358,31.172859014251678,6.020838437634298,31.173070014614552,87.14380233761118,1.0,local_static_Gaussian_linearization,range-78be84b1f71af5d1f2e0b5f9,3,single_turn,400
58.63964583333333,3,54.142542155289966,0.0010286570896074158,0.054677750421887904,0.0556941098374074,0.7172857449439622,0.6763043439185764,0.1676710902244296,0.9999931113953673,31.178969157192803,6.021406644125495,31.17917992473176,87.16088249042593,1.0,local_static_Gaussian_linearization,range-78be84b1f71af5d1f2e0b5f9,3,single_turn,400
58.65464583333333,3,54.15339004384097,0.0010282551559009886,0.054667538396748476,0.055683502522096744,0.7172578281282689,0.676337908403677,0.16765512710578837,0.9999931204357592,31.1850625968399,6.021973320670236,31.18527312974318,87.17791594439338,1.0,local_static_Gaussian_linearization,range-78be84b1f71af5d1f2e0b5f9,3,single_turn,400
58.96597916666666,3,54.371362553490954,0.0010202161885561295,0.054462487397217325,0.05547054427092601,0.7165994980388143,0.6771147068854014,0.16733449474037476,0.99999331842053,31.307691588075635,6.033382342709294,31.307896882482897,87.52070861979031,1.0,local_static_Gaussian_linearization,range-78be84b1f71af5d1f2e0b5f9,3,single_turn,400
58.980979166666664,3,54.38151634911536,0.0010198434425844633,0.05445294266213661,0.05546063284644508,0.7165642236004712,0.6771557319081861,0.16731953920490789,0.9999933283953707,31.31341274732759,6.033914832576277,31.313617773472096,87.5367012760582,1.0,local_static_Gaussian_linearization,range-78be84b1f71af5d1f2e0b5f9,3,single_turn,400
58.995979166666665,3,54.3916387220131,0.0010194720045536088,0.05444342818141227,0.05545075295888638,0.7165286477197911,0.6771970608424827,0.1673046257075708,0.9999933384043176,31.319116954413786,6.034445761117639,31.319321711019953,87.55264653926079,1.0,local_static_Gaussian_linearization,range-78be84b1f71af5d1f2e0b5f9,3,single_turn,400
59.307312499999995,3,54.59495378850515,0.001012044398346064,0.054252500340414664,0.05525251715961886,0.715727991103321,0.6781171348334027,0.16700477297532962,0.9999935525201706,31.43384222931337,6.045126844511956,31.43404114536427,87.8733428231397,1.0,local_static_Gaussian_linearization,range-78be84b1f71af5d1f2e0b5f9,3,single_turn,400
59.322312499999995,3,54.60443973069581,0.001011699408745177,0.05424360204927468,0.0552432793904066,0.7156866918360684,0.6781641678300253,0.16699077998546397,0.9999935630832754,31.43920156944454,6.04562590150916,31.43940019415189,87.88832395550963,1.0,local_static_Gaussian_linearization,range-78be84b1f71af5d1f2e0b5f9,3,single_turn,400
59.337312499999996,3,54.61389927443865,0.0010113555200598034,0.05423472956075323,0.05523406850319362,0.7156451689683357,0.6782114211793894,0.166976825679837,0.9999935736636524,31.444546537497892,6.046123624126578,31.44474487012319,87.90326490890894,1.0,local_static_Gaussian_linearization,range-78be84b1f71af5d1f2e0b5f9,3,single_turn,400
59.648645833333326,3,54.80428230922399,0.0010044631390724108,0.054056332864627195,0.055048881442933725,0.7147393713009856,0.6792237800592994,0.16674137972989272,0.9999937930444915,31.552251287634036,6.0561558927135035,31.552443519147694,88.2043347033892,1.0,local_static_Gaussian_linearization,range-78be84b1f71af5d1f2e0b5f9,3,single_turn,400
59.66364583333333,3,54.81288752736651,0.0010041528270728036,0.05404827399906905,0.0550405159706287,0.7146955801924214,0.6792711445758902,0.16673613825436293,0.9999938029776908,31.55712649303867,6.056610260373775,31.557318447177103,88.21796248417581,1.0,local_static_Gaussian_linearization,range-78be84b1f71af5d1f2e0b5f9,3,single_turn,400
59.67864583333333,3,54.82137795346124,0.0010038467855019537,0.054040324470356664,0.05503226403536974,0.7146522467668045,0.679317976604254,0.1667310794466964,0.9999938127790536,31.561936821244473,6.057058562105937,31.562128501593097,88.23140891184765,1.0,local_static_Gaussian_linearization,range-78be84b1f71af5d1f2e0b5f9,3,single_turn,400
59.989979166666664,3,54.96526451085879,0.0009986834644978078,0.05390605717503854,0.05489290078874286,0.7139095757998165,0.6801290003725374,0.166606303703009,0.9999939803450273,31.64342645182803,6.064644786927846,31.643613432299965,88.45919868974518,1.0,local_static_Gaussian_linearization,range-78be84b1f71af5d1f2e0b5f9,3,single_turn,400
60.004979166666665,3,54.97054522936022,0.0009984948704416922,0.05390114953746532,0.054887807436899215,0.7138822337344813,0.68015947610573,0.16659904988278418,0.9999939865830704,31.646414883122382,6.064922579783716,31.646601687830213,88.46755230872272,1.0,local_static_Gaussian_linearization,range-78be84b1f71af5d1f2e0b5f9,3,single_turn,400
60.019979166666666,3,54.97567933158786,0.0009983115758985558,0.053896379629060374,0.05488285706961114,0.7138556463852305,0.6801891653899067,0.16659176273185697,0.9999939926566432,31.649320150933,6.065192610270413,31.649506784448473,88.47567345833534,1.0,local_static_Gaussian_linearization,range-78be84b1f71af5d1f2e0b5f9,3,single_turn,400
60.331312499999996,3,55.05331914258348,0.0009955469558554728,0.0538244041959226,0.05480816428213882,0.7134496426120438,0.6806490674099664,0.16645255927948216,0.9999940861701141,31.69323744953122,6.06927115385251,31.693421437953745,88.59843614686726,1.0,local_static_Gaussian_linearization,range-78be84b1f71af5d1f2e0b5f9,3,single_turn,400
60.346312499999996,3,55.05589271314382,0.00099545551454131,0.053822021665745845,0.05480569200929374,0.7134357888464496,0.6806649353447269,0.16644705159660478,0.9999940893666366,31.694693166210282,6.069406280351649,31.694877063802224,88.60250532488399,1.0,local_static_Gaussian_linearization,range-78be84b1f71af5d1f2e0b5f9,3,single_turn,400
60.3613125,3,55.058380125145966,0.0009953671420980016,0.053819718854354055,0.05480330247371195,0.7134223380795001,0.6806803465422377,0.16644168155939293,0.9999940924678025,31.696100218414788,6.069536891811387,31.69628402784644,88.60643846963065,1.0,local_static_Gaussian_linearization,range-78be84b1f71af5d1f2e0b5f9,3,single_turn,400
60.67264583333333,3,55.09461775404284,0.0009940795445523769,0.05378611196470381,0.054768432524226196,0.7132112390972858,0.6809217348786574,0.1663590075564116,0.9999941403173696,31.716622505173735,6.071443481996446,31.71680494625606,88.663804358099,1.0,local_static_Gaussian_linearization,range-78be84b1f71af5d1f2e0b5f9,3,single_turn,400
60.68764583333333,3,55.09578971914626,0.0009940378369803452,0.05378501998351341,0.05476729963914409,0.7132034181499249,0.6809306112252899,0.16635620528136646,0.9999941420357715,31.717287930374326,6.071505432070065,31.717470321859608,88.66566440460865,1.0,local_static_Gaussian_linearization,range-78be84b1f71af5d1f2e0b5f9,3,single_turn,400
60.70264583333333,3,55.096921742507405,0.0009939975399650982,0.053783964536496656,0.054766204671701894,0.7131957433942304,0.6809393131660068,0.1663534892611468,0.999994143716218,31.717930891194456,6.071565307693783,31.718113234130605,88.66746165524317,1.0,local_static_Gaussian_linearization,range-78be84b1f71af5d1f2e0b5f9,3,single_turn,400
61.013979166666665,3,55.11339269848599,0.0009934087420475836,0.05376846346378782,0.054750126110577446,0.713059515194386,0.6810919893403772,0.16631244645880988,0.9999941723730522,31.727330071759056,6.072444158707311,31.72751157731846,88.69373456839159,1.0,local_static_Gaussian_linearization,range-78be84b1f71af5d1f2e0b5f9,3,single_turn,400
61.028979166666666,3,55.11392497143099,0.0009933895655370457,0.05376795414578657,0.05474959798241116,0.7130537080450177,0.681098414352447,0.16631103213507198,0.9999941735403555,31.72763634068046,6.072473000142688,31.72781781167252,88.69459064147027,1.0,local_static_Gaussian_linearization,range-78be84b1f71af5d1f2e0b5f9,3,single_turn,400
61.04397916666667,3,55.114438782680566,0.0009933710372559497,0.053767461559165536,0.054749087221330935,0.7130479470182141,0.6811047814828785,0.16630965664768413,0.9999941746938961,31.72793226592409,6.072500890005502,31.728113702716133,88.69541779999544,1.0,local_static_Gaussian_linearization,range-78be84b1f71af5d1f2e0b5f9,3,single_turn,400
61.3553125,3,55.121727128613166,0.000993104930583593,0.05376029432181629,0.05474165899370913,0.7129362993476405,0.6812269859324893,0.16628778280387158,0.9999941962310573,31.732183468480397,6.072905865040344,31.73236425922066,88.70730016049704,1.0,local_static_Gaussian_linearization,range-78be84b1f71af5d1f2e0b5f9,3,single_turn,400
61.3703125,3,55.121946052212074,0.0009930967469681962,0.053760068662443684,0.054741425311008216,0.7129312221141109,0.6812324945554529,0.16628698354542185,0.9999941971763432,31.73231424219503,6.072918567932748,31.73249500425156,88.7076656560714,1.0,local_static_Gaussian_linearization,range-78be84b1f71af5d1f2e0b5f9,3,single_turn,400
61.3853125,3,55.122155052898506,0.0009930889113567197,0.05375985198622434,0.05474120095311929,0.7129261680837569,0.6812379743338541,0.16628620263544916,0.9999941981146471,31.732439457376366,6.072930759596391,31.73262019093361,88.70801561337333,1.0,local_static_Gaussian_linearization,range-78be84b1f71af5d1f2e0b5f9,3,single_turn,400
61.69664583333333,3,55.1246283915152,0.0009929917537693784,0.053757047580079556,0.05473830142237595,0.7128263721578166,0.681345547646005,0.16627329268193275,0.9999942161602384,31.73399238459341,6.0730874783079045,31.734172565057285,88.71235524959539,1.0,local_static_Gaussian_linearization,range-78be84b1f71af5d1f2e0b5f9,3,single_turn,400
61.71164583333333,3,55.12467363760429,0.0009929896738741298,0.05375697988374603,0.05473823169782252,0.7128218175850429,0.6813504314612134,0.16627280572112252,0.9999942169640669,31.734025644286927,6.073091193982308,31.73420579990449,88.7124481570618,1.0,local_static_Gaussian_linearization,range-78be84b1f71af5d1f2e0b5f9,3,single_turn,400
61.72664583333333,3,55.124713278728336,0.0009929877918345388,0.053756917333908964,0.05473816731415653,0.7128172877903066,0.681355286780157,0.166272329038843,0.9999942177619808,31.73405574235009,6.073094617058653,31.734235873287012,88.71253222670592,1.0,local_static_Gaussian_linearization,range-78be84b1f71af5d1f2e0b5f9,3,single_turn,400
62.037979166666666,3,55.124489989018514,0.0009929857918057196,0.0537565870943578,0.05473783533963201,0.7127292998791611,0.6814491124459826,0.1662650060606362,0.999994232944422,31.73408817393009,6.073110678254812,31.73426783213016,88.71262156712407,1.0,local_static_Gaussian_linearization,range-78be84b1f71af5d1f2e0b5f9,3,single_turn,400
62.05297916666667,3,55.12443718786819,0.000992987193710122,0.053756610556446816,0.054737860188031125,0.7127253773591783,0.6814532766992247,0.16626475316225794,0.9999942336081946,31.734065793426595,6.07310921765652,31.73424543082138,88.71255894463538,1.0,local_static_Gaussian_linearization,range-78be84b1f71af5d1f2e0b5f9,3,single_turn,400
62.06797916666667,3,55.12438110685531,0.0009929887132629255,0.053756637131354375,0.054737888264711376,0.7127214863034026,0.6814574060417029,0.16626450827636782,0.99999423426554,31.734041532859994,6.073107580602372,31.73422114963902,88.71249106699115,1.0,local_static_Gaussian_linearization,range-78be84b1f71af5d1f2e0b5f9,3,single_turn,400
62.3793125,3,55.12256098412538,0.000993043919416949,0.053757818464891104,0.054739124007975655,0.7126481709510837,0.6815349248230664,0.16626103177381085,0.9999942464312387,31.733159806534264,6.073037937027383,31.73333903928335,88.71002514206177,1.0,local_static_Gaussian_linearization,range-78be84b1f71af5d1f2e0b5f9,3,single_turn,400
62.3943125,3,55.122444661426215,0.0009930476172043132,0.053757903139042815,0.054739212325505916,0.7126450049487257,0.6815382626107311,0.1662609199997898,0.9999942469468582,31.733100740546874,6.073033010594548,31.73327995689529,88.70985997822181,1.0,local_static_Gaussian_linearization,range-78be84b1f71af5d1f2e0b5f9,3,single_turn,400
62.4093125,3,55.122325929694526,0.000993051402621131,0.05375799016398687,0.05473930308022229,0.7126418720926772,0.6815415647099129,0.1662608123191033,0.9999942474561976,31.733040274590856,6.07302795117456,31.733219474725992,88.70969090131653,1.0,local_static_Gaussian_linearization,range-78be84b1f71af5d1f2e0b5f9,3,single_turn,400
62.72064583333333,3,55.11903790958039,0.000993160092398764,0.05376060671001976,0.05474202878320984,0.7125852519681258,0.6816042101150673,0.16624668246595947,0.9999942571463214,31.73130412368767,6.0728768395802275,31.73148301201211,88.70483664848116,1.0,local_static_Gaussian_linearization,range-78be84b1f71af5d1f2e0b5f9,3,single_turn,400
62.73564583333333,3,55.11878443328758,0.0009931688202501272,0.05376082686922986,0.0547422581092293,0.712583138459789,0.6816072845042279,0.16624313668109583,0.9999942576577859,31.731164713833792,6.072864175727824,31.73134358542618,88.70444688376314,1.0,local_static_Gaussian_linearization,range-78be84b1f71af5d1f2e0b5f9,3,single_turn,400
62.75064583333333,3,55.11851472201272,0.0009931781451079185,0.05376106312563135,0.05474250421271209,0.7125811103063666,0.6816104082566982,0.16623902246669725,0.9999942581847421,31.731015769427785,6.072850589359677,31.731194623750756,88.7040304638599,1.0,local_static_Gaussian_linearization,range-78be84b1f71af5d1f2e0b5f9,3,single_turn,400
45.9953125,3,159.1492689060213,0.00012628882702767966,0.019974468473807166,0.020098774492454202,-0.695759305453796,-0.6967458444114419,-0.17454001595576243,0.9999993490383116,88.98509210601146,9.991417912910856,88.98514966722685,248.75651611946142,1.0,local_static_Gaussian_linearization,range-858892c886a576ff30a1e939,4,single_turn,700
46.0103125,3,159.14928405130632,0.00012628879179532932,0.019974464838240943,0.02009877079793115,-0.6957588938430578,-0.6967460165455519,-0.1745409695922142,0.9999993490365275,88.98510451849222,9.991418828139308,88.98516207987134,248.75655081880407,1.0,local_static_Gaussian_linearization,range-858892c886a576ff30a1e939,4,single_turn,700
46.0253125,3,159.149299913359,0.0001262887557007101,0.019974461156102994,0.020098767056697237,-0.6957584820436966,-0.6967461960793991,-0.17454189443551624,0.9999993490349622,88.98511723477827,9.991419754827088,88.98517479630557,248.75658636738592,1.0,local_static_Gaussian_linearization,range-858892c886a576ff30a1e939,4,single_turn,700
46.33664583333333,3,159.149525397292,0.0001262882013825362,0.019974402363195833,0.020098707313308272,-0.6957505155748314,-0.696750185965466,-0.17455772235694683,0.999999349019244,88.98531252484688,9.991434544799237,88.98537008788836,248.75713230177996,1.0,local_static_Gaussian_linearization,range-858892c886a576ff30a1e939,4,single_turn,700
46.35164583333333,3,159.1495152177309,0.0001262882085272136,0.01997440222516659,0.020098707164821754,-0.6957502021949488,-0.6967503267664192,-0.17455840941236975,0.9999993490180147,88.98531000759286,9.991434581445883,88.98536757074214,248.75712526513928,1.0,local_static_Gaussian_linearization,range-858892c886a576ff30a1e939,4,single_turn,700
46.36664583333333,3,159.1495016985393,0.00012628822096482194,0.019974402502428032,0.020098707436946434,-0.695749899253843,-0.6967504580343035,-0.17455909290912175,0.999999349016657,88.98530562557332,9.991434513976618,88.9853631888403,248.75711301560506,1.0,local_static_Gaussian_linearization,range-858892c886a576ff30a1e939,4,single_turn,700
46.67797916666667,3,159.1483649720281,0.00012628983395874163,0.0199745144048192,0.020098820587122642,-0.6957463652814889,-0.6967505833351065,-0.17457267775853524,0.9999993489525272,88.98473735082516,9.991406505137231,88.98479491939383,248.75552442775364,1.0,local_static_Gaussian_linearization,range-858892c886a576ff30a1e939,4,single_turn,700
46.69297916666667,3,159.14827032186793,0.00012628997481607408,0.01997452474548057,0.02009883105097045,-0.69574632905934,-0.6967504618871032,-0.17457330683859246,0.999999348947672,88.98468772588288,9.991403915125986,88.98474529485178,248.75538570316596,1.0,local_static_Gaussian_linearization,range-858892c886a576ff30a1e939,4,single_turn,700
46.70797916666667,3,159.1481726218892,0.00012629012050078853,0.019974535464411663,0.020098841897898678,-0.6957463034021563,-0.6967503302601432,-0.1745739344364322,0.9999993489426738,88.98463640032129,9.991401230307995,88.9846939696931,248.7552422245326,1.0,local_static_Gaussian_linearization,range-858892c886a576ff30a1e939,4,single_turn,700
47.0193125,3,159.145698685698,0.00012629385349424805,0.019974813749257768,0.020099123554051287,-0.6957473484195488,-0.6967461569608732,-0.1745864253813024,0.9999993488200543,88.98332127591529,9.991331516436528,88.98337885527513,248.75156584389904,1.0,local_static_Gaussian_linearization,range-858892c886a576ff30a1e939,4,single_turn,700
47.0343125,3,159.14557040573305,0.000126294048031683,0.01997482833021348,0.02009913831285124,-0.695747432719529,-0.6967459310382934,-0.1745869910553644,0.9999993488139245,88.98325274247945,9.991327863386173,88.98331032233469,248.75137426119602,1.0,local_static_Gaussian_linearization,range-858892c886a576ff30a1e939,4,single_turn,700
47.0493125,3,159.14544241928814,0.00012629424214356423,0.019974842880787023,0.020099153040946234,-0.6957475163591686,-0.6967457067655478,-0.17458755277460467,0.999999348807834,88.98318435911662,9.99132421792489,88.98324193946898,248.75118309802443,1.0,local_static_Gaussian_linearization,range-858892c886a576ff30a1e939,4,single_turn,700
47.36064583333333,3,159.14306340855478,0.0001262978441873622,0.019975112376315007,0.020099425825873155,-0.6957484813960894,-0.6967420928801707,-0.1745981289819412,0.9999993487009482,88.98191543009948,9.99125669509663,88.98197301907615,248.7476358520251,1.0,local_static_Gaussian_linearization,range-858892c886a576ff30a1e939,4,single_turn,700
47.37564583333333,3,159.14297049906452,0.00012629798408144837,0.019975122778657334,0.020099436354765257,-0.6957484709998655,-0.6967419889669138,-0.17459858507954282,0.9999993486970545,88.98186614928997,9.991254088655037,88.98192373857758,248.74749808920532,1.0,local_static_Gaussian_linearization,range-858892c886a576ff30a1e939,4,single_turn,700
47.39064583333333,3,159.14288005863034,0.00012629812013435093,0.019975132885206328,0.020099446584171496,-0.6957484544626251,-0.6967418922257758,-0.17459903702630708,0.9999993486932856,88.98181822170356,9.991251556330162,88.98187581129154,248.7473641092688,1.0,local_static_Gaussian_linearization,range-858892c886a576ff30a1e939,4,single_turn,700
47.70197916666666,3,159.1415685279358,0.00012630006349563508,0.019975274811021675,0.02009959020987325,-0.6957468002251002,-0.696741392960822,-0.17460762100076804,0.9999993486412752,88.98113363912188,9.991215997499069,88.98119123286438,248.7454503815829,1.0,local_static_Gaussian_linearization,range-858892c886a576ff30a1e939,4,single_turn,700
47.71697916666666,3,159.14153062687254,0.00012630011777391438,0.019975278618282216,0.020099594060895003,-0.6957466702684738,-0.6967414263866963,-0.17460800544924546,0.9999993486397903,88.98111451888559,9.991215043903338,88.98117211274574,248.7453969316071,1.0,local_static_Gaussian_linearization,range-858892c886a576ff30a1e939,4,single_turn,700
47.73197916666666,3,159.14149463271673,0.00012630016909350705,0.019975282198393687,0.020099597681905567,-0.6957465374058821,-0.696741463301719,-0.17460838755313163,0.999999348638372,88.98109644089284,9.991214147248257,88.98115403486824,248.74534639519914,1.0,local_static_Gaussian_linearization,range-858892c886a576ff30a1e939,4,single_turn,700
48.0433125,3,159.14104620124826,0.00012630077145331785,0.01997532102020307,0.02009963690510575,-0.6957433873384516,-0.6967427143134152,-0.17461594722702736,0.9999993486186984,88.9808842524064,9.991204432579734,88.98094184798134,248.7447532302615,1.0,local_static_Gaussian_linearization,range-858892c886a576ff30a1e939,4,single_turn,700
48.0583125,3,159.1410330572487,0.00012630078742545848,0.019975321895113585,0.02009963778683143,-0.6957432282905658,-0.6967427853623384,-0.17461629744486118,0.9999993486180049,88.9808786260344,9.991204214108299,88.98093622166581,248.7447375019894,1.0,local_static_Gaussian_linearization,range-858892c886a576ff30a1e939,4,single_turn,700
48.0733125,3,159.14102030016355,0.00012630080280460172,0.019975322725094682,0.020099638623054077,-0.6957430695825937,-0.6967428561739843,-0.17461664725423107,0.9999993486173127,88.98087320854762,9.991204006909731,88.98093080423942,248.7447223576634,1.0,local_static_Gaussian_linearization,range-858892c886a576ff30a1e939,4,single_turn,700
48.38464583333333,3,159.14076462091433,0.0001263011120776693,0.01997533952436979,0.02009965554851209,-0.695740017496597,-0.69674414522578,-0.17462366433972215,0.9999993486017976,88.98076426354247,9.991199814312822,88.9808218605341,248.74441780733457,1.0,local_static_Gaussian_linearization,range-858892c886a576ff30a1e939,4,single_turn,700
48.39964583333333,3,159.14075054079203,0.0001263011299742447,0.01997534058469221,0.020099656618251423,-0.6957398870230638,-0.6967441944085178,-0.17462398793739664,0.999999348600938,88.98075795928459,9.991199549420752,88.98081555634647,248.7444001840822,1.0,local_static_Gaussian_linearization,range-858892c886a576ff30a1e939,4,single_turn,700
48.41464583333333,3,159.14073627022802,0.00012630114819491887,0.019975341672174622,0.02009965771551457,-0.695739758245442,-0.6967442423195418,-0.17462430985158117,0.9999993486000678,88.9807515408579,9.991199277719662,88.98080913799426,248.7443822416846,1.0,local_static_Gaussian_linearization,range-858892c886a576ff30a1e939,4,single_turn,700
48.72597916666666,3,159.14043248787746,0.00012630154336297,0.019975365960605694,0.020099682234669458,-0.695737258751456,-0.6967451720657702,-0.1746305585745234,0.9999993485829869,88.98061233923676,9.991193206080466,88.98066993779328,248.74399310982193,1.0,local_static_Gaussian_linearization,range-858892c886a576ff30a1e939,4,single_turn,700
48.74097916666666,3,159.14041949523246,0.0001263015600303091,0.01997536696265496,0.020099683246125676,-0.6957371325171282,-0.6967452291284005,-0.17463083382855568,0.9999993485824376,88.98060646804015,9.991192955477736,88.98066406664233,248.74397669711647,1.0,local_static_Gaussian_linearization,range-858892c886a576ff30a1e939,4,single_turn,700
48.75597916666666,3,159.1404068336194,0.00012630157618471802,0.01997536792534997,0.0200996842177634,-0.6957370044480657,-0.6967452884721167,-0.17463110729059317,0.9999993485819263,88.98060077753091,9.99119271471503,88.98065837617463,248.74396078950798,1.0,local_static_Gaussian_linearization,range-858892c886a576ff30a1e939,4,single_turn,700
49.0673125,3,159.14021923609351,0.00012630179749721038,0.019975379359594536,0.020099695743618747,-0.695733853117612,-0.6967472068246752,-0.1746360083377254,0.9999993485836831,88.9805228194654,9.991189850626263,88.98058041790209,248.74374285844473,1.0,local_static_Gaussian_linearization,range-858892c886a576ff30a1e939,4,single_turn,700
49.0823125,3,159.1402136332243,0.00012630180292857903,0.019975379516158905,0.020099695900315462,-0.6957336740550681,-0.696747335767922,-0.17463620725994577,0.9999993485844044,88.98052090631292,9.991189810989852,88.98057850468182,248.74373751006905,1.0,local_static_Gaussian_linearization,range-858892c886a576ff30a1e939,4,single_turn,700
49.0973125,3,159.14020832826597,0.00012630180789203492,0.019975379636302953,0.020099696020175063,-0.6957334922225145,-0.6967474679732499,-0.17463640420235985,0.9999993485851766,88.98051915798368,9.99118978044603,88.9805767562857,248.7437326224566,1.0,local_static_Gaussian_linearization,range-858892c886a576ff30a1e939,4,single_turn,700
49.40864583333333,3,159.14011786864788,0.00012630187946130583,0.01997537962887478,0.020099695984503965,-0.695729206031045,-0.6967508199246065,-0.17464010653283685,0.9999993486105352,88.98049394970695,9.991189765536097,88.9805515457507,248.7436621468224,1.0,local_static_Gaussian_linearization,range-858892c886a576ff30a1e939,4,single_turn,700
49.42364583333333,3,159.14011332818328,0.00012630188326073522,0.019975379660530302,0.020099696015676377,-0.6957289846191113,-0.6967510019522845,-0.1746402623662366,0.9999993486121059,88.98049261148971,9.991189756451883,88.98055020738853,248.74365840545306,1.0,local_static_Gaussian_linearization,range-858892c886a576ff30a1e939,4,single_turn,700
49.43864583333333,3,159.14010867148556,0.00012630188726663348,0.01997537971007895,0.02009969606502577,-0.6957287629670993,-0.6967511850397622,-0.17464041492723456,0.9999993486137031,88.98049120054006,9.991189742850503,88.98054879629704,248.74365446077016,1.0,local_static_Gaussian_linearization,range-858892c886a576ff30a1e939,4,single_turn,700
49.74997916666666,3,159.16145681298156,0.0001262684216934833,0.019972784098145933,0.020097065946210683,-0.6957467070891536,-0.6967173831429021,-0.1747037709985273,0.9999993480791864,88.99228185202891,9.99184170109128,88.99233950273991,248.77661518588306,1.0,local_static_Gaussian_linearization,range-858892c886a576ff30a1e939,4,single_turn,700
49.76497916666666,3,159.16465623695734,0.00012626348355141632,0.01997240702598194,0.020096683954741897,-0.6957512065764281,-0.6967122640054477,-0.17470626700793457,0.9999993480280357,88.99402206653154,9.991936391439664,88.99407972289815,248.78147994259206,1.0,local_static_Gaussian_linearization,range-858892c886a576ff30a1e939,4,single_turn,700
49.779979166666664,3,159.16811736597836,0.00012625814796417896,0.019972000085611865,0.020096271713573498,-0.6957562063561638,-0.6967067388921602,-0.17470838932097782,0.9999993479753008,88.99590245674507,9.99203858238177,88.99596011900395,248.78673655884714,1.0,local_static_Gaussian_linearization,range-858892c886a576ff30a1e939,4,single_turn,700
50.091312499999994,3,159.30131131519687,0.0001260543418296133,0.019956549859242882,0.02008062195043147,-0.695975820833987,-0.6964963991277606,-0.1746723298537022,0.9999993464670272,89.0678180742587,9.995920169959913,89.06787591690528,248.98777598404098,1.0,local_static_Gaussian_linearization,range-858892c886a576ff30a1e939,4,single_turn,700
50.106312499999994,3,159.31057431545472,0.00012604021306494913,0.019955480412429005,0.020079538730219323,-0.6959916833012351,-0.6964817697981547,-0.174667458658858,0.9999993463716799,89.0728100558377,9.996189004623313,89.07286791018666,249.00173101880588,1.0,local_static_Gaussian_linearization,range-858892c886a576ff30a1e939,4,single_turn,700
50.121312499999995,3,159.3200725836895,0.00012602572903710641,0.019954384097482843,0.02007842829760418,-0.6960079791489642,-0.6964667581096532,-0.1746623823529407,0.9999993462740588,89.07792843056103,9.996464615532362,89.07798629689361,249.01603938430438,1.0,local_static_Gaussian_linearization,range-858892c886a576ff30a1e939,4,single_turn,700
50.43264583333333,3,159.56065576614978,0.00012565989450733214,0.019926687354313206,0.02005037517109512,-0.6964305197535455,-0.6960783668738598,-0.17452632559595968,0.9999993437096073,89.20750056302775,10.003435125535118,89.20755874141088,249.3782570127933,1.0,local_static_Gaussian_linearization,range-858892c886a576ff30a1e939,4,single_turn,700
50.44764583333333,3,159.57385082849206,0.00012563988472415958,0.019925171898413058,0.02004884022308198,-0.6964543485075654,-0.6960563942186551,-0.17451887150742998,0.9999993435592709,89.21460399330198,10.003816952077644,89.2146621896721,249.3981145850793,1.0,local_static_Gaussian_linearization,range-858892c886a576ff30a1e939,4,single_turn,700
50.46264583333333,3,159.58714997407685,0.00012561972288138509,0.019923644870960853,0.020047293555173575,-0.6964784472633044,-0.6960341611040952,-0.17451137233376754,0.9999993434064581,89.22176312085996,10.00420173935286,89.2218213354778,249.41812785893092,1.0,local_static_Gaussian_linearization,range-858892c886a576ff30a1e939,4,single_turn,700
50.77397916666666,3,159.87949853585562,0.00012517798838865906,0.019890175686507434,0.020013394011305967,-0.6970294366701774,-0.6955229167472254,-0.17434975392780674,0.9999993397127526,89.3790493164274,10.012646883254837,89.37910796240027,249.8578200265761,1.0,local_static_Gaussian_linearization,range-858892c886a576ff30a1e939,4,single_turn,700
50.788979166666664,3,159.89410870596484,0.0001251559861566304,0.01988850796838971,0.02001170485573049,-0.6970579505235062,-0.6954963318808434,-0.17434180781516856,0.9999993395125409,89.38690530382868,10.013068263480706,89.38696397277263,249.87978137381367,1.0,local_static_Gaussian_linearization,range-858892c886a576ff30a1e939,4,single_turn,700
50.803979166666664,3,159.9087501325685,0.00012513394377282317,0.01988683713721078,0.020010012547871256,-0.6970866027596725,-0.6954696081778726,-0.17433385314934,0.9999993393106278,89.39477770502164,10.013490484596936,89.3948363971052,249.90178860600582,1.0,local_static_Gaussian_linearization,range-858892c886a576ff30a1e939,4,single_turn,700
51.115312499999995,3,160.2178874475685,0.0001246701208853956,0.01985165992003375,0.019974383396091068,-0.6977046494955215,-0.6948913703042596,-0.17416717701392415,0.9999993348165694,89.56091514926538,10.02239239585297,89.56097435109713,250.3662245122756,1.0,local_static_Gaussian_linearization,range-858892c886a576ff30a1e939,4,single_turn,700
51.130312499999995,3,160.23297580151805,0.00012464755791845642,0.019849947640639767,0.019972649131666347,-0.6977352330431963,-0.6948626928280535,-0.17415907293593036,0.9999993345889346,89.56902065691979,10.022826315207487,89.56907988440547,250.38888339675927,1.0,local_static_Gaussian_linearization,range-858892c886a576ff30a1e939,4,single_turn,700
51.145312499999996,3,160.24807833343962,0.00012462498061628936,0.01984823416409139,0.019970913656102533,-0.6977658673700035,-0.6948339634126075,-0.1741509621613227,0.999999334360541,89.5771335175115,10.023260594675016,89.57719277073042,250.41156283647948,1.0,local_static_Gaussian_linearization,range-858892c886a576ff30a1e939,4,single_turn,700
51.45664583333333,3,160.5642074727143,0.0001241539403284248,0.019812458532005917,0.01993467903344819,-0.6984101959908657,-0.694228749195379,-0.17398172871488599,0.9999993294774676,89.74690011785387,10.032340869595883,89.74695991958875,250.88614409705448,1.0,local_static_Gaussian_linearization,range-858892c886a576ff30a1e939,4,single_turn,700
51.47164583333333,3,160.57954084226435,0.0001241311679059366,0.01981072763602667,0.019932925946549322,-0.6984415545797535,-0.6941992485798688,-0.1739735557703037,0.9999993292361412,89.75513195552772,10.0327808195183,89.7551917843063,250.90915613890598,1.0,local_static_Gaussian_linearization,range-858892c886a576ff30a1e939,4,single_turn,700
51.486645833333334,3,160.5948812915993,0.0001241083918597459,0.019808996342038837,0.019931172458007185,-0.6984729370199674,-0.6941697212535649,-0.17396538260656533,0.9999993289942912,89.76336736916366,10.033220928705251,89.7634272250457,250.93217817746753,1.0,local_static_Gaussian_linearization,range-858892c886a576ff30a1e939,4,single_turn,700
51.797979166666664,3,160.91452359793834,0.00012363538333104473,0.019773013650147,0.01989472880856355,-0.6991292368944415,-0.6935511985191165,-0.1737959871576239,0.9999993238567743,89.93491288811438,10.042381205970715,89.93497331827668,251.41173244765335,1.0,local_static_Gaussian_linearization,range-858892c886a576ff30a1e939,4,single_turn,700
51.812979166666665,3,160.92997304088513,0.00012361259673399538,0.019771278908813566,0.019892971859915683,-0.6991610792302712,-0.6935211389189071,-0.173787845265957,0.9999993236036144,89.9432017301804,10.042823463638621,89.94326218858022,251.43490384767892,1.0,local_static_Gaussian_linearization,range-858892c886a576ff30a1e939,4,single_turn,700
51.827979166666665,3,160.9454265747365,0.00012358981105469428,0.019769544115920065,0.019891214860488858,-0.6991929406297396,-0.6934910567606399,-0.1737797052781166,0.9999993233499477,89.95149253047856,10.04326579311536,89.95155301716191,251.45808072203872,1.0,local_static_Gaussian_linearization,range-858892c886a576ff30a1e939,4,single_turn,700
52.139312499999996,3,161.26717131141712,0.00012311698018191558,0.01973351722937914,0.019854727134341325,-0.6998581989314415,-0.6928619387161354,-0.1736111611243839,0.9999993179752229,90.12405591806859,10.052465038651913,90.12411700290586,251.94048049393194,1.0,local_static_Gaussian_linearization,range-858892c886a576ff30a1e939,4,single_turn,700
52.154312499999996,3,161.2827255543002,0.0001230941973625555,0.019731779951975996,0.019852967650551903,-0.6998904230682638,-0.692831417949175,-0.17360305872841852,0.999999317711254,90.13239578826365,10.052909282848201,90.1324569024415,251.963794545333,1.0,local_static_Gaussian_linearization,range-858892c886a576ff30a1e939,4,single_turn,700
52.1693125,3,161.29828498925863,0.00012307141385895445,0.019730042495245795,0.01985120798665263,-0.6999226611380721,-0.6928008799297352,-0.17359495728270488,0.9999993174468553,90.14073822470205,10.053353631952202,90.14079936825513,251.98711577072177,1.0,local_static_Gaussian_linearization,range-858892c886a576ff30a1e939,4,single_turn,700
52.480645833333334,3,161.62248985737233,0.0001225982460956118,0.019693929523743898,0.019814633786119654,-0.7005943882077958,-0.6921636652672674,-0.17342711349591952,0.9999993118691909,90.31451923545995,10.062602795683116,90.3145809982574,252.47291944702718,1.0,local_static_Gaussian_linearization,range-858892c886a576ff30a1e939,4,single_turn,700
52.495645833333334,3,161.6381738358803,0.00012257543086906068,0.01969218678145687,0.01981286880282116,-0.7006268561447508,-0.6921328239698551,-0.17341903711022194,0.9999993115964687,90.32292403696734,10.063049789194931,90.32298583002967,252.49641501542322,1.0,local_static_Gaussian_linearization,range-858892c886a576ff30a1e939,4,single_turn,700
52.510645833333335,3,161.65386386157502,0.0001225526137411491,0.019690443759219693,0.019811103537591905,-0.700659332001439,-0.6921019715413644,-0.1734109612102267,0.9999993113234071,90.33133188610442,10.063496914142991,90.33139370947329,252.51991910353422,1.0,local_static_Gaussian_linearization,range-858892c886a576ff30a1e939,4,single_turn,700
52.821979166666665,3,161.98094968966421,0.0001220785144166302,0.019654196119137178,0.019774393701909122,-0.7013349838538564,-0.691459331936263,-0.17324327606279002,0.9999993055835468,90.50656500789341,10.07280879342416,90.50662746822856,253.0097821817837,1.0,local_static_Gaussian_linearization,range-858892c886a576ff30a1e939,4,single_turn,700
52.836979166666666,3,161.99677960628668,0.00012205564493549315,0.01965244612585981,0.019772621412318264,-0.7013676081155757,-0.691428267690423,-0.17323518385379164,0.9999993053036833,90.51504366154191,10.073259014350366,90.51510615294542,253.0334842048665,1.0,local_static_Gaussian_linearization,range-858892c886a576ff30a1e939,4,single_turn,700
52.851979166666666,3,162.0126162908972,0.00012203277260926044,0.019650695776394392,0.019770848763658422,-0.7014002385281524,-0.6913971944015703,-0.17322709074012493,0.9999993050235203,90.52352575370759,10.073709387300031,90.52358827620729,253.05719584034512,1.0,local_static_Gaussian_linearization,range-858892c886a576ff30a1e939,4,single_turn,700
53.163312499999996,3,162.34290576263496,0.00012155732184342198,0.019614279418841838,0.01973396884478494,-0.7020788807443609,-0.6907502227837532,-0.17305887708216736,0.999999299141843,90.70038612960509,10.083093203580622,90.70044930521235,253.55160792570013,1.0,local_static_Gaussian_linearization,range-858892c886a576ff30a1e939,4,single_turn,700
53.1783125,3,162.35889653959526,0.00012153437917171755,0.019612520637958316,0.01973218769394483,-0.7021116424749955,-0.6907189574480341,-0.17305075360415217,0.9999992988553367,90.70894668964188,10.083547072428651,90.70900989707633,253.57553891885988,1.0,local_static_Gaussian_linearization,range-858892c886a576ff30a1e939,4,single_turn,700
53.1933125,3,162.37489446581392,0.00012151143324263051,0.01961076146639012,0.019730406149161925,-0.7021444097211802,-0.6906876839950653,-0.17304262791239525,0.9999992985685529,90.7175108899697,10.084001103374701,90.71757412926674,253.59948008849202,1.0,local_static_Gaussian_linearization,range-858892c886a576ff30a1e939,4,single_turn,700
53.50464583333333,3,162.70847966613752,0.00012103456080702264,0.019574169678702763,0.019693349375969327,-0.7028256091635648,-0.6900369236362368,-0.172873384656234,0.9999992925559099,90.89604675902649,10.093459128167462,90.89611066672707,254.0985760300592,1.0,local_static_Gaussian_linearization,range-858892c886a576ff30a1e939,4,single_turn,700
53.51964583333333,3,162.7246200555992,0.00012101156422659955,0.01957240353814921,0.01969156081110715,-0.7028584718412986,-0.6900054972208561,-0.17286521444730715,0.9999992922633342,90.90468309290615,10.093916302665944,90.9047470331509,254.12271884974945,1.0,local_static_Gaussian_linearization,range-858892c886a576ff30a1e939,4,single_turn,700
53.53464583333333,3,162.74076607670926,0.00012098856668182118,0.01957063718071309,0.019689772028322602,-0.7028913373361281,-0.6899740650052111,-0.17285704358808762,0.9999992919704984,90.91332225126108,10.09437359541596,90.91338622407787,254.14686956529155,1.0,local_static_Gaussian_linearization,range-858892c886a576ff30a1e939,4,single_turn,700
53.845979166666666,3,163.07699026517432,0.00012051126859182403,0.01953394556840098,0.019652614974992696,-0.7035739133496881,-0.6893205842960625,-0.17268723322683724,0.9999992858362133,91.09317987353869,10.103886767502877,91.0932445290734,254.64966048617165,1.0,local_static_Gaussian_linearization,range-858892c886a576ff30a1e939,4,single_turn,700
53.86097916666667,3,163.09323674956926,0.0001204882824665855,0.019532176987430278,0.019650823977871802,-0.7036068068126764,-0.6892890589297818,-0.17267905097771793,0.9999992855380477,91.10186857267173,10.104345993583067,91.10193326140855,254.67394969390202,1.0,local_static_Gaussian_linearization,range-858892c886a576ff30a1e939,4,single_turn,700
53.87597916666667,3,163.10948727071266,0.00012046529769227191,0.01953040836502816,0.019649032940500237,-0.7036396992427788,-0.6892575310717357,-0.17267087047451637,0.9999992852396511,91.11055924765125,10.104805293017064,91.11062396961844,254.69824442515764,1.0,local_static_Gaussian_linearization,range-858892c886a576ff30a1e939,4,single_turn,700
54.1873125,3,163.4476446577145,0.00011998860332101633,0.019493694927468726,0.01961185459858894,-0.7043218856523178,-0.6886029104156397,-0.17250134248252433,0.9999992789994371,91.29136268264156,10.114353684101411,91.29142810004413,255.20367938540545,1.0,local_static_Gaussian_linearization,range-858892c886a576ff30a1e939,4,single_turn,700
54.2023125,3,163.4639766052278,0.00011996565729047462,0.019491926105337763,0.01961006339676092,-0.704354717637761,-0.6885713715986639,-0.17249318234690947,0.9999992786967296,91.30009296298623,10.114814400514652,91.3001584141459,255.2280848342776,1.0,local_static_Gaussian_linearization,range-858892c886a576ff30a1e939,4,single_turn,700
54.2173125,3,163.48031187410837,0.0001199427136516588,0.019490157320841712,0.019608272234800057,-0.7043875455956135,-0.6885398336696851,-0.17248502271185703,0.9999992783938458,91.30882483807474,10.115275170019277,91.30889032302396,255.25249474132056,1.0,local_static_Gaussian_linearization,range-858892c886a576ff30a1e939,4,single_turn,700
54.52864583333333,3,163.8200899514493,0.00011946707204516835,0.019453455505093305,0.01957110648867575,-0.7050678347651149,-0.6878855785643596,-0.17231592840712376,0.9999992720691383,91.4904104235945,10.124850232109914,91.49047661470262,255.76011622043202,1.0,local_static_Gaussian_linearization,range-858892c886a576ff30a1e939,4,single_turn,700
54.54364583333333,3,163.8364975192808,0.00011944418024626441,0.019451687486528417,0.019569316140609628,-0.7051005525945498,-0.6878540790042579,-0.1723077964807874,0.9999992717626994,91.49917716746748,10.125312172691096,91.49924339282909,255.78462360388298,1.0,local_static_Gaussian_linearization,range-858892c886a576ff30a1e939,4,single_turn,700
54.55864583333333,3,163.85290880358508,0.00011942129027524753,0.019449919458436396,0.019567525784676597,-0.7051332646301858,-0.6878225820023873,-0.17229966569771732,0.9999992714561161,91.5079457316334,10.125774178891119,91.50801199126253,255.809136075972,1.0,local_static_Gaussian_linearization,range-858892c886a576ff30a1e939,4,single_turn,700
54.86997916666666,3,164.19447648290785,0.00011894646302956571,0.01941320909805003,0.019530352226633095,-0.7058107669641425,-0.6871695537617406,-0.17213124533442187,0.9999992650632135,91.69041038567082,10.135381304622138,91.6904773608415,256.319215002834,1.0,local_static_Gaussian_linearization,range-858892c886a576ff30a1e939,4,single_turn,700
54.88497916666666,3,164.21098888912493,0.00011892358407865095,0.01941143853548545,0.019528559343794265,-0.7058433172203814,-0.6871381474953421,-0.17212314717084765,0.999999264754225,91.6992298003503,10.135845351570229,91.69929681016319,256.3438696277412,1.0,local_static_Gaussian_linearization,range-858892c886a576ff30a1e939,4,single_turn,700
54.89997916666666,3,164.22750817247893,0.00011890070245793242,0.019409667599362496,0.019526766084623583,-0.7058758551161364,-0.6871067506575638,-0.172115049791897,0.9999992644452297,91.70805279007288,10.136309559897704,91.70811983453856,256.3685342466519,1.0,local_static_Gaussian_linearization,range-858892c886a576ff30a1e939,4,single_turn,700
55.2113125,3,164.57262176660456,0.00011842419421833335,0.019372746556448887,0.019489380123108694,-0.706546783520813,-0.6864589825660943,-0.17194681721601077,0.9999992580648918,91.89237168737019,10.14600196123076,91.8924394501651,256.88379668771313,1.0,local_static_Gaussian_linearization,range-858892c886a576ff30a1e939,4,single_turn,700
55.2263125,3,164.58940306848837,0.00011840109513366759,0.019370954543759422,0.01948756557070565,-0.7065787883898683,-0.6864280764346642,-0.17193868581477711,0.999999257761333,91.90133494728886,10.146473094450961,91.90140274446449,256.9088534288796,1.0,local_static_Gaussian_linearization,range-858892c886a576ff30a1e939,4,single_turn,700
55.2413125,3,164.60620343028842,0.00011837797615145444,0.01936916075644362,0.019485749224052138,-0.7066107515245938,-0.686397212010018,-0.17193054753220208,0.9999992574584018,91.91030855500628,10.14694475885404,91.91037638651689,256.93393909701865,1.0,local_static_Gaussian_linearization,range-858892c886a576ff30a1e939,4,single_turn,700
55.55264583333333,3,164.9602150081754,0.00011789222692712221,0.01933141268681926,0.019447527101690686,0.70726188548582,0.6857690216425478,0.17175993215667462,0.9999992513696233,92.09946155200633,10.156885317724559,92.09953008135707,257.4627151266768,1.0,local_static_Gaussian_linearization,range-858892c886a576ff30a1e939,4,single_turn,700
55.56764583333333,3,164.9775801261275,0.0001178684652924148,0.019329562955339965,0.01944565417712304,0.7072925052480772,0.6857395236914913,0.17175161619986337,0.9999992510890633,92.1087444310591,10.157373156794113,92.10881299304201,257.48866535296537,1.0,local_static_Gaussian_linearization,range-858892c886a576ff30a1e939,4,single_turn,700
55.58264583333333,3,164.9949787269174,0.00011784466366729013,0.019327709785515464,0.01944377777486527,0.7073230390064335,0.6857101151405018,0.1717432865782624,0.9999992508100417,92.11804574779859,10.157861970968776,92.11811434229828,257.5146671211801,1.0,local_static_Gaussian_linearization,range-858892c886a576ff30a1e939,4,single_turn,700
55.89397916666666,3,165.36444342254111,0.00011734054945989067,0.01928837880110079,0.01940395465232998,0.707934135467621,0.6851233554913357,0.17156703529526132,0.9999992454306679,92.315710281939,10.168252476792754,92.31577951813819,258.0672368553881,1.0,local_static_Gaussian_linearization,range-858892c886a576ff30a1e939,4,single_turn,700
55.90897916666666,3,165.3826795488472,0.00011731573019587504,0.019286438195413484,0.019401989813023417,0.7079623278941684,0.6850963952290942,0.17155836186782233,0.9999992451945227,92.32547487922702,10.16876594326108,92.32554414446679,258.0945337070065,1.0,local_static_Gaussian_linearization,range-858892c886a576ff30a1e939,4,single_turn,700
55.92397916666666,3,165.40095790924315,0.00011729085921869608,0.019284493135655306,0.019400020468770512,0.7079903920483543,0.6850695696458164,0.1715496706861116,0.9999992449607576,92.33526293107265,10.169280663235378,92.33533222515625,258.12189612490334,1.0,local_static_Gaussian_linearization,range-858892c886a576ff30a1e939,4,single_turn,700
56.2353125,3,165.79025260724973,0.000116762483341606,0.019243070289922098,0.019358081608254647,0.7085404107666433,0.6845468537620234,0.1713653737344606,0.999999240710172,92.54394539202058,10.180260193800269,92.54401523468104,258.70526603119487,1.0,local_static_Gaussian_linearization,range-858892c886a576ff30a1e939,4,single_turn,700
56.2503125,3,165.80950606715754,0.00011673641502383258,0.0192410214601152,0.01935600731515239,0.7085651465805992,0.6845235237899834,0.17135629089519203,0.9999992405381025,92.5542777574711,10.1808041397558,92.55434762380824,258.73415005433907,1.0,local_static_Gaussian_linearization,range-858892c886a576ff30a1e939,4,single_turn,700
56.2653125,3,165.82880621566025,0.00011671028938014249,0.01923896762565302,0.019353927960993278,0.7085897032174829,0.6845003828883924,0.17134718649514888,0.9999992403693696,92.56463631778168,10.181349498007501,92.56470620751182,258.7631073039888,1.0,local_static_Gaussian_linearization,range-858892c886a576ff30a1e939,4,single_turn,700
56.57664583333333,3,166.23985958428207,0.0001161552423310946,0.019195213118427513,0.019309631175099425,0.7090555647549933,0.6840662146765726,0.1711537905745663,0.9999992376762348,92.78553224308745,10.192987627384662,92.78560254901997,259.38061937811125,1.0,local_static_Gaussian_linearization,range-858892c886a576ff30a1e939,4,single_turn,700
56.59164583333333,3,166.26016002484312,0.0001161278975051092,0.019193051486435533,0.019307442822548034,0.7090757117497326,0.684047719486079,0.17114424463739672,0.9999992375887545,92.7964557724871,10.193563580753477,92.79652609481613,259.4111559699592,1.0,local_static_Gaussian_linearization,range-858892c886a576ff30a1e939,4,single_turn,700
56.60664583333333,3,166.28050437736354,0.00011610049981042294,0.019190885103398964,0.019305249666941127,0.7090956325324683,0.6840294637250024,0.17113467410044134,0.9999992375054346,92.80740429207641,10.194140893416542,92.80747463044075,259.44176242045995,1.0,local_static_Gaussian_linearization,range-858892c886a576ff30a1e939,4,single_turn,700
56.91797916666666,3,166.71203079506384,0.00011552083515061383,0.01914491500053238,0.019258713027100628,0.7094553912358942,0.683707140602762,0.1709315469277671,0.9999992367483579,93.03995904452094,10.206413429948753,93.04002963025287,260.0918660813041,1.0,local_static_Gaussian_linearization,range-858892c886a576ff30a1e939,4,single_turn,700
56.93297916666666,3,166.73322947939886,0.00011549243133866072,0.01914265579604781,0.019256426057522636,0.7094700040822681,0.6836944759147829,0.17092155192109718,0.9999992367606257,93.05139930625784,10.207017655853308,93.05146989959113,260.1238471652793,1.0,local_static_Gaussian_linearization,range-858892c886a576ff30a1e939,4,single_turn,700
56.94797916666666,3,166.75446148588668,0.00011546398966842325,0.019140392959200343,0.019254135418169904,0.7094843581951459,0.6836820834714499,0.17091153915566826,0.9999992367774788,93.0628590462714,10.20762295599285,93.0629296467922,260.1558826992983,1.0,local_static_Gaussian_linearization,range-858892c886a576ff30a1e939,4,single_turn,700
57.2593125,3,167.20157182646852,0.00011486662746064939,0.01909272224611561,0.01920588066182597,0.7097218877782386,0.6834881684997711,0.17070080705527546,0.999999238177557,93.30453139452476,10.220398660596091,93.30460204967552,260.831473909835,1.0,local_static_Gaussian_linearization,range-858892c886a576ff30a1e939,4,single_turn,700
57.2743125,3,167.22336423942878,0.00011483758842532917,0.019090397858094754,0.01920352787762643,0.7097303394916407,0.6834819613103251,0.17069052044115363,0.9999992382963789,93.31632764030765,10.22102276760546,93.31639829342579,260.8644501143993,1.0,local_static_Gaussian_linearization,range-858892c886a576ff30a1e939,4,single_turn,700
57.2893125,3,167.245174326081,0.00011480853297449053,0.019088071504623532,0.01920117311144029,0.7097385114844078,0.6834760459926846,0.17068022694530965,0.9999992384199062,93.32813503386483,10.221647511921836,93.32820568451916,260.8974574811771,1.0,local_static_Gaussian_linearization,range-858892c886a576ff30a1e939,4,single_turn,700
57.60064583333333,3,167.7003080288234,0.00011420382347347027,0.01903950620704812,0.019152016374570337,0.7098436031528456,0.6834204679895488,0.17046560648978798,0.9999992420478847,93.5748954945643,10.234714856238247,93.57496599572124,261.5872718553816,1.0,local_static_Gaussian_linearization,range-858892c886a576ff30a1e939,4,single_turn,700
57.61564583333333,3,167.7222757161187,0.00011417471424632107,0.019037161209917705,0.019149642902630527,0.7098455029882997,0.6834210849845003,0.1704552213512294,0.9999992422739561,93.58682337238588,10.235347033198925,93.58689386155481,261.6206160073058,1.0,local_static_Gaussian_linearization,range-858892c886a576ff30a1e939,4,single_turn,700
57.63064583333333,3,167.74424017406702,0.00011414561646534032,0.019034816474472655,0.019147269703178985,0.709847111560209,0.6834220046314557,0.1704448350497894,0.9999992425046454,93.59875112019213,10.235979251759625,93.59882159693493,261.6539597945494,1.0,local_static_Gaussian_linearization,range-858892c886a576ff30a1e939,4,single_turn,700
57.94197916666666,3,168.19776032641948,0.00011354639910446215,0.018986383055254744,0.019098250022500297,0.7098149753237961,0.6835088913640487,0.17023012727589681,0.9999992483031184,93.84540059003271,10.249063654638377,93.84547071273012,262.3434633238305,1.0,local_static_Gaussian_linearization,range-858892c886a576ff30a1e939,4,single_turn,700
57.95697916666666,3,168.21941696242487,0.00011351786074175737,0.01898406930719867,0.019095908348800164,0.7098103058638245,0.6835162997658388,0.17021985091028705,0.9999992486293734,93.85719623460315,10.24968992237088,93.85726633572988,262.376437793097,1.0,local_static_Gaussian_linearization,range-858892c886a576ff30a1e939,4,single_turn,700
57.971979166666664,3,168.24104907543824,0.00011348936154914662,0.018981758092083818,0.019093569245930128,0.7098053557641819,0.6835239964255305,0.17020958621345253,0.9999992489597065,93.86898012939183,10.250315614340096,93.86905020855204,262.40937941493615,1.0,local_static_Gaussian_linearization,range-858892c886a576ff30a1e939,4,single_turn,700
58.2833125,3,168.68281241226717,0.00011290884077536607,0.018934537817874627,0.019045780808197618,0.7096403202425596,0.6837474900745478,0.16999995794938724,0.9999992566910944,94.10998513561144,10.26312315722126,94.1100546725302,263.0831034132959,1.0,local_static_Gaussian_linearization,range-858892c886a576ff30a1e939,4,single_turn,700
58.2983125,3,168.70367184645878,0.00011288149838135144,0.018932307034635068,0.01904352326046408,0.7096294356374536,0.6837612543088858,0.16999003259840834,0.9999992571035186,94.12138224332452,10.263729349109783,94.12145175013029,263.11496375548046,1.0,local_static_Gaussian_linearization,range-858892c886a576ff30a1e939,4,single_turn,700
58.3133125,3,168.72448670410367,0.00011285422054378702,0.018930080909526095,0.019041270433642177,0.7096182905978737,0.6837752831801763,0.1699801275467855,0.999999257519348,94.13275656947228,10.264334377677708,94.13282604581936,263.146760411209,1.0,local_static_Gaussian_linearization,range-858892c886a576ff30a1e939,4,single_turn,700
58.62464583333333,3,169.1453123776838,0.00011230402267045374,0.018885048135312388,0.018995698995864382,0.7093302899204509,0.6841238689703036,0.16977947963894724,0.9999992668635943,94.36306247759511,10.276595644782214,94.36313124844874,263.7905748011889,1.0,local_static_Gaussian_linearization,range-858892c886a576ff30a1e939,4,single_turn,700
58.63964583333333,3,169.16500390454297,0.00011227833697193138,0.018882939602818276,0.018993565312252363,0.7093137937467902,0.6841433099964567,0.16977006033935518,0.9999992673455216,94.37385553339199,10.277170773367414,94.37392426694657,263.82074650613043,1.0,local_static_Gaussian_linearization,range-858892c886a576ff30a1e939,4,single_turn,700
58.65464583333333,3,169.18463960497778,0.0001122527293350597,0.018880836922857216,0.01899143755722719,0.7092970695859839,0.6841629800215996,0.16976066636503306,0.9999992678300824,94.38461947571254,10.277744397482795,94.38468817169026,263.85083682405303,1.0,local_static_Gaussian_linearization,range-858892c886a576ff30a1e939,4,single_turn,700
58.96597916666666,3,169.57936173350757,0.00011173906165885612,0.018838541189454182,0.01894863875680987,0.7089015442585791,0.6846196751604792,0.16957152158001568,0.999999278421944,94.60131612083197,10.28930245772704,94.60138397941641,264.4566063753684,1.0,local_static_Gaussian_linearization,range-858892c886a576ff30a1e939,4,single_turn,700
58.980979166666664,3,169.59775586272778,0.00011171517581658057,0.01883656894342464,0.018946643114302143,0.7088803048444647,0.684643857481432,0.16956267813573697,0.9999992789552816,94.61142899281558,10.28984231827519,94.61149680853742,264.48487662214177,1.0,local_static_Gaussian_linearization,range-858892c886a576ff30a1e939,4,single_turn,700
58.995979166666665,3,169.61609353481322,0.00011169136785951005,0.01883460264748795,0.018944653497889888,0.7088588802703911,0.6846682241681357,0.1695538577451386,0.9999992794904741,94.62151211784426,10.290380630962357,94.62157989049427,264.513063711209,1.0,local_static_Gaussian_linearization,range-858892c886a576ff30a1e939,4,single_turn,700
59.307312499999995,3,169.98447803496887,0.00011121407170635744,0.018795082669109755,0.01890466592914877,0.7083759440684557,0.6852118264048298,0.16937613415142438,0.9999992909578982,94.82433884274222,10.301217184193424,94.82440568057932,265.08005985730097,1.0,local_static_Gaussian_linearization,range-858892c886a576ff30a1e939,4,single_turn,700
59.322312499999995,3,170.00166629604095,0.0001111918483313301,0.01879323800949164,0.018902799494862777,0.7083510018714984,0.6852396650898078,0.16936782319924903,0.9999992915250145,94.83381446290493,10.301723799932669,94.83388125399796,265.1065486662839,1.0,local_static_Gaussian_linearization,range-858892c886a576ff30a1e939,4,single_turn,700
59.337312499999996,3,170.01880658902374,0.00011116969124196877,0.01879139845845379,0.018900938233829774,0.7083259221518993,0.6852676384689688,0.16935953375828852,0.999999292093233,94.84326464888626,10.302229084170012,94.84333139310232,265.1329663740614,1.0,local_static_Gaussian_linearization,range-858892c886a576ff30a1e939,4,single_turn,700
59.648645833333326,3,170.363597442475,0.00011072473593581052,0.018754361152376674,0.01886346433989277,0.7077784660663011,0.6858678210681253,0.16921871940212863,0.9999993038838386,95.03364193007273,10.312417882926148,95.03370769517126,265.6651601820336,1.0,local_static_Gaussian_linearization,range-858892c886a576ff30a1e939,4,single_turn,700
59.66364583333333,3,170.37916359583508,0.00011070467126676296,0.01875268586456388,0.01886176929658295,0.7077519972406554,0.6858959350232047,0.16921547423479785,0.9999993044157643,95.04225377670402,10.312879464075952,95.04231949754094,265.68923433331616,1.0,local_static_Gaussian_linearization,range-858892c886a576ff30a1e939,4,single_turn,700
59.67864583333333,3,170.3945208675736,0.00011068488005098737,0.018751033159285942,0.018860097103572847,0.7077258042305289,0.6859237354989058,0.1692123373323532,0.9999993049408429,95.05075054993301,10.31333488345602,95.05081622706523,265.7129868003601,1.0,local_static_Gaussian_linearization,range-858892c886a576ff30a1e939,4,single_turn,700
59.989979166666664,3,170.6546799115324,0.00011035053967527783,0.018723100827836518,0.018831836026349396,0.70727663169787,0.6864055721055797,0.16913650356007462,0.9999993140049955,95.19463502057184,10.321040804252432,95.19469993994264,266.1152113431694,1.0,local_static_Gaussian_linearization,range-858892c886a576ff30a1e939,4,single_turn,700
60.004979166666665,3,170.66422633643896,0.00011033831113297057,0.018722079297750095,0.018830802504777713,0.7072600824445135,0.6864236923444799,0.16913216834402195,0.9999993143467704,95.19991000843231,10.32132293641578,95.19997489907539,266.12995740429807,1.0,local_static_Gaussian_linearization,range-858892c886a576ff30a1e939,4,single_turn,700
60.019979166666666,3,170.67350770713503,0.00011032642503718228,0.018721086399683527,0.018829797953884186,0.7072439889853368,0.6864413459885249,0.1691278172317353,0.9999993146798718,95.20503811679389,10.321597181859309,95.20510297942742,266.1442928682212,1.0,local_static_Gaussian_linearization,range-858892c886a576ff30a1e939,4,single_turn,700
60.331312499999996,3,170.81387473325128,0.00011014699487389679,0.018706098990340776,0.018814634984633878,-0.706998096698787,-0.686714950466719,-0.16904516576875045,0.9999993198481562,95.28255186127382,10.325739299195064,95.28261628748348,266.36098004059806,1.0,local_static_Gaussian_linearization,range-858892c886a576ff30a1e939,4,single_turn,700
60.346312499999996,3,170.81852857795562,0.00011014105437383913,0.018705602651719198,0.018814132844163802,-0.7069897011684538,-0.6867243962944303,-0.16904190597538346,0.9999993200258921,95.28512139396184,10.325876551764697,95.28518580508415,266.3681630846098,1.0,local_static_Gaussian_linearization,range-858892c886a576ff30a1e939,4,single_turn,700
60.3613125,3,170.82302677029807,0.00011013531278054718,0.01870512289809052,0.01881364748346656,-0.7069815494647612,-0.6867335707261351,-0.16903872797124866,0.9999993201983611,95.2876050881881,10.326009222572722,95.28766948465878,266.3751061698375,1.0,local_static_Gaussian_linearization,range-858892c886a576ff30a1e939,4,single_turn,700
60.67264583333333,3,170.88859729489315,0.00011005157831447459,0.018698116994496083,0.018806559848249645,-0.7068535468811099,-0.6868773615568009,-0.1689898027762698,0.9999993228577075,95.32384898018871,10.327947070083935,95.32391314929474,266.47642473568766,1.0,local_static_Gaussian_linearization,range-858892c886a576ff30a1e939,4,single_turn,700
60.68764583333333,3,170.8907206038859,0.00011004886181225711,0.018697889093801046,0.01880632929673408,-0.7068488011000641,-0.686882653714062,-0.16898814280927973,0.9999993229528414,95.3250254931869,10.328010117551239,95.32508965407273,266.4797136353621,1.0,local_static_Gaussian_linearization,range-858892c886a576ff30a1e939,4,single_turn,700
60.70264583333333,3,170.8927718861027,0.00011004623672675983,0.01869766878854284,0.018806106429870226,-0.7068441436942512,-0.6868878423434746,-0.16898653368202685,0.9999993230458217,95.32616245523316,10.328071063867572,95.32622660807284,266.48289197149023,1.0,local_static_Gaussian_linearization,range-858892c886a576ff30a1e939,4,single_turn,700
61.013979166666665,3,170.92268827268984,0.0001100077919837158,0.018694427413202305,0.018802827536799564,-0.7067614089868012,-0.686978965087543,-0.16896216231523498,0.9999993246199846,95.34281810496738,10.328967693649044,95.3428821198814,266.52945217965055,1.0,local_static_Gaussian_linearization,range-858892c886a576ff30a1e939,4,single_turn,700
61.028979166666666,3,170.92365911896945,0.00011000653497739805,0.01869432058857629,0.018802719485335774,-0.7067578791524762,-0.6869828038418598,-0.16896131948310206,0.9999993246835337,95.34336283400299,10.32899723588937,95.34342684326006,266.5309749448584,1.0,local_static_Gaussian_linearization,range-858892c886a576ff30a1e939,4,single_turn,700
61.04397916666667,3,170.92459674577313,0.00011000531993270407,0.018694217238520404,0.018802614949387203,-0.7067543771024919,-0.686986608353851,-0.16896049949305128,0.9999993247462826,95.34388938778505,10.329025816225085,95.34395339145371,266.53244690163666,1.0,local_static_Gaussian_linearization,range-858892c886a576ff30a1e939,4,single_turn,700
61.3553125,3,170.93798527705292,0.00010998776786484474,0.018692706861072075,0.018801087443936743,-0.7066864601682995,-0.6870596919136669,-0.1689474082733927,0.9999993259086228,95.35149677867894,10.329443278245508,95.35156067730583,266.55371294358605,1.0,local_static_Gaussian_linearization,range-858892c886a576ff30a1e939,4,single_turn,700
61.3703125,3,170.93839253834946,0.00010998722235205547,0.018692658937845386,0.01880103898861838,-0.7066833695991762,-0.6870629889964452,-0.16894692741575632,0.9999993259592403,95.35173324456382,10.329456511214946,95.35179713855203,266.5543739670942,1.0,local_static_Gaussian_linearization,range-858892c886a576ff30a1e939,4,single_turn,700
61.3853125,3,170.93878195409397,0.00010998669936689845,0.018692612880236277,0.01880099242092874,-0.7066802929939556,-0.6870662690287691,-0.1689464573670121,0.9999993260094518,95.35195994710982,10.329469227528627,95.35202383648736,266.55500769742804,1.0,local_static_Gaussian_linearization,range-858892c886a576ff30a1e939,4,single_turn,700
61.69664583333333,3,170.94350927462457,0.00010998008565084938,0.01869200869145358,0.018800381791479977,-0.706619512941145,-0.6871306987817671,-0.16893864780593834,0.9999993269694029,95.35482701761991,10.329635746602602,95.35489081793254,266.5630222967038,1.0,local_static_Gaussian_linearization,range-858892c886a576ff30a1e939,4,single_turn,700
61.71164583333333,3,170.94360386205494,0.00010997993568448199,0.018691993603803737,0.01880036655842237,-0.7066167377983837,-0.6871336255092733,-0.1689383513523549,0.9999993270119242,95.35489203356526,10.329639886551664,95.3549558298896,266.563204036556,1.0,local_static_Gaussian_linearization,range-858892c886a576ff30a1e939,4,single_turn,700
61.72664583333333,3,170.94368833529944,0.00010997979856834429,0.018691979587868633,0.01880035240964606,-0.706613977657144,-0.6871365352887123,-0.16893806098974273,0.999999327054114,95.35495147888648,10.329643729762891,95.35501527125679,266.5633702039162,1.0,local_static_Gaussian_linearization,range-858892c886a576ff30a1e939,4,single_turn,700
62.037979166666666,3,170.94354856259585,0.00010997936540889457,0.018691890574305283,0.018800262991658843,-0.706560348104233,-0.6871927886794224,-0.16893355401998725,0.9999993278528787,95.35513933464274,10.329667610634264,95.355203051415,266.56389514024687,1.0,local_static_Gaussian_linearization,range-858892c886a576ff30a1e939,4,single_turn,700
62.05297916666667,3,170.94346554277206,0.00010997944231557517,0.018691894514566473,0.018800267007885813,-0.706557956578993,-0.6871952863956268,-0.16893339619669753,0.9999993278876337,95.35510599784881,10.329666483907811,95.35516971130492,266.5638019385198,1.0,local_static_Gaussian_linearization,range-858892c886a576ff30a1e939,4,single_turn,700
62.06797916666667,3,170.94337655276664,0.0001099795269219465,0.01869189910690858,0.018800271683713437,-0.7065555841751662,-0.6871977632607895,-0.16893324314727692,0.9999993279220372,95.35506932314581,10.329665176777423,95.35513303331277,266.5636994057986,1.0,local_static_Gaussian_linearization,range-858892c886a576ff30a1e939,4,single_turn,700
62.3793125,3,170.9403321423665,0.00010998283544873538,0.018692126594845555,0.018800502421566067,-0.706510870172483,-0.6872442786232217,-0.16893102683571223,0.9999993285558287,95.35363512681221,10.329601489631328,95.35369877594222,266.55968996300896,1.0,local_static_Gaussian_linearization,range-858892c886a576ff30a1e939,4,single_turn,700
62.3943125,3,170.94013314247786,0.0001099830630428986,0.018692143389823307,0.018800519439970624,-0.7065089385624502,-0.6872462823469646,-0.16893095374038614,0.999999328582559,95.35353646897029,10.329596807689025,95.35360011549437,266.5594141593566,1.0,local_static_Gaussian_linearization,range-858892c886a576ff30a1e939,4,single_turn,700
62.4093125,3,170.93992973577602,0.00010998329639951553,0.018692160679410024,0.018800536958642214,-0.7065070271042374,-0.6872482647294629,-0.16893088314063318,0.999999328608951,95.35343531342377,10.32959198898668,95.35349895738189,266.55913137352394,1.0,local_static_Gaussian_linearization,range-858892c886a576ff30a1e939,4,single_turn,700
62.72064583333333,3,170.93423876728943,0.00010999009248376878,0.018692689620645235,0.01880107273065678,-0.7064724157489871,-0.6872858932657647,-0.16892254646337213,0.9999993291203031,95.35048946025219,10.329444858660718,95.35055305376193,266.5508961486121,1.0,local_static_Gaussian_linearization,range-858892c886a576ff30a1e939,4,single_turn,700
62.73564583333333,3,170.93379929291788,0.00010999064303820696,0.018692734806880898,0.018801118501191844,-0.7064711109442722,-0.6872877412392695,-0.1689204846766328,0.9999993291498421,95.35025082593455,10.32943230237947,95.35031441648148,266.5502290420362,1.0,local_static_Gaussian_linearization,range-858892c886a576ff30a1e939,4,single_turn,700
62.75064583333333,3,170.93333181663093,0.00010999123157648365,0.018692783360966178,0.018801167683982975,-0.706469855908567,-0.687289619024753,-0.1689180933865241,0.9999993291807079,95.34999572967675,10.329418810961101,95.35005931712496,266.54951591599854,1.0,local_static_Gaussian_linearization,range-858892c886a576ff30a1e939,4,single_turn,700
40.883312499999995,3,11.133384575549526,0.021537432758094444,0.21845994565908086,0.23978452166590375,0.6926331762474385,0.6980139003950677,0.18175774541033934,0.9999588563781658,6.813759344666946,2.9582734684244407,6.814014175657312,19.048464080399416,1.0,local_static_Gaussian_linearization,range-a8865603f5b0100fb597490c,8,opposite_turns,200
40.898312499999996,3,11.133421492224493,0.021537294334087416,0.2184593445926017,0.23978377562349362,0.6926322796734178,0.698014024704759,0.18176068460992545,0.9999588559935516,6.8137812387382315,2.9582777997472958,6.814036073060392,19.048525294228046,1.0,local_static_Gaussian_linearization,range-a8865603f5b0100fb597490c,8,opposite_turns,200
40.913312499999996,3,11.133458244530624,0.021537156633033582,0.218458746980586,0.23978303407979515,0.6926313887222032,0.6980141767395385,0.18176349586035476,0.99995885568893,6.813803019153537,2.9582821044711474,6.814057856308393,19.048586188938035,1.0,local_static_Gaussian_linearization,range-a8865603f5b0100fb597490c,8,opposite_turns,200
41.22464583333333,3,11.13415729809794,0.02153454514804487,0.21844743924848922,0.23976901302132336,0.6926136723335122,0.6980195604676082,0.18181032451787138,0.9999588558813303,6.814216158651341,2.95836344589604,6.814471012709471,19.04974116083311,1.0,local_static_Gaussian_linearization,range-a8865603f5b0100fb597490c,8,opposite_turns,200
41.23964583333333,3,11.13418427559976,0.021534444187751533,0.21844700175970225,0.23976846985904376,0.6926129274816583,0.6980197502059738,0.18181243358933707,0.9999588557789844,6.814232131496285,2.9583665966946846,6.81448698688972,19.04978581639015,1.0,local_static_Gaussian_linearization,range-a8865603f5b0100fb597490c,8,opposite_turns,200
41.25464583333333,3,11.134210284835973,0.021534346788336888,0.21844657953405133,0.23976794548792507,0.6926122025088488,0.6980199194023008,0.18181454576971298,0.999958855636286,6.814247540812045,2.9583696386689717,6.814502397765648,19.049828897239266,1.0,local_static_Gaussian_linearization,range-a8865603f5b0100fb597490c,8,opposite_turns,200
41.565979166666665,3,11.134511232020678,0.021533202257591897,0.21844156834228826,0.23976168239853002,0.6926027160370595,0.6980176178270081,0.18185951429935382,0.9999588413566873,6.814428544060484,2.9584060383568382,6.814683497255105,19.05033515787081,1.0,local_static_Gaussian_linearization,range-a8865603f5b0100fb597490c,8,opposite_turns,200
41.580979166666665,3,11.134515207013562,0.02153318572787792,0.2184414919050641,0.23976158394250413,0.6926025345383298,0.6980172273033216,0.18186170443187105,0.9999588401366976,6.814431152013763,2.9584066164150866,6.8146861128631455,19.05034246975988,1.0,local_static_Gaussian_linearization,range-a8865603f5b0100fb597490c,8,opposite_turns,200
41.595979166666666,3,11.134518483371407,0.02153317175694762,0.21844142637211184,0.23976149893334442,0.6926023750413699,0.6980168149313882,0.18186389460278762,0.999958838876145,6.814433354843268,2.95840711681773,6.814688323579949,19.05034864978219,1.0,local_static_Gaussian_linearization,range-a8865603f5b0100fb597490c,8,opposite_turns,200
41.907312499999996,3,11.134511622681385,0.021533155190549037,0.2184412236519883,0.23976116674217024,0.6926025999824299,0.6980050324967583,0.18190825464166832,0.9999588071323924,6.814435780085152,2.958409263599887,6.814690944998414,19.05035597791421,1.0,local_static_Gaussian_linearization,range-a8865603f5b0100fb597490c,8,opposite_turns,200
41.9223125,3,11.134511585028536,0.021533153279742107,0.2184412085279885,0.2397611446554837,0.6926027121384714,0.6980044004511181,0.18191025284273854,0.999958805529426,6.814436072538702,2.9584094049505483,6.81469124735911,19.05035682315854,1.0,local_static_Gaussian_linearization,range-a8865603f5b0100fb597490c,8,opposite_turns,200
41.9373125,3,11.134511925912275,0.021533149978317893,0.21844118739861706,0.23976111523603824,0.6926028272496438,0.6980037706730386,0.18191223106767582,0.9999588039371506,6.814436585096862,2.9584095890179407,6.814691769767254,19.05035828354188,1.0,local_static_Gaussian_linearization,range-a8865603f5b0100fb597490c,8,opposite_turns,200
42.24864583333333,3,11.134662868930056,0.02153255334799128,0.2184384756429441,0.23975772223713407,0.6926049354742179,0.6979924680685765,0.1819475690310035,0.9999587760359698,6.814530820075763,2.9584295834961942,6.81478618085605,19.050622208181213,1.0,local_static_Gaussian_linearization,range-a8865603f5b0100fb597490c,8,opposite_turns,200
42.26364583333333,3,11.134678849997371,0.02153249263220818,0.21843820749734108,0.23975739029957263,0.6926049894289937,0.6979920468504761,0.1819489795287296,0.9999587750175142,6.814540421308407,2.9584315254323847,6.8147957887726776,19.05064906695345,1.0,local_static_Gaussian_linearization,range-a8865603f5b0100fb597490c,8,opposite_turns,200
42.27864583333333,3,11.134695695127139,0.0215324287441336,0.2184379257137098,0.23975704164293626,0.6926050371130326,0.6979916386220586,0.18195036405390494,0.9999587740319232,6.814550524763327,2.958433564459138,6.8148058987297055,19.050677329171336,1.0,local_static_Gaussian_linearization,range-a8865603f5b0100fb597490c,8,opposite_turns,200
42.58997916666666,3,11.135231425384587,0.021530419108465874,0.2184291366797581,0.23974619945829,0.6926046753572234,0.6979858397825389,0.18197398477908536,0.9999587603207272,6.814868464335294,2.958496827667028,6.815123936139277,19.051566397496742,1.0,local_static_Gaussian_linearization,range-a8865603f5b0100fb597490c,8,opposite_turns,200
42.60497916666666,3,11.135265507435347,0.021530291860788402,0.21842858217225883,0.2397455163224531,0.6926046039975234,0.6979856623749687,0.1819749368468341,0.9999587599202804,6.814888600265929,2.958500809875638,6.815144075378839,19.051622696408295,1.0,local_static_Gaussian_linearization,range-a8865603f5b0100fb597490c,8,opposite_turns,200
42.61997916666666,3,11.135300253596663,0.021530162169353457,0.2184280171215731,0.23974482026437882,0.692604530793905,0.6979854913637362,0.18197587139365104,0.9999587595383174,6.814909123247083,2.958504867250501,6.815164601570804,19.0516800770389,1.0,local_static_Gaussian_linearization,range-a8865603f5b0100fb597490c,8,opposite_turns,200
42.9313125,3,11.136135755126316,0.02152704982305942,0.2184144719458083,0.23972814923695762,0.6926032949543758,0.6979827045543499,0.18199126342035482,0.9999587544666302,6.815401716486628,2.9586020330337806,6.8156572465419485,19.053057257918674,1.0,local_static_Gaussian_linearization,range-a8865603f5b0100fb597490c,8,opposite_turns,200
42.9463125,3,11.136179738625607,0.021526886170041237,0.21841376002467813,0.239727273602513,0.6926032716485568,0.6979825820275054,0.18199182203586026,0.9999587543064149,6.815427621581639,2.9586071370199862,6.815683153697089,19.05312968094296,1.0,local_static_Gaussian_linearization,range-a8865603f5b0100fb597490c,8,opposite_turns,200
42.9613125,3,11.136223910803762,0.02152672182193549,0.21841304507342318,0.23972639427465914,0.6926032524020215,0.6979824580256901,0.1819923708581149,0.9999587541470376,6.815453637010967,2.958612262635989,6.815709171185654,19.053202412402513,1.0,local_static_Gaussian_linearization,range-a8865603f5b0100fb597490c,8,opposite_turns,200
43.27264583333333,3,11.137137218749226,0.02152332408458518,0.2183982575889464,0.2397082137336352,0.6926041000629842,0.6979791657278342,0.18200177138099605,0.999958750103248,6.815991542934934,2.9587182732979875,6.816247124237266,19.054706251272876,1.0,local_static_Gaussian_linearization,range-a8865603f5b0100fb597490c,8,opposite_turns,200
43.28764583333333,3,11.137179456435279,0.02152316691979797,0.21839757310959676,0.23970737245660134,0.6926042037272221,0.6979789632529877,0.1820021533819453,0.99995874984351,6.816016426797674,2.9587231808282217,6.816272010725328,19.0547758210392,1.0,local_static_Gaussian_linearization,range-a8865603f5b0100fb597490c,8,opposite_turns,200
43.30264583333333,3,11.137221449004313,0.02152301066255234,0.218396892536378,0.23970653599812647,0.6926043122156349,0.6979787571459933,0.18200253095284671,0.99995874957758,6.816041167192595,2.9587280604332205,6.816296753777623,19.054844989833207,1.0,local_static_Gaussian_linearization,range-a8865603f5b0100fb597490c,8,opposite_turns,200
43.61397916666666,3,11.139674958092991,0.02151377426453628,0.21835633316885347,0.23965645242872027,0.6926079253327261,0.6979377338180257,0.18214604436895002,0.9999586526693839,6.817503553941434,2.9590207497512173,6.817759799571629,19.0589349101851,1.0,local_static_Gaussian_linearization,range-a8865603f5b0100fb597490c,8,opposite_turns,200
43.62897916666666,3,11.140109608450055,0.021512142059735846,0.21834916080156797,0.23964762045800586,0.6926118127942624,0.6979295759543798,0.18216252025591073,0.9999586362559497,6.817762081308295,2.95907243370728,6.818018438836145,19.05965793197709,1.0,local_static_Gaussian_linearization,range-a8865603f5b0100fb597490c,8,opposite_turns,200
43.64397916666666,3,11.140596232706246,0.02151031654165001,0.21834114074907626,0.23963775142822497,0.6926168037866042,0.6979205317880338,0.1821781941428142,0.999958618737287,6.81805126794268,2.959130197409911,6.818307745408736,19.060466683722268,1.0,local_static_Gaussian_linearization,range-a8865603f5b0100fb597490c,8,opposite_turns,200
43.9553125,3,11.164318004070578,0.021422081120143457,0.217953735053743,0.23916292593427801,0.6930303293975957,0.6975073012512119,0.1821881643694533,0.9999579862636354,6.832074331463506,2.961915844756793,6.832335281474856,19.099680429101102,1.0,local_static_Gaussian_linearization,range-a8865603f5b0100fb597490c,8,opposite_turns,200
43.9703125,3,11.166152658561257,0.021415291082476806,0.21792390644267007,0.23912640945446156,0.6930656932206251,0.6974759262556004,0.18217375544931474,0.9999579404663616,6.833157065563703,2.96213048687112,6.833418342569201,19.102708108501332,1.0,local_static_Gaussian_linearization,range-a8865603f5b0100fb597490c,8,opposite_turns,200
43.9853125,3,11.168049095745209,0.02140827650943071,0.2178930875945426,0.23908868311261103,0.6931023820469453,0.697443512304889,0.182158269492962,0.999957893033829,6.834276144107474,2.962352298400506,6.834537759779224,19.10583742082244,1.0,local_static_Gaussian_linearization,range-a8865603f5b0100fb597490c,8,opposite_turns,200
44.29664583333333,3,11.219475984820267,0.021219540376095226,0.21706220704908527,0.23807212365852443,0.6941213214163573,0.6965570764748298,0.1816695636810102,0.9999565032671979,6.864593719470871,2.9683512757412216,6.864865198570133,19.190617275041546,1.0,local_static_Gaussian_linearization,range-a8865603f5b0100fb597490c,8,opposite_turns,200
44.31164583333333,3,11.222424253469207,0.021208803822509267,0.21701483886819717,0.23801419440479843,0.6941809116898794,0.6965051509973086,0.18164095485221543,0.9999564152886384,6.866330483891166,2.9686944331204455,6.866602582443927,19.19547410296422,1.0,local_static_Gaussian_linearization,range-a8865603f5b0100fb597490c,8,opposite_turns,200
44.32664583333333,3,11.225404761631744,0.021197958906807833,0.21696698110057813,0.23795566884935468,0.6942413134827536,0.6964524736746068,0.18161208816117436,0.9999563252564728,6.868086109395459,2.969041268027776,6.868358841253267,19.200383695457454,1.0,local_static_Gaussian_linearization,range-a8865603f5b0100fb597490c,8,opposite_turns,200
44.63797916666666,3,11.292405648679441,0.02095655646621215,0.2158987393162879,0.23664993661592376,0.6956504168786943,0.6952104036113749,0.1809778776729578,0.9999539790348618,6.907515454660063,2.976817988221169,6.907804517390363,19.310653431571126,1.0,local_static_Gaussian_linearization,range-a8865603f5b0100fb597490c,8,opposite_turns,200
44.65297916666666,3,11.295799639768918,0.0209444496177749,0.21584502112737944,0.23658430644761996,0.6957244937900134,0.6951444631792862,0.18094641209985768,0.999953842890507,6.909510739366021,2.977210849154735,6.909800742204152,19.316233845066257,1.0,local_static_Gaussian_linearization,range-a8865603f5b0100fb597490c,8,opposite_turns,200
44.66797916666666,3,11.299203391162575,0.020932319751559996,0.2157911877352381,0.23651853832172606,0.6957990210452886,0.6950780660118837,0.18091490945081803,0.9999537046718928,6.9115115421373075,2.977604727136689,6.911802498837135,19.321829722670575,1.0,local_static_Gaussian_linearization,range-a8865603f5b0100fb597490c,8,opposite_turns,200
44.97931249999999,3,11.371494521608815,0.020677489571200997,0.21465736584679793,0.23513395937953555,0.6974227072360918,0.6936200328188878,0.18025764201222158,0.9999503976998873,6.953949059331959,2.9859411405303935,6.954262739537716,19.44052662422965,1.0,local_static_Gaussian_linearization,range-a8865603f5b0100fb597490c,8,opposite_turns,200
44.99431249999999,3,11.375040645943855,0.020665126264233703,0.21460222465089698,0.23506665120922027,0.6975035767246929,0.6935469578729929,0.18022590735345712,0.9999502189603592,6.956027782864377,2.9863485424699023,6.956342688827104,19.446341088113435,1.0,local_static_Gaussian_linearization,range-a8865603f5b0100fb597490c,8,opposite_turns,200
45.00931249999999,3,11.378591769332333,0.02065275830762306,0.2145470508005944,0.2349993056931297,0.6975846070671021,0.6934737037888099,0.1801941678758394,0.9999500385971196,6.958109145978572,2.9867563684342855,6.958425288798434,19.45216296193481,1.0,local_static_Gaussian_linearization,range-a8865603f5b0100fb597490c,8,opposite_turns,200
45.32064583333333,3,11.453334264815712,0.020395383635170537,0.21339620566139142,0.23359514623276034,0.699291623833897,0.6919240283278651,0.17953374016683113,0.999945956460821,7.001848575837608,2.995304565711558,7.002192736443766,19.574514138916687,1.0,local_static_Gaussian_linearization,range-a8865603f5b0100fb597490c,8,opposite_turns,200
45.33564583333333,3,11.456981230035492,0.020382967533555996,0.2133405572561437,0.23352727644437388,0.6993747076142928,0.6918483243514291,0.17950185080255424,0.9999457444876191,7.003979455308156,2.995719916931955,7.00432507317927,19.5804750510408,1.0,local_static_Gaussian_linearization,range-a8865603f5b0100fb597490c,8,opposite_turns,200
45.35064583333333,3,11.460632000195186,0.020370551580362748,0.21328489745332727,0.23345939530353194,0.6994578471384059,0.6917725457478108,0.17946995577560929,0.9999455311740295,7.006112248965839,2.9961355388649866,7.006459333621244,19.586441340854577,1.0,local_static_Gaussian_linearization,range-a8865603f5b0100fb597490c,8,opposite_turns,200
45.66197916666666,3,11.537157811337146,0.02011327725877956,0.21212881881536766,0.23205005383771837,0.7011942697636997,0.6901844797104005,0.17880710281595483,0.9999408080750224,7.050748049358352,3.0048103885193562,7.051127696101872,19.71131101037804,1.0,local_static_Gaussian_linearization,range-a8865603f5b0100fb597490c,8,opposite_turns,200
45.67697916666666,3,11.540876251638961,0.020100919597888404,0.2120731565549922,0.23198222562337445,0.7012784005218583,0.690107272599501,0.17877515841632444,0.9999405665029246,7.052913495504841,3.0052301051924224,7.053294812296687,19.7173691479062,1.0,local_static_Gaussian_linearization,range-a8865603f5b0100fb597490c,8,opposite_turns,200
45.69197916666666,3,11.54459718452608,0.020088566818197897,0.21201750409630812,0.23191441193053147,0.7013625716518905,0.6900300036149138,0.1787432158070577,0.9999403236591659,7.055080074587348,3.00564993702894,7.055463070683309,19.723430478412695,1.0,local_static_Gaussian_linearization,range-a8865603f5b0100fb597490c,8,opposite_turns,200
46.00331249999999,3,11.622348060313245,0.01983342841188014,0.21086530246709326,0.23051100823217677,0.7031181962504193,0.6884125379134347,0.17808138517301872,0.999934999871372,7.100279073740152,3.014384672611901,7.10069900505129,19.84988678577262,1.0,local_static_Gaussian_linearization,range-a8865603f5b0100fb597490c,8,opposite_turns,200
46.01831249999999,3,11.6261189141411,0.019821197370655706,0.21080993523160918,0.23044359765190417,0.7032031659981995,0.6883339705035747,0.17804957843503236,0.9999347299509125,7.102467666561674,3.014806470040894,7.102889476868397,19.85601021355713,1.0,local_static_Gaussian_linearization,range-a8865603f5b0100fb597490c,8,opposite_turns,200
46.033312499999994,3,11.629892208477141,0.019808971493890836,0.2107545791822427,0.23037620323474683,0.7032881669127844,0.6882553470880622,0.17801778418221756,0.9999344588230883,7.104657352587488,3.015228372078266,7.105081050937618,19.862136722669224,1.0,local_static_Gaussian_linearization,range-a8865603f5b0100fb597490c,8,opposite_turns,200
46.34464583333333,3,11.70881177200797,0.019556225080874273,0.2096074296727494,0.2289801584429782,0.7050584126147336,0.6866118700392172,0.1773605782648478,0.9999285673891828,7.150382117772122,3.0240142825057132,7.150847008292805,19.990074700535448,1.0,local_static_Gaussian_linearization,range-a8865603f5b0100fb597490c,8,opposite_turns,200
46.35964583333333,3,11.712645518258547,0.019544089317853237,0.20955221347307298,0.22891299015719846,0.705143936976725,0.686532186695746,0.17732902970388825,0.9999282712868368,7.152599827957669,3.024439239326608,7.153066797507681,19.996280084621183,1.0,local_static_Gaussian_linearization,range-a8865603f5b0100fb597490c,8,opposite_turns,200
46.37464583333333,3,11.716482348012036,0.01953195680881032,0.20949699947899092,0.22884582717255963,0.7052294784685552,0.6864524626457821,0.17729748793062777,0.9999279741026802,7.154819002160261,3.0248643685772745,7.15528805920224,20.00248958499956,1.0,local_static_Gaussian_linearization,range-a8865603f5b0100fb597490c,8,opposite_turns,200
46.68597916666666,3,11.79685056310149,0.019280776597562516,0.20835101642493076,0.2274524402619894,0.7070081699436495,0.6847894356540555,0.17664335948325952,0.9999215709481184,7.201230732002526,3.033730847970625,7.2017449824189885,20.13235914651903,1.0,local_static_Gaussian_linearization,range-a8865603f5b0100fb597490c,8,opposite_turns,200
46.70097916666666,3,11.800759913497362,0.019268700300030323,0.20829577807988386,0.22738530608579244,0.7070939842573103,0.6847089553239901,0.17661184537355454,0.9999212516010638,7.203484892984079,3.034160290978996,7.204001408418223,20.13866694813031,1.0,local_static_Gaussian_linearization,range-a8865603f5b0100fb597490c,8,opposite_turns,200
46.71597916666666,3,11.804672973436,0.01925662553164754,0.2082405333993398,0.22731816697301738,0.707179803065754,0.6846284485997424,0.1765803315881784,0.9999209313139319,7.205740882342019,3.034589972721778,7.206259670553337,20.144979882629116,1.0,local_static_Gaussian_linearization,range-a8865603f5b0100fb597490c,8,opposite_turns,200
47.027312499999994,3,11.886893514275991,0.019005861773433646,0.20709006457033655,0.22592065504785439,0.708958358368734,0.68295576370324,0.17592461716210722,0.9999141000262114,7.25307611419326,3.043580604339812,7.25364366065892,20.277441044323886,1.0,local_static_Gaussian_linearization,range-a8865603f5b0100fb597490c,8,opposite_turns,200
47.042312499999994,3,11.890915165440262,0.018993737364184894,0.20703427515759584,0.22585291967217552,0.7090436506973813,0.6828753742365262,0.17589293523917873,0.9999137639517902,7.255388465859989,3.044018605851847,7.255958426632938,20.28391193437107,1.0,local_static_Gaussian_linearization,range-a8865603f5b0100fb597490c,8,opposite_turns,200
47.057312499999995,3,11.89494390835505,0.018981604415843595,0.20697842984758308,0.22578511981704408,0.7091288701294546,0.6827950412133633,0.17586124429039032,0.9999134274878515,7.257704663114545,3.0444572274639112,7.258277042679591,20.290393587232707,1.0,local_static_Gaussian_linearization,range-a8865603f5b0100fb597490c,8,opposite_turns,200
47.368645833333325,3,11.980587613832716,0.01872661828027024,0.20580047673934546,0.22435589101757897,0.7108700479889892,0.6811532736432161,0.17519701103974938,0.9999064402069564,7.306902116383034,3.05374936529586,7.307525188243944,20.428065964722055,1.0,local_static_Gaussian_linearization,range-a8865603f5b0100fb597490c,8,opposite_turns,200
47.383645833333325,3,11.984830342383946,0.018714127285318148,0.20574253759233893,0.22428564052031624,0.710952050646381,0.6810760179409612,0.17516460677713833,0.9999061075673693,7.309338022790859,3.054208298782562,7.3099635342246,20.43488232063661,1.0,local_static_Gaussian_linearization,range-a8865603f5b0100fb597490c,8,opposite_turns,200
47.398645833333326,3,11.989085494003366,0.018701612580265283,0.20568446410946029,0.22421523210052935,0.7110338218700463,0.6809989951281065,0.17513215807322474,0.9999057757332508,7.311781010087562,3.054668464716135,7.3124089580581195,20.441718462571945,1.0,local_static_Gaussian_linearization,range-a8865603f5b0100fb597490c,8,opposite_turns,200
47.70997916666666,3,12.080522209479357,0.018435687223443152,0.20444411415986316,0.2227127289498198,0.7126643085052009,0.6794694921044367,0.17444423946391255,0.9998991855051977,7.364281930955214,3.0645349208031227,7.364959013782571,20.588621275375917,1.0,local_static_Gaussian_linearization,range-a8865603f5b0100fb597490c,8,opposite_turns,200
47.724979166666664,3,12.085088599167586,0.01842255176344614,0.20438250706571184,0.22263817028399763,0.7127389999186775,0.6793998425726003,0.1744103549312639,0.9998988874705267,7.366904843121832,3.065026795275713,7.367584189908317,20.595959911875184,1.0,local_static_Gaussian_linearization,range-a8865603f5b0100fb597490c,8,opposite_turns,200
47.739979166666664,3,12.08967058243332,0.018409384839995418,0.2043207179692923,0.2225633983407865,0.7128132717354517,0.6793306324626815,0.1743764073366991,0.9998985917212273,7.369536875471744,3.0655202886186848,7.370218473407836,20.6033240078874,1.0,local_static_Gaussian_linearization,range-a8865603f5b0100fb597490c,8,opposite_turns,200
48.051312499999995,3,12.188324438943935,0.01812904759940664,0.2029965039015234,0.22096271391062583,0.7142466526886445,0.6780087396137247,0.1736544503618477,0.9998930796895925,7.4262596240315455,3.0761351247313695,7.426984291796552,20.76201191558722,1.0,local_static_Gaussian_linearization,range-a8865603f5b0100fb597490c,8,opposite_turns,200
48.066312499999995,3,12.19324732251864,0.01811521234160683,0.20293070148203934,0.22088326438115413,0.714309870577994,0.677951236206871,0.17361892212666688,0.9998928491518829,7.429093349127498,3.076664480657151,7.429819881813364,20.769938760643534,1.0,local_static_Gaussian_linearization,range-a8865603f5b0100fb597490c,8,opposite_turns,200
48.081312499999996,3,12.19818545750139,0.01810134849992379,0.20286471866865316,0.22080360603293497,0.7143724863588674,0.6778943737789924,0.17358331927992784,0.9998926223318667,7.431936215873218,3.0771954628063236,7.432664590622032,20.777891097131867,1.0,local_static_Gaussian_linearization,range-a8865603f5b0100fb597490c,8,opposite_turns,200
48.392645833333326,3,12.303914734563877,0.01780786651647149,0.20145713095434775,0.21910647122316027,0.715524379861735,0.6768716007811523,0.17282852160288828,0.9998888401346157,7.4929004018178444,3.088564093009356,7.493661201819676,20.948406116248677,1.0,local_static_Gaussian_linearization,range-a8865603f5b0100fb597490c,8,opposite_turns,200
48.407645833333326,3,12.309152576540217,0.017793490205503564,0.2013876319000735,0.2190227858087173,0.7155721460347328,0.6768305187823743,0.17279164523792465,0.9998887064648695,7.495925803111953,3.0891274480936017,7.496687855129953,20.956867075586068,1.0,local_static_Gaussian_linearization,range-a8865603f5b0100fb597490c,8,opposite_turns,200
48.42264583333333,3,12.31440222672569,0.01777909654802751,0.20131799593376862,0.21893894612020098,0.7156191370528977,0.6767902595093013,0.17275472588904436,0.9998885776718548,7.498958565047991,3.0896921024166875,7.499721837376102,20.965348522842632,1.0,local_static_Gaussian_linearization,range-a8865603f5b0100fb597490c,8,opposite_turns,200
48.733979166666664,3,12.42561122566314,0.0174776600845843,0.19984716646443818,0.21717060934533527,0.7164099045241441,0.676151076761541,0.1719784000795316,0.9998870602910592,7.563338088851759,3.10166284624746,7.564119052853356,21.14536987505502,1.0,local_static_Gaussian_linearization,range-a8865603f5b0100fb597490c,8,opposite_turns,200
48.748979166666665,3,12.431056966583185,0.017463066976362566,0.19977534305936082,0.21708438039442063,0.7164386988182129,0.6761301221546084,0.17194082921418133,0.9998870445231911,7.566497459892453,3.1022495785511133,7.567278891757052,21.154203152518978,1.0,local_static_Gaussian_linearization,range-a8865603f5b0100fb597490c,8,opposite_turns,200
48.763979166666665,3,12.436508423883623,0.017448473996320574,0.19970346210745998,0.21699809383915517,0.7164666049433572,0.6761101118925836,0.17190323032897803,0.9998870341673409,7.569660803264104,3.1028369843670576,7.570442666143261,21.163047431559296,1.0,local_static_Gaussian_linearization,range-a8865603f5b0100fb597490c,8,opposite_turns,200
49.075312499999995,3,12.55048503929349,0.017146864753042276,0.1982046246834512,0.21520146955384592,0.7168418515677977,0.6759098623865801,0.17112456798895284,0.9998880265483261,7.635951091587294,3.1151323906850803,7.63673356309688,21.348362539060762,1.0,local_static_Gaussian_linearization,range-a8865603f5b0100fb597490c,8,opposite_turns,200
49.090312499999996,3,12.5559909951134,0.017132461301354297,0.19813240848137376,0.21511502982393335,0.7168499199103658,0.6759107097060787,0.17108741867573637,0.999888131756149,7.639160933709462,3.1157270893863105,7.639943032306652,21.357334557225606,1.0,local_static_Gaussian_linearization,range-a8865603f5b0100fb597490c,8,opposite_turns,200
49.1053125,3,12.561495493386111,0.01711807680435104,0.19806022827413136,0.2150286446332929,0.7168570524157433,0.6759125426803836,0.17105028807093992,0.9998882421806577,7.642370631276458,3.116321702265097,7.6431523198265845,21.366306067479503,1.0,local_static_Gaussian_linearization,range-a8865603f5b0100fb597490c,8,opposite_turns,200
49.41664583333333,3,12.674909046150324,0.01682503878288482,0.19657684229543118,0.21325583627101685,0.7167954859478235,0.676170013974183,0.17028900001754788,0.9998916520485652,7.708659462966136,3.128588972481243,7.70942455952168,21.551569018922933,1.0,local_static_Gaussian_linearization,range-a8865603f5b0100fb597490c,8,opposite_turns,200
49.43164583333333,3,12.680308332301262,0.016811245451434847,0.1965064070613027,0.213171775774191,0.7167825673106439,0.6761927692529124,0.1702530176227123,0.9998918667925663,7.711822708386914,3.12917373245397,7.712586634730232,21.560408547940174,1.0,local_static_Gaussian_linearization,range-a8865603f5b0100fb597490c,8,opposite_turns,200
49.44664583333333,3,12.685699327099691,0.016797487456909448,0.19643609714817764,0.2130878753290817,0.7167687534131956,0.6762164528966575,0.17021710537533008,0.9998920858352925,7.7149817641815766,3.1297576604828117,7.715744488145829,21.569236275004943,1.0,local_static_Gaussian_linearization,range-a8865603f5b0100fb597490c,8,opposite_turns,200
49.757979166666665,3,12.795327277093374,0.016520767762753505,0.1950102464182763,0.21138863039328482,0.7162876790769805,0.6769078053193086,0.1694927252135311,0.9998975033394828,7.779363640200913,3.141645263993494,7.780094764266805,21.749126409022157,1.0,local_static_Gaussian_linearization,range-a8865603f5b0100fb597490c,8,opposite_turns,200
49.772979166666666,3,12.800479951392246,0.016507904029367658,0.1949434218393943,0.21130909456742797,0.7162554905374653,0.6769503081554868,0.16945899965220562,0.9998978017437145,7.782396171166364,3.142204569054957,7.7831254814073185,21.757598728729853,1.0,local_static_Gaussian_linearization,range-a8865603f5b0100fb597490c,8,opposite_turns,200
49.787979166666666,3,12.80561889408185,0.016495087255156297,0.19487679329249932,0.2112298010141582,0.7162225086560686,0.6769936185784423,0.1694253773744485,0.9998981031761303,7.78542118784907,3.142762429442167,7.786148660080878,21.766049974777687,1.0,local_static_Gaussian_linearization,range-a8865603f5b0100fb597490c,8,opposite_turns,200
50.099312499999996,3,12.909000397535051,0.016239939879000128,0.19354054654448183,0.20964139035395798,0.7153701166028775,0.6780617670029893,0.1687537744774004,0.999904935437899,7.8463901897003065,3.1539927098107063,7.847074782253771,21.936367942990078,1.0,local_static_Gaussian_linearization,range-a8865603f5b0100fb597490c,8,opposite_turns,200
50.1143125,3,12.913816453942186,0.016228179017607945,0.19347850659584193,0.2095677252151048,0.7153215200816784,0.6781207525398459,0.16872275449040744,0.9999052873360912,7.84923539417996,3.1545161189442754,7.849917727356676,21.944315349068084,1.0,local_static_Gaussian_linearization,range-a8865603f5b0100fb597490c,8,opposite_turns,200
50.1293125,3,12.918616823769815,0.016216467597105714,0.1934166889738776,0.20949433112208796,0.715272284082471,0.6781803733361739,0.1686918517446914,0.9999056408837393,7.852071734780163,3.1550378333559213,7.8527517938506755,21.952237935141543,1.0,local_static_Gaussian_linearization,range-a8865603f5b0100fb597490c,8,opposite_turns,200
50.44064583333333,3,13.014823831478338,0.01598412166711059,0.1921825880857947,0.20803052759836016,0.7141204199420347,0.6795454203381397,0.16807750450096942,0.999913248025546,7.908989581458246,3.1654923743308996,7.909619861414622,22.111211678721855,1.0,local_static_Gaussian_linearization,range-a8865603f5b0100fb597490c,8,opposite_turns,200
50.45564583333333,3,13.019303508000505,0.015973414555465425,0.1921253795836034,0.20796273215671734,0.7140593985160892,0.6796165437724899,0.16804918572125205,0.9999136226653956,7.911642566238295,3.1659789040056334,7.912270359071927,22.118621101144356,1.0,local_static_Gaussian_linearization,range-a8865603f5b0100fb597490c,8,opposite_turns,200
50.47064583333333,3,13.023770150299168,0.0159627486617523,0.19206836329605032,0.2078951695376576,0.7139979390120286,0.6796880855713351,0.1680209791036488,0.9999139976287301,7.914288003640546,3.1664639745264234,7.914913304348278,22.126009411010642,1.0,local_static_Gaussian_linearization,range-a8865603f5b0100fb597490c,8,opposite_turns,200
50.78197916666666,3,13.113962354121202,0.01574957612626877,0.19092335368819457,0.2065393484132547,0.7126394819160375,0.681251040781307,0.1674574221968885,0.999921769567586,7.967724867287199,3.176244492575933,7.968297953496278,22.275245315945096,1.0,local_static_Gaussian_linearization,range-a8865603f5b0100fb597490c,8,opposite_turns,200
50.79697916666666,3,13.11820899784557,0.0157396445087815,0.19086977434861427,0.2064759462179881,0.7125707722247957,0.6813293608297041,0.16743116986494852,0.9999221399185211,7.97024095538241,3.17670409987447,7.9708115301937,22.28227197808578,1.0,local_static_Gaussian_linearization,range-a8865603f5b0100fb597490c,8,opposite_turns,200
50.81197916666666,3,13.122448648702104,0.015729738899386215,0.19081631632219198,0.20641269096468756,0.7125018236062799,0.6814078977937345,0.1674049825484551,0.999922509615632,7.972752829412046,3.177162849015689,7.973320895404615,22.289286867085494,1.0,local_static_Gaussian_linearization,range-a8865603f5b0100fb597490c,8,opposite_turns,200
51.1233125,3,13.209256858991038,0.015529065912555783,0.18972954153144508,0.20512742041915139,0.7110263469692946,0.6830774413513564,0.1668734341720814,0.9999299949122437,8.024155893326395,3.1865302253125405,8.024672798892823,22.43284026510303,1.0,local_static_Gaussian_linearization,range-a8865603f5b0100fb597490c,8,opposite_turns,200
51.1383125,3,13.213397236576762,0.01551959785140073,0.1896780985496882,0.20506661136248108,0.7109534788813396,0.683159430217863,0.16684826571146913,0.9999303450490814,8.026605740283118,3.186975652174502,8.027120236933957,22.439682037722477,1.0,local_static_Gaussian_linearization,range-a8865603f5b0100fb597490c,8,opposite_turns,200
51.1533125,3,13.217534849427286,0.015510145541037908,0.18962672694124333,0.2050058892083578,0.7108804724314416,0.6832415376944911,0.1668231251491159,0.9999306941246432,8.029053744885948,3.1874206482971372,8.02956583859082,22.44651867676003,1.0,local_static_Gaussian_linearization,range-a8865603f5b0100fb597490c,8,opposite_turns,200
51.46464583333333,3,13.302948177225021,0.015317124899832843,0.18857470897987383,0.2037629187665593,0.709337286435316,0.6849692503090448,0.1663061640578837,0.9999376875896971,8.079536550340432,3.196575541321347,8.080000230035804,22.587507185015358,1.0,local_static_Gaussian_linearization,range-a8865603f5b0100fb597490c,8,opposite_turns,200
51.47964583333333,3,13.307046997495869,0.015307962958108639,0.18852463692219806,0.20370378251947754,0.7092617172557891,0.6850535022247917,0.1662814346970717,0.999938011961582,8.081956419881779,3.1970133115524346,8.082417841643894,22.594265578333875,1.0,local_static_Gaussian_linearization,range-a8865603f5b0100fb597490c,8,opposite_turns,200
51.49464583333333,3,13.311144787190115,0.015298812511866258,0.18847461567079596,0.20364470841752744,0.7091860451024758,0.6851378381388574,0.1662567177058483,0.9999383351474723,8.084375416200574,3.1974508248844167,8.084834587205478,22.601021550633693,1.0,local_static_Gaussian_linearization,range-a8865603f5b0100fb597490c,8,opposite_turns,200
51.80597916666666,3,13.396057921980956,0.01511125853078619,0.18744676353006018,0.20243129455244066,0.7075940213581984,0.6869052244200621,0.16574653420979268,0.9999447693194966,8.134438348427464,3.2064830355839753,8.134852487650079,22.74084576517667,1.0,local_static_Gaussian_linearization,range-a8865603f5b0100fb597490c,8,opposite_turns,200
51.82097916666666,3,13.400146714090837,0.015102325925657278,0.18739769022935007,0.20237338312782524,0.7075163817756701,0.6869910917280881,0.16572208484482037,0.9999450658527423,8.136845847641995,3.2069162998137553,8.137257901349086,22.74757005944182,1.0,local_static_Gaussian_linearization,range-a8865603f5b0100fb597490c,8,opposite_turns,200
51.83597916666666,3,13.404235681382659,0.015093401946595725,0.18734865366061645,0.20231551692600888,0.7074386649946064,0.6870770144958759,0.16569765062330727,0.9999453611223432,8.139253147937088,3.207349427559698,8.139663124137625,22.75429382001991,1.0,local_static_Gaussian_linearization,range-a8865603f5b0100fb597490c,8,opposite_turns,200
52.14731249999999,3,13.489206322492745,0.014909982496959965,0.1863384573209063,0.20112383016624852,0.7058106388438742,0.6888702897444603,0.16519402532230396,0.999951198667234,8.189207569875961,3.216314540523727,8.189576294713563,22.893825263944866,1.0,local_static_Gaussian_linearization,range-a8865603f5b0100fb597490c,8,opposite_turns,200
52.16231249999999,3,13.493308200599916,0.014901225140383305,0.1862901163098698,0.20106682338571968,0.7057315941382154,0.6889570428147048,0.16516994336485558,0.9999514656748217,8.19161559262106,3.2167455961875127,8.191982422566698,22.900551554616094,1.0,local_static_Gaussian_linearization,range-a8865603f5b0100fb597490c,8,opposite_turns,200
52.17731249999999,3,13.497411108064682,0.014892474456564775,0.1862418022945045,0.20100985015660694,0.7056525038652093,0.6890438177750825,0.16514587786166388,0.999951731357641,8.19402389289481,3.2171766000774378,8.19438883665516,22.907278645453438,1.0,local_static_Gaussian_linearization,range-a8865603f5b0100fb597490c,8,opposite_turns,200
52.48864583333333,3,13.582846700705492,0.0147122548108266,0.18524459881196745,0.1998343017171746,0.7040024783756307,0.6908481368303686,0.16464920977331624,0.9999569461650448,8.244097396525742,3.226115091025757,8.244425178126788,23.04715441158288,1.0,local_static_Gaussian_linearization,range-a8865603f5b0100fb597490c,8,opposite_turns,200
52.50364583333333,3,13.586977713216724,0.014703636439803994,0.1851968068005946,0.19977798061085816,0.7039226392042647,0.6909351655160105,0.16462537796180113,0.9999571830270874,8.246514925396243,3.226545530742294,8.246841012692263,23.05390783720812,1.0,local_static_Gaussian_linearization,range-a8865603f5b0100fb597490c,8,opposite_turns,200
52.51864583333333,3,13.591110120246805,0.014695023899034824,0.18514903757658457,0.19972168803144086,0.703842773355882,0.6910221987369044,0.16460155299241416,0.9999574185747414,8.248932933925062,3.22697595408568,8.249257335765648,23.060662628449155,1.0,local_static_Gaussian_linearization,range-a8865603f5b0100fb597490c,8,opposite_turns,200
52.82997916666666,3,13.677195157782851,0.014517576495863556,0.184162693221056,0.19855972695196716,0.7021799307185228,0.6928287469079603,0.16410872113960426,0.9999620131753728,8.299227871289064,3.2359058281424153,8.299519285845605,23.201169079716777,1.0,local_static_Gaussian_linearization,range-a8865603f5b0100fb597490c,8,opposite_turns,200
52.84497916666666,3,13.681359684248363,0.014509086284283577,0.18411539739527646,0.19850402814507823,0.7020996431600612,0.6929157081785859,0.16408507681651965,0.9999622204091656,8.301657303607112,3.236336070489654,8.30194722541449,23.207956344679115,1.0,local_static_Gaussian_linearization,range-a8865603f5b0100fb597490c,8,opposite_turns,200
52.85997916666666,3,13.685526335020894,0.01450060034377176,0.18406811591927147,0.19844834787830146,0.7020193551365314,0.693002646378339,0.164061443143437,0.9999624263342202,8.304087635943967,3.236766371779715,8.304376074034273,23.214746150878213,1.0,local_static_Gaussian_linearization,range-a8865603f5b0100fb597490c,8,opposite_turns,200
53.17131249999999,3,13.77278801501323,0.01432483337205271,0.1830866292546075,0.19729289338366912,0.7003603732119166,0.6947947610220236,0.16357135351525912,0.9999663988383112,8.3549087061919,3.2457421397441912,8.355168456556168,23.356735417276077,1.0,local_static_Gaussian_linearization,range-a8865603f5b0100fb597490c,8,opposite_turns,200
53.18631249999999,3,13.777048312052248,0.014316346155187301,0.18303912907142497,0.1972369926320789,0.7002812481212506,0.6948800804452488,0.16354769130179656,0.9999665753508094,8.357386230065408,3.2461786657848113,8.357644703609827,23.363657725014196,1.0,local_static_Gaussian_linearization,range-a8865603f5b0100fb597490c,8,opposite_turns,200
53.20131249999999,3,13.78131593796767,0.01430785297390269,0.1829915851544894,0.19718104222734328,0.7002022497756014,0.6949652545744734,0.16352401763479055,0.9999667504536444,8.35986768932457,3.2466157941197604,8.360124896162462,23.37059106232954,1.0,local_static_Gaussian_linearization,range-a8865603f5b0100fb597490c,8,opposite_turns,200
53.51264583333333,3,13.872067301014722,0.014129248037899356,0.18198919862174553,0.19600187969447008,0.6986062348437703,0.6966869430926527,0.16302340924427283,0.9999700605376965,8.41256500600427,3.2558790414596714,8.412798275425969,23.517838624049993,1.0,local_static_Gaussian_linearization,range-a8865603f5b0100fb597490c,8,opposite_turns,200
53.52764583333333,3,13.87656641746599,0.014120490660565586,0.18193991262016188,0.19594392649854656,0.698532103895077,0.6967670585499186,0.16299866854551756,0.9999702042846603,8.415174403386745,3.256336833097468,8.415406634840595,23.52513024971109,1.0,local_static_Gaussian_linearization,range-a8865603f5b0100fb597490c,8,opposite_turns,200
53.54264583333333,3,13.881078994334166,0.014111716075890565,0.18189051586461774,0.1958858455950523,0.698458290123125,0.6968468565413714,0.16297384908840434,0.9999703465879148,8.417791350055179,3.2567958726889246,8.41802255421835,23.53244300912424,1.0,local_static_Gaussian_linearization,range-a8865603f5b0100fb597490c,8,opposite_turns,200
53.85397916666666,3,13.978027991528126,0.013925316606508736,0.18083759836286806,0.19464846531667057,0.6970095930086501,0.6984198213456927,0.162441929332814,0.9999729801306874,8.473963370696342,3.2666324631364647,8.474175635914063,23.68941802151939,1.0,local_static_Gaussian_linearization,range-a8865603f5b0100fb597490c,8,opposite_turns,200
53.86897916666666,3,13.982869829975538,0.013916110431355306,0.18078540357740297,0.194587160701206,0.6969445033971702,0.6984909142721701,0.16241552223756034,0.9999730918225611,8.476766742816142,3.2671226454422166,8.476978209492765,23.697252569668304,1.0,local_static_Gaussian_linearization,range-a8865603f5b0100fb597490c,8,opposite_turns,200
53.88397916666666,3,13.987728334492797,0.01390688215265251,0.1807330639981246,0.19452568953110969,0.6968799258463183,0.698561505532285,0.16238901422478458,0.9999732021439379,8.47957962588899,3.2676144293151057,8.479790304373932,23.705113734460994,1.0,local_static_Gaussian_linearization,range-a8865603f5b0100fb597490c,8,opposite_turns,200
54.19531249999999,3,14.092376131171738,0.013710380528003819,0.1796136329226861,0.1932118393021228,0.6956683667659121,0.699900378883228,0.16181774661749046,0.9999751941464627,8.540145089541753,3.278190060222184,8.540341669539234,23.87438407564856,1.0,local_static_Gaussian_linearization,range-a8865603f5b0100fb597490c,8,opposite_turns,200
54.21031249999999,3,14.097601107130986,0.013700679923519032,0.17955811087026208,0.19314672045824918,0.6956169011992864,0.6999580987220179,0.1617893284470895,0.9999752762899714,8.543168572210448,3.2787174282297795,8.543364578538483,23.882834567826315,1.0,local_static_Gaussian_linearization,range-a8865603f5b0100fb597490c,8,opposite_turns,200
54.225312499999994,3,14.10284249275008,0.013690959159727607,0.1795024476135397,0.19308144060431243,0.6955661485306405,0.7000151248210862,0.16176080501768902,0.9999753572133225,8.546201549804536,3.2792464038990468,8.54639699182713,23.8913116290881,1.0,local_static_Gaussian_linearization,range-a8865603f5b0100fb597490c,8,opposite_turns,200
54.53664583333333,3,14.215099210538591,0.013485188253610328,0.1783178315278078,0.19169328889786044,0.694684204527151,0.7010316891883245,0.1611472206842061,0.999976777639342,8.611169272529263,3.2905667468646613,8.61135499939441,24.072900666325506,1.0,local_static_Gaussian_linearization,range-a8865603f5b0100fb597490c,8,opposite_turns,200
54.55164583333333,3,14.220660243349766,0.013475112437445277,0.1782595033487257,0.191624995713846,0.6946504676648477,0.7010721189187262,0.1611167646392398,0.9999768343136537,8.614388554695578,3.2911272172060753,8.614573904497831,24.081899062375193,1.0,local_static_Gaussian_linearization,range-a8865603f5b0100fb597490c,8,opposite_turns,200
54.56664583333333,3,14.226233673399623,0.013465025098625561,0.17820107736127658,0.19155659347123805,0.6946175842587119,0.7011117177132878,0.16108622201701478,0.9999768899713216,8.617615128648385,3.2916889156032374,8.617800109286227,24.090917864573658,1.0,local_static_Gaussian_linearization,range-a8865603f5b0100fb597490c,8,opposite_turns,200
54.87797916666666,3,14.34426315600571,0.01325393042019274,0.17697109239326314,0.190117865798634,0.6941330138484822,0.7017398160614908,0.16043874108085124,0.9999778290028258,8.685977635525507,3.303580632805879,8.686156639637723,24.282007416120646,1.0,local_static_Gaussian_linearization,range-a8865603f5b0100fb597490c,8,opposite_turns,200
54.89297916666666,3,14.350037383602224,0.013243725009894703,0.1769112660577753,0.19004794899013672,0.694119542622368,0.7017603769992264,0.1604070878222579,0.9999778642997512,8.689323910343093,3.3041622983332712,8.689502704346129,24.29136128474576,1.0,local_static_Gaussian_linearization,range-a8865603f5b0100fb597490c,8,opposite_turns,200
54.907979166666664,3,14.355816821063796,0.013233521596835775,0.1768514173488225,0.18997801194176603,0.6941070160944515,0.7017800142711504,0.16037537771753219,0.9999778987204128,8.69267339218247,3.304744483501375,8.692851982955617,24.300724137778264,1.0,local_static_Gaussian_linearization,range-a8865603f5b0100fb597490c,8,opposite_turns,200
55.219312499999994,3,14.476330929173251,0.013023278354041143,0.17561053362975304,0.1885292872358383,0.6940607701038263,0.7019773662615696,0.15971044004495732,0.9999784214327374,8.76256235250637,3.3168836745977166,8.762738235765832,24.496090003192048,1.0,local_static_Gaussian_linearization,range-a8865603f5b0100fb597490c,8,opposite_turns,200
55.234312499999994,3,14.482131493183545,0.01301327885497673,0.17555114567989755,0.188460015535238,0.6940688591945667,0.7019766919174613,0.15967824742578546,0.9999784375577949,8.765928441029653,3.3174679363271906,8.766104265484119,24.505499683672525,1.0,local_static_Gaussian_linearization,range-a8865603f5b0100fb597490c,8,opposite_turns,200
55.249312499999995,3,14.487928471866345,0.013003296426548466,0.17549182538476227,0.18839082852630942,0.6940778923129406,0.7019750864222192,0.15964603798699326,0.9999784528636465,8.769292648757464,3.3180518340495286,8.769468420908865,24.514904124596356,1.0,local_static_Gaussian_linearization,range-a8865603f5b0100fb597490c,8,opposite_turns,200
55.56064583333333,3,14.606888956943147,0.012800828356935978,0.17428136720612802,0.18698027836665282,0.69447209891556,0.701736015111845,0.15898134771967937,0.9999785846609405,8.838372604681844,3.330033001119014,8.838548774412622,24.708017111810047,1.0,local_static_Gaussian_linearization,range-a8865603f5b0100fb597490c,8,opposite_turns,200
55.57564583333333,3,14.612528005945904,0.012791342780418175,0.1742243163250731,0.18691385461251453,0.6945007579992208,0.7017148312320692,0.15894965482018614,0.9999785819470199,8.841649072414306,3.330600853090167,8.841825333996573,24.717176680007775,1.0,local_static_Gaussian_linearization,range-a8865603f5b0100fb597490c,8,opposite_turns,200
55.59064583333333,3,14.618156485855632,0.01278188502759803,0.17416740248877335,0.18684759551764313,0.6945302683768021,0.701692791424094,0.15891800644329285,0.9999785783883622,8.84491955297054,3.331167627769004,8.845095913218744,24.726319530202915,1.0,local_static_Gaussian_linearization,range-a8865603f5b0100fb597490c,8,opposite_turns,200
55.90197916666666,3,14.732231457077368,0.012592355287754582,0.17302055206454184,0.1855134926889526,0.695324234664009,0.7010514550370155,0.15827528575046934,0.9999783096413936,8.911231863690434,3.3426503867527484,8.911411854054709,24.91170464746383,1.0,local_static_Gaussian_linearization,range-a8865603f5b0100fb597490c,8,opposite_turns,200
55.916979166666664,3,14.737579767309894,0.012583569909560185,0.17296710338972926,0.18545136529966377,0.6953707177957693,0.7010121699151195,0.15824507089667014,0.9999782870904085,8.914341874903286,3.343188456272083,8.914522118626092,24.920399340700627,1.0,local_static_Gaussian_linearization,range-a8865603f5b0100fb597490c,8,opposite_turns,200
55.931979166666665,3,14.742913642934672,0.012574817207065795,0.1729138285938212,0.18538944415946,0.6954179026373416,0.7009721643540138,0.15821493447943108,0.9999782636399702,8.91744355136969,3.343725038085281,8.917624055850862,24.929070754977513,1.0,local_static_Gaussian_linearization,range-a8865603f5b0100fb597490c,8,opposite_turns,200
56.243312499999995,3,14.850295515447472,0.012400514706807898,0.17184785875847963,0.18415130793974976,0.6965431180870204,0.6999909731219959,0.15760812857632617,0.9999775703858098,8.979891099816529,3.3545174977744976,8.98007872796401,25.103661759300696,1.0,local_static_Gaussian_linearization,range-a8865603f5b0100fb597490c,8,opposite_turns,200
56.258312499999995,3,14.85530936439479,0.012392465282917693,0.17179840633343002,0.18409390556526453,0.6966037552117605,0.6999370106196365,0.1575797873768082,0.9999775269051322,8.982806667148171,3.3550208167049718,8.982994722661807,25.111813374314657,1.0,local_static_Gaussian_linearization,range-a8865603f5b0100fb597490c,8,opposite_turns,200
56.273312499999996,3,14.86030917179987,0.012384446350810067,0.17174912222974775,0.18403670169460626,0.696664922308252,0.6998824919003473,0.15755152667174346,0.9999774824952318,8.985714007005877,3.355522658896114,8.985902497705816,25.119942011422218,1.0,local_static_Gaussian_linearization,range-a8865603f5b0100fb597490c,8,opposite_turns,200
56.584645833333326,3,14.961147207103298,0.012224415340140725,0.17076176391704795,0.18289127742461714,0.6980344076076733,0.6986404482815926,0.15700155993078396,0.9999763519408197,9.044329617047467,3.3656271720423594,9.044528912522976,25.283831185706116,1.0,local_static_Gaussian_linearization,range-a8865603f5b0100fb597490c,8,opposite_turns,200
56.59964583333333,3,14.965817659235322,0.012217082112250515,0.17071635527299983,0.18283862321984673,0.6981022904735109,0.698577878095923,0.15697815220799172,0.9999762896260564,9.047043083807653,3.3660942108312306,9.047242966548739,25.291418278906875,1.0,local_static_Gaussian_linearization,range-a8865603f5b0100fb597490c,8,opposite_turns,200
56.61464583333333,3,14.970453727506943,0.012209810114821792,0.1706713140721732,0.18278639734558588,0.6981696538809369,0.6985158428613275,0.1569546165982434,0.9999762275435877,9.049736305242732,3.3665576592431634,9.049936773158004,25.298948770789245,1.0,local_static_Gaussian_linearization,range-a8865603f5b0100fb597490c,8,opposite_turns,200
56.92597916666666,3,15.054787349031022,0.012078831900190793,0.16985838650981339,0.1818442456820647,0.6992886412373088,0.6975249987969592,0.15637861839068903,0.9999752383376611,9.098661508559868,3.3749503741023434,9.098871493027573,25.435744971925704,1.0,local_static_Gaussian_linearization,range-a8865603f5b0100fb597490c,8,opposite_turns,200
56.94097916666666,3,15.058105937290394,0.012073729587176186,0.16982666177832,0.18180749918189643,0.6993254265157977,0.6974954321215,0.15634599450622413,0.9999752113283507,9.10058360445522,3.375278820572363,9.100793864501503,25.4411189296291,1.0,local_static_Gaussian_linearization,range-a8865603f5b0100fb597490c,8,opposite_turns,200
56.95597916666666,3,15.061344474885546,0.012068754184028758,0.16979572229972575,0.18177166414837337,0.6993606451342798,0.6974674926289709,0.15631309850175698,0.9999751862393513,9.102459076336618,3.375599192822172,9.102669594670958,25.446362502336218,1.0,local_static_Gaussian_linearization,range-a8865603f5b0100fb597490c,8,opposite_turns,200
57.267312499999996,3,15.110456867782046,0.01199369385352356,0.169328192992037,0.1812301936590504,0.6997709969374593,0.69715545802174,0.15586795435769446,0.9999749409813818,9.130895561400644,3.3804483023980585,9.13110886162725,25.525864003378747,1.0,local_static_Gaussian_linearization,range-a8865603f5b0100fb597490c,8,opposite_turns,200
57.282312499999996,3,15.112079645689722,0.011991223955183875,0.16931277370793038,0.18121233146004123,0.6997803191896143,0.6971477909417291,0.15586039413510183,0.9999749353634518,9.13183583417835,3.3806085477443646,9.13204920556061,25.528492719312716,1.0,local_static_Gaussian_linearization,range-a8865603f5b0100fb597490c,8,opposite_turns,200
57.2973125,3,15.11365284659969,0.0119888300552155,0.16929782625679468,0.18119501549140765,0.6997892307574266,0.6971403545409078,0.15585364476490923,0.9999749298335028,9.13274745147326,3.380763914897372,9.132960892564865,25.5310413252747,1.0,local_static_Gaussian_linearization,range-a8865603f5b0100fb597490c,8,opposite_turns,200
57.60864583333333,3,15.138690666765438,0.011950780569628151,0.16905978812980169,0.18091917026999144,0.6999391392506629,0.6969860159531857,0.15587076348933088,0.9999747765641501,9.147273216238418,3.383242933187846,9.147488324510055,25.57165252132665,1.0,local_static_Gaussian_linearization,range-a8865603f5b0100fb597490c,8,opposite_turns,200
57.62364583333333,3,15.13966063042096,0.011949307981989003,0.16905055565819785,0.18090846761569385,0.6999464702053773,0.6969772747712603,0.1558769299782983,0.9999747661446453,9.147836747000316,3.3833393138888312,9.148051958122524,25.57322814978072,1.0,local_static_Gaussian_linearization,range-a8865603f5b0100fb597490c,8,opposite_turns,200
57.63864583333333,3,15.140616647977987,0.011947856708869603,0.16904145548495134,0.1808979181939666,0.699953904777557,0.6969683855155492,0.15588329217238026,0.9999747554624231,9.148392219524164,3.383434331644188,9.148607535540723,25.574781257276776,1.0,local_static_Gaussian_linearization,range-a8865603f5b0100fb597490c,8,opposite_turns,200
57.94997916666666,3,15.157647425447587,0.011922044599904227,0.16887945661597567,0.18071014863580961,0.700132202273548,0.6967639690884811,0.15599638046973072,0.9999745012128088,9.158288155998758,3.385128504162021,9.158505886994599,25.602451935274175,1.0,local_static_Gaussian_linearization,range-a8865603f5b0100fb597490c,8,opposite_turns,200
57.96497916666666,3,15.15832814414876,0.011921015301318288,0.16887299438568004,0.180702661748801,0.7001416498404727,0.6967539361404541,0.15599879048071058,0.9999744886978515,9.158683418178459,3.3851961781149185,9.158901265804351,25.603557210206333,1.0,local_static_Gaussian_linearization,range-a8865603f5b0100fb597490c,8,opposite_turns,200
57.97997916666666,3,15.158994631234727,0.011920007756977715,0.1688666688053251,0.18069533359230147,0.7001511259789728,0.6967439544689262,0.15600084198932693,0.9999744762579704,9.15907037446257,3.38526242747489,9.159288337873948,25.60463926378359,1.0,local_static_Gaussian_linearization,range-a8865603f5b0100fb597490c,8,opposite_turns,200
58.2913125,3,15.169331126589935,0.011904413977425702,0.1687687842586623,0.180581997491576,0.7003392558251483,0.69655824148415,0.15598571399582079,0.9999742451940877,9.16506523813251,3.3862886986297753,9.165285322729195,25.621403735893722,1.0,local_static_Gaussian_linearization,range-a8865603f5b0100fb597490c,8,opposite_turns,200
58.3063125,3,15.16965329179916,0.011903928932196333,0.1687657398344507,0.18057847471163535,0.7003472512959278,0.6965506590749729,0.1559836752498764,0.9999742356385696,9.165251877380285,3.3863206774695,9.165472048165066,25.621925723765543,1.0,local_static_Gaussian_linearization,range-a8865603f5b0100fb597490c,8,opposite_turns,200
58.3213125,3,15.169959297239167,0.011903468265007681,0.16876284836525224,0.18057512907614465,0.7003551014230365,0.6965432203712963,0.15598164656622868,0.9999742262386704,9.165429144066271,3.3863510572724187,9.165649399475523,25.622421506424594,1.0,local_static_Gaussian_linearization,range-a8865603f5b0100fb597490c,8,opposite_turns,200
58.63264583333333,3,15.172929869729261,0.01189899847840897,0.16873477590427166,0.18054266943291447,0.7004830030431739,0.6964214004677615,0.155951259751689,0.9999740663212171,9.167149086097917,3.3866475314704707,9.167370748136051,25.627233508173443,1.0,local_static_Gaussian_linearization,range-a8865603f5b0100fb597490c,8,opposite_turns,200
58.64764583333333,3,15.172922160591488,0.011899010654383724,0.16873485319225728,0.18054276244701303,0.7004878235434576,0.6964170880392271,0.1559488651908458,0.9999740605258273,9.16714434648658,3.386646842357699,9.167366057758565,25.62722039630065,1.0,local_static_Gaussian_linearization,range-a8865603f5b0100fb597490c,8,opposite_turns,200
58.66264583333333,3,15.172900543951666,0.011899043986070805,0.16873506419732714,0.18054301096875852,0.7004926301814566,0.6964129234800895,0.15594587224861034,0.9999740549774702,9.167131459720162,3.386644748683449,9.167353217903905,25.627184502699023,1.0,local_static_Gaussian_linearization,range-a8865603f5b0100fb597490c,8,opposite_turns,200
58.97397916666666,3,15.169327653828017,0.011904536777666643,0.16876997798438323,0.18058381894747128,0.7006171867364736,0.6963608838719014,0.15561836993945632,0.9999740133070435,9.165015995633485,3.386279593282092,9.165238050745014,25.621271587842745,1.0,local_static_Gaussian_linearization,range-a8865603f5b0100fb597490c,8,opposite_turns,200
58.98897916666666,3,15.169008689007319,0.011905029080534422,0.1687731153388123,0.18058748956551146,0.7006253346745556,0.696360170634013,0.15558487447928512,0.9999740156546348,9.16482651610534,3.3862466293651003,9.165048545973834,25.620741830384972,1.0,local_static_Gaussian_linearization,range-a8865603f5b0100fb597490c,8,opposite_turns,200
59.00397916666666,3,15.168676361303111,0.011905542277598784,0.16877638681300536,0.1805913177147075,0.7006337426031687,0.6963596494186056,0.15554934068478987,0.99997401849195,9.164629010574474,3.3862122455252517,9.16485101080128,25.620189624072804,1.0,local_static_Gaussian_linearization,range-a8865603f5b0100fb597490c,8,opposite_turns,200
40.883312499999995,3,48.636468578307735,0.0012628262636488767,0.06017339671169238,0.06141940989182035,-0.6947727433769616,-0.697326884361935,-0.17614213410347723,0.9999951701277685,28.140132824169587,5.7365171302168045,28.140265926734426,78.66564860302488,1.0,local_static_Gaussian_linearization,range-d50f18cf1a39e2e16bab8348,9,opposite_turns,400
40.898312499999996,3,48.636546659960494,0.0012628222337288412,0.06017330359897833,0.06141931249398832,-0.6947722513888892,-0.6973270150601367,-0.1761435572688746,0.9999951701125275,28.140177724124012,5.736521626202407,28.140310827326118,78.66577412188732,1.0,local_static_Gaussian_linearization,range-d50f18cf1a39e2e16bab8348,9,opposite_turns,400
40.913312499999996,3,48.63662446221733,0.0012628182219865671,0.06017321098605726,0.06141921562680566,-0.6947717592653656,-0.6973271615771629,-0.17614491833160206,0.9999951701010673,28.140222421863626,5.736526097386222,28.140355525598174,78.66589907516857,1.0,local_static_Gaussian_linearization,range-d50f18cf1a39e2e16bab8348,9,opposite_turns,400
41.22464583333333,3,48.63810548364041,0.0012627420533419724,0.06017145667057802,0.06141738118907554,-0.6947617060451949,-0.6973314553670952,-0.1761675712745631,0.999995170165346,28.141071120338662,5.736610745869791,28.141204226412178,78.66827160427604,1.0,local_static_Gaussian_linearization,range-d50f18cf1a39e2e16bab8348,9,opposite_turns,400
41.23964583333333,3,48.63816227528882,0.001262739121477465,0.06017138889860928,0.06141731030177658,-0.6947612874729088,-0.6973316146813037,-0.17616859139742339,0.9999951701625156,28.141103789617645,5.736614017226149,28.141236895927427,78.66836293136633,1.0,local_static_Gaussian_linearization,range-d50f18cf1a39e2e16bab8348,9,opposite_turns,400
41.25464583333333,3,48.638216963073965,0.0012627362955200845,0.06017132351630165,0.061417241908654156,-0.694760881817569,-0.6973317607245274,-0.1761696131031243,0.9999951701576871,28.141135278841045,5.73661717364413,28.141268385436316,78.66845095976832,1.0,local_static_Gaussian_linearization,range-d50f18cf1a39e2e16bab8348,9,opposite_turns,400
41.565979166666665,3,48.63883487577631,0.001262703675650238,0.060170554014850525,0.061416435576987734,-0.694756083677695,-0.6973310384127072,-0.17619139326053354,0.9999951695012503,28.141498748303157,5.736654435706403,28.14163187474949,78.6694670881395,1.0,local_static_Gaussian_linearization,range-d50f18cf1a39e2e16bab8348,9,opposite_turns,400
41.580979166666665,3,48.638841974027,0.0012627032468268953,0.0601705427655871,0.061416423682504176,-0.6947560310352608,-0.6973308224533447,-0.1761924555611665,0.9999951694435971,28.141503525243944,5.736654989381379,28.141636653302033,78.66948044650421,1.0,local_static_Gaussian_linearization,range-d50f18cf1a39e2e16bab8348,9,opposite_turns,400
41.595979166666666,3,48.63884757981354,0.001262702893356357,0.060170533222211144,0.061416413568549405,-0.6947559925964447,-0.6973305923001225,-0.17619351802404407,0.9999951693839767,28.14150746244941,5.736655461073419,28.141640592169527,78.66949145754323,1.0,local_static_Gaussian_linearization,range-d50f18cf1a39e2e16bab8348,9,opposite_turns,400
41.907312499999996,3,48.63880832977704,0.0012627034736099054,0.060170515764526915,0.06141639223025587,-0.6947574454308387,-0.6973236999159267,-0.17621506619462982,0.9999951678800435,28.14150095503347,5.736656577410585,28.141634126166608,78.66947338193887,1.0,local_static_Gaussian_linearization,range-d50f18cf1a39e2e16bab8348,9,opposite_turns,400
41.9223125,3,48.63880749032492,0.001262703455285196,0.0601705140312198,0.06141639027898475,-0.6947575768125539,-0.6973233234116422,-0.1762160381114347,0.9999951678043806,28.141501157147232,5.7366566744633785,28.14163433036628,78.66947395277569,1.0,local_static_Gaussian_linearization,range-d50f18cf1a39e2e16bab8348,9,opposite_turns,400
41.9373125,3,48.638807517558675,0.0012627033941585743,0.060170511350720414,0.06141638734024692,-0.6947577095236634,-0.6973229480074756,-0.17621700042730384,0.9999951677292838,28.141501836233296,5.736656817081854,28.141635011525064,78.66947585694382,1.0,local_static_Gaussian_linearization,range-d50f18cf1a39e2e16bab8348,9,opposite_turns,400
42.24864583333333,3,48.63913201970517,0.0012626860438663967,0.060170097879202036,0.06141595318705691,-0.6947601169394203,-0.6973161985443529,-0.1762342167627378,0.9999951664334541,28.141695142944982,5.736676987197685,28.14182835488025,78.67001634509977,1.0,local_static_Gaussian_linearization,range-d50f18cf1a39e2e16bab8348,9,opposite_turns,400
42.26364583333333,3,48.63916713639844,0.0012626842384934301,0.06017005633433685,0.06141590971657794,-0.6947601937328639,-0.6973159480092526,-0.17623490532874062,0.9999951663875241,28.14171526002366,5.736678998983848,28.141848473321755,78.6700725858707,1.0,local_static_Gaussian_linearization,range-d50f18cf1a39e2e16bab8348,9,opposite_turns,400
42.27864583333333,3,48.63920417955994,0.0012626823371381065,0.06017001264566046,0.061415864009984306,-0.6947602657267407,-0.6973157054244161,-0.17623558135563255,0.9999951663432533,28.14173644678279,5.736681113878765,28.141869661403543,78.67013181680336,1.0,local_static_Gaussian_linearization,range-d50f18cf1a39e2e16bab8348,9,opposite_turns,400
42.58997916666666,3,48.64038768094291,0.001262622200753317,0.06016864378619854,0.06141443333920667,-0.6947607397581675,-0.6973123106879144,-0.17624714424286522,0.9999951657656879,28.1424065925207,5.7367472374104835,28.142539826299753,78.67200525170156,1.0,local_static_Gaussian_linearization,range-d50f18cf1a39e2e16bab8348,9,opposite_turns,400
42.60497916666666,3,48.64046312587168,0.0012626183837572591,0.06016855725289413,0.06141434293719266,-0.6947607224361749,-0.6973122097663133,-0.1762476118158344,0.9999951657511642,28.14244913045344,5.736751413668317,28.142582364838628,78.67212416748436,1.0,local_static_Gaussian_linearization,range-d50f18cf1a39e2e16bab8348,9,opposite_turns,400
42.61997916666666,3,48.64054005948388,0.0012626144925935682,0.060168469062650394,0.06141425080668236,-0.6947607034195397,-0.6973121126598718,-0.17624807097331047,0.9999951657376007,28.142492495169087,5.736755669677498,28.14262573013775,78.6722453944618,1.0,local_static_Gaussian_linearization,range-d50f18cf1a39e2e16bab8348,9,opposite_turns,400
42.9313125,3,48.64239557868198,0.0012625208849232905,0.06016635263919569,0.06141204031078632,-0.694760376093282,-0.6973105157198293,-0.17625567927663355,0.9999951656072417,28.143535763053297,5.736857772334028,28.14366900666217,78.67516185675392,1.0,local_static_Gaussian_linearization,range-d50f18cf1a39e2e16bab8348,9,opposite_turns,400
42.9463125,3,48.6424935304878,0.0012625159525755916,0.06016624131485307,0.06141192405529586,-0.6947603784128017,-0.6973104429410102,-0.17625595806415392,0.9999951656055253,28.14359073797621,5.7368631420219565,28.1437239818984,78.67531553911877,1.0,local_static_Gaussian_linearization,range-d50f18cf1a39e2e16bab8348,9,opposite_turns,400
42.9613125,3,48.64259192232055,0.0012625109985735254,0.060166129512144555,0.06141180730105342,-0.6947603830698442,-0.6973103690146685,-0.1762562321771062,0.9999951656038834,28.143645954580823,5.736868534769519,28.14377919881538,78.67546989709817,1.0,local_static_Gaussian_linearization,range-d50f18cf1a39e2e16bab8348,9,opposite_turns,400
43.27264583333333,3,48.644631280058725,0.0012624084122579943,0.06016381627829291,0.0614093917391345,-0.6947612266712856,-0.6973083311468165,-0.1762609690982466,0.9999951655373633,28.144789439263715,5.736980117510584,28.144922690863186,78.67866651023066,1.0,local_static_Gaussian_linearization,range-d50f18cf1a39e2e16bab8348,9,opposite_turns,400
43.28764583333333,3,48.64472582613223,0.0012624036596297701,0.06016370917853784,0.06140927990459612,-0.6947613057764233,-0.6973082032352829,-0.1762611633248263,0.9999951655309941,28.14484241801445,5.736985284185631,28.144975670045806,78.67881461266062,1.0,local_static_Gaussian_linearization,range-d50f18cf1a39e2e16bab8348,9,opposite_turns,400
43.30264583333333,3,48.64481984180504,0.0012623989338757108,0.06016360268855209,0.0614091687068707,-0.694761387862567,-0.6973080728936348,-0.17626135541475021,0.9999951655243102,28.144895097479363,5.736990421503767,28.145028349949513,78.67896187846131,1.0,local_static_Gaussian_linearization,range-d50f18cf1a39e2e16bab8348,9,opposite_turns,400
43.61397916666666,3,48.650235818691364,0.0012621228607024519,0.06015729603282901,0.06140257480533563,-0.6947680077393503,-0.6972837303880868,-0.17633154782388857,0.999995161281493,28.1479729791525,5.737295406811102,28.14810636345941,78.68756641438841,1.0,local_static_Gaussian_linearization,range-d50f18cf1a39e2e16bab8348,9,opposite_turns,400
43.62897916666666,3,48.651210463974294,0.001262073550787211,0.06015617752792178,0.06140140594036395,-0.6947710145308105,-0.6972786789755943,-0.1763396756656842,0.9999951605743105,28.14852283270999,5.7373494825340945,28.14865623917033,78.68910358285594,1.0,local_static_Gaussian_linearization,range-d50f18cf1a39e2e16bab8348,9,opposite_turns,400
43.64397916666666,3,48.652305197455576,0.0012620182709835372,0.06015492584328249,0.06140009808465625,-0.6947747116007879,-0.6972730324206389,-0.17634743655343632,0.9999951598251652,28.149139295853146,5.737409988889714,28.149272725946677,78.69082696145665,1.0,local_static_Gaussian_linearization,range-d50f18cf1a39e2e16bab8348,9,opposite_turns,400
43.9553125,3,48.706591196493754,0.0012593094015490762,0.060094171005037035,0.06133666821115206,-0.6950425635228853,-0.6970024935393441,-0.17636144389143718,0.9999951350507751,28.179397805641216,5.740346432078645,28.17953206575305,78.77541644608928,1.0,local_static_Gaussian_linearization,range-d50f18cf1a39e2e16bab8348,9,opposite_turns,400
43.9703125,3,48.71080538043897,0.0012591000494005344,0.06008948544250023,0.06133177746085053,-0.6950650105883787,-0.696981692049561,-0.17635518706153278,0.9999951333644198,28.181740373456638,5.7405730292068915,28.18187469149554,78.78196521765908,1.0,local_static_Gaussian_linearization,range-d50f18cf1a39e2e16bab8348,9,opposite_turns,400
43.9853125,3,48.71516168783218,0.001258883717114332,0.060084643775583806,0.06132672382540387,-0.6950882820937687,-0.6969601928656708,-0.17634843253224639,0.9999951316284943,28.184161660318548,5.740807201693056,28.184296038043335,78.78873405193984,1.0,local_static_Gaussian_linearization,range-d50f18cf1a39e2e16bab8348,9,opposite_turns,400
44.29664583333333,3,48.83319280289452,0.00125304778489518,0.059953955110776946,0.06119032407102623,-0.6957326085215444,-0.6963718494367934,-0.17613172556864248,0.9999950841430155,28.249716415191386,5.74713879596069,28.249852425516526,78.97199585032072,1.0,local_static_Gaussian_linearization,range-d50f18cf1a39e2e16bab8348,9,opposite_turns,400
44.31164583333333,3,48.83995051432073,0.0012527150292841178,0.05994649664310948,0.061182540038782166,-0.6957702756097288,-0.696337432435589,-0.17611900455934168,0.9999950812975777,28.253468038306693,5.747500785549738,28.25360414579009,78.98248372237799,1.0,local_static_Gaussian_linearization,range-d50f18cf1a39e2e16bab8348,9,opposite_turns,400
44.32664583333333,3,48.84678111295177,0.0012523788326680011,0.059938960249147785,0.0611746747098279,-0.6958084580159921,-0.6963025251043583,-0.17610617049581864,0.9999950784006757,28.25725997449683,5.747866628968441,28.257396180782724,78.99308429356654,1.0,local_static_Gaussian_linearization,range-d50f18cf1a39e2e16bab8348,9,opposite_turns,400
44.63797916666666,3,49.000068390946886,0.001244873544877151,0.059770518497365976,0.060998888837060894,-0.6966999559181069,-0.695481724321122,-0.17582474956338456,0.9999950070168666,28.34231087049812,5.756062400989987,28.342449476487026,79.2308493768754,1.0,local_static_Gaussian_linearization,range-d50f18cf1a39e2e16bab8348,9,opposite_turns,400
44.65297916666666,3,49.0078191752736,0.0012444960595525457,0.059762036928875654,0.06099003785089169,-0.6967468574029774,-0.6954382607945062,-0.17581081343929528,0.9999950030704498,28.346608883904164,5.75647605105166,28.34674762089532,79.24286476857598,1.0,local_static_Gaussian_linearization,range-d50f18cf1a39e2e16bab8348,9,opposite_turns,400
44.66797916666666,3,49.01559072893726,0.0012441177569284569,0.05975353609049855,0.06098116679220869,-0.6967940467116273,-0.695394506380056,-0.17579686278108916,0.9999949990823259,28.350918164440646,5.756890734079264,28.351057033682224,79.25491166084284,1.0,local_static_Gaussian_linearization,range-d50f18cf1a39e2e16bab8348,9,opposite_turns,400
44.97931249999999,3,49.18023499745368,0.0012361485249204546,0.05957424388901414,0.060794074947343686,-0.6978225627734349,-0.6944359587046485,-0.17550604018742927,0.9999949083907536,28.44215550358763,5.765658505537394,28.44229735515159,79.50997247248631,1.0,local_static_Gaussian_linearization,range-d50f18cf1a39e2e16bab8348,9,opposite_turns,400
44.99431249999999,3,49.188288714091215,0.0012357608991423522,0.059565512238056,0.06078496388859897,-0.6978737984645683,-0.6943880181949792,-0.1754919986890697,0.9999949037127132,28.44661580210007,5.766086551698858,28.446757806694336,79.5224415911004,1.0,local_static_Gaussian_linearization,range-d50f18cf1a39e2e16bab8348,9,opposite_turns,400
45.00931249999999,3,49.19635148908266,0.001235373040233635,0.05955677429550191,0.06077584630747056,-0.6979251359514913,-0.6943399687947954,-0.17547795400315896,0.9999948990124495,28.451080883664755,5.7665150033879655,28.451223041974476,79.53492408257337,1.0,local_static_Gaussian_linearization,range-d50f18cf1a39e2e16bab8348,9,opposite_turns,400
45.32064583333333,3,49.36550325536859,0.0012272823566738065,0.059374258871932435,0.06058541117363722,-0.6990064616412931,-0.693325376336303,-0.17518529935997168,0.9999947973364633,28.54470382380151,5.775486517122654,28.54484930214849,79.79665474645692,1.0,local_static_Gaussian_linearization,range-d50f18cf1a39e2e16bab8348,9,opposite_turns,400
45.33564583333333,3,49.3737295422951,0.0012268911226538367,0.059365421155456885,0.06057619046775334,-0.699059079908684,-0.6932758998411866,-0.17517114344725015,0.9999947922684312,28.549254521075337,5.775922005992147,28.54940016480473,79.80937660784546,1.0,local_static_Gaussian_linearization,range-d50f18cf1a39e2e16bab8348,9,opposite_turns,400
45.35064583333333,3,49.38196186951464,0.001226499807712157,0.05935658049561589,0.06056696673740877,-0.6991117321972578,-0.6932263825068042,-0.17515698244911454,0.9999947871864523,28.553808337165865,5.7763577391311385,28.553954146729843,79.82210718909862,1.0,local_static_Gaussian_linearization,range-d50f18cf1a39e2e16bab8348,9,opposite_turns,400
45.66197916666666,3,49.55394407849383,0.0012183718190714975,0.059172699855181234,0.06037512898908178,-0.7002111236116781,-0.6921904604552327,-0.17486208515639873,0.9999946786487752,28.648890887136744,5.785443311164309,28.649040237992704,80.0879187866789,1.0,local_static_Gaussian_linearization,range-d50f18cf1a39e2e16bab8348,9,opposite_turns,400
45.67697916666666,3,49.5622728433865,0.0012179804649988725,0.059163834132680795,0.060365880124188885,-0.7002643771199666,-0.692140183284951,-0.17484784476526807,0.9999946732731355,28.653493009763537,5.785882460467215,28.653642535978758,80.10078443468237,1.0,local_static_Gaussian_linearization,range-d50f18cf1a39e2e16bab8348,9,opposite_turns,400
45.69197916666666,3,49.57060461748403,0.0012175891784710162,0.059154968838599206,0.06035663175251394,-0.7003176551258385,-0.692089873738213,-0.17483360257133465,0.9999946678840124,28.658096555766427,5.786321689433737,28.658246257776614,80.11365406292822,1.0,local_static_Gaussian_linearization,range-d50f18cf1a39e2e16bab8348,9,opposite_turns,400
46.00331249999999,3,49.74411477940733,0.001209487863591808,0.05897117188229449,0.06016490311081106,-0.7014287073284106,-0.6910385462351962,-0.17453795046562712,0.9999945529794554,28.7539110488447,5.795450673432753,28.75406449816294,80.38151237129017,1.0,local_static_Gaussian_linearization,range-d50f18cf1a39e2e16bab8348,9,opposite_turns,400
46.01831249999999,3,49.75250148064516,0.0012090985554489052,0.05896232761640566,0.06015567767021758,-0.7014824715275826,-0.6909875649293561,-0.17452371544450088,0.9999945472978954,28.758539638653037,5.795891058455766,28.75869327323791,80.39445203555839,1.0,local_static_Gaussian_linearization,range-d50f18cf1a39e2e16bab8348,9,opposite_turns,400
46.033312499999994,3,49.760890981103266,0.0012087093255422185,0.058953484022764895,0.06014645297614919,-0.7015362547416314,-0.6909365552289966,-0.17450948378633171,0.9999945416032088,28.763169533263085,5.796331511281456,28.763323353544365,80.40739534857966,1.0,local_static_Gaussian_linearization,range-d50f18cf1a39e2e16bab8348,9,opposite_turns,400
46.34464583333333,3,49.935760089515234,0.001200643339453806,0.05876996688382043,0.059955037752039655,-0.7026561874113894,-0.6898720801797121,-0.17421479638941995,0.9999944205679206,28.859620629853236,5.805494426691399,28.85977839853532,80.6770338336957,1.0,local_static_Gaussian_linearization,range-d50f18cf1a39e2e16bab8348,9,opposite_turns,400
46.35964583333333,3,49.944225907416595,0.0012002551076127422,0.05876112155166022,0.059945812241141413,-0.702710285036406,-0.6898205547014863,-0.1742006246125046,0.9999944146067239,28.864287517666913,5.805937174593943,28.86444548095286,80.69008058550733,1.0,local_static_Gaussian_linearization,range-d50f18cf1a39e2e16bab8348,9,opposite_turns,400
46.37464583333333,3,49.95269587439312,0.001199866892973192,0.05875227546928525,0.05993658599444287,-0.7027643925753891,-0.6897690106119454,-0.17418645334113136,0.9999944086342821,28.868956463114955,5.806380061831963,28.86911462138951,80.7031330904774,1.0,local_static_Gaussian_linearization,range-d50f18cf1a39e2e16bab8348,9,opposite_turns,400
46.68597916666666,3,50.129508245971316,0.0011918098862182809,0.058568423412083716,0.059744843518809446,-0.7038892342875455,-0.6886955336966514,-0.17389194265513594,0.9999942822602839,28.966370077728396,5.815607863251465,28.9665323670867,80.97546278951673,1.0,local_static_Gaussian_linearization,range-d50f18cf1a39e2e16bab8348,9,opposite_turns,400
46.70097916666666,3,50.138079913083565,0.0011914215567785087,0.058559549440513385,0.059735589223931296,-0.7039434911692118,-0.6886436660344106,-0.1738777227570835,0.9999942760616135,28.97109013555871,5.816054376659184,28.97125262784949,80.98865820051415,1.0,local_static_Gaussian_linearization,range-d50f18cf1a39e2e16bab8348,9,opposite_turns,400
46.71597916666666,3,50.14665705653439,0.0011910331869410802,0.05855067335036541,0.05972633276848556,-0.7039977497454963,-0.6885917888613218,-0.17386350009718074,0.9999942698536728,28.97581299278897,5.816501099563256,28.97597568835031,81.001861438133,1.0,local_static_Gaussian_linearization,range-d50f18cf1a39e2e16bab8348,9,opposite_turns,400
47.027312499999994,3,50.32628057009301,0.0011829469200882793,0.05836557934660777,0.05953331859989014,-0.7051218792827149,-0.6875155986503433,-0.17356680837439187,0.9999941394664439,29.074675540399323,5.825840041662347,29.074842516933757,81.27824202444623,1.0,local_static_Gaussian_linearization,range-d50f18cf1a39e2e16bab8348,9,opposite_turns,400
47.042312499999994,3,50.335038258071954,0.0011825549134910822,0.05835659155237541,0.05952394681284459,-0.7051757664500283,-0.6874639561774775,-0.1735524340607946,0.9999941331470988,29.07949396063411,5.8262946525781745,29.079661145464346,81.2917124209138,1.0,local_static_Gaussian_linearization,range-d50f18cf1a39e2e16bab8348,9,opposite_turns,400
47.057312499999995,3,50.34380888612603,0.0011821625309962522,0.058347593638452246,0.059514564532814354,-0.7052296049591085,-0.687412357247117,-0.1735380517154142,0.9999941268292518,29.084319401466978,5.826749879387337,29.084486794653152,81.30520244351544,1.0,local_static_Gaussian_linearization,range-d50f18cf1a39e2e16bab8348,9,opposite_turns,400
47.368645833333325,3,50.52971882376567,0.001173891493278727,0.058157539434102,0.05931640708498448,-0.7063287309477768,-0.6863593884567449,-0.17323542857910312,0.9999939977318646,29.186597406648847,5.83638921103469,29.186769092779336,81.59113091852178,1.0,local_static_Gaussian_linearization,range-d50f18cf1a39e2e16bab8348,9,opposite_turns,400
47.383645833333325,3,50.53890482815038,0.001173485023179014,0.05814817854488561,0.05930664790370403,-0.706380440424916,-0.6863099133141216,-0.17322060002166245,0.9999939916906644,29.191651601964075,5.836865156814177,29.191823491245078,81.60526040594884,1.0,local_static_Gaussian_linearization,range-d50f18cf1a39e2e16bab8348,9,opposite_turns,400
47.398645833333326,3,50.5481157660493,0.0011730776512172908,0.05813879474055155,0.05929686491629682,-0.706431997595725,-0.6862605940283217,-0.1732057442950693,0.9999939856742165,29.196719647906225,5.837342376922445,29.196891739774063,81.61942861099892,1.0,local_static_Gaussian_linearization,range-d50f18cf1a39e2e16bab8348,9,opposite_turns,400
47.70997916666666,3,50.74565262108499,0.0011643881069139344,0.05793808068160532,0.059087634389577294,0.7074582367102067,0.6852826153985089,0.1728889248721985,0.9999938685672982,29.30545776783996,5.847575754778298,29.305633877025812,81.92341545958308,1.0,local_static_Gaussian_linearization,range-d50f18cf1a39e2e16bab8348,9,opposite_turns,400
47.724979166666664,3,50.75550175405266,0.0011639571254907532,0.05792809669771928,0.05907722792448801,0.7075051460749444,0.6852381467045222,0.17287322111426953,0.9999938633925286,29.310882620312423,5.848086071653365,29.31105891141181,81.93858105360339,1.0,local_static_Gaussian_linearization,range-d50f18cf1a39e2e16bab8348,9,opposite_turns,400
47.739979166666664,3,50.76538333219092,0.0011635249353266364,0.05791808180679447,0.05906678935841935,0.7075517810557421,0.6851939646630001,0.17285747861821346,0.9999938582694972,29.31632571592931,5.8485980900308325,29.316502187623932,81.95379764234731,1.0,local_static_Gaussian_linearization,range-d50f18cf1a39e2e16bab8348,9,opposite_turns,400
48.051312499999995,3,50.97793210347528,0.001154278824921416,0.05770310581687945,0.05884274756532318,0.7084490383812732,0.6843513141312049,0.17252025638614854,0.9999937655994126,29.4335049950182,5.859618213813112,29.433684859900588,82.28137986718055,1.0,local_static_Gaussian_linearization,range-d50f18cf1a39e2e16bab8348,9,opposite_turns,400
48.066312499999995,3,50.98853120230357,0.0011538202112093322,0.057692405861386506,0.05883159784109553,0.7084884598466825,0.684314716102066,0.17250354080489122,0.9999937618760424,29.439353834454284,5.860168180189383,29.439533843244803,82.29773060351116,1.0,local_static_Gaussian_linearization,range-d50f18cf1a39e2e16bab8348,9,opposite_turns,400
48.081312499999996,3,50.999162773048724,0.0011533604228295355,0.05768167488928537,0.05882041593987578,0.7085274892996394,0.6842785311911701,0.172486778210982,0.9999937582297549,29.445221158902864,5.860719880079329,29.445401309536283,82.31413300861554,1.0,local_static_Gaussian_linearization,range-d50f18cf1a39e2e16bab8348,9,opposite_turns,400
48.392645833333326,3,51.226764548279625,0.001143571854440441,0.05745234693678189,0.05858148613145997,0.7092415506056057,0.683628684019059,0.1721285719481968,0.999993701454273,29.57097128396342,5.8725434958067035,29.571153865460374,82.66567220163572,1.0,local_static_Gaussian_linearization,range-d50f18cf1a39e2e16bab8348,9,opposite_turns,400
48.407645833333326,3,51.2380411155531,0.001143089551543569,0.05744100345639903,0.05856966944074855,0.7092709418387864,0.6836026310319144,0.17211093489190318,0.9999936996976244,29.57720900294382,5.873130001550106,29.577391674674807,82.68310989426423,1.0,local_static_Gaussian_linearization,range-d50f18cf1a39e2e16bab8348,9,opposite_turns,400
48.42264583333333,3,51.24934347974139,0.0011426063948028517,0.057429635662514474,0.05855782758940034,0.709299831320566,0.683577104455988,0.17209326411043618,0.9999936980385843,29.583461727345572,5.873717921765078,29.583644486597173,82.70058952671498,1.0,local_static_Gaussian_linearization,range-d50f18cf1a39e2e16bab8348,9,opposite_turns,400
48.733979166666664,3,51.48890684455851,0.001132423738406513,0.05718906118265203,0.058307260375379644,0.7097801257346046,0.683172674008912,0.17171857965776974,0.9999936866960601,29.71616968793284,5.886197030484619,29.71635361434312,83.07157570136084,1.0,local_static_Gaussian_linearization,range-d50f18cf1a39e2e16bab8348,9,opposite_turns,400
48.748979166666665,3,51.500645944356364,0.0011319275980537832,0.05717729026033148,0.058295002462013606,0.7097972649427088,0.6831594618803334,0.17170029797068811,0.9999936872920852,29.722681505988085,5.886809438010742,29.722865456166147,83.08977944762047,1.0,local_static_Gaussian_linearization,range-d50f18cf1a39e2e16bab8348,9,opposite_turns,400
48.763979166666665,3,51.512398284050605,0.0011314311615091292,0.057165507709705334,0.05828273262264425,0.7098138316770808,0.683146850385821,0.17168198847821395,0.9999936879963809,29.7292015012715,5.8874226215264995,29.729385472105513,83.10800604448731,1.0,local_static_Gaussian_linearization,range-d50f18cf1a39e2e16bab8348,9,opposite_turns,400
49.075312499999995,3,51.75833123269458,0.0011211025786250965,0.056919313959937705,0.058026398610305764,0.7100265566774154,0.6830217513513368,0.17129966723191803,0.9999937268389599,29.865834424033213,5.900274314883386,29.866018120490086,83.48996035627334,1.0,local_static_Gaussian_linearization,range-d50f18cf1a39e2e16bab8348,9,opposite_turns,400
49.090312499999996,3,51.77022295665401,0.001120606033603049,0.05690742715352292,0.05801402420620157,0.7100303835026306,0.6830223853127088,0.17128127645730792,0.9999937298688385,29.87245061453774,5.90089673432094,29.872634263789728,83.50845567558808,1.0,local_static_Gaussian_linearization,range-d50f18cf1a39e2e16bab8348,9,opposite_turns,400
49.1053125,3,51.78211267009437,0.0011201098363687024,0.05689554395996342,0.058001653749725116,0.7100336103366665,0.683023643696614,0.171262880810992,0.9999937330052965,29.879066568458008,5.9015191408106755,29.87925016734148,83.52695032469155,1.0,local_static_Gaussian_linearization,range-d50f18cf1a39e2e16bab8348,9,opposite_turns,400
49.41664583333333,3,52.02733399080281,0.0011099344138454216,0.05665081252685975,0.057746928457021694,0.7099664822391889,0.68318865040945,0.17088259726673713,0.9999938212225474,30.015716181963747,5.9143768188444374,30.015898041549654,83.90894720001599,1.0,local_static_Gaussian_linearization,range-d50f18cf1a39e2e16bab8348,9,opposite_turns,400
49.43164583333333,3,52.03901957903802,0.0011094522903996418,0.05663916713869635,0.05773480946211553,0.7099568942810509,0.6832031465845109,0.1708644748326222,0.9999938265315849,30.022237441954566,5.914990523658703,30.022419185581583,83.92717695044695,1.0,local_static_Gaussian_linearization,range-d50f18cf1a39e2e16bab8348,9,opposite_turns,400
49.44664583333333,3,52.05068820324087,0.0011089711170499381,0.056627540197024935,0.057722709839966066,0.7099467356989507,0.6832182293222264,0.17084637424366328,0.9999938319325897,30.028750093453397,5.915603427444137,30.028931718290952,83.94538262806793,1.0,local_static_Gaussian_linearization,range-d50f18cf1a39e2e16bab8348,9,opposite_turns,400
49.757979166666665,3,52.28815871638293,0.0010992327804700923,0.056391256660532615,0.0574768580914711,0.7096123009174584,0.6836574540027981,0.17047835045260878,0.9999939630856083,30.161476186747105,5.928096131432418,30.161654751854286,84.31640767619662,1.0,local_static_Gaussian_linearization,range-d50f18cf1a39e2e16bab8348,9,opposite_turns,400
49.772979166666666,3,52.299327587531074,0.001098777288289028,0.056380159537207486,0.057465313345966954,0.7095904707458055,0.6836844191295203,0.17046107727653545,0.9999939702446193,30.167727388404963,5.928684606442358,30.16790577949849,84.33388232072723,1.0,local_static_Gaussian_linearization,range-d50f18cf1a39e2e16bab8348,9,opposite_turns,400
49.787979166666666,3,52.31046725279239,0.0010983232125122162,0.056369092869151205,0.05745380044110202,0.7095681379301823,0.6837118936342595,0.17044384452760097,0.9999939774741103,30.17396302413859,5.929271623335916,30.174141238949915,84.35131344463208,1.0,local_static_Gaussian_linearization,range-d50f18cf1a39e2e16bab8348,9,opposite_turns,400
50.099312499999996,3,52.534640796257705,0.0010892332352751089,0.056146703800207046,0.0572224767585235,0.7089985276765198,0.6843888601913879,0.1700969599918241,0.9999941415134883,30.299611668706923,5.941101344237861,30.29978576652017,84.7025506461734,1.0,local_static_Gaussian_linearization,range-d50f18cf1a39e2e16bab8348,9,opposite_turns,400
50.1143125,3,52.545085121370875,0.0010888119519429677,0.05613635789727823,0.05721171669600921,0.7089663368359704,0.6844262196821523,0.17008081327705052,0.9999941500007683,30.305473119180366,5.941653238333911,30.30564699911764,84.71893562508916,1.0,local_static_Gaussian_linearization,range-d50f18cf1a39e2e16bab8348,9,opposite_turns,400
50.1293125,3,52.555495313410724,0.0010883922427998725,0.05612604723508144,0.057200993415621286,0.7089337435751778,0.6844639796148911,0.17006471659409417,0.9999941585339047,30.311316053519498,5.942203390820969,30.311489714009646,84.73526883806512,1.0,local_static_Gaussian_linearization,range-d50f18cf1a39e2e16bab8348,9,opposite_turns,400
50.44064583333333,3,52.76404272614664,0.00108002614826387,0.05591982580596726,0.05698654583235042,0.7081757157287062,0.6853281428541861,0.16974242918070498,0.9999943440531144,30.42849380609915,5.953236107050903,30.42866261515583,85.06282374786453,1.0,local_static_Gaussian_linearization,range-d50f18cf1a39e2e16bab8348,9,opposite_turns,400
50.45564583333333,3,52.773745732761355,0.001079638876812843,0.055910248403061295,0.056976587568125035,0.708135738768236,0.6853731550379494,0.1697274692926621,0.9999943533043384,30.433951012930212,5.953749858360253,30.434119576742184,85.07807859384609,1.0,local_static_Gaussian_linearization,range-d50f18cf1a39e2e16bab8348,9,opposite_turns,400
50.47064583333333,3,52.78341950184667,0.0010792529506296414,0.05590070162104523,0.05696666124169018,0.7080954889073842,0.6854184310614961,0.1697125597892201,0.9999943625761287,30.43939218633512,5.954262089220137,30.43956050409669,85.09328861639736,1.0,local_static_Gaussian_linearization,range-d50f18cf1a39e2e16bab8348,9,opposite_turns,400
50.78197916666666,3,52.97846664483426,0.0010715107872563147,0.055708654188502744,0.05676699850223877,0.7072086999801733,0.6864073900631383,0.16941295564112918,0.9999945580091495,30.549169476266893,5.964592628292438,30.549332557480405,85.4001545785172,1.0,local_static_Gaussian_linearization,range-d50f18cf1a39e2e16bab8348,9,opposite_turns,400
50.79697916666666,3,52.98763324748002,0.0010711488156612756,0.055699652374514755,0.05675764059773225,0.7071639642353421,0.6864569406671781,0.16939892649250668,0.9999945674971389,30.554331039886005,5.965078097349088,30.554493864866977,85.41458292806661,1.0,local_static_Gaussian_linearization,range-d50f18cf1a39e2e16bab8348,9,opposite_turns,400
50.81197916666666,3,52.9967829346924,0.001070787685843469,0.05569066959867631,0.056748302555787916,0.7071190821560098,0.686506628038778,0.1693849264535329,0.9999945769861532,30.55948320865791,5.965562652727314,30.559645777226585,85.42898501397333,1.0,local_static_Gaussian_linearization,range-d50f18cf1a39e2e16bab8348,9,opposite_turns,400
51.1233125,3,53.18367810770237,0.0010634499288663783,0.055507765061798796,0.056558178700488446,-0.706160529402976,-0.6875628021590118,-0.16909967415863472,0.9999947733258882,30.664737397159538,5.975453904675403,30.664894631213368,85.72320644688912,1.0,local_static_Gaussian_linearization,range-d50f18cf1a39e2e16bab8348,9,opposite_turns,400
51.1383125,3,53.19256904598257,0.001063102734787074,0.05549909360146574,0.056549165623134334,-0.7061132727547963,-0.6876146660981118,-0.16908612304471515,0.9999947827257043,30.669744601996257,5.975924037581728,30.669901579455367,85.73720328799944,1.0,local_static_Gaussian_linearization,range-d50f18cf1a39e2e16bab8348,9,opposite_turns,400
51.1533125,3,53.20145180930503,0.001062756032331903,0.05549043295250058,0.05654016383915395,-0.706065933281012,-0.6876666048074445,-0.16907258350370083,0.9999947921179938,30.67474716511291,5.976393692972385,30.674903886084874,85.7511871535587,1.0,local_static_Gaussian_linearization,range-d50f18cf1a39e2e16bab8348,9,opposite_turns,400
51.46464583333333,3,53.384299938970926,0.001055657833726841,0.05531280806331013,0.05635555442859798,-0.7050667823385228,-0.6887594591760681,-0.16879348280752005,0.9999949850803518,30.7777080550149,5.986050172173413,30.777859486638533,86.03899783438007,1.0,local_static_Gaussian_linearization,range-d50f18cf1a39e2e16bab8348,9,opposite_turns,400
51.47964583333333,3,53.393048712524234,0.0010553200554307453,0.0553043411422884,0.05634675512691756,-0.7050179228909625,-0.6888127507979349,-0.1687801017320901,0.9999949942711699,30.78263347775538,5.986511627540196,30.782784656562185,86.05276606555219,1.0,local_static_Gaussian_linearization,range-d50f18cf1a39e2e16bab8348,9,opposite_turns,400
51.49464583333333,3,53.401792865265584,0.0010549826249399662,0.05529588166817554,0.05633796361349824,-0.7049690029198582,-0.6888660954874263,-0.16876672483072375,0.9999950034514552,30.787556190435996,5.986972782706481,30.78770711663926,86.06652672139296,1.0,local_static_Gaussian_linearization,range-d50f18cf1a39e2e16bab8348,9,opposite_turns,400
51.80597916666666,3,53.58243025201148,0.0010480499063766336,0.055121801247457615,0.05615706100905313,-0.7039411545856195,-0.6899840204275273,-0.1684900662808666,0.9999951914359347,30.889221946664016,5.996486092948574,30.889367684584542,86.35071715994776,1.0,local_static_Gaussian_linearization,range-d50f18cf1a39e2e16bab8348,9,opposite_turns,400
51.82097916666666,3,53.59110117720591,0.001047718946806187,0.055113478016586726,0.05614841208356598,-0.7038910920477173,-0.6900383352568553,-0.16847678300531355,0.9999952003610743,30.89410056526866,5.996942082017612,30.89424605615703,86.36435456710217,1.0,local_static_Gaussian_linearization,range-d50f18cf1a39e2e16bab8348,9,opposite_turns,400
51.83597916666666,3,53.59976993405413,0.0010473882371137993,0.055105159924117644,0.05613976854093418,-0.7038409854877754,-0.6900926853793745,-0.16846350564285867,0.9999952092731953,30.898977809791578,5.997397893528347,30.899123053948397,86.37798813387415,1.0,local_static_Gaussian_linearization,range-d50f18cf1a39e2e16bab8348,9,opposite_turns,400
52.14731249999999,3,53.77933171422513,0.0010405756231006498,0.05493355760255947,0.05596146160846635,-0.7027926241439089,-0.6912270773607766,-0.16818934262371707,0.999995391095624,30.99996560837949,6.006824604343897,31.000105806645962,86.6602837510995,1.0,local_static_Gaussian_linearization,range-d50f18cf1a39e2e16bab8348,9,opposite_turns,400
52.16231249999999,3,53.78797181766325,0.0010402496245762263,0.05492533433260536,0.05595291749004083,-0.7027417840625203,-0.6912819594265636,-0.168176209684952,0.9999953996941415,31.004822949558957,6.007277459995275,31.004962908667043,86.67386169957426,1.0,local_static_Gaussian_linearization,range-d50f18cf1a39e2e16bab8348,9,opposite_turns,400
52.17731249999999,3,53.796611501228995,0.0010399238079464117,0.05491711460067511,0.05594437708697178,-0.7026909201005554,-0.6913368557289485,-0.16816308369866909,0.9999954082770256,31.009679862111895,6.007730223992332,31.009819582451538,86.68743845092072,1.0,local_static_Gaussian_linearization,range-d50f18cf1a39e2e16bab8348,9,opposite_turns,400
52.48864583333333,3,53.97593194225179,0.0010331987858390105,0.05474722398813402,0.05576786734726362,-0.7016309584719999,-0.6924784089781323,-0.1678917842325158,0.9999955827882044,31.110441462810773,6.017111440189556,31.110576319182066,86.96910224424333,1.0,local_static_Gaussian_linearization,range-d50f18cf1a39e2e16bab8348,9,opposite_turns,400
52.50364583333333,3,53.98457437038929,0.0010328764711754527,0.054739070565682106,0.05575939667359647,-0.7015797261934721,-0.6925334745771653,-0.16787874905529868,0.9999955910179268,31.115295425393906,6.017562782869616,31.115430051968904,86.98267077407942,1.0,local_static_Gaussian_linearization,range-d50f18cf1a39e2e16bab8348,9,opposite_turns,400
52.51864583333333,3,53.99321713553664,0.0010325543090125837,0.054730920004843704,0.05575092901075043,-0.701528481803437,-0.6925885434775262,-0.16786571616099547,0.9999955992310379,31.120149361913636,6.018014069808489,31.120283759118845,86.996239232248,1.0,local_static_Gaussian_linearization,range-d50f18cf1a39e2e16bab8348,9,opposite_turns,400
52.82997916666666,3,54.17267770356638,0.0010259019960142633,0.05456239721237819,0.05557585818552613,-0.7004626714623122,-0.6937317157515311,-0.16759580080753214,0.9999957659008106,31.220888476430908,6.0273680593905565,31.221018211248936,87.27784072933817,1.0,local_static_Gaussian_linearization,range-d50f18cf1a39e2e16bab8348,9,opposite_turns,400
52.84497916666666,3,54.18133153775852,0.0010255829977944863,0.054554305459296376,0.055567452422991326,-0.7004112639867867,-0.6937867499947346,-0.16758283567291513,0.9999957737431564,31.22574382485494,6.027818311211731,31.225873339952283,87.2914131614358,1.0,local_static_Gaussian_linearization,range-d50f18cf1a39e2e16bab8348,9,opposite_turns,400
52.85997916666666,3,54.18998726154774,0.001025264094149727,0.05454621515566779,0.05555904820169599,-0.7003598610140798,-0.693841770193302,-0.1675698750234191,0.999995781567335,31.230599998106253,6.028268584964474,31.23072929396706,87.3049879006779,1.0,local_static_Gaussian_linearization,range-d50f18cf1a39e2e16bab8348,9,opposite_turns,400
53.17131249999999,3,54.37071395288942,0.001018643259431997,0.05437804574533564,0.05538436127861603,-0.6992987192632828,-0.6949760411347512,-0.16730093689337222,0.9999959394993927,31.331934598990298,6.037651664719981,31.332059466724207,87.58825472494145,1.0,local_static_Gaussian_linearization,range-d50f18cf1a39e2e16bab8348,9,opposite_turns,400
53.18631249999999,3,54.37951261607844,0.0010183227701548053,0.054369895888623045,0.055375895926873184,-0.6992481516639859,-0.6950300455971941,-0.16728794969053107,0.9999959468718755,31.336864872755672,6.038107538195533,31.336989533806584,87.60203664603989,1.0,local_static_Gaussian_linearization,range-d50f18cf1a39e2e16bab8348,9,opposite_turns,400
53.20131249999999,3,54.38832435596525,0.00101800197727214,0.05436173749107152,0.05536742173489112,-0.69919766862631,-0.6950839582973662,-0.16727495659900243,0.9999959542200557,31.341802147427614,6.038563997115466,31.341926602498564,87.61583814002233,1.0,local_static_Gaussian_linearization,range-d50f18cf1a39e2e16bab8348,9,opposite_turns,400
53.51264583333333,3,54.57530064881801,0.001011236034974422,0.054189486571475876,0.055188510635647725,-0.6981783291665952,-0.6961736910121628,-0.16700063659951409,0.9999961006841236,31.446482172126057,6.048226787920419,31.446602530905423,87.90845796894253,1.0,local_static_Gaussian_linearization,range-d50f18cf1a39e2e16bab8348,9,opposite_turns,400
53.52764583333333,3,54.58455396992486,0.0010109032222921997,0.05418100501498542,0.055179701495579526,-0.6981310036057083,-0.6962243940328804,-0.1669871101553507,0.9999961074236466,31.451658407794504,6.048703844321206,31.45177857874463,87.92292752518381,1.0,local_static_Gaussian_linearization,range-d50f18cf1a39e2e16bab8348,9,opposite_turns,400
53.54264583333333,3,54.59383380203997,0.0010105696475705684,0.05417250323400432,0.055170871384853715,-0.6980838815711679,-0.6962748952266601,-0.16697354451419832,0.9999961141318128,31.456849059610533,6.049182158241432,31.456969043685326,87.93743738419417,1.0,local_static_Gaussian_linearization,range-d50f18cf1a39e2e16bab8348,9,opposite_turns,400
53.85397916666666,3,54.79299565907631,0.0010034561413080974,0.05399100072647378,0.05498236799476804,-0.6971591799227197,-0.6972701208198911,-0.16668370184662656,0.9999962458247995,31.568155115352127,6.059422339894412,31.568271451942493,88.24858142808574,1.0,local_static_Gaussian_linearization,range-d50f18cf1a39e2e16bab8348,9,opposite_turns,400
53.86897916666666,3,54.80293577950942,0.0010031033623825025,0.053981989040789005,0.05497300914885825,-0.6971176337182834,-0.6973150867780549,-0.16666935684382916,0.999996251778549,31.573705874444627,6.05993220830801,31.573822047386003,88.26409802596842,1.0,local_static_Gaussian_linearization,range-d50f18cf1a39e2e16bab8348,9,opposite_turns,400
53.88397916666666,3,54.81290989692151,0.001002749590513487,0.053972950977813246,0.054963622953990696,-0.6970764131327161,-0.6973597334202545,-0.16665496229653287,0.999996257693751,31.57927519649616,6.060443706230444,31.579391206986866,88.27966651964637,1.0,local_static_Gaussian_linearization,range-d50f18cf1a39e2e16bab8348,9,opposite_turns,400
54.19531249999999,3,55.027759560275854,0.000995180155756506,0.053779309968329005,0.054762534330126886,-0.6963026469969928,-0.6982060232716055,-0.1663459432995919,0.9999963712853291,31.699148701306353,6.071435616199592,31.699261626315945,88.6147622969709,1.0,local_static_Gaussian_linearization,range-d50f18cf1a39e2e16bab8348,9,opposite_turns,400
54.21031249999999,3,55.038490928448624,0.0009948045925208776,0.053769688650636756,0.05475254354103935,-0.6962697492857601,-0.6982424786074903,-0.16633062645710528,0.9999963762882493,31.70513189664927,6.071983413469456,31.705244687687987,88.63148784621372,1.0,local_static_Gaussian_linearization,range-d50f18cf1a39e2e16bab8348,9,opposite_turns,400
54.225312499999994,3,55.04925671550314,0.0009944280626141703,0.053760041229236895,0.054742525703947886,-0.6962373028537554,-0.6982784922887183,-0.1663152588367115,0.9999963812455382,31.71113389269417,6.072532853908246,31.71124655119101,88.64826595650314,1.0,local_static_Gaussian_linearization,range-d50f18cf1a39e2e16bab8348,9,opposite_turns,400
54.53664583333333,3,55.28004790626088,0.000986412563307621,0.05355433315096365,0.05452893375498288,-0.6956723120491644,-0.6989196531794514,-0.16598600136061387,0.9999964735155208,31.839716992033456,6.084285763312394,31.83982723214776,89.00771112633969,1.0,local_static_Gaussian_linearization,range-d50f18cf1a39e2e16bab8348,9,opposite_turns,400
54.55164583333333,3,55.291493617446875,0.0009860178060086095,0.053544184832826074,0.05451839722761401,-0.6956506256039482,-0.6989451048478836,-0.16596971864173465,0.9999964774328607,31.846090073491823,6.0848674279408135,31.8462002136284,89.02552669080575,1.0,local_static_Gaussian_linearization,range-d50f18cf1a39e2e16bab8348,9,opposite_turns,400
54.56664583333333,3,55.3029662183736,0.0009856223796341449,0.05353401763027325,0.054507841164980114,-0.6956294781119433,-0.6989700277951567,-0.1659533953426195,0.9999964813003054,31.85247779305042,6.085450349662321,31.85258783477055,89.04338318020375,1.0,local_static_Gaussian_linearization,range-d50f18cf1a39e2e16bab8348,9,opposite_turns,400
54.87797916666666,3,55.54626453038798,0.0009772966134282794,0.053319538865160526,0.05428517621413953,-0.6953155446764963,-0.699364071762536,-0.16560853981287835,0.99999655010974,31.987870705108335,6.097787988482331,31.987979062560527,89.42186712122223,1.0,local_static_Gaussian_linearization,range-d50f18cf1a39e2e16bab8348,9,opposite_turns,400
54.89297916666666,3,55.55818498934359,0.0009768916005130862,0.05330908507041413,0.05427432425584198,-0.6953066536338333,-0.6993768901792984,-0.16559173558983567,0.9999965528586882,31.994501085641,6.098391326743998,31.994609379630294,89.44040206307726,1.0,local_static_Gaussian_linearization,range-d50f18cf1a39e2e16bab8348,9,opposite_turns,400
54.907979166666664,3,55.57011799499282,0.0009764864317072197,0.05329862535392282,0.0542634662304797,-0.6952983583156754,-0.6993891214604542,-0.16557490663231805,0.9999965555545486,32.00113814354263,6.098995192841605,32.00124637572321,89.45895567603118,1.0,local_static_Gaussian_linearization,range-d50f18cf1a39e2e16bab8348,9,opposite_turns,400
55.219312499999994,3,55.81936035019544,0.0009680849572119079,0.05308129987039021,0.054037883076215015,-0.6952609948737676,-0.6995094390052409,-0.16522316347810279,0.9999965994370158,32.13969964618664,6.11158417933182,32.139806971039924,89.84629953162194,1.0,local_static_Gaussian_linearization,range-d50f18cf1a39e2e16bab8348,9,opposite_turns,400
55.234312499999994,3,55.83137700472337,0.0009676828288429373,0.053070876802446446,0.054027064838127234,-0.6952657012373115,-0.699508770687024,-0.16520618758060615,0.9999966009660204,32.14637695552294,6.112189987084123,32.14648425482958,89.86496576816666,1.0,local_static_Gaussian_linearization,range-d50f18cf1a39e2e16bab8348,9,opposite_turns,400
55.249312499999995,3,55.84338809992096,0.0009672811545865521,0.05306046359710686,0.054016256917316464,-0.6952710026735469,-0.6995075113718522,-0.16518920780631777,0.9999966024414695,32.15305087917054,6.112795407944598,32.15315815458949,89.88362254471211,1.0,local_static_Gaussian_linearization,range-d50f18cf1a39e2e16bab8348,9,opposite_turns,400
55.56064583333333,3,56.09026955084139,0.0009590839140863245,0.05284753567476636,0.05379527526297795,-0.6955114289703659,-0.6993508990329428,-0.16483983800469473,0.9999966210749538,32.29016434028224,6.125216005766724,32.29027149084983,90.26692061151529,1.0,local_static_Gaussian_linearization,range-d50f18cf1a39e2e16bab8348,9,opposite_turns,400
55.57564583333333,3,56.10199089028244,0.0009586975145328236,0.05283747920178242,0.05378483922685688,-0.6955291112248925,-0.6993372282587892,-0.16482322836913885,0.9999966214022511,32.29667091148672,6.125804567783375,32.29677807366332,90.2851096563006,1.0,local_static_Gaussian_linearization,range-d50f18cf1a39e2e16bab8348,9,opposite_turns,400
55.59064583333333,3,56.11369185065019,0.0009583120378661137,0.05282744501474647,0.05377442638958772,-0.6955473307668419,-0.6993230154732586,-0.16480664638451273,0.9999966216782348,32.30316586139683,6.126392001094787,32.30327303676663,90.30326621837806,1.0,local_static_Gaussian_linearization,range-d50f18cf1a39e2e16bab8348,9,opposite_turns,400
55.90197916666666,3,56.351155973189485,0.000950543099507031,0.05262485122791432,0.05356420245955967,-0.6960400958687067,-0.6989116797976709,-0.16447081438808625,0.9999966161409364,32.4349064696343,6.138290209450139,32.435014266487734,90.67154665008232,1.0,local_static_Gaussian_linearization,range-d50f18cf1a39e2e16bab8348,9,opposite_turns,400
55.916979166666664,3,56.36230267404073,0.0009501809542429621,0.052615390922959464,0.05355438653815067,-0.6960690376730263,-0.6988865607195875,-0.1644550699689559,0.9999966153487857,32.44108686087948,6.138847573697449,32.441194703883745,90.68882396074005,1.0,local_static_Gaussian_linearization,range-d50f18cf1a39e2e16bab8348,9,opposite_turns,400
55.931979166666665,3,56.37342031575955,0.0009498199792635629,0.05260595976246155,0.05354460091533085,-0.6960984232263303,-0.6988609866719871,-0.16443937025442998,0.9999966145103154,32.44725079564717,6.139403378605261,32.44735868623278,90.7060552715858,1.0,local_static_Gaussian_linearization,range-d50f18cf1a39e2e16bab8348,9,opposite_turns,400
56.243312499999995,3,56.597414263360015,0.000942595362412804,0.05241691232593863,0.053348460209199436,-0.6968006576217819,-0.6982350151137692,-0.16412406041445138,0.9999965871346324,32.57136015926716,6.150577875294761,32.571469345726534,91.05300457025426,1.0,local_static_Gaussian_linearization,range-d50f18cf1a39e2e16bab8348,9,opposite_turns,400
56.258312499999995,3,56.60787858742766,0.0009422600976435764,0.05240812644465197,0.05333934520518531,-0.6968385606343958,-0.6982006407995177,-0.16410937084800103,0.9999965853602487,32.57715418086614,6.151098759357478,32.577263443868226,91.06920187590775,1.0,local_static_Gaussian_linearization,range-d50f18cf1a39e2e16bab8348,9,opposite_turns,400
56.273312499999996,3,56.61831383719078,0.000941925964311415,0.0523993691063423,0.05333025985878226,-0.6968767997059053,-0.6981659164408441,-0.16409472615526724,0.9999965835467456,32.58293172514779,6.151618089276217,32.58304106590919,91.08535312289379,1.0,local_static_Gaussian_linearization,range-d50f18cf1a39e2e16bab8348,9,opposite_turns,400
56.584645833333326,3,56.828741358149365,0.0009352301503440892,0.05222363538064952,0.05314795232424739,-0.6977342095179797,-0.6973758931031563,-0.1638103677637503,0.9999965376258937,32.69936155343681,6.162068772901611,32.69947276675702,91.4108360195016,1.0,local_static_Gaussian_linearization,range-d50f18cf1a39e2e16bab8348,9,opposite_turns,400
56.59964583333333,3,56.83847909602057,0.0009349221745948644,0.052215540028063556,0.053139554477116296,-0.6977767719082693,-0.6973361440682464,-0.1637982868082131,0.9999965351361321,32.70474683109948,6.162551533079398,32.704858143039594,91.42589074994883,1.0,local_static_Gaussian_linearization,range-d50f18cf1a39e2e16bab8348,9,opposite_turns,400
56.61464583333333,3,56.84814325904152,0.000934616693330581,0.05220750924707314,0.05313122367474854,-0.6978190054844412,-0.6972967353807573,-0.16378613620219212,0.9999965326682955,32.71009111953078,6.163030552660527,32.71020252927129,91.44083089338586,1.0,local_static_Gaussian_linearization,range-d50f18cf1a39e2e16bab8348,9,opposite_turns,400
56.92597916666666,3,57.02339397222845,0.0009291057454172791,0.05206245029802884,0.05298076296279049,-0.6985182734162887,-0.6966665767910158,-0.16348670430898726,0.9999964970404694,32.806955738245414,6.171700267326102,32.807068631898325,91.71161848333409,1.0,local_static_Gaussian_linearization,range-d50f18cf1a39e2e16bab8348,9,opposite_turns,400
56.94097916666666,3,57.03026362090198,0.0009288908407261411,0.05205678678541741,0.05297488952165309,-0.6985410867674087,-0.6966477050830774,-0.16346964580707082,0.9999964962980081,32.81075054154951,6.172039361200983,32.810863472422874,91.72222689734078,1.0,local_static_Gaussian_linearization,range-d50f18cf1a39e2e16bab8348,9,opposite_turns,400
56.95597916666666,3,57.03696545352215,0.0009286812699753946,0.052051263417879634,0.05296916151291966,-0.6985629071675963,-0.6966298623295438,-0.1634524384653739,0.999996495639583,32.81445242836511,6.172370104043467,32.814565393430414,91.7325755563724,1.0,local_static_Gaussian_linearization,range-d50f18cf1a39e2e16bab8348,9,opposite_turns,400
57.267312499999996,3,57.13824377489659,0.0009255190366550045,0.05196772676146624,0.052882532334701096,-0.6988165030838295,-0.6964303702607457,-0.163218364151122,0.9999964917858505,32.87046328800797,6.1773777024233345,32.87057657379617,91.88915388594346,1.0,local_static_Gaussian_linearization,range-d50f18cf1a39e2e16bab8348,9,opposite_turns,400
57.282312499999996,3,57.1415780635302,0.0009254149465727813,0.0519649671936102,0.052879670410746205,-0.6988223063546267,-0.6964254933993441,-0.16321432622377335,0.9999964917402442,32.872311858799534,6.177543324052194,32.872425152546874,91.89432155730792,1.0,local_static_Gaussian_linearization,range-d50f18cf1a39e2e16bab8348,9,opposite_turns,400
57.2973125,3,57.14481003815239,0.0009253140511978126,0.05196229172313811,0.05287689568133222,-0.6988278607352312,-0.6964207665165086,-0.16321071357229688,0.9999964916894587,32.87410399119927,6.177703912868433,32.874217292875194,91.8993314559948,1.0,local_static_Gaussian_linearization,range-d50f18cf1a39e2e16bab8348,9,opposite_turns,400
57.60864583333333,3,57.19623617968511,0.0009237082154598133,0.05191961840589832,0.05283263325255494,-0.6989230432098199,-0.696323444589511,-0.1632183818855042,0.9999964873248676,32.90266670319685,6.180267754880467,32.90278024617452,91.97917872016636,1.0,local_static_Gaussian_linearization,range-d50f18cf1a39e2e16bab8348,9,opposite_turns,400
57.62364583333333,3,57.19823046266029,0.0009236459376140997,0.051917960392974506,0.05283091320555122,-0.698927766660167,-0.6963179563569757,-0.1632215691821265,0.9999964869269821,32.90377592085902,6.180367481546734,32.9038894805946,91.98227956666636,1.0,local_static_Gaussian_linearization,range-d50f18cf1a39e2e16bab8348,9,opposite_turns,400
57.63864583333333,3,57.20019643329606,0.0009235845487703309,0.05191632596852063,0.05282921761242003,-0.6989325579996878,-0.6963123753575428,-0.1632248611331894,0.9999964865149541,32.90486941385373,6.180465798037361,32.90498299074984,91.98533645624374,1.0,local_static_Gaussian_linearization,range-d50f18cf1a39e2e16bab8348,9,opposite_turns,400
57.94997916666666,3,57.23530588472385,0.0009224904279241326,0.05188722008740248,0.05279902181796753,-0.6990468621927867,-0.6961838108837144,-0.16328375890408597,0.9999964763452902,32.92437673051525,6.1822179140720275,32.924490704872746,92.03986994886374,1.0,local_static_Gaussian_linearization,range-d50f18cf1a39e2e16bab8348,9,opposite_turns,400
57.96497916666666,3,57.23671387708416,0.0009224466987327522,0.05188605942113355,0.05279781776222739,-0.6990528680234417,-0.6961774825211569,-0.16328502851977475,0.9999964758466787,32.92515710593942,6.182287828750198,32.92527109917321,92.04205152824083,1.0,local_static_Gaussian_linearization,range-d50f18cf1a39e2e16bab8348,9,opposite_turns,400
57.97997916666666,3,57.23809290205816,0.0009224038850742859,0.05188492338266126,0.05279663926710136,-0.6990588869022983,-0.6961711845429959,-0.163286112253681,0.9999964753520068,32.92592119664507,6.1823562630298134,32.926035208571264,92.04418758344224,1.0,local_static_Gaussian_linearization,range-d50f18cf1a39e2e16bab8348,9,opposite_turns,400
58.2913125,3,57.25956507115504,0.0009217397651602502,0.05186735700649858,0.052778418061864514,-0.6991775959722591,-0.6960537034492434,-0.16327869182794597,0.9999964662713616,32.93778044393125,6.1834149401461564,32.93789479145742,92.07734085151475,1.0,local_static_Gaussian_linearization,range-d50f18cf1a39e2e16bab8348,9,opposite_turns,400
58.3063125,3,57.2602386519933,0.00092171903312508,0.051866811064153806,0.0527778518068266,-0.6991826210839814,-0.6960488983462015,-0.1632776576423504,0.9999964658941023,32.93815086095391,6.18344786662736,32.93826522199473,92.07837638396337,1.0,local_static_Gaussian_linearization,range-d50f18cf1a39e2e16bab8348,9,opposite_turns,400
58.3213125,3,57.26087896075308,0.0009216993342849474,0.051866292568152325,0.052777314018697064,-0.6991875543827095,-0.6960441840680335,-0.16327662913409077,0.9999964655221151,32.938502829134215,6.1834791406560194,32.93861720345437,92.07936034232009,1.0,local_static_Gaussian_linearization,range-d50f18cf1a39e2e16bab8348,9,opposite_turns,400
58.63264583333333,3,57.26719915949241,0.0009215064499746397,0.05186125977623584,0.05277209339745452,-0.6992679475960553,-0.695966976057545,-0.16326146422875573,0.9999964589590444,32.94194968302972,6.1837832538882855,32.942064281896236,92.08899659316864,1.0,local_static_Gaussian_linearization,range-d50f18cf1a39e2e16bab8348,9,opposite_turns,400
58.64764583333333,3,57.267193411298024,0.0009215068061192033,0.051861274315881216,0.052772108495855924,-0.6992709594287161,-0.6959642345754653,-0.1632602508004622,0.9999964587166912,32.94194330947528,6.183782419953581,32.94205791616016,92.08897879785859,1.0,local_static_Gaussian_linearization,range-d50f18cf1a39e2e16bab8348,9,opposite_turns,400
58.66264583333333,3,57.267159349293166,0.0009215080572259963,0.051861313085892626,0.0527721487548187,-0.699273954291026,-0.695961583265215,-0.16325872555293003,0.9999964584869475,32.941920939838646,6.183780124303529,32.94203555387797,92.0889162844681,1.0,local_static_Gaussian_linearization,range-d50f18cf1a39e2e16bab8348,9,opposite_turns,400
58.97397916666666,3,57.26016385684541,0.0009217365765127847,0.05186770041164462,0.052778787403969775,-0.6993481723962715,-0.6959268622797229,-0.16308873696087844,0.9999964580346992,32.93783714977795,6.183395318169088,32.93795176394098,92.07750011715154,1.0,local_static_Gaussian_linearization,range-d50f18cf1a39e2e16bab8348,9,opposite_turns,400
58.98897916666666,3,57.259533748777336,0.0009217571772019002,0.051868276267961165,0.05277938619616994,-0.6993528656808854,-0.6959262293756507,-0.16307131118293516,0.9999964582831917,32.937469085888964,6.18336057117525,32.93758369070409,92.0764711744973,1.0,local_static_Gaussian_linearization,range-d50f18cf1a39e2e16bab8348,9,opposite_turns,400
59.00397916666666,3,57.25887711868435,0.0009217786578914511,0.051868877014205526,0.05278001090283238,-0.6993576959906032,-0.6959257072834291,-0.16305282273169358,0.9999964585626474,32.937085313199255,6.183324318513618,32.93719990760945,92.0753983151952,1.0,local_static_Gaussian_linearization,range-d50f18cf1a39e2e16bab8348,9,opposite_turns,400
40.883312499999995,3,159.149531224318,0.00012628842532845882,0.01997443805990338,0.020098743690081508,-0.69575956821958,-0.6967456517159615,-0.17453973772698148,0.999999349038984,88.98523362820424,9.99142554458292,88.98529118944779,248.75691174249255,1.0,local_static_Gaussian_linearization,range-62f93e0cb51c04249c66dded,10,opposite_turns,700
40.898312499999996,3,159.14966997940036,0.00012628820097561393,0.019974420118815634,0.020098725507561144,-0.695759283295758,-0.6967457343237611,-0.1745405437410342,0.9999993490376023,88.98531266983406,9.991430049365762,88.98537023125142,248.75713270254906,1.0,local_static_Gaussian_linearization,range-62f93e0cb51c04249c66dded,10,opposite_turns,700
40.913312499999996,3,159.14980833365416,0.00012628797754582398,0.019974402272172943,0.02009870742126271,-0.6957589979843593,-0.6967458261260838,-0.17454131459250782,0.9999993490364808,88.98539138649254,9.99143453017973,88.98544894806268,248.75735275409474,1.0,local_static_Gaussian_linearization,range-62f93e0cb51c04249c66dded,10,opposite_turns,700
41.22464583333333,3,159.15244481614548,0.00012628373255516208,0.01997406413674099,0.020098364776662304,-0.6957531447990416,-0.6967484570078987,-0.17455414391917495,0.9999993490339419,88.98688698262185,9.99151940948008,88.98694454538871,248.76153367171673,1.0,local_static_Gaussian_linearization,range-62f93e0cb51c04249c66dded,10,opposite_turns,700
41.23964583333333,3,159.1525454854001,0.00012628356954248125,0.019974051081034557,0.020098351545668434,-0.6957529015242913,-0.6967485552169335,-0.1745547215736237,0.9999993490334453,88.98694441675737,9.991522687244883,88.98700197960505,248.76169422811986,1.0,local_static_Gaussian_linearization,range-62f93e0cb51c04249c66dded,10,opposite_turns,700
41.25464583333333,3,159.15264234117652,0.000126283412494662,0.019974038487171643,0.020098338782386205,-0.6957526659251116,-0.6967486455384375,-0.17455530011561518,0.9999993490328195,88.98699974938675,9.99152584921835,88.98705731232842,248.7618489098341,1.0,local_static_Gaussian_linearization,range-62f93e0cb51c04249c66dded,10,opposite_turns,700
41.565979166666665,3,159.15371692531704,0.0001262816177844027,0.019973890631920302,0.020098188849729907,-0.6957499279424325,-0.6967482900705264,-0.17456763174167553,0.9999993489839706,88.98763208299596,9.991563015273426,88.98768965066901,248.76361660122083,1.0,local_static_Gaussian_linearization,range-62f93e0cb51c04249c66dded,10,opposite_turns,700
41.580979166666665,3,159.15372778910964,0.00012628159552074145,0.019973888497303038,0.02009818667828253,-0.6957499020167921,-0.6967481652716906,-0.17456823317590553,0.9999993489799522,88.98763992697769,9.991563555292394,88.98769749500958,248.76363852994538,1.0,local_static_Gaussian_linearization,range-62f93e0cb51c04249c66dded,10,opposite_turns,700
41.595979166666666,3,159.1537359723778,0.0001262815774798827,0.0199738866920867,0.020098184840408623,-0.69574988451663,-0.6967480320352307,-0.17456883470462045,0.9999993489758088,88.98764628309564,9.991564012749608,88.98770385149663,248.7636562993999,1.0,local_static_Gaussian_linearization,range-62f93e0cb51c04249c66dded,10,opposite_turns,700
41.907312499999996,3,159.15363080218359,0.00012628164280418204,0.019973884042906006,0.020098181955950013,-0.6957508530504782,-0.6967440077181687,-0.1745810361647461,0.9999993488733658,88.98762325780065,9.991564782800923,88.98768083524492,248.76359195784843,1.0,local_static_Gaussian_linearization,range-62f93e0cb51c04249c66dded,10,opposite_turns,700
41.9223125,3,159.15362806922172,0.00012628164296674298,0.019973883736947678,0.020098181636699262,-0.6957509357304716,-0.6967437872259146,-0.17458158663576906,0.9999993488682742,88.98762320007182,9.991564864738159,88.9876807779685,248.76359179773314,1.0,local_static_Gaussian_linearization,range-62f93e0cb51c04249c66dded,10,opposite_turns,700
41.9373125,3,159.15362695377314,0.0001262816406770973,0.01997388324725505,0.020098181131433166,-0.6957510191426641,-0.6967435673600518,-0.1745821316868748,0.9999993488632251,88.98762400635552,9.99156499274305,88.98768158469804,248.7635940529322,1.0,local_static_Gaussian_linearization,range-62f93e0cb51c04249c66dded,10,opposite_turns,700
42.24864583333333,3,159.15420303021074,0.0001262806766028635,0.019973803746896706,0.02009810044284452,-0.695752528373971,-0.6967396155792179,-0.1745918879666276,0.9999993487769416,88.98796368058889,9.991585032847755,88.98802126678365,248.764543628592,1.0,local_static_Gaussian_linearization,range-62f93e0cb51c04249c66dded,10,opposite_turns,700
42.26364583333333,3,159.1542666956115,0.00012628057501730237,0.0199737957284808,0.02009809231477892,-0.6957525770077365,-0.6967394691593781,-0.17459227847359504,0.9999993487739265,88.98799947320033,9.99158704837684,88.9880570596847,248.76464368705572,1.0,local_static_Gaussian_linearization,range-62f93e0cb51c04249c66dded,10,opposite_turns,700
42.27864583333333,3,159.15433390516785,0.00012628046797877692,0.019973787294949495,0.020098083766395117,-0.695752622720135,-0.6967393274301398,-0.17459266190264228,0.9999993487710265,88.98803718717927,9.991589167980996,88.98809477394308,248.76474911664204,1.0,local_static_Gaussian_linearization,range-62f93e0cb51c04249c66dded,10,opposite_turns,700
42.58997916666666,3,159.15649135223973,0.00012627707219708945,0.019973522784995472,0.020097815749122217,-0.6957529514481052,-0.6967373539523172,-0.1745992272570927,0.9999993487342643,88.98923368741406,9.991655593807797,88.9892912782089,248.76809392455436,1.0,local_static_Gaussian_linearization,range-62f93e0cb51c04249c66dded,10,opposite_turns,700
42.60497916666666,3,159.15662916283648,0.00012627685637042388,0.019973506056295567,0.020097798801196318,-0.6957529428986201,-0.6967372958699194,-0.17459949310287748,0.9999993487334113,88.98930973548276,9.991659793419528,88.98936732640313,248.76830651602526,1.0,local_static_Gaussian_linearization,range-62f93e0cb51c04249c66dded,10,opposite_turns,700
42.61997916666666,3,159.15676971898228,0.00012627663632401205,0.0199734890066759,0.020097781528308458,-0.695752933290859,-0.6967372400331421,-0.17459975420419402,0.9999993487326262,88.98938727061915,9.991664073514741,88.9894448616583,248.76852326455045,1.0,local_static_Gaussian_linearization,range-62f93e0cb51c04249c66dded,10,opposite_turns,700
42.9313125,3,159.1601666763217,0.00012627133606770964,0.019973079702851587,0.0200973668949785,-0.6957527619812925,-0.6967363246488784,-0.17460408961469373,0.9999993487274095,88.9912549212976,9.991766811377698,88.99131251401393,248.77374425586243,1.0,local_static_Gaussian_linearization,range-62f93e0cb51c04249c66dded,10,opposite_turns,700
42.9463125,3,159.1603463142346,0.0001262710564888689,0.019973058167496307,0.020097345080232656,-0.6957527639298441,-0.6967362827701378,-0.1746042489621394,0.9999993487275102,88.9913534397572,9.991772216557349,88.99141103253,248.7740196627469,1.0,local_static_Gaussian_linearization,range-62f93e0cb51c04249c66dded,10,opposite_turns,700
42.9613125,3,159.16052678054814,0.00012627077566239694,0.01997303653923156,0.020097323171415514,-0.6957527672356807,-0.6967362401964592,-0.17460440567406948,0.9999993487276204,88.9914523981872,9.99177764505364,88.99150999101809,248.77429629956583,1.0,local_static_Gaussian_linearization,range-62f93e0cb51c04249c66dded,10,opposite_turns,700
43.27264583333333,3,159.16427240401748,0.00012626495563957722,0.019972588962746923,0.020096869794498852,-0.6957532734809431,-0.6967350543431852,-0.17460712038731677,0.9999993487284135,88.99350334862336,9.991889985174788,88.9935609427175,248.78002970116574,1.0,local_static_Gaussian_linearization,range-62f93e0cb51c04249c66dded,10,opposite_turns,700
43.28764583333333,3,159.1644462814218,0.00012626468580095678,0.019972568237191946,0.020096848800406984,-0.6957533205111298,-0.6967349794218107,-0.17460723194594704,0.9999993487282641,88.99359844198923,9.991895187448291,88.99365603615843,248.78029553330921,1.0,local_static_Gaussian_linearization,range-62f93e0cb51c04249c66dded,10,opposite_turns,700
43.30264583333333,3,159.1646192007968,0.00012626441747231926,0.019972547629393322,0.02009682792559213,-0.6957533693006068,-0.6967349030474519,-0.17460734229210137,0.9999993487280953,88.99369300352521,9.991900360189296,88.99375059777073,248.78055987873452,1.0,local_static_Gaussian_linearization,range-62f93e0cb51c04249c66dded,10,opposite_turns,700
43.61397916666666,3,159.17447984323005,0.0001262488389840097,0.019971329305359775,0.02009559327609145,-0.6957575968927645,-0.6967206967043519,-0.17464717904909885,0.9999993484539764,88.99918350278266,9.99220645839917,88.99924112484698,248.79590855648868,1.0,local_static_Gaussian_linearization,range-62f93e0cb51c04249c66dded,10,opposite_turns,700
43.62897916666666,3,159.17627083000536,0.0001262460413379457,0.019971112963967644,0.0200953740672249,-0.6957594104153509,-0.6967177269724854,-0.1746518014243693,0.9999993484104,89.000169616324,9.992260808312464,89.0002272428852,248.79866523317673,1.0,local_static_Gaussian_linearization,range-62f93e0cb51c04249c66dded,10,opposite_turns,700
43.64397916666666,3,159.1782864468447,0.00012624290124125498,0.01997087079153393,0.020095128695661213,-0.6957616299490796,-0.6967144030334957,-0.17465621917435264,0.9999993483649022,89.00127647611693,9.992321644747458,89.0013341074236,248.80175945471169,1.0,local_static_Gaussian_linearization,range-62f93e0cb51c04249c66dded,10,opposite_turns,700
43.9553125,3,159.2792786228257,0.0001260879616612624,0.01995909428684276,0.02008319957642838,-0.6959199270485713,-0.6965539655898713,-0.17466547500217397,0.9999993470558313,89.05594290595678,9.995280307213022,89.05600068873477,248.95457897983445,1.0,local_static_Gaussian_linearization,range-62f93e0cb51c04249c66dded,10,opposite_turns,700
43.9703125,3,159.2871372676925,0.00012607596161807506,0.019958185430679974,0.02008227900441465,-0.6959331617168072,-0.6965416047072227,-0.17466203747447556,0.9999993469728204,89.06018101710174,9.995508730623648,89.06023880999288,248.96642657781013,1.0,local_static_Gaussian_linearization,range-62f93e0cb51c04249c66dded,10,opposite_turns,700
43.9853125,3,159.29526141100766,0.00012606355980584116,0.019957246243971376,0.020081327713673665,-0.6959468817685591,-0.6965288281408217,-0.17465832166087258,0.9999993468876712,89.06456165880164,9.99574479264726,89.06461946209245,248.97867261839886,1.0,local_static_Gaussian_linearization,range-62f93e0cb51c04249c66dded,10,opposite_turns,700
44.29664583333333,3,159.51535788941428,0.0001257285490921255,0.01993187951897846,0.02005563450534719,-0.6963268433786389,-0.696179020512016,-0.17453853038590333,0.9999993445985955,89.18314125710441,10.00212692174662,89.18319934071587,249.3101607104967,1.0,local_static_Gaussian_linearization,range-62f93e0cb51c04249c66dded,10,opposite_turns,700
44.31164583333333,3,159.52795452747384,0.0001257094244221043,0.019930430989238825,0.020054167342884364,-0.6963490695283823,-0.6961585534454294,-0.17453149237809162,0.9999993444617267,89.18992487827916,10.002491736562842,89.18998297846505,249.32912425777863,1.0,local_static_Gaussian_linearization,range-62f93e0cb51c04249c66dded,10,opposite_turns,700
44.32664583333333,3,159.54068647584774,0.00012569009952514463,0.019928967235842573,0.0200526847614592,-0.696371601633731,-0.6961377945764662,-0.17452439199231018,0.9999993443223101,89.19678109350932,10.002860426854474,89.19683921054683,249.34829074131824,1.0,local_static_Gaussian_linearization,range-62f93e0cb51c04249c66dded,10,opposite_turns,700
44.63797916666666,3,159.82627122613079,0.0001252580377201,0.01989622859494488,0.020019525109905623,-0.6968982243363196,-0.6956496245944118,-0.17436876073006494,0.9999993408625555,89.35048487802425,10.011117565491904,89.3505434030431,249.77796827269637,1.0,local_static_Gaussian_linearization,range-62f93e0cb51c04249c66dded,10,opposite_turns,700
44.65297916666666,3,159.84070415087453,0.00012523627426975402,0.019894578958632197,0.020017854264509534,-0.6969259569690003,-0.6956237721241817,-0.17436105688647296,0.999999340670284,89.35824814826383,10.011534181642672,89.35830669547467,249.79967042846187,1.0,local_static_Gaussian_linearization,range-62f93e0cb51c04249c66dded,10,opposite_turns,700
44.66797916666666,3,159.85517492863832,0.0001252144606777117,0.01989292546745825,0.020016179515230707,-0.6969538623598655,-0.6955977463647386,-0.1743533452330715,0.9999993404759319,89.36603133538074,10.011951824773774,89.36608990498225,249.82142826208437,1.0,local_static_Gaussian_linearization,range-62f93e0cb51c04249c66dded,10,opposite_turns,700
44.97931249999999,3,160.1615047706972,0.00012475427756198862,0.019858027274236224,0.019980832820909324,-0.6975626731894964,-0.695027517408397,-0.17419261470522968,0.9999993360600029,89.53070218576963,10.02077894339356,89.53076125687538,250.28176430641093,1.0,local_static_Gaussian_linearization,range-62f93e0cb51c04249c66dded,10,opposite_turns,700
44.99431249999999,3,160.17647518383518,0.00012473186360275476,0.019856326554885537,0.01997911025500016,-0.6975930292620637,-0.6949989942606847,-0.174184854397889,0.9999993358331233,89.53874600978875,10.021209726759949,89.5388051064252,250.30425075496652,1.0,local_static_Gaussian_linearization,range-62f93e0cb51c04249c66dded,10,opposite_turns,700
45.00931249999999,3,160.19146095749994,0.0001247094334659855,0.019854624504434377,0.019977386342098353,-0.6976234481796536,-0.6949704059184588,-0.1741770922006188,0.9999993356053071,89.54679781028734,10.021640903374644,89.54685693254275,250.32675950188545,1.0,local_static_Gaussian_linearization,range-62f93e0cb51c04249c66dded,10,opposite_turns,700
45.32064583333333,3,160.5054915831139,0.00012424094360991697,0.019819048545428417,0.019941353728859655,-0.698264736238376,-0.6943666431906145,-0.17401529516151448,0.9999993307172629,89.71547080574771,10.030666103012784,89.71553047587297,250.79828360626985,1.0,local_static_Gaussian_linearization,range-62f93e0cb51c04249c66dded,10,opposite_turns,700
45.33564583333333,3,160.5207455337648,0.00012421826062242942,0.019817324731456393,0.01993960780401987,-0.6982959692943767,-0.6943371955597887,-0.1740074657289016,0.99999933047572,89.72366169748784,10.031104035614518,89.72372139463167,250.82118118436966,1.0,local_static_Gaussian_linearization,range-62f93e0cb51c04249c66dded,10,opposite_turns,700
45.35064583333333,3,160.536008976804,0.00012419557031103856,0.019815600235843955,0.01993786119033218,-0.6983272250684702,-0.6943077231259496,-0.17399963314855063,0.9999993302337107,89.73185747882735,10.03154219889481,89.73191720304101,250.84409243140712,1.0,local_static_Gaussian_linearization,range-62f93e0cb51c04249c66dded,10,opposite_turns,700
45.66197916666666,3,160.85448974518798,0.00012372367314755843,0.019779707366627552,0.019901508313550927,-0.69898042824876,-0.6936910347685589,-0.17383644383991037,0.9999993251092693,89.90281827718225,10.040675012559735,89.90287857374315,251.3220121194215,1.0,local_static_Gaussian_linearization,range-62f93e0cb51c04249c66dded,10,opposite_turns,700
45.67697916666666,3,160.8698943906803,0.0001237009229200701,0.019777975636735293,0.019899754406181358,-0.6990120967122959,-0.6936610991407938,-0.17382855976123524,0.9999993248574871,89.91108503022747,10.041116277737652,89.9111453548628,251.34512176949832,1.0,local_static_Gaussian_linearization,range-62f93e0cb51c04249c66dded,10,opposite_turns,700
45.69197916666666,3,160.8853028753721,0.00012367817395813306,0.019776243883156307,0.019898000476327195,-0.6990437823230844,-0.6936311437408221,-0.17382067434064163,0.9999993246052494,89.91935360403825,10.041557607315845,89.91941395679638,251.36823650963044,1.0,local_static_Gaussian_linearization,range-62f93e0cb51c04249c66dded,10,opposite_turns,700
46.00331249999999,3,161.2057930041068,0.00012320657488531082,0.019740316750809523,0.0198616136077064,-0.6997051376716487,-0.6930050494774922,-0.17365690805320125,0.9999993192657157,90.0912813764212,10.050726666535196,90.09134232336862,251.84885941862774,1.0,local_static_Gaussian_linearization,range-62f93e0cb51c04249c66dded,10,opposite_turns,700
46.01831249999999,3,161.22126492833064,0.00012318388355688577,0.019738586790067014,0.019859861525825313,-0.6997371693356881,-0.6929746833949455,-0.1736490196452426,0.9999993190034939,90.09957869124642,10.051168810667086,90.09963966732037,251.87205450659695,1.0,local_static_Gaussian_linearization,range-62f93e0cb51c04249c66dded,10,opposite_turns,700
46.033312499999994,3,161.23674023186595,0.00012316119417148943,0.01973685685486107,0.019858109471274844,-0.6997692149634799,-0.6929442999124127,-0.17364113282368107,0.9999993187408269,90.10787758819656,10.051611006810832,90.10793859344643,251.89525401750828,1.0,local_static_Gaussian_linearization,range-62f93e0cb51c04249c66dded,10,opposite_turns,700
46.34464583333333,3,161.55889525292005,0.00012269041504585771,0.019700934273365882,0.019821727912931013,-0.7004371022476037,-0.69231014159185,-0.1734777612377231,0.9999993131952237,90.28058940836267,10.060806573264665,90.28065102883801,252.37806877793946,1.0,local_static_Gaussian_linearization,range-62f93e0cb51c04249c66dded,10,opposite_turns,700
46.35964583333333,3,161.57447161298106,0.00012266772717622632,0.019699201683286028,0.019819973202464085,-0.7004693929968857,-0.6922794398164198,-0.1734699013720772,0.9999993129238924,90.28893786972087,10.06125072598467,90.2889995202773,252.40140684786525,1.0,local_static_Gaussian_linearization,range-62f93e0cb51c04249c66dded,10,opposite_turns,700
46.37464583333333,3,161.59005376560697,0.00012264503770099378,0.019697468839070004,0.019818218236188477,-0.7005016923205277,-0.692248726417846,-0.17346204146425542,0.999999312652217,90.29728923854879,10.061695002748847,90.29735091922804,252.42475304569126,1.0,local_static_Gaussian_linearization,range-62f93e0cb51c04249c66dded,10,opposite_turns,700
46.68597916666666,3,161.91491544816805,0.00012217354769049113,0.0196614299662217,0.019781719644308596,-0.7011737638625447,-0.6916089524585984,-0.1732986143913215,0.999999306942262,90.47135780177888,10.07094822492252,90.47142011550167,252.91136060875854,1.0,local_static_Gaussian_linearization,range-62f93e0cb51c04249c66dded,10,opposite_turns,700
46.70097916666666,3,161.9306441156116,0.00012215079421759253,0.019659689295152823,0.019779956786888285,-0.7012062103360636,-0.6915780340027526,-0.17329071951787556,0.9999993066640414,90.47978359886976,10.071395800197738,90.47984594345033,252.93491487161884,1.0,local_static_Gaussian_linearization,range-62f93e0cb51c04249c66dded,10,opposite_turns,700
46.71597916666666,3,161.94638095830638,0.00012212803572077898,0.019657948098148158,0.019778193398526923,-0.7012386605063552,-0.6915471092836845,-0.173282822728141,0.9999993063855767,90.4882136117051,10.071843570332955,90.48827598717595,252.9584809196141,1.0,local_static_Gaussian_linearization,range-62f93e0cb51c04249c66dded,10,opposite_turns,700
47.027312499999994,3,162.2755156853336,0.0001216535681907999,0.019621612881332396,0.01974139551312295,-0.7019115701001303,-0.6909054275463198,-0.1731179885124784,0.9999993005803754,90.66450030762589,10.08120120804163,90.66456332845964,253.45128927041964,1.0,local_static_Gaussian_linearization,range-62f93e0cb51c04249c66dded,10,opposite_turns,700
47.042312499999994,3,162.29154213045254,0.00012163053674756308,0.019619847207807826,0.01973960737891669,-0.7019438568294468,-0.6908746273741088,-0.17310999714079764,0.9999993003013787,90.6730837990024,10.0816565925751,90.67314685098181,253.4752843658556,1.0,local_static_Gaussian_linearization,range-62f93e0cb51c04249c66dded,10,opposite_turns,700
47.057312499999995,3,162.30759033876964,0.00012160748035538064,0.01961807941784223,0.019737817103651096,-0.7019761171850372,-0.690843852281418,-0.17310200075905888,0.9999993000227034,90.68167903086194,10.08211258396668,90.68174211397435,253.49931228158258,1.0,local_static_Gaussian_linearization,range-62f93e0cb51c04249c66dded,10,opposite_turns,700
47.368645833333325,3,162.64733057424365,0.00012112077437733448,0.01958070766125397,0.0196999706295587,-0.7026353459555331,-0.6902155819129594,-0.17293357423734484,0.999999294400231,90.86369133786508,10.09176662134925,90.86375505612695,254.00812645504695,1.0,local_static_Gaussian_linearization,range-62f93e0cb51c04249c66dded,10,opposite_turns,700
47.383645833333325,3,162.6640972405989,0.00012109681959710598,0.019578865238875687,0.01969810483847091,-0.7026663908508539,-0.6901860472479728,-0.17292531148693402,0.9999992941412484,90.87267797541335,10.092243262384194,90.87274172340214,254.03324853498123,1.0,local_static_Gaussian_linearization,range-62f93e0cb51c04249c66dded,10,opposite_turns,700
47.398645833333326,3,162.68090763038575,0.00012107280807486677,0.019577018131884887,0.01969623430697882,-0.7026973472293613,-0.6901566040061482,-0.17291703254312243,0.9999992938837818,90.8816885763411,10.092721180911647,90.88175235394507,254.05843760383462,1.0,local_static_Gaussian_linearization,range-62f93e0cb51c04249c66dded,10,opposite_turns,700
47.70997916666666,3,163.0410351882758,0.00012055971215673356,0.019537464744185818,0.019656180272034397,-0.7033141801205409,-0.6895723291595558,-0.17274017164179367,0.9999992889911213,91.0748766908019,10.102970874290792,91.07494104770014,254.59849340631285,1.0,local_static_Gaussian_linearization,range-62f93e0cb51c04249c66dded,10,opposite_turns,700
47.724979166666664,3,163.05897379975238,0.00012053421585307753,0.019535494899712305,0.019654185544760665,-0.7033424078251311,-0.6895457378368187,-0.17273138911565558,0.9999992887816458,91.08450858383428,10.103482113466232,91.08457296654286,254.62541927634646,1.0,local_static_Gaussian_linearization,range-62f93e0cb51c04249c66dded,10,opposite_turns,700
47.739979166666664,3,163.07697004974906,0.00012050864325870213,0.01953351872020363,0.019652184407435262,-0.7033704735337545,-0.6895193152938859,-0.17272258334552676,0.9999992885750001,91.09417236832364,10.103995071274,91.09423677661304,254.6524342977797,1.0,local_static_Gaussian_linearization,range-62f93e0cb51c04249c66dded,10,opposite_turns,700
48.051312499999995,3,163.46376159472473,0.00011996034722647377,0.019491039141504234,0.019609169599848705,-0.7039111350374586,-0.6890147255538551,-0.1725335385953182,0.9999992850194444,91.30211422097142,10.11503954943016,91.30217909985892,255.23373362781254,1.0,local_static_Gaussian_linearization,range-62f93e0cb51c04249c66dded,10,opposite_turns,700
48.066312499999995,3,163.48303672874155,0.00011993308891848624,0.01948892173713437,0.01960702558065231,-0.7039349234467605,-0.6889927737184903,-0.1725241470510848,0.999999284887282,91.3124891595721,10.115590966791558,91.31255405787263,255.26273665157584,1.0,local_static_Gaussian_linearization,range-62f93e0cb51c04249c66dded,10,opposite_turns,700
48.081312499999996,3,163.5023699042576,0.00011990575462367014,0.019486797892149382,0.01960487504612846,-0.7039584786252862,-0.6889710656776249,-0.1725147269963061,0.9999992847591377,91.32289657277025,10.116144147591033,91.32296149014749,255.29183045659974,1.0,local_static_Gaussian_linearization,range-62f93e0cb51c04249c66dded,10,opposite_turns,700
48.392645833333326,3,163.9160567235346,0.00011932231398688561,0.019441335830501522,0.01955884318785775,-0.704390147071941,-0.6885802634345337,-0.17231291743916832,0.9999992830743117,91.54589123963046,10.128006022244945,91.54595646982285,255.91520923905523,1.0,local_static_Gaussian_linearization,range-62f93e0cb51c04249c66dded,10,opposite_turns,700
48.407645833333326,3,163.93654471921027,0.00011929348991794371,0.019439083344139206,0.01955656254464364,-0.7044079524826289,-0.6885645414840644,-0.17230295612690513,0.9999992830430645,91.55695037210215,10.128594769376793,91.55701561306415,255.94612489132143,1.0,local_static_Gaussian_linearization,range-62f93e0cb51c04249c66dded,10,opposite_turns,700
48.42264583333333,3,163.95707899176378,0.00011926460737993221,0.01943682566717516,0.01955427665311324,-0.7044254578322365,-0.6885491309203782,-0.17229297335247276,0.9999992830167599,91.5680359594087,10.12918497118073,91.56810121071692,255.97711449645797,1.0,local_static_Gaussian_linearization,range-62f93e0cb51c04249c66dded,10,opposite_turns,700
48.733979166666664,3,164.39221590044195,0.00011865412844216197,0.01938896059116497,0.01950581510034266,-0.7047173232816982,-0.6883035080960023,-0.1720807223642892,0.9999992836346454,91.80329390333013,10.14172099318537,91.80335926696385,256.63477450691903,1.0,local_static_Gaussian_linearization,range-62f93e0cb51c04249c66dded,10,opposite_turns,700
48.748979166666665,3,164.41353443710167,0.00011862429560713673,0.01938661435703085,0.019503439710880904,-0.7047277865565494,-0.6882953911929066,-0.17207033828557003,0.9999992837216545,91.8148369949414,10.142336619167487,91.81490235890384,256.667043029779,1.0,local_static_Gaussian_linearization,range-62f93e0cb51c04249c66dded,10,opposite_turns,700
48.763979166666665,3,164.43487677191905,0.00011859443663794429,0.01938426540184762,0.01950106157439553,-0.7047379060455625,-0.6882876304986928,-0.1720599357346473,0.9999992838140811,91.82639456002511,10.142953066010577,91.8264599238328,256.69935201164066,1.0,local_static_Gaussian_linearization,range-62f93e0cb51c04249c66dded,10,opposite_turns,700
49.075312499999995,3,164.88144380170155,0.00011797130386267032,0.019335091855661,0.019451278908046335,-0.704869120378284,-0.6882076785032999,-0.17184212052416947,0.9999992869405032,92.06859219746181,10.15588253820588,92.06865744866181,257.37641119190306,1.0,local_static_Gaussian_linearization,range-62f93e0cb51c04249c66dded,10,opposite_turns,700
49.090312499999996,3,164.90303491951468,0.00011794125453319644,0.019332713142922866,0.01944887081473906,-0.7048715778734974,-0.6882077848116015,-0.17183161417746817,0.9999992871488006,92.08032018763687,10.15650918205958,92.0803854281339,257.40919656480526,1.0,local_static_Gaussian_linearization,range-62f93e0cb51c04249c66dded,10,opposite_turns,700
49.1053125,3,164.92462228403005,0.00011791121768003549,0.01933033473590976,0.019446463038929898,-0.7048736738825842,-0.6882082625614192,-0.17182110234037296,0.9999992873624177,92.09204778909248,10.15713585586021,92.09211301839963,257.4419808496875,1.0,local_static_Gaussian_linearization,range-62f93e0cb51c04249c66dded,10,opposite_turns,700
49.41664583333333,3,165.3698274379663,0.00011729336358634634,0.019281259211266225,0.019396783295892735,-0.7048363117766263,-0.6883008911133568,-0.1716031960473974,0.9999992929514963,92.33428159044563,10.17009122950645,92.33434647947436,258.11914048913127,1.0,local_static_Gaussian_linearization,range-62f93e0cb51c04249c66dded,10,opposite_turns,700
49.43164583333333,3,165.39104124126825,0.00011726399925020806,0.019278919573358522,0.01939441493610721,-0.7048306770385221,-0.6883092571237825,-0.17159278324896043,0.9999992932738004,92.34584171166077,10.170710047903224,92.34590657928231,258.1514565572053,1.0,local_static_Gaussian_linearization,range-62f93e0cb51c04249c66dded,10,opposite_turns,700
49.44664583333333,3,165.41222406584413,0.00011723468468408469,0.0192765832421543,0.019392049931252403,-0.7048246975964748,-0.6883179733131783,-0.17158238042432167,0.9999992936007333,92.35738657190875,10.171328099173566,92.35745141768295,258.18372996226714,1.0,local_static_Gaussian_linearization,range-62f93e0cb51c04249c66dded,10,opposite_turns,700
49.757979166666665,3,165.84325966115037,0.00011663966801942071,0.019229018184303996,0.019343902750135165,-0.7046258829644786,-0.6885743109353639,-0.17137031066207994,0.9999993013498252,92.59266006249344,10.183934336539862,92.5927243613175,258.8414315901743,1.0,local_static_Gaussian_linearization,range-62f93e0cb51c04249c66dded,10,opposite_turns,700
49.772979166666666,3,165.86352860593803,0.00011661175715988795,0.019226780265471602,0.019341637519477775,-0.7046128456708406,-0.6885901355018116,-0.17136033089731317,0.9999993017659428,92.60374039903743,10.184528557122672,92.60380466730534,258.87240640254896,1.0,local_static_Gaussian_linearization,range-62f93e0cb51c04249c66dded,10,opposite_turns,700
49.787979166666666,3,165.88374412879315,0.00011658392600581171,0.01922454813132659,0.019339378151078224,-0.7045995040664133,-0.6886062654619747,-0.1713503721498061,0.9999993021856871,92.61479305551902,10.18512134048404,92.61485729286682,258.9033038347489,1.0,local_static_Gaussian_linearization,range-62f93e0cb51c04249c66dded,10,opposite_turns,700
50.099312499999996,3,166.2904381206891,0.00011602531880862733,0.01917961780722732,0.019293901097779266,-0.7042583345418115,-0.6890051356798218,-0.17114941202126202,0.9999993116260969,92.83747449960379,10.197074419431303,92.83753802123148,259.5258041328559,1.0,local_static_Gaussian_linearization,range-62f93e0cb51c04249c66dded,10,opposite_turns,700
50.1143125,3,166.30937888204195,0.00011599936316951555,0.019177524157670867,0.019291782039434546,-0.7042390199709323,-0.6890272064635439,-0.17114003477686315,0.9999993121118301,92.84786046866485,10.197632384408008,92.84792395261879,259.5548378325038,1.0,local_static_Gaussian_linearization,range-62f93e0cb51c04249c66dded,10,opposite_turns,700
50.1293125,3,166.32825695232467,0.00011597349877510533,0.019175437342029682,0.01928966990392583,-0.7042194613514878,-0.689049518573011,-0.17113068458964956,0.999999312600044,92.85821339529402,10.198188615049752,92.85827684130676,259.5837791618315,1.0,local_static_Gaussian_linearization,range-62f93e0cb51c04249c66dded,10,opposite_turns,700
50.44064583333333,3,166.70623319151653,0.00011545678242825267,0.0191336386632416,0.019247365295026478,-0.7037640417490554,-0.6895611958180686,-0.1709430629273661,0.9999993232020874,93.0657716599514,10.209348196153538,93.06583426791471,260.16400251967036,1.0,local_static_Gaussian_linearization,range-62f93e0cb51c04249c66dded,10,opposite_turns,700
50.45564583333333,3,166.72380740157683,0.00011543281177360384,0.01913169472092985,0.019245397877964796,-0.7037400022865327,-0.6895878929839305,-0.17093433543830308,0.999999323731154,93.07543417673344,10.209868051908142,93.07549674228686,260.1910138071818,1.0,local_static_Gaussian_linearization,range-62f93e0cb51c04249c66dded,10,opposite_turns,700
50.47064583333333,3,166.741327420258,0.00011540892003756967,0.019129756764035156,0.019243436523202775,-0.7037157970753384,-0.6896147504069996,-0.1709256357826786,0.999999324261515,93.08506787725015,10.21038638298556,93.08513040024953,260.21794453889646,1.0,local_static_Gaussian_linearization,range-62f93e0cb51c04249c66dded,10,opposite_turns,700
50.78197916666666,3,167.09427187998696,0.00011492874637792756,0.019090725759607595,0.019203935194099495,-0.7031821754639195,-0.6902022091895276,-0.17075051548889844,0.999999335484766,93.27932148759992,10.22084197092426,93.27938310127558,260.7609747561265,1.0,local_static_Gaussian_linearization,range-62f93e0cb51c04249c66dded,10,opposite_turns,700
50.79697916666666,3,167.1108432192336,0.00011490625781258641,0.01908889423027728,0.019202081634227965,-0.7031552426449679,-0.690231679092364,-0.1707423026617367,0.9999993360325123,93.2884490459818,10.221333365347563,93.2885106149309,260.78649056979003,1.0,local_static_Gaussian_linearization,range-62f93e0cb51c04249c66dded,10,opposite_turns,700
50.81197916666666,3,167.12738241245097,0.00011488381824657369,0.0190870664039214,0.019200231825097634,-0.7031282206908073,-0.6902612334142638,-0.17073410588865662,0.9999993365806445,93.29755938807847,10.221823835238984,93.29762091224497,260.8119582554559,1.0,local_static_Gaussian_linearization,range-62f93e0cb51c04249c66dded,10,opposite_turns,700
51.1233125,3,167.46485345434084,0.00011442718418298255,0.01904981359205176,0.01916253163039604,-0.7025508986898982,-0.6908901255650232,-0.1705669051919577,0.9999993480059379,93.48353210315905,10.231835176480088,93.4835926890429,261.3318392857829,1.0,local_static_Gaussian_linearization,range-62f93e0cb51c04249c66dded,10,opposite_turns,700
51.1383125,3,167.48088933575977,0.0001144055466219763,0.019048045855670968,0.019160742693192317,-0.7025224276309525,-0.690921038749548,-0.1705589542907638,0.9999993485573682,93.4923720229552,10.232310958523849,93.49243256336489,261.3565510084411,1.0,local_static_Gaussian_linearization,range-62f93e0cb51c04249c66dded,10,opposite_turns,700
51.1533125,3,167.4969087562119,0.00011438393694222895,0.019046280185266735,0.01915895584918882,-0.7024939059023052,-0.6909519992787552,-0.17055100956257668,0.9999993491087963,93.50120305542602,10.232786249899968,93.50126355033565,261.38123788665564,1.0,local_static_Gaussian_linearization,range-62f93e0cb51c04249c66dded,10,opposite_turns,700
51.46464583333333,3,167.82626977224248,0.00011394091844555241,0.019010037747321146,0.019122279317140358,-0.7018917582364543,-0.691604070917659,-0.17038711456521954,0.9999993605412211,93.68280076022687,10.242556646745186,93.68286030873986,261.8888886253256,1.0,local_static_Gaussian_linearization,range-62f93e0cb51c04249c66dded,10,opposite_turns,700
51.47964583333333,3,167.84200953725315,0.00011391980904343188,0.019008308790834823,0.01912052967594975,-0.7018623050763486,-0.6916358979973352,-0.17037925141969076,0.9999993610909405,93.69148014611693,10.243023439245997,93.69153964898396,261.91315157762057,1.0,local_static_Gaussian_linearization,range-62f93e0cb51c04249c66dded,10,opposite_turns,700
51.49464583333333,3,167.8577391929769,0.00011389871890458198,0.01900658123304881,0.01911878145229951,-0.7018328147699067,-0.6916677594699236,-0.17037139026845244,0.9999993616405253,93.70015402118791,10.243489917319144,93.7002134784061,261.93739912450377,1.0,local_static_Gaussian_linearization,range-62f93e0cb51c04249c66dded,10,opposite_turns,700
51.80597916666666,3,168.18227412251093,0.00011346486971192762,0.018971004733630607,0.0190827798211664,-0.7012130558712055,-0.6923360788204694,-0.1702087078831817,0.9999993730081325,93.87912215259183,10.2531104329734,93.87918066326202,262.4376989337523,1.0,local_static_Gaussian_linearization,range-62f93e0cb51c04249c66dded,10,opposite_turns,700
51.82097916666666,3,168.19783243208155,0.00011344413288411397,0.018969302486425935,0.019081057253244993,-0.7011828631981533,-0.692368578566739,-0.17020089239105968,0.999999373553491,93.88770204882303,10.25357142649987,93.88776051397723,262.4616837647125,1.0,local_static_Gaussian_linearization,range-62f93e0cb51c04249c66dded,10,opposite_turns,700
51.83597916666666,3,168.21338499678373,0.00011342340942869504,0.018967601178749748,0.019079335637876907,-0.7011526434000744,-0.6924011020992856,-0.17019307995562935,0.9999993740985883,93.89627876277581,10.25403222744479,93.89633718242754,262.48565969970383,1.0,local_static_Gaussian_linearization,range-62f93e0cb51c04249c66dded,10,opposite_turns,700
52.14731249999999,3,168.535115867862,0.00011299600228937843,0.018932478730957127,0.019043794338445594,-0.7005202393533412,-0.6930805331027435,-0.1700316702569092,0.9999993853413346,94.07369344289083,10.263559036866408,94.0737509222516,262.9816168790242,1.0,local_static_Gaussian_linearization,range-62f93e0cb51c04249c66dded,10,opposite_turns,700
52.16231249999999,3,168.55057653778934,0.00011297552593175165,0.018930794490507778,0.01904209003045671,-0.7004895651711425,-0.6931134329335074,-0.1700239341195015,0.9999993858790317,94.08221834531336,10.264016545943385,94.08227577963214,263.0054479770257,1.0,local_static_Gaussian_linearization,range-62f93e0cb51c04249c66dded,10,opposite_turns,700
52.17731249999999,3,168.5660345927309,0.00011295505881605072,0.01892911087044374,0.019040386351810358,-0.7004588760545064,-0.6931463439392244,-0.1700162016989687,0.9999993864163186,94.0907417164443,10.264473947621406,94.09079910574064,263.02927479438154,1.0,local_static_Gaussian_linearization,range-62f93e0cb51c04249c66dded,10,opposite_turns,700
52.48864583333333,3,168.88645420295595,0.00011253211907804315,0.01889428960884201,0.019005150575035518,-0.6998192221983974,-0.6938313140186042,-0.16985630376540897,0.9999993974693938,94.26739184092368,10.27394783759151,94.26744830287498,263.5230947072408,1.0,local_static_Gaussian_linearization,range-62f93e0cb51c04249c66dded,10,opposite_turns,700
52.50364583333333,3,168.9018768382073,0.00011251182514336174,0.018892617357325864,0.019003458433206,-0.6997882993878342,-0.6938643837974898,-0.16984861770768822,0.9999993979969699,94.27589308579746,10.274403471361797,94.27594950343097,263.54685967297996,1.0,local_static_Gaussian_linearization,range-62f93e0cb51c04249c66dded,10,opposite_turns,700
52.51864583333333,3,168.91729822791453,0.00011249153866649051,0.01889094559221076,0.019001766785044557,-0.6997573687406093,-0.6938974581823594,-0.169840932702572,0.9999993985240735,94.2843935056394,10.27485903327677,94.28444987898958,263.5706223324527,1.0,local_static_Gaussian_linearization,range-62f93e0cb51c04249c66dded,10,opposite_turns,700
52.82997916666666,3,169.2370951676909,0.00011207216406867676,0.01885635734794962,0.01896676749613972,-0.6991139368912237,-0.694584639253814,-0.1696817083751321,0.9999994093536582,94.46063613735109,10.284298091067358,94.46069159981961,264.0633031520336,1.0,local_static_Gaussian_linearization,range-62f93e0cb51c04249c66dded,10,opposite_turns,700
52.84497916666666,3,169.2524962717118,0.00011205203068421415,0.018854695491535223,0.01896508590561769,-0.6990828964443636,-0.6946177497591347,-0.1696740569990434,0.9999994098697453,94.46912209573078,10.284752264920915,94.46917751474554,264.0870253870464,1.0,local_static_Gaussian_linearization,range-62f93e0cb51c04249c66dded,10,opposite_turns,700
52.85997916666666,3,169.26789894777454,0.00011203190112384718,0.018853033834712,0.018963404518358436,-0.6990518582004992,-0.6946508544221309,-0.16966640798058,0.9999994103852528,94.47760872903449,10.28520644466449,94.47766410463959,264.11074950892146,1.0,local_static_Gaussian_linearization,range-62f93e0cb51c04249c66dded,10,opposite_turns,700
53.17131249999999,3,169.58911935584396,0.0001116134817874887,0.018818471534264893,0.018928432084579738,-0.6984109965678976,-0.6953339056767981,-0.1695076384393513,0.9999994209319877,94.65453404058661,10.294667119271041,94.65458852814149,264.60533881254537,1.0,local_static_Gaussian_linearization,range-62f93e0cb51c04249c66dded,10,opposite_turns,700
53.18631249999999,3,169.60474143345758,0.00011159320191357397,0.01881679548462077,0.018926736156283337,-0.6983804508297945,-0.6953664546254402,-0.1694999695587551,0.999999421431421,94.66313449859828,10.295126574229895,94.66318894413536,264.6293811334024,1.0,local_static_Gaussian_linearization,range-62f93e0cb51c04249c66dded,10,opposite_turns,700
53.20131249999999,3,169.62038543389485,0.00011157290027113422,0.018815117576325622,0.0189250383479673,-0.6983499555587586,-0.6953989508165601,-0.16949229709431488,0.9999994219298937,94.6717465367855,10.295586601546386,94.67180094039351,264.653455826697,1.0,local_static_Gaussian_linearization,range-62f93e0cb51c04249c66dded,10,opposite_turns,700
53.51264583333333,3,169.95210591616967,0.00011114406039770797,0.018779666682709324,0.018889167124664423,-0.6977340428636506,-0.696056352174518,-0.16933032813600926,0.9999994320231109,94.85421307831143,10.305320875503435,94.85426663568633,265.1635356640867,1.0,local_static_Gaussian_linearization,range-62f93e0cb51c04249c66dded,10,opposite_turns,700
53.52764583333333,3,169.96851455829184,0.00011112293126666847,0.01877791982662117,0.018887399560758803,-0.6977054385393274,-0.696086966571428,-0.16932234348139988,0.9999994324954488,94.86323057680166,10.305801270784785,94.86328409475418,265.1887438219687,1.0,local_static_Gaussian_linearization,range-62f93e0cb51c04249c66dded,10,opposite_turns,700
53.54264583333333,3,169.9849697761305,0.00011110175023345956,0.018776168679766562,0.018885627655509822,-0.6976769562665508,-0.6961174615879825,-0.16931433597585638,0.999999432966344,94.87227280762775,10.306282915714702,94.87232628630191,265.21402111908975,1.0,local_static_Gaussian_linearization,range-62f93e0cb51c04249c66dded,10,opposite_turns,700
53.85397916666666,3,170.33808148269466,0.00011064917227918318,0.018738752238683497,0.018847767723684225,-0.6971177988189224,-0.6967189659631773,-0.16914330325809807,0.9999994423758995,95.06609929122956,10.316590862770811,95.06615199056371,265.755857673918,1.0,local_static_Gaussian_linearization,range-62f93e0cb51c04249c66dded,10,opposite_turns,700
53.86897916666666,3,170.35570595053866,0.0001106266806642103,0.018736892834147135,0.01884588628151635,-0.6970926633774868,-0.6967461692100912,-0.169134840752414,0.9999994428094138,95.07576283025848,10.317103951274504,95.07581549400751,265.78287183818225,1.0,local_static_Gaussian_linearization,range-62f93e0cb51c04249c66dded,10,opposite_turns,700
53.88397916666666,3,170.37339109589865,0.00011060412100773664,0.018735027821801767,0.018843999165269215,-0.6970677235118468,-0.6967731817336357,-0.1691263493805688,0.9999994432408952,95.08545856393695,10.317618667011201,95.08551119230845,265.8099760026378,1.0,local_static_Gaussian_linearization,range-62f93e0cb51c04249c66dded,10,opposite_turns,700
54.19531249999999,3,170.7544873388605,0.0001101202420573195,0.01869502815566053,0.018803525478128816,-0.6965992305898503,-0.6972857333594185,-0.1689441268438964,0.9999994516914835,95.2941377086788,10.328677256529225,95.29418965268985,266.3933331918742,1.0,local_static_Gaussian_linearization,range-62f93e0cb51c04249c66dded,10,opposite_turns,700
54.21031249999999,3,170.77353204275266,0.00011009617282088885,0.018693038550059698,0.018801512297012497,-0.6965792932735043,-0.6973078381110516,-0.16893509727548436,0.9999994520717203,95.30455378242068,10.329228280462093,95.30460569611895,266.4224510692376,1.0,local_static_Gaussian_linearization,range-62f93e0cb51c04249c66dded,10,opposite_turns,700
54.225312499999994,3,170.79263899578817,0.00011007203559202953,0.018691043333076564,0.018799493438401045,-0.6965596273694195,-0.6973296775320406,-0.16892603811146198,0.9999994524492544,95.31500271063489,10.329780950305153,95.31505459428756,266.4516607914826,1.0,local_static_Gaussian_linearization,range-62f93e0cb51c04249c66dded,10,opposite_turns,700
54.53664583333333,3,171.20255063309176,0.00010955673940016672,0.018648447728541614,0.018756393224353483,-0.6962167089939442,-0.6977190012948762,-0.16873200452114148,0.9999994596360317,95.53889578111429,10.341601777450975,95.5389471047828,267.07754860652045,1.0,local_static_Gaussian_linearization,range-62f93e0cb51c04249c66dded,10,opposite_turns,700
54.55164583333333,3,171.22289588948055,0.00010953128758608527,0.01864634367445146,0.01875426425099303,-0.6962035193692561,-0.6977344821449117,-0.16872241120797668,0.999999459949032,95.54999536520364,10.342186767838259,95.55004666514161,267.1085772441711,1.0,local_static_Gaussian_linearization,range-62f93e0cb51c04249c66dded,10,opposite_turns,700
54.56664583333333,3,171.24329060802276,0.00010950578554620812,0.018644235448935,0.018752131057549137,-0.6961906543793901,-0.6977496440882287,-0.16871279420822488,0.9999994602588095,95.5611207334519,10.342773020868515,95.56117200996668,267.1396779618713,1.0,local_static_Gaussian_linearization,range-62f93e0cb51c04249c66dded,10,opposite_turns,700
54.87797916666666,3,171.67619640345094,0.00010896717233799937,0.018599701308423276,0.018707069679827066,-0.6959989743412865,-0.6979899192052278,-0.1685096448389738,0.9999994659299981,95.79700440225936,10.355181114439,95.79705526599999,267.79908570800865,1.0,local_static_Gaussian_linearization,range-62f93e0cb51c04249c66dded,10,opposite_turns,700
54.89297916666666,3,171.6974267960034,0.00010894088909618018,0.01859752768314968,0.018704870330682924,-0.6959934995107566,-0.6979977679844117,-0.16849974637236084,0.9999994661649417,95.80855979194483,10.355787908746441,95.80861063948201,267.8313885637166,1.0,local_static_Gaussian_linearization,range-62f93e0cb51c04249c66dded,10,opposite_turns,700
54.907979166666664,3,171.71868150559737,0.00010891458801524294,0.018595352543916234,0.018702669450702855,-0.6959883842314678,-0.6980052614562701,-0.1684898335040852,0.9999994663962318,95.8201272110303,10.356395235720605,95.82017804271243,267.86372504838744,1.0,local_static_Gaussian_linearization,range-62f93e0cb51c04249c66dded,10,opposite_turns,700
55.219312499999994,3,172.16307284440379,0.00010836746615152911,0.01855009441362554,0.018656875969009168,-0.69596364707673,-0.698079899723261,-0.1682826656254858,0.9999994703531838,96.06170969863004,10.369056908231244,96.06176028134155,268.5390642062408,1.0,local_static_Gaussian_linearization,range-62f93e0cb51c04249c66dded,10,opposite_turns,700
55.234312499999994,3,172.1845198836642,0.00010834119448290475,0.018547920701221174,0.018654676555661644,-0.6959663889022659,-0.6980795761644023,-0.16827266819203981,0.999999470502408,96.07335601433785,10.36966624244653,96.0734065889669,268.57162126684443,1.0,local_static_Gaussian_linearization,range-62f93e0cb51c04249c66dded,10,opposite_turns,700
55.249312499999995,3,172.2059590112816,0.00010831494475938317,0.018545748761949712,0.01865247893754357,-0.6959694907925364,-0.6980788939881556,-0.16826266862929268,0.9999994706478063,96.08499683299112,10.370275190054596,96.0850473998982,268.6041629615306,1.0,local_static_Gaussian_linearization,range-62f93e0cb51c04249c66dded,10,opposite_turns,700
55.56064583333333,3,172.64706113968566,0.00010777756392622742,0.018501275075914307,0.018607479668657764,-0.696112850078629,-0.6979855050318992,-0.16805693892479734,0.9999994728031113,96.32423993590149,10.382768635179598,96.32429042306742,269.27296288120283,1.0,local_static_Gaussian_linearization,range-62f93e0cb51c04249c66dded,10,opposite_turns,700
55.57564583333333,3,172.66802379379968,0.00010775215368276605,0.018499171690207962,0.018605351435929007,-0.6961234547045371,-0.6979772833689193,-0.168047159188021,0.9999994728657562,96.33559692185084,10.38336066585472,96.33564740900162,269.3047111477976,1.0,local_static_Gaussian_linearization,range-62f93e0cb51c04249c66dded,10,opposite_turns,700
55.59064583333333,3,172.6889517669908,0.00010772679703419155,0.018497072705469755,0.018603227657049914,-0.6961343854467827,-0.6979687321085922,-0.16803739583007793,0.9999994729246885,96.34693395881254,10.383951561846922,96.34698444629232,269.336403648289,1.0,local_static_Gaussian_linearization,range-62f93e0cb51c04249c66dded,10,opposite_turns,700
55.90197916666666,3,173.11403372247256,0.00010721425600024964,0.018454638457124722,0.01856029232875702,-0.696430904339504,-0.6977204578573766,-0.16783967995725274,0.9999994733340246,96.57695415462985,10.395919798676035,96.577004724061,269.97942153552685,1.0,local_static_Gaussian_linearization,range-62f93e0cb51c04249c66dded,10,opposite_turns,700
55.916979166666664,3,173.13400330037942,0.00010719029494379314,0.018452654427745584,0.018558284878567324,-0.6964483546149756,-0.6977052688422771,-0.16783041197535722,0.9999994733159321,96.5877478377978,10.396480423596497,96.5877984146508,270.0095951192903,1.0,local_static_Gaussian_linearization,range-62f93e0cb51c04249c66dded,10,opposite_turns,700
55.931979166666665,3,173.15392212287986,0.00010716640526133721,0.018450676290660162,0.018556283390810564,-0.6964660752421815,-0.6976898026987323,-0.16782117043733236,0.9999994732945251,96.59851297258578,10.397039476781064,96.59856355717314,270.0396888974027,1.0,local_static_Gaussian_linearization,range-62f93e0cb51c04249c66dded,10,opposite_turns,700
56.243312499999995,3,173.5554841240039,0.00010668702313891308,0.018410979340024745,0.018516117950622867,-0.6968902016487347,-0.6973108012181378,-0.16763559690741484,0.9999994721425508,96.81529507264459,10.408278204003915,96.8153458823023,270.64570030668926,1.0,local_static_Gaussian_linearization,range-62f93e0cb51c04249c66dded,10,opposite_turns,700
56.258312499999995,3,173.5742535797013,0.0001066647203975978,0.018409132408073278,0.018514249226300575,-0.6969131225768451,-0.6972899713429902,-0.16762695321660842,0.999999472055079,96.82541618771893,10.408802012175453,96.82546701114394,270.6739937551945,1.0,local_static_Gaussian_linearization,range-62f93e0cb51c04249c66dded,10,opposite_turns,700
56.273312499999996,3,173.59297154126466,0.00010664248807298086,0.01840729130217471,0.018512386397142623,-0.6969362492190528,-0.697268927981926,-0.1676183360954701,0.9999994719648988,96.83550850683947,10.409324249373439,96.83555934427733,270.70220670577294,1.0,local_static_Gaussian_linearization,range-62f93e0cb51c04249c66dded,10,opposite_turns,700
56.584645833333326,3,173.97048329794706,0.00010619599431411449,0.018370309689777833,0.018474968455132537,-0.6974553924441793,-0.696789881204141,-0.16745099880876974,0.9999994695235555,97.03886386604773,10.4198314760805,97.03891504641697,271.27068421226096,1.0,local_static_Gaussian_linearization,range-62f93e0cb51c04249c66dded,10,opposite_turns,700
56.59964583333333,3,173.98794923274397,0.00010617541732622018,0.018368604473058957,0.0184732431195198,-0.6974811896790825,-0.6967657680432618,-0.16744388471047691,0.9999994693865302,97.04826655091063,10.420316752506295,97.04831774948848,271.2969693133921,1.0,local_static_Gaussian_linearization,range-62f93e0cb51c04249c66dded,10,opposite_turns,700
56.61464583333333,3,174.00528195049793,0.00010615500419319698,0.01836691274543651,0.01847153143509353,-0.6975067892155867,-0.6967418606840784,-0.1674367300464599,0.9999994692509934,97.05759706330127,10.420798256393839,97.05764827990882,271.323052657069,1.0,local_static_Gaussian_linearization,range-62f93e0cb51c04249c66dded,10,opposite_turns,700
56.92597916666666,3,174.31918276334915,0.0001057864062384045,0.018336340680186813,0.018440599882950333,-0.6979307312215308,-0.6963595224017566,-0.16726060497611953,0.9999994674801382,97.22654167272955,10.4295105006993,97.2265931502024,271.79533525149793,1.0,local_static_Gaussian_linearization,range-62f93e0cb51c04249c66dded,10,opposite_turns,700
56.94097916666666,3,174.33146687093137,0.00010577202290143681,0.018335146672849755,0.018439391906313225,-0.697944557588666,-0.6963480722646286,-0.1672505808231969,0.9999994674586831,97.23315208865726,10.429851152358545,97.23320357172406,271.8138145756768,1.0,local_static_Gaussian_linearization,range-62f93e0cb51c04249c66dded,10,opposite_turns,700
56.95597916666666,3,174.3434492954817,0.00010575799599782001,0.018333982196240002,0.018438213812837688,-0.6979577811169354,-0.696337246587902,-0.16724046996078434,0.999999467442554,97.23959999118043,10.430183405722534,97.23965147923874,271.8318395946335,1.0,local_static_Gaussian_linearization,range-62f93e0cb51c04249c66dded,10,opposite_turns,700
57.267312499999996,3,174.52415807019588,0.00010554634339122729,0.01831636093085045,0.018420386717741724,-0.6981114635023271,-0.6962162623327167,-0.1671026648204662,0.9999994675992667,97.33704870332016,10.435214662405853,97.33710022811424,272.10425596254566,1.0,local_static_Gaussian_linearization,range-62f93e0cb51c04249c66dded,10,opposite_turns,700
57.282312499999996,3,174.53009249846937,0.0001055393771182296,0.018315778283217503,0.018419797250675454,-0.6981149848949549,-0.6962133070908911,-0.16710026599225042,0.9999994676079373,97.34026108460496,10.435381144075771,97.3403126102721,272.1132361238088,1.0,local_static_Gaussian_linearization,range-62f93e0cb51c04249c66dded,10,opposite_turns,700
57.2973125,3,174.53584416868267,0.00010553262450136386,0.018315213351069233,0.018419225704682147,-0.6981183558460534,-0.6962104427633135,-0.1670981167401801,0.9999994676157331,97.34337524543615,10.43554257224899,97.34342677200904,272.1219417115076,1.0,local_static_Gaussian_linearization,range-62f93e0cb51c04249c66dded,10,opposite_turns,700
57.60864583333333,3,174.62730981513315,0.0001054250997542844,0.018306195270731837,0.01841010155708274,-0.6981762630678133,-0.6961514375759993,-0.16710200971123101,0.9999994674637702,97.39300361303266,10.438120802308024,97.39305518074104,272.2606771084012,1.0,local_static_Gaussian_linearization,range-62f93e0cb51c04249c66dded,10,opposite_turns,700
57.62364583333333,3,174.63085718716886,0.00010542092616960432,0.018305844565862275,0.018409746702463245,-0.6981791421496828,-0.6961481079134999,-0.1671038518873433,0.9999994674408582,97.39493147247335,10.438221124765779,97.39498304342831,272.26606641670077,1.0,local_static_Gaussian_linearization,range-62f93e0cb51c04249c66dded,10,opposite_turns,700
57.63864583333333,3,174.6343545005514,0.0001054168117649725,0.01830549883202077,0.018409396876082104,-0.6981820627183911,-0.6961447217897097,-0.16710575580338338,0.9999994674168544,97.39683210743624,10.43832002955279,97.39688368172632,272.2713796196699,1.0,local_static_Gaussian_linearization,range-62f93e0cb51c04249c66dded,10,opposite_turns,700
57.94997916666666,3,174.696909021842,0.00010534339773161476,0.01829934092825245,0.01840316596957162,-0.6982516989363236,-0.6960666828369017,-0.1671398754844867,0.9999994667990911,97.43076416427887,10.44008229301537,97.43081581649218,272.3662363419479,1.0,local_static_Gaussian_linearization,range-62f93e0cb51c04249c66dded,10,opposite_turns,700
57.96497916666666,3,174.6994236056049,0.00010534045944071836,0.018299095413391014,0.018402917546643097,-0.6982553543152552,-0.6960628401123385,-0.1671406078271293,0.9999994667688429,97.43212298365093,10.440152577519791,97.43217463951406,272.3700349092618,1.0,local_static_Gaussian_linearization,range-62f93e0cb51c04249c66dded,10,opposite_turns,700
57.97997916666666,3,174.701887086426,0.00010533758228022386,0.01829885511783025,0.018402674405476778,-0.6982590172768265,-0.6960590157270529,-0.16714123194677957,0.9999994667388845,97.43345358818152,10.44022136948443,97.43350524765754,272.3737546023491,1.0,local_static_Gaussian_linearization,range-62f93e0cb51c04249c66dded,10,opposite_turns,700
58.2913125,3,174.74035567423326,0.0001052928865167326,0.0182951410565146,0.018398916439900534,-0.698331206104627,-0.6959876579877792,-0.1671367898134428,0.9999994661939937,97.45413109812011,10.44128487031636,97.45418282142239,272.4315584182755,1.0,local_static_Gaussian_linearization,range-62f93e0cb51c04249c66dded,10,opposite_turns,700
58.3063125,3,174.7415677597822,0.00010529148810544031,0.018295025683232057,0.018398799703305102,-0.6983342605457225,-0.6959847386880446,-0.16713618417743412,0.9999994661711721,97.45477825412934,10.441317917324353,97.45482997998998,272.43336753936205,1.0,local_static_Gaussian_linearization,range-62f93e0cb51c04249c66dded,10,opposite_turns,700
58.3213125,3,174.7427205653385,0.00010529015903517459,0.018294916113550268,0.018398688838563562,-0.6983372591462566,-0.6959818745173842,-0.16713558218214047,0.999999466148609,97.45539333240214,10.44134930312087,97.45544506077827,272.4350869875463,1.0,local_static_Gaussian_linearization,range-62f93e0cb51c04249c66dded,10,opposite_turns,700
58.63264583333333,3,174.75421597955312,0.0001052770771072129,0.018293853009136395,0.01839761307048995,-0.6983861243882377,-0.6959349579611604,-0.1671267649108763,0.9999994657350152,97.4614480996189,10.441654030658484,97.46149987130171,272.4520131103568,1.0,local_static_Gaussian_linearization,range-62f93e0cb51c04249c66dded,10,opposite_turns,700
58.64764583333333,3,174.75421769662063,0.00010527709443509295,0.018293856184488394,0.018397616279377922,-0.6983879535473875,-0.6959332914433444,-0.16712606080658163,0.9999994657194453,97.46144007737088,10.441653136344327,97.4614918505577,272.4519906884994,1.0,local_static_Gaussian_linearization,range-62f93e0cb51c04249c66dded,10,opposite_turns,700
58.66264583333333,3,174.75416952889532,0.00010527717163941312,0.01829386450911066,0.01839762470019661,-0.6983897717452046,-0.6959316796085709,-0.16712517476093935,0.9999994657048185,97.46140433959422,10.441650766771742,97.4614561141797,272.451890788045,1.0,local_static_Gaussian_linearization,range-62f93e0cb51c04249c66dded,10,opposite_turns,700
58.97397916666666,3,174.74221774801163,0.00010529227783000842,0.01829522901948517,0.01839900613975547,-0.6984345672629061,-0.6959105294500127,-0.1670260166946451,0.9999994657514789,97.45441274233006,10.441259999782858,97.45446450865907,272.432345870293,1.0,local_static_Gaussian_linearization,range-62f93e0cb51c04249c66dded,10,opposite_turns,700
58.98897916666666,3,174.74113625223694,0.00010529364338794018,0.018295352212881907,0.018399130885746504,-0.6984373870956997,-0.6959101404395933,-0.16701584577601583,0.9999994657762723,97.45378079738427,10.441224699914494,97.45383256097355,272.430579270976,1.0,local_static_Gaussian_linearization,range-62f93e0cb51c04249c66dded,10,opposite_turns,700
59.00397916666666,3,174.74000933383812,0.00010529506736126208,0.018295480758021954,0.018399261053514047,-0.6984402882395851,-0.6959098186006277,-0.1670050542320409,0.9999994658036709,97.45312183254794,10.441187865193749,97.45317359313043,272.4287371372548,1.0,local_static_Gaussian_linearization,range-62f93e0cb51c04249c66dded,10,opposite_turns,700
45.9953125,3,48.636327554681046,0.0012628332925518244,0.060173553648865646,0.06141957366350689,-0.6947722935164357,-0.6973272071302417,-0.17614263072251632,0.9999951701292314,28.140054510421585,5.736509564582388,28.14018761256797,78.66542967706607,1.0,local_static_Gaussian_linearization,range-6226b1780a8e2d97ad7ffbc1,39,single_turn,400
46.0103125,3,48.63633922481473,0.0012628325705558577,0.060173534345948895,0.06141955328569948,-0.694771584458873,-0.6973274876157224,-0.1761443170926938,0.9999951701135108,28.14006255420584,5.736510502578621,28.140195656824798,78.66545216465316,1.0,local_static_Gaussian_linearization,range-6226b1780a8e2d97ad7ffbc1,39,single_turn,400
46.0253125,3,48.636351233844195,0.0012628318349503622,0.060173514811948305,0.061419532673925775,-0.6947708755153135,-0.6973277808322098,-0.176145952594177,0.9999951701009483,28.140070749716497,5.736511451123972,28.1402038527219,78.66547507614814,1.0,local_static_Gaussian_linearization,range-6226b1780a8e2d97ad7ffbc1,39,single_turn,400
46.33664583333333,3,48.63653562895817,0.0012628202536630491,0.06017320187381881,0.06141920226025288,-0.6947571905189194,-0.6973343431962741,-0.17617394819121043,0.999995170069762,28.140199784416332,5.736526628804653,28.140332888915978,78.66583579469737,1.0,local_static_Gaussian_linearization,range-6226b1780a8e2d97ad7ffbc1,39,single_turn,400
46.35164583333333,3,48.63653264235236,0.0012628203043346768,0.06017320077775344,0.061419200953198846,-0.6947566510737552,-0.6973345736021916,-0.17617516353853668,0.9999951700600214,28.140199219574136,5.736526686681637,28.140332324339813,78.66583421643404,1.0,local_static_Gaussian_linearization,range-6226b1780a8e2d97ad7ffbc1,39,single_turn,400
46.36664583333333,3,48.63652778997617,0.0012628204496499958,0.06017320183359913,0.061419201893152225,-0.6947561292807968,-0.6973347880080357,-0.1761763725944895,0.9999951700482309,28.140197600173792,5.736526641067118,28.140330705257114,78.66582969031509,1.0,local_static_Gaussian_linearization,range-6226b1780a8e2d97ad7ffbc1,39,single_turn,400
46.67797916666667,3,48.63594900301007,0.0012628476847457379,0.060173773716118796,0.06141979559386304,-0.6947499510222966,-0.6973348718777563,-0.1762004030010991,0.9999951692293247,28.1398941344248,5.736499253646065,28.14002726061275,78.66498141582379,1.0,local_static_Gaussian_linearization,range-6226b1780a8e2d97ad7ffbc1,39,single_turn,400
46.69297916666667,3,48.6358988264703,0.0012628501262170954,0.0601738269140498,0.0614198509716899,-0.6947498797507057,-0.6973346617195836,-0.17620151574493867,0.999995169161669,28.139866931085976,5.7364967014413555,28.140000059006503,78.66490537418282,1.0,local_static_Gaussian_linearization,range-6226b1780a8e2d97ad7ffbc1,39,single_turn,400
46.70797916666667,3,48.635846944922726,0.0012628526540362447,0.060173882072019215,0.06141990839569625,-0.6947498263159265,-0.697334434452861,-0.17620262586096222,0.999995169091743,28.13983876572952,5.7364940550433365,28.13997189544111,78.66482664340096,1.0,local_static_Gaussian_linearization,range-6226b1780a8e2d97ad7ffbc1,39,single_turn,400
47.0193125,3,48.63452000853557,0.0012629178274452188,0.06017531619791635,0.06142140234802076,-0.694751385340755,-0.6973272980506909,-0.176224720060566,0.9999951673354063,28.139112623897464,5.7364252200160735,28.13924579849386,78.66279685137792,1.0,local_static_Gaussian_linearization,range-6226b1780a8e2d97ad7ffbc1,39,single_turn,400
47.0343125,3,48.634450930494516,0.0012629212321243306,0.06017539138466711,0.06142148069283043,-0.6947515182446765,-0.697326912764159,-0.1762257206866354,0.9999951672468752,28.139074691656383,5.7364216103072145,28.139207868508787,78.66269081873115,1.0,local_static_Gaussian_linearization,range-6226b1780a8e2d97ad7ffbc1,39,single_turn,400
47.0493125,3,48.634382007742246,0.0012629246294546652,0.060175466415490236,0.06142155887588451,-0.6947516500945164,-0.6973265302916276,-0.17622671432670692,0.9999951671589246,28.139036841453212,5.736418008021132,28.139170020545997,78.6625850153763,1.0,local_static_Gaussian_linearization,range-6226b1780a8e2d97ad7ffbc1,39,single_turn,400
47.36064583333333,3,48.633103597649296,0.0012629875951155666,0.06017685574992066,0.061423006555801296,-0.6947531031966419,-0.6973203535919633,-0.176245425656996,0.9999951656302777,28.138335361345977,5.736351293278665,28.13846857916682,78.66062414758657,1.0,local_static_Gaussian_linearization,range-6226b1780a8e2d97ad7ffbc1,39,single_turn,400
47.37564583333333,3,48.633053950244076,0.0012629900323935588,0.060176909338210294,0.06142306238401646,-0.6947530781090737,-0.6973201746063821,-0.17624623271120385,0.9999951655758407,28.138308209603668,5.73634871968539,28.138441428792895,78.6605482491647,1.0,local_static_Gaussian_linearization,range-6226b1780a8e2d97ad7ffbc1,39,single_turn,400
47.39064583333333,3,48.633005663479494,0.001262992401526278,0.06017696139659621,0.06142311661635905,-0.6947530427333192,-0.6973200077243469,-0.17624703242923262,0.9999951655233165,28.13828181709828,5.73634621956704,28.13841503760739,78.66047447304153,1.0,local_static_Gaussian_linearization,range-6226b1780a8e2d97ad7ffbc1,39,single_turn,400
47.70197916666666,3,48.63231501563277,0.0012630259560083479,0.06017769099759416,0.06142387616551871,-0.6947501111115011,-0.6973190890481108,-0.17626222272418482,0.9999951648354289,28.137908024490848,5.736311185939993,28.138041262148015,78.65942958991855,1.0,local_static_Gaussian_linearization,range-6226b1780a8e2d97ad7ffbc1,39,single_turn,400
47.71697916666666,3,48.63229564724804,0.0012630268752256,0.060177710475276515,0.061423896406391246,-0.6947498856393413,-0.6973191417271997,-0.17626290303113415,0.9999951648178713,28.137897784774005,5.736310251397138,28.138031022865626,78.65940096617375,1.0,local_static_Gaussian_linearization,range-6226b1780a8e2d97ad7ffbc1,39,single_turn,400
47.73197916666666,3,48.6322773235695,0.0012630277421174557,0.06017772877862585,0.06142391542201792,-0.694749655310168,-0.697319200294807,-0.17626357918360133,0.9999951648013247,28.13788812795207,5.736309373317609,28.138021366452985,78.6593739718317,1.0,local_static_Gaussian_linearization,range-6226b1780a8e2d97ad7ffbc1,39,single_turn,400
48.0433125,3,48.63206035383028,0.001263037557429466,0.060177925248275435,0.06142411872206417,-0.6947442199174902,-0.6973212344039499,-0.1762769552170399,0.9999951646036167,28.13777878978136,5.736299969260452,28.137912033205527,78.6590683325443,1.0,local_static_Gaussian_linearization,range-6226b1780a8e2d97ad7ffbc1,39,single_turn,400
48.0583125,3,48.63205450602135,0.0012630378003916402,0.060177929571154046,0.06142412315181156,-0.6947439460256634,-0.697321350646543,-0.17627757484481982,0.9999951645978032,28.137776083282546,5.736299763532884,28.13790932685398,78.65906076698325,1.0,local_static_Gaussian_linearization,range-6226b1780a8e2d97ad7ffbc1,39,single_turn,400
48.0733125,3,48.63204886643015,0.001263038032970289,0.06017793366214349,0.06142412733957091,-0.6947436727167813,-0.6973214664919585,-0.17627819374358875,0.9999951645919972,28.137773492445902,5.73629956898176,28.137906736165075,78.65905352475521,1.0,local_static_Gaussian_linearization,range-6226b1780a8e2d97ad7ffbc1,39,single_turn,400
48.38464583333333,3,48.63193531411062,0.0012630427272233987,0.06017801655868382,0.06142421220928619,-0.6947384123156416,-0.697323569071644,-0.1762906080037334,0.9999951644485638,28.13772119970425,5.736295629967009,28.137854447126834,78.65890735161246,1.0,local_static_Gaussian_linearization,range-6226b1780a8e2d97ad7ffbc1,39,single_turn,400
48.39964583333333,3,48.631928790108326,0.001263043008913004,0.060178021862001316,0.06142421766830136,-0.694738187059695,-0.6973236487652231,-0.17629118047640424,0.9999951644396444,28.1377180617569,5.736295377262195,28.137851309410422,78.65889858017806,1.0,local_static_Gaussian_linearization,range-6226b1780a8e2d97ad7ffbc1,39,single_turn,400
48.41464583333333,3,48.63192215243153,0.0012630432966047528,0.06017802730703997,0.06142422327563283,-0.6947379646908871,-0.697323726335096,-0.17629174996947627,0.9999951644305398,28.13771485694891,5.736295117741703,28.137848104837733,78.65888962184803,1.0,local_static_Gaussian_linearization,range-6226b1780a8e2d97ad7ffbc1,39,single_turn,400
48.72597916666666,3,48.63177875330424,0.0012630496116145308,0.0601781494259537,0.061424349266484705,-0.6947336484048374,-0.6973252317005616,-0.17630280487803288,0.9999951642513957,28.137644510295534,5.736289288661026,28.137777762783713,78.65869298179787,1.0,local_static_Gaussian_linearization,range-6226b1780a8e2d97ad7ffbc1,39,single_turn,400
48.74097916666666,3,48.63177271574918,0.001263049874858798,0.06017815444690429,0.061424354442788515,-0.6947334310355413,-0.6973253251241912,-0.17630329192055855,0.9999951642468389,28.137641577952397,5.736289048704687,28.137774830552285,78.65868478479334,1.0,local_static_Gaussian_linearization,range-6226b1780a8e2d97ad7ffbc1,39,single_turn,400
48.75597916666666,3,48.63176686263056,0.0012630501289530168,0.060178159264253434,0.06142435940705858,-0.6947332105975264,-0.6973254224038339,-0.17630377580235773,0.999995164242877,28.137638747547072,5.7362888184717775,28.137772000242503,78.6586768727091,1.0,local_static_Gaussian_linearization,range-6226b1780a8e2d97ad7ffbc1,39,single_turn,400
49.0673125,3,48.63168693150714,0.0012630533807550036,0.06017821512506727,0.06142441659065902,-0.6947278146772118,-0.6973286046223415,-0.1763124518838185,0.9999951643504618,28.137602529520343,5.736286136649261,28.137735779080682,78.6585756170495,1.0,local_static_Gaussian_linearization,range-6226b1780a8e2d97ad7ffbc1,39,single_turn,400
49.0823125,3,48.63168499525212,0.0012630534441714159,0.060178215779001454,0.061424417229112564,-0.6947275093029466,-0.6973288197625541,-0.17631280426074553,0.9999951643654711,28.13760182355615,5.736286104099267,28.137735072699535,78.65857364237267,1.0,local_static_Gaussian_linearization,range-6226b1780a8e2d97ad7ffbc1,39,single_turn,400
49.0973125,3,48.63168322899995,0.0012630534991316417,0.060178216244123145,0.06142441767104996,-0.6947271992832751,-0.6973290404121554,-0.17631315315052168,0.9999951643812828,28.137601211804952,5.736286080529778,28.137734460509993,78.65857193100692,1.0,local_static_Gaussian_linearization,range-6226b1780a8e2d97ad7ffbc1,39,single_turn,400
49.40864583333333,3,48.631658705891034,0.0012630540472742563,0.06017821286654191,0.061424413354135995,-0.6947199057527499,-0.6973346472072564,-0.17631971629747317,0.9999951648568388,28.137595119297334,5.736286197023899,28.13772835487538,78.6585548628062,1.0,local_static_Gaussian_linearization,range-6226b1780a8e2d97ad7ffbc1,39,single_turn,400
49.42364583333333,3,48.63165744731688,0.0012630540793815612,0.06017821287008527,0.06142441332592027,-0.6947195295204269,-0.697334952123747,-0.17631999276737675,0.9999951648851755,28.137594762443673,5.73628619374525,28.137727997239615,78.65855386304132,1.0,local_static_Gaussian_linearization,range-6226b1780a8e2d97ad7ffbc1,39,single_turn,400
49.43864583333333,3,48.63165612065373,0.0012630541152815191,0.0601782129671286,0.061424413396147376,-0.6947191529306573,-0.6973352588566661,-0.17632026346003457,0.9999951649138985,28.137594363355667,5.736286185887713,28.13772759735839,78.65855274517996,1.0,local_static_Gaussian_linearization,range-6226b1780a8e2d97ad7ffbc1,39,single_turn,400
49.74997916666666,3,48.64330308787445,0.0012624632106311624,0.060164786697493866,0.061410380592022716,-0.6947486703273297,-0.6972776499605606,-0.17643175435245512,0.999995156360045,28.1441783545607,5.736935111462385,28.144311856147382,78.67695893187184,1.0,local_static_Gaussian_linearization,range-6226b1780a8e2d97ad7ffbc1,39,single_turn,400
49.76497916666666,3,48.645028451638645,0.0012623766330764157,0.06016283965757386,0.06140834723268604,-0.694756255111321,-0.6972689952896468,-0.17643609095493984,0.999995155451102,28.145143418716504,5.737029152884738,28.145276950026528,78.67965683587045,1.0,local_static_Gaussian_linearization,range-6226b1780a8e2d97ad7ffbc1,39,single_turn,400
49.779979166666664,3,48.64689337656307,0.0012622831390775725,0.060160738703131954,0.06140615327774,-0.6947646921433939,-0.6972596599032534,-0.17643976088879224,0.9999951545019091,28.146185691601897,5.737130625991985,28.146319254120378,78.68257057974898,1.0,local_static_Gaussian_linearization,range-6226b1780a8e2d97ad7ffbc1,39,single_turn,400
50.091312499999994,3,48.71836110527694,0.0012587240635173588,0.060081055456277885,0.06132297345834024,-0.6951369571829563,-0.6969054472502972,-0.17637292408780816,0.9999951246586443,28.185948817471733,5.740981657520379,28.186083396248556,78.79373058228059,1.0,local_static_Gaussian_linearization,range-6226b1780a8e2d97ad7ffbc1,39,single_turn,400
50.106312499999994,3,48.723326662866185,0.001258477693733265,0.060075542927070555,0.06131721976969634,-0.6951638674123719,-0.6968808372517621,-0.17636410098304323,0.9999951226934986,28.18870758273315,5.741248330587289,28.188842229196272,78.80144285421805,1.0,local_static_Gaussian_linearization,range-6226b1780a8e2d97ad7ffbc1,39,single_turn,400
50.121312499999995,3,48.72841834891482,0.0012582251580284312,0.06006989219947845,0.06131132187753886,-0.6951915125120844,-0.6968555851554794,-0.1763549102485518,0.9999951206780339,28.1915362327679,5.741521726909107,28.191670948657556,78.80935049274987,1.0,local_static_Gaussian_linearization,range-6226b1780a8e2d97ad7ffbc1,39,single_turn,400
50.43264583333333,3,48.85743121862228,0.0012518550735678338,0.05992722521512399,0.06116242315252377,-0.6959079049076343,-0.696202424087428,-0.1761089792766301,0.9999950674212993,28.26317027810423,5.7484374096069875,28.26330681732373,79.00960738039045,1.0,local_static_Gaussian_linearization,range-6226b1780a8e2d97ad7ffbc1,39,single_turn,400
50.44764583333333,3,48.86451009479255,0.001251507101252474,0.059919423853940605,0.061154281382856085,-0.6959482738030193,-0.6961654775843765,-0.1760955082059582,0.999995064306203,28.267099101383803,5.748816315776788,28.26723574620131,79.02059063617327,1.0,local_static_Gaussian_linearization,range-6226b1780a8e2d97ad7ffbc1,39,single_turn,400
50.46264583333333,3,48.8716451219986,0.0012511565314110512,0.05991156341944658,0.06114607799519159,-0.6959890965138721,-0.696128093493173,-0.1760819553031052,0.999995061141542,28.27105890893921,5.749198169688524,28.271195660904038,79.03166051231848,1.0,local_static_Gaussian_linearization,range-6226b1780a8e2d97ad7ffbc1,39,single_turn,400
50.77397916666666,3,49.02857598143085,0.0012434873208541357,0.05973940141651883,0.06096641259244288,-0.6969215130626659,-0.6952685510430967,-0.17578977945511245,0.9999949850292185,28.358103683768807,5.757581550335696,28.358242979186794,79.27499985280998,1.0,local_static_Gaussian_linearization,range-6226b1780a8e2d97ad7ffbc1,39,single_turn,400
50.788979166666664,3,49.036423542318055,0.0012431058861049717,0.059730828783281675,0.06095746673899198,-0.6969697195150151,-0.6952238595604733,-0.17577541118427467,0.9999949809125676,28.362453937150654,5.757999987184815,28.362593368718034,79.28716129488882,1.0,local_static_Gaussian_linearization,range-6226b1780a8e2d97ad7ffbc1,39,single_turn,400
50.803979166666664,3,49.04428844394457,0.0012427238060321972,0.05972224069722239,0.06094850479919971,-0.6970181556423859,-0.6951789352114738,-0.17576102737275875,0.9999949767605674,28.366813557454908,5.758419272743671,28.366953126236787,79.299348925022,1.0,local_static_Gaussian_linearization,range-6226b1780a8e2d97ad7ffbc1,39,single_turn,400
51.115312499999995,3,49.21049724715325,0.0012346951497897178,0.05954155434797391,0.06075996226980038,-0.6980619718367786,-0.6942070191681065,-0.17545967631647147,0.9999948839826721,28.458889707133274,5.767262527376998,28.459032324154585,79.55675480192127,1.0,local_static_Gaussian_linearization,range-6226b1780a8e2d97ad7ffbc1,39,single_turn,400
51.130312499999995,3,49.21861776934854,0.0012343051122153713,0.05953276527961073,0.060750791528881215,-0.6981135779839706,-0.6941588249406923,-0.1754450284031339,0.9999948792543776,28.463385691521594,5.7676937458414645,28.463528463344062,79.56932368476235,1.0,local_static_Gaussian_linearization,range-6226b1780a8e2d97ad7ffbc1,39,single_turn,400
51.145312499999996,3,49.22674675076575,0.0012339148736139488,0.059523970616485775,0.060741614995396986,-0.6981652656045899,-0.6941105441855043,-0.17543036896094893,0.9999948745068676,28.467886125947132,5.768125336859638,28.468029053171637,79.58190500928872,1.0,local_static_Gaussian_linearization,range-6226b1780a8e2d97ad7ffbc1,39,single_turn,400
51.45664583333333,3,49.39710254657557,0.001225783618424507,0.05934047203262791,0.06055015909922783,-0.6992514392112913,-0.6930936382406585,-0.1751246224585943,0.9999947721516163,28.56214827249855,5.777152765786697,28.562294546110444,79.845422637808,1.0,local_static_Gaussian_linearization,range-6226b1780a8e2d97ad7ffbc1,39,single_turn,400
51.47164583333333,3,49.40537523033227,0.001225391014287987,0.05933160002872235,0.060540902864775446,-0.699304254945986,-0.6930440786898323,-0.1751098626788358,0.999994767051536,28.566723289161466,5.777590319122896,28.566869729382788,79.85821248707714,1.0,local_static_Gaussian_linearization,range-6226b1780a8e2d97ad7ffbc1,39,single_turn,400
51.486645833333334,3,49.413652651102076,0.001224998393718251,0.059322726538340795,0.06053164512535164,-0.6993571065139563,-0.6929944750585467,-0.17509510303476836,0.9999947619366562,28.571300696291395,5.778028046133715,28.57144730359567,79.87100902018108,1.0,local_static_Gaussian_linearization,range-6226b1780a8e2d97ad7ffbc1,39,single_turn,400
51.797979166666664,3,49.5863352735219,0.001216854907699383,0.05913842726614856,0.06033937543241214,-0.7004613966843879,-0.6919555829809533,-0.17478931013207172,0.9999946524567684,28.66674120708284,5.787142254599869,28.666891388352802,80.13782138266158,1.0,local_static_Gaussian_linearization,range-6226b1780a8e2d97ad7ffbc1,39,single_turn,400
51.812979166666665,3,49.59469182611498,0.0012164631039735352,0.059129548098310954,0.060330112759406744,-0.7005149265513037,-0.6919051023892507,-0.17477461762665022,0.9999946470234746,28.67135723665316,5.787582459573866,28.671507595193365,80.1507259126381,1.0,local_static_Gaussian_linearization,range-6226b1780a8e2d97ad7ffbc1,39,single_turn,400
51.827979166666665,3,49.60305153851345,0.0012160713616784374,0.059120669214331144,0.060320850427845754,-0.7005684840372449,-0.6918545847030784,-0.17475992904292478,0.99999464157582,28.675974772215316,5.788022751948596,28.676125308486842,80.16363465387886,1.0,local_static_Gaussian_linearization,range-6226b1780a8e2d97ad7ffbc1,39,single_turn,400
52.139312499999996,3,49.77731928375238,0.0012079524809795385,0.05893640267467012,0.06012863632531931,-0.701685744189023,-0.6907982733141173,-0.1744559027036092,0.999994525351766,28.772178468235637,5.7971832468938285,28.772332795715176,80.43258109535843,1.0,local_static_Gaussian_linearization,range-6226b1780a8e2d97ad7ffbc1,39,single_turn,400
52.154312499999996,3,49.785754596201286,0.001207561773947007,0.05892752297891154,0.060119374137479184,-0.7017398140245168,-0.6907470367629439,-0.1744412927493054,0.9999945196051019,28.776832553467738,5.797625794204909,28.776987068421192,80.44559203783308,1.0,local_static_Gaussian_linearization,range-6226b1780a8e2d97ad7ffbc1,39,single_turn,400
52.1693125,3,49.79419371056384,0.0012071711003076697,0.058918642913920696,0.06011011161051459,-0.7017939027686164,-0.69069577208786,-0.17442668504775588,0.9999945138455025,28.78148849957336,5.798068462034041,28.781643202428825,80.45860818354565,1.0,local_static_Gaussian_linearization,range-6226b1780a8e2d97ad7ffbc1,39,single_turn,400
52.480645833333334,3,49.97026178626403,0.0011990677686376473,0.05873419525460041,0.05991773029829471,-0.702919903979065,-0.6896262635567668,-0.17412416605053566,0.9999943915224229,28.878574301340603,5.807286237253409,28.878732997491262,80.73002110200231,1.0,local_static_Gaussian_linearization,range-6226b1780a8e2d97ad7ffbc1,39,single_turn,400
52.495645833333334,3,49.97879036657804,0.0011986775326577872,0.05872530017361272,0.059908453121830546,-0.7029742802439597,-0.6895745087713138,-0.1741096153814839,0.9999943855017325,28.883274536258675,5.807731886657421,28.883433429132484,80.74316108101792,1.0,local_static_Gaussian_linearization,range-6226b1780a8e2d97ad7ffbc1,39,single_turn,400
52.510645833333335,3,49.987323250313736,0.0011982873093825499,0.05871640421841704,0.059899175080854225,-0.7030286652608062,-0.6895227362128651,-0.17409506617688256,0.9999943794699008,28.887976913589327,5.8081776829072975,28.88813600357029,80.75630705018598,1.0,local_static_Gaussian_linearization,range-6226b1780a8e2d97ad7ffbc1,39,single_turn,400
52.821979166666665,3,50.16543688819638,0.0011901894268801622,0.0585315313070195,0.0597063725791554,-0.704159110292768,-0.6884445519018676,-0.1737931136389894,0.9999942518518544,28.986081560938214,5.817465451687535,28.986244826557687,81.03056864437549,1.0,local_static_Gaussian_linearization,range-6226b1780a8e2d97ad7ffbc1,39,single_turn,400
52.836979166666666,3,50.17406816784112,0.0011897993001972716,0.05852261196581727,0.05969707119414756,-0.70421364532045,-0.6883924444438929,-0.17377854924312394,0.9999942455900039,28.99083315748144,5.81791467784764,28.990996628275596,81.043852227592,1.0,local_static_Gaussian_linearization,range-6226b1780a8e2d97ad7ffbc1,39,single_turn,400
52.851979166666666,3,50.18270416658818,0.00118940917082305,0.05851369137299457,0.05968776855244006,-0.7042681860886987,-0.6883403227825906,-0.1737639838830041,0.9999942393179226,28.995587124163126,5.818364071376863,28.99575080049614,81.05714243750946,1.0,local_static_Gaussian_linearization,range-6226b1780a8e2d97ad7ffbc1,39,single_turn,400
53.163312499999996,3,50.363050280562916,0.0011813099030952333,0.058328224932607274,0.059494370046512146,-0.7054014863838904,-0.6872553284898809,-0.1734613976355081,0.999994106857772,29.094812956601512,5.827731026623349,29.094980980747767,81.33453876740957,1.0,local_static_Gaussian_linearization,range-6226b1780a8e2d97ad7ffbc1,39,single_turn,400
53.1783125,3,50.371792919563674,0.0011809195811201406,0.05831927376923095,0.0594850365948416,-0.7054561472530628,-0.6872029063001575,-0.17344679263532622,0.999994100368283,29.099620637177424,5.828184250487736,29.099788874692205,81.34797915551887,1.0,local_static_Gaussian_linearization,range-6226b1780a8e2d97ad7ffbc1,39,single_turn,400
53.1933125,3,50.38054050613296,0.0011805292503885025,0.058310321191203496,0.059475701717872725,-0.7055108127518819,-0.687150471518846,-0.17343218438803823,0.9999940938691654,29.10443080961876,5.828637651856147,29.104599260853774,81.36142651057996,1.0,local_static_Gaussian_linearization,range-6226b1780a8e2d97ad7ffbc1,39,single_turn,400
53.50464583333333,3,50.56317892623115,0.0011724278288228495,0.05812423270238063,0.05928167808686245,-0.7066462210911643,-0.6860596048351428,-0.17312809370817114,0.9999939568659482,29.204808895804618,5.838086102232518,29.20498186072968,81.64204441050515,1.0,local_static_Gaussian_linearization,range-6226b1780a8e2d97ad7ffbc1,39,single_turn,400
53.51964583333333,3,50.57202720895442,0.0011720376602827288,0.058115257245075574,0.059272320445737436,-0.7067009458028953,-0.6860069361490668,-0.17311342165373386,0.9999939501653402,29.209669404520714,5.8385429849218715,29.209842590614876,81.65563250061412,1.0,local_static_Gaussian_linearization,range-6226b1780a8e2d97ad7ffbc1,39,single_turn,400
53.53464583333333,3,50.580879629291765,0.001171647522643388,0.05810628126597502,0.05926296231078311,-0.7067556705862962,-0.6859542587819972,-0.17309874913746506,0.9999939434557995,29.214531955446986,5.83900000154193,29.214705363043134,81.66922630061848,1.0,local_static_Gaussian_linearization,range-6226b1780a8e2d97ad7ffbc1,39,single_turn,400
53.845979166666666,3,50.765459886186356,0.001163561190580875,0.057919959256500654,0.05906871894555665,0.7078911950061773,0.6848593250123571,0.17279398420183795,0.9999938022495779,29.315867371290732,5.848511001877612,29.316045449496,81.95252083845466,1.0,local_static_Gaussian_linearization,range-6226b1780a8e2d97ad7ffbc1,39,single_turn,400
53.86097916666667,3,50.77439035266267,0.0011631722787802555,0.0579109846427975,0.059059363330184855,0.7079458657879879,0.6848065144324025,0.17277930693413426,0.9999937953559622,29.320767708020643,5.84897029508246,29.32094601468596,81.96622028750015,1.0,local_static_Gaussian_linearization,range-6226b1780a8e2d97ad7ffbc1,39,single_turn,400
53.87597916666667,3,50.783324096608865,0.0011627834373980576,0.05790201040365852,0.05905000815555446,0.7080005301947297,0.6847537007378912,0.17276463344603793,0.9999937884544117,29.32566961485964,5.849429677368358,29.32584815029097,81.97992412661496,1.0,local_static_Gaussian_linearization,range-6226b1780a8e2d97ad7ffbc1,39,single_turn,400
54.1873125,3,50.96946541534205,0.0011547298113282578,0.05771585389494827,0.05885596118256008,0.7091332159865142,0.6836573615146639,0.1724607028613532,0.9999936435401541,29.42775320145292,5.858983309436815,29.427936550652788,82.26531056362364,1.0,local_static_Gaussian_linearization,range-6226b1780a8e2d97ad7ffbc1,39,single_turn,400
54.2023125,3,50.97846693795357,0.0011543426654668067,0.05770689144758283,0.0588466194065688,0.7091876789143644,0.6836045532283247,0.17244608108495493,0.9999936364828268,29.43268735431684,5.859444446848848,29.43287093846656,82.27910456325534,1.0,local_static_Gaussian_linearization,range-6226b1780a8e2d97ad7ffbc1,39,single_turn,400
54.2173125,3,50.98747134405602,0.0011539556080307357,0.05769792978205023,0.058837278496779874,0.7092421305234948,0.6835517475437284,0.172431460935668,0.9999936294189204,29.43762286201378,5.859905652781388,29.437806681381826,82.29290235105088,1.0,local_static_Gaussian_linearization,range-6226b1780a8e2d97ad7ffbc1,39,single_turn,400
54.52864583333333,3,51.17500341671618,0.0011459424379306157,0.05751211143442383,0.058643608176459326,0.7103694760705239,0.6824565462489515,0.17212864360484093,0.9999934813813312,29.540362703798635,5.869493234295426,29.54055146416623,82.58012369428039,1.0,local_static_Gaussian_linearization,range-6226b1780a8e2d97ad7ffbc1,39,single_turn,400
54.54364583333333,3,51.18407060198146,0.0011455573036281412,0.057503166580209694,0.0586342859075183,0.710423644093565,0.6824038294631676,0.1721140884611825,0.9999934741840113,29.54532778579826,5.869955943104574,29.545516786969863,82.59400417216528,1.0,local_static_Gaussian_linearization,range-6226b1780a8e2d97ad7ffbc1,39,single_turn,400
54.55864583333333,3,51.19314088820036,0.001145172248617928,0.057494222277025185,0.058624964264754796,0.7104777978761116,0.6823511181243043,0.17209953608195153,0.9999934669810735,29.550294349139758,5.870418732528749,29.55048359135925,82.60788879179869,1.0,local_static_Gaussian_linearization,range-6226b1780a8e2d97ad7ffbc1,39,single_turn,400
54.86997916666666,3,51.38215662639468,0.0011371957241757599,0.057308644146473436,0.05843156881446522,0.7115983315582535,0.6812585211943718,0.1717982590818878,0.9999933162966497,29.65374477699962,5.880045447781528,29.653939075338837,82.8970968884806,1.0,local_static_Gaussian_linearization,range-6226b1780a8e2d97ad7ffbc1,39,single_turn,400
54.88497916666666,3,51.3913054826964,0.0011368119224585275,0.05729970028920429,0.05842224878343756,0.7116521160907133,0.6812059882092968,0.1717837806412613,0.9999933089896524,29.65874987634094,5.880510593270325,29.658944420579328,82.91108924842669,1.0,local_static_Gaussian_linearization,range-6226b1780a8e2d97ad7ffbc1,39,single_turn,400
54.89997916666666,3,51.40045916491669,0.0011364281263201144,0.05729075517800811,0.058412927500779824,0.7117058754638523,0.6811534723541729,0.1717693043884276,0.9999933016800742,29.663757438147016,5.880975913341037,29.66395222844983,82.9250884926143,1.0,local_static_Gaussian_linearization,range-6226b1780a8e2d97ad7ffbc1,39,single_turn,400
55.2113125,3,51.591915449645484,0.0011284474534530905,0.05710441618596613,0.0582187656079196,0.7128133044458392,0.6800703354488953,0.17146874889445757,0.9999931500927229,29.768463082863633,5.890693944892894,29.768662998502176,83.21780572077894,1.0,local_static_Gaussian_linearization,range-6226b1780a8e2d97ad7ffbc1,39,single_turn,400
55.2263125,3,51.60123516563322,0.001128061186536132,0.05709537981914787,0.05820935056767419,0.7128660776568805,0.6800186770851754,0.171454233372706,0.9999931428417149,29.77355904280695,5.891166407750782,29.77375920500759,83.23205208189034,1.0,local_static_Gaussian_linearization,range-6226b1780a8e2d97ad7ffbc1,39,single_turn,400
55.2413125,3,51.610566312487904,0.0011276746458762366,0.05708633528685548,0.058199927089906824,0.7129187769501316,0.6799670906454307,0.1714397069267139,0.9999931356010813,29.778661235555276,5.891639407209564,29.778861644131833,83.24631586618476,1.0,local_static_Gaussian_linearization,range-6226b1780a8e2d97ad7ffbc1,39,single_turn,400
55.55264583333333,3,51.80736447732118,0.0011195675050850622,0.05689619887001921,0.058001841792906954,0.713991154760025,0.6789177179210477,0.1711355112690616,0.9999929888681636,29.886280769114123,5.901608131588298,29.886486216125324,83.54717857954837,1.0,local_static_Gaussian_linearization,range-6226b1780a8e2d97ad7ffbc1,39,single_turn,400
55.56764583333333,3,51.81702531183547,0.0011191716713193191,0.05688689206319604,0.05799214682104237,0.7140415241054301,0.6788684753054021,0.17112070327611786,0.9999929820377966,29.891565259340947,5.9020973065006075,29.891770943590547,83.5619519478891,1.0,local_static_Gaussian_linearization,range-6226b1780a8e2d97ad7ffbc1,39,single_turn,400
55.58264583333333,3,51.82670533607873,0.001118775245702518,0.05687756898895423,0.05798243499632348,0.7140917462399754,0.678819385525838,0.17110587303265226,0.9999929752369539,29.896860462743764,5.902587449977991,29.897066383513824,83.57675526272939,1.0,local_static_Gaussian_linearization,range-6226b1780a8e2d97ad7ffbc1,39,single_turn,400
55.89397916666666,3,52.03236981604437,0.001110397345634819,0.05667995627945036,0.05777660533082495,0.7150955686066515,0.67784084943814,0.17079259524964904,0.9999928421467299,30.009429850898254,5.9130031612103,30.00964047888134,83.8914542869334,1.0,local_static_Gaussian_linearization,range-6226b1780a8e2d97ad7ffbc1,39,single_turn,400
55.90897916666666,3,52.04252500557856,0.0011099858172848277,0.056670219285712836,0.057766464651883204,0.7151418128924497,0.6777959377602196,0.1707772063498085,0.9999928361922342,30.014992172377966,5.91351768233856,30.015203015435024,83.90700426599233,1.0,local_static_Gaussian_linearization,range-6226b1780a8e2d97ad7ffbc1,39,single_turn,400
55.92397916666666,3,52.05270397865703,0.0011095735236400573,0.056660461244285414,0.05775630216859131,0.7151878403786203,0.6777512556258057,0.17076178867711866,0.9999928302856015,30.020567942394962,5.914033438457909,30.020778999279955,83.92259183673184,1.0,local_static_Gaussian_linearization,range-6226b1780a8e2d97ad7ffbc1,39,single_turn,400
56.2353125,3,52.269534296378204,0.0011008370313483821,0.05645296965709592,0.057540238964787424,0.7160884606066833,0.676881858293352,0.17043552006342183,0.9999927199239385,30.13945426330542,5.925029333885486,30.139669434700313,84.25494808522603,1.0,local_static_Gaussian_linearization,range-6226b1780a8e2d97ad7ffbc1,39,single_turn,400
56.2503125,3,52.28025859469268,0.0011004071576270766,0.05644272328685244,0.05752957076019432,0.7161288891267685,0.676843125632651,0.17041947494897433,0.9999927152780762,30.145340534613286,5.925573766998157,30.145555886218347,84.27140356321769,1.0,local_static_Gaussian_linearization,range-6226b1780a8e2d97ad7ffbc1,39,single_turn,400
56.2653125,3,52.29100882194142,0.001099976451006155,0.05643245348799775,0.057518878303490666,0.7161690174261911,0.6768047143656284,0.17040339518702047,0.9999927107010584,30.151241673415257,5.926119580049228,30.15145720335831,84.28790059780988,1.0,local_static_Gaussian_linearization,range-6226b1780a8e2d97ad7ffbc1,39,single_turn,400
56.57664583333333,3,52.5199273258986,0.001090853103409004,0.056214055325007464,0.05729152571427184,0.7169286230617193,0.6760858270876978,0.17006264682748623,0.9999926325128777,30.27706172513496,5.937758933916191,30.277280494347362,84.6396375295358,1.0,local_static_Gaussian_linearization,range-6226b1780a8e2d97ad7ffbc1,39,single_turn,400
56.59164583333333,3,52.53122968616222,0.001090405004771218,0.05620328524063729,0.05728031575657766,0.7169613862653774,0.6760553031521025,0.17004586935396807,0.9999926296278933,30.28328213299437,5.938334501837721,30.283501033743992,84.65702694467392,1.0,local_static_Gaussian_linearization,range-6226b1780a8e2d97ad7ffbc1,39,single_turn,400
56.60664583333333,3,52.54255610558826,0.0010899561711505614,0.05619249335949,0.05726908327531053,0.7169937727696616,0.6760251852177587,0.1700290526963611,0.9999926268299256,30.289516591481412,5.938911384240874,30.289735621323114,84.67445563127413,1.0,local_static_Gaussian_linearization,range-6226b1780a8e2d97ad7ffbc1,39,single_turn,400
56.91797916666666,3,52.78269819888532,0.001080491077097378,0.05596393743242472,0.05703123442901943,0.7175766720153233,0.6754959426587215,0.16967307161426307,0.9999925891831218,30.42189414540003,5.951164221967712,30.4221152751999,85.0445207671607,1.0,local_static_Gaussian_linearization,range-6226b1780a8e2d97ad7ffbc1,39,single_turn,400
56.93297916666666,3,52.794489341173,0.001080028822657761,0.055952727082344604,0.05701957016596478,0.7176002403646113,0.6754752932928741,0.16965560167456373,0.9999925883955333,30.428403739453085,5.951766948528684,30.428624941031728,85.06271843047288,1.0,local_static_Gaussian_linearization,range-6226b1780a8e2d97ad7ffbc1,39,single_turn,400
56.94797916666666,3,52.80629842951054,0.0010795660968107078,0.055941500780802095,0.0570078894825681,0.7176233798420866,0.6754551043790897,0.16963810501256277,0.9999925877046199,30.434924161828558,5.952370696733125,30.435145432391067,85.0809463563684,1.0,local_static_Gaussian_linearization,range-6226b1780a8e2d97ad7ffbc1,39,single_turn,400
57.2593125,3,53.05483357849036,0.0010698809965268424,0.05570548150528128,0.056762358219521046,0.7180036736690503,0.6751430228893291,0.16927085762648886,0.9999925955529576,30.572370132672326,5.96510194219946,30.572592187384867,85.46517648973385,1.0,local_static_Gaussian_linearization,range-6226b1780a8e2d97ad7ffbc1,39,single_turn,400
57.2743125,3,53.06693985270075,0.001069411821920095,0.05569399697300845,0.05675041283160081,0.7180170497464963,0.6751332796285947,0.16925297932761896,0.9999925970156952,30.5790758274705,5.9657233030874375,30.57929788799667,85.48392216503552,1.0,local_static_Gaussian_linearization,range-6226b1780a8e2d97ad7ffbc1,39,single_turn,400
57.2893125,3,53.079055237243665,0.00106894253395617,0.05568250492067202,0.05673845980529876,0.7180299640014175,0.6751240285425103,0.16923509352570776,0.9999925985778514,30.585787561351168,5.96634524525851,30.586009624732966,85.5026847142235,1.0,local_static_Gaussian_linearization,range-6226b1780a8e2d97ad7ffbc1,39,single_turn,400
57.60064583333333,3,53.331711243384035,0.0010592101451279228,0.05544309621730419,0.056489489606025275,0.7181916194190182,0.6750451991616945,0.1688631898462065,0.9999926534558791,30.72598428363831,5.979341711886485,30.726205731327546,85.89460061457766,1.0,local_static_Gaussian_linearization,range-6226b1780a8e2d97ad7ffbc1,39,single_turn,400
57.61564583333333,3,53.34389755819238,0.0010587433198055085,0.05543156049491965,0.05647749519212556,0.7181941988925046,0.6750469439521948,0.1688452431605809,0.999992657178884,30.73275756006675,5.979969862187865,30.73297894531111,85.91353502239497,1.0,local_static_Gaussian_linearization,range-6226b1780a8e2d97ad7ffbc1,39,single_turn,400
57.63064583333333,3,53.356081292947124,0.0010582768308211518,0.055420028285255364,0.05646550461573583,0.718196299326225,0.6750491972891369,0.16882729895786322,0.9999926609988399,30.739530435858647,5.98059799898552,30.7397517556809,85.93246830191663,1.0,local_static_Gaussian_linearization,range-6226b1780a8e2d97ad7ffbc1,39,single_turn,400
57.94197916666666,3,53.607473814348516,0.0010487041793551901,0.055182312846013146,0.0562183818337812,0.7181322458691849,0.6752097422233897,0.16845735795596492,0.9999927614390706,30.879511137589116,5.9935856550135975,30.879730442651105,86.32377640930198,1.0,local_static_Gaussian_linearization,range-6226b1780a8e2d97ad7ffbc1,39,single_turn,400
57.95697916666666,3,53.619469996245535,0.0010482498778576982,0.05517098040467567,0.0562066028743589,0.7181240377504013,0.6752228772972877,0.16843969953497367,0.9999927672558225,30.886202030829693,5.994206708165985,30.886421208102547,86.34248033360954,1.0,local_static_Gaussian_linearization,range-6226b1780a8e2d97ad7ffbc1,39,single_turn,400
57.971979166666664,3,53.63145185218341,0.0010477963446600324,0.05515966250904425,0.0561948392095283,0.7181153695401349,0.6752364947770866,0.16842206551218053,0.999992773157285,30.89288595151382,5.994827137756929,30.893104998301833,86.3611647587149,1.0,local_static_Gaussian_linearization,range-6226b1780a8e2d97ad7ffbc1,39,single_turn,400
58.2833125,3,53.8759791331144,0.0010385894113713694,0.054928895453785605,0.055955021454917465,0.7178334328977379,0.6756256550465913,0.16806289553947626,0.99999291373174,31.02951839310965,6.0075153667715435,31.029734148251784,86.74310929068474,1.0,local_static_Gaussian_linearization,range-6226b1780a8e2d97ad7ffbc1,39,single_turn,400
58.2983125,3,53.88751772181469,0.001038157240841959,0.05491801560841744,0.05594371671390131,0.7178150502461577,0.6756494042435239,0.1680459347484403,0.9999929213238713,31.03597653149136,6.0081153610298195,31.036192101239788,86.76116239159614,1.0,local_static_Gaussian_linearization,range-6226b1780a8e2d97ad7ffbc1,39,single_turn,400
58.3133125,3,53.89903098964365,0.0010377262219398511,0.05490716045883585,0.05593243779510186,0.7177962418739683,0.6756735942990196,0.16802901272890705,0.9999929289853782,31.04242148101575,6.008714154535668,31.042636863065884,86.77917861683233,1.0,local_static_Gaussian_linearization,range-6226b1780a8e2d97ad7ffbc1,39,single_turn,400
58.62464583333333,3,54.131662918142936,0.0010290603619373495,0.054687992618052884,0.05570474863481477,0.7173132899266741,0.6762711590494752,0.16768710007764537,0.9999931024068358,31.172859014251678,6.020838437634298,31.173070014614552,87.14380233761118,1.0,local_static_Gaussian_linearization,range-6226b1780a8e2d97ad7ffbc1,39,single_turn,400
58.63964583333333,3,54.142542155289966,0.0010286570896074158,0.054677750421887904,0.0556941098374074,0.7172857449439622,0.6763043439185764,0.1676710902244296,0.9999931113953673,31.178969157192803,6.021406644125495,31.17917992473176,87.16088249042593,1.0,local_static_Gaussian_linearization,range-6226b1780a8e2d97ad7ffbc1,39,single_turn,400
58.65464583333333,3,54.15339004384097,0.0010282551559009886,0.054667538396748476,0.055683502522096744,0.7172578281282689,0.676337908403677,0.16765512710578837,0.9999931204357592,31.1850625968399,6.021973320670236,31.18527312974318,87.17791594439338,1.0,local_static_Gaussian_linearization,range-6226b1780a8e2d97ad7ffbc1,39,single_turn,400
58.96597916666666,3,54.371362553490954,0.0010202161885561295,0.054462487397217325,0.05547054427092601,0.7165994980388143,0.6771147068854014,0.16733449474037476,0.99999331842053,31.307691588075635,6.033382342709294,31.307896882482897,87.52070861979031,1.0,local_static_Gaussian_linearization,range-6226b1780a8e2d97ad7ffbc1,39,single_turn,400
58.980979166666664,3,54.38151634911536,0.0010198434425844633,0.05445294266213661,0.05546063284644508,0.7165642236004712,0.6771557319081861,0.16731953920490789,0.9999933283953707,31.31341274732759,6.033914832576277,31.313617773472096,87.5367012760582,1.0,local_static_Gaussian_linearization,range-6226b1780a8e2d97ad7ffbc1,39,single_turn,400
58.995979166666665,3,54.3916387220131,0.0010194720045536088,0.05444342818141227,0.05545075295888638,0.7165286477197911,0.6771970608424827,0.1673046257075708,0.9999933384043176,31.319116954413786,6.034445761117639,31.319321711019953,87.55264653926079,1.0,local_static_Gaussian_linearization,range-6226b1780a8e2d97ad7ffbc1,39,single_turn,400
59.307312499999995,3,54.59495378850515,0.001012044398346064,0.054252500340414664,0.05525251715961886,0.715727991103321,0.6781171348334027,0.16700477297532962,0.9999935525201706,31.43384222931337,6.045126844511956,31.43404114536427,87.8733428231397,1.0,local_static_Gaussian_linearization,range-6226b1780a8e2d97ad7ffbc1,39,single_turn,400
59.322312499999995,3,54.60443973069581,0.001011699408745177,0.05424360204927468,0.0552432793904066,0.7156866918360684,0.6781641678300253,0.16699077998546397,0.9999935630832754,31.43920156944454,6.04562590150916,31.43940019415189,87.88832395550963,1.0,local_static_Gaussian_linearization,range-6226b1780a8e2d97ad7ffbc1,39,single_turn,400
59.337312499999996,3,54.61389927443865,0.0010113555200598034,0.05423472956075323,0.05523406850319362,0.7156451689683357,0.6782114211793894,0.166976825679837,0.9999935736636524,31.444546537497892,6.046123624126578,31.44474487012319,87.90326490890894,1.0,local_static_Gaussian_linearization,range-6226b1780a8e2d97ad7ffbc1,39,single_turn,400
59.648645833333326,3,54.80428230922399,0.0010044631390724108,0.054056332864627195,0.055048881442933725,0.7147393713009856,0.6792237800592994,0.16674137972989272,0.9999937930444915,31.552251287634036,6.0561558927135035,31.552443519147694,88.2043347033892,1.0,local_static_Gaussian_linearization,range-6226b1780a8e2d97ad7ffbc1,39,single_turn,400
59.66364583333333,3,54.81288752736651,0.0010041528270728036,0.05404827399906905,0.0550405159706287,0.7146955801924214,0.6792711445758902,0.16673613825436293,0.9999938029776908,31.55712649303867,6.056610260373775,31.557318447177103,88.21796248417581,1.0,local_static_Gaussian_linearization,range-6226b1780a8e2d97ad7ffbc1,39,single_turn,400
59.67864583333333,3,54.82137795346124,0.0010038467855019537,0.054040324470356664,0.05503226403536974,0.7146522467668045,0.679317976604254,0.1667310794466964,0.9999938127790536,31.561936821244473,6.057058562105937,31.562128501593097,88.23140891184765,1.0,local_static_Gaussian_linearization,range-6226b1780a8e2d97ad7ffbc1,39,single_turn,400
59.989979166666664,3,54.96526451085879,0.0009986834644978078,0.05390605717503854,0.05489290078874286,0.7139095757998165,0.6801290003725374,0.166606303703009,0.9999939803450273,31.64342645182803,6.064644786927846,31.643613432299965,88.45919868974518,1.0,local_static_Gaussian_linearization,range-6226b1780a8e2d97ad7ffbc1,39,single_turn,400
60.004979166666665,3,54.97054522936022,0.0009984948704416922,0.05390114953746532,0.054887807436899215,0.7138822337344813,0.68015947610573,0.16659904988278418,0.9999939865830704,31.646414883122382,6.064922579783716,31.646601687830213,88.46755230872272,1.0,local_static_Gaussian_linearization,range-6226b1780a8e2d97ad7ffbc1,39,single_turn,400
60.019979166666666,3,54.97567933158786,0.0009983115758985558,0.053896379629060374,0.05488285706961114,0.7138556463852305,0.6801891653899067,0.16659176273185697,0.9999939926566432,31.649320150933,6.065192610270413,31.649506784448473,88.47567345833534,1.0,local_static_Gaussian_linearization,range-6226b1780a8e2d97ad7ffbc1,39,single_turn,400
60.331312499999996,3,55.05331914258348,0.0009955469558554728,0.0538244041959226,0.05480816428213882,0.7134496426120438,0.6806490674099664,0.16645255927948216,0.9999940861701141,31.69323744953122,6.06927115385251,31.693421437953745,88.59843614686726,1.0,local_static_Gaussian_linearization,range-6226b1780a8e2d97ad7ffbc1,39,single_turn,400
60.346312499999996,3,55.05589271314382,0.00099545551454131,0.053822021665745845,0.05480569200929374,0.7134357888464496,0.6806649353447269,0.16644705159660478,0.9999940893666366,31.694693166210282,6.069406280351649,31.694877063802224,88.60250532488399,1.0,local_static_Gaussian_linearization,range-6226b1780a8e2d97ad7ffbc1,39,single_turn,400
60.3613125,3,55.058380125145966,0.0009953671420980016,0.053819718854354055,0.05480330247371195,0.7134223380795001,0.6806803465422377,0.16644168155939293,0.9999940924678025,31.696100218414788,6.069536891811387,31.69628402784644,88.60643846963065,1.0,local_static_Gaussian_linearization,range-6226b1780a8e2d97ad7ffbc1,39,single_turn,400
60.67264583333333,3,55.09461775404284,0.0009940795445523769,0.05378611196470381,0.054768432524226196,0.7132112390972858,0.6809217348786574,0.1663590075564116,0.9999941403173696,31.716622505173735,6.071443481996446,31.71680494625606,88.663804358099,1.0,local_static_Gaussian_linearization,range-6226b1780a8e2d97ad7ffbc1,39,single_turn,400
60.68764583333333,3,55.09578971914626,0.0009940378369803452,0.05378501998351341,0.05476729963914409,0.7132034181499249,0.6809306112252899,0.16635620528136646,0.9999941420357715,31.717287930374326,6.071505432070065,31.717470321859608,88.66566440460865,1.0,local_static_Gaussian_linearization,range-6226b1780a8e2d97ad7ffbc1,39,single_turn,400
60.70264583333333,3,55.096921742507405,0.0009939975399650982,0.053783964536496656,0.054766204671701894,0.7131957433942304,0.6809393131660068,0.1663534892611468,0.999994143716218,31.717930891194456,6.071565307693783,31.718113234130605,88.66746165524317,1.0,local_static_Gaussian_linearization,range-6226b1780a8e2d97ad7ffbc1,39,single_turn,400
61.013979166666665,3,55.11339269848599,0.0009934087420475836,0.05376846346378782,0.054750126110577446,0.713059515194386,0.6810919893403772,0.16631244645880988,0.9999941723730522,31.727330071759056,6.072444158707311,31.72751157731846,88.69373456839159,1.0,local_static_Gaussian_linearization,range-6226b1780a8e2d97ad7ffbc1,39,single_turn,400
61.028979166666666,3,55.11392497143099,0.0009933895655370457,0.05376795414578657,0.05474959798241116,0.7130537080450177,0.681098414352447,0.16631103213507198,0.9999941735403555,31.72763634068046,6.072473000142688,31.72781781167252,88.69459064147027,1.0,local_static_Gaussian_linearization,range-6226b1780a8e2d97ad7ffbc1,39,single_turn,400
61.04397916666667,3,55.114438782680566,0.0009933710372559497,0.053767461559165536,0.054749087221330935,0.7130479470182141,0.6811047814828785,0.16630965664768413,0.9999941746938961,31.72793226592409,6.072500890005502,31.728113702716133,88.69541779999544,1.0,local_static_Gaussian_linearization,range-6226b1780a8e2d97ad7ffbc1,39,single_turn,400
61.3553125,3,55.121727128613166,0.000993104930583593,0.05376029432181629,0.05474165899370913,0.7129362993476405,0.6812269859324893,0.16628778280387158,0.9999941962310573,31.732183468480397,6.072905865040344,31.73236425922066,88.70730016049704,1.0,local_static_Gaussian_linearization,range-6226b1780a8e2d97ad7ffbc1,39,single_turn,400
61.3703125,3,55.121946052212074,0.0009930967469681962,0.053760068662443684,0.054741425311008216,0.7129312221141109,0.6812324945554529,0.16628698354542185,0.9999941971763432,31.73231424219503,6.072918567932748,31.73249500425156,88.7076656560714,1.0,local_static_Gaussian_linearization,range-6226b1780a8e2d97ad7ffbc1,39,single_turn,400
61.3853125,3,55.122155052898506,0.0009930889113567197,0.05375985198622434,0.05474120095311929,0.7129261680837569,0.6812379743338541,0.16628620263544916,0.9999941981146471,31.732439457376366,6.072930759596391,31.73262019093361,88.70801561337333,1.0,local_static_Gaussian_linearization,range-6226b1780a8e2d97ad7ffbc1,39,single_turn,400
61.69664583333333,3,55.1246283915152,0.0009929917537693784,0.053757047580079556,0.05473830142237595,0.7128263721578166,0.681345547646005,0.16627329268193275,0.9999942161602384,31.73399238459341,6.0730874783079045,31.734172565057285,88.71235524959539,1.0,local_static_Gaussian_linearization,range-6226b1780a8e2d97ad7ffbc1,39,single_turn,400
61.71164583333333,3,55.12467363760429,0.0009929896738741298,0.05375697988374603,0.05473823169782252,0.7128218175850429,0.6813504314612134,0.16627280572112252,0.9999942169640669,31.734025644286927,6.073091193982308,31.73420579990449,88.7124481570618,1.0,local_static_Gaussian_linearization,range-6226b1780a8e2d97ad7ffbc1,39,single_turn,400
61.72664583333333,3,55.124713278728336,0.0009929877918345388,0.053756917333908964,0.05473816731415653,0.7128172877903066,0.681355286780157,0.166272329038843,0.9999942177619808,31.73405574235009,6.073094617058653,31.734235873287012,88.71253222670592,1.0,local_static_Gaussian_linearization,range-6226b1780a8e2d97ad7ffbc1,39,single_turn,400
62.037979166666666,3,55.124489989018514,0.0009929857918057196,0.0537565870943578,0.05473783533963201,0.7127292998791611,0.6814491124459826,0.1662650060606362,0.999994232944422,31.73408817393009,6.073110678254812,31.73426783213016,88.71262156712407,1.0,local_static_Gaussian_linearization,range-6226b1780a8e2d97ad7ffbc1,39,single_turn,400
62.05297916666667,3,55.12443718786819,0.000992987193710122,0.053756610556446816,0.054737860188031125,0.7127253773591783,0.6814532766992247,0.16626475316225794,0.9999942336081946,31.734065793426595,6.07310921765652,31.73424543082138,88.71255894463538,1.0,local_static_Gaussian_linearization,range-6226b1780a8e2d97ad7ffbc1,39,single_turn,400
62.06797916666667,3,55.12438110685531,0.0009929887132629255,0.053756637131354375,0.054737888264711376,0.7127214863034026,0.6814574060417029,0.16626450827636782,0.99999423426554,31.734041532859994,6.073107580602372,31.73422114963902,88.71249106699115,1.0,local_static_Gaussian_linearization,range-6226b1780a8e2d97ad7ffbc1,39,single_turn,400
62.3793125,3,55.12256098412538,0.000993043919416949,0.053757818464891104,0.054739124007975655,0.7126481709510837,0.6815349248230664,0.16626103177381085,0.9999942464312387,31.733159806534264,6.073037937027383,31.73333903928335,88.71002514206177,1.0,local_static_Gaussian_linearization,range-6226b1780a8e2d97ad7ffbc1,39,single_turn,400
62.3943125,3,55.122444661426215,0.0009930476172043132,0.053757903139042815,0.054739212325505916,0.7126450049487257,0.6815382626107311,0.1662609199997898,0.9999942469468582,31.733100740546874,6.073033010594548,31.73327995689529,88.70985997822181,1.0,local_static_Gaussian_linearization,range-6226b1780a8e2d97ad7ffbc1,39,single_turn,400
62.4093125,3,55.122325929694526,0.000993051402621131,0.05375799016398687,0.05473930308022229,0.7126418720926772,0.6815415647099129,0.1662608123191033,0.9999942474561976,31.733040274590856,6.07302795117456,31.733219474725992,88.70969090131653,1.0,local_static_Gaussian_linearization,range-6226b1780a8e2d97ad7ffbc1,39,single_turn,400
62.72064583333333,3,55.11903790958039,0.000993160092398764,0.05376060671001976,0.05474202878320984,0.7125852519681258,0.6816042101150673,0.16624668246595947,0.9999942571463214,31.73130412368767,6.0728768395802275,31.73148301201211,88.70483664848116,1.0,local_static_Gaussian_linearization,range-6226b1780a8e2d97ad7ffbc1,39,single_turn,400
62.73564583333333,3,55.11878443328758,0.0009931688202501272,0.05376082686922986,0.0547422581092293,0.712583138459789,0.6816072845042279,0.16624313668109583,0.9999942576577859,31.731164713833792,6.072864175727824,31.73134358542618,88.70444688376314,1.0,local_static_Gaussian_linearization,range-6226b1780a8e2d97ad7ffbc1,39,single_turn,400
62.75064583333333,3,55.11851472201272,0.0009931781451079185,0.05376106312563135,0.05474250421271209,0.7125811103063666,0.6816104082566982,0.16623902246669725,0.9999942581847421,31.731015769427785,6.072850589359677,31.731194623750756,88.7040304638599,1.0,local_static_Gaussian_linearization,range-6226b1780a8e2d97ad7ffbc1,39,single_turn,400
45.9953125,3,335.1142463830224,2.9392420858825307e-05,0.009820922154287055,0.009849818965477871,-0.6960514916256014,-0.6965636733615146,-0.1741016081456139,0.9999998293051411,184.4515237769219,14.260424988658107,184.45155516780372,515.6312758696,1.0,local_static_Gaussian_linearization,range-61aa70fe53f59e5908252f7b,61,single_turn,1000
46.0103125,3,335.11426409074653,2.93924155594465e-05,0.00982092090830836,0.009849817710053322,-0.6960512026954276,-0.6965637957010812,-0.17410227380695248,0.9999998293047662,184.45154040492721,14.260425896268472,184.45157179587935,515.6313223531108,1.0,local_static_Gaussian_linearization,range-61aa70fe53f59e5908252f7b,61,single_turn,1000
46.0253125,3,335.1142829109068,2.939241011389035e-05,0.009820919646060185,0.00984981643833965,-0.6960509135930557,-0.6965639232362681,-0.17410291936659283,0.99999982930443,184.45155749160335,14.260426815591142,184.45158888262625,515.6313701188295,1.0,local_static_Gaussian_linearization,range-61aa70fe53f59e5908252f7b,61,single_turn,1000
46.33664583333333,3,335.1145333125651,2.9392327621360053e-05,0.009820899513247586,0.00984979615380209,-0.6960453181056973,-0.6965667531520852,-0.17411396712010346,0.9999998293004851,184.45181633164106,14.260441475614424,184.45184772343333,515.6320937040305,1.0,local_static_Gaussian_linearization,range-61aa70fe53f59e5908252f7b,61,single_turn,1000
46.35164583333333,3,335.1145152447544,2.9392329081641134e-05,0.00982089947317087,0.009849796112108466,-0.6960450981020656,-0.6965668531250385,-0.17411444665956702,0.999999829300221,184.45181174959652,14.26044150585948,184.4518431414292,515.6320808951136,1.0,local_static_Gaussian_linearization,range-61aa70fe53f59e5908252f7b,61,single_turn,1000
46.36664583333333,3,335.11449237114346,2.9392331393817087e-05,0.009820899576466235,0.009849796214643436,-0.6960448854568488,-0.6965669463660193,-0.17411492371328088,0.9999998292999355,184.45180449449066,14.260441431901356,184.45183588638844,515.632060613767,1.0,local_static_Gaussian_linearization,range-61aa70fe53f59e5908252f7b,61,single_turn,1000
46.67797916666667,3,335.1127852716484,2.9392597478358065e-05,0.009820938366984824,0.009849835207341002,-0.6960424134500035,-0.6965670464952283,-0.17412440499714116,0.9999998292880146,184.45096959015518,14.260413263548548,184.45100098411078,515.62972665824,1.0,local_static_Gaussian_linearization,range-61aa70fe53f59e5908252f7b,61,single_turn,1000
46.69297916666667,3,335.112645637936,2.9392620460580882e-05,0.00982094194453331,0.009849838804776988,-0.6960423888618923,-0.6965669613162764,-0.17412484403450015,0.9999998292871458,184.45089747846765,14.260410664687539,184.45092887256092,515.6295250715933,1.0,local_static_Gaussian_linearization,range-61aa70fe53f59e5908252f7b,61,single_turn,1000
46.70797916666667,3,335.1125016164813,2.939264421966922e-05,0.009820945652671631,0.009849842533576562,-0.696042371723605,-0.6965668689516896,-0.17412528203629263,0.9999998292862539,184.45082292928655,14.260407970926764,184.45085432352127,515.6293166709843,1.0,local_static_Gaussian_linearization,range-61aa70fe53f59e5908252f7b,61,single_turn,1000
47.0193125,3,335.1088714548758,2.939325140263612e-05,0.009821041881215674,0.009849939305926834,-0.6960431279770448,-0.69656393411052,-0.1741339992431301,0.9999998292646072,184.4489177945264,14.260338060447548,184.448949192411,515.6239909084327,1.0,local_static_Gaussian_linearization,range-61aa70fe53f59e5908252f7b,61,single_turn,1000
47.0343125,3,335.10868356998594,2.939328301125126e-05,0.009821046922306524,0.009849944375700442,-0.6960431883110217,-0.6965637751351849,-0.1741343940043065,0.9999998292635296,184.44881861898952,14.26033439789848,184.44885001707536,515.62371366542,1.0,local_static_Gaussian_linearization,range-61aa70fe53f59e5908252f7b,61,single_turn,1000
47.0493125,3,335.10849611881144,2.9393314550320433e-05,0.009821051952879951,0.009849949434905058,-0.6960432481738493,-0.6965636173206192,-0.1741347860044353,0.9999998292624585,184.44871966184448,14.260330742980141,184.44875106010693,515.6234370328492,1.0,local_static_Gaussian_linearization,range-61aa70fe53f59e5908252f7b,61,single_turn,1000
47.36064583333333,3,335.10500845654883,2.9393900111679332e-05,0.009821145132700656,0.009850043145495254,-0.6960439453798597,-0.6965610755399354,-0.17414216646948957,0.999999829243579,184.44688243058707,14.260263042064304,184.44691383199472,515.6183010920072,1.0,local_static_Gaussian_linearization,range-61aa70fe53f59e5908252f7b,61,single_turn,1000
47.37564583333333,3,335.1048719027791,2.939392288592822e-05,0.009821148730178145,0.009850046763409143,-0.6960439387666684,-0.6965610025784462,-0.1741424847447982,0.9999998292428839,184.4468109762288,14.260260428230374,184.4468423777565,515.6181013428645,1.0,local_static_Gaussian_linearization,range-61aa70fe53f59e5908252f7b,61,single_turn,1000
47.39064583333333,3,335.10473892627755,2.939394503974593e-05,0.00982115222548429,0.00985005027855741,-0.6960439278157442,-0.6965609346754486,-0.17414280012362426,0.99999982924221,184.4467414685492,14.260257888634138,184.44677287020167,515.617907035643,1.0,local_static_Gaussian_linearization,range-61aa70fe53f59e5908252f7b,61,single_turn,1000
47.70197916666666,3,335.1027985172424,2.9394262628887777e-05,0.009821201339257126,0.009850099667291088,-0.6960427745734491,-0.6965605894602164,-0.17414879033438713,0.9999998292326905,184.44574504038047,14.260222205443878,184.44577644359828,515.6151215415314,1.0,local_static_Gaussian_linearization,range-61aa70fe53f59e5908252f7b,61,single_turn,1000
47.71697916666666,3,335.102741699182,2.9394271571332564e-05,0.009821202658667589,0.009850100993803864,-0.6960426835131318,-0.6965606133759888,-0.1741490586282451,0.9999998292324063,184.44571698390956,14.260221247005965,184.4457483871742,515.6150431102612,1.0,local_static_Gaussian_linearization,range-61aa70fe53f59e5908252f7b,61,single_turn,1000
47.73197916666666,3,335.1026876511935,2.939428003524487e-05,0.009821203899605314,0.009850102241382375,-0.6960425903988692,-0.6965606397528157,-0.17414932528718113,0.9999998292321338,184.44569042880727,14.260220345598166,184.44572183213103,515.6149688760767,1.0,local_static_Gaussian_linearization,range-61aa70fe53f59e5908252f7b,61,single_turn,1000
48.0433125,3,335.1020000035036,2.9394380826135994e-05,0.0098212173962809,0.009850115803702809,-0.6960403802730774,-0.6965615291659625,-0.17415460118896092,0.9999998292281581,184.44537420334012,14.26021054638573,184.44540560732747,515.6140848748615,1.0,local_static_Gaussian_linearization,range-61aa70fe53f59e5908252f7b,61,single_turn,1000
48.0583125,3,335.1019792009362,2.9394383568261524e-05,0.009821217702552844,0.009850116111115914,-0.6960402686305507,-0.6965615796137118,-0.17415484561378644,0.999999829228011,184.4453656000994,14.26021032427331,184.44539700411138,515.614060824713,1.0,local_static_Gaussian_linearization,range-61aa70fe53f59e5908252f7b,61,single_turn,1000
48.0733125,3,335.10195896490507,2.9394386214070385e-05,0.009821217993294664,0.009850116402905985,-0.6960401572267166,-0.696561629893937,-0.17415508975424807,0.9999998292278645,184.44535729903808,14.26021011345223,184.44538870308287,515.6140376193249,1.0,local_static_Gaussian_linearization,range-61aa70fe53f59e5908252f7b,61,single_turn,1000
48.38464583333333,3,335.1015540241969,2.9394439353060552e-05,0.009821223876141368,0.0098501223068806,-0.6960380152467993,-0.6965625457829482,-0.1741599872062336,0.9999998292246527,184.44519057908556,14.260205848334815,184.44522198369066,515.6135715580177,1.0,local_static_Gaussian_linearization,range-61aa70fe53f59e5908252f7b,61,single_turn,1000
48.39964583333333,3,335.1015320654614,2.9394442387654697e-05,0.009821224246021925,0.009850122678313028,-0.6960379237149759,-0.6965625807770773,-0.1741602130560329,0.9999998292244799,184.44518105826944,14.260205580020656,184.4452124629044,515.613544942817,1.0,local_static_Gaussian_linearization,range-61aa70fe53f59e5908252f7b,61,single_turn,1000
48.41464583333333,3,335.10150984180467,2.9394445473582867e-05,0.009821224625258996,0.00985012305916022,-0.6960378333767354,-0.6965626148722162,-0.17416043773084808,0.9999998292243064,184.44517137639392,14.260205304906172,184.44520278106347,515.6135178773906,1.0,local_static_Gaussian_linearization,range-61aa70fe53f59e5908252f7b,61,single_turn,1000
48.72597916666666,3,335.10103943164347,2.9394512096269927e-05,0.00982123308527764,0.00985013155704607,-0.696036080001376,-0.6965632764992747,-0.17416479888000655,0.9999998292208978,184.44496235306815,14.26019916587466,184.4449937583393,515.6129335578175,1.0,local_static_Gaussian_linearization,range-61aa70fe53f59e5908252f7b,61,single_turn,1000
48.74097916666666,3,335.10101919503387,2.9394514918657253e-05,0.009821233434664315,0.009850131907985674,-0.6960359913920203,-0.6965633170097122,-0.1741649909808362,0.999999829220781,184.44495349810012,14.260198912287606,184.4449849033671,515.612908803889,1.0,local_static_Gaussian_linearization,range-61aa70fe53f59e5908252f7b,61,single_turn,1000
48.75597916666666,3,335.100999436004,2.9394517658373164e-05,0.009821233770459936,0.009850132245260115,-0.6960359014863898,-0.696563359128258,-0.17416518183031446,0.999999829220671,184.4449449024687,14.260198668564282,184.44497630776982,515.6128847750389,1.0,local_static_Gaussian_linearization,range-61aa70fe53f59e5908252f7b,61,single_turn,1000
49.0673125,3,335.10069828539844,2.939455610716216e-05,0.009821237786719788,0.009850136277299363,-0.6960336866171017,-0.6965647171506473,-0.17416860197821254,0.9999998292204907,184.444824273179,14.260195751439019,184.44485567848955,515.6125475578783,1.0,local_static_Gaussian_linearization,range-61aa70fe53f59e5908252f7b,61,single_turn,1000
49.0823125,3,335.10068873436285,2.939455711614408e-05,0.00982123784399861,0.009850136334661449,-0.6960335606523269,-0.6965648083145216,-0.17416874077571456,0.9999998292205905,184.44482110761734,14.260195709638042,184.44485251291155,515.6125387085573,1.0,local_static_Gaussian_linearization,range-61aa70fe53f59e5908252f7b,61,single_turn,1000
49.0973125,3,335.10067960820885,2.9394558050151e-05,0.009821237888708445,0.009850136379388547,-0.696033432731681,-0.6965649017785001,-0.1741688781902832,0.9999998292206986,184.4448181772765,14.260195676951787,184.44484958256015,515.6125305168083,1.0,local_static_Gaussian_linearization,range-61aa70fe53f59e5908252f7b,61,single_turn,1000
49.40864583333333,3,335.10051715029937,2.9394572490295892e-05,0.009821237955219502,0.009850136442910117,-0.6960304160540781,-0.696567270309515,-0.17417146109836207,0.9999998292245115,184.44477287353237,14.260195620550368,184.44480427809654,515.6124038689286,1.0,local_static_Gaussian_linearization,range-61aa70fe53f59e5908252f7b,61,single_turn,1000
49.42364583333333,3,335.1005090360321,2.9394573244676394e-05,0.0098212379694906,0.00985013645718799,-0.6960302601735016,-0.696567398890941,-0.17417156979575069,0.999999829224754,184.44477050680112,14.260195609614387,184.4448019113065,515.6123972526061,1.0,local_static_Gaussian_linearization,range-61aa70fe53f59e5908252f7b,61,single_turn,1000
49.43864583333333,3,335.1005007590189,2.9394574031863676e-05,0.009821237989925048,0.009850136477675572,-0.6960301041193782,-0.6965675282170622,-0.1741716762081017,0.9999998292250019,184.4447680371305,14.260195594183292,184.44479944158874,515.6123903485509,1.0,local_static_Gaussian_linearization,range-61aa70fe53f59e5908252f7b,61,single_turn,1000
49.74997916666666,3,335.1315514229509,2.938915838723689e-05,0.00982034135458154,0.009849234245329528,-0.696042817845524,-0.6965437504586351,-0.17421595628036357,0.9999998291354887,184.46176138416334,14.26084790513707,184.4617928080026,515.65989502368,1.0,local_static_Gaussian_linearization,range-61aa70fe53f59e5908252f7b,61,single_turn,1000
49.76497916666666,3,335.13623086393585,2.9388356776007044e-05,0.009820211028665182,0.00984910312119561,-0.6960459900390048,-0.696540142734887,-0.17421770664741598,0.9999998291274428,184.4642771002505,14.260942708820984,184.46430852600295,515.6669276717977,1.0,local_static_Gaussian_linearization,range-61aa70fe53f59e5908252f7b,61,single_turn,1000
49.779979166666664,3,335.1412951010595,2.938749043879202e-05,0.00982007037304297,0.00984896160542676,-0.6960495141851863,-0.6965362483542085,-0.17421919679303421,0.9999998291192164,184.46699606331265,14.261045027264334,184.46702749103147,515.6745284936255,1.0,local_static_Gaussian_linearization,range-61aa70fe53f59e5908252f7b,61,single_turn,1000
50.091312499999994,3,335.3365750306728,2.9354349729784528e-05,0.00981472825813011,0.009843587100638498,-0.6962041797920661,-0.6963878718888109,-0.17419435101698827,0.9999998288988805,184.57109716254305,14.264932406622373,184.5711286485998,515.9655415601601,1.0,local_static_Gaussian_linearization,range-61aa70fe53f59e5908252f7b,61,single_turn,1000
50.106312499999994,3,335.3501624280783,2.93520508291139e-05,0.009814358407070855,0.009843215013140557,-0.6962153501590405,-0.696377549299442,-0.17419097288501653,0.9999998288853584,184.57832497376472,14.265201653313285,184.57835646354954,515.9857467974697,1.0,local_static_Gaussian_linearization,range-61aa70fe53f59e5908252f7b,61,single_turn,1000
50.121312499999995,3,335.3640949945064,2.93496940094035e-05,0.009813979256183268,0.00984283356982929,-0.6962268258818849,-0.6963669567526897,-0.17418745208950318,0.9999998288715275,184.58573576569867,14.265477685820201,184.5857672593096,516.0064635546122,1.0,local_static_Gaussian_linearization,range-61aa70fe53f59e5908252f7b,61,single_turn,1000
50.43264583333333,3,335.71696419369437,2.929013297811488e-05,0.009804398109299142,0.00983319452424234,-0.6965244702504826,-0.6960928643207129,-0.17409304002190942,0.9999998285081265,184.7733165023384,14.272458375734756,184.77334809498507,516.5308426824544,1.0,local_static_Gaussian_linearization,range-61aa70fe53f59e5908252f7b,61,single_turn,1000
50.44764583333333,3,335.73631530727965,2.928687345553796e-05,0.009803873734295592,0.009832666980832891,-0.696541261147346,-0.696077356396815,-0.1740878669835593,0.9999998284866842,184.78359851160639,14.272840727478446,184.78363010996148,516.5595858854921,1.0,local_static_Gaussian_linearization,range-61aa70fe53f59e5908252f7b,61,single_turn,1000
50.46264583333333,3,335.75581881979224,2.9283588978715297e-05,0.009803345341692492,0.009832135395530798,-0.6965582429149794,-0.696061664499297,-0.17408266266824282,0.9999998284648696,184.79396097424927,14.273226040275892,184.79399257840035,516.588553994855,1.0,local_static_Gaussian_linearization,range-61aa70fe53f59e5908252f7b,61,single_turn,1000
50.77397916666666,3,336.184488109938,2.921158220501899e-05,0.00979176075935406,0.009820480810475683,-0.6969466732732987,-0.6957007962089059,-0.17397050545301124,0.9999998279326594,185.0215799556248,14.28168169450963,185.02161169700068,517.224859481298,1.0,local_static_Gaussian_linearization,range-61aa70fe53f59e5908252f7b,61,single_turn,1000
50.788979166666664,3,336.20590688586526,2.9207993422402757e-05,0.009791183354967802,0.009819899916895306,-0.6969667827366064,-0.6956820290870712,-0.1739649912111036,0.9999998279036221,185.0329463906807,14.282103544684324,185.0329781393794,517.2566341832272,1.0,local_static_Gaussian_linearization,range-61aa70fe53f59e5908252f7b,61,single_turn,1000
50.803979166666664,3,336.2273710042191,2.9204397888721418e-05,0.009790604857731531,0.009819317923885969,-0.6969869905581182,-0.6956631637763873,-0.17395947101944795,0.9999998278743271,185.0443363087725,14.282526231262876,185.04436806482474,517.2884745316813,1.0,local_static_Gaussian_linearization,range-61aa70fe53f59e5908252f7b,61,single_turn,1000
51.115312499999995,3,336.68042447990734,2.9128694928897677e-05,0.009778421911591308,0.009807061373206994,-0.6974230651869106,-0.6952549190504335,-0.17384379678743314,0.9999998272209167,185.28463727490583,14.291436669378172,185.284669193045,517.960232366547,1.0,local_static_Gaussian_linearization,range-61aa70fe53f59e5908252f7b,61,single_turn,1000
51.130312499999995,3,336.7025293255093,2.91250102301918e-05,0.009777828732111237,0.009806464611136913,-0.6974446526221395,-0.6952346701147605,-0.17383817187028588,0.999999827187813,185.29635737578354,14.291870941201491,185.2963893020432,517.9929957376693,1.0,local_static_Gaussian_linearization,range-61aa70fe53f59e5908252f7b,61,single_turn,1000
51.145312499999996,3,336.72465414235455,2.9121323004001287e-05,0.00977723512271095,0.009805867416690126,-0.6974662766990868,-0.6952143842943052,-0.1738325422290179,0.999999827154603,185.30808774251756,14.292305567556554,185.308119676964,518.0257878070088,1.0,local_static_Gaussian_linearization,range-61aa70fe53f59e5908252f7b,61,single_turn,1000
51.45664583333333,3,337.1875813943792,2.9044353067382166e-05,0.009764837708711623,0.009793395163955011,-0.6979212780289863,-0.6947869940133433,-0.17371506159308356,0.9999998264457236,185.55346602617166,14.301391748434526,185.55349813417195,518.7117392311968,1.0,local_static_Gaussian_linearization,range-61aa70fe53f59e5908252f7b,61,single_turn,1000
51.47164583333333,3,337.2100253379347,2.9040629962580178e-05,0.009764237730422141,0.009792791565511248,-0.6979434312709024,-0.6947661588903004,-0.17370938721501789,0.9999998264107518,185.56535992249027,14.30183191888597,185.5653920390287,518.7449884457714,1.0,local_static_Gaussian_linearization,range-61aa70fe53f59e5908252f7b,61,single_turn,1000
51.486645833333334,3,337.2324787435491,2.9036906081778215e-05,0.009763637598835456,0.009792187813001703,-0.6979656021921266,-0.694745304683963,-0.17370371261481315,0.9999998263757097,185.57725858602632,14.30227224255552,185.5772907111026,518.7782509870225,1.0,local_static_Gaussian_linearization,range-61aa70fe53f59e5908252f7b,61,single_turn,1000
51.797979166666664,3,337.7001250723507,2.8959527816056176e-05,0.009751161193774699,0.00977963616551839,-0.6984294515651889,-0.6943084124444242,-0.17358608698640746,0.9999998256325217,185.82501917249888,14.311435573759056,185.82505147828553,519.4708621193968,1.0,local_static_Gaussian_linearization,range-61aa70fe53f59e5908252f7b,61,single_turn,1000
51.812979166666665,3,337.7227180825822,2.895579822349421e-05,0.00975055953536758,0.00977903088028927,-0.6984519657736558,-0.6942871775395545,-0.17358043268489542,0.9999998255959553,185.83698618677596,14.311877909931525,185.83701850142074,519.504315734911,1.0,local_static_Gaussian_linearization,range-61aa70fe53f59e5908252f7b,61,single_turn,1000
51.827979166666665,3,337.74531614664016,2.8952068598744066e-05,0.009749957843929392,0.009778425561982027,-0.698474494308359,-0.6942659264813598,-0.17357477964169182,0.9999998255593207,185.8489556166388,14.312320311514474,185.84898794017246,519.5377761032412,1.0,local_static_Gaussian_linearization,range-61aa70fe53f59e5908252f7b,61,single_turn,1000
52.139312499999996,3,338.2155973611872,2.8874633327895832e-05,0.009737458947116268,0.009765851359579534,-0.6989450777670084,-0.6938214463261467,-0.17345771497158705,0.9999998247843578,186.0979911649513,14.321519599703668,186.09802367572107,520.2339513886228,1.0,local_static_Gaussian_linearization,range-61aa70fe53f59e5908252f7b,61,single_turn,1000
52.154312499999996,3,338.23832190867955,2.8870900231567913e-05,0.009736856064473162,0.009765244846318438,-0.6989678814826416,-0.6937998805827817,-0.1734520866377395,0.9999998247463621,186.1100222907356,14.32196377559653,186.1100548106576,520.2675842276186,1.0,local_static_Gaussian_linearization,range-61aa70fe53f59e5908252f7b,61,single_turn,1000
52.1693125,3,338.2610530679886,2.8867166842870784e-05,0.009736253104431963,0.009764638255358796,-0.6989906959202125,-0.6937783024234275,-0.17344645889566204,0.999999824708311,186.12205669274346,14.32240804991414,186.1220892218451,520.3012262253199,1.0,local_static_Gaussian_linearization,range-61aa70fe53f59e5908252f7b,61,single_turn,1000
52.480645833333334,3,338.73446786514114,2.878959120885009e-05,0.0097237171580919,0.00975202685818478,-0.699466264337345,-0.6933279947575518,-0.17332984953386496,0.9999998239071654,186.37264751446256,14.331654199232203,186.37268023636273,521.0017492673708,1.0,local_static_Gaussian_linearization,range-61aa70fe53f59e5908252f7b,61,single_turn,1000
52.495645833333334,3,338.7573592328228,2.8785848704859415e-05,0.009723112030645482,0.009751418090533748,-0.6994892604442297,-0.6933061972506697,-0.1733242377078295,0.999999823868073,186.38476244801845,14.332100977153994,186.38479517932157,521.0356163903087,1.0,local_static_Gaussian_linearization,range-61aa70fe53f59e5908252f7b,61,single_turn,1000
52.510645833333335,3,338.78025841688407,2.8782105708638992e-05,0.009722506790567974,0.009750809209754793,-0.699512263037318,-0.6932843916397258,-0.1733186261460225,0.9999998238289391,186.39688133830794,14.332547880049614,186.39691407901574,521.0694945742349,1.0,local_static_Gaussian_linearization,range-61aa70fe53f59e5908252f7b,61,single_turn,1000
52.821979166666665,3,339.25740183376377,2.8704291995434334e-05,0.009709916795316686,0.009738143523848754,-0.6999910251036615,-0.692830137951322,-0.17320209213712623,0.999999823008159,186.64935940336517,14.341853691307179,186.64939234131617,521.7752933862909,1.0,local_static_Gaussian_linearization,range-61aa70fe53f59e5908252f7b,61,single_turn,1000
52.836979166666666,3,339.2804829636484,2.8700536457199785e-05,0.009709308795191074,0.009737531870514541,-0.7000141520355706,-0.6928081773445406,-0.17319646749993786,0.9999998229682291,186.66157076832994,14.342303549464432,186.66160371585002,521.8094300821039,1.0,local_static_Gaussian_linearization,range-61aa70fe53f59e5908252f7b,61,single_turn,1000
52.851979166666666,3,339.3035729363305,2.8696780269082823e-05,0.009708700655600401,0.009736920077068594,-0.700037284215651,-0.6927862100983977,-0.17319084215245092,0.9999998229282644,186.6737866440867,14.342753553154322,186.67381960121006,521.8435793878571,1.0,local_static_Gaussian_linearization,range-61aa70fe53f59e5908252f7b,61,single_turn,1000
53.163312499999996,3,339.78490347004134,2.8618658284976232e-05,0.009696044618284877,0.009724188042802747,-0.7005185853014407,-0.6923287774866885,-0.17307390187736404,0.9999998220910923,186.92839989037114,14.352128234294176,186.9284330486149,522.5553470746054,1.0,local_static_Gaussian_linearization,range-61aa70fe53f59e5908252f7b,61,single_turn,1000
53.1783125,3,339.80819556242767,2.861488653175867e-05,0.00969543320334817,0.009723572958580527,-0.700541830048614,-0.6923066690078415,-0.17306825358628108,0.9999998220504009,186.9407190747689,14.352581591893925,186.94075224279214,522.5897851784507,1.0,local_static_Gaussian_linearization,range-61aa70fe53f59e5908252f7b,61,single_turn,1000
53.1933125,3,339.8314970324485,2.8611114057160077e-05,0.009694821636575859,0.009722957721810841,-0.7005650796074577,-0.6922845545342912,-0.1730626036665769,0.9999998220096789,186.95304305195333,14.353035105038874,186.95307622976924,522.6242366804888,1.0,local_static_Gaussian_linearization,range-61aa70fe53f59e5908252f7b,61,single_turn,1000
53.50464583333333,3,340.3171391758461,2.8532670577658764e-05,0.009682097053139936,0.009710156824035665,-0.7010486190860249,-0.6918243226684604,-0.17294490522100808,0.9999998211577569,187.20985694356526,14.362480899138436,187.2098903261047,523.3421562449745,1.0,local_static_Gaussian_linearization,range-61aa70fe53f59e5908252f7b,61,single_turn,1000
53.51964583333333,3,340.34062542109643,2.8528885696751748e-05,0.009681482711975995,0.009709538800599462,-0.7010719560241035,-0.6918020944199422,-0.17293922236646686,0.9999998211163867,187.2222749377446,14.362937412648048,187.2223083302195,523.3768705703682,1.0,local_static_Gaussian_linearization,range-61aa70fe53f59e5908252f7b,61,single_turn,1000
53.53464583333333,3,340.3641188140432,2.8525100468802964e-05,0.009680868279145799,0.009708920685146172,-0.7010952958706843,-0.6917798618103479,-0.17293353897279115,0.9999998210749877,187.23469654232866,14.363394037803335,187.23472994476143,523.4115949886512,1.0,local_static_Gaussian_linearization,range-61aa70fe53f59e5908252f7b,61,single_turn,1000
53.845979166666666,3,340.8531076373726,2.8446498021216804e-05,0.009668101320006457,0.009696077251932118,-0.7015802409752663,-0.6913175837855613,-0.17281540389091765,0.9999998202094171,187.49319837548418,14.372891860469098,187.49323198599043,524.1342331752068,1.0,local_static_Gaussian_linearization,range-61aa70fe53f59e5908252f7b,61,single_turn,1000
53.86097916666667,3,340.87672433501854,2.8442710558713163e-05,0.009667485759582282,0.009695458006463188,-0.7016036204762781,-0.6912952796317218,-0.17280971064578124,0.9999998201674215,187.5056813519463,14.373350275209512,187.5057149725492,524.1691291579492,1.0,local_static_Gaussian_linearization,range-61aa70fe53f59e5908252f7b,61,single_turn,1000
53.87597916666667,3,340.90034584410233,2.8438923129289987e-05,0.009666870168360363,0.009694838730208797,-0.7016270001588639,-0.691272973452803,-0.17280401853485372,0.9999998201253998,187.51816671297058,14.37380875674193,187.51820034366767,524.2040318066889,1.0,local_static_Gaussian_linearization,range-61aa70fe53f59e5908252f7b,61,single_turn,1000
54.1873125,3,341.3916477255958,2.836033052351508e-05,0.00965408787728965,0.009681979967465323,-0.7021120997644946,-0.6908097648087926,-0.1726860394157952,0.9999998192481696,187.77781347397683,14.383338702595633,187.77784731562346,524.9298706281803,1.0,local_static_Gaussian_linearization,range-61aa70fe53f59e5908252f7b,61,single_turn,1000
54.2023125,3,341.4153646123786,2.8356545334117782e-05,0.00965347185742386,0.009681360264395266,-0.702135456408977,-0.6907874450672973,-0.17268035959759154,0.9999998192056909,187.79034586130066,14.38379846004515,187.7903797131771,524.9649047385428,1.0,local_static_Gaussian_linearization,range-61aa70fe53f59e5908252f7b,61,single_turn,1000
54.2173125,3,341.43908527088956,2.8352760347690377e-05,0.009652855834069036,0.009680740558020151,-0.7021588111050734,-0.6907651256841454,-0.17267468003757028,0.9999998191631948,187.80288008600797,14.384258264159595,187.80291394810752,524.9999439852618,1.0,local_static_Gaussian_linearization,range-61aa70fe53f59e5908252f7b,61,single_turn,1000
54.52864583333333,3,341.93224367192454,2.8274250975876485e-05,0.009640069748390748,0.009667878074324548,-0.7026429943318131,-0.6903020481486745,-0.17255696114086166,0.9999998182773051,188.06343616207832,14.393811847126685,188.06347023740412,525.7283247883602,1.0,local_static_Gaussian_linearization,range-61aa70fe53f59e5908252f7b,61,single_turn,1000
54.54364583333333,3,341.95604639222853,2.8270470362922164e-05,0.009639453628152914,0.009667258274953534,-0.7026662906444033,-0.6902797499707798,-0.17255129895863497,0.9999998182344543,188.0760106051238,14.394272683933712,188.07604469078095,525.7634764650817,1.0,local_static_Gaussian_linearization,range-61aa70fe53f59e5908252f7b,61,single_turn,1000
54.55864583333333,3,341.9798534554665,2.8266689858450997e-05,0.009638837487708763,0.009666638455464194,-0.7026895837531212,-0.6902574533248184,-0.1725456374829616,0.9999998181915905,188.08858720987897,14.394733580077165,188.0886213058578,525.7986341848,1.0,local_static_Gaussian_linearization,range-61aa70fe53f59e5908252f7b,61,single_turn,1000
54.86997916666666,3,342.47511245803963,2.8188223570900337e-05,0.009626040434726124,0.009653765037436457,-0.7031722182790684,-0.6897951122536478,-0.17242834613679872,0.9999998172992853,188.3501919758764,14.404316263201716,188.35022628699656,526.5299465886217,1.0,local_static_Gaussian_linearization,range-61aa70fe53f59e5908252f7b,61,single_turn,1000
54.88497916666666,3,342.49904341117855,2.818444063500957e-05,0.009625423035746072,0.009653143956569927,-0.7031954163487373,-0.6897728735473541,-0.17242270542000065,0.9999998172562357,188.36283179276953,14.404779066809207,188.3628661142909,526.56528101705,1.0,local_static_Gaussian_linearization,range-61aa70fe53f59e5908252f7b,61,single_turn,1000
54.89997916666666,3,342.52298329987264,2.818065705766327e-05,0.009624805488454275,0.009652522726741435,-0.7032186065571977,-0.6897506412006666,-0.17241706515024124,0.999999817213193,188.3754762986516,14.405242026089695,188.37551063055798,526.600628553424,1.0,local_static_Gaussian_linearization,range-61aa70fe53f59e5908252f7b,61,single_turn,1000
55.2113125,3,343.02289657926633,2.8101817379891345e-05,0.009611926299409938,0.009639566796791899,-0.7036970057391914,-0.6892918713261837,-0.1722998555929297,0.9999998163269115,188.6395348542219,14.41490735632701,188.6395694010979,527.3388004849874,1.0,local_static_Gaussian_linearization,range-61aa70fe53f59e5908252f7b,61,single_turn,1000
55.2263125,3,343.04719447711847,2.8097993195978557e-05,0.009611300961707148,0.009638937736317608,-0.7037198375129001,-0.6892699781505832,-0.17229418884893283,0.9999998162849029,188.65237148781097,14.415377139567994,188.65240604493897,527.374685110821,1.0,local_static_Gaussian_linearization,range-61aa70fe53f59e5908252f7b,61,single_turn,1000
55.2413125,3,343.0715190549608,2.8094165486321663e-05,0.009610674981600004,0.009638308029973824,-0.7037426405761236,-0.6892481140337975,-0.1722885171327394,0.999999816243001,188.66522258078427,14.415847450915667,188.6652571481771,527.4106101576604,1.0,local_static_Gaussian_linearization,range-61aa70fe53f59e5908252f7b,61,single_turn,1000
55.55264583333333,3,343.58388134739886,2.8013685709700475e-05,0.009597496174991263,0.009625050866985051,-0.7042074197396311,-0.6888029836526623,-0.17216956669179767,0.9999998154061164,188.93603372439324,14.425759503240108,188.93606849920175,528.1676588164358,1.0,local_static_Gaussian_linearization,range-61aa70fe53f59e5908252f7b,61,single_turn,1000
55.56764583333333,3,343.6090052117934,2.8009745922487554e-05,0.009596850077106589,0.009624400932661033,-0.7042292888188464,-0.6887820746087719,-0.17216376641830863,0.9999998153678702,188.9493209065401,14.42624596392415,188.94935569101278,528.2048029416778,1.0,local_static_Gaussian_linearization,range-61aa70fe53f59e5908252f7b,61,single_turn,1000
55.58264583333333,3,343.6341768095093,2.8005799214830367e-05,0.009596202746755858,0.009623749759080636,-0.7042510977189278,-0.6887612281715911,-0.17215795633442796,0.9999998153298707,188.9626342395026,14.426733400925372,188.96266903358506,528.242020170941,1.0,local_static_Gaussian_linearization,range-61aa70fe53f59e5908252f7b,61,single_turn,1000
55.89397916666666,3,344.1685586594174,2.7922137147944092e-05,0.009582456166350528,0.009609921696898494,-0.704687865432247,-0.6883451093411171,-0.17203494632983365,0.9999998146066285,189.24551324255114,14.437095939272966,189.2455482253461,529.0328042791695,1.0,local_static_Gaussian_linearization,range-61aa70fe53f59e5908252f7b,61,single_turn,1000
55.90897916666666,3,344.19492877919805,2.791801448973567e-05,0.009581777494288818,0.009609239008951189,-0.7047080300915299,-0.6883259791860508,-0.17202888914969966,0.9999998145754188,189.25948568029364,14.437608105180836,189.25952067156607,529.0718640217933,1.0,local_static_Gaussian_linearization,range-61aa70fe53f59e5908252f7b,61,single_turn,1000
55.92397916666666,3,344.22135950017685,2.791388288083833e-05,0.009581097224177368,0.009608554714170884,-0.704728104442532,-0.6883069435108687,-0.1720228191943201,0.9999998145445826,189.273491559007,14.43812153041114,189.27352655871724,529.1110172479879,1.0,local_static_Gaussian_linearization,range-61aa70fe53f59e5908252f7b,61,single_turn,1000
56.2353125,3,344.78419516572967,2.7826019685723484e-05,0.009566599917758921,0.009593971802007922,-0.7051218648413359,-0.6879357557654588,-0.17189401287445494,0.9999998139984251,189.57208009260543,14.44907588840852,189.57211525092177,529.9457170052309,1.0,local_static_Gaussian_linearization,range-61aa70fe53f59e5908252f7b,61,single_turn,1000
56.2503125,3,344.812028334768,2.782168025901195e-05,0.009565882346300352,0.009593250001791283,-0.7051395905235266,-0.6879191741984678,-0.17188765995967195,0.999999813977197,189.58686356079303,14.44961872512236,189.58689872586595,529.9870439652575,1.0,local_static_Gaussian_linearization,range-61aa70fe53f59e5908252f7b,61,single_turn,1000
56.2653125,3,344.83992881175385,2.7817330845944538e-05,0.009565162971716213,0.009592526388648518,-0.7051571895281569,-0.6879027254604853,-0.17188129147986855,0.9999998139564852,189.60168452148292,14.450162985568838,189.60171969322082,530.0284757346988,1.0,local_static_Gaussian_linearization,range-61aa70fe53f59e5908252f7b,61,single_turn,1000
56.57664583333333,3,345.4341269742529,2.772481875175795e-05,0.009549825316325651,0.009577098561032903,-0.7054914505238955,-0.6875937467668413,-0.17174589556908454,0.9999998136514348,189.917752193044,14.461781301894721,189.91778748137037,530.9120380159525,1.0,local_static_Gaussian_linearization,range-61aa70fe53f59e5908252f7b,61,single_turn,1000
56.59164583333333,3,345.4634721692792,2.7720255622104147e-05,0.009549066960457842,0.009576335756632082,-0.7055059270310811,-0.6875805639095908,-0.17173920652484984,0.9999998136432436,189.9333830658442,14.462356464879715,189.93341835862964,530.9557338751541,1.0,local_static_Gaussian_linearization,range-61aa70fe53f59e5908252f7b,61,single_turn,1000
56.60664583333333,3,345.49288092791335,2.7715683145311026e-05,0.009548306878288757,0.009575571216758717,-0.7055202431282821,-0.6875675494781482,-0.17173249966393767,0.999999813635691,189.9490498290566,14.462933004008123,189.94908512618937,530.9995300650982,1.0,local_static_Gaussian_linearization,range-61aa70fe53f59e5908252f7b,61,single_turn,1000
56.91797916666666,3,346.11670617302076,2.7618816653818008e-05,0.009532163962070095,0.009559333848616059,-0.7057792663675747,-0.6873372488112873,-0.17159001591636736,0.9999998136278528,190.2818590372767,14.47519360201855,190.28189439793263,531.9298928872174,1.0,local_static_Gaussian_linearization,range-61aa70fe53f59e5908252f7b,61,single_turn,1000
56.93297916666666,3,346.1473538352585,2.7614063950769898e-05,0.009531369913662126,0.009558535165196605,-0.7057898140095163,-0.6873281699291457,-0.17158299817366507,0.9999998136349267,190.29823319967517,14.475797466406052,190.2982685620546,531.9756665925669,1.0,local_static_Gaussian_linearization,range-61aa70fe53f59e5908252f7b,61,single_turn,1000
56.94797916666666,3,346.17804993805174,2.7609304326855538e-05,0.009530574522312863,0.009557735132017065,-0.7058001777542812,-0.6873192828055883,-0.1715759673311986,0.9999998136427006,190.31463544329205,14.476402425743299,190.31467080722908,532.0215187980349,1.0,local_static_Gaussian_linearization,range-61aa70fe53f59e5908252f7b,61,single_turn,1000
57.2593125,3,346.8245277913886,2.750920105948258e-05,0.009513802701764312,0.009540865667373414,-0.7059723243690442,-0.6871794309936018,-0.171427847341902,0.9999998139640425,190.660589153898,14.489175951423315,190.66062452124078,532.9886266914076,1.0,local_static_Gaussian_linearization,range-61aa70fe53f59e5908252f7b,61,single_turn,1000
57.2743125,3,346.85604134784063,2.7504328127349317e-05,0.009512984162590431,0.009540042374184451,-0.7059784884705689,-0.6871749037308728,-0.17142060990230043,0.9999998139873436,190.677478045056,14.489800198249556,190.67751341109278,533.0358393040337,1.0,local_static_Gaussian_linearization,range-61aa70fe53f59e5908252f7b,61,single_turn,1000
57.2893125,3,346.8875808359986,2.749945181646379e-05,0.009512164860730669,0.009539218314929232,-0.7059844533528233,-0.6871705823540692,-0.171413366956268,0.9999998140113594,190.69438314016253,14.490425105386363,190.6944185047844,533.0830972142259,1.0,local_static_Gaussian_linearization,range-61aa70fe53f59e5908252f7b,61,single_turn,1000
57.60064583333333,3,347.5458401119874,2.7397822109186708e-05,0.009495044817834924,0.009521999102176076,-0.7060622732669138,-0.687128318133859,-0.17126219865367764,0.9999998146714465,191.04773754393491,14.503501130299645,191.04777284853458,534.0708934457957,1.0,local_static_Gaussian_linearization,range-61aa70fe53f59e5908252f7b,61,single_turn,1000
57.61564583333333,3,347.5776167656276,2.7392922985257093e-05,0.009494217384419749,0.009521166887460042,-0.706063766541472,-0.6871286086652536,-0.171254876517496,0.9999998147110386,191.0648208816864,14.504133984424204,191.06485618190783,534.1186496220738,1.0,local_static_Gaussian_linearization,range-61aa70fe53f59e5908252f7b,61,single_turn,1000
57.63064583333333,3,347.6093891996755,2.7388025150799747e-05,0.009493389971124927,0.00952033469405485,-0.706065051969917,-0.6871291130615267,-0.1712475528876205,0.9999998147513323,191.08190430489813,14.504766903822302,191.0819396006106,534.1664060368892,1.0,local_static_Gaussian_linearization,range-61aa70fe53f59e5908252f7b,61,single_turn,1000
57.94197916666666,3,348.2655240122596,2.728702107767701e-05,0.009476282564371899,0.009503128694350757,-0.7060449472403469,-0.6871875211882625,-0.17109600579647374,0.9999998157410483,191.43522674834466,14.51787110597092,191.43526192058593,535.1541127465254,1.0,local_static_Gaussian_linearization,range-61aa70fe53f59e5908252f7b,61,single_turn,1000
57.95697916666666,3,348.2968607459643,2.7282203892803778e-05,0.009475464543056325,0.009502305970094882,-0.7060417487408212,-0.687192615130627,-0.17108874523162843,0.9999998157958546,191.4521267529977,14.518498573622685,191.45216191789078,535.2013564098525,1.0,local_static_Gaussian_linearization,range-61aa70fe53f59e5908252f7b,61,single_turn,1000
57.971979166666664,3,348.32816240792005,2.7277392707755136e-05,0.009474647347292562,0.009501484077171544,-0.7060383496316145,-0.6871979131650098,-0.17108149225185545,0.9999998158512804,191.4690101769993,14.519125487166205,191.4690453344253,535.2485537219097,1.0,local_static_Gaussian_linearization,range-61aa70fe53f59e5908252f7b,61,single_turn,1000
58.2833125,3,348.9674825071,2.7179256826722177e-05,0.009457935928469793,0.00948467683123515,-0.7059232455454393,-0.6873530417838316,-0.17093322482509832,0.9999998171346712,191.81436661572693,14.5319630581665,191.8144015912743,536.2139914336526,1.0,local_static_Gaussian_linearization,range-61aa70fe53f59e5908252f7b,61,single_turn,1000
58.2983125,3,348.9976744250078,2.7174628366602076e-05,0.009457145720829504,0.009483882103307972,-0.7059156007919882,-0.6873626403993096,-0.1709261979386887,0.9999998172025821,191.83070111786665,14.532570909912554,191.83073608343526,536.2596542366904,1.0,local_static_Gaussian_linearization,range-61aa70fe53f59e5908252f7b,61,single_turn,1000
58.3133125,3,349.0278021654658,2.7170010272623222e-05,0.0094563570980232,0.009483088970266812,-0.7059077695752829,-0.6873724267959185,-0.1709191848036343,0.9999998172710117,191.84700319629658,14.533177616566958,191.84703815174026,536.3052263993743,1.0,local_static_Gaussian_linearization,range-61aa70fe53f59e5908252f7b,61,single_turn,1000
58.62464583333333,3,349.6369798546007,2.7076742983699795e-05,0.00944038987289482,0.009467030641120047,-0.7057046289498458,-0.6876163158928715,-0.17077698555916448,0.9999998188002622,192.17713307630586,14.54547750867261,192.17716779903824,537.2280983756164,1.0,local_static_Gaussian_linearization,range-61aa70fe53f59e5908252f7b,61,single_turn,1000
58.63964583333333,3,349.66548773851264,2.7072383290927156e-05,0.009439641598691623,0.009466278107666004,-0.7056929638861262,-0.687629947014481,-0.17077030388939887,0.999999818878801,192.19260641559802,14.546054665038893,192.19264112608886,537.2713538058123,1.0,local_static_Gaussian_linearization,range-61aa70fe53f59e5908252f7b,61,single_turn,1000
58.65464583333333,3,349.69391500502854,2.7068036358271417e-05,0.009438895343499768,0.009465527605622387,-0.7056811353786063,-0.6876437410117393,-0.17076363962548244,0.9999998189577438,192.2080381888163,14.546630330618228,192.2080728869632,537.3144930384487,1.0,local_static_Gaussian_linearization,range-61aa70fe53f59e5908252f7b,61,single_turn,1000
58.96597916666666,3,350.2653977952661,2.698073844809671e-05,0.009423872125642654,0.009450419085332624,-0.7054009136505116,-0.6879645192817214,-0.17062933871551386,0.9999998206788422,192.51873811913472,14.55823347361101,192.51877254314374,538.1830487954487,1.0,local_static_Gaussian_linearization,range-61aa70fe53f59e5908252f7b,61,single_turn,1000
58.980979166666664,3,350.29202976653534,2.6976674371957525e-05,0.009423171034214927,0.009449714022103876,-0.7053858464665703,-0.6879815266452056,-0.1706230541268453,0.9999998207653467,192.53323920679102,14.558775618782828,192.5332736168014,538.2235863073433,1.0,local_static_Gaussian_linearization,range-61aa70fe53f59e5908252f7b,61,single_turn,1000
58.995979166666665,3,350.31857998997475,2.6972623141976406e-05,0.009422472009109133,0.009449011037701906,-0.7053706464002384,-0.6879986654892779,-0.17061678546345488,0.9999998208521426,192.54769771978323,14.559316224693962,192.5477321157038,538.2640048022128,1.0,local_static_Gaussian_linearization,range-61aa70fe53f59e5908252f7b,61,single_turn,1000
59.307312499999995,3,350.85192392929247,2.6891321832088523e-05,0.009408412441231164,0.009434872001790044,-0.705027697108044,-0.6883814178304192,-0.17049038065624128,0.9999998227106728,192.83854591828134,14.570201939904202,192.83858000894074,539.0770652837973,1.0,local_static_Gaussian_linearization,range-61aa70fe53f59e5908252f7b,61,single_turn,1000
59.322312499999995,3,350.876806898928,2.688753261341321e-05,0.009407755732559059,0.009434211588785216,-0.7050099715105504,-0.6884010366100658,-0.17048446517169652,0.9999998228025715,192.85213367730603,14.570710982135944,192.85216775268498,539.1150495970044,1.0,local_static_Gaussian_linearization,range-61aa70fe53f59e5908252f7b,61,single_turn,1000
59.337312499999996,3,350.9016201428765,2.688375437650315e-05,0.00940710080365655,0.009433552966238101,-0.7049921471280961,-0.6884207517861518,-0.17047856462882913,0.9999998228946514,192.86568491705003,14.571218696581724,192.86571897713853,539.1529318211375,1.0,local_static_Gaussian_linearization,range-61aa70fe53f59e5908252f7b,61,single_turn,1000
59.648645833333326,3,351.4006046029491,2.680782034419515e-05,0.009393906460663407,0.009420284277037415,-0.704602869676023,-0.6888440381614749,-0.17037807116441328,0.9999998248036361,193.1386413280462,14.581458377425308,193.13867506882957,539.9159760670209,1.0,local_static_Gaussian_linearization,range-61aa70fe53f59e5908252f7b,61,single_turn,1000
59.66364583333333,3,351.42311857605944,2.680439404842578e-05,0.009393309298888246,0.009419683748039354,-0.7045840427339111,-0.6888638756323254,-0.1703757247190767,0.9999998248895001,193.15098501037286,14.581922327288138,193.15101873677898,539.950482586892,1.0,local_static_Gaussian_linearization,range-61aa70fe53f59e5908252f7b,61,single_turn,1000
59.67864583333333,3,351.4453296493374,2.6801014257979142e-05,0.009392720163472137,0.009419091290832071,-0.704565411538787,-0.6888834927630411,-0.170373455273329,0.9999998249742682,193.16316347015967,14.582380084453048,193.1631971823772,539.9845272304094,1.0,local_static_Gaussian_linearization,range-61aa70fe53f59e5908252f7b,61,single_turn,1000
59.989979166666664,3,351.82154963422624,2.6743885995967278e-05,0.009382760348203931,0.009409075414342289,-0.7042458396988942,-0.6892236456634051,-0.17031900517923373,0.9999998264434805,193.36936394857418,14.590125244582705,193.36939741358108,540.5609565709133,1.0,local_static_Gaussian_linearization,range-61aa70fe53f59e5908252f7b,61,single_turn,1000
60.004979166666665,3,351.8353548942708,2.6741795283436498e-05,0.009382396013572698,0.009408709034057817,-0.7042340626059412,-0.6892364434844658,-0.17031591246391525,0.9999998264991887,193.3769227609183,14.590408793180877,193.37695621650494,540.5820870796374,1.0,local_static_Gaussian_linearization,range-61aa70fe53f59e5908252f7b,61,single_turn,1000
60.019979166666666,3,351.8487769316928,2.673976303022122e-05,0.009382041885067142,0.009408352917626631,-0.7042226096625764,-0.6892489121871961,-0.17031280952646277,0.9999998265535069,193.3842710677604,14.5906844139632,193.3843045141306,540.6026291242775,1.0,local_static_Gaussian_linearization,range-61aa70fe53f59e5908252f7b,61,single_turn,1000
60.331312499999996,3,352.05177892848764,2.6709073174263494e-05,0.009376695647705725,0.009402976724530611,-0.7040475887204716,-0.689442215885906,-0.17025399781274592,0.99999982739909,193.49534269129344,14.594847241428768,193.49537599378806,540.9131276110829,1.0,local_static_Gaussian_linearization,range-61aa70fe53f59e5908252f7b,61,single_turn,1000
60.346312499999996,3,352.058510050712,2.6708056694031806e-05,0.009376518559438699,0.009402798646050783,-0.7040416115595882,-0.6894488916788671,-0.1702516812115502,0.9999998274282393,193.49902477534553,14.594985187804001,193.4990580728609,540.9234208023138,1.0,local_static_Gaussian_linearization,range-61aa70fe53f59e5908252f7b,61,single_turn,1000
60.3613125,3,352.06501610505256,2.6707074217197516e-05,0.00937634738477657,0.009402626514396478,-0.7040358078554149,-0.6894553758458294,-0.17024942283208874,0.9999998274565273,193.50258388578186,14.595118531033355,193.50261717843932,540.9333702231722,1.0,local_static_Gaussian_linearization,range-61aa70fe53f59e5908252f7b,61,single_turn,1000
60.67264583333333,3,352.15986901073427,2.6692740834296698e-05,0.009373846940051658,0.009400112115743403,-0.7039446475877184,-0.6895570342619833,-0.17021465751345155,0.9999998278923437,193.55453019770215,14.597066699476455,193.5545634152244,541.0785850701045,1.0,local_static_Gaussian_linearization,range-61aa70fe53f59e5908252f7b,61,single_turn,1000
60.68764583333333,3,352.1629414470584,2.669227557155504e-05,0.009373765556313888,0.009400030279194286,-0.7039412662501991,-0.6895607773793542,-0.1702134776392462,0.9999998279078929,193.5562170804781,14.597130116959175,193.55625029527653,541.0833007154279,1.0,local_static_Gaussian_linearization,range-61aa70fe53f59e5908252f7b,61,single_turn,1000
60.70264583333333,3,352.1659097743049,2.6691825938317582e-05,0.009373686879822773,0.009399951165105001,-0.7039379477271012,-0.6895644474282483,-0.17021233384432394,0.9999998279230857,193.55784733796438,14.597191425161894,193.5578805501183,541.0878580659111,1.0,local_static_Gaussian_linearization,range-61aa70fe53f59e5908252f7b,61,single_turn,1000
61.013979166666665,3,352.20922436681207,2.668523568889238e-05,0.009372528293024863,0.009398786164030356,-0.7038789670867337,-0.6896289309598481,-0.17019499779984917,0.9999998281791653,193.5817466656316,14.59809424183745,193.58177983247157,541.1546681149831,1.0,local_static_Gaussian_linearization,range-61aa70fe53f59e5908252f7b,61,single_turn,1000
61.028979166666666,3,352.21063140141047,2.668501991932112e-05,0.0093724900537684,0.009398747714743307,-0.7038764493168411,-0.6896316488706311,-0.17019439759607385,0.9999998281894463,193.5825292970991,14.598124036874696,193.5825624620767,541.1568559431175,1.0,local_static_Gaussian_linearization,range-61aa70fe53f59e5908252f7b,61,single_turn,1000
61.04397916666667,3,352.2119904467792,2.6684811321316395e-05,0.009372453052253803,0.009398710510177596,-0.7038739512495027,-0.6896343426537693,-0.17019381359179003,0.9999998281995939,193.58328592516003,14.598152867087876,193.5833190883252,541.1589710792979,1.0,local_static_Gaussian_linearization,range-61aa70fe53f59e5908252f7b,61,single_turn,1000
61.3553125,3,352.2314270236041,2.668179200928745e-05,0.009371911155456448,0.009398165674978316,-0.7038254833681368,-0.6896861113155417,-0.1701844787871528,0.9999998283866347,193.59423859535963,14.598574999939812,193.59427172429278,541.1895889922397,1.0,local_static_Gaussian_linearization,range-61aa70fe53f59e5908252f7b,61,single_turn,1000
61.3703125,3,352.23202001402814,2.668169783386686e-05,0.009371893897507769,0.009398148325426844,-0.7038232769235871,-0.6896884477277049,-0.17018413536958205,0.9999998283947399,193.59458025064453,14.598588438033483,193.59461337807338,541.1905440797402,1.0,local_static_Gaussian_linearization,range-61aa70fe53f59e5908252f7b,61,single_turn,1000
61.3853125,3,352.23258722964505,2.668160750867136e-05,0.009371877304156447,0.009398131644225238,-0.7038210803767229,-0.689690772131388,-0.17018379962309074,0.9999998284027768,193.59490793960018,14.598601357949942,193.59494106553555,541.1914601246283,1.0,local_static_Gaussian_linearization,range-61aa70fe53f59e5908252f7b,61,single_turn,1000
61.69664583333333,3,352.23951352698276,2.668045777632333e-05,0.009371658244053411,0.009397911467809335,-0.7037776731422627,-0.6897364441987516,-0.17017821344262915,0.9999998285558407,193.5990791856465,14.598771787978142,193.59911228272676,541.2031206933899,1.0,local_static_Gaussian_linearization,range-61aa70fe53f59e5908252f7b,61,single_turn,1000
61.71164583333333,3,352.23965480809,2.6680431230006146e-05,0.009371652688484526,0.00939790588658835,-0.7037756906861664,-0.6897385194208463,-0.17017800100585276,0.9999998285625958,193.59917549988376,14.598776101890136,193.59920859567836,541.2033899346553,1.0,local_static_Gaussian_linearization,range-61aa70fe53f59e5908252f7b,61,single_turn,1000
61.72664583333333,3,352.2397814694071,2.6680406882481984e-05,0.009371647515203613,0.009397900689800318,-0.7037737189044934,-0.6897405826706486,-0.1701777929005249,0.9999998285692969,193.5992638367801,14.598780117754476,193.599296931294,541.2036368754098,1.0,local_static_Gaussian_linearization,range-61aa70fe53f59e5908252f7b,61,single_turn,1000
62.037979166666666,3,352.2396717026364,2.6680314731459755e-05,0.00937161221340644,0.009397865301932398,-0.7037353996936299,-0.6897804786629697,-0.17017455295528583,0.9999998286957481,193.5995981967223,14.598807284864606,193.5996312668873,541.2045715050385,1.0,local_static_Gaussian_linearization,range-61aa70fe53f59e5908252f7b,61,single_turn,1000
62.05297916666667,3,352.2395559889537,2.66803270502392e-05,0.00937161345312008,0.009397866553816327,-0.7037336905843431,-0.6897822504454291,-0.17017443905293006,0.9999998287012328,193.59955350360062,14.598806301712429,193.59958657269314,541.204446563157,1.0,local_static_Gaussian_linearization,range-61aa70fe53f59e5908252f7b,61,single_turn,1000
62.06797916666667,3,352.23943162710384,2.6680340690010175e-05,0.009371614926113367,0.009397868040266676,-0.7037319951121583,-0.689784007467493,-0.17017432855030487,0.9999998287066609,193.59950401773798,14.598805136751272,193.5995370857996,541.2043082233636,1.0,local_static_Gaussian_linearization,range-61aa70fe53f59e5908252f7b,61,single_turn,1000
62.3793125,3,352.235114977159,2.6680890347869933e-05,0.009371692826092324,0.009397946479374938,-0.7037000337839064,-0.6898170104682848,-0.17017271967365288,0.999999828806347,193.5975098374969,14.598744077023126,193.59754288594561,541.1987334706101,1.0,local_static_Gaussian_linearization,range-61aa70fe53f59e5908252f7b,61,single_turn,1000
62.3943125,3,352.2348311587855,2.6680928543863607e-05,0.009371698670093445,0.009397952360807418,-0.7036986527827079,-0.6898184324348534,-0.17017266626848118,0.9999998288105373,193.59737126267117,14.598739506033349,193.59740431031176,541.1983460847146,1.0,local_static_Gaussian_linearization,range-61aa70fe53f59e5908252f7b,61,single_turn,1000
62.4093125,3,352.2345409514338,2.6680967730041733e-05,0.009371704691415858,0.00939795842053127,-0.7036972861600631,-0.689819839285997,-0.1701726146546619,0.9999998288146732,193.5972290957895,14.598734796884154,193.5972621425832,541.1979486571776,1.0,local_static_Gaussian_linearization,range-61aa70fe53f59e5908252f7b,61,single_turn,1000
62.72064583333333,3,352.22641079971777,2.6682114580716923e-05,0.009371890568960348,0.009398145451312739,-0.7036725251487509,-0.6898465548353933,-0.1701667068862759,0.9999998288955875,193.59306846853292,14.598589561460455,193.59310149901847,541.186317646814,1.0,local_static_Gaussian_linearization,range-61aa70fe53f59e5908252f7b,61,single_turn,1000
62.73564583333333,3,352.2257847511933,2.6682207715611333e-05,0.009371906569801204,0.009398161551525546,-0.7036715892164408,-0.689847868306363,-0.17016525239535799,0.9999998289004833,193.59273059853243,14.598577064757212,193.59276362801108,541.1853731339935,1.0,local_static_Gaussian_linearization,range-61aa70fe53f59e5908252f7b,61,single_turn,1000
62.75064583333333,3,352.22511914689926,2.6682307286727462e-05,0.009371923774461081,0.009398178863181759,-0.7036706884430548,-0.6898492031902279,-0.17016356567692692,0.9999998289056339,193.59236938148572,14.598563628147533,193.59240240989516,541.1843633547168,1.0,local_static_Gaussian_linearization,range-61aa70fe53f59e5908252f7b,61,single_turn,1000
