run_id,distance_m,experiment,geometric_attenuation,index,noise_model,noise_seed,replicate,snr_db,source_seed,trajectory,trajectory_index,estimator_variant,actual_snr_S0_db,actual_snr_S1_db,actual_snr_S2_db,minimum_station_distance_m,maximum_station_distance_m,accepted_update_count,availability_after_3s_fraction,availability_fraction,batch_optimization_budget,batch_optimization_count,batch_optimization_runtime_s,bearing_frame_count,failure_reasons,final_confirmed,final_failure_reason,final_valid,first_confirmation_time_s_absolute,first_confirmation_time_s_relative,maximum_history_memory_bytes,pass_p95_10m,pass_p95_2m,pass_p95_5m,position_p95_m_conditional,position_rmse_m_conditional,publication_count,recovery_count,rejected_update_count,reset_count,track_loss_count,tracker_runtime_s,update_rejection_reasons,valid_bearing_frame_count,valid_publication_count,total_wall_runtime_s,peak_rss_bytes
range-f89fcb7eedc3335dc1315d84,50,geometry_control,False,0,received_snr,12908259411680779699,0,10.0,6150486506043246942,single_turn,0,all_6_equal_gcc_wls,9.999912255154085,10.000735955349924,10.002924889670561,66.18370672127497,121.7921077716326,138,1.0,0.94,128,2,0.07565784500184236,4782,"{""initialization_failed:no_observable_hypothesis"":5,""tentative_initialization_unconfirmed"":4}",True,,True,47.0193125,1.0553124999999994,2337840,True,True,True,0.8076374447529304,0.37872526542008056,150,0,2,0,0,1.1484138919986435,"{""emission_outside_history"":2}",4782,141,58.36363643799996,1142480896
range-f89fcb7eedc3335dc1315d84,50,geometry_control,False,0,received_snr,12908259411680779699,0,10.0,6150486506043246942,single_turn,0,equal_weight_srp_phat,9.999912255154085,10.000735955349924,10.002924889670561,66.18370672127497,121.7921077716326,138,1.0,0.94,128,2,0.0676156469999114,4782,"{""initialization_failed:no_observable_hypothesis"":5,""tentative_initialization_unconfirmed"":4}",True,,True,47.0193125,1.0553124999999994,2337840,True,True,True,0.8097028120709419,0.3789761336132578,150,0,2,0,0,1.2633993339986773,"{""emission_outside_history"":2}",4782,141,58.36363643799996,1142480896
range-a96e1fd65cd312086b4cf3ef,100,geometry_control,False,1,received_snr,12908259411680779699,0,10.0,6150486506043246942,single_turn,0,all_6_equal_gcc_wls,9.999912255154085,10.000735955349924,10.002924889670561,98.88412509122365,171.3589556427783,137,1.0,0.94,128,2,0.0696511290007038,4782,"{""initialization_failed:no_observable_hypothesis"":5,""tentative_initialization_unconfirmed"":4}",True,,True,47.0193125,1.0553124999999994,2337840,True,True,True,1.1728577176873902,0.5887245537852318,150,0,3,0,0,1.0118652029996156,"{""emission_outside_history"":3}",4782,141,58.41014948299562,1142468608
range-a96e1fd65cd312086b4cf3ef,100,geometry_control,False,1,received_snr,12908259411680779699,0,10.0,6150486506043246942,single_turn,0,equal_weight_srp_phat,9.999912255154085,10.000735955349924,10.002924889670561,98.88412509122365,171.3589556427783,137,1.0,0.94,128,2,0.07609936000517337,4782,"{""initialization_failed:no_observable_hypothesis"":5,""tentative_initialization_unconfirmed"":4}",True,,True,47.0193125,1.0553124999999994,2337840,True,True,True,1.1727347393825107,0.5888345130339009,150,0,3,0,0,1.0974861160066212,"{""emission_outside_history"":3}",4782,141,58.41014948299562,1142468608
range-272dde7dd08ac45c22d609f9,200,geometry_control,False,2,received_snr,12908259411680779699,0,10.0,6150486506043246942,single_turn,0,all_6_equal_gcc_wls,9.999912255154086,10.000735955349924,10.002924889670561,187.71421968637125,270.97103601621706,134,1.0,0.94,128,2,0.07077116000436945,4782,"{""initialization_failed:no_observable_hypothesis"":5,""tentative_initialization_unconfirmed"":4}",True,,True,47.0193125,1.0553124999999994,2184744,True,False,True,2.7021083345733024,1.493534295805096,150,0,6,0,0,1.1042518410031334,"{""emission_outside_history"":6}",4782,141,57.94671881599788,1141772288
range-272dde7dd08ac45c22d609f9,200,geometry_control,False,2,received_snr,12908259411680779699,0,10.0,6150486506043246942,single_turn,0,equal_weight_srp_phat,9.999912255154086,10.000735955349924,10.002924889670561,187.71421968637125,270.97103601621706,134,1.0,0.94,128,2,0.07433094999578316,4782,"{""initialization_failed:no_observable_hypothesis"":5,""tentative_initialization_unconfirmed"":4}",True,,True,47.0193125,1.0553124999999994,2184744,True,False,True,2.659520011137199,1.4911178154775702,150,0,6,0,0,1.035688547999598,"{""emission_outside_history"":6}",4782,141,57.94671881599788,1141772288
range-78be84b1f71af5d1f2e0b5f9,400,geometry_control,False,3,received_snr,12908259411680779699,0,10.0,6150486506043246942,single_turn,0,all_6_equal_gcc_wls,9.999912255154085,10.000735955349924,10.002924889670561,381.82633373912006,470.6892906918844,129,1.0,0.94,128,2,0.10589941799844382,4782,"{""initialization_failed:no_observable_hypothesis"":5,""tentative_initialization_unconfirmed"":4}",True,,True,47.0193125,1.0553124999999994,1988680,True,False,False,7.035360926522918,4.324429991530929,150,0,11,0,0,0.9645956879976438,"{""emission_outside_history"":11}",4782,141,58.10266825200233,1142169600
range-78be84b1f71af5d1f2e0b5f9,400,geometry_control,False,3,received_snr,12908259411680779699,0,10.0,6150486506043246942,single_turn,0,equal_weight_srp_phat,9.999912255154085,10.000735955349924,10.002924889670561,381.82633373912006,470.6892906918844,129,1.0,0.94,128,2,0.08158477300457889,4782,"{""initialization_failed:no_observable_hypothesis"":5,""tentative_initialization_unconfirmed"":4}",True,,True,47.0193125,1.0553124999999994,1988680,True,False,False,7.315500119842924,4.387125002295001,150,0,11,0,0,1.0871071919973474,"{""emission_outside_history"":11}",4782,141,58.10266825200233,1142169600
range-858892c886a576ff30a1e939,700,geometry_control,False,4,received_snr,12908259411680779699,0,10.0,6150486506043246942,single_turn,0,all_6_equal_gcc_wls,9.999912255154086,10.000735955349924,10.002924889670561,679.2921080367804,770.5408679517121,122,1.0,0.94,128,2,0.07766748900030507,4782,"{""initialization_failed:no_observable_hypothesis"":5,""tentative_initialization_unconfirmed"":4}",True,,True,47.0193125,1.0553124999999994,1624200,False,False,False,47.20776799652409,18.46943178684006,150,0,18,0,0,0.8334181579994038,"{""emission_outside_history"":18}",4782,141,57.899826276996464,1142149120
range-858892c886a576ff30a1e939,700,geometry_control,False,4,received_snr,12908259411680779699,0,10.0,6150486506043246942,single_turn,0,equal_weight_srp_phat,9.999912255154086,10.000735955349924,10.002924889670561,679.2921080367804,770.5408679517121,122,1.0,0.94,128,2,0.09106318299745908,4782,"{""initialization_failed:no_observable_hypothesis"":5,""tentative_initialization_unconfirmed"":4}",True,,True,47.0193125,1.0553124999999994,1624200,False,False,False,47.29634924999697,18.520928150730892,150,0,18,0,0,0.8148410819994751,"{""emission_outside_history"":18}",4782,141,57.899826276996464,1142149120
range-182f7197b77b08ae389c96e2,1000,geometry_control,False,5,received_snr,12908259411680779699,0,10.0,6150486506043246942,single_turn,0,all_6_equal_gcc_wls,9.999912255154086,10.000735955349926,10.002924889670561,978.306774003398,1070.475640740024,113,1.0,0.94,128,2,0.08920016300544376,4782,"{""initialization_failed:no_observable_hypothesis"":5,""tentative_initialization_unconfirmed"":4}",True,,True,47.0193125,1.0553124999999994,1296584,False,False,False,44.133098569106224,20.637914020750333,150,0,27,0,0,0.7423818830066011,"{""emission_outside_history"":27}",4782,141,57.297963680000976,1141899264
range-182f7197b77b08ae389c96e2,1000,geometry_control,False,5,received_snr,12908259411680779699,0,10.0,6150486506043246942,single_turn,0,equal_weight_srp_phat,9.999912255154086,10.000735955349926,10.002924889670561,978.306774003398,1070.475640740024,113,1.0,0.94,128,2,0.08806596900103614,4782,"{""initialization_failed:no_observable_hypothesis"":5,""tentative_initialization_unconfirmed"":4}",True,,True,47.0193125,1.0553124999999994,1335520,False,False,False,45.86754740530596,21.185349202886798,150,0,27,0,0,0.7267367479944369,"{""emission_outside_history"":27}",4782,141,57.297963680000976,1141899264
range-c98f1529e37677b08e30f700,50,geometry_control,False,6,received_snr,6618330909616730145,0,10.0,17044596600568832310,opposite_turns,1,all_6_equal_gcc_wls,9.997046356636135,10.00111859992417,9.997978337323953,67.4605739666029,129.02865597091403,150,1.0,0.9444444444444444,128,2,0.08266795700183138,5097,"{""initialization_failed:no_observable_hypothesis"":5,""tentative_initialization_unconfirmed"":4}",True,,True,41.907312499999996,1.0553124999999994,2337840,True,True,True,0.7338375400197867,0.4235585262383783,162,0,2,0,0,1.1956614879964036,"{""emission_outside_history"":2}",5097,153,61.870864573997096,1209589760
range-c98f1529e37677b08e30f700,50,geometry_control,False,6,received_snr,6618330909616730145,0,10.0,17044596600568832310,opposite_turns,1,equal_weight_srp_phat,9.997046356636135,10.00111859992417,9.997978337323953,67.4605739666029,129.02865597091403,150,1.0,0.9444444444444444,128,2,0.08853923699643929,5097,"{""initialization_failed:no_observable_hypothesis"":5,""tentative_initialization_unconfirmed"":4}",True,,True,41.907312499999996,1.0553124999999994,2337840,True,True,True,0.7323522615822835,0.4231256746191011,162,0,2,0,0,1.1696394469981897,"{""emission_outside_history"":2}",5097,153,61.870864573997096,1209589760
range-09566a755abdcd3152fd06a2,100,geometry_control,False,7,received_snr,6618330909616730145,0,10.0,17044596600568832310,opposite_turns,1,all_6_equal_gcc_wls,9.997046356636135,10.00111859992417,9.997978337323953,98.90334548897295,178.81011204002613,149,1.0,0.9444444444444444,128,2,0.07423931499943137,5097,"{""initialization_failed:no_observable_hypothesis"":5,""tentative_initialization_unconfirmed"":4}",True,,True,41.907312499999996,1.0553124999999994,2337840,True,True,True,1.0887115463610617,0.6258805760965268,162,0,3,0,0,1.1495907889984665,"{""emission_outside_history"":3}",5097,153,61.966617443998985,1209270272
range-09566a755abdcd3152fd06a2,100,geometry_control,False,7,received_snr,6618330909616730145,0,10.0,17044596600568832310,opposite_turns,1,equal_weight_srp_phat,9.997046356636135,10.00111859992417,9.997978337323953,98.90334548897295,178.81011204002613,149,1.0,0.9444444444444444,128,2,0.06759512199641904,5097,"{""initialization_failed:no_observable_hypothesis"":5,""tentative_initialization_unconfirmed"":4}",True,,True,41.907312499999996,1.0553124999999994,2337840,True,True,True,1.0868207415582296,0.6255036131912199,162,0,3,0,0,1.130496245001268,"{""emission_outside_history"":3}",5097,153,61.966617443998985,1209270272
range-a8865603f5b0100fb597490c,200,geometry_control,False,8,received_snr,6618330909616730145,0,10.0,17044596600568832310,opposite_turns,1,all_6_equal_gcc_wls,9.997046356636135,10.00111859992417,9.997978337323953,187.7328750824191,278.60795206185435,146,1.0,0.9444444444444444,128,2,0.0909829969968996,5097,"{""initialization_failed:no_observable_hypothesis"":5,""tentative_initialization_unconfirmed"":4}",True,,True,41.907312499999996,1.0553124999999994,2184744,True,False,True,2.4672615754301344,1.4459744379016302,162,0,6,0,0,1.1763021270016907,"{""emission_outside_history"":6}",5097,153,62.48900352200144,1209593856
range-a8865603f5b0100fb597490c,200,geometry_control,False,8,received_snr,6618330909616730145,0,10.0,17044596600568832310,opposite_turns,1,equal_weight_srp_phat,9.997046356636135,10.00111859992417,9.997978337323953,187.7328750824191,278.60795206185435,146,1.0,0.9444444444444444,128,2,0.07808420799847227,5097,"{""initialization_failed:no_observable_hypothesis"":5,""tentative_initialization_unconfirmed"":4}",True,,True,41.907312499999996,1.0553124999999994,2184744,True,False,True,2.460573256157656,1.4431226438633342,162,0,6,0,0,1.3222944120061584,"{""emission_outside_history"":6}",5097,153,62.48900352200144,1209593856
range-d50f18cf1a39e2e16bab8348,400,geometry_control,False,9,received_snr,6618330909616730145,0,10.0,17044596600568832310,opposite_turns,1,all_6_equal_gcc_wls,9.997046356636135,10.00111859992417,9.997978337323953,381.8399191642702,478.4569645459752,141,1.0,0.9444444444444444,128,2,0.09521826999844052,5097,"{""initialization_failed:no_observable_hypothesis"":5,""tentative_initialization_unconfirmed"":4}",True,,True,41.907312499999996,1.0553124999999994,1988680,True,False,False,5.134364641697334,3.271363555079856,162,0,11,0,0,1.2271012169949245,"{""emission_outside_history"":11}",5097,153,61.928919837999274,1209368576
range-d50f18cf1a39e2e16bab8348,400,geometry_control,False,9,received_snr,6618330909616730145,0,10.0,17044596600568832310,opposite_turns,1,equal_weight_srp_phat,9.997046356636135,10.00111859992417,9.997978337323953,381.8399191642702,478.4569645459752,141,1.0,0.9444444444444444,128,2,0.07824507600162178,5097,"{""initialization_failed:no_observable_hypothesis"":5,""tentative_initialization_unconfirmed"":4}",True,,True,41.907312499999996,1.0553124999999994,1988680,True,False,False,5.14939172362779,3.2709261845161044,162,0,11,0,0,1.0717601290016319,"{""emission_outside_history"":11}",5097,153,61.928919837999274,1209368576
range-62f93e0cb51c04249c66dded,700,geometry_control,False,10,received_snr,6618330909616730145,0,10.0,17044596600568832310,opposite_turns,1,all_6_equal_gcc_wls,9.997046356636135,10.001118599924173,9.997978337323952,679.3067668105298,778.3759312976575,132,1.0,0.9444444444444444,128,2,0.08389152400923194,5097,"{""initialization_failed:no_observable_hypothesis"":5,""tentative_initialization_unconfirmed"":4}",True,,True,41.907312499999996,1.0553124999999994,1581232,False,False,False,68.08156859388514,25.460694981173777,162,0,20,0,0,0.9312849130001268,"{""emission_outside_history"":20}",5097,153,61.7343702979997,1209286656
range-62f93e0cb51c04249c66dded,700,geometry_control,False,10,received_snr,6618330909616730145,0,10.0,17044596600568832310,opposite_turns,1,equal_weight_srp_phat,9.997046356636135,10.001118599924173,9.997978337323952,679.3067668105298,778.3759312976575,132,1.0,0.9444444444444444,128,2,0.0809074789940496,5097,"{""initialization_failed:no_observable_hypothesis"":5,""tentative_initialization_unconfirmed"":4}",True,,True,41.907312499999996,1.0553124999999994,1581232,False,False,False,67.50038438355122,25.262134687860556,162,0,20,0,0,0.8461456170043675,"{""emission_outside_history"":20}",5097,153,61.7343702979997,1209286656
range-0be4d95d7a9294b9aeacd500,1000,geometry_control,False,11,received_snr,6618330909616730145,0,10.0,17044596600568832310,opposite_turns,1,all_6_equal_gcc_wls,9.997046356636135,10.00111859992417,9.997978337323953,978.3218504161983,1078.3399806760588,126,1.0,0.9444444444444444,128,2,0.09619004500564188,5097,"{""initialization_failed:no_observable_hypothesis"":5,""tentative_initialization_unconfirmed"":4}",True,,True,41.907312499999996,1.0553124999999994,1335520,False,False,False,63.48946039618958,26.70984223073631,162,0,26,0,0,0.907665963000909,"{""emission_outside_history"":26}",5097,153,61.45818713600602,1209430016
range-0be4d95d7a9294b9aeacd500,1000,geometry_control,False,11,received_snr,6618330909616730145,0,10.0,17044596600568832310,opposite_turns,1,equal_weight_srp_phat,9.997046356636135,10.00111859992417,9.997978337323953,978.3218504161983,1078.3399806760588,126,1.0,0.9444444444444444,128,2,0.0842589020030573,5097,"{""initialization_failed:no_observable_hypothesis"":5,""tentative_initialization_unconfirmed"":4}",True,,True,41.907312499999996,1.0553124999999994,1335520,False,False,False,61.297659484381576,26.02119149282083,162,0,26,0,0,0.925425728004484,"{""emission_outside_history"":26}",5097,153,61.45818713600602,1209430016
range-f8940bd44d279869e5466133,50,fixed_background,True,12,fixed_reference_snr,932098837148280395,0,0.0,6150486506043246942,single_turn,0,all_6_equal_gcc_wls,-0.5560937225593963,3.095162123413992,2.2954373971290645,66.18370672127497,121.7921077716326,138,1.0,0.94,128,2,0.0832551709972904,4782,"{""initialization_failed:no_observable_hypothesis"":5,""tentative_initialization_unconfirmed"":4}",True,,True,47.0193125,1.0553124999999994,2337840,True,True,True,1.0322228786415861,0.5490155992033547,150,0,2,0,0,1.145045322002261,"{""emission_outside_history"":2}",4782,141,56.352688768994994,1142472704
range-f8940bd44d279869e5466133,50,fixed_background,True,12,fixed_reference_snr,932098837148280395,0,0.0,6150486506043246942,single_turn,0,equal_weight_srp_phat,-0.5560937225593963,3.095162123413992,2.2954373971290645,66.18370672127497,121.7921077716326,138,1.0,0.9333333333333333,128,3,0.12706247500318568,4782,"{""initialization_failed:no_observable_hypothesis"":5,""tentative_initialization_unconfirmed"":5}",True,,True,47.0343125,1.0703125,2337840,True,True,True,1.0258614903929575,0.5518442171237964,150,0,1,0,0,1.1384650649997639,"{""emission_outside_history"":1}",4782,140,56.352688768994994,1142472704
range-0bd220e8c939e25a7b01356d,50,fixed_background,True,13,fixed_reference_snr,3024926154503037810,1,0.0,6150486506043246942,single_turn,0,all_6_equal_gcc_wls,-0.5578538167324867,3.102208785393619,2.29569399200694,66.18370672127497,121.7921077716326,138,1.0,0.94,128,2,0.09059005800372688,4782,"{""initialization_failed:no_observable_hypothesis"":5,""tentative_initialization_unconfirmed"":4}",True,,True,47.0193125,1.0553124999999994,2337840,True,True,True,0.9382472345203974,0.4724873491088714,150,0,2,0,0,1.0973397359994124,"{""emission_outside_history"":2}",4782,141,57.374675888997444,1142124544
range-0bd220e8c939e25a7b01356d,50,fixed_background,True,13,fixed_reference_snr,3024926154503037810,1,0.0,6150486506043246942,single_turn,0,equal_weight_srp_phat,-0.5578538167324867,3.102208785393619,2.29569399200694,66.18370672127497,121.7921077716326,138,1.0,0.94,128,2,0.07230717800121056,4782,"{""initialization_failed:no_observable_hypothesis"":5,""tentative_initialization_unconfirmed"":4}",True,,True,47.0193125,1.0553124999999994,2337840,True,True,True,0.9489666326395416,0.4745704460700219,150,0,2,0,0,1.3947886619935161,"{""emission_outside_history"":2}",4782,141,57.374675888997444,1142124544
range-abdfeee4ec4e6cbb9e707ae9,50,fixed_background,True,14,fixed_reference_snr,12116302050623080632,2,0.0,6150486506043246942,single_turn,0,all_6_equal_gcc_wls,-0.5513293611166541,3.102201405474032,2.285195968456753,66.18370672127497,121.7921077716326,137,1.0,0.9333333333333333,128,3,0.11596604299120372,4782,"{""initialization_failed:no_observable_hypothesis"":5,""tentative_initialization_unconfirmed"":5}",True,,True,47.0343125,1.0703125,2337840,True,True,True,0.8955871706951078,0.48977162179171063,150,0,2,0,0,1.0876393299986375,"{""emission_outside_history"":1,""pre_update_nis_gate"":1}",4782,140,57.81991188599932,1142087680
range-abdfeee4ec4e6cbb9e707ae9,50,fixed_background,True,14,fixed_reference_snr,12116302050623080632,2,0.0,6150486506043246942,single_turn,0,equal_weight_srp_phat,-0.5513293611166541,3.102201405474032,2.285195968456753,66.18370672127497,121.7921077716326,137,1.0,0.9333333333333333,128,3,0.14167750199703733,4782,"{""initialization_failed:no_observable_hypothesis"":5,""tentative_initialization_unconfirmed"":5}",True,,True,47.0343125,1.0703125,2337840,True,True,True,0.8910820350377907,0.49116822875024263,150,0,2,0,0,1.3164961970032891,"{""emission_outside_history"":1,""pre_update_nis_gate"":1}",4782,140,57.81991188599932,1142087680
range-52f3e3b8f015096af1ea6501,50,fixed_background,True,15,fixed_reference_snr,932098837148280395,0,10.0,6150486506043246942,single_turn,0,all_6_equal_gcc_wls,9.443906277440604,13.09516212341399,12.295437397129064,66.18370672127497,121.7921077716326,138,1.0,0.94,128,2,0.0758331279939739,4782,"{""initialization_failed:no_observable_hypothesis"":5,""tentative_initialization_unconfirmed"":4}",True,,True,47.0193125,1.0553124999999994,2337840,True,True,True,0.8185628397349385,0.38815486263518606,150,0,2,0,0,1.0504963190032868,"{""emission_outside_history"":2}",4782,141,58.65927982299763,1142075392
range-52f3e3b8f015096af1ea6501,50,fixed_background,True,15,fixed_reference_snr,932098837148280395,0,10.0,6150486506043246942,single_turn,0,equal_weight_srp_phat,9.443906277440604,13.09516212341399,12.295437397129064,66.18370672127497,121.7921077716326,138,1.0,0.94,128,2,0.08093535500665894,4782,"{""initialization_failed:no_observable_hypothesis"":5,""tentative_initialization_unconfirmed"":4}",True,,True,47.0193125,1.0553124999999994,2337840,True,True,True,0.8145218036186228,0.3879113185666648,150,0,2,0,0,1.1538572100034798,"{""emission_outside_history"":2}",4782,141,58.65927982299763,1142075392
range-93d708eb80a8a91f117ccffd,50,fixed_background,True,16,fixed_reference_snr,3024926154503037810,1,10.0,6150486506043246942,single_turn,0,all_6_equal_gcc_wls,9.442146183267514,13.102208785393618,12.295693992006939,66.18370672127497,121.7921077716326,138,1.0,0.94,128,2,0.0790974439951242,4782,"{""initialization_failed:no_observable_hypothesis"":5,""tentative_initialization_unconfirmed"":4}",True,,True,47.0193125,1.0553124999999994,2337840,True,True,True,0.7792288049470236,0.3667374813973316,150,0,2,0,0,1.0975147350036423,"{""emission_outside_history"":2}",4782,141,58.60091253399878,1142226944
range-93d708eb80a8a91f117ccffd,50,fixed_background,True,16,fixed_reference_snr,3024926154503037810,1,10.0,6150486506043246942,single_turn,0,equal_weight_srp_phat,9.442146183267514,13.102208785393618,12.295693992006939,66.18370672127497,121.7921077716326,138,1.0,0.94,128,2,0.08515194400388282,4782,"{""initialization_failed:no_observable_hypothesis"":5,""tentative_initialization_unconfirmed"":4}",True,,True,47.0193125,1.0553124999999994,2337840,True,True,True,0.7781788573834216,0.36697265130791556,150,0,2,0,0,1.1574866920054774,"{""emission_outside_history"":2}",4782,141,58.60091253399878,1142226944
range-6487846b390f69c248efde48,50,fixed_background,True,17,fixed_reference_snr,12116302050623080632,2,10.0,6150486506043246942,single_turn,0,all_6_equal_gcc_wls,9.448670638883346,13.10220140547403,12.285195968456755,66.18370672127497,121.7921077716326,138,1.0,0.94,128,2,0.08098000500467606,4782,"{""initialization_failed:no_observable_hypothesis"":5,""tentative_initialization_unconfirmed"":4}",True,,True,47.0193125,1.0553124999999994,2337840,True,True,True,0.759139554043934,0.38940821393849734,150,0,2,0,0,1.0837935029994696,"{""emission_outside_history"":2}",4782,141,57.884280826001486,1142116352
range-6487846b390f69c248efde48,50,fixed_background,True,17,fixed_reference_snr,12116302050623080632,2,10.0,6150486506043246942,single_turn,0,equal_weight_srp_phat,9.448670638883346,13.10220140547403,12.285195968456755,66.18370672127497,121.7921077716326,138,1.0,0.94,128,2,0.07819267100421712,4782,"{""initialization_failed:no_observable_hypothesis"":5,""tentative_initialization_unconfirmed"":4}",True,,True,47.0193125,1.0553124999999994,2337840,True,True,True,0.7631064751022401,0.3898075133137272,150,0,2,0,0,1.2203615329999593,"{""emission_outside_history"":2}",4782,141,57.884280826001486,1142116352
range-e281adc9d29af7fe956d805d,50,fixed_background,True,18,fixed_reference_snr,932098837148280395,0,20.0,6150486506043246942,single_turn,0,all_6_equal_gcc_wls,19.443906277440604,23.095162123413996,22.295437397129064,66.18370672127497,121.7921077716326,138,1.0,0.94,128,2,0.0655261790016084,4782,"{""initialization_failed:no_observable_hypothesis"":5,""tentative_initialization_unconfirmed"":4}",True,,True,47.0193125,1.0553124999999994,2337840,True,True,True,0.7441865904232458,0.3650069372652424,150,0,2,0,0,1.1617165060015395,"{""emission_outside_history"":2}",4782,141,58.17623559999629,1141858304
range-e281adc9d29af7fe956d805d,50,fixed_background,True,18,fixed_reference_snr,932098837148280395,0,20.0,6150486506043246942,single_turn,0,equal_weight_srp_phat,19.443906277440604,23.095162123413996,22.295437397129064,66.18370672127497,121.7921077716326,138,1.0,0.94,128,2,0.10538467599690193,4782,"{""initialization_failed:no_observable_hypothesis"":5,""tentative_initialization_unconfirmed"":4}",True,,True,47.0193125,1.0553124999999994,2337840,True,True,True,0.7463016161937697,0.36500184071686875,150,0,2,0,0,1.2086821360062459,"{""emission_outside_history"":2}",4782,141,58.17623559999629,1141858304
range-bb1ece470eeded22addb2ea6,50,fixed_background,True,19,fixed_reference_snr,3024926154503037810,1,20.0,6150486506043246942,single_turn,0,all_6_equal_gcc_wls,19.44214618326751,23.102208785393618,22.29569399200694,66.18370672127497,121.7921077716326,138,1.0,0.94,128,2,0.07709010798862437,4782,"{""initialization_failed:no_observable_hypothesis"":5,""tentative_initialization_unconfirmed"":4}",True,,True,47.0193125,1.0553124999999994,2337840,True,True,True,0.7332803609587536,0.3582615154549038,150,0,2,0,0,1.1831963649965473,"{""emission_outside_history"":2}",4782,141,58.00652145800268,1142173696
range-bb1ece470eeded22addb2ea6,50,fixed_background,True,19,fixed_reference_snr,3024926154503037810,1,20.0,6150486506043246942,single_turn,0,equal_weight_srp_phat,19.44214618326751,23.102208785393618,22.29569399200694,66.18370672127497,121.7921077716326,138,1.0,0.94,128,2,0.06373145199904684,4782,"{""initialization_failed:no_observable_hypothesis"":5,""tentative_initialization_unconfirmed"":4}",True,,True,47.0193125,1.0553124999999994,2337840,True,True,True,0.7303427597010465,0.35842389844869454,150,0,2,0,0,1.1497638080036268,"{""emission_outside_history"":2}",4782,141,58.00652145800268,1142173696
range-58f5bb9c0443629410c0d89a,50,fixed_background,True,20,fixed_reference_snr,12116302050623080632,2,20.0,6150486506043246942,single_turn,0,all_6_equal_gcc_wls,19.448670638883346,23.102201405474034,22.285195968456755,66.18370672127497,121.7921077716326,138,1.0,0.94,128,2,0.07886371399945347,4782,"{""initialization_failed:no_observable_hypothesis"":5,""tentative_initialization_unconfirmed"":4}",True,,True,47.0193125,1.0553124999999994,2337840,True,True,True,0.7125132575050256,0.366331637740603,150,0,2,0,0,1.1183206429996062,"{""emission_outside_history"":2}",4782,141,57.77375305999885,1142149120
range-58f5bb9c0443629410c0d89a,50,fixed_background,True,20,fixed_reference_snr,12116302050623080632,2,20.0,6150486506043246942,single_turn,0,equal_weight_srp_phat,19.448670638883346,23.102201405474034,22.285195968456755,66.18370672127497,121.7921077716326,138,1.0,0.94,128,2,0.07223844899999676,4782,"{""initialization_failed:no_observable_hypothesis"":5,""tentative_initialization_unconfirmed"":4}",True,,True,47.0193125,1.0553124999999994,2337840,True,True,True,0.7119045522130409,0.36624473581759737,150,0,2,0,0,1.0943133460023091,"{""emission_outside_history"":2}",4782,141,57.77375305999885,1142149120
range-dc10fceff25db1a1a5df1d5a,100,fixed_background,True,21,fixed_reference_snr,932098837148280395,0,0.0,6150486506043246942,single_turn,0,all_6_equal_gcc_wls,-3.8895841402673597,-0.3980462112985725,-0.7947224473229031,98.88412509122365,171.3589556427783,135,1.0,0.94,128,2,0.08263258400256746,4782,"{""initialization_failed:no_observable_hypothesis"":5,""tentative_initialization_unconfirmed"":4}",True,,True,47.0193125,1.0553124999999994,2337840,True,True,True,1.7651664572116483,0.940333672650804,150,0,5,0,0,1.0395735199999763,"{""emission_outside_history"":3,""pre_update_nis_gate"":2}",4782,141,57.58457808599633,1142087680
range-dc10fceff25db1a1a5df1d5a,100,fixed_background,True,21,fixed_reference_snr,932098837148280395,0,0.0,6150486506043246942,single_turn,0,equal_weight_srp_phat,-3.8895841402673597,-0.3980462112985725,-0.7947224473229031,98.88412509122365,171.3589556427783,135,1.0,0.94,128,2,0.0728446519933641,4782,"{""initialization_failed:no_observable_hypothesis"":5,""tentative_initialization_unconfirmed"":4}",True,,True,47.0193125,1.0553124999999994,2337840,True,True,True,1.7546489131089364,0.9351962700672336,150,0,5,0,0,1.0453699070058065,"{""emission_outside_history"":3,""pre_update_nis_gate"":2}",4782,141,57.58457808599633,1142087680
range-6f863dd0c257587dcdc5c208,100,fixed_background,True,22,fixed_reference_snr,3024926154503037810,1,0.0,6150486506043246942,single_turn,0,all_6_equal_gcc_wls,-3.8913442344404494,-0.3909995493189462,-0.7944658524450279,98.88412509122365,171.3589556427783,137,1.0,0.94,128,2,0.08751820299949031,4782,"{""initialization_failed:no_observable_hypothesis"":5,""tentative_initialization_unconfirmed"":4}",True,,True,47.0193125,1.0553124999999994,2337840,True,True,True,1.6367363646473512,0.9079907848213663,150,0,3,0,0,1.0852377779956441,"{""emission_outside_history"":3}",4782,141,57.367339456999616,1141923840
range-6f863dd0c257587dcdc5c208,100,fixed_background,True,22,fixed_reference_snr,3024926154503037810,1,0.0,6150486506043246942,single_turn,0,equal_weight_srp_phat,-3.8913442344404494,-0.3909995493189462,-0.7944658524450279,98.88412509122365,171.3589556427783,137,1.0,0.94,128,2,0.07054896600311622,4782,"{""initialization_failed:no_observable_hypothesis"":5,""tentative_initialization_unconfirmed"":4}",True,,True,47.0193125,1.0553124999999994,2337840,True,True,True,1.6032100415060402,0.9112734422711583,150,0,3,0,0,1.063500224998279,"{""emission_outside_history"":3}",4782,141,57.367339456999616,1141923840
range-4a7fcc6a712abad62938e495,100,fixed_background,True,23,fixed_reference_snr,12116302050623080632,2,0.0,6150486506043246942,single_turn,0,all_6_equal_gcc_wls,-3.884819778824618,-0.3910069292385324,-0.8049638759952139,98.88412509122365,171.3589556427783,137,1.0,0.94,128,2,0.07607231800648151,4782,"{""initialization_failed:no_observable_hypothesis"":5,""tentative_initialization_unconfirmed"":4}",True,,True,47.0193125,1.0553124999999994,2337840,True,True,True,1.7236254246106444,0.8987872219762226,150,0,3,0,0,1.0599792720022378,"{""emission_outside_history"":3}",4782,141,57.43208877800498,1142046720
range-4a7fcc6a712abad62938e495,100,fixed_background,True,23,fixed_reference_snr,12116302050623080632,2,0.0,6150486506043246942,single_turn,0,equal_weight_srp_phat,-3.884819778824618,-0.3910069292385324,-0.8049638759952139,98.88412509122365,171.3589556427783,137,1.0,0.94,128,2,0.0905145239958074,4782,"{""initialization_failed:no_observable_hypothesis"":5,""tentative_initialization_unconfirmed"":4}",True,,True,47.0193125,1.0553124999999994,2337840,True,True,True,1.7414612820986273,0.9039803160766228,150,0,3,0,0,1.105184249994636,"{""emission_outside_history"":3}",4782,141,57.43208877800498,1142046720
range-005d490d1d5fcfeb21f5b0a6,100,fixed_background,True,24,fixed_reference_snr,932098837148280395,0,10.0,6150486506043246942,single_turn,0,all_6_equal_gcc_wls,6.11041585973264,9.601953788701428,9.205277552677098,98.88412509122365,171.3589556427783,137,1.0,0.94,128,2,0.07855879699491197,4782,"{""initialization_failed:no_observable_hypothesis"":5,""tentative_initialization_unconfirmed"":4}",True,,True,47.0193125,1.0553124999999994,2337840,True,True,True,1.260455948063606,0.6377006363563698,150,0,3,0,0,1.0627902849955717,"{""emission_outside_history"":3}",4782,141,57.364194679998036,1142267904
range-005d490d1d5fcfeb21f5b0a6,100,fixed_background,True,24,fixed_reference_snr,932098837148280395,0,10.0,6150486506043246942,single_turn,0,equal_weight_srp_phat,6.11041585973264,9.601953788701428,9.205277552677098,98.88412509122365,171.3589556427783,137,1.0,0.94,128,2,0.06754809200356249,4782,"{""initialization_failed:no_observable_hypothesis"":5,""tentative_initialization_unconfirmed"":4}",True,,True,47.0193125,1.0553124999999994,2337840,True,True,True,1.2563079457435926,0.6375442980369292,150,0,3,0,0,1.063307671000075,"{""emission_outside_history"":3}",4782,141,57.364194679998036,1142267904
range-9c521ce0ced3719cd57f0c05,100,fixed_background,True,25,fixed_reference_snr,3024926154503037810,1,10.0,6150486506043246942,single_turn,0,all_6_equal_gcc_wls,6.10865576555955,9.609000450681053,9.205534147554973,98.88412509122365,171.3589556427783,137,1.0,0.94,128,2,0.07230274099856615,4782,"{""initialization_failed:no_observable_hypothesis"":5,""tentative_initialization_unconfirmed"":4}",True,,True,47.0193125,1.0553124999999994,2337840,True,True,True,1.2454677953936442,0.6333638200900366,150,0,3,0,0,1.0953994239971507,"{""emission_outside_history"":3}",4782,141,57.68230103600217,1142276096
range-9c521ce0ced3719cd57f0c05,100,fixed_background,True,25,fixed_reference_snr,3024926154503037810,1,10.0,6150486506043246942,single_turn,0,equal_weight_srp_phat,6.10865576555955,9.609000450681053,9.205534147554973,98.88412509122365,171.3589556427783,137,1.0,0.94,128,2,0.09662096000101883,4782,"{""initialization_failed:no_observable_hypothesis"":5,""tentative_initialization_unconfirmed"":4}",True,,True,47.0193125,1.0553124999999994,2337840,True,True,True,1.2436788680817754,0.6328937535233194,150,0,3,0,0,1.0723267829962424,"{""emission_outside_history"":3}",4782,141,57.68230103600217,1142276096
range-755fdf80486073e663828037,100,fixed_background,True,26,fixed_reference_snr,12116302050623080632,2,10.0,6150486506043246942,single_turn,0,all_6_equal_gcc_wls,6.1151802211753825,9.608993070761468,9.195036124004787,98.88412509122365,171.3589556427783,137,1.0,0.94,128,2,0.07271118899370776,4782,"{""initialization_failed:no_observable_hypothesis"":5,""tentative_initialization_unconfirmed"":4}",True,,True,47.0193125,1.0553124999999994,2337840,True,True,True,1.2836357031459895,0.5994940330253634,150,0,3,0,0,1.0598314969975036,"{""emission_outside_history"":3}",4782,141,58.0230933099956,1141866496
range-755fdf80486073e663828037,100,fixed_background,True,26,fixed_reference_snr,12116302050623080632,2,10.0,6150486506043246942,single_turn,0,equal_weight_srp_phat,6.1151802211753825,9.608993070761468,9.195036124004787,98.88412509122365,171.3589556427783,137,1.0,0.94,128,2,0.07781597199937096,4782,"{""initialization_failed:no_observable_hypothesis"":5,""tentative_initialization_unconfirmed"":4}",True,,True,47.0193125,1.0553124999999994,2337840,True,True,True,1.2883490975619223,0.6000854091709417,150,0,3,0,0,1.3551695050045964,"{""emission_outside_history"":3}",4782,141,58.0230933099956,1141866496
range-512578ed13086454aa010d7b,100,fixed_background,True,27,fixed_reference_snr,932098837148280395,0,20.0,6150486506043246942,single_turn,0,all_6_equal_gcc_wls,16.11041585973264,19.601953788701426,19.205277552677096,98.88412509122365,171.3589556427783,137,1.0,0.94,128,2,0.08023868100281106,4782,"{""initialization_failed:no_observable_hypothesis"":5,""tentative_initialization_unconfirmed"":4}",True,,True,47.0193125,1.0553124999999994,2337840,True,True,True,1.2982352257039969,0.5926429683012582,150,0,3,0,0,1.1892779260015232,"{""emission_outside_history"":3}",4782,141,57.94196345000091,1141968896
range-512578ed13086454aa010d7b,100,fixed_background,True,27,fixed_reference_snr,932098837148280395,0,20.0,6150486506043246942,single_turn,0,equal_weight_srp_phat,16.11041585973264,19.601953788701426,19.205277552677096,98.88412509122365,171.3589556427783,137,1.0,0.94,128,2,0.08270532800088404,4782,"{""initialization_failed:no_observable_hypothesis"":5,""tentative_initialization_unconfirmed"":4}",True,,True,47.0193125,1.0553124999999994,2337840,True,True,True,1.2963508110669633,0.5921702912997419,150,0,3,0,0,1.2433663030024036,"{""emission_outside_history"":3}",4782,141,57.94196345000091,1141968896
range-26a569cbc536c726dcabfdd1,100,fixed_background,True,28,fixed_reference_snr,3024926154503037810,1,20.0,6150486506043246942,single_turn,0,all_6_equal_gcc_wls,16.10865576555955,19.60900045068105,19.20553414755497,98.88412509122365,171.3589556427783,137,1.0,0.94,128,2,0.10278955399553524,4782,"{""initialization_failed:no_observable_hypothesis"":5,""tentative_initialization_unconfirmed"":4}",True,,True,47.0193125,1.0553124999999994,2337840,True,True,True,1.2514388441906201,0.588219173886963,150,0,3,0,0,1.1221466069982853,"{""emission_outside_history"":3}",4782,141,57.563895251994836,1142194176
range-26a569cbc536c726dcabfdd1,100,fixed_background,True,28,fixed_reference_snr,3024926154503037810,1,20.0,6150486506043246942,single_turn,0,equal_weight_srp_phat,16.10865576555955,19.60900045068105,19.20553414755497,98.88412509122365,171.3589556427783,137,1.0,0.94,128,2,0.1150917259947164,4782,"{""initialization_failed:no_observable_hypothesis"":5,""tentative_initialization_unconfirmed"":4}",True,,True,47.0193125,1.0553124999999994,2337840,True,True,True,1.2490363915590774,0.5877906566007879,150,0,3,0,0,1.0949679499972262,"{""emission_outside_history"":3}",4782,141,57.563895251994836,1142194176
range-687282ad19038f5c3633fb16,100,fixed_background,True,29,fixed_reference_snr,12116302050623080632,2,20.0,6150486506043246942,single_turn,0,all_6_equal_gcc_wls,16.115180221175383,19.608993070761468,19.195036124004787,98.88412509122365,171.3589556427783,137,1.0,0.94,128,2,0.09128152100311127,4782,"{""initialization_failed:no_observable_hypothesis"":5,""tentative_initialization_unconfirmed"":4}",True,,True,47.0193125,1.0553124999999994,2337840,True,True,True,1.2310942392881534,0.5687172005733494,150,0,3,0,0,1.0658529210049892,"{""emission_outside_history"":3}",4782,141,58.00703319600143,1142145024
range-687282ad19038f5c3633fb16,100,fixed_background,True,29,fixed_reference_snr,12116302050623080632,2,20.0,6150486506043246942,single_turn,0,equal_weight_srp_phat,16.115180221175383,19.608993070761468,19.195036124004787,98.88412509122365,171.3589556427783,137,1.0,0.94,128,2,0.06394596999598434,4782,"{""initialization_failed:no_observable_hypothesis"":5,""tentative_initialization_unconfirmed"":4}",True,,True,47.0193125,1.0553124999999994,2337840,True,True,True,1.2300761538872038,0.5685695758581816,150,0,3,0,0,1.1191821730026277,"{""emission_outside_history"":3}",4782,141,58.00703319600143,1142145024
range-1b37e66b7df848945088761e,200,fixed_background,True,30,fixed_reference_snr,932098837148280395,0,0.0,6150486506043246942,single_turn,0,all_6_equal_gcc_wls,-8.16897670800541,-5.798535218472982,-5.941820425255326,187.71421968637125,270.97103601621706,111,1.0,0.94,128,2,0.07801337300043087,4782,"{""initialization_failed:no_observable_hypothesis"":5,""tentative_initialization_unconfirmed"":4}",True,,True,47.0193125,1.0553124999999994,2184744,True,False,False,5.674286854513866,3.1278772662018772,150,0,29,0,0,0.9695811980054714,"{""emission_outside_history"":6,""pre_update_nis_gate"":23}",4782,141,57.64002789300139,1142165504
range-1b37e66b7df848945088761e,200,fixed_background,True,30,fixed_reference_snr,932098837148280395,0,0.0,6150486506043246942,single_turn,0,equal_weight_srp_phat,-8.16897670800541,-5.798535218472982,-5.941820425255326,187.71421968637125,270.97103601621706,114,1.0,0.94,128,2,0.06968460999632953,4782,"{""initialization_failed:no_observable_hypothesis"":5,""tentative_initialization_unconfirmed"":4}",True,,True,47.0193125,1.0553124999999994,2184744,True,False,False,5.795256773369972,3.249206983227714,150,0,26,0,0,0.8910031049963436,"{""emission_outside_history"":6,""pre_update_nis_gate"":20}",4782,141,57.64002789300139,1142165504
range-8c10637a9dec7e9f0a730910,200,fixed_background,True,31,fixed_reference_snr,3024926154503037810,1,0.0,6150486506043246942,single_turn,0,all_6_equal_gcc_wls,-8.1707368021785,-5.791488556493356,-5.94156383037745,187.71421968637125,270.97103601621706,90,0.9349593495934959,0.7666666666666667,128,41,1.8461599140064209,4782,"{""initialization_failed:no_observable_hypothesis"":5,""tentative_initialization_unconfirmed"":30}",True,,True,49.779979166666664,3.815979166666665,2184744,False,False,False,4.413553369507199,2.78559284136506,150,0,24,0,0,2.748322952997114,"{""emission_outside_history"":4,""pre_update_nis_gate"":20}",4782,115,59.58095077300095,1142505472
range-8c10637a9dec7e9f0a730910,200,fixed_background,True,31,fixed_reference_snr,3024926154503037810,1,0.0,6150486506043246942,single_turn,0,equal_weight_srp_phat,-8.1707368021785,-5.791488556493356,-5.94156383037745,187.71421968637125,270.97103601621706,103,1.0,0.9266666666666666,128,4,0.18526864200248383,4782,"{""initialization_failed:no_observable_hypothesis"":5,""tentative_initialization_unconfirmed"":6}",True,,True,47.0493125,1.0853125000000006,2184744,False,False,False,17.936045139210552,6.786572295123745,150,0,35,0,0,1.0386699640002917,"{""emission_outside_history"":4,""pre_update_nis_gate"":31}",4782,139,59.58095077300095,1142505472
range-3248b23e094be5de9bad2e86,200,fixed_background,True,32,fixed_reference_snr,12116302050623080632,2,0.0,6150486506043246942,single_turn,0,all_6_equal_gcc_wls,-8.164212346562667,-5.791495936412941,-5.952061853927636,187.71421968637125,270.97103601621706,112,1.0,0.94,128,2,0.07262801600882085,4782,"{""initialization_failed:no_observable_hypothesis"":5,""tentative_initialization_unconfirmed"":4}",True,,True,47.0193125,1.0553124999999994,2184744,True,False,False,5.517579394791595,3.314755386670645,150,0,28,0,0,0.9664453509976738,"{""emission_outside_history"":6,""pre_update_nis_gate"":22}",4782,141,57.543661388001055,1142132736
range-3248b23e094be5de9bad2e86,200,fixed_background,True,32,fixed_reference_snr,12116302050623080632,2,0.0,6150486506043246942,single_turn,0,equal_weight_srp_phat,-8.164212346562667,-5.791495936412941,-5.952061853927636,187.71421968637125,270.97103601621706,107,1.0,0.94,128,2,0.07045329700486036,4782,"{""initialization_failed:no_observable_hypothesis"":5,""tentative_initialization_unconfirmed"":4}",True,,True,47.0193125,1.0553124999999994,2184744,True,False,False,5.629925726612177,3.19242613135464,150,0,33,0,0,0.9110097020020476,"{""emission_outside_history"":6,""pre_update_nis_gate"":27}",4782,141,57.543661388001055,1142132736
range-32322dcddd3894bbf73b8b55,200,fixed_background,True,33,fixed_reference_snr,932098837148280395,0,10.0,6150486506043246942,single_turn,0,all_6_equal_gcc_wls,1.831023291994591,4.201464781527017,4.058179574744673,187.71421968637125,270.97103601621706,134,1.0,0.94,128,2,0.07424632999754976,4782,"{""initialization_failed:no_observable_hypothesis"":5,""tentative_initialization_unconfirmed"":4}",True,,True,47.0193125,1.0553124999999994,2184744,True,False,True,2.585590121520348,1.5506963935771159,150,0,6,0,0,1.0209017300003325,"{""emission_outside_history"":6}",4782,141,57.299813906000054,1142349824
range-32322dcddd3894bbf73b8b55,200,fixed_background,True,33,fixed_reference_snr,932098837148280395,0,10.0,6150486506043246942,single_turn,0,equal_weight_srp_phat,1.831023291994591,4.201464781527017,4.058179574744673,187.71421968637125,270.97103601621706,134,1.0,0.94,128,2,0.06848098400223535,4782,"{""initialization_failed:no_observable_hypothesis"":5,""tentative_initialization_unconfirmed"":4}",True,,True,47.0193125,1.0553124999999994,2184744,True,False,True,2.5792863013420217,1.5554995745892561,150,0,6,0,0,1.0126382329981425,"{""emission_outside_history"":6}",4782,141,57.299813906000054,1142349824
range-d1788cefbbf85f86ed65d3aa,200,fixed_background,True,34,fixed_reference_snr,3024926154503037810,1,10.0,6150486506043246942,single_turn,0,all_6_equal_gcc_wls,1.829263197821501,4.208511443506644,4.058436169622549,187.71421968637125,270.97103601621706,134,1.0,0.94,128,2,0.08128583600046113,4782,"{""initialization_failed:no_observable_hypothesis"":5,""tentative_initialization_unconfirmed"":4}",True,,True,47.0193125,1.0553124999999994,2184744,True,False,True,2.8227628129908675,1.601897667287441,150,0,6,0,0,1.0020207409979776,"{""emission_outside_history"":6}",4782,141,57.743767375999596,1142423552
range-d1788cefbbf85f86ed65d3aa,200,fixed_background,True,34,fixed_reference_snr,3024926154503037810,1,10.0,6150486506043246942,single_turn,0,equal_weight_srp_phat,1.829263197821501,4.208511443506644,4.058436169622549,187.71421968637125,270.97103601621706,134,1.0,0.94,128,2,0.0889228749947506,4782,"{""initialization_failed:no_observable_hypothesis"":5,""tentative_initialization_unconfirmed"":4}",True,,True,47.0193125,1.0553124999999994,2184744,True,False,True,2.8530000617973594,1.6091544830013111,150,0,6,0,0,1.0563801460011746,"{""emission_outside_history"":6}",4782,141,57.743767375999596,1142423552
range-ed3c3b2bb4d8d37f99ccae87,200,fixed_background,True,35,fixed_reference_snr,12116302050623080632,2,10.0,6150486506043246942,single_turn,0,all_6_equal_gcc_wls,1.8357876534373334,4.208504063587056,4.047938146072364,187.71421968637125,270.97103601621706,134,1.0,0.94,128,2,0.09123607099900255,4782,"{""initialization_failed:no_observable_hypothesis"":5,""tentative_initialization_unconfirmed"":4}",True,,True,47.0193125,1.0553124999999994,2184744,True,False,True,2.4221039839545733,1.402032826980489,150,0,6,0,0,1.2474388319969876,"{""emission_outside_history"":6}",4782,141,58.28344627700426,1142329344
range-ed3c3b2bb4d8d37f99ccae87,200,fixed_background,True,35,fixed_reference_snr,12116302050623080632,2,10.0,6150486506043246942,single_turn,0,equal_weight_srp_phat,1.8357876534373334,4.208504063587056,4.047938146072364,187.71421968637125,270.97103601621706,134,1.0,0.94,128,2,0.08040651799819898,4782,"{""initialization_failed:no_observable_hypothesis"":5,""tentative_initialization_unconfirmed"":4}",True,,True,47.0193125,1.0553124999999994,2184744,True,False,True,2.4463168511131594,1.410597537651609,150,0,6,0,0,1.1355252840003232,"{""emission_outside_history"":6}",4782,141,58.28344627700426,1142329344
range-4125ee4e4d3c0c884e260cbc,200,fixed_background,True,36,fixed_reference_snr,932098837148280395,0,20.0,6150486506043246942,single_turn,0,all_6_equal_gcc_wls,11.83102329199459,14.201464781527019,14.058179574744674,187.71421968637125,270.97103601621706,134,1.0,0.94,128,2,0.0699269920005463,4782,"{""initialization_failed:no_observable_hypothesis"":5,""tentative_initialization_unconfirmed"":4}",True,,True,47.0193125,1.0553124999999994,2184744,True,False,True,2.383309187320769,1.2648133747734571,150,0,6,0,0,0.9858324450033251,"{""emission_outside_history"":6}",4782,141,57.54367378900497,1142120448
range-4125ee4e4d3c0c884e260cbc,200,fixed_background,True,36,fixed_reference_snr,932098837148280395,0,20.0,6150486506043246942,single_turn,0,equal_weight_srp_phat,11.83102329199459,14.201464781527019,14.058179574744674,187.71421968637125,270.97103601621706,134,1.0,0.94,128,2,0.06806483699620003,4782,"{""initialization_failed:no_observable_hypothesis"":5,""tentative_initialization_unconfirmed"":4}",True,,True,47.0193125,1.0553124999999994,2184744,True,False,True,2.3942347667130757,1.2697427881054748,150,0,6,0,0,1.0106237209984101,"{""emission_outside_history"":6}",4782,141,57.54367378900497,1142120448
range-f24ce0345e7de6421726749b,200,fixed_background,True,37,fixed_reference_snr,3024926154503037810,1,20.0,6150486506043246942,single_turn,0,all_6_equal_gcc_wls,11.8292631978215,14.208511443506644,14.05843616962255,187.71421968637125,270.97103601621706,134,1.0,0.94,128,2,0.0995700229977956,4782,"{""initialization_failed:no_observable_hypothesis"":5,""tentative_initialization_unconfirmed"":4}",True,,True,47.0193125,1.0553124999999994,2184744,True,False,True,2.452418596144064,1.3296665341626002,150,0,6,0,0,0.9884269690010115,"{""emission_outside_history"":6}",4782,141,57.555264178998186,1142009856
range-f24ce0345e7de6421726749b,200,fixed_background,True,37,fixed_reference_snr,3024926154503037810,1,20.0,6150486506043246942,single_turn,0,equal_weight_srp_phat,11.8292631978215,14.208511443506644,14.05843616962255,187.71421968637125,270.97103601621706,134,1.0,0.94,128,2,0.0700288980078767,4782,"{""initialization_failed:no_observable_hypothesis"":5,""tentative_initialization_unconfirmed"":4}",True,,True,47.0193125,1.0553124999999994,2184744,True,False,True,2.4785604962417547,1.3354202560068733,150,0,6,0,0,0.9937132839986589,"{""emission_outside_history"":6}",4782,141,57.555264178998186,1142009856
range-fd86a5a1c5055ea7d2f45f12,200,fixed_background,True,38,fixed_reference_snr,12116302050623080632,2,20.0,6150486506043246942,single_turn,0,all_6_equal_gcc_wls,11.835787653437333,14.208504063587057,14.047938146072363,187.71421968637125,270.97103601621706,134,1.0,0.94,128,2,0.07580931400298141,4782,"{""initialization_failed:no_observable_hypothesis"":5,""tentative_initialization_unconfirmed"":4}",True,,True,47.0193125,1.0553124999999994,2184744,True,False,True,2.3622347657238767,1.28981439175779,150,0,6,0,0,0.9923547399957897,"{""emission_outside_history"":6}",4782,141,57.8303340489947,1141694464
range-fd86a5a1c5055ea7d2f45f12,200,fixed_background,True,38,fixed_reference_snr,12116302050623080632,2,20.0,6150486506043246942,single_turn,0,equal_weight_srp_phat,11.835787653437333,14.208504063587057,14.047938146072363,187.71421968637125,270.97103601621706,134,1.0,0.94,128,2,0.07681876899732742,4782,"{""initialization_failed:no_observable_hypothesis"":5,""tentative_initialization_unconfirmed"":4}",True,,True,47.0193125,1.0553124999999994,2184744,True,False,True,2.3930019579454678,1.2960451991191135,150,0,6,0,0,1.1774219119979534,"{""emission_outside_history"":6}",4782,141,57.8303340489947,1141694464
range-6226b1780a8e2d97ad7ffbc1,400,fixed_background,True,39,fixed_reference_snr,932098837148280395,0,0.0,6150486506043246942,single_turn,0,all_6_equal_gcc_wls,-13.166010879729173,-11.81296551056404,-11.854049675128424,381.82633373912006,470.6892906918844,0,0.0,0.0,128,128,350.9612609229662,4782,"{""computational_budget_exceeded"":135,""initialization_failed:no_observable_hypothesis"":15}",False,computational_budget_exceeded,False,,,0,False,False,False,,,150,0,0,0,0,350.99793909500295,{},4782,0,472.5461251230008,1142464512
range-6226b1780a8e2d97ad7ffbc1,400,fixed_background,True,39,fixed_reference_snr,932098837148280395,0,0.0,6150486506043246942,single_turn,0,equal_weight_srp_phat,-13.166010879729173,-11.81296551056404,-11.854049675128424,381.82633373912006,470.6892906918844,5,0.3252032520325203,0.26666666666666666,128,7,59.420483874004276,4782,"{""consistency_lost_reinitialization_required"":2,""initialization_failed:no_observable_hypothesis"":16,""tentative_initialization_unconfirmed"":92}",False,tentative_initialization_unconfirmed,False,51.115312499999995,5.151312499999996,560032,False,False,False,73.24645869392683,51.05612248326679,150,1,35,2,2,64.94510927199735,"{""emission_outside_history"":21,""pre_update_nis_gate"":14}",4782,40,472.5461251230008,1142464512
range-5bc3078416006c465459485c,400,fixed_background,True,40,fixed_reference_snr,3024926154503037810,1,0.0,6150486506043246942,single_turn,0,all_6_equal_gcc_wls,-13.167770973902265,-11.805918848584412,-11.85379308025055,381.82633373912006,470.6892906918844,0,0.0,0.0,128,128,169.71156299798167,4782,"{""computational_budget_exceeded"":135,""initialization_failed:no_observable_hypothesis"":15}",False,computational_budget_exceeded,False,,,0,False,False,False,,,150,0,0,0,0,169.74766625099437,{},4782,0,233.12641977600288,1142009856
range-5bc3078416006c465459485c,400,fixed_background,True,40,fixed_reference_snr,3024926154503037810,1,0.0,6150486506043246942,single_turn,0,equal_weight_srp_phat,-13.167770973902265,-11.805918848584412,-11.85379308025055,381.82633373912006,470.6892906918844,4,0.3902439024390244,0.37333333333333335,128,1,0.04290340299485251,4782,"{""consistency_lost_reinitialization_required"":2,""initialization_failed:no_observable_hypothesis"":17,""tentative_initialization_unconfirmed"":75}",False,tentative_initialization_unconfirmed,False,48.0583125,2.094312500000001,1110544,False,False,False,322.99044072533655,206.01592602890568,150,1,52,2,2,6.641764302999945,"{""emission_outside_history"":28,""pre_update_nis_gate"":24}",4782,56,233.12641977600288,1142009856
range-16da327f037dcf04ca9b210f,400,fixed_background,True,41,fixed_reference_snr,12116302050623080632,2,0.0,6150486506043246942,single_turn,0,all_6_equal_gcc_wls,-13.16124651828643,-11.805926228503997,-11.864291103800737,381.82633373912006,470.6892906918844,0,0.0,0.0,128,128,393.3832704279994,4782,"{""computational_budget_exceeded"":135,""initialization_failed:no_observable_hypothesis"":15}",False,computational_budget_exceeded,False,,,0,False,False,False,,,150,0,0,0,0,393.419014952,{},4782,0,496.96837951199996,1142509568
range-16da327f037dcf04ca9b210f,400,fixed_background,True,41,fixed_reference_snr,12116302050623080632,2,0.0,6150486506043246942,single_turn,0,equal_weight_srp_phat,-13.16124651828643,-11.805926228503997,-11.864291103800737,381.82633373912006,470.6892906918844,2,0.18699186991869918,0.15333333333333332,128,75,41.20708887103683,4782,"{""consistency_lost_reinitialization_required"":1,""initialization_failed:no_observable_hypothesis"":12,""tentative_initialization_unconfirmed"":114}",False,tentative_initialization_unconfirmed,False,50.788979166666664,4.824979166666665,560032,False,False,False,77.08526501634734,56.91399139631961,150,0,21,1,1,47.38450574399758,"{""emission_outside_history"":11,""pre_update_nis_gate"":10}",4782,23,496.96837951199996,1142509568
range-29328729fb8adf0d3c3d83df,400,fixed_background,True,42,fixed_reference_snr,932098837148280395,0,10.0,6150486506043246942,single_turn,0,all_6_equal_gcc_wls,-3.166010879729174,-1.8129655105640388,-1.8540496751284261,381.82633373912006,470.6892906918844,129,1.0,0.94,128,2,0.0759674129949417,4782,"{""initialization_failed:no_observable_hypothesis"":5,""tentative_initialization_unconfirmed"":4}",True,,True,47.0193125,1.0553124999999994,1988680,False,False,False,11.110621139340248,6.7806399859318285,150,0,11,0,0,0.9563134700001683,"{""emission_outside_history"":11}",4782,141,57.88157972400222,1141854208
range-29328729fb8adf0d3c3d83df,400,fixed_background,True,42,fixed_reference_snr,932098837148280395,0,10.0,6150486506043246942,single_turn,0,equal_weight_srp_phat,-3.166010879729174,-1.8129655105640388,-1.8540496751284261,381.82633373912006,470.6892906918844,129,1.0,0.94,128,2,0.0703652529991814,4782,"{""initialization_failed:no_observable_hypothesis"":5,""tentative_initialization_unconfirmed"":4}",True,,True,47.0193125,1.0553124999999994,1988680,False,False,False,11.478869093799364,6.901433501473762,150,0,11,0,0,0.9339597129946924,"{""emission_outside_history"":11}",4782,141,57.88157972400222,1141854208
range-547f135bcf8f3aa0258eb810,400,fixed_background,True,43,fixed_reference_snr,3024926154503037810,1,10.0,6150486506043246942,single_turn,0,all_6_equal_gcc_wls,-3.167770973902264,-1.8059188485844115,-1.8537930802505502,381.82633373912006,470.6892906918844,129,1.0,0.94,128,2,0.08196761499129934,4782,"{""initialization_failed:no_observable_hypothesis"":5,""tentative_initialization_unconfirmed"":4}",True,,True,47.0193125,1.0553124999999994,1988680,True,False,False,8.21720740402863,4.970534566656828,150,0,11,0,0,0.9794757109993952,"{""emission_outside_history"":11}",4782,141,57.84157824000431,1142280192
range-547f135bcf8f3aa0258eb810,400,fixed_background,True,43,fixed_reference_snr,3024926154503037810,1,10.0,6150486506043246942,single_turn,0,equal_weight_srp_phat,-3.167770973902264,-1.8059188485844115,-1.8537930802505502,381.82633373912006,470.6892906918844,129,1.0,0.94,128,2,0.076060541003244,4782,"{""initialization_failed:no_observable_hypothesis"":5,""tentative_initialization_unconfirmed"":4}",True,,True,47.0193125,1.0553124999999994,1988680,True,False,False,8.724696576594546,5.236406804845812,150,0,11,0,0,0.9413341899999068,"{""emission_outside_history"":11}",4782,141,57.84157824000431,1142280192
range-51b9f2571df6b347fd8abb01,400,fixed_background,True,44,fixed_reference_snr,12116302050623080632,2,10.0,6150486506043246942,single_turn,0,all_6_equal_gcc_wls,-3.161246518286431,-1.8059262285039996,-1.8642911038007344,381.82633373912006,470.6892906918844,127,1.0,0.94,128,2,0.10000924099585973,4782,"{""initialization_failed:no_observable_hypothesis"":5,""tentative_initialization_unconfirmed"":4}",True,,True,47.0193125,1.0553124999999994,1988680,False,False,False,81.83264694149348,28.48132334889423,150,0,13,0,0,0.9427522120022331,"{""emission_outside_history"":12,""pre_update_nis_gate"":1}",4782,141,58.494287790999806,1142259712
range-51b9f2571df6b347fd8abb01,400,fixed_background,True,44,fixed_reference_snr,12116302050623080632,2,10.0,6150486506043246942,single_turn,0,equal_weight_srp_phat,-3.161246518286431,-1.8059262285039996,-1.8642911038007344,381.82633373912006,470.6892906918844,127,1.0,0.94,128,2,0.0968843850059784,4782,"{""initialization_failed:no_observable_hypothesis"":5,""tentative_initialization_unconfirmed"":4}",True,,True,47.0193125,1.0553124999999994,1988680,False,False,False,81.5751004008067,28.363408431858197,150,0,13,0,0,1.090903910000634,"{""emission_outside_history"":12,""pre_update_nis_gate"":1}",4782,141,58.494287790999806,1142259712
range-04bf547e2327e560a8161288,400,fixed_background,True,45,fixed_reference_snr,932098837148280395,0,20.0,6150486506043246942,single_turn,0,all_6_equal_gcc_wls,6.833989120270826,8.187034489435963,8.145950324871574,381.82633373912006,470.6892906918844,129,1.0,0.94,128,2,0.09761314500065055,4782,"{""initialization_failed:no_observable_hypothesis"":5,""tentative_initialization_unconfirmed"":4}",True,,True,47.0193125,1.0553124999999994,1988680,True,False,False,5.832678581507956,3.9818012620646095,150,0,11,0,0,0.9846339290015749,"{""emission_outside_history"":11}",4782,141,57.71875849999924,1142116352
range-04bf547e2327e560a8161288,400,fixed_background,True,45,fixed_reference_snr,932098837148280395,0,20.0,6150486506043246942,single_turn,0,equal_weight_srp_phat,6.833989120270826,8.187034489435963,8.145950324871574,381.82633373912006,470.6892906918844,129,1.0,0.94,128,2,0.10012186200037831,4782,"{""initialization_failed:no_observable_hypothesis"":5,""tentative_initialization_unconfirmed"":4}",True,,True,47.0193125,1.0553124999999994,1988680,True,False,False,5.819061444988447,3.983878938727197,150,0,11,0,0,0.9675278360009543,"{""emission_outside_history"":11}",4782,141,57.71875849999924,1142116352
range-338db4e53fb96370993e6f29,400,fixed_background,True,46,fixed_reference_snr,3024926154503037810,1,20.0,6150486506043246942,single_turn,0,all_6_equal_gcc_wls,6.832229026097737,8.194081151415588,8.14620691974945,381.82633373912006,470.6892906918844,129,1.0,0.94,128,2,0.08779264499753481,4782,"{""initialization_failed:no_observable_hypothesis"":5,""tentative_initialization_unconfirmed"":4}",True,,True,47.0193125,1.0553124999999994,1988680,True,False,False,5.569982871203329,3.6481674146847243,150,0,11,0,0,0.9735764489960275,"{""emission_outside_history"":11}",4782,141,57.580833861997235,1141981184
range-338db4e53fb96370993e6f29,400,fixed_background,True,46,fixed_reference_snr,3024926154503037810,1,20.0,6150486506043246942,single_turn,0,equal_weight_srp_phat,6.832229026097737,8.194081151415588,8.14620691974945,381.82633373912006,470.6892906918844,129,1.0,0.94,128,2,0.0829714259962202,4782,"{""initialization_failed:no_observable_hypothesis"":5,""tentative_initialization_unconfirmed"":4}",True,,True,47.0193125,1.0553124999999994,1988680,True,False,False,5.201885774378528,3.611139675363725,150,0,11,0,0,0.9833810049967724,"{""emission_outside_history"":11}",4782,141,57.580833861997235,1141981184
range-1eaa96fb9333d2c433bad8c6,400,fixed_background,True,47,fixed_reference_snr,12116302050623080632,2,20.0,6150486506043246942,single_turn,0,all_6_equal_gcc_wls,6.838753481713569,8.194073771496,8.135708896199263,381.82633373912006,470.6892906918844,129,1.0,0.94,128,2,0.07494962399505312,4782,"{""initialization_failed:no_observable_hypothesis"":5,""tentative_initialization_unconfirmed"":4}",True,,True,47.0193125,1.0553124999999994,1988680,False,False,False,14.847175903769694,6.048779481972488,150,0,11,0,0,0.9634810839997954,"{""emission_outside_history"":11}",4782,141,57.2889802780046,1142210560
range-1eaa96fb9333d2c433bad8c6,400,fixed_background,True,47,fixed_reference_snr,12116302050623080632,2,20.0,6150486506043246942,single_turn,0,equal_weight_srp_phat,6.838753481713569,8.194073771496,8.135708896199263,381.82633373912006,470.6892906918844,129,1.0,0.94,128,2,0.08085913799732225,4782,"{""initialization_failed:no_observable_hypothesis"":5,""tentative_initialization_unconfirmed"":4}",True,,True,47.0193125,1.0553124999999994,1988680,False,False,False,15.054630136464867,6.114762299559279,150,0,11,0,0,0.9196121060012956,"{""emission_outside_history"":11}",4782,141,57.2889802780046,1142210560
range-0ff7a52589362a4553e11659,700,fixed_background,True,48,fixed_reference_snr,932098837148280395,0,0.0,6150486506043246942,single_turn,0,all_6_equal_gcc_wls,-17.554389782785236,-16.736617272036543,-16.747265064529902,679.2921080367804,770.5408679517121,0,0.0,0.0,128,128,244.03099079093226,4782,"{""computational_budget_exceeded"":135,""initialization_failed:no_observable_hypothesis"":15}",False,computational_budget_exceeded,False,,,0,False,False,False,,,150,0,0,0,0,244.0689130220053,{},4782,0,826.8329582439983,1142382592
range-0ff7a52589362a4553e11659,700,fixed_background,True,48,fixed_reference_snr,932098837148280395,0,0.0,6150486506043246942,single_turn,0,equal_weight_srp_phat,-17.554389782785236,-16.736617272036543,-16.747265064529902,679.2921080367804,770.5408679517121,0,0.0,0.0,128,128,526.0806028299776,4782,"{""computational_budget_exceeded"":134,""initialization_failed:no_observable_hypothesis"":16}",False,computational_budget_exceeded,False,,,0,False,False,False,,,150,0,0,0,0,526.1179975280029,{},4782,0,826.8329582439983,1142382592
range-347b4f1cd59e1636e8dba3b1,700,fixed_background,True,49,fixed_reference_snr,3024926154503037810,1,0.0,6150486506043246942,single_turn,0,all_6_equal_gcc_wls,-17.556149876958326,-16.729570610056918,-16.747008469652023,679.2921080367804,770.5408679517121,0,0.0,0.0,128,128,397.853394110949,4782,"{""computational_budget_exceeded"":135,""initialization_failed:no_observable_hypothesis"":15}",False,computational_budget_exceeded,False,,,0,False,False,False,,,150,0,0,0,0,397.8939596609998,{},4782,0,1072.4803747080005,1142128640
range-347b4f1cd59e1636e8dba3b1,700,fixed_background,True,49,fixed_reference_snr,3024926154503037810,1,0.0,6150486506043246942,single_turn,0,equal_weight_srp_phat,-17.556149876958326,-16.729570610056918,-16.747008469652023,679.2921080367804,770.5408679517121,0,0.0,0.0,128,128,617.9340511519767,4782,"{""computational_budget_exceeded"":134,""initialization_failed:no_observable_hypothesis"":16}",False,computational_budget_exceeded,False,,,0,False,False,False,,,150,0,0,0,0,617.973183364993,{},4782,0,1072.4803747080005,1142128640
range-cc1f9abfc53c3b997578741c,700,fixed_background,True,50,fixed_reference_snr,12116302050623080632,2,0.0,6150486506043246942,single_turn,0,all_6_equal_gcc_wls,-17.549625421342494,-16.729577989976505,-16.75750649320221,679.2921080367804,770.5408679517121,0,0.0,0.0,128,128,360.3478308030244,4782,"{""computational_budget_exceeded"":135,""initialization_failed:no_observable_hypothesis"":15}",False,computational_budget_exceeded,False,,,0,False,False,False,,,150,0,0,0,0,360.3848761639965,{},4782,0,693.3608133080052,1142059008
range-cc1f9abfc53c3b997578741c,700,fixed_background,True,50,fixed_reference_snr,12116302050623080632,2,0.0,6150486506043246942,single_turn,0,equal_weight_srp_phat,-17.549625421342494,-16.729577989976505,-16.75750649320221,679.2921080367804,770.5408679517121,0,0.0,0.0,128,128,276.4247434249919,4782,"{""computational_budget_exceeded"":135,""initialization_failed:no_observable_hypothesis"":15}",False,computational_budget_exceeded,False,,,0,False,False,False,,,150,0,0,0,0,276.4623462620002,{},4782,0,693.3608133080052,1142059008
range-46271182c56a3b0bf8bcd319,700,fixed_background,True,51,fixed_reference_snr,932098837148280395,0,10.0,6150486506043246942,single_turn,0,all_6_equal_gcc_wls,-7.554389782785236,-6.736617272036545,-6.747265064529902,679.2921080367804,770.5408679517121,59,0.9105691056910569,0.86,128,9,0.5796920269931434,4782,"{""consistency_lost_reinitialization_required"":1,""initialization_failed:no_observable_hypothesis"":11,""tentative_initialization_unconfirmed"":9}",True,,True,47.0343125,1.0703125,1756560,False,False,False,293.84244714441826,142.69544189152975,150,1,69,1,1,1.2475877830001991,"{""emission_outside_history"":40,""pre_update_nis_gate"":29}",4782,129,58.524674913001945,1141563392
range-46271182c56a3b0bf8bcd319,700,fixed_background,True,51,fixed_reference_snr,932098837148280395,0,10.0,6150486506043246942,single_turn,0,equal_weight_srp_phat,-7.554389782785236,-6.736617272036545,-6.747265064529902,679.2921080367804,770.5408679517121,100,1.0,0.9333333333333333,128,3,0.12076386000262573,4782,"{""initialization_failed:no_observable_hypothesis"":5,""tentative_initialization_unconfirmed"":5}",True,,True,47.0343125,1.0703125,1624200,False,False,False,116.74531410805965,59.56720981825383,150,0,39,0,0,0.7714235989988083,"{""emission_outside_history"":21,""pre_update_nis_gate"":18}",4782,140,58.524674913001945,1141563392
range-5839f4af5f28b69364b364f2,700,fixed_background,True,52,fixed_reference_snr,3024926154503037810,1,10.0,6150486506043246942,single_turn,0,all_6_equal_gcc_wls,-7.556149876958326,-6.729570610056919,-6.747008469652026,679.2921080367804,770.5408679517121,79,0.943089430894309,0.7733333333333333,128,40,2.5449176550027914,4782,"{""initialization_failed:no_observable_hypothesis"":5,""tentative_initialization_unconfirmed"":29}",True,,True,49.76497916666666,3.8009791666666644,1581232,False,False,False,64.90475899246817,25.797593497059157,150,0,36,0,0,3.3195005969973863,"{""emission_outside_history"":19,""pre_update_nis_gate"":17}",4782,116,67.20130223999877,1142038528
range-5839f4af5f28b69364b364f2,700,fixed_background,True,52,fixed_reference_snr,3024926154503037810,1,10.0,6150486506043246942,single_turn,0,equal_weight_srp_phat,-7.556149876958326,-6.729570610056919,-6.747008469652026,679.2921080367804,770.5408679517121,34,0.8861788617886179,0.7266666666666667,128,47,7.000336659999448,4782,"{""initialization_failed:no_observable_hypothesis"":5,""tentative_initialization_unconfirmed"":36}",True,,True,50.46264583333333,4.498645833333335,1847680,False,False,False,247.81778590583627,166.45510313993893,150,0,74,0,0,7.684813362000568,"{""emission_outside_history"":16,""pre_update_nis_gate"":58}",4782,109,67.20130223999877,1142038528
range-cf66c5eae0e228ee702597d7,700,fixed_background,True,53,fixed_reference_snr,12116302050623080632,2,10.0,6150486506043246942,single_turn,0,all_6_equal_gcc_wls,-7.549625421342493,-6.729577989976506,-6.757506493202211,679.2921080367804,770.5408679517121,16,0.6666666666666666,0.6333333333333333,128,48,11.063971117997426,4782,"{""consistency_lost_reinitialization_required"":1,""initialization_failed:no_observable_hypothesis"":10,""tentative_initialization_unconfirmed"":44}",True,,True,47.39064583333333,1.4266458333333318,1296584,False,False,False,1456.8396884481137,743.1041259048708,150,1,78,1,1,11.933334987996204,"{""emission_outside_history"":50,""pre_update_nis_gate"":28}",4782,95,69.45779475200106,1142280192
range-cf66c5eae0e228ee702597d7,700,fixed_background,True,53,fixed_reference_snr,12116302050623080632,2,10.0,6150486506043246942,single_turn,0,equal_weight_srp_phat,-7.549625421342493,-6.729577989976506,-6.757506493202211,679.2921080367804,770.5408679517121,84,1.0,0.9066666666666666,128,7,0.3118839460075833,4782,"{""initialization_failed:no_observable_hypothesis"":5,""tentative_initialization_unconfirmed"":9}",True,,True,47.39064583333333,1.4266458333333318,1624200,False,False,False,1111.3046940757713,475.3900965339462,150,0,51,0,0,0.9200019869967946,"{""emission_outside_history"":32,""pre_update_nis_gate"":19}",4782,136,69.45779475200106,1142280192
range-216729dd9cce622dcf59781d,700,fixed_background,True,54,fixed_reference_snr,932098837148280395,0,20.0,6150486506043246942,single_turn,0,all_6_equal_gcc_wls,2.445610217214764,3.2633827279634557,3.252734935470098,679.2921080367804,770.5408679517121,122,1.0,0.94,128,2,0.09787331599363824,4782,"{""initialization_failed:no_observable_hypothesis"":5,""tentative_initialization_unconfirmed"":4}",True,,True,47.0193125,1.0553124999999994,1581232,False,False,False,30.174583739162593,13.42253011952308,150,0,18,0,0,0.9818125079982565,"{""emission_outside_history"":18}",4782,141,58.03478272400389,1141882880
range-216729dd9cce622dcf59781d,700,fixed_background,True,54,fixed_reference_snr,932098837148280395,0,20.0,6150486506043246942,single_turn,0,equal_weight_srp_phat,2.445610217214764,3.2633827279634557,3.252734935470098,679.2921080367804,770.5408679517121,122,1.0,0.94,128,2,0.09702118200220866,4782,"{""initialization_failed:no_observable_hypothesis"":5,""tentative_initialization_unconfirmed"":4}",True,,True,47.0193125,1.0553124999999994,1581232,False,False,False,28.14998565521341,12.856574009923497,150,0,18,0,0,0.8468258110005991,"{""emission_outside_history"":18}",4782,141,58.03478272400389,1141882880
range-48dbabaac708801ef4dd8525,700,fixed_background,True,55,fixed_reference_snr,3024926154503037810,1,20.0,6150486506043246942,single_turn,0,all_6_equal_gcc_wls,2.443850123041674,3.270429389943081,3.2529915303479746,679.2921080367804,770.5408679517121,122,1.0,0.94,128,2,0.10606596499565057,4782,"{""initialization_failed:no_observable_hypothesis"":5,""tentative_initialization_unconfirmed"":4}",True,,True,47.0193125,1.0553124999999994,1581232,False,False,False,11.75651774285264,9.098590364315235,150,0,18,0,0,0.8591360630016425,"{""emission_outside_history"":18}",4782,141,58.061712294002064,1142059008
range-48dbabaac708801ef4dd8525,700,fixed_background,True,55,fixed_reference_snr,3024926154503037810,1,20.0,6150486506043246942,single_turn,0,equal_weight_srp_phat,2.443850123041674,3.270429389943081,3.2529915303479746,679.2921080367804,770.5408679517121,122,1.0,0.94,128,2,0.0972068249975564,4782,"{""initialization_failed:no_observable_hypothesis"":5,""tentative_initialization_unconfirmed"":4}",True,,True,47.0193125,1.0553124999999994,1581232,False,False,False,12.495531010317912,9.18395774940071,150,0,18,0,0,0.8340937259999919,"{""emission_outside_history"":18}",4782,141,58.061712294002064,1142059008
range-c3cbc786306f4518745c9105,700,fixed_background,True,56,fixed_reference_snr,12116302050623080632,2,20.0,6150486506043246942,single_turn,0,all_6_equal_gcc_wls,2.4503745786575064,3.2704220100234953,3.242493506797788,679.2921080367804,770.5408679517121,119,1.0,0.94,128,2,0.09088754900585627,4782,"{""initialization_failed:no_observable_hypothesis"":5,""tentative_initialization_unconfirmed"":4}",True,,True,47.0193125,1.0553124999999994,1624200,False,False,False,131.60951747880117,51.83245309811133,150,0,21,0,0,0.7482894960048725,"{""emission_outside_history"":21}",4782,141,58.11238899699674,1141841920
range-c3cbc786306f4518745c9105,700,fixed_background,True,56,fixed_reference_snr,12116302050623080632,2,20.0,6150486506043246942,single_turn,0,equal_weight_srp_phat,2.4503745786575064,3.2704220100234953,3.242493506797788,679.2921080367804,770.5408679517121,119,1.0,0.94,128,2,0.09052012299798662,4782,"{""initialization_failed:no_observable_hypothesis"":5,""tentative_initialization_unconfirmed"":4}",True,,True,47.0193125,1.0553124999999994,1624200,False,False,False,134.48559317981426,52.93414883572685,150,0,21,0,0,0.8141813010006445,"{""emission_outside_history"":21}",4782,141,58.11238899699674,1141841920
range-bb0880c45d9a689d6182e8c1,1000,fixed_background,True,57,fixed_reference_snr,932098837148280395,0,0.0,6150486506043246942,single_turn,0,all_6_equal_gcc_wls,-20.454727330876917,-19.874735445550076,-19.87688303013123,978.306774003398,1070.475640740024,0,0.0,0.0,128,128,382.22333382799843,4782,"{""computational_budget_exceeded"":134,""initialization_failed:no_observable_hypothesis"":16}",False,computational_budget_exceeded,False,,,0,False,False,False,,,150,0,0,0,0,382.2610180959964,{},4782,0,723.3422854379969,1142054912
range-bb0880c45d9a689d6182e8c1,1000,fixed_background,True,57,fixed_reference_snr,932098837148280395,0,0.0,6150486506043246942,single_turn,0,equal_weight_srp_phat,-20.454727330876917,-19.874735445550076,-19.87688303013123,978.306774003398,1070.475640740024,0,0.0,0.0,128,128,283.87724133602023,4782,"{""computational_budget_exceeded"":134,""initialization_failed:no_observable_hypothesis"":16}",False,computational_budget_exceeded,False,,,0,False,False,False,,,150,0,0,0,0,283.9142620549974,{},4782,0,723.3422854379969,1142054912
range-9dfe562878f7b34321ca4b5f,1000,fixed_background,True,58,fixed_reference_snr,3024926154503037810,1,0.0,6150486506043246942,single_turn,0,all_6_equal_gcc_wls,-20.45648742505001,-19.867688783570447,-19.876626435253353,978.306774003398,1070.475640740024,0,0.0,0.0,128,128,520.5455939940657,4782,"{""computational_budget_exceeded"":135,""initialization_failed:no_observable_hypothesis"":15}",False,computational_budget_exceeded,False,,,0,False,False,False,,,150,0,0,0,0,520.5844068869992,{},4782,0,1180.5186520999996,1142136832
range-9dfe562878f7b34321ca4b5f,1000,fixed_background,True,58,fixed_reference_snr,3024926154503037810,1,0.0,6150486506043246942,single_turn,0,equal_weight_srp_phat,-20.45648742505001,-19.867688783570447,-19.876626435253353,978.306774003398,1070.475640740024,0,0.0,0.0,128,128,603.1452988220044,4782,"{""computational_budget_exceeded"":135,""initialization_failed:no_observable_hypothesis"":15}",False,computational_budget_exceeded,False,,,0,False,False,False,,,150,0,0,0,0,603.1837050460017,{},4782,0,1180.5186520999996,1142136832
range-455349302a6fff0a7d7cdf53,1000,fixed_background,True,59,fixed_reference_snr,12116302050623080632,2,0.0,6150486506043246942,single_turn,0,all_6_equal_gcc_wls,-20.449962969434175,-19.867696163490034,-19.887124458803537,978.306774003398,1070.475640740024,0,0.0,0.0,128,128,220.26158181401843,4782,"{""computational_budget_exceeded"":135,""initialization_failed:no_observable_hypothesis"":15}",False,computational_budget_exceeded,False,,,0,False,False,False,,,150,0,0,0,0,220.3000364920008,{},4782,0,762.0560259040067,1142190080
range-455349302a6fff0a7d7cdf53,1000,fixed_background,True,59,fixed_reference_snr,12116302050623080632,2,0.0,6150486506043246942,single_turn,0,equal_weight_srp_phat,-20.449962969434175,-19.867696163490034,-19.887124458803537,978.306774003398,1070.475640740024,0,0.0,0.0,128,128,484.8885795820315,4782,"{""computational_budget_exceeded"":135,""initialization_failed:no_observable_hypothesis"":15}",False,computational_budget_exceeded,False,,,0,False,False,False,,,150,0,0,0,0,484.92489658100385,{},4782,0,762.0560259040067,1142190080
range-41691f87ccf283c5542bcb0a,1000,fixed_background,True,60,fixed_reference_snr,932098837148280395,0,10.0,6150486506043246942,single_turn,0,all_6_equal_gcc_wls,-10.45472733087692,-9.874735445550074,-9.876883030131227,978.306774003398,1070.475640740024,0,0.0,0.0,128,128,124.76231170904066,4782,"{""computational_budget_exceeded"":93,""initialization_failed:no_observable_hypothesis"":14,""tentative_initialization_unconfirmed"":43}",False,computational_budget_exceeded,False,,,0,False,False,False,,,150,0,0,0,0,125.00096961099916,{},4782,0,185.8872411869961,1142046720
range-41691f87ccf283c5542bcb0a,1000,fixed_background,True,60,fixed_reference_snr,932098837148280395,0,10.0,6150486506043246942,single_turn,0,equal_weight_srp_phat,-10.45472733087692,-9.874735445550074,-9.876883030131227,978.306774003398,1070.475640740024,27,0.8373983739837398,0.6866666666666666,128,0,0.0,4782,"{""consistency_lost_reinitialization_required"":1,""initialization_failed:no_observable_hypothesis"":11,""tentative_initialization_unconfirmed"":35}",False,initialization_failed:no_observable_hypothesis,False,50.46264583333333,4.498645833333335,1581232,False,False,False,357.5212344351488,292.78598118592055,150,0,76,1,1,3.2550081680019503,"{""emission_outside_history"":19,""pre_update_nis_gate"":57}",4782,103,185.8872411869961,1142046720
range-61aa70fe53f59e5908252f7b,1000,fixed_background,True,61,fixed_reference_snr,3024926154503037810,1,10.0,6150486506043246942,single_turn,0,all_6_equal_gcc_wls,-10.45648742505001,-9.867688783570449,-9.876626435253351,978.306774003398,1070.475640740024,0,0.0,0.0,128,128,86.7346757769119,4782,"{""computational_budget_exceeded"":54,""initialization_failed:no_observable_hypothesis"":6,""tentative_initialization_unconfirmed"":90}",False,computational_budget_exceeded,False,,,0,False,False,False,,,150,0,0,0,0,87.43855203800194,{},4782,0,148.2272099690017,1142202368
range-61aa70fe53f59e5908252f7b,1000,fixed_background,True,61,fixed_reference_snr,3024926154503037810,1,10.0,6150486506043246942,single_turn,0,equal_weight_srp_phat,-10.45648742505001,-9.867688783570449,-9.876626435253351,978.306774003398,1070.475640740024,3,0.8130081300813008,0.6666666666666666,128,3,0.147031608998077,4782,"{""consistency_lost_reinitialization_required"":1,""initialization_failed:no_observable_hypothesis"":11,""tentative_initialization_unconfirmed"":38}",True,,True,50.44764583333333,4.483645833333334,842832,False,False,False,2147.653030885582,1285.2597405835133,150,1,96,1,1,4.033538104005856,"{""emission_outside_history"":90,""pre_update_nis_gate"":6}",4782,100,148.2272099690017,1142202368
range-ec2450f660b25ddf4d23103e,1000,fixed_background,True,62,fixed_reference_snr,12116302050623080632,2,10.0,6150486506043246942,single_turn,0,all_6_equal_gcc_wls,-10.449962969434177,-9.867696163490036,-9.887124458803536,978.306774003398,1070.475640740024,0,0.0,0.0,128,128,628.8778955370071,4782,"{""computational_budget_exceeded"":134,""initialization_failed:no_observable_hypothesis"":16}",False,computational_budget_exceeded,False,,,0,False,False,False,,,150,0,0,0,0,628.9166772850003,{},4782,0,690.0462543339963,1141927936
range-ec2450f660b25ddf4d23103e,1000,fixed_background,True,62,fixed_reference_snr,12116302050623080632,2,10.0,6150486506043246942,single_turn,0,equal_weight_srp_phat,-10.449962969434177,-9.867696163490036,-9.887124458803536,978.306774003398,1070.475640740024,21,0.6178861788617886,0.5066666666666667,128,16,1.142329375987174,4782,"{""consistency_lost_reinitialization_required"":1,""initialization_failed:no_observable_hypothesis"":10,""tentative_initialization_unconfirmed"":63}",False,tentative_initialization_unconfirmed,False,49.779979166666664,3.815979166666665,1258224,False,False,False,126.54724106676511,88.26259507083431,150,0,55,1,1,4.373742555995705,"{""emission_outside_history"":26,""pre_update_nis_gate"":29}",4782,76,690.0462543339963,1141927936
range-d3cb3793e79cee9a9360b11f,1000,fixed_background,True,63,fixed_reference_snr,932098837148280395,0,20.0,6150486506043246942,single_turn,0,all_6_equal_gcc_wls,-0.4547273308769198,0.1252645544499256,0.12311696986877284,978.306774003398,1070.475640740024,113,1.0,0.94,128,8,0.8614852780010551,4782,"{""initialization_failed:no_observable_hypothesis"":6,""tentative_initialization_unconfirmed"":3}",True,,True,47.0193125,1.0553124999999994,1335520,False,False,False,62.17935298684977,36.49108050428974,150,0,27,0,0,1.4442722050007433,"{""emission_outside_history"":27}",4782,141,59.82599651700002,1142075392
range-d3cb3793e79cee9a9360b11f,1000,fixed_background,True,63,fixed_reference_snr,932098837148280395,0,20.0,6150486506043246942,single_turn,0,equal_weight_srp_phat,-0.4547273308769198,0.1252645544499256,0.12311696986877284,978.306774003398,1070.475640740024,113,1.0,0.94,128,8,0.9285459470047499,4782,"{""initialization_failed:no_observable_hypothesis"":6,""tentative_initialization_unconfirmed"":3}",True,,True,47.0193125,1.0553124999999994,1335520,False,False,False,62.60138142597575,36.97410499516488,150,0,27,0,0,1.4976659509993624,"{""emission_outside_history"":27}",4782,141,59.82599651700002,1142075392
range-7a287f3a2331042a01e4f2d9,1000,fixed_background,True,64,fixed_reference_snr,3024926154503037810,1,20.0,6150486506043246942,single_turn,0,all_6_equal_gcc_wls,-0.4564874250500096,0.1323112164295524,0.12337356474664812,978.306774003398,1070.475640740024,116,1.0,0.94,128,2,0.0887913290061988,4782,"{""initialization_failed:no_observable_hypothesis"":5,""tentative_initialization_unconfirmed"":4}",True,,True,47.0193125,1.0553124999999994,1375032,False,False,False,227.49318994955706,91.49616394216892,150,0,24,0,0,0.7777602239948465,"{""emission_outside_history"":24}",4782,141,58.202872628004116,1141780480
range-7a287f3a2331042a01e4f2d9,1000,fixed_background,True,64,fixed_reference_snr,3024926154503037810,1,20.0,6150486506043246942,single_turn,0,equal_weight_srp_phat,-0.4564874250500096,0.1323112164295524,0.12337356474664812,978.306774003398,1070.475640740024,116,1.0,0.94,128,2,0.098866669992276,4782,"{""initialization_failed:no_observable_hypothesis"":5,""tentative_initialization_unconfirmed"":4}",True,,True,47.0193125,1.0553124999999994,1375032,False,False,False,229.63807521058035,92.45779753075249,150,0,24,0,0,0.7599292020022403,"{""emission_outside_history"":24}",4782,141,58.202872628004116,1141780480
range-f5cbae74c621071eeb0024d2,1000,fixed_background,True,65,fixed_reference_snr,12116302050623080632,2,20.0,6150486506043246942,single_turn,0,all_6_equal_gcc_wls,-0.4499629694341766,0.13230383650996466,0.11287554119646184,978.306774003398,1070.475640740024,118,1.0,0.94,128,2,0.11418907500046771,4782,"{""initialization_failed:no_observable_hypothesis"":5,""tentative_initialization_unconfirmed"":4}",True,,True,47.0193125,1.0553124999999994,1415120,False,False,False,320.6242371111435,134.1959606139459,150,0,22,0,0,0.7468240590023925,"{""emission_outside_history"":22}",4782,141,58.29820913700678,1142001664
range-f5cbae74c621071eeb0024d2,1000,fixed_background,True,65,fixed_reference_snr,12116302050623080632,2,20.0,6150486506043246942,single_turn,0,equal_weight_srp_phat,-0.4499629694341766,0.13230383650996466,0.11287554119646184,978.306774003398,1070.475640740024,118,1.0,0.94,128,2,0.1030911239940906,4782,"{""initialization_failed:no_observable_hypothesis"":5,""tentative_initialization_unconfirmed"":4}",True,,True,47.0193125,1.0553124999999994,1415120,False,False,False,324.37181965694026,135.66934806603012,150,0,22,0,0,0.7673501480021514,"{""emission_outside_history"":22}",4782,141,58.29820913700678,1142001664
range-462c48c5a30159e40e51fa68,50,fixed_background,True,66,fixed_reference_snr,10842582477406169521,0,0.0,17044596600568832310,opposite_turns,1,all_6_equal_gcc_wls,-0.7739346740654385,2.569374864266381,2.3414361546610483,67.4605739666029,129.02865597091403,150,1.0,0.9444444444444444,128,2,0.07490881899866508,5097,"{""initialization_failed:no_observable_hypothesis"":5,""tentative_initialization_unconfirmed"":4}",True,,True,41.907312499999996,1.0553124999999994,2337840,True,True,True,0.9563488477898769,0.5050301699400839,162,0,2,0,0,1.2022280669989414,"{""emission_outside_history"":2}",5097,153,63.25498591599899,1209303040
range-462c48c5a30159e40e51fa68,50,fixed_background,True,66,fixed_reference_snr,10842582477406169521,0,0.0,17044596600568832310,opposite_turns,1,equal_weight_srp_phat,-0.7739346740654385,2.569374864266381,2.3414361546610483,67.4605739666029,129.02865597091403,150,1.0,0.9444444444444444,128,2,0.10347722400183557,5097,"{""initialization_failed:no_observable_hypothesis"":5,""tentative_initialization_unconfirmed"":4}",True,,True,41.907312499999996,1.0553124999999994,2337840,True,True,True,0.9536589839913736,0.5052441512750538,162,0,2,0,0,1.2821618810048676,"{""emission_outside_history"":2}",5097,153,63.25498591599899,1209303040
range-2296b74304147cd886704258,50,fixed_background,True,67,fixed_reference_snr,3470246312026027821,1,0.0,17044596600568832310,opposite_turns,1,all_6_equal_gcc_wls,-0.7788046358394138,2.57254059236675,2.3519172703614464,67.4605739666029,129.02865597091403,150,1.0,0.9444444444444444,128,2,0.08809503899828997,5097,"{""initialization_failed:no_observable_hypothesis"":5,""tentative_initialization_unconfirmed"":4}",True,,True,41.907312499999996,1.0553124999999994,2337840,True,True,True,0.9350639423586506,0.5332931408788044,162,0,2,0,0,1.2795701389986789,"{""emission_outside_history"":2}",5097,153,63.47561137700541,1209217024
range-2296b74304147cd886704258,50,fixed_background,True,67,fixed_reference_snr,3470246312026027821,1,0.0,17044596600568832310,opposite_turns,1,equal_weight_srp_phat,-0.7788046358394138,2.57254059236675,2.3519172703614464,67.4605739666029,129.02865597091403,150,1.0,0.9444444444444444,128,2,0.07898560500325402,5097,"{""initialization_failed:no_observable_hypothesis"":5,""tentative_initialization_unconfirmed"":4}",True,,True,41.907312499999996,1.0553124999999994,2337840,True,True,True,0.9427539410344001,0.5331456269155211,162,0,2,0,0,1.2106226560063078,"{""emission_outside_history"":2}",5097,153,63.47561137700541,1209217024
range-b1e95073a131c167537eed71,50,fixed_background,True,68,fixed_reference_snr,17557572451213226943,2,0.0,17044596600568832310,opposite_turns,1,all_6_equal_gcc_wls,-0.7762122705027232,2.572443273615916,2.3461878221984693,67.4605739666029,129.02865597091403,150,1.0,0.9444444444444444,128,2,0.07638257199869258,5097,"{""initialization_failed:no_observable_hypothesis"":5,""tentative_initialization_unconfirmed"":4}",True,,True,41.907312499999996,1.0553124999999994,2337840,True,True,True,1.0367112131752267,0.5343138959241364,162,0,2,0,0,1.266891649000172,"{""emission_outside_history"":2}",5097,153,63.444094851001864,1209450496
range-b1e95073a131c167537eed71,50,fixed_background,True,68,fixed_reference_snr,17557572451213226943,2,0.0,17044596600568832310,opposite_turns,1,equal_weight_srp_phat,-0.7762122705027232,2.572443273615916,2.3461878221984693,67.4605739666029,129.02865597091403,150,1.0,0.9444444444444444,128,2,0.07596656600071583,5097,"{""initialization_failed:no_observable_hypothesis"":5,""tentative_initialization_unconfirmed"":4}",True,,True,41.907312499999996,1.0553124999999994,2337840,True,True,True,1.0464697658730466,0.5356939348193773,162,0,2,0,0,1.2022598589974223,"{""emission_outside_history"":2}",5097,153,63.444094851001864,1209450496
range-63cde01463af66abce126d81,50,fixed_background,True,69,fixed_reference_snr,10842582477406169521,0,10.0,17044596600568832310,opposite_turns,1,all_6_equal_gcc_wls,9.226065325934561,12.569374864266381,12.34143615466105,67.4605739666029,129.02865597091403,150,1.0,0.9444444444444444,128,2,0.07777741699828766,5097,"{""initialization_failed:no_observable_hypothesis"":5,""tentative_initialization_unconfirmed"":4}",True,,True,41.907312499999996,1.0553124999999994,2337840,True,True,True,0.7931085336451599,0.4069121811165569,162,0,2,0,0,1.2305523239992908,"{""emission_outside_history"":2}",5097,153,63.206013178998546,1209339904
range-63cde01463af66abce126d81,50,fixed_background,True,69,fixed_reference_snr,10842582477406169521,0,10.0,17044596600568832310,opposite_turns,1,equal_weight_srp_phat,9.226065325934561,12.569374864266381,12.34143615466105,67.4605739666029,129.02865597091403,150,1.0,0.9444444444444444,128,2,0.06983603700064123,5097,"{""initialization_failed:no_observable_hypothesis"":5,""tentative_initialization_unconfirmed"":4}",True,,True,41.907312499999996,1.0553124999999994,2337840,True,True,True,0.7934505724337593,0.4070147859996627,162,0,2,0,0,1.187294658004248,"{""emission_outside_history"":2}",5097,153,63.206013178998546,1209339904
range-93bc3063a18b21e5e1b7ff15,50,fixed_background,True,70,fixed_reference_snr,3470246312026027821,1,10.0,17044596600568832310,opposite_turns,1,all_6_equal_gcc_wls,9.221195364160586,12.572540592366748,12.351917270361445,67.4605739666029,129.02865597091403,150,1.0,0.9444444444444444,128,2,0.07311816600122256,5097,"{""initialization_failed:no_observable_hypothesis"":5,""tentative_initialization_unconfirmed"":4}",True,,True,41.907312499999996,1.0553124999999994,2337840,True,True,True,0.7811123045927928,0.41092943485288147,162,0,2,0,0,1.2199334469987662,"{""emission_outside_history"":2}",5097,153,63.218199861003086,1209266176
range-93bc3063a18b21e5e1b7ff15,50,fixed_background,True,70,fixed_reference_snr,3470246312026027821,1,10.0,17044596600568832310,opposite_turns,1,equal_weight_srp_phat,9.221195364160586,12.572540592366748,12.351917270361445,67.4605739666029,129.02865597091403,150,1.0,0.9444444444444444,128,2,0.07131507099984447,5097,"{""initialization_failed:no_observable_hypothesis"":5,""tentative_initialization_unconfirmed"":4}",True,,True,41.907312499999996,1.0553124999999994,2337840,True,True,True,0.7785630136138731,0.41046800663477523,162,0,2,0,0,1.2040488589991583,"{""emission_outside_history"":2}",5097,153,63.218199861003086,1209266176
range-00fc4880e44d3fefa8c6bfc6,50,fixed_background,True,71,fixed_reference_snr,17557572451213226943,2,10.0,17044596600568832310,opposite_turns,1,all_6_equal_gcc_wls,9.223787729497277,12.572443273615917,12.34618782219847,67.4605739666029,129.02865597091403,150,1.0,0.9444444444444444,128,2,0.08946865599864395,5097,"{""initialization_failed:no_observable_hypothesis"":5,""tentative_initialization_unconfirmed"":4}",True,,True,41.907312499999996,1.0553124999999994,2337840,True,True,True,0.7506664587065228,0.41917186448131705,162,0,2,0,0,1.3275400559941772,"{""emission_outside_history"":2}",5097,153,63.07988354000554,1209188352
range-00fc4880e44d3fefa8c6bfc6,50,fixed_background,True,71,fixed_reference_snr,17557572451213226943,2,10.0,17044596600568832310,opposite_turns,1,equal_weight_srp_phat,9.223787729497277,12.572443273615917,12.34618782219847,67.4605739666029,129.02865597091403,150,1.0,0.9444444444444444,128,2,0.08811063699249644,5097,"{""initialization_failed:no_observable_hypothesis"":5,""tentative_initialization_unconfirmed"":4}",True,,True,41.907312499999996,1.0553124999999994,2337840,True,True,True,0.7513632362061954,0.4190620138956717,162,0,2,0,0,1.1972678509991965,"{""emission_outside_history"":2}",5097,153,63.07988354000554,1209188352
range-87fea9fcad95aa726c06a57d,50,fixed_background,True,72,fixed_reference_snr,10842582477406169521,0,20.0,17044596600568832310,opposite_turns,1,all_6_equal_gcc_wls,19.22606532593456,22.569374864266383,22.341436154661054,67.4605739666029,129.02865597091403,150,1.0,0.9444444444444444,128,2,0.07233329099835828,5097,"{""initialization_failed:no_observable_hypothesis"":5,""tentative_initialization_unconfirmed"":4}",True,,True,41.907312499999996,1.0553124999999994,2337840,True,True,True,0.7563571983802094,0.403194962932117,162,0,2,0,0,1.14399567500368,"{""emission_outside_history"":2}",5097,153,63.3279369640004,1209176064
range-87fea9fcad95aa726c06a57d,50,fixed_background,True,72,fixed_reference_snr,10842582477406169521,0,20.0,17044596600568832310,opposite_turns,1,equal_weight_srp_phat,19.22606532593456,22.569374864266383,22.341436154661054,67.4605739666029,129.02865597091403,150,1.0,0.9444444444444444,128,2,0.08220055200217757,5097,"{""initialization_failed:no_observable_hypothesis"":5,""tentative_initialization_unconfirmed"":4}",True,,True,41.907312499999996,1.0553124999999994,2337840,True,True,True,0.7557317372505322,0.4028586336200098,162,0,2,0,0,1.238235191005515,"{""emission_outside_history"":2}",5097,153,63.3279369640004,1209176064
range-d114f6671171aaf9f4d0f120,50,fixed_background,True,73,fixed_reference_snr,3470246312026027821,1,20.0,17044596600568832310,opposite_turns,1,all_6_equal_gcc_wls,19.221195364160582,22.572540592366753,22.351917270361447,67.4605739666029,129.02865597091403,150,1.0,0.9444444444444444,128,2,0.08517314000346232,5097,"{""initialization_failed:no_observable_hypothesis"":5,""tentative_initialization_unconfirmed"":4}",True,,True,41.907312499999996,1.0553124999999994,2337840,True,True,True,0.7240325283269249,0.39905925600529013,162,0,2,0,0,1.1736164480025764,"{""emission_outside_history"":2}",5097,153,62.88953341599699,1209184256
range-d114f6671171aaf9f4d0f120,50,fixed_background,True,73,fixed_reference_snr,3470246312026027821,1,20.0,17044596600568832310,opposite_turns,1,equal_weight_srp_phat,19.221195364160582,22.572540592366753,22.351917270361447,67.4605739666029,129.02865597091403,150,1.0,0.9444444444444444,128,2,0.06885700900602387,5097,"{""initialization_failed:no_observable_hypothesis"":5,""tentative_initialization_unconfirmed"":4}",True,,True,41.907312499999996,1.0553124999999994,2337840,True,True,True,0.7228602829386126,0.3985579514295024,162,0,2,0,0,1.1556383120041573,"{""emission_outside_history"":2}",5097,153,62.88953341599699,1209184256
range-73ca2ce1817f0d221967c68e,50,fixed_background,True,74,fixed_reference_snr,17557572451213226943,2,20.0,17044596600568832310,opposite_turns,1,all_6_equal_gcc_wls,19.22378772949728,22.572443273615917,22.34618782219847,67.4605739666029,129.02865597091403,150,1.0,0.9444444444444444,128,2,0.06946682899433654,5097,"{""initialization_failed:no_observable_hypothesis"":5,""tentative_initialization_unconfirmed"":4}",True,,True,41.907312499999996,1.0553124999999994,2337840,True,True,True,0.7328120428240239,0.4054260358981402,162,0,2,0,0,1.229798303997086,"{""emission_outside_history"":2}",5097,153,63.61395939999784,1209384960
range-73ca2ce1817f0d221967c68e,50,fixed_background,True,74,fixed_reference_snr,17557572451213226943,2,20.0,17044596600568832310,opposite_turns,1,equal_weight_srp_phat,19.22378772949728,22.572443273615917,22.34618782219847,67.4605739666029,129.02865597091403,150,1.0,0.9444444444444444,128,2,0.0696003720004228,5097,"{""initialization_failed:no_observable_hypothesis"":5,""tentative_initialization_unconfirmed"":4}",True,,True,41.907312499999996,1.0553124999999994,2337840,True,True,True,0.732596003330846,0.40494627436942593,162,0,2,0,0,1.1575451099997736,"{""emission_outside_history"":2}",5097,153,63.61395939999784,1209384960
range-f0418398b052dc18db08ff45,100,fixed_background,True,75,fixed_reference_snr,10842582477406169521,0,0.0,17044596600568832310,opposite_turns,1,all_6_equal_gcc_wls,-4.045550787939804,-0.7341275916040796,-0.8805841199700193,98.90334548897295,178.81011204002613,148,1.0,0.9444444444444444,128,2,0.07815517199924216,5097,"{""initialization_failed:no_observable_hypothesis"":5,""tentative_initialization_unconfirmed"":4}",True,,True,41.907312499999996,1.0553124999999994,2337840,True,False,True,2.161441226742695,1.064696839420823,162,0,4,0,0,1.1667920079999021,"{""emission_outside_history"":3,""pre_update_nis_gate"":1}",5097,153,63.4289993689963,1209602048
range-f0418398b052dc18db08ff45,100,fixed_background,True,75,fixed_reference_snr,10842582477406169521,0,0.0,17044596600568832310,opposite_turns,1,equal_weight_srp_phat,-4.045550787939804,-0.7341275916040796,-0.8805841199700193,98.90334548897295,178.81011204002613,148,1.0,0.9444444444444444,128,2,0.07148961299390066,5097,"{""initialization_failed:no_observable_hypothesis"":5,""tentative_initialization_unconfirmed"":4}",True,,True,41.907312499999996,1.0553124999999994,2337840,True,False,True,2.1605334439278505,1.0649909795965335,162,0,4,0,0,1.2686140829973738,"{""emission_outside_history"":3,""pre_update_nis_gate"":1}",5097,153,63.4289993689963,1209602048
range-005f728159867defc5d8abfd,100,fixed_background,True,76,fixed_reference_snr,3470246312026027821,1,0.0,17044596600568832310,opposite_turns,1,all_6_equal_gcc_wls,-4.050420749713779,-0.7309618635037123,-0.8701030042696203,98.90334548897295,178.81011204002613,149,1.0,0.9444444444444444,128,2,0.061404814005072694,5097,"{""initialization_failed:no_observable_hypothesis"":5,""tentative_initialization_unconfirmed"":4}",True,,True,41.907312499999996,1.0553124999999994,2337840,True,True,True,1.5017492467075138,0.879105508244554,162,0,3,0,0,1.3502407470004982,"{""emission_outside_history"":3}",5097,153,63.32465301799675,1209061376
range-005f728159867defc5d8abfd,100,fixed_background,True,76,fixed_reference_snr,3470246312026027821,1,0.0,17044596600568832310,opposite_turns,1,equal_weight_srp_phat,-4.050420749713779,-0.7309618635037123,-0.8701030042696203,98.90334548897295,178.81011204002613,149,1.0,0.9444444444444444,128,2,0.06514519899792504,5097,"{""initialization_failed:no_observable_hypothesis"":5,""tentative_initialization_unconfirmed"":4}",True,,True,41.907312499999996,1.0553124999999994,2337840,True,True,True,1.4982710032155033,0.8808294617060688,162,0,3,0,0,1.1779481299963663,"{""emission_outside_history"":3}",5097,153,63.32465301799675,1209061376
range-d5d6588b608d8526ca0138ee,100,fixed_background,True,77,fixed_reference_snr,17557572451213226943,2,0.0,17044596600568832310,opposite_turns,1,all_6_equal_gcc_wls,-4.0478283843770875,-0.7310591822545459,-0.8758324524325978,98.90334548897295,178.81011204002613,148,1.0,0.9444444444444444,128,2,0.08001598899863893,5097,"{""initialization_failed:no_observable_hypothesis"":5,""tentative_initialization_unconfirmed"":4}",True,,True,41.907312499999996,1.0553124999999994,2337840,True,True,True,1.3460887863507287,0.8167845354257318,162,0,4,0,0,1.213106492999941,"{""emission_outside_history"":3,""pre_update_nis_gate"":1}",5097,153,62.83208781299618,1209298944
range-d5d6588b608d8526ca0138ee,100,fixed_background,True,77,fixed_reference_snr,17557572451213226943,2,0.0,17044596600568832310,opposite_turns,1,equal_weight_srp_phat,-4.0478283843770875,-0.7310591822545459,-0.8758324524325978,98.90334548897295,178.81011204002613,148,1.0,0.9444444444444444,128,2,0.07700295699760318,5097,"{""initialization_failed:no_observable_hypothesis"":5,""tentative_initialization_unconfirmed"":4}",True,,True,41.907312499999996,1.0553124999999994,2337840,True,True,True,1.3479079630949373,0.8185515309469127,162,0,4,0,0,1.1669963719978114,"{""emission_outside_history"":3,""pre_update_nis_gate"":1}",5097,153,62.83208781299618,1209298944
range-1c1788dab97dee7b676845db,100,fixed_background,True,78,fixed_reference_snr,10842582477406169521,0,10.0,17044596600568832310,opposite_turns,1,all_6_equal_gcc_wls,5.954449212060196,9.265872408395918,9.119415880029981,98.90334548897295,178.81011204002613,149,1.0,0.9444444444444444,128,2,0.06927846600592602,5097,"{""initialization_failed:no_observable_hypothesis"":5,""tentative_initialization_unconfirmed"":4}",True,,True,41.907312499999996,1.0553124999999994,2337840,True,True,True,1.366216042424497,0.7141136069922006,162,0,3,0,0,1.1275498230024823,"{""emission_outside_history"":3}",5097,153,62.34526033399743,1209221120
range-1c1788dab97dee7b676845db,100,fixed_background,True,78,fixed_reference_snr,10842582477406169521,0,10.0,17044596600568832310,opposite_turns,1,equal_weight_srp_phat,5.954449212060196,9.265872408395918,9.119415880029981,98.90334548897295,178.81011204002613,149,1.0,0.9444444444444444,128,2,0.08297760099958396,5097,"{""initialization_failed:no_observable_hypothesis"":5,""tentative_initialization_unconfirmed"":4}",True,,True,41.907312499999996,1.0553124999999994,2337840,True,True,True,1.368565948144267,0.7133941199764807,162,0,3,0,0,1.2039005010010442,"{""emission_outside_history"":3}",5097,153,62.34526033399743,1209221120
range-8a0f130ed92ef37050e6c1a4,100,fixed_background,True,79,fixed_reference_snr,3470246312026027821,1,10.0,17044596600568832310,opposite_turns,1,all_6_equal_gcc_wls,5.949579250286221,9.269038136496288,9.129896995730379,98.90334548897295,178.81011204002613,149,1.0,0.9444444444444444,128,2,0.07618873800674919,5097,"{""initialization_failed:no_observable_hypothesis"":5,""tentative_initialization_unconfirmed"":4}",True,,True,41.907312499999996,1.0553124999999994,2337840,True,True,True,1.13538553564555,0.6566408557709429,162,0,3,0,0,1.2015463889983948,"{""emission_outside_history"":3}",5097,153,62.87497262800025,1209237504
range-8a0f130ed92ef37050e6c1a4,100,fixed_background,True,79,fixed_reference_snr,3470246312026027821,1,10.0,17044596600568832310,opposite_turns,1,equal_weight_srp_phat,5.949579250286221,9.269038136496288,9.129896995730379,98.90334548897295,178.81011204002613,149,1.0,0.9444444444444444,128,2,0.0923998279904481,5097,"{""initialization_failed:no_observable_hypothesis"":5,""tentative_initialization_unconfirmed"":4}",True,,True,41.907312499999996,1.0553124999999994,2337840,True,True,True,1.1308817347033817,0.6557060325043581,162,0,3,0,0,1.2140950430039084,"{""emission_outside_history"":3}",5097,153,62.87497262800025,1209237504
range-8faa49202ed45253c9c3cbd7,100,fixed_background,True,80,fixed_reference_snr,17557572451213226943,2,10.0,17044596600568832310,opposite_turns,1,all_6_equal_gcc_wls,5.9521716156229125,9.268940817745454,9.124167547567403,98.90334548897295,178.81011204002613,149,1.0,0.9444444444444444,128,2,0.07500255999912042,5097,"{""initialization_failed:no_observable_hypothesis"":5,""tentative_initialization_unconfirmed"":4}",True,,True,41.907312499999996,1.0553124999999994,2337840,True,True,True,1.1784621006289355,0.6631135102818354,162,0,3,0,0,1.4200703340029577,"{""emission_outside_history"":3}",5097,153,63.00951886400435,1209036800
range-8faa49202ed45253c9c3cbd7,100,fixed_background,True,80,fixed_reference_snr,17557572451213226943,2,10.0,17044596600568832310,opposite_turns,1,equal_weight_srp_phat,5.9521716156229125,9.268940817745454,9.124167547567403,98.90334548897295,178.81011204002613,149,1.0,0.9444444444444444,128,2,0.06879964398831362,5097,"{""initialization_failed:no_observable_hypothesis"":5,""tentative_initialization_unconfirmed"":4}",True,,True,41.907312499999996,1.0553124999999994,2337840,True,True,True,1.1726589137766474,0.6631872484760233,162,0,3,0,0,1.2596449850025238,"{""emission_outside_history"":3}",5097,153,63.00951886400435,1209036800
range-60acb981d2fc82f03c7754ba,100,fixed_background,True,81,fixed_reference_snr,10842582477406169521,0,20.0,17044596600568832310,opposite_turns,1,all_6_equal_gcc_wls,15.954449212060196,19.26587240839592,19.119415880029983,98.90334548897295,178.81011204002613,149,1.0,0.9444444444444444,128,2,0.08147510600247188,5097,"{""initialization_failed:no_observable_hypothesis"":5,""tentative_initialization_unconfirmed"":4}",True,,True,41.907312499999996,1.0553124999999994,2337840,True,True,True,1.145939639595737,0.6497822590734137,162,0,3,0,0,1.3104778380002244,"{""emission_outside_history"":3}",5097,153,62.84411452100176,1209352192
range-60acb981d2fc82f03c7754ba,100,fixed_background,True,81,fixed_reference_snr,10842582477406169521,0,20.0,17044596600568832310,opposite_turns,1,equal_weight_srp_phat,15.954449212060196,19.26587240839592,19.119415880029983,98.90334548897295,178.81011204002613,149,1.0,0.9444444444444444,128,2,0.07956390400067903,5097,"{""initialization_failed:no_observable_hypothesis"":5,""tentative_initialization_unconfirmed"":4}",True,,True,41.907312499999996,1.0553124999999994,2337840,True,True,True,1.1449321716525873,0.6489055560547864,162,0,3,0,0,1.2005590769986156,"{""emission_outside_history"":3}",5097,153,62.84411452100176,1209352192
range-3e38c120ca63def7e6d81ae1,100,fixed_background,True,82,fixed_reference_snr,3470246312026027821,1,20.0,17044596600568832310,opposite_turns,1,all_6_equal_gcc_wls,15.949579250286218,19.269038136496288,19.12989699573038,98.90334548897295,178.81011204002613,149,1.0,0.9444444444444444,128,2,0.0728051429905463,5097,"{""initialization_failed:no_observable_hypothesis"":5,""tentative_initialization_unconfirmed"":4}",True,,True,41.907312499999996,1.0553124999999994,2337840,True,True,True,1.0741327957268876,0.6338643189724643,162,0,3,0,0,1.1878414820021135,"{""emission_outside_history"":3}",5097,153,62.86576501799573,1209274368
range-3e38c120ca63def7e6d81ae1,100,fixed_background,True,82,fixed_reference_snr,3470246312026027821,1,20.0,17044596600568832310,opposite_turns,1,equal_weight_srp_phat,15.949579250286218,19.269038136496288,19.12989699573038,98.90334548897295,178.81011204002613,149,1.0,0.9444444444444444,128,2,0.07808102000126382,5097,"{""initialization_failed:no_observable_hypothesis"":5,""tentative_initialization_unconfirmed"":4}",True,,True,41.907312499999996,1.0553124999999994,2337840,True,True,True,1.0720625668461328,0.6329560684016342,162,0,3,0,0,1.1581925930004218,"{""emission_outside_history"":3}",5097,153,62.86576501799573,1209274368
range-bceb557b2c5ce32b59481f98,100,fixed_background,True,83,fixed_reference_snr,17557572451213226943,2,20.0,17044596600568832310,opposite_turns,1,all_6_equal_gcc_wls,15.952171615622909,19.268940817745456,19.124167547567403,98.90334548897295,178.81011204002613,149,1.0,0.9444444444444444,128,2,0.08596296099858591,5097,"{""initialization_failed:no_observable_hypothesis"":5,""tentative_initialization_unconfirmed"":4}",True,,True,41.907312499999996,1.0553124999999994,2337840,True,True,True,1.1243425269204148,0.635210617565488,162,0,3,0,0,1.2290764880017377,"{""emission_outside_history"":3}",5097,153,63.43665563600371,1209270272
range-bceb557b2c5ce32b59481f98,100,fixed_background,True,83,fixed_reference_snr,17557572451213226943,2,20.0,17044596600568832310,opposite_turns,1,equal_weight_srp_phat,15.952171615622909,19.268940817745456,19.124167547567403,98.90334548897295,178.81011204002613,149,1.0,0.9444444444444444,128,2,0.08219198400183814,5097,"{""initialization_failed:no_observable_hypothesis"":5,""tentative_initialization_unconfirmed"":4}",True,,True,41.907312499999996,1.0553124999999994,2337840,True,True,True,1.123447577679212,0.6346381849288871,162,0,3,0,0,1.247127039001498,"{""emission_outside_history"":3}",5097,153,63.43665563600371,1209270272
range-2829c2b725343fd7a277e2b9,200,fixed_background,True,84,fixed_reference_snr,10842582477406169521,0,0.0,17044596600568832310,opposite_turns,1,all_6_equal_gcc_wls,-8.267083717982377,-5.96899906628075,-6.040718766721352,187.7328750824191,278.60795206185435,120,1.0,0.9444444444444444,128,2,0.07790975200623507,5097,"{""initialization_failed:no_observable_hypothesis"":5,""tentative_initialization_unconfirmed"":4}",True,,True,41.907312499999996,1.0553124999999994,2184744,False,False,False,10.165393422311867,4.695721849455193,162,0,32,0,0,1.0192077800020343,"{""emission_outside_history"":6,""pre_update_nis_gate"":26}",5097,153,62.979481822003436,1209221120
range-2829c2b725343fd7a277e2b9,200,fixed_background,True,84,fixed_reference_snr,10842582477406169521,0,0.0,17044596600568832310,opposite_turns,1,equal_weight_srp_phat,-8.267083717982377,-5.96899906628075,-6.040718766721352,187.7328750824191,278.60795206185435,120,1.0,0.9444444444444444,128,2,0.07686470399494283,5097,"{""initialization_failed:no_observable_hypothesis"":5,""tentative_initialization_unconfirmed"":4}",True,,True,41.907312499999996,1.0553124999999994,2184744,False,False,False,10.484096326414749,4.723179617627012,162,0,32,0,0,1.1089546639996115,"{""emission_outside_history"":6,""pre_update_nis_gate"":26}",5097,153,62.979481822003436,1209221120
range-12246db3cb3eb9e39c499a90,200,fixed_background,True,85,fixed_reference_snr,3470246312026027821,1,0.0,17044596600568832310,opposite_turns,1,all_6_equal_gcc_wls,-8.27195367975635,-5.965833338180383,-6.030237651020956,187.7328750824191,278.60795206185435,118,1.0,0.9382716049382716,128,2,0.07856301099673146,5097,"{""initialization_failed:no_observable_hypothesis"":5,""tentative_initialization_unconfirmed"":5}",True,,True,41.9223125,1.0703125,2184744,True,False,False,6.521160709283213,3.9717864452411713,162,0,33,0,0,1.0395847109975875,"{""emission_outside_history"":5,""pre_update_nis_gate"":28}",5097,152,62.91145044599398,1209204736
range-12246db3cb3eb9e39c499a90,200,fixed_background,True,85,fixed_reference_snr,3470246312026027821,1,0.0,17044596600568832310,opposite_turns,1,equal_weight_srp_phat,-8.27195367975635,-5.965833338180383,-6.030237651020956,187.7328750824191,278.60795206185435,120,1.0,0.9382716049382716,128,3,0.12782344399602152,5097,"{""initialization_failed:no_observable_hypothesis"":5,""tentative_initialization_unconfirmed"":5}",True,,True,41.9223125,1.0703125,2184744,True,False,False,6.301113963420118,3.7863729690378074,162,0,31,0,0,1.1068942630008678,"{""emission_outside_history"":5,""pre_update_nis_gate"":26}",5097,152,62.91145044599398,1209204736
range-4f2afa19244ffcf74f96209e,200,fixed_background,True,86,fixed_reference_snr,17557572451213226943,2,0.0,17044596600568832310,opposite_turns,1,all_6_equal_gcc_wls,-8.26936131441966,-5.965930656931217,-6.035967099183932,187.7328750824191,278.60795206185435,74,0.8296296296296296,0.691358024691358,128,4,0.13203434900788125,5097,"{""consistency_lost_reinitialization_required"":1,""initialization_failed:no_observable_hypothesis"":10,""tentative_initialization_unconfirmed"":39}",True,,True,45.32064583333333,4.468645833333333,2184744,False,False,False,13.801280388683095,6.07710707757945,162,1,37,1,1,2.9132765800022753,"{""emission_outside_history"":10,""pre_update_nis_gate"":27}",5097,112,70.97949524300202,1209122816
range-4f2afa19244ffcf74f96209e,200,fixed_background,True,86,fixed_reference_snr,17557572451213226943,2,0.0,17044596600568832310,opposite_turns,1,equal_weight_srp_phat,-8.26936131441966,-5.965930656931217,-6.035967099183932,187.7328750824191,278.60795206185435,9,0.35555555555555557,0.2962962962962963,128,43,1.7350520580075681,5097,"{""consistency_lost_reinitialization_required"":2,""initialization_failed:no_observable_hypothesis"":15,""tentative_initialization_unconfirmed"":97}",True,,True,45.32064583333333,4.468645833333333,396344,False,False,False,12.238928273374889,7.332258461218786,162,2,38,2,2,6.585030736998306,"{""emission_outside_history"":18,""pre_update_nis_gate"":20}",5097,48,70.97949524300202,1209122816
range-dc52d4550329e38117b3e77f,200,fixed_background,True,87,fixed_reference_snr,10842582477406169521,0,10.0,17044596600568832310,opposite_turns,1,all_6_equal_gcc_wls,1.732916282017623,4.031000933719248,3.959281233278648,187.7328750824191,278.60795206185435,146,1.0,0.9444444444444444,128,2,0.08960454999760259,5097,"{""initialization_failed:no_observable_hypothesis"":5,""tentative_initialization_unconfirmed"":4}",True,,True,41.907312499999996,1.0553124999999994,2184744,True,False,True,2.6404709910100954,1.5823472831943208,162,0,6,0,0,1.1557432240006165,"{""emission_outside_history"":6}",5097,153,63.30523388500296,1209253888
range-dc52d4550329e38117b3e77f,200,fixed_background,True,87,fixed_reference_snr,10842582477406169521,0,10.0,17044596600568832310,opposite_turns,1,equal_weight_srp_phat,1.732916282017623,4.031000933719248,3.959281233278648,187.7328750824191,278.60795206185435,146,1.0,0.9444444444444444,128,2,0.10983402400597697,5097,"{""initialization_failed:no_observable_hypothesis"":5,""tentative_initialization_unconfirmed"":4}",True,,True,41.907312499999996,1.0553124999999994,2184744,True,False,True,2.6367291506175006,1.5835036580310908,162,0,6,0,0,1.1353058400054579,"{""emission_outside_history"":6}",5097,153,63.30523388500296,1209253888
range-7c87a6bf8538718c6c20b33b,200,fixed_background,True,88,fixed_reference_snr,3470246312026027821,1,10.0,17044596600568832310,opposite_turns,1,all_6_equal_gcc_wls,1.728046320243649,4.034166661819618,3.969762348979045,187.7328750824191,278.60795206185435,146,1.0,0.9444444444444444,128,2,0.0730462979990989,5097,"{""initialization_failed:no_observable_hypothesis"":5,""tentative_initialization_unconfirmed"":4}",True,,True,41.907312499999996,1.0553124999999994,2184744,True,False,True,2.6278595434337078,1.5890435682542805,162,0,6,0,0,1.1740809100010665,"{""emission_outside_history"":6}",5097,153,62.714791850994516,1209319424
range-7c87a6bf8538718c6c20b33b,200,fixed_background,True,88,fixed_reference_snr,3470246312026027821,1,10.0,17044596600568832310,opposite_turns,1,equal_weight_srp_phat,1.728046320243649,4.034166661819618,3.969762348979045,187.7328750824191,278.60795206185435,146,1.0,0.9444444444444444,128,2,0.07747708501119632,5097,"{""initialization_failed:no_observable_hypothesis"":5,""tentative_initialization_unconfirmed"":4}",True,,True,41.907312499999996,1.0553124999999994,2184744,True,False,True,2.6284421788863783,1.5894554314628824,162,0,6,0,0,1.1204792189964792,"{""emission_outside_history"":6}",5097,153,62.714791850994516,1209319424
range-383211d6303c5e9d7060970f,200,fixed_background,True,89,fixed_reference_snr,17557572451213226943,2,10.0,17044596600568832310,opposite_turns,1,all_6_equal_gcc_wls,1.73063868558034,4.034069343068783,3.964032900816068,187.7328750824191,278.60795206185435,146,1.0,0.9444444444444444,128,2,0.09294202199816937,5097,"{""initialization_failed:no_observable_hypothesis"":5,""tentative_initialization_unconfirmed"":4}",True,,True,41.907312499999996,1.0553124999999994,2184744,True,False,True,2.7901306327505817,1.6241782565074891,162,0,6,0,0,1.172444796000491,"{""emission_outside_history"":6}",5097,153,63.4436429960042,1209274368
range-383211d6303c5e9d7060970f,200,fixed_background,True,89,fixed_reference_snr,17557572451213226943,2,10.0,17044596600568832310,opposite_turns,1,equal_weight_srp_phat,1.73063868558034,4.034069343068783,3.964032900816068,187.7328750824191,278.60795206185435,146,1.0,0.9444444444444444,128,2,0.09573745799571043,5097,"{""initialization_failed:no_observable_hypothesis"":5,""tentative_initialization_unconfirmed"":4}",True,,True,41.907312499999996,1.0553124999999994,2184744,True,False,True,2.8033897109454666,1.6280992022556473,162,0,6,0,0,1.1809257730055833,"{""emission_outside_history"":6}",5097,153,63.4436429960042,1209274368
range-d92527dbe7fbe5f38c029024,200,fixed_background,True,90,fixed_reference_snr,10842582477406169521,0,20.0,17044596600568832310,opposite_turns,1,all_6_equal_gcc_wls,11.732916282017623,14.031000933719248,13.959281233278649,187.7328750824191,278.60795206185435,146,1.0,0.9444444444444444,128,2,0.06694380300177727,5097,"{""initialization_failed:no_observable_hypothesis"":5,""tentative_initialization_unconfirmed"":4}",True,,True,41.907312499999996,1.0553124999999994,2184744,True,False,True,2.094081386689197,1.283459033616082,162,0,6,0,0,1.085347203996207,"{""emission_outside_history"":6}",5097,153,62.9570739960036,1209593856
range-d92527dbe7fbe5f38c029024,200,fixed_background,True,90,fixed_reference_snr,10842582477406169521,0,20.0,17044596600568832310,opposite_turns,1,equal_weight_srp_phat,11.732916282017623,14.031000933719248,13.959281233278649,187.7328750824191,278.60795206185435,146,1.0,0.9444444444444444,128,2,0.08091448100458365,5097,"{""initialization_failed:no_observable_hypothesis"":5,""tentative_initialization_unconfirmed"":4}",True,,True,41.907312499999996,1.0553124999999994,2184744,True,False,True,2.101837691544786,1.2826803494622878,162,0,6,0,0,1.1489428600034444,"{""emission_outside_history"":6}",5097,153,62.9570739960036,1209593856
range-5045a7a7ae5797c08bbe6040,200,fixed_background,True,91,fixed_reference_snr,3470246312026027821,1,20.0,17044596600568832310,opposite_turns,1,all_6_equal_gcc_wls,11.728046320243646,14.034166661819619,13.969762348979044,187.7328750824191,278.60795206185435,146,1.0,0.9444444444444444,128,2,0.08553561199369142,5097,"{""initialization_failed:no_observable_hypothesis"":5,""tentative_initialization_unconfirmed"":4}",True,,True,41.907312499999996,1.0553124999999994,2184744,True,False,True,2.187275538137363,1.3049007387141984,162,0,6,0,0,1.148744603000523,"{""emission_outside_history"":6}",5097,153,63.08618592900166,1209176064
range-5045a7a7ae5797c08bbe6040,200,fixed_background,True,91,fixed_reference_snr,3470246312026027821,1,20.0,17044596600568832310,opposite_turns,1,equal_weight_srp_phat,11.728046320243646,14.034166661819619,13.969762348979044,187.7328750824191,278.60795206185435,146,1.0,0.9444444444444444,128,2,0.08004788100515725,5097,"{""initialization_failed:no_observable_hypothesis"":5,""tentative_initialization_unconfirmed"":4}",True,,True,41.907312499999996,1.0553124999999994,2184744,True,False,True,2.1822392282676035,1.3043744491603255,162,0,6,0,0,1.3321126619994175,"{""emission_outside_history"":6}",5097,153,63.08618592900166,1209176064
range-1f964fed6c7da76e33e6f782,200,fixed_background,True,92,fixed_reference_snr,17557572451213226943,2,20.0,17044596600568832310,opposite_turns,1,all_6_equal_gcc_wls,11.730638685580338,14.034069343068785,13.964032900816068,187.7328750824191,278.60795206185435,146,1.0,0.9444444444444444,128,2,0.08684542900300585,5097,"{""initialization_failed:no_observable_hypothesis"":5,""tentative_initialization_unconfirmed"":4}",True,,True,41.907312499999996,1.0553124999999994,2184744,True,False,True,2.1610651365997917,1.3143470292077521,162,0,6,0,0,1.2156992829986848,"{""emission_outside_history"":6}",5097,153,63.07069321900053,1209430016
range-1f964fed6c7da76e33e6f782,200,fixed_background,True,92,fixed_reference_snr,17557572451213226943,2,20.0,17044596600568832310,opposite_turns,1,equal_weight_srp_phat,11.730638685580338,14.034069343068785,13.964032900816068,187.7328750824191,278.60795206185435,146,1.0,0.9444444444444444,128,2,0.08367135399748804,5097,"{""initialization_failed:no_observable_hypothesis"":5,""tentative_initialization_unconfirmed"":4}",True,,True,41.907312499999996,1.0553124999999994,2184744,True,False,True,2.1590917720064264,1.3143240210172864,162,0,6,0,0,1.1128367080018506,"{""emission_outside_history"":6}",5097,153,63.07069321900053,1209430016
range-8b59884adf3d72c0c2a2fe6c,400,fixed_background,True,93,fixed_reference_snr,10842582477406169521,0,0.0,17044596600568832310,opposite_turns,1,all_6_equal_gcc_wls,-13.219260351505575,-11.887450519041508,-11.92102087174451,381.8399191642702,478.4569645459752,0,0.0,0.0,128,128,91.04311903598864,5097,"{""computational_budget_exceeded"":147,""initialization_failed:no_observable_hypothesis"":15}",False,computational_budget_exceeded,False,,,0,False,False,False,,,162,0,0,0,0,91.08129584999551,{},5097,0,225.95566120899457,1208864768
range-8b59884adf3d72c0c2a2fe6c,400,fixed_background,True,93,fixed_reference_snr,10842582477406169521,0,0.0,17044596600568832310,opposite_turns,1,equal_weight_srp_phat,-13.219260351505575,-11.887450519041508,-11.92102087174451,381.8399191642702,478.4569645459752,1,0.25925925925925924,0.21604938271604937,128,94,18.37759396700858,5097,"{""consistency_lost_reinitialization_required"":1,""initialization_failed:no_observable_hypothesis"":11,""tentative_initialization_unconfirmed"":115}",True,,True,46.00331249999999,5.151312499999996,440232,False,False,False,70.7286456723584,44.354110895725235,162,1,33,1,1,73.49051917599718,"{""emission_outside_history"":24,""pre_update_nis_gate"":9}",5097,35,225.95566120899457,1208864768
range-1817e91886a0b30136ed1d15,400,fixed_background,True,94,fixed_reference_snr,3470246312026027821,1,0.0,17044596600568832310,opposite_turns,1,all_6_equal_gcc_wls,-13.224130313279549,-11.884284790941138,-11.910539756044114,381.8399191642702,478.4569645459752,0,0.0,0.0,128,128,675.8515003600842,5097,"{""computational_budget_exceeded"":147,""initialization_failed:no_observable_hypothesis"":15}",False,computational_budget_exceeded,False,,,0,False,False,False,,,162,0,0,0,0,675.8926118099989,{},5097,0,785.7994650750043,1209143296
range-1817e91886a0b30136ed1d15,400,fixed_background,True,94,fixed_reference_snr,3470246312026027821,1,0.0,17044596600568832310,opposite_turns,1,equal_weight_srp_phat,-13.224130313279549,-11.884284790941138,-11.910539756044114,381.8399191642702,478.4569645459752,0,0.0,0.0,128,128,47.61474492200068,5097,"{""computational_budget_exceeded"":19,""initialization_failed:no_observable_hypothesis"":6,""tentative_initialization_unconfirmed"":137}",False,computational_budget_exceeded,False,,,0,False,False,False,,,162,0,0,0,0,49.087299357997836,{},5097,0,785.7994650750043,1209143296
range-839dce752c29c0758e25957b,400,fixed_background,True,95,fixed_reference_snr,17557572451213226943,2,0.0,17044596600568832310,opposite_turns,1,all_6_equal_gcc_wls,-13.221537947942858,-11.884382109691972,-11.91626920420709,381.8399191642702,478.4569645459752,0,0.0,0.0,128,128,154.31144135299837,5097,"{""computational_budget_exceeded"":147,""initialization_failed:no_observable_hypothesis"":15}",False,computational_budget_exceeded,False,,,0,False,False,False,,,162,0,0,0,0,154.35118694099947,{},5097,0,457.2340276729956,1209176064
range-839dce752c29c0758e25957b,400,fixed_background,True,95,fixed_reference_snr,17557572451213226943,2,0.0,17044596600568832310,opposite_turns,1,equal_weight_srp_phat,-13.221537947942858,-11.884382109691972,-11.91626920420709,381.8399191642702,478.4569645459752,0,0.11851851851851852,0.09876543209876543,128,128,212.6200846249776,5097,"{""computational_budget_exceeded"":8,""consistency_lost_reinitialization_required"":1,""initialization_failed:no_observable_hypothesis"":14,""tentative_initialization_unconfirmed"":123}",False,computational_budget_exceeded,False,47.057312499999995,6.205312499999998,243832,False,False,False,40.226221752194476,36.34064350212442,162,0,16,1,1,241.27591754799505,"{""emission_outside_history"":10,""pre_update_nis_gate"":6}",5097,16,457.2340276729956,1209176064
range-d2f367468b7fbbd993961233,400,fixed_background,True,96,fixed_reference_snr,10842582477406169521,0,10.0,17044596600568832310,opposite_turns,1,all_6_equal_gcc_wls,-3.2192603515055733,-1.887450519041507,-1.9210208717445099,381.8399191642702,478.4569645459752,140,1.0,0.9444444444444444,128,2,0.09369363299629185,5097,"{""initialization_failed:no_observable_hypothesis"":5,""tentative_initialization_unconfirmed"":4}",True,,True,41.907312499999996,1.0553124999999994,1988680,False,False,False,26.649541959017327,10.125206461004261,162,0,12,0,0,1.045687302997976,"{""emission_outside_history"":12}",5097,153,63.391514199000085,1209270272
range-d2f367468b7fbbd993961233,400,fixed_background,True,96,fixed_reference_snr,10842582477406169521,0,10.0,17044596600568832310,opposite_turns,1,equal_weight_srp_phat,-3.2192603515055733,-1.887450519041507,-1.9210208717445099,381.8399191642702,478.4569645459752,140,1.0,0.9444444444444444,128,2,0.08360937500401633,5097,"{""initialization_failed:no_observable_hypothesis"":5,""tentative_initialization_unconfirmed"":4}",True,,True,41.907312499999996,1.0553124999999994,1988680,False,False,False,25.05654271216324,9.653604208306016,162,0,12,0,0,1.0506624940026086,"{""emission_outside_history"":12}",5097,153,63.391514199000085,1209270272
range-a5c35b5a1858d82f79a4c6f7,400,fixed_background,True,97,fixed_reference_snr,3470246312026027821,1,10.0,17044596600568832310,opposite_turns,1,all_6_equal_gcc_wls,-3.224130313279549,-1.8842847909411378,-1.910539756044113,381.8399191642702,478.4569645459752,139,1.0,0.9444444444444444,128,2,0.08511786199233029,5097,"{""initialization_failed:no_observable_hypothesis"":5,""tentative_initialization_unconfirmed"":4}",True,,True,41.907312499999996,1.0553124999999994,1988680,False,False,False,54.2385380025815,19.771104665916198,162,0,13,0,0,0.990250274000573,"{""emission_outside_history"":12,""pre_update_nis_gate"":1}",5097,153,63.25587993100635,1209126912
range-a5c35b5a1858d82f79a4c6f7,400,fixed_background,True,97,fixed_reference_snr,3470246312026027821,1,10.0,17044596600568832310,opposite_turns,1,equal_weight_srp_phat,-3.224130313279549,-1.8842847909411378,-1.910539756044113,381.8399191642702,478.4569645459752,139,1.0,0.9444444444444444,128,2,0.07528866099892184,5097,"{""initialization_failed:no_observable_hypothesis"":5,""tentative_initialization_unconfirmed"":4}",True,,True,41.907312499999996,1.0553124999999994,1988680,False,False,False,51.91061440311362,19.08954932157512,162,0,13,0,0,1.3155851760020596,"{""emission_outside_history"":12,""pre_update_nis_gate"":1}",5097,153,63.25587993100635,1209126912
range-3f26e540fc31ba7d6b68d6a7,400,fixed_background,True,98,fixed_reference_snr,17557572451213226943,2,10.0,17044596600568832310,opposite_turns,1,all_6_equal_gcc_wls,-3.221537947942857,-1.8843821096919724,-1.9162692042070903,381.8399191642702,478.4569645459752,141,1.0,0.9444444444444444,128,2,0.07414852600049926,5097,"{""initialization_failed:no_observable_hypothesis"":5,""tentative_initialization_unconfirmed"":4}",True,,True,41.907312499999996,1.0553124999999994,1988680,False,False,False,18.6435662798762,8.362783836513739,162,0,11,0,0,1.2078372260002652,"{""emission_outside_history"":11}",5097,153,63.08708484900126,1209573376
range-3f26e540fc31ba7d6b68d6a7,400,fixed_background,True,98,fixed_reference_snr,17557572451213226943,2,10.0,17044596600568832310,opposite_turns,1,equal_weight_srp_phat,-3.221537947942857,-1.8843821096919724,-1.9162692042070903,381.8399191642702,478.4569645459752,141,1.0,0.9444444444444444,128,2,0.1035276770053315,5097,"{""initialization_failed:no_observable_hypothesis"":5,""tentative_initialization_unconfirmed"":4}",True,,True,41.907312499999996,1.0553124999999994,1988680,False,False,False,12.765906866403832,8.922438392729973,162,0,11,0,0,1.0614520789968083,"{""emission_outside_history"":11}",5097,153,63.08708484900126,1209573376
range-e954ee650a590e68b8812793,400,fixed_background,True,99,fixed_reference_snr,10842582477406169521,0,20.0,17044596600568832310,opposite_turns,1,all_6_equal_gcc_wls,6.780739648494425,8.112549480958496,8.078979128255492,381.8399191642702,478.4569645459752,141,1.0,0.9444444444444444,128,2,0.08574625699839089,5097,"{""initialization_failed:no_observable_hypothesis"":5,""tentative_initialization_unconfirmed"":4}",True,,True,41.907312499999996,1.0553124999999994,1988680,True,False,False,9.792603503177011,4.570014631229383,162,0,11,0,0,1.0652912890000152,"{""emission_outside_history"":11}",5097,153,62.494597915996565,1209430016
range-e954ee650a590e68b8812793,400,fixed_background,True,99,fixed_reference_snr,10842582477406169521,0,20.0,17044596600568832310,opposite_turns,1,equal_weight_srp_phat,6.780739648494425,8.112549480958496,8.078979128255492,381.8399191642702,478.4569645459752,141,1.0,0.9444444444444444,128,2,0.06869810898933792,5097,"{""initialization_failed:no_observable_hypothesis"":5,""tentative_initialization_unconfirmed"":4}",True,,True,41.907312499999996,1.0553124999999994,1988680,True,False,False,9.919385734897494,4.604005450172467,162,0,11,0,0,1.038596263002546,"{""emission_outside_history"":11}",5097,153,62.494597915996565,1209430016
range-87554f7a07871f1a893d1324,400,fixed_background,True,100,fixed_reference_snr,3470246312026027821,1,20.0,17044596600568832310,opposite_turns,1,all_6_equal_gcc_wls,6.77586968672045,8.115715209058862,8.089460243955887,381.8399191642702,478.4569645459752,141,1.0,0.9444444444444444,128,2,0.09137507699779235,5097,"{""initialization_failed:no_observable_hypothesis"":5,""tentative_initialization_unconfirmed"":4}",True,,True,41.907312499999996,1.0553124999999994,1988680,False,False,False,16.85129871166211,6.397914790810381,162,0,11,0,0,1.0409453460015357,"{""emission_outside_history"":11}",5097,153,62.76459499900375,1209491456
range-87554f7a07871f1a893d1324,400,fixed_background,True,100,fixed_reference_snr,3470246312026027821,1,20.0,17044596600568832310,opposite_turns,1,equal_weight_srp_phat,6.77586968672045,8.115715209058862,8.089460243955887,381.8399191642702,478.4569645459752,141,1.0,0.9444444444444444,128,2,0.08388921699952334,5097,"{""initialization_failed:no_observable_hypothesis"":5,""tentative_initialization_unconfirmed"":4}",True,,True,41.907312499999996,1.0553124999999994,1988680,False,False,False,16.91895245861789,6.40797934130354,162,0,11,0,0,1.06473492099758,"{""emission_outside_history"":11}",5097,153,62.76459499900375,1209491456
range-d3ed5fe843aaa72fa189b5aa,400,fixed_background,True,101,fixed_reference_snr,17557572451213226943,2,20.0,17044596600568832310,opposite_turns,1,all_6_equal_gcc_wls,6.77846205205714,8.115617890308028,8.08373079579291,381.8399191642702,478.4569645459752,141,1.0,0.9444444444444444,128,2,0.09106650199828437,5097,"{""initialization_failed:no_observable_hypothesis"":5,""tentative_initialization_unconfirmed"":4}",True,,True,41.907312499999996,1.0553124999999994,1988680,False,False,False,12.849155976788655,5.247685352277612,162,0,11,0,0,1.0497022830022615,"{""emission_outside_history"":11}",5097,153,62.74668035099603,1209217024
range-d3ed5fe843aaa72fa189b5aa,400,fixed_background,True,101,fixed_reference_snr,17557572451213226943,2,20.0,17044596600568832310,opposite_turns,1,equal_weight_srp_phat,6.77846205205714,8.115617890308028,8.08373079579291,381.8399191642702,478.4569645459752,141,1.0,0.9444444444444444,128,2,0.0987611430027755,5097,"{""initialization_failed:no_observable_hypothesis"":5,""tentative_initialization_unconfirmed"":4}",True,,True,41.907312499999996,1.0553124999999994,1988680,False,False,False,12.862001467968309,5.254169131859272,162,0,11,0,0,1.078771348002192,"{""emission_outside_history"":11}",5097,153,62.74668035099603,1209217024
range-fb8cb90de87d5f09823caa9a,700,fixed_background,True,102,fixed_reference_snr,10842582477406169521,0,0.0,17044596600568832310,opposite_turns,1,all_6_equal_gcc_wls,-17.581098248076763,-16.772117895974244,-16.791352345183736,679.3067668105298,778.3759312976575,0,0.0,0.0,128,128,464.2310365010708,5097,"{""computational_budget_exceeded"":146,""initialization_failed:no_observable_hypothesis"":16}",False,computational_budget_exceeded,False,,,0,False,False,False,,,162,0,0,0,0,464.27177316899906,{},5097,0,1309.3921649339973,1209425920
range-fb8cb90de87d5f09823caa9a,700,fixed_background,True,102,fixed_reference_snr,10842582477406169521,0,0.0,17044596600568832310,opposite_turns,1,equal_weight_srp_phat,-17.581098248076763,-16.772117895974244,-16.791352345183736,679.3067668105298,778.3759312976575,0,0.0,0.0,128,128,783.0114835360291,5097,"{""computational_budget_exceeded"":146,""initialization_failed:no_observable_hypothesis"":16}",False,computational_budget_exceeded,False,,,0,False,False,False,,,162,0,0,0,0,783.0532713120047,{},5097,0,1309.3921649339973,1209425920
range-5936de98577cf2f0dbfca7e5,700,fixed_background,True,103,fixed_reference_snr,3470246312026027821,1,0.0,17044596600568832310,opposite_turns,1,all_6_equal_gcc_wls,-17.58596820985074,-16.768952167873877,-16.780871229483335,679.3067668105298,778.3759312976575,0,0.0,0.0,128,128,496.31643153699406,5097,"{""computational_budget_exceeded"":147,""initialization_failed:no_observable_hypothesis"":15}",False,computational_budget_exceeded,False,,,0,False,False,False,,,162,0,0,0,0,496.3548759309997,{},5097,0,831.1706337810028,1209339904
range-5936de98577cf2f0dbfca7e5,700,fixed_background,True,103,fixed_reference_snr,3470246312026027821,1,0.0,17044596600568832310,opposite_turns,1,equal_weight_srp_phat,-17.58596820985074,-16.768952167873877,-16.780871229483335,679.3067668105298,778.3759312976575,0,0.0,0.0,128,128,273.4317143579465,5097,"{""computational_budget_exceeded"":147,""initialization_failed:no_observable_hypothesis"":15}",False,computational_budget_exceeded,False,,,0,False,False,False,,,162,0,0,0,0,273.46791471699544,{},5097,0,831.1706337810028,1209339904
range-6bb10e109e17559e66c4810c,700,fixed_background,True,104,fixed_reference_snr,17557572451213226943,2,0.0,17044596600568832310,opposite_turns,1,all_6_equal_gcc_wls,-17.58337584451405,-16.76904948662471,-16.786600677646312,679.3067668105298,778.3759312976575,0,0.0,0.0,128,128,170.29995097695792,5097,"{""computational_budget_exceeded"":146,""initialization_failed:no_observable_hypothesis"":16}",False,computational_budget_exceeded,False,,,0,False,False,False,,,162,0,0,0,0,170.33759284199914,{},5097,0,710.3666495799989,1209434112
range-6bb10e109e17559e66c4810c,700,fixed_background,True,104,fixed_reference_snr,17557572451213226943,2,0.0,17044596600568832310,opposite_turns,1,equal_weight_srp_phat,-17.58337584451405,-16.76904948662471,-16.786600677646312,679.3067668105298,778.3759312976575,0,0.0,0.0,128,128,478.46984773501754,5097,"{""computational_budget_exceeded"":147,""initialization_failed:no_observable_hypothesis"":15}",False,computational_budget_exceeded,False,,,0,False,False,False,,,162,0,0,0,0,478.50905849199626,{},5097,0,710.3666495799989,1209434112
range-82e21aeb73f9c436fd38d158,700,fixed_background,True,105,fixed_reference_snr,10842582477406169521,0,10.0,17044596600568832310,opposite_turns,1,all_6_equal_gcc_wls,-7.5810982480767635,-6.772117895974245,-6.791352345183733,679.3067668105298,778.3759312976575,110,1.0,0.9444444444444444,128,2,0.08069918199907988,5097,"{""initialization_failed:no_observable_hypothesis"":5,""tentative_initialization_unconfirmed"":4}",True,,True,41.907312499999996,1.0553124999999994,1711864,False,False,False,133.7739105321673,54.9248635988961,162,0,42,0,0,0.8853689250026946,"{""emission_outside_history"":21,""pre_update_nis_gate"":21}",5097,153,62.2907768100049,1209294848
range-82e21aeb73f9c436fd38d158,700,fixed_background,True,105,fixed_reference_snr,10842582477406169521,0,10.0,17044596600568832310,opposite_turns,1,equal_weight_srp_phat,-7.5810982480767635,-6.772117895974245,-6.791352345183733,679.3067668105298,778.3759312976575,64,0.9333333333333333,0.8765432098765432,128,2,0.10835630101064453,5097,"{""consistency_lost_reinitialization_required"":1,""initialization_failed:no_observable_hypothesis"":10,""tentative_initialization_unconfirmed"":9}",True,,True,41.9373125,1.0853125000000006,1624200,False,False,False,680.0124108073443,346.2963065575744,162,1,77,1,1,0.7850509519994375,"{""emission_outside_history"":49,""pre_update_nis_gate"":28}",5097,142,62.2907768100049,1209294848
range-68ccb81957c249127ce75b38,700,fixed_background,True,106,fixed_reference_snr,3470246312026027821,1,10.0,17044596600568832310,opposite_turns,1,all_6_equal_gcc_wls,-7.58596820985074,-6.768952167873876,-6.780871229483337,679.3067668105298,778.3759312976575,107,1.0,0.9259259259259259,128,5,0.18864279699482722,5097,"{""initialization_failed:no_observable_hypothesis"":5,""tentative_initialization_unconfirmed"":7}",True,,True,42.24864583333333,1.3966458333333307,1711864,False,False,False,186.20301476352284,73.43985692020162,162,0,42,0,0,0.8172656640017522,"{""emission_outside_history"":21,""pre_update_nis_gate"":21}",5097,150,61.805871156997455,1209413632
range-68ccb81957c249127ce75b38,700,fixed_background,True,106,fixed_reference_snr,3470246312026027821,1,10.0,17044596600568832310,opposite_turns,1,equal_weight_srp_phat,-7.58596820985074,-6.768952167873876,-6.780871229483337,679.3067668105298,778.3759312976575,112,1.0,0.9320987654320988,128,4,0.14511964499979513,5097,"{""initialization_failed:no_observable_hypothesis"":5,""tentative_initialization_unconfirmed"":6}",True,,True,41.9373125,1.0853125000000006,1624200,False,False,False,89.9692161691099,65.72507543475542,162,0,38,0,0,0.8861726199975237,"{""emission_outside_history"":20,""pre_update_nis_gate"":18}",5097,151,61.805871156997455,1209413632
range-cd173ef493512b7b8ac21b63,700,fixed_background,True,107,fixed_reference_snr,17557572451213226943,2,10.0,17044596600568832310,opposite_turns,1,all_6_equal_gcc_wls,-7.583375844514047,-6.769049486624709,-6.786600677646312,679.3067668105298,778.3759312976575,91,0.9481481481481482,0.7901234567901234,128,39,2.3655638119744253,5097,"{""initialization_failed:no_observable_hypothesis"":5,""tentative_initialization_unconfirmed"":29}",True,,True,44.65297916666666,3.8009791666666644,1581232,False,False,False,97.9468396293013,42.90242208640166,162,0,36,0,0,3.1134327030013083,"{""emission_outside_history"":20,""pre_update_nis_gate"":16}",5097,128,64.54927486999804,1209565184
range-cd173ef493512b7b8ac21b63,700,fixed_background,True,107,fixed_reference_snr,17557572451213226943,2,10.0,17044596600568832310,opposite_turns,1,equal_weight_srp_phat,-7.583375844514047,-6.769049486624709,-6.786600677646312,679.3067668105298,778.3759312976575,90,0.9333333333333333,0.7777777777777778,128,41,2.3687502500106348,5097,"{""initialization_failed:no_observable_hypothesis"":5,""tentative_initialization_unconfirmed"":31}",True,,True,44.97931249999999,4.127312499999995,1581232,False,False,False,22.87026180730208,14.967565414148039,162,0,35,0,0,3.208752917998936,"{""emission_outside_history"":19,""pre_update_nis_gate"":16}",5097,126,64.54927486999804,1209565184
range-ed5f6e7357c7ff20c5f27f78,700,fixed_background,True,108,fixed_reference_snr,10842582477406169521,0,20.0,17044596600568832310,opposite_turns,1,all_6_equal_gcc_wls,2.418901751923235,3.227882104025756,3.208647654816268,679.3067668105298,778.3759312976575,132,1.0,0.9444444444444444,128,2,0.08261024600506062,5097,"{""initialization_failed:no_observable_hypothesis"":5,""tentative_initialization_unconfirmed"":4}",True,,True,41.907312499999996,1.0553124999999994,1624200,False,False,False,30.441044292415064,17.166565346301873,162,0,20,0,0,1.0069740350008942,"{""emission_outside_history"":20}",5097,153,60.95710281100037,1209057280
range-ed5f6e7357c7ff20c5f27f78,700,fixed_background,True,108,fixed_reference_snr,10842582477406169521,0,20.0,17044596600568832310,opposite_turns,1,equal_weight_srp_phat,2.418901751923235,3.227882104025756,3.208647654816268,679.3067668105298,778.3759312976575,132,1.0,0.9444444444444444,128,2,0.08946132699929876,5097,"{""initialization_failed:no_observable_hypothesis"":5,""tentative_initialization_unconfirmed"":4}",True,,True,41.907312499999996,1.0553124999999994,1624200,False,False,False,31.13031982197927,17.445815235440115,162,0,20,0,0,0.897740446998796,"{""emission_outside_history"":20}",5097,153,60.95710281100037,1209057280
range-ae264e7bfe78c3cae00be285,700,fixed_background,True,109,fixed_reference_snr,3470246312026027821,1,20.0,17044596600568832310,opposite_turns,1,all_6_equal_gcc_wls,2.414031790149259,3.2310478321261247,3.2191287705166642,679.3067668105298,778.3759312976575,132,1.0,0.9444444444444444,128,2,0.08078142899466911,5097,"{""initialization_failed:no_observable_hypothesis"":5,""tentative_initialization_unconfirmed"":4}",True,,True,41.907312499999996,1.0553124999999994,1624200,False,False,False,77.92065372431252,28.59256650316271,162,0,20,0,0,0.9226027700060513,"{""emission_outside_history"":20}",5097,153,60.60281524500169,1208922112
range-ae264e7bfe78c3cae00be285,700,fixed_background,True,109,fixed_reference_snr,3470246312026027821,1,20.0,17044596600568832310,opposite_turns,1,equal_weight_srp_phat,2.414031790149259,3.2310478321261247,3.2191287705166642,679.3067668105298,778.3759312976575,132,1.0,0.9444444444444444,128,2,0.09793378999893321,5097,"{""initialization_failed:no_observable_hypothesis"":5,""tentative_initialization_unconfirmed"":4}",True,,True,41.907312499999996,1.0553124999999994,1624200,False,False,False,76.52988959528857,28.11754880201825,162,0,20,0,0,0.8946681390007143,"{""emission_outside_history"":20}",5097,153,60.60281524500169,1208922112
range-0605984d7a4c2dc41abc2e0f,700,fixed_background,True,110,fixed_reference_snr,17557572451213226943,2,20.0,17044596600568832310,opposite_turns,1,all_6_equal_gcc_wls,2.4166241554859513,3.2309505133752907,3.213399322353687,679.3067668105298,778.3759312976575,134,1.0,0.9444444444444444,128,2,0.07926821200089762,5097,"{""initialization_failed:no_observable_hypothesis"":5,""tentative_initialization_unconfirmed"":4}",True,,True,41.907312499999996,1.0553124999999994,1624200,False,False,False,46.88783436946347,18.499059725603384,162,0,18,0,0,0.8599720380007057,"{""emission_outside_history"":18}",5097,153,60.436187983999844,1209360384
range-0605984d7a4c2dc41abc2e0f,700,fixed_background,True,110,fixed_reference_snr,17557572451213226943,2,20.0,17044596600568832310,opposite_turns,1,equal_weight_srp_phat,2.4166241554859513,3.2309505133752907,3.213399322353687,679.3067668105298,778.3759312976575,134,1.0,0.9444444444444444,128,2,0.10066243599430891,5097,"{""initialization_failed:no_observable_hypothesis"":5,""tentative_initialization_unconfirmed"":4}",True,,True,41.907312499999996,1.0553124999999994,1624200,False,False,False,49.355113289953145,19.20061088878914,162,0,18,0,0,0.806697460997384,"{""emission_outside_history"":18}",5097,153,60.436187983999844,1209360384
range-d9785a6bec9a41bc1500e1a9,1000,fixed_background,True,111,fixed_reference_snr,10842582477406169521,0,0.0,17044596600568832310,opposite_turns,1,all_6_equal_gcc_wls,-20.465833241273543,-19.890186057254354,-19.904324617069012,978.3218504161983,1078.3399806760588,0,0.0,0.0,128,128,545.5285095569925,5097,"{""computational_budget_exceeded"":147,""initialization_failed:no_observable_hypothesis"":15}",False,computational_budget_exceeded,False,,,0,False,False,False,,,162,0,0,0,0,545.5671572020001,{},5097,0,1163.8587434330038,1209344000
range-d9785a6bec9a41bc1500e1a9,1000,fixed_background,True,111,fixed_reference_snr,10842582477406169521,0,0.0,17044596600568832310,opposite_turns,1,equal_weight_srp_phat,-20.465833241273543,-19.890186057254354,-19.904324617069012,978.3218504161983,1078.3399806760588,0,0.0,0.0,128,128,559.2749850919645,5097,"{""computational_budget_exceeded"":147,""initialization_failed:no_observable_hypothesis"":15}",False,computational_budget_exceeded,False,,,0,False,False,False,,,162,0,0,0,0,559.3117435520035,{},5097,0,1163.8587434330038,1209344000
range-8c6688fa6fc56e1d47db3812,1000,fixed_background,True,112,fixed_reference_snr,3470246312026027821,1,0.0,17044596600568832310,opposite_turns,1,all_6_equal_gcc_wls,-20.470703203047517,-19.887020329153987,-19.893843501368615,978.3218504161983,1078.3399806760588,0,0.0,0.0,128,128,437.428954390969,5097,"{""computational_budget_exceeded"":147,""initialization_failed:no_observable_hypothesis"":15}",False,computational_budget_exceeded,False,,,0,False,False,False,,,162,0,0,0,0,437.46591320099833,{},5097,0,1031.7196621910043,1209593856
range-8c6688fa6fc56e1d47db3812,1000,fixed_background,True,112,fixed_reference_snr,3470246312026027821,1,0.0,17044596600568832310,opposite_turns,1,equal_weight_srp_phat,-20.470703203047517,-19.887020329153987,-19.893843501368615,978.3218504161983,1078.3399806760588,0,0.0,0.0,128,128,534.7786201469644,5097,"{""computational_budget_exceeded"":146,""initialization_failed:no_observable_hypothesis"":16}",False,computational_budget_exceeded,False,,,0,False,False,False,,,162,0,0,0,0,534.8156680579996,{},5097,0,1031.7196621910043,1209593856
range-e890e9e0b2c246bfaa22f657,1000,fixed_background,True,113,fixed_reference_snr,17557572451213226943,2,0.0,17044596600568832310,opposite_turns,1,all_6_equal_gcc_wls,-20.468110837710828,-19.887117647904823,-19.89957294953159,978.3218504161983,1078.3399806760588,0,0.0,0.0,128,128,89.45231352296832,5097,"{""computational_budget_exceeded"":146,""initialization_failed:no_observable_hypothesis"":16}",False,computational_budget_exceeded,False,,,0,False,False,False,,,162,0,0,0,0,89.48784027399961,{},5097,0,509.00881788900006,1209274368
range-e890e9e0b2c246bfaa22f657,1000,fixed_background,True,113,fixed_reference_snr,17557572451213226943,2,0.0,17044596600568832310,opposite_turns,1,equal_weight_srp_phat,-20.468110837710828,-19.887117647904823,-19.89957294953159,978.3218504161983,1078.3399806760588,0,0.0,0.0,128,128,359.5773991561073,5097,"{""computational_budget_exceeded"":147,""initialization_failed:no_observable_hypothesis"":15}",False,computational_budget_exceeded,False,,,0,False,False,False,,,162,0,0,0,0,359.6136125690027,{},5097,0,509.00881788900006,1209274368
range-07e79c2b7a8e71057e4bf6b3,1000,fixed_background,True,114,fixed_reference_snr,10842582477406169521,0,10.0,17044596600568832310,opposite_turns,1,all_6_equal_gcc_wls,-10.465833241273543,-9.890186057254356,-9.90432461706901,978.3218504161983,1078.3399806760588,0,0.0,0.0,128,128,281.39263550804753,5097,"{""computational_budget_exceeded"":67,""initialization_failed:no_observable_hypothesis"":10,""tentative_initialization_unconfirmed"":85}",False,computational_budget_exceeded,False,,,0,False,False,False,,,162,0,0,0,0,282.0192373730024,{},5097,0,348.04599166799744,1209303040
range-07e79c2b7a8e71057e4bf6b3,1000,fixed_background,True,114,fixed_reference_snr,10842582477406169521,0,10.0,17044596600568832310,opposite_turns,1,equal_weight_srp_phat,-10.465833241273543,-9.890186057254356,-9.90432461706901,978.3218504161983,1078.3399806760588,2,0.3925925925925926,0.42592592592592593,128,16,1.371462885006622,5097,"{""consistency_lost_reinitialization_required"":2,""initialization_failed:no_observable_hypothesis"":16,""tentative_initialization_unconfirmed"":75}",False,tentative_initialization_unconfirmed,False,41.9373125,1.0853125000000006,938904,False,False,False,889.1572537269436,460.2113618495762,162,1,67,2,2,6.969142051995732,"{""emission_outside_history"":53,""pre_update_nis_gate"":14}",5097,69,348.04599166799744,1209303040
range-830a498b1d2b0fcb9040cfaa,1000,fixed_background,True,115,fixed_reference_snr,3470246312026027821,1,10.0,17044596600568832310,opposite_turns,1,all_6_equal_gcc_wls,-10.47070320304752,-9.887020329153987,-9.893843501368613,978.3218504161983,1078.3399806760588,0,0.0,0.0,128,128,339.88128073895496,5097,"{""computational_budget_exceeded"":125,""initialization_failed:no_observable_hypothesis"":14,""tentative_initialization_unconfirmed"":23}",False,computational_budget_exceeded,False,,,0,False,False,False,,,162,0,0,0,0,340.00723253300384,{},5097,0,410.8098906640007,1209167872
range-830a498b1d2b0fcb9040cfaa,1000,fixed_background,True,115,fixed_reference_snr,3470246312026027821,1,10.0,17044596600568832310,opposite_turns,1,equal_weight_srp_phat,-10.47070320304752,-9.887020329153987,-9.893843501368613,978.3218504161983,1078.3399806760588,11,0.6148148148148148,0.5123456790123457,128,47,3.2581117560112034,5097,"{""consistency_lost_reinitialization_required"":1,""initialization_failed:no_observable_hypothesis"":14,""tentative_initialization_unconfirmed"":64}",True,,True,44.99431249999999,4.142312499999996,1183232,False,False,False,780.4398783115387,360.6635744960871,162,1,71,1,1,12.001336679000815,"{""emission_outside_history"":61,""pre_update_nis_gate"":10}",5097,83,410.8098906640007,1209167872
range-fa076b632ecf4b3689250263,1000,fixed_background,True,116,fixed_reference_snr,17557572451213226943,2,10.0,17044596600568832310,opposite_turns,1,all_6_equal_gcc_wls,-10.468110837710826,-9.887117647904821,-9.89957294953159,978.3218504161983,1078.3399806760588,0,0.0,0.0,128,128,122.25749627197365,5097,"{""computational_budget_exceeded"":147,""initialization_failed:no_observable_hypothesis"":15}",False,computational_budget_exceeded,False,,,0,False,False,False,,,162,0,0,0,0,122.29563310999947,{},5097,0,191.73010688499926,1209405440
range-fa076b632ecf4b3689250263,1000,fixed_background,True,116,fixed_reference_snr,17557572451213226943,2,10.0,17044596600568832310,opposite_turns,1,equal_weight_srp_phat,-10.468110837710826,-9.887117647904821,-9.89957294953159,978.3218504161983,1078.3399806760588,7,0.42962962962962964,0.35802469135802467,128,32,3.6037272630128427,5097,"{""consistency_lost_reinitialization_required"":1,""initialization_failed:no_observable_hypothesis"":10,""tentative_initialization_unconfirmed"":93}",True,,True,46.71597916666666,5.863979166666667,1711864,False,False,False,515.0294741068924,433.5374001591154,162,1,50,1,1,10.146075534001284,"{""emission_outside_history"":27,""pre_update_nis_gate"":23}",5097,58,191.73010688499926,1209405440
range-6cd748d4380b70e1f7014aec,1000,fixed_background,True,117,fixed_reference_snr,10842582477406169521,0,20.0,17044596600568832310,opposite_turns,1,all_6_equal_gcc_wls,-0.46583324127354453,0.109813942745645,0.09567538293099043,978.3218504161983,1078.3399806760588,119,1.0,0.9444444444444444,128,2,0.080817666996154,5097,"{""initialization_failed:no_observable_hypothesis"":5,""tentative_initialization_unconfirmed"":4}",True,,True,41.907312499999996,1.0553124999999994,1375032,False,False,False,419.77826578053026,174.81967262117254,162,0,33,0,0,0.7069492700029514,"{""emission_outside_history"":33}",5097,153,60.07928196799912,1209032704
range-6cd748d4380b70e1f7014aec,1000,fixed_background,True,117,fixed_reference_snr,10842582477406169521,0,20.0,17044596600568832310,opposite_turns,1,equal_weight_srp_phat,-0.46583324127354453,0.109813942745645,0.09567538293099043,978.3218504161983,1078.3399806760588,119,1.0,0.9444444444444444,128,2,0.09155597500648582,5097,"{""initialization_failed:no_observable_hypothesis"":5,""tentative_initialization_unconfirmed"":4}",True,,True,41.907312499999996,1.0553124999999994,1375032,False,False,False,418.1763483195454,174.3483249604165,162,0,33,0,0,0.7805566859969986,"{""emission_outside_history"":33}",5097,153,60.07928196799912,1209032704
range-9f15b0a90e5750e5882fb2d4,1000,fixed_background,True,118,fixed_reference_snr,3470246312026027821,1,20.0,17044596600568832310,opposite_turns,1,all_6_equal_gcc_wls,-0.47070320304752,0.11297967084601311,0.10615649863138747,978.3218504161983,1078.3399806760588,125,1.0,0.9444444444444444,128,2,0.08668057199247414,5097,"{""initialization_failed:no_observable_hypothesis"":5,""tentative_initialization_unconfirmed"":4}",True,,True,41.907312499999996,1.0553124999999994,1335520,False,False,False,72.11730459525238,39.61662360196358,162,0,27,0,0,0.7771384600055171,"{""emission_outside_history"":27}",5097,153,60.24550212900067,1209085952
range-9f15b0a90e5750e5882fb2d4,1000,fixed_background,True,118,fixed_reference_snr,3470246312026027821,1,20.0,17044596600568832310,opposite_turns,1,equal_weight_srp_phat,-0.47070320304752,0.11297967084601311,0.10615649863138747,978.3218504161983,1078.3399806760588,125,1.0,0.9444444444444444,128,2,0.08779035799670964,5097,"{""initialization_failed:no_observable_hypothesis"":5,""tentative_initialization_unconfirmed"":4}",True,,True,41.907312499999996,1.0553124999999994,1335520,False,False,False,86.43159510649909,43.690775320209895,162,0,27,0,0,0.8451818230023491,"{""emission_outside_history"":27}",5097,153,60.24550212900067,1209085952
range-4ec2ed01f43a6bb6862d55d2,1000,fixed_background,True,119,fixed_reference_snr,17557572451213226943,2,20.0,17044596600568832310,opposite_turns,1,all_6_equal_gcc_wls,-0.4681108377108283,0.11288235209518029,0.10042705046840926,978.3218504161983,1078.3399806760588,115,1.0,0.9444444444444444,128,2,0.08973038900148822,5097,"{""initialization_failed:no_observable_hypothesis"":5,""tentative_initialization_unconfirmed"":4}",True,,True,41.907312499999996,1.0553124999999994,1455784,False,False,False,727.608035401378,310.5905055124863,162,0,37,0,0,0.8014146450004773,"{""emission_outside_history"":36,""pre_update_nis_gate"":1}",5097,153,60.46403607299726,1209245696
range-4ec2ed01f43a6bb6862d55d2,1000,fixed_background,True,119,fixed_reference_snr,17557572451213226943,2,20.0,17044596600568832310,opposite_turns,1,equal_weight_srp_phat,-0.4681108377108283,0.11288235209518029,0.10042705046840926,978.3218504161983,1078.3399806760588,115,1.0,0.9444444444444444,128,2,0.09214519600209314,5097,"{""initialization_failed:no_observable_hypothesis"":5,""tentative_initialization_unconfirmed"":4}",True,,True,41.907312499999996,1.0553124999999994,1455784,False,False,False,731.8672204524377,312.17747975761466,162,0,37,0,0,0.9095505240038619,"{""emission_outside_history"":36,""pre_update_nis_gate"":1}",5097,153,60.46403607299726,1209245696
