study_type,signal_model,split,geometry,direction,azimuth_deg,elevation_deg,SNR,snr_db,frame_length,pair,calibration_trial_count,evaluation_trial_count,seed,estimator_variant,propagation_model,distance_m,successful_trial_count,unsuccessful_trial_count,successful_fraction,conditional_azimuth_bias_deg,conditional_elevation_bias_deg,conditional_direction_bias_deg,conditional_geodesic_rmse_deg,conditional_median_geodesic_error_deg,conditional_p95_geodesic_error_deg,conditional_p99_geodesic_error_deg,conditional_p999_geodesic_error_deg,p99_geodesic_error_deg,p999_geodesic_error_deg,fraction_error_gt_5deg,fraction_error_gt_10deg,fraction_error_gt_30deg,coverage,failure_fraction,failure_invalid_fraction,gcc_any_pair_invalid_fraction,gcc_any_pair_boundary_fraction,mean_rejected_pair_fraction,mean_unavailable_pair_fraction,disconnected_graph_failure_fraction,catastrophic_fraction,catastrophic_definition,mean_cycle_residual_before_us,mean_cycle_residual_after_us,cycle_residual_definition,cycle_residual_aggregation,risk_coverage_study,confidence_threshold_percentile,hard_confidence_rejection_used,soft_confidence_weighting_used,calibration_covariance_used,confidence_weights_used,metric_conditioning,exact_crlb_claimed,gcc_measurement_rmse_us,direction_specific_plane_model_bias_rms_us,direction_specific_plane_model_bias_max_us,global_E_tau_us,far_field_grid_step_deg,noiseless_plane_doa_bias_deg,noiseless_exact_doa_bias_deg,known_range_used
fine_snr,deterministic_multisine,evaluation,square,az45_el30,45.0,30.0,-10.0,-10.0,2048,reference_3,1000,2000,3916886306,reference_3_equal,plane,20.0,2000,0,1.0,-1.5200571793267643,1.5652376102780141,4.140716759884172,29.256093466700513,4.043644688993772,68.8126859099197,85.22856743106408,120.86138730179488,85.22856743106408,120.86138730179488,0.44,0.3505,0.2265,1.0,0.0,0.0,0.0,0.028,0.0,0.0,0.0,0.2265,conditional_geodesic_error_gt_30deg,0.0,0.0,euclidean_norm_of_cycle_coordinates,mean_over_successfully_projected_trials,False,,False,False,False,False,successful_trials_only,False,,,,,,,,
fine_snr,deterministic_multisine,evaluation,square,az45_el30,45.0,30.0,-10.0,-10.0,2048,all_6,1000,2000,3916886306,all_6_equal,plane,20.0,2000,0,1.0,-0.052797157017403264,6.763700414952854,7.392803804705228,21.552267127667754,6.911421615669804,51.841079797357466,66.1888847270003,84.02508342080397,66.1888847270003,84.02508342080397,0.5675,0.422,0.1435,1.0,0.0,0.0,0.0,0.028,0.0,0.0,0.0,0.1435,conditional_geodesic_error_gt_30deg,0.0,0.0,euclidean_norm_of_cycle_coordinates,mean_over_successfully_projected_trials,False,,False,False,False,False,successful_trials_only,False,,,,,,,,
fine_snr,deterministic_multisine,evaluation,square,az45_el30,45.0,30.0,-10.0,-10.0,2048,all_6,1000,2000,3916886306,all_6_cycle_equal,plane,20.0,2000,0,1.0,-0.052797157017412444,6.763700414952853,7.392803804705178,21.552267127667754,6.911421615669776,51.84107979735746,66.1888847270003,84.02508342080397,66.1888847270003,84.02508342080397,0.5675,0.422,0.1435,1.0,0.0,0.0,0.0,0.028,0.0,0.0,0.0,0.1435,conditional_geodesic_error_gt_30deg,174.7279133659605,1.0974412918953951e-13,euclidean_norm_of_cycle_coordinates,mean_over_successfully_projected_trials,False,,False,False,False,False,successful_trials_only,False,,,,,,,,
fine_snr,deterministic_multisine,evaluation,square,az45_el30,45.0,30.0,-10.0,-10.0,2048,all_6,1000,2000,3916886306,all_6_cycle_calibrated_no_rejection,plane,20.0,2000,0,1.0,-0.2726215231502206,-8.832617477937116,8.74650209383185,23.479326164180964,20.1113556294256,37.549516793698885,47.34840863013716,59.26255297433316,47.34840863013716,59.26255297433316,0.9495,0.8595,0.2955,1.0,0.0,0.0,0.0,0.028,0.0,0.0,0.0,0.2955,conditional_geodesic_error_gt_30deg,178.55491041409508,1.2616381973351363e-13,euclidean_norm_of_cycle_coordinates,mean_over_successfully_projected_trials,True,,False,False,True,False,successful_trials_only,False,,,,,,,,
fine_snr,deterministic_multisine,evaluation,square,az45_el30,45.0,30.0,-10.0,-10.0,2048,all_6,1000,2000,3916886306,all_6_cycle_calibrated_hard_p05,plane,20.0,1993,7,0.9965,-0.4754018656676627,-12.507338988292696,12.549472617564637,22.84100995699059,19.343699993539072,34.528737686124764,46.10595791976881,78.59222362587069,46.10595791976881,78.59222362587069,0.958354239839438,0.8845960863020572,0.26542900150526844,0.9965,0.0035,0.0035,0.0,0.028,0.1,0.0,0.0035,0.26542900150526844,conditional_geodesic_error_gt_30deg,118.7360351926478,1.0127967885652084e-13,euclidean_norm_of_cycle_coordinates,mean_over_successfully_projected_trials,True,5.0,True,False,True,True,successful_trials_only,False,,,,,,,,
fine_snr,deterministic_multisine,evaluation,square,az45_el30,45.0,30.0,-10.0,-10.0,2048,all_6,1000,2000,3916886306,all_6_cycle_calibrated,plane,20.0,1958,42,0.979,-0.16129295241290112,-14.15310868333158,14.216940411244723,23.066314662710898,19.50474900611463,34.364666157704455,44.70033114809454,78.75780941095252,44.70033114809454,78.75780941095252,0.9642492339121552,0.8998978549540347,0.27579162410623087,0.979,0.021,0.021,0.0,0.028,0.16341666666666665,0.0,0.021,0.27579162410623087,conditional_geodesic_error_gt_30deg,91.45288556526447,8.528978251346591e-14,euclidean_norm_of_cycle_coordinates,mean_over_successfully_projected_trials,True,10.0,True,False,True,True,successful_trials_only,False,,,,,,,,
fine_snr,deterministic_multisine,evaluation,square,az45_el30,45.0,30.0,-10.0,-10.0,2048,all_6,1000,2000,3916886306,all_6_cycle_calibrated_hard_p25,plane,20.0,1698,302,0.849,-0.23830158348848038,-16.734242824433725,16.816982478843023,23.143862349295198,19.622185005374554,31.179821098633255,47.93787527683009,85.9223387806959,47.93787527683009,85.9223387806959,0.9776207302709069,0.9187279151943463,0.2832744405182568,0.849,0.151,0.151,0.0,0.028,0.3363333333333333,0.0,0.151,0.2832744405182568,conditional_geodesic_error_gt_30deg,44.954651474637885,5.1941689195873086e-14,euclidean_norm_of_cycle_coordinates,mean_over_successfully_projected_trials,True,25.0,True,False,True,True,successful_trials_only,False,,,,,,,,
fine_snr,deterministic_multisine,evaluation,square,az45_el30,45.0,30.0,-10.0,-10.0,2048,all_6,1000,2000,3916886306,all_6_cycle_calibrated_hard_p50,plane,20.0,889,1111,0.4445,0.002201898611005445,-18.14209203653916,18.267465181808227,23.756311290888554,20.308849706827093,30.537666622238106,55.30963669028535,83.9915783850543,55.30963669028535,83.9915783850543,0.9876265466816648,0.9313835770528683,0.31158605174353204,0.4445,0.5555,0.5555,0.0,0.028,0.57375,0.0,0.5555,0.31158605174353204,conditional_geodesic_error_gt_30deg,19.725697370546353,2.499008468828949e-14,euclidean_norm_of_cycle_coordinates,mean_over_successfully_projected_trials,True,50.0,True,False,True,True,successful_trials_only,False,,,,,,,,
fine_snr,deterministic_multisine,evaluation,square,az45_el30,45.0,30.0,-10.0,-10.0,2048,all_6,1000,2000,3916886306,all_6_cycle_calibrated_soft,plane,20.0,2000,0,1.0,-0.26276928520052956,-9.549663601700757,9.51093658855142,22.47320242639698,19.3210803142483,35.36160224379458,44.383143446852394,58.64492649732823,44.383143446852394,58.64492649732823,0.9475,0.8475,0.2655,1.0,0.0,0.0,0.0,0.028,0.0,0.0,0.0,0.2655,conditional_geodesic_error_gt_30deg,178.55491041409508,1.2594556095115544e-13,euclidean_norm_of_cycle_coordinates,mean_over_successfully_projected_trials,True,,False,True,True,True,successful_trials_only,False,,,,,,,,
fine_snr,deterministic_multisine,evaluation,square,az45_el30,45.0,30.0,-8.0,-8.0,2048,reference_3,1000,2000,686625521,reference_3_equal,plane,20.0,2000,0,1.0,-0.8462663669215145,0.4517941049484876,0.874445064645898,13.510575987908139,2.142933698968426,30.458053768781507,67.41398543036594,84.55343198677744,67.41398543036594,84.55343198677744,0.13,0.087,0.052,1.0,0.0,0.0,0.0,0.008,0.0,0.0,0.0,0.052,conditional_geodesic_error_gt_30deg,0.0,0.0,euclidean_norm_of_cycle_coordinates,mean_over_successfully_projected_trials,False,,False,False,False,False,successful_trials_only,False,,,,,,,,
fine_snr,deterministic_multisine,evaluation,square,az45_el30,45.0,30.0,-8.0,-8.0,2048,all_6,1000,2000,686625521,all_6_equal,plane,20.0,2000,0,1.0,-0.030529302844998482,1.4995559960642708,1.5627773422718467,10.376595644492665,1.6740403383999518,25.0252748561867,50.492514273353166,65.06799195674172,50.492514273353166,65.06799195674172,0.167,0.1185,0.031,1.0,0.0,0.0,0.0,0.008,0.0,0.0,0.0,0.031,conditional_geodesic_error_gt_30deg,0.0,0.0,euclidean_norm_of_cycle_coordinates,mean_over_successfully_projected_trials,False,,False,False,False,False,successful_trials_only,False,,,,,,,,
fine_snr,deterministic_multisine,evaluation,square,az45_el30,45.0,30.0,-8.0,-8.0,2048,all_6,1000,2000,686625521,all_6_cycle_equal,plane,20.0,2000,0,1.0,-0.03052930284500748,1.4995559960642693,1.5627773422718467,10.376595644492667,1.674040338399843,25.02527485618672,50.492514273353166,65.06799195674172,50.492514273353166,65.06799195674172,0.167,0.1185,0.031,1.0,0.0,0.0,0.0,0.008,0.0,0.0,0.0,0.031,conditional_geodesic_error_gt_30deg,58.15069559426049,1.1581522754421652e-13,euclidean_norm_of_cycle_coordinates,mean_over_successfully_projected_trials,False,,False,False,False,False,successful_trials_only,False,,,,,,,,
fine_snr,deterministic_multisine,evaluation,square,az45_el30,45.0,30.0,-8.0,-8.0,2048,all_6,1000,2000,686625521,all_6_cycle_calibrated_no_rejection,plane,20.0,2000,0,1.0,0.02274454012082502,-1.5635563455548485,1.4639742326259064,9.875157245933174,3.58014858834849,25.813515626675983,37.26548982174321,51.039761761728855,37.26548982174321,51.039761761728855,0.313,0.1235,0.038,1.0,0.0,0.0,0.0,0.008,0.0,0.0,0.0,0.038,conditional_geodesic_error_gt_30deg,58.48530104367609,1.2036309579147519e-13,euclidean_norm_of_cycle_coordinates,mean_over_successfully_projected_trials,True,,False,False,True,False,successful_trials_only,False,,,,,,,,
fine_snr,deterministic_multisine,evaluation,square,az45_el30,45.0,30.0,-8.0,-8.0,2048,all_6,1000,2000,686625521,all_6_cycle_calibrated_hard_p05,plane,20.0,1997,3,0.9985,-0.1234790103073579,-2.567564325483741,2.5138960145864324,6.952205779422778,3.2918649688533606,9.85491268562763,30.67557717899297,54.7400386203237,30.67557717899297,54.7400386203237,0.24486730095142714,0.049073610415623435,0.012018027040560842,0.9985,0.0015,0.0015,0.0,0.008,0.07741666666666666,0.0,0.0015,0.012018027040560842,conditional_geodesic_error_gt_30deg,30.13260816060354,1.0062349700986488e-13,euclidean_norm_of_cycle_coordinates,mean_over_successfully_projected_trials,True,5.0,True,False,True,True,successful_trials_only,False,,,,,,,,
fine_snr,deterministic_multisine,evaluation,square,az45_el30,45.0,30.0,-8.0,-8.0,2048,all_6,1000,2000,686625521,all_6_cycle_calibrated,plane,20.0,1974,26,0.987,-0.0700195805585235,-2.747504096965419,2.7067303491727017,6.340465286855782,3.252459032434766,8.375602843832462,29.066821711559403,55.00675548193897,29.066821711559403,55.00675548193897,0.23049645390070922,0.02988855116514691,0.010131712259371834,0.987,0.013,0.013,0.0,0.008,0.13808333333333334,0.0,0.013,0.010131712259371834,conditional_geodesic_error_gt_30deg,21.653408684585383,8.642044595687316e-14,euclidean_norm_of_cycle_coordinates,mean_over_successfully_projected_trials,True,10.0,True,False,True,True,successful_trials_only,False,,,,,,,,
fine_snr,deterministic_multisine,evaluation,square,az45_el30,45.0,30.0,-8.0,-8.0,2048,all_6,1000,2000,686625521,all_6_cycle_calibrated_hard_p25,plane,20.0,1764,236,0.882,-0.06572688194234241,-3.0696929485111983,3.0487835457352954,5.602538386246739,3.371456623199934,7.881824182910026,20.60290282771678,45.08336805600072,20.60290282771678,45.08336805600072,0.23015873015873015,0.026077097505668934,0.007369614512471655,0.882,0.118,0.118,0.0,0.008,0.29341666666666666,0.0,0.118,0.007369614512471655,conditional_geodesic_error_gt_30deg,12.585088129549417,5.711110878045787e-14,euclidean_norm_of_cycle_coordinates,mean_over_successfully_projected_trials,True,25.0,True,False,True,True,successful_trials_only,False,,,,,,,,
fine_snr,deterministic_multisine,evaluation,square,az45_el30,45.0,30.0,-8.0,-8.0,2048,all_6,1000,2000,686625521,all_6_cycle_calibrated_hard_p50,plane,20.0,1027,973,0.5135,-0.017359165987598738,-3.1941639672212117,3.1633761015049533,5.579980142692707,3.3315694202903785,8.28342713752709,16.7782136654498,56.727907800512725,16.7782136654498,56.727907800512725,0.23661148977604674,0.02531645569620253,0.005842259006815969,0.5135,0.4865,0.4865,0.0,0.008,0.5375,0.0,0.4865,0.005842259006815969,conditional_geodesic_error_gt_30deg,5.806301025058078,2.9489034175456574e-14,euclidean_norm_of_cycle_coordinates,mean_over_successfully_projected_trials,True,50.0,True,False,True,True,successful_trials_only,False,,,,,,,,
fine_snr,deterministic_multisine,evaluation,square,az45_el30,45.0,30.0,-8.0,-8.0,2048,all_6,1000,2000,686625521,all_6_cycle_calibrated_soft,plane,20.0,2000,0,1.0,-0.10729812269884365,-1.6842329769468252,1.6085411933507057,8.785229749522175,3.538463485259031,21.518960485482992,34.05938820906394,46.61786683133008,34.05938820906394,46.61786683133008,0.3005,0.111,0.0225,1.0,0.0,0.0,0.0,0.008,0.0,0.0,0.0,0.0225,conditional_geodesic_error_gt_30deg,58.48530104367609,1.193617574649428e-13,euclidean_norm_of_cycle_coordinates,mean_over_successfully_projected_trials,True,,False,True,True,True,successful_trials_only,False,,,,,,,,
fine_snr,deterministic_multisine,evaluation,square,az45_el30,45.0,30.0,-6.0,-6.0,2048,reference_3,1000,2000,2849726781,reference_3_equal,plane,20.0,2000,0,1.0,0.32789710274157413,0.028154099462818646,0.10289511675224325,5.036204107708595,1.4320441352551085,3.464831083949525,7.153790323764519,76.63763903577801,7.153790323764519,76.63763903577801,0.0175,0.0095,0.0045,1.0,0.0,0.0,0.0,0.002,0.0,0.0,0.0,0.0045,conditional_geodesic_error_gt_30deg,0.0,0.0,euclidean_norm_of_cycle_coordinates,mean_over_successfully_projected_trials,False,,False,False,False,False,successful_trials_only,False,,,,,,,,
fine_snr,deterministic_multisine,evaluation,square,az45_el30,45.0,30.0,-6.0,-6.0,2048,all_6,1000,2000,2849726781,all_6_equal,plane,20.0,2000,0,1.0,0.13602126366368475,0.12291865888092218,0.14413797545401094,4.303261243987275,1.0888682970125223,2.9660525874228663,15.758433450163391,59.89722609597739,15.758433450163391,59.89722609597739,0.0235,0.0155,0.0045,1.0,0.0,0.0,0.0,0.002,0.0,0.0,0.0,0.0045,conditional_geodesic_error_gt_30deg,0.0,0.0,euclidean_norm_of_cycle_coordinates,mean_over_successfully_projected_trials,False,,False,False,False,False,successful_trials_only,False,,,,,,,,
fine_snr,deterministic_multisine,evaluation,square,az45_el30,45.0,30.0,-6.0,-6.0,2048,all_6,1000,2000,2849726781,all_6_cycle_equal,plane,20.0,2000,0,1.0,0.1360212636636762,0.12291865888092213,0.14413797545148235,4.303261243987274,1.0888682970125223,2.9660525874229835,15.758433450163391,59.89722609597739,15.758433450163391,59.89722609597739,0.0235,0.0155,0.0045,1.0,0.0,0.0,0.0,0.002,0.0,0.0,0.0,0.0045,conditional_geodesic_error_gt_30deg,18.299348762542078,1.1773300630349276e-13,euclidean_norm_of_cycle_coordinates,mean_over_successfully_projected_trials,False,,False,False,False,False,successful_trials_only,False,,,,,,,,
fine_snr,deterministic_multisine,evaluation,square,az45_el30,45.0,30.0,-6.0,-6.0,2048,all_6,1000,2000,2849726781,all_6_cycle_calibrated_no_rejection,plane,20.0,2000,0,1.0,0.07211382324219746,-0.04317855303000866,0.04110587723906423,3.9217225898084056,1.4536203191988173,4.105868435533907,11.750281341922314,54.77503906625648,11.750281341922314,54.77503906625648,0.035,0.013,0.0035,1.0,0.0,0.0,0.0,0.002,0.0,0.0,0.0,0.0035,conditional_geodesic_error_gt_30deg,18.36328009420758,1.1884171014030196e-13,euclidean_norm_of_cycle_coordinates,mean_over_successfully_projected_trials,True,,False,False,True,False,successful_trials_only,False,,,,,,,,
fine_snr,deterministic_multisine,evaluation,square,az45_el30,45.0,30.0,-6.0,-6.0,2048,all_6,1000,2000,2849726781,all_6_cycle_calibrated_hard_p05,plane,20.0,1998,2,0.999,0.008993241341512413,-0.10646839770528739,0.09879014679993939,2.2742141444793837,1.3883560578453653,3.643341423287322,5.433785116261206,10.223210567624818,5.433785116261206,10.223210567624818,0.015015015015015015,0.0015015015015015015,0.0005005005005005005,0.999,0.001,0.001,0.0,0.002,0.05825,0.0,0.001,0.0005005005005005005,conditional_geodesic_error_gt_30deg,11.898290533374006,1.0278270671029407e-13,euclidean_norm_of_cycle_coordinates,mean_over_successfully_projected_trials,True,5.0,True,False,True,True,successful_trials_only,False,,,,,,,,
fine_snr,deterministic_multisine,evaluation,square,az45_el30,45.0,30.0,-6.0,-6.0,2048,all_6,1000,2000,2849726781,all_6_cycle_calibrated,plane,20.0,1993,7,0.9965,-0.028205186842005545,-0.11503603955227779,0.11433961420914178,1.9651377480220547,1.383530753080895,3.5501448104108593,5.332081376264409,8.489888000063528,5.332081376264409,8.489888000063528,0.013547415955845458,0.0010035122930255895,0.0,0.9965,0.0035,0.0035,0.0,0.002,0.111,0.0,0.0035,0.0,conditional_geodesic_error_gt_30deg,10.135378622719834,8.926496184797249e-14,euclidean_norm_of_cycle_coordinates,mean_over_successfully_projected_trials,True,10.0,True,False,True,True,successful_trials_only,False,,,,,,,,
fine_snr,deterministic_multisine,evaluation,square,az45_el30,45.0,30.0,-6.0,-6.0,2048,all_6,1000,2000,2849726781,all_6_cycle_calibrated_hard_p25,plane,20.0,1860,140,0.93,-0.04321458434237308,-0.07927391265372365,0.08455385738098209,1.9825353541287054,1.4088638252428978,3.6728997199179956,5.221677366942415,7.703484499517814,5.221677366942415,7.703484499517814,0.01129032258064516,0.0005376344086021505,0.0,0.93,0.07,0.07,0.0,0.002,0.2606666666666666,0.0,0.07,0.0,conditional_geodesic_error_gt_30deg,7.243894075878232,6.012707081420914e-14,euclidean_norm_of_cycle_coordinates,mean_over_successfully_projected_trials,True,25.0,True,False,True,True,successful_trials_only,False,,,,,,,,
fine_snr,deterministic_multisine,evaluation,square,az45_el30,45.0,30.0,-6.0,-6.0,2048,all_6,1000,2000,2849726781,all_6_cycle_calibrated_hard_p50,plane,20.0,1165,835,0.5825,-0.048087947007835974,-0.1537860780901008,0.1560319751517544,2.0715196327705825,1.4358822650967498,4.050992073269824,5.322578343341026,6.667625911484231,5.322578343341026,6.667625911484231,0.017167381974248927,0.0,0.0,0.5825,0.4175,0.4175,0.0,0.002,0.504,0.0,0.4175,0.0,conditional_geodesic_error_gt_30deg,3.7319550854219417,3.0306293337428384e-14,euclidean_norm_of_cycle_coordinates,mean_over_successfully_projected_trials,True,50.0,True,False,True,True,successful_trials_only,False,,,,,,,,
fine_snr,deterministic_multisine,evaluation,square,az45_el30,45.0,30.0,-6.0,-6.0,2048,all_6,1000,2000,2849726781,all_6_cycle_calibrated_soft,plane,20.0,2000,0,1.0,0.034885597497118497,-0.04898198992437312,0.03315202125204356,3.487723627651339,1.4316970741800459,4.022877984990653,8.681984894571945,42.82749614451755,8.681984894571945,42.82749614451755,0.031,0.009,0.0035,1.0,0.0,0.0,0.0,0.002,0.0,0.0,0.0,0.0035,conditional_geodesic_error_gt_30deg,18.36328009420758,1.1860666590749723e-13,euclidean_norm_of_cycle_coordinates,mean_over_successfully_projected_trials,True,,False,True,True,True,successful_trials_only,False,,,,,,,,
fine_snr,deterministic_multisine,evaluation,square,az45_el30,45.0,30.0,-4.0,-4.0,2048,reference_3,1000,2000,1688469051,reference_3_equal,plane,20.0,2000,0,1.0,0.09616365239461644,0.01005287374972001,0.017404985414597715,2.076677925131567,1.0839887795260852,2.3342569924351446,3.2013299154141857,3.8525831140012126,3.2013299154141857,3.8525831140012126,0.0005,0.0005,0.0005,1.0,0.0,0.0,0.0,0.0,0.0,0.0,0.0,0.0005,conditional_geodesic_error_gt_30deg,0.0,0.0,euclidean_norm_of_cycle_coordinates,mean_over_successfully_projected_trials,False,,False,False,False,False,successful_trials_only,False,,,,,,,,
fine_snr,deterministic_multisine,evaluation,square,az45_el30,45.0,30.0,-4.0,-4.0,2048,all_6,1000,2000,1688469051,all_6_equal,plane,20.0,2000,0,1.0,-0.0010625481343044649,0.038138739248838975,0.03514287555482746,1.6108683494237386,0.7952204648377743,1.8976555435977498,2.5486333958791993,3.09211372372223,2.5486333958791993,3.09211372372223,0.0005,0.0005,0.0005,1.0,0.0,0.0,0.0,0.0,0.0,0.0,0.0,0.0005,conditional_geodesic_error_gt_30deg,0.0,0.0,euclidean_norm_of_cycle_coordinates,mean_over_successfully_projected_trials,False,,False,False,False,False,successful_trials_only,False,,,,,,,,
fine_snr,deterministic_multisine,evaluation,square,az45_el30,45.0,30.0,-4.0,-4.0,2048,all_6,1000,2000,1688469051,all_6_cycle_equal,plane,20.0,2000,0,1.0,-0.0010625481343121616,0.038138739248838587,0.03514287555482746,1.6108683494237408,0.7952204648375452,1.8976555435977498,2.5486333958792007,3.092113723722113,2.5486333958792007,3.092113723722113,0.0005,0.0005,0.0005,1.0,0.0,0.0,0.0,0.0,0.0,0.0,0.0,0.0005,conditional_geodesic_error_gt_30deg,9.837562772696668,1.1880686655788245e-13,euclidean_norm_of_cycle_coordinates,mean_over_successfully_projected_trials,False,,False,False,False,False,successful_trials_only,False,,,,,,,,
fine_snr,deterministic_multisine,evaluation,square,az45_el30,45.0,30.0,-4.0,-4.0,2048,all_6,1000,2000,1688469051,all_6_cycle_calibrated_no_rejection,plane,20.0,2000,0,1.0,0.0008828949512917445,0.0539954432240589,0.05486555782581696,1.6302268806193971,0.7994209172302255,1.9246334943742014,2.573370128247792,3.0982464735180106,2.573370128247792,3.0982464735180106,0.0005,0.0005,0.0005,1.0,0.0,0.0,0.0,0.0,0.0,0.0,0.0,0.0005,conditional_geodesic_error_gt_30deg,9.836901588180824,1.1885626927021876e-13,euclidean_norm_of_cycle_coordinates,mean_over_successfully_projected_trials,True,,False,False,True,False,successful_trials_only,False,,,,,,,,
fine_snr,deterministic_multisine,evaluation,square,az45_el30,45.0,30.0,-4.0,-4.0,2048,all_6,1000,2000,1688469051,all_6_cycle_calibrated_hard_p05,plane,20.0,2000,0,1.0,0.02507474106525478,0.034651604381061914,0.04198080637909704,1.0274648873107395,0.7932745298617092,1.8743979596127216,2.4860133629659162,3.005079889384906,2.4860133629659162,3.005079889384906,0.0,0.0,0.0,1.0,0.0,0.0,0.0,0.0,0.049583333333333326,0.0,0.0,0.0,conditional_geodesic_error_gt_30deg,8.691384906614998,1.0657614949776764e-13,euclidean_norm_of_cycle_coordinates,mean_over_successfully_projected_trials,True,5.0,True,False,True,True,successful_trials_only,False,,,,,,,,
fine_snr,deterministic_multisine,evaluation,square,az45_el30,45.0,30.0,-4.0,-4.0,2048,all_6,1000,2000,1688469051,all_6_cycle_calibrated,plane,20.0,1993,7,0.9965,0.03146578682464491,0.04634212080783843,0.054929750038808914,1.0611618594960053,0.8079346572915028,1.9709127243551345,2.6175562168151485,3.2091934424640196,2.6175562168151485,3.2091934424640196,0.0,0.0,0.0,0.9965,0.0035,0.0035,0.0,0.0,0.1055,0.0,0.0035,0.0,conditional_geodesic_error_gt_30deg,7.80375567402126,9.278523817576996e-14,euclidean_norm_of_cycle_coordinates,mean_over_successfully_projected_trials,True,10.0,True,False,True,True,successful_trials_only,False,,,,,,,,
fine_snr,deterministic_multisine,evaluation,square,az45_el30,45.0,30.0,-4.0,-4.0,2048,all_6,1000,2000,1688469051,all_6_cycle_calibrated_hard_p25,plane,20.0,1873,127,0.9365,0.02934110318722343,0.06705185845086374,0.07315376672004602,1.1898554666015746,0.8763661917392707,2.1795694762296667,3.3136589903532925,4.490131660146459,3.3136589903532925,4.490131660146459,0.0005339028296849973,0.0,0.0,0.9365,0.0635,0.0635,0.0,0.0,0.24666666666666662,0.0,0.0635,0.0,conditional_geodesic_error_gt_30deg,5.643698326802819,6.236754014175744e-14,euclidean_norm_of_cycle_coordinates,mean_over_successfully_projected_trials,True,25.0,True,False,True,True,successful_trials_only,False,,,,,,,,
fine_snr,deterministic_multisine,evaluation,square,az45_el30,45.0,30.0,-4.0,-4.0,2048,all_6,1000,2000,1688469051,all_6_cycle_calibrated_hard_p50,plane,20.0,1135,865,0.5675,0.013988393432184963,0.06893753313676798,0.07179867772727734,1.3027185287020593,0.9907502692544362,2.3295361913231982,3.5417755076641497,4.424314505787692,3.5417755076641497,4.424314505787692,0.000881057268722467,0.0,0.0,0.5675,0.4325,0.4325,0.0,0.0,0.5058333333333334,0.0,0.4325,0.0,conditional_geodesic_error_gt_30deg,2.8868084119477895,3.082427655413999e-14,euclidean_norm_of_cycle_coordinates,mean_over_successfully_projected_trials,True,50.0,True,False,True,True,successful_trials_only,False,,,,,,,,
fine_snr,deterministic_multisine,evaluation,square,az45_el30,45.0,30.0,-4.0,-4.0,2048,all_6,1000,2000,1688469051,all_6_cycle_calibrated_soft,plane,20.0,2000,0,1.0,0.01700695008982725,0.055094074346350885,0.05731339720076569,1.5005502994853213,0.7961533773836231,1.8863414152178255,2.5773565786095105,3.113319350411668,2.5773565786095105,3.113319350411668,0.0005,0.0005,0.0005,1.0,0.0,0.0,0.0,0.0,0.0,0.0,0.0,0.0005,conditional_geodesic_error_gt_30deg,9.836901588180824,1.1837114584119764e-13,euclidean_norm_of_cycle_coordinates,mean_over_successfully_projected_trials,True,,False,True,True,True,successful_trials_only,False,,,,,,,,
fine_snr,deterministic_multisine,evaluation,square,az45_el30,45.0,30.0,-2.0,-2.0,2048,reference_3,1000,2000,1331799679,reference_3_equal,plane,20.0,2000,0,1.0,-0.030078620625678475,0.007586239328741298,0.027868308481336375,1.085512570078624,0.8902848451370513,1.8735170639882965,2.414499503301913,2.9429869763181835,2.414499503301913,2.9429869763181835,0.0,0.0,0.0,1.0,0.0,0.0,0.0,0.0,0.0,0.0,0.0,0.0,conditional_geodesic_error_gt_30deg,0.0,0.0,euclidean_norm_of_cycle_coordinates,mean_over_successfully_projected_trials,False,,False,False,False,False,successful_trials_only,False,,,,,,,,
fine_snr,deterministic_multisine,evaluation,square,az45_el30,45.0,30.0,-2.0,-2.0,2048,all_6,1000,2000,1331799679,all_6_equal,plane,20.0,2000,0,1.0,-0.0008816396981472749,0.019909948279479412,0.02061336446905178,0.8253867631168571,0.6483659195980062,1.4718272521747047,1.8902290665384207,2.409927669138888,1.8902290665384207,2.409927669138888,0.0,0.0,0.0,1.0,0.0,0.0,0.0,0.0,0.0,0.0,0.0,0.0,conditional_geodesic_error_gt_30deg,0.0,0.0,euclidean_norm_of_cycle_coordinates,mean_over_successfully_projected_trials,False,,False,False,False,False,successful_trials_only,False,,,,,,,,
fine_snr,deterministic_multisine,evaluation,square,az45_el30,45.0,30.0,-2.0,-2.0,2048,all_6,1000,2000,1331799679,all_6_cycle_equal,plane,20.0,2000,0,1.0,-0.0008816396981556588,0.019909948279478815,0.02061336446905178,0.8253867631168569,0.6483659195980062,1.47182725217494,1.890229066538419,2.409927669138888,1.890229066538419,2.409927669138888,0.0,0.0,0.0,1.0,0.0,0.0,0.0,0.0,0.0,0.0,0.0,0.0,conditional_geodesic_error_gt_30deg,7.427670308556907,1.1935460627430802e-13,euclidean_norm_of_cycle_coordinates,mean_over_successfully_projected_trials,False,,False,False,False,False,successful_trials_only,False,,,,,,,,
fine_snr,deterministic_multisine,evaluation,square,az45_el30,45.0,30.0,-2.0,-2.0,2048,all_6,1000,2000,1331799679,all_6_cycle_calibrated_no_rejection,plane,20.0,2000,0,1.0,0.008096825283492261,0.012915810602762244,0.01531813830482641,0.8253252426880968,0.6578100561466215,1.475029655119773,1.8959138168341096,2.4251091069044852,1.8959138168341096,2.4251091069044852,0.0,0.0,0.0,1.0,0.0,0.0,0.0,0.0,0.0,0.0,0.0,0.0,conditional_geodesic_error_gt_30deg,7.433287615290804,1.1879394012403662e-13,euclidean_norm_of_cycle_coordinates,mean_over_successfully_projected_trials,True,,False,False,True,False,successful_trials_only,False,,,,,,,,
fine_snr,deterministic_multisine,evaluation,square,az45_el30,45.0,30.0,-2.0,-2.0,2048,all_6,1000,2000,1331799679,all_6_cycle_calibrated_hard_p05,plane,20.0,1999,1,0.9995,0.007619280602837005,0.021982807167417927,0.023640547627254187,0.8404843461390377,0.667709502148089,1.4929467283170959,2.0290998285842514,2.593029792006393,2.0290998285842514,2.593029792006393,0.0,0.0,0.0,0.9995,0.0005,0.0005,0.0,0.0,0.048083333333333325,0.0,0.0005,0.0,conditional_geodesic_error_gt_30deg,6.838549471366707,1.0481601906458583e-13,euclidean_norm_of_cycle_coordinates,mean_over_successfully_projected_trials,True,5.0,True,False,True,True,successful_trials_only,False,,,,,,,,
fine_snr,deterministic_multisine,evaluation,square,az45_el30,45.0,30.0,-2.0,-2.0,2048,all_6,1000,2000,1331799679,all_6_cycle_calibrated,plane,20.0,1994,6,0.997,0.01295513646552129,0.017030442826606935,0.021085407442487113,0.866525616490492,0.6836441096835364,1.5261047307465183,2.074133543822137,2.5949710303223505,2.074133543822137,2.5949710303223505,0.0,0.0,0.0,0.997,0.003,0.003,0.0,0.0,0.09408333333333334,0.0,0.003,0.0,conditional_geodesic_error_gt_30deg,6.2629872181587185,9.411487763027686e-14,euclidean_norm_of_cycle_coordinates,mean_over_successfully_projected_trials,True,10.0,True,False,True,True,successful_trials_only,False,,,,,,,,
fine_snr,deterministic_multisine,evaluation,square,az45_el30,45.0,30.0,-2.0,-2.0,2048,all_6,1000,2000,1331799679,all_6_cycle_calibrated_hard_p25,plane,20.0,1870,130,0.935,0.015641931223581238,0.01491965207604638,0.02086109625039485,0.9382792804433269,0.7198358916828674,1.6624961380939292,2.3166290461335195,3.4855327644782945,2.3166290461335195,3.4855327644782945,0.0,0.0,0.0,0.935,0.065,0.065,0.0,0.0,0.23875,0.0,0.065,0.0,conditional_geodesic_error_gt_30deg,4.647815687843559,6.455573822051755e-14,euclidean_norm_of_cycle_coordinates,mean_over_successfully_projected_trials,True,25.0,True,False,True,True,successful_trials_only,False,,,,,,,,
fine_snr,deterministic_multisine,evaluation,square,az45_el30,45.0,30.0,-2.0,-2.0,2048,all_6,1000,2000,1331799679,all_6_cycle_calibrated_hard_p50,plane,20.0,1185,815,0.5925,0.022154571596289255,0.021345657920017472,0.029622214087677276,1.076504523080096,0.8119445115888545,1.9574915759946203,2.734589033907168,4.241700073815117,2.734589033907168,4.241700073815117,0.0008438818565400844,0.0,0.0,0.5925,0.4075,0.4075,0.0,0.0,0.4993333333333333,0.0,0.4075,0.0,conditional_geodesic_error_gt_30deg,2.363299467040534,2.918696567520042e-14,euclidean_norm_of_cycle_coordinates,mean_over_successfully_projected_trials,True,50.0,True,False,True,True,successful_trials_only,False,,,,,,,,
fine_snr,deterministic_multisine,evaluation,square,az45_el30,45.0,30.0,-2.0,-2.0,2048,all_6,1000,2000,1331799679,all_6_cycle_calibrated_soft,plane,20.0,2000,0,1.0,0.009020703600979018,0.017157250997515187,0.019480854988334788,0.8208701366016941,0.6552573079305098,1.4541088174098697,1.8714878713646983,2.324894434980253,1.8714878713646983,2.324894434980253,0.0,0.0,0.0,1.0,0.0,0.0,0.0,0.0,0.0,0.0,0.0,0.0,conditional_geodesic_error_gt_30deg,7.433287615290804,1.1895215155740574e-13,euclidean_norm_of_cycle_coordinates,mean_over_successfully_projected_trials,True,,False,True,True,True,successful_trials_only,False,,,,,,,,
fine_snr,deterministic_multisine,evaluation,square,az45_el30,45.0,30.0,0.0,0.0,2048,reference_3,1000,2000,112784856,reference_3_equal,plane,20.0,2000,0,1.0,-0.008593099044273756,-0.002833704750081859,0.0075188113665333196,0.8759099273610965,0.7061555979078906,1.5669890313939714,1.8834893096423622,2.5619241342307157,1.8834893096423622,2.5619241342307157,0.0,0.0,0.0,1.0,0.0,0.0,0.0,0.0,0.0,0.0,0.0,0.0,conditional_geodesic_error_gt_30deg,0.0,0.0,euclidean_norm_of_cycle_coordinates,mean_over_successfully_projected_trials,False,,False,False,False,False,successful_trials_only,False,,,,,,,,
fine_snr,deterministic_multisine,evaluation,square,az45_el30,45.0,30.0,0.0,0.0,2048,all_6,1000,2000,112784856,all_6_equal,plane,20.0,2000,0,1.0,-0.00490581548587085,0.02284867909064565,0.02365473561208792,0.6791371642122863,0.5339919607921111,1.2393881515726386,1.6268682165414727,1.9725575804044821,1.6268682165414727,1.9725575804044821,0.0,0.0,0.0,1.0,0.0,0.0,0.0,0.0,0.0,0.0,0.0,0.0,conditional_geodesic_error_gt_30deg,0.0,0.0,euclidean_norm_of_cycle_coordinates,mean_over_successfully_projected_trials,False,,False,False,False,False,successful_trials_only,False,,,,,,,,
fine_snr,deterministic_multisine,evaluation,square,az45_el30,45.0,30.0,0.0,0.0,2048,all_6,1000,2000,112784856,all_6_cycle_equal,plane,20.0,2000,0,1.0,-0.0049058154858797175,0.022848679090644596,0.02365473561208792,0.679137164212292,0.5339919607921111,1.2393881515726386,1.626868216541475,1.9725575804042972,1.626868216541475,1.9725575804042972,0.0,0.0,0.0,1.0,0.0,0.0,0.0,0.0,0.0,0.0,0.0,0.0,conditional_geodesic_error_gt_30deg,5.895516693822337,1.1854803469356189e-13,euclidean_norm_of_cycle_coordinates,mean_over_successfully_projected_trials,False,,False,False,False,False,successful_trials_only,False,,,,,,,,
fine_snr,deterministic_multisine,evaluation,square,az45_el30,45.0,30.0,0.0,0.0,2048,all_6,1000,2000,112784856,all_6_cycle_calibrated_no_rejection,plane,20.0,2000,0,1.0,-0.02031425608479404,-0.0039309532134888725,0.01783343636234721,0.6798710931924243,0.5342960139011381,1.2408188898506802,1.632921037091061,2.013417157680733,1.632921037091061,2.013417157680733,0.0,0.0,0.0,1.0,0.0,0.0,0.0,0.0,0.0,0.0,0.0,0.0,conditional_geodesic_error_gt_30deg,5.89504788349081,1.1843154039579555e-13,euclidean_norm_of_cycle_coordinates,mean_over_successfully_projected_trials,True,,False,False,True,False,successful_trials_only,False,,,,,,,,
fine_snr,deterministic_multisine,evaluation,square,az45_el30,45.0,30.0,0.0,0.0,2048,all_6,1000,2000,112784856,all_6_cycle_calibrated_hard_p05,plane,20.0,1999,1,0.9995,-0.016292877292707515,0.006077425691510459,0.015485844891512984,0.6990008940798769,0.5488721844877547,1.2413771120878807,1.6455876383000492,2.075776576017055,1.6455876383000492,2.075776576017055,0.0,0.0,0.0,0.9995,0.0005,0.0005,0.0,0.0,0.04716666666666666,0.0,0.0005,0.0,conditional_geodesic_error_gt_30deg,5.441957919081989,1.0658227337573396e-13,euclidean_norm_of_cycle_coordinates,mean_over_successfully_projected_trials,True,5.0,True,False,True,True,successful_trials_only,False,,,,,,,,
fine_snr,deterministic_multisine,evaluation,square,az45_el30,45.0,30.0,0.0,0.0,2048,all_6,1000,2000,112784856,all_6_cycle_calibrated,plane,20.0,1993,7,0.9965,-0.01562057877644471,0.015304820348658517,0.020767759126300876,0.7292084402361946,0.5641049539688758,1.2917529202360372,1.7316485652874891,2.6558628668629853,1.7316485652874891,2.6558628668629853,0.0,0.0,0.0,0.9965,0.0035,0.0035,0.0,0.0,0.09658333333333334,0.0,0.0035,0.0,conditional_geodesic_error_gt_30deg,4.9596083438274485,9.289448068051293e-14,euclidean_norm_of_cycle_coordinates,mean_over_successfully_projected_trials,True,10.0,True,False,True,True,successful_trials_only,False,,,,,,,,
fine_snr,deterministic_multisine,evaluation,square,az45_el30,45.0,30.0,0.0,0.0,2048,all_6,1000,2000,112784856,all_6_cycle_calibrated_hard_p25,plane,20.0,1859,141,0.9295,-0.019895375126192768,0.04391130515032904,0.047717110240897365,0.8016413518566595,0.6146140198066046,1.432161395885207,1.9037191426018882,2.7278161689553997,1.9037191426018882,2.7278161689553997,0.0,0.0,0.0,0.9295,0.0705,0.0705,0.0,0.0,0.25,0.0,0.0705,0.0,conditional_geodesic_error_gt_30deg,3.616285539994525,6.137318922540275e-14,euclidean_norm_of_cycle_coordinates,mean_over_successfully_projected_trials,True,25.0,True,False,True,True,successful_trials_only,False,,,,,,,,
fine_snr,deterministic_multisine,evaluation,square,az45_el30,45.0,30.0,0.0,0.0,2048,all_6,1000,2000,112784856,all_6_cycle_calibrated_hard_p50,plane,20.0,1164,836,0.582,-0.03108598062572811,0.08887016339684314,0.09348266649155156,0.894513168187236,0.7333238088554328,1.6162500066269738,2.2011894518435953,2.647654335324682,2.2011894518435953,2.647654335324682,0.0,0.0,0.0,0.582,0.418,0.418,0.0,0.0,0.49716666666666665,0.0,0.418,0.0,conditional_geodesic_error_gt_30deg,1.934537830951531,3.2361504827481226e-14,euclidean_norm_of_cycle_coordinates,mean_over_successfully_projected_trials,True,50.0,True,False,True,True,successful_trials_only,False,,,,,,,,
fine_snr,deterministic_multisine,evaluation,square,az45_el30,45.0,30.0,0.0,0.0,2048,all_6,1000,2000,112784856,all_6_cycle_calibrated_soft,plane,20.0,2000,0,1.0,-0.019671149576261586,0.00350072134625404,0.017387546622423162,0.6800251632721801,0.5376737876187847,1.229314012090467,1.6036716175516474,1.9362709403624572,1.6036716175516474,1.9362709403624572,0.0,0.0,0.0,1.0,0.0,0.0,0.0,0.0,0.0,0.0,0.0,0.0,conditional_geodesic_error_gt_30deg,5.89504788349081,1.186755167895093e-13,euclidean_norm_of_cycle_coordinates,mean_over_successfully_projected_trials,True,,False,True,True,True,successful_trials_only,False,,,,,,,,
fine_snr,deterministic_multisine,evaluation,square,az45_el30,45.0,30.0,2.0,2.0,2048,reference_3,1000,2000,4039730877,reference_3_equal,plane,20.0,2000,0,1.0,0.02458208802119268,0.011332696921617357,0.02465441062667891,0.7148073496304086,0.595808389030816,1.2225435394415507,1.6133626736417173,2.0696452995510266,1.6133626736417173,2.0696452995510266,0.0,0.0,0.0,1.0,0.0,0.0,0.0,0.0,0.0,0.0,0.0,0.0,conditional_geodesic_error_gt_30deg,0.0,0.0,euclidean_norm_of_cycle_coordinates,mean_over_successfully_projected_trials,False,,False,False,False,False,successful_trials_only,False,,,,,,,,
fine_snr,deterministic_multisine,evaluation,square,az45_el30,45.0,30.0,2.0,2.0,2048,all_6,1000,2000,4039730877,all_6_equal,plane,20.0,2000,0,1.0,0.017198758630938588,0.038467630228372574,0.041534175916451414,0.5515371738865855,0.43476667103261546,1.000700845212249,1.3249775134555193,1.6115412836668892,1.3249775134555193,1.6115412836668892,0.0,0.0,0.0,1.0,0.0,0.0,0.0,0.0,0.0,0.0,0.0,0.0,conditional_geodesic_error_gt_30deg,0.0,0.0,euclidean_norm_of_cycle_coordinates,mean_over_successfully_projected_trials,False,,False,False,False,False,successful_trials_only,False,,,,,,,,
fine_snr,deterministic_multisine,evaluation,square,az45_el30,45.0,30.0,2.0,2.0,2048,all_6,1000,2000,4039730877,all_6_cycle_equal,plane,20.0,2000,0,1.0,0.01719875863093018,0.03846763022837204,0.041534175916451414,0.5515371738865671,0.43476667103261546,1.0007008452126132,1.3249775134552413,1.6115412836668892,1.3249775134552413,1.6115412836668892,0.0,0.0,0.0,1.0,0.0,0.0,0.0,0.0,0.0,0.0,0.0,0.0,conditional_geodesic_error_gt_30deg,4.779651952300136,1.1850633398778334e-13,euclidean_norm_of_cycle_coordinates,mean_over_successfully_projected_trials,False,,False,False,False,False,successful_trials_only,False,,,,,,,,
fine_snr,deterministic_multisine,evaluation,square,az45_el30,45.0,30.0,2.0,2.0,2048,all_6,1000,2000,4039730877,all_6_cycle_calibrated_no_rejection,plane,20.0,2000,0,1.0,0.03497701378569313,-0.012695184914487963,0.03276821433824539,0.5523964806833187,0.43197777188028996,0.989334176829547,1.333138040859513,1.558389011099919,1.333138040859513,1.558389011099919,0.0,0.0,0.0,1.0,0.0,0.0,0.0,0.0,0.0,0.0,0.0,0.0,conditional_geodesic_error_gt_30deg,4.777868588967607,1.1935430097146895e-13,euclidean_norm_of_cycle_coordinates,mean_over_successfully_projected_trials,True,,False,False,True,False,successful_trials_only,False,,,,,,,,
fine_snr,deterministic_multisine,evaluation,square,az45_el30,45.0,30.0,2.0,2.0,2048,all_6,1000,2000,4039730877,all_6_cycle_calibrated_hard_p05,plane,20.0,1998,2,0.999,0.0335224032679669,0.00956872305000418,0.030701963477213635,0.5697689065776369,0.446825625750632,1.0242262393595996,1.3356568526973296,1.5726235484623836,1.3356568526973296,1.5726235484623836,0.0,0.0,0.0,0.999,0.001,0.001,0.0,0.0,0.0495,0.0,0.001,0.0,conditional_geodesic_error_gt_30deg,4.420091018052149,1.0613668849777212e-13,euclidean_norm_of_cycle_coordinates,mean_over_successfully_projected_trials,True,5.0,True,False,True,True,successful_trials_only,False,,,,,,,,
fine_snr,deterministic_multisine,evaluation,square,az45_el30,45.0,30.0,2.0,2.0,2048,all_6,1000,2000,4039730877,all_6_cycle_calibrated,plane,20.0,1988,12,0.994,0.03252040099146463,0.024446958013856348,0.03752751439268824,0.5861249368366692,0.4626697493987,1.065617712698075,1.3436153966180087,1.574307671369325,1.3436153966180087,1.574307671369325,0.0,0.0,0.0,0.994,0.006,0.006,0.0,0.0,0.09666666666666665,0.0,0.006,0.0,conditional_geodesic_error_gt_30deg,4.0523461795373255,9.404408060261628e-14,euclidean_norm_of_cycle_coordinates,mean_over_successfully_projected_trials,True,10.0,True,False,True,True,successful_trials_only,False,,,,,,,,
fine_snr,deterministic_multisine,evaluation,square,az45_el30,45.0,30.0,2.0,2.0,2048,all_6,1000,2000,4039730877,all_6_cycle_calibrated_hard_p25,plane,20.0,1840,160,0.92,0.0290974730346117,0.0804364865050454,0.0846184398351811,0.645254384868988,0.5122719403501373,1.167234233733805,1.4491357821978983,1.6931828838868777,1.4491357821978983,1.6931828838868777,0.0,0.0,0.0,0.92,0.08,0.08,0.0,0.0,0.25908333333333333,0.0,0.08,0.0,conditional_geodesic_error_gt_30deg,2.959505826645063,6.08360726910137e-14,euclidean_norm_of_cycle_coordinates,mean_over_successfully_projected_trials,True,25.0,True,False,True,True,successful_trials_only,False,,,,,,,,
fine_snr,deterministic_multisine,evaluation,square,az45_el30,45.0,30.0,2.0,2.0,2048,all_6,1000,2000,4039730877,all_6_cycle_calibrated_hard_p50,plane,20.0,1147,853,0.5735,0.02495576015908899,0.1689257909623406,0.17068047678840717,0.7319886954128376,0.5996989666773448,1.2619447695181425,1.6651481468666045,2.420432427299216,1.6651481468666045,2.420432427299216,0.0,0.0,0.0,0.5735,0.4265,0.4265,0.0,0.0,0.5040833333333333,0.0,0.4265,0.0,conditional_geodesic_error_gt_30deg,1.6114836293578099,3.24808645174923e-14,euclidean_norm_of_cycle_coordinates,mean_over_successfully_projected_trials,True,50.0,True,False,True,True,successful_trials_only,False,,,,,,,,
fine_snr,deterministic_multisine,evaluation,square,az45_el30,45.0,30.0,2.0,2.0,2048,all_6,1000,2000,4039730877,all_6_cycle_calibrated_soft,plane,20.0,2000,0,1.0,0.03469703465429645,3.8444708974379035e-05,0.030088295294702055,0.553277235482046,0.43573035533832133,0.9870712840342479,1.3002940829797738,1.5316517028785654,1.3002940829797738,1.5316517028785654,0.0,0.0,0.0,1.0,0.0,0.0,0.0,0.0,0.0,0.0,0.0,0.0,conditional_geodesic_error_gt_30deg,4.777868588967607,1.180166229086101e-13,euclidean_norm_of_cycle_coordinates,mean_over_successfully_projected_trials,True,,False,True,True,True,successful_trials_only,False,,,,,,,,
fine_snr,deterministic_multisine,evaluation,square,az45_el30,45.0,30.0,5.0,5.0,2048,reference_3,1000,2000,1938692259,reference_3_equal,plane,20.0,2000,0,1.0,0.0020633422588152025,0.019128922452413603,0.019701450756450963,0.531287922206536,0.43390209595666507,0.9283967663377428,1.1643384661378298,1.4039763820380045,1.1643384661378298,1.4039763820380045,0.0,0.0,0.0,1.0,0.0,0.0,0.0,0.0,0.0,0.0,0.0,0.0,conditional_geodesic_error_gt_30deg,0.0,0.0,euclidean_norm_of_cycle_coordinates,mean_over_successfully_projected_trials,False,,False,False,False,False,successful_trials_only,False,,,,,,,,
fine_snr,deterministic_multisine,evaluation,square,az45_el30,45.0,30.0,5.0,5.0,2048,all_6,1000,2000,1938692259,all_6_equal,plane,20.0,2000,0,1.0,0.001129591244935284,0.06373095522065378,0.06390263201112124,0.43014366591509773,0.33082119026929624,0.7703083987740464,1.0445649231424277,1.2518372026561895,1.0445649231424277,1.2518372026561895,0.0,0.0,0.0,1.0,0.0,0.0,0.0,0.0,0.0,0.0,0.0,0.0,conditional_geodesic_error_gt_30deg,0.0,0.0,euclidean_norm_of_cycle_coordinates,mean_over_successfully_projected_trials,False,,False,False,False,False,successful_trials_only,False,,,,,,,,
fine_snr,deterministic_multisine,evaluation,square,az45_el30,45.0,30.0,5.0,5.0,2048,all_6,1000,2000,1938692259,all_6_cycle_equal,plane,20.0,2000,0,1.0,0.0011295912449266836,0.06373095522065346,0.06390263200541779,0.4301436659150939,0.33082119027094875,0.7703083987744961,1.0445649231427732,1.2518372026561893,1.0445649231427732,1.2518372026561893,0.0,0.0,0.0,1.0,0.0,0.0,0.0,0.0,0.0,0.0,0.0,0.0,conditional_geodesic_error_gt_30deg,3.380753076303803,1.184143654328674e-13,euclidean_norm_of_cycle_coordinates,mean_over_successfully_projected_trials,False,,False,False,False,False,successful_trials_only,False,,,,,,,,
fine_snr,deterministic_multisine,evaluation,square,az45_el30,45.0,30.0,5.0,5.0,2048,all_6,1000,2000,1938692259,all_6_cycle_calibrated_no_rejection,plane,20.0,2000,0,1.0,0.004373858014656959,0.01584895799200256,0.016450939569841703,0.42673462281139246,0.3231036265256883,0.7821234330049442,1.016516616888841,1.336031947293323,1.016516616888841,1.336031947293323,0.0,0.0,0.0,1.0,0.0,0.0,0.0,0.0,0.0,0.0,0.0,0.0,conditional_geodesic_error_gt_30deg,3.370451583791762,1.1911455639014028e-13,euclidean_norm_of_cycle_coordinates,mean_over_successfully_projected_trials,True,,False,False,True,False,successful_trials_only,False,,,,,,,,
fine_snr,deterministic_multisine,evaluation,square,az45_el30,45.0,30.0,5.0,5.0,2048,all_6,1000,2000,1938692259,all_6_cycle_calibrated_hard_p05,plane,20.0,2000,0,1.0,0.006008336096600602,0.05870366914041578,0.059084606638361334,0.44292861720036497,0.3295235030395031,0.8121350523977522,1.064864980558964,1.4157374776187264,1.064864980558964,1.4157374776187264,0.0,0.0,0.0,1.0,0.0,0.0,0.0,0.0,0.05483333333333333,0.0,0.0,0.0,conditional_geodesic_error_gt_30deg,3.055673184734139,1.021753192964196e-13,euclidean_norm_of_cycle_coordinates,mean_over_successfully_projected_trials,True,5.0,True,False,True,True,successful_trials_only,False,,,,,,,,
fine_snr,deterministic_multisine,evaluation,square,az45_el30,45.0,30.0,5.0,5.0,2048,all_6,1000,2000,1938692259,all_6_cycle_calibrated,plane,20.0,1987,13,0.9935,0.0048731662605651805,0.08615809995685136,0.08640552033256084,0.4549489103933788,0.342216574266512,0.8414136950042569,1.077099580945099,1.4157915439414777,1.077099580945099,1.4157915439414777,0.0,0.0,0.0,0.9935,0.0065,0.0065,0.0,0.0,0.11,0.0,0.0065,0.0,conditional_geodesic_error_gt_30deg,2.749155737947623,8.902796621411564e-14,euclidean_norm_of_cycle_coordinates,mean_over_successfully_projected_trials,True,10.0,True,False,True,True,successful_trials_only,False,,,,,,,,
fine_snr,deterministic_multisine,evaluation,square,az45_el30,45.0,30.0,5.0,5.0,2048,all_6,1000,2000,1938692259,all_6_cycle_calibrated_hard_p25,plane,20.0,1852,148,0.926,0.003674463203031209,0.15286137407342504,0.15304139628423097,0.500874451992095,0.38508471145667555,0.9114693781951472,1.2315864708747462,1.5428969804938508,1.2315864708747462,1.5428969804938508,0.0,0.0,0.0,0.926,0.074,0.074,0.0,0.0,0.24908333333333332,0.0,0.074,0.0,conditional_geodesic_error_gt_30deg,2.006254053384503,6.137733448299569e-14,euclidean_norm_of_cycle_coordinates,mean_over_successfully_projected_trials,True,25.0,True,False,True,True,successful_trials_only,False,,,,,,,,
fine_snr,deterministic_multisine,evaluation,square,az45_el30,45.0,30.0,5.0,5.0,2048,all_6,1000,2000,1938692259,all_6_cycle_calibrated_hard_p50,plane,20.0,1200,800,0.6,-0.0016921108077650846,0.29703505400369057,0.29719133917683876,0.5927829920666232,0.4954376801815157,1.0187803287896207,1.3130679596262358,1.6607878528618232,1.3130679596262358,1.6607878528618232,0.0,0.0,0.0,0.6,0.4,0.4,0.0,0.0,0.494,0.0,0.4,0.0,conditional_geodesic_error_gt_30deg,1.0223852651441692,3.273655321652996e-14,euclidean_norm_of_cycle_coordinates,mean_over_successfully_projected_trials,True,50.0,True,False,True,True,successful_trials_only,False,,,,,,,,
fine_snr,deterministic_multisine,evaluation,square,az45_el30,45.0,30.0,5.0,5.0,2048,all_6,1000,2000,1938692259,all_6_cycle_calibrated_soft,plane,20.0,2000,0,1.0,0.004069523631357672,0.033494046046910135,0.03383450030569492,0.4297814824967844,0.32605614418322787,0.77734521668521,1.0093761416248972,1.352243061302728,1.0093761416248972,1.352243061302728,0.0,0.0,0.0,1.0,0.0,0.0,0.0,0.0,0.0,0.0,0.0,0.0,conditional_geodesic_error_gt_30deg,3.370451583791762,1.1793409262937149e-13,euclidean_norm_of_cycle_coordinates,mean_over_successfully_projected_trials,True,,False,True,True,True,successful_trials_only,False,,,,,,,,
fine_snr,deterministic_multisine,evaluation,square,az45_el30,45.0,30.0,10.0,10.0,2048,reference_3,1000,2000,1238720312,reference_3_equal,plane,20.0,2000,0,1.0,-0.005771940575216478,0.027156666876834632,0.02775278161072422,0.30940253412305124,0.24848069623021218,0.5443455896928755,0.6978768820331992,0.8911782937251752,0.6978768820331992,0.8911782937251752,0.0,0.0,0.0,1.0,0.0,0.0,0.0,0.0,0.0,0.0,0.0,0.0,conditional_geodesic_error_gt_30deg,0.0,0.0,euclidean_norm_of_cycle_coordinates,mean_over_successfully_projected_trials,False,,False,False,False,False,successful_trials_only,False,,,,,,,,
fine_snr,deterministic_multisine,evaluation,square,az45_el30,45.0,30.0,10.0,10.0,2048,all_6,1000,2000,1238720312,all_6_equal,plane,20.0,2000,0,1.0,-0.002627023162042937,0.08444767579273078,0.08453765129170171,0.2720143747704676,0.20467198390495459,0.5090586065407869,0.640645012177824,0.7619570360974243,0.640645012177824,0.7619570360974243,0.0,0.0,0.0,1.0,0.0,0.0,0.0,0.0,0.0,0.0,0.0,0.0,conditional_geodesic_error_gt_30deg,0.0,0.0,euclidean_norm_of_cycle_coordinates,mean_over_successfully_projected_trials,False,,False,False,False,False,successful_trials_only,False,,,,,,,,
fine_snr,deterministic_multisine,evaluation,square,az45_el30,45.0,30.0,10.0,10.0,2048,all_6,1000,2000,1238720312,all_6_cycle_equal,plane,20.0,2000,0,1.0,-0.00262702316205113,0.08444767579273071,0.08453765129170171,0.27201437477044477,0.20467198390317307,0.5090586065401426,0.6406450121772552,0.7619570360974243,0.6406450121772552,0.7619570360974243,0.0,0.0,0.0,1.0,0.0,0.0,0.0,0.0,0.0,0.0,0.0,0.0,conditional_geodesic_error_gt_30deg,1.8108931359340197,1.1827906939046952e-13,euclidean_norm_of_cycle_coordinates,mean_over_successfully_projected_trials,False,,False,False,False,False,successful_trials_only,False,,,,,,,,
fine_snr,deterministic_multisine,evaluation,square,az45_el30,45.0,30.0,10.0,10.0,2048,all_6,1000,2000,1238720312,all_6_cycle_calibrated_no_rejection,plane,20.0,2000,0,1.0,0.004925880217413271,-0.014219722967838999,0.014787977704451985,0.2591389478776325,0.198935101624528,0.4784754031526414,0.6224220022432381,0.7795734381157173,0.6224220022432381,0.7795734381157173,0.0,0.0,0.0,1.0,0.0,0.0,0.0,0.0,0.0,0.0,0.0,0.0,conditional_geodesic_error_gt_30deg,1.765957776908594,1.1896566845690553e-13,euclidean_norm_of_cycle_coordinates,mean_over_successfully_projected_trials,True,,False,False,True,False,successful_trials_only,False,,,,,,,,
fine_snr,deterministic_multisine,evaluation,square,az45_el30,45.0,30.0,10.0,10.0,2048,all_6,1000,2000,1238720312,all_6_cycle_calibrated_hard_p05,plane,20.0,1997,3,0.9985,0.004671496852452476,0.018896642167970934,0.019374798070150124,0.25881891344354013,0.19493640946721458,0.478112940833629,0.6240041843473997,0.7886615570338111,0.6240041843473997,0.7886615570338111,0.0,0.0,0.0,0.9985,0.0015,0.0015,0.0,0.0,0.05591666666666666,0.0,0.0015,0.0,conditional_geodesic_error_gt_30deg,1.5745159189595979,1.0311678435499635e-13,euclidean_norm_of_cycle_coordinates,mean_over_successfully_projected_trials,True,5.0,True,False,True,True,successful_trials_only,False,,,,,,,,
fine_snr,deterministic_multisine,evaluation,square,az45_el30,45.0,30.0,10.0,10.0,2048,all_6,1000,2000,1238720312,all_6_cycle_calibrated,plane,20.0,1978,22,0.989,0.004674235694558956,0.03706834794657701,0.03733711429039111,0.26249866028490226,0.19826097505020623,0.49010802895332295,0.6251218626393661,0.7810807905781258,0.6251218626393661,0.7810807905781258,0.0,0.0,0.0,0.989,0.011,0.011,0.0,0.0,0.10225,0.0,0.011,0.0,conditional_geodesic_error_gt_30deg,1.4487777043766465,9.223392799736882e-14,euclidean_norm_of_cycle_coordinates,mean_over_successfully_projected_trials,True,10.0,True,False,True,True,successful_trials_only,False,,,,,,,,
fine_snr,deterministic_multisine,evaluation,square,az45_el30,45.0,30.0,10.0,10.0,2048,all_6,1000,2000,1238720312,all_6_cycle_calibrated_hard_p25,plane,20.0,1839,161,0.9195,0.006399864286015187,0.09395854025048601,0.09417092917714588,0.28996411679994744,0.22005237502906774,0.5288660583172472,0.6771901210467774,0.9284281393562182,0.6771901210467774,0.9284281393562182,0.0,0.0,0.0,0.9195,0.0805,0.0805,0.0,0.0,0.24925,0.0,0.0805,0.0,conditional_geodesic_error_gt_30deg,1.0614113354825416,6.301317491822878e-14,euclidean_norm_of_cycle_coordinates,mean_over_successfully_projected_trials,True,25.0,True,False,True,True,successful_trials_only,False,,,,,,,,
fine_snr,deterministic_multisine,evaluation,square,az45_el30,45.0,30.0,10.0,10.0,2048,all_6,1000,2000,1238720312,all_6_cycle_calibrated_hard_p50,plane,20.0,1139,861,0.5695,0.0002473876924654373,0.20124600831341857,0.20130297948610934,0.3633498355624296,0.3043537167986895,0.6343296199313573,0.7764319524493999,0.9619033192631792,0.7764319524493999,0.9619033192631792,0.0,0.0,0.0,0.5695,0.4305,0.4305,0.0,0.0,0.506,0.0,0.4305,0.0,conditional_geodesic_error_gt_30deg,0.5657735485395843,3.079267339746092e-14,euclidean_norm_of_cycle_coordinates,mean_over_successfully_projected_trials,True,50.0,True,False,True,True,successful_trials_only,False,,,,,,,,
fine_snr,deterministic_multisine,evaluation,square,az45_el30,45.0,30.0,10.0,10.0,2048,all_6,1000,2000,1238720312,all_6_cycle_calibrated_soft,plane,20.0,2000,0,1.0,0.004616432489050847,-0.0016641996183305978,0.004303364146440599,0.25990103935257763,0.19790450907606513,0.4787635173775384,0.6168909328858005,0.8095363768180817,0.6168909328858005,0.8095363768180817,0.0,0.0,0.0,1.0,0.0,0.0,0.0,0.0,0.0,0.0,0.0,0.0,conditional_geodesic_error_gt_30deg,1.765957776908594,1.1868044487722815e-13,euclidean_norm_of_cycle_coordinates,mean_over_successfully_projected_trials,True,,False,True,True,True,successful_trials_only,False,,,,,,,,
fine_snr,deterministic_multisine,evaluation,square,az45_el30,45.0,30.0,20.0,20.0,2048,reference_3,1000,2000,318082304,reference_3_equal,plane,20.0,2000,0,1.0,-0.0029080585048126928,0.03552404190585214,0.03562564282628196,0.12150100126695203,0.09060216670013073,0.22909134684873905,0.2872552511740137,0.34547654058413874,0.2872552511740137,0.34547654058413874,0.0,0.0,0.0,1.0,0.0,0.0,0.0,0.0,0.0,0.0,0.0,0.0,conditional_geodesic_error_gt_30deg,0.0,0.0,euclidean_norm_of_cycle_coordinates,mean_over_successfully_projected_trials,False,,False,False,False,False,successful_trials_only,False,,,,,,,,
fine_snr,deterministic_multisine,evaluation,square,az45_el30,45.0,30.0,20.0,20.0,2048,all_6,1000,2000,318082304,all_6_equal,plane,20.0,2000,0,1.0,-0.002450330487114921,0.1312056747217872,0.13123153230177753,0.1716784091243068,0.13957903526234186,0.30355454480281985,0.370239617951444,0.42256834159750467,0.370239617951444,0.42256834159750467,0.0,0.0,0.0,1.0,0.0,0.0,0.0,0.0,0.0,0.0,0.0,0.0,conditional_geodesic_error_gt_30deg,0.0,0.0,euclidean_norm_of_cycle_coordinates,mean_over_successfully_projected_trials,False,,False,False,False,False,successful_trials_only,False,,,,,,,,
fine_snr,deterministic_multisine,evaluation,square,az45_el30,45.0,30.0,20.0,20.0,2048,all_6,1000,2000,318082304,all_6_cycle_equal,plane,20.0,2000,0,1.0,-0.0024503304871234576,0.13120567472178704,0.13123153229900028,0.17167840912430044,0.13957903526103643,0.30355454480281985,0.3702396179514538,0.42256834159750467,0.3702396179514538,0.42256834159750467,0.0,0.0,0.0,1.0,0.0,0.0,0.0,0.0,0.0,0.0,0.0,0.0,conditional_geodesic_error_gt_30deg,0.7085244211595281,1.1823145305316271e-13,euclidean_norm_of_cycle_coordinates,mean_over_successfully_projected_trials,False,,False,False,False,False,successful_trials_only,False,,,,,,,,
fine_snr,deterministic_multisine,evaluation,square,az45_el30,45.0,30.0,20.0,20.0,2048,all_6,1000,2000,318082304,all_6_cycle_calibrated_no_rejection,plane,20.0,2000,0,1.0,-0.0002502400206834444,0.0017716295985557371,0.0017936081556753096,0.10966443061338593,0.08410153010030458,0.20140252751713578,0.26198977540426754,0.3265534733056365,0.26198977540426754,0.3265534733056365,0.0,0.0,0.0,1.0,0.0,0.0,0.0,0.0,0.0,0.0,0.0,0.0,conditional_geodesic_error_gt_30deg,0.4530752686115909,1.1912445744089e-13,euclidean_norm_of_cycle_coordinates,mean_over_successfully_projected_trials,True,,False,False,True,False,successful_trials_only,False,,,,,,,,
fine_snr,deterministic_multisine,evaluation,square,az45_el30,45.0,30.0,20.0,20.0,2048,all_6,1000,2000,318082304,all_6_cycle_calibrated_hard_p05,plane,20.0,1996,4,0.998,-0.00038608940462959117,0.006977398257495949,0.006993879214568406,0.11034925679797644,0.08289240060380604,0.20708826473455216,0.2683663445231303,0.3305897007597768,0.2683663445231303,0.3305897007597768,0.0,0.0,0.0,0.998,0.002,0.002,0.0,0.0,0.05566666666666667,0.0,0.002,0.0,conditional_geodesic_error_gt_30deg,0.4085453471820891,1.0493109772723316e-13,euclidean_norm_of_cycle_coordinates,mean_over_successfully_projected_trials,True,5.0,True,False,True,True,successful_trials_only,False,,,,,,,,
fine_snr,deterministic_multisine,evaluation,square,az45_el30,45.0,30.0,20.0,20.0,2048,all_6,1000,2000,318082304,all_6_cycle_calibrated,plane,20.0,1975,25,0.9875,-4.429278174091748e-05,0.01011808259206045,0.010126289915999192,0.1098554137865809,0.082235732660294,0.20926590508074408,0.2641676928337088,0.3218294678645377,0.2641676928337088,0.3218294678645377,0.0,0.0,0.0,0.9875,0.0125,0.0125,0.0,0.0,0.10475,0.0,0.0125,0.0,conditional_geodesic_error_gt_30deg,0.37076222360699673,9.3537420264428e-14,euclidean_norm_of_cycle_coordinates,mean_over_successfully_projected_trials,True,10.0,True,False,True,True,successful_trials_only,False,,,,,,,,
fine_snr,deterministic_multisine,evaluation,square,az45_el30,45.0,30.0,20.0,20.0,2048,all_6,1000,2000,318082304,all_6_cycle_calibrated_hard_p25,plane,20.0,1788,212,0.894,-0.0004375851161532418,0.03030108877669236,0.03031145475403428,0.11310784354036323,0.08280289550632891,0.21313476700784173,0.27119990688987256,0.3357286825916339,0.27119990688987256,0.3357286825916339,0.0,0.0,0.0,0.894,0.106,0.106,0.0,0.0,0.2535,0.0,0.106,0.0,conditional_geodesic_error_gt_30deg,0.27004949647225723,6.639240094338243e-14,euclidean_norm_of_cycle_coordinates,mean_over_successfully_projected_trials,True,25.0,True,False,True,True,successful_trials_only,False,,,,,,,,
fine_snr,deterministic_multisine,evaluation,square,az45_el30,45.0,30.0,20.0,20.0,2048,all_6,1000,2000,318082304,all_6_cycle_calibrated_hard_p50,plane,20.0,1073,927,0.5365,-0.0003220665638215872,0.09081972440396416,0.090827223476508,0.13143936512628104,0.10721010648099914,0.2318644595478476,0.28665113837194883,0.31987836522024676,0.28665113837194883,0.31987836522024676,0.0,0.0,0.0,0.5365,0.4635,0.4635,0.0,0.0,0.5040833333333333,0.0,0.4635,0.0,conditional_geodesic_error_gt_30deg,0.17098201673348218,4.042690804773098e-14,euclidean_norm_of_cycle_coordinates,mean_over_successfully_projected_trials,True,50.0,True,False,True,True,successful_trials_only,False,,,,,,,,
fine_snr,deterministic_multisine,evaluation,square,az45_el30,45.0,30.0,20.0,20.0,2048,all_6,1000,2000,318082304,all_6_cycle_calibrated_soft,plane,20.0,2000,0,1.0,-0.0002947027647995493,0.004965156768412271,0.004980363265501049,0.11007706740312832,0.0841867929591449,0.2036026993353879,0.26535074292412897,0.3172780826017004,0.26535074292412897,0.3172780826017004,0.0,0.0,0.0,1.0,0.0,0.0,0.0,0.0,0.0,0.0,0.0,0.0,conditional_geodesic_error_gt_30deg,0.4530752686115909,1.1901779463307856e-13,euclidean_norm_of_cycle_coordinates,mean_over_successfully_projected_trials,True,,False,True,True,True,successful_trials_only,False,,,,,,,,
fine_snr,deterministic_multisine,evaluation,square,az45_el30,45.0,30.0,30.0,30.0,2048,reference_3,1000,2000,280352956,reference_3_equal,plane,20.0,2000,0,1.0,0.00018174121266274076,0.03970108879902822,0.03970277216839614,0.0626740598176299,0.04755038856151776,0.1142391686072233,0.14903748097645092,0.1674915767606809,0.14903748097645092,0.1674915767606809,0.0,0.0,0.0,1.0,0.0,0.0,0.0,0.0,0.0,0.0,0.0,0.0,conditional_geodesic_error_gt_30deg,0.0,0.0,euclidean_norm_of_cycle_coordinates,mean_over_successfully_projected_trials,False,,False,False,False,False,successful_trials_only,False,,,,,,,,
fine_snr,deterministic_multisine,evaluation,square,az45_el30,45.0,30.0,30.0,30.0,2048,all_6,1000,2000,280352956,all_6_equal,plane,20.0,2000,0,1.0,0.0002922749555917297,0.13877421673805837,0.13877558044288077,0.14731148452000103,0.13984662430438335,0.21644291181459768,0.25241299919628046,0.2762058829321027,0.25241299919628046,0.2762058829321027,0.0,0.0,0.0,1.0,0.0,0.0,0.0,0.0,0.0,0.0,0.0,0.0,conditional_geodesic_error_gt_30deg,0.0,0.0,euclidean_norm_of_cycle_coordinates,mean_over_successfully_projected_trials,False,,False,False,False,False,successful_trials_only,False,,,,,,,,
fine_snr,deterministic_multisine,evaluation,square,az45_el30,45.0,30.0,30.0,30.0,2048,all_6,1000,2000,280352956,all_6_cycle_equal,plane,20.0,2000,0,1.0,0.0002922749555829514,0.1387742167380571,0.13877558044288077,0.14731148452007153,0.13984662430308023,0.21644291181611353,0.25241299919626614,0.2762058829321027,0.25241299919626614,0.2762058829321027,0.0,0.0,0.0,1.0,0.0,0.0,0.0,0.0,0.0,0.0,0.0,0.0,conditional_geodesic_error_gt_30deg,0.49705256221584626,1.181778465938104e-13,euclidean_norm_of_cycle_coordinates,mean_over_successfully_projected_trials,False,,False,False,False,False,successful_trials_only,False,,,,,,,,
fine_snr,deterministic_multisine,evaluation,square,az45_el30,45.0,30.0,30.0,30.0,2048,all_6,1000,2000,280352956,all_6_cycle_calibrated_no_rejection,plane,20.0,2000,0,1.0,0.0007078278772083315,-0.000566779447013588,0.0008341608835487768,0.04757121350900859,0.03397191204708511,0.09183758890170443,0.12010960496295861,0.1455793924368297,0.12010960496295861,0.1455793924368297,0.0,0.0,0.0,1.0,0.0,0.0,0.0,0.0,0.0,0.0,0.0,0.0,conditional_geodesic_error_gt_30deg,0.1417009797013849,1.1862739919951142e-13,euclidean_norm_of_cycle_coordinates,mean_over_successfully_projected_trials,True,,False,False,True,False,successful_trials_only,False,,,,,,,,
fine_snr,deterministic_multisine,evaluation,square,az45_el30,45.0,30.0,30.0,30.0,2048,all_6,1000,2000,280352956,all_6_cycle_calibrated_hard_p05,plane,20.0,1983,17,0.9915,0.0007445110625572357,-0.0010786944676024076,0.001255809616772403,0.04913773976659279,0.03475367218389641,0.09540320895143309,0.12638586899025347,0.165381960260477,0.12638586899025347,0.165381960260477,0.0,0.0,0.0,0.9915,0.0085,0.0085,0.0,0.0,0.04475,0.0,0.0085,0.0,conditional_geodesic_error_gt_30deg,0.13024430282439217,1.090757834285234e-13,euclidean_norm_of_cycle_coordinates,mean_over_successfully_projected_trials,True,5.0,True,False,True,True,successful_trials_only,False,,,,,,,,
fine_snr,deterministic_multisine,evaluation,square,az45_el30,45.0,30.0,30.0,30.0,2048,all_6,1000,2000,280352956,all_6_cycle_calibrated,plane,20.0,1937,63,0.9685,0.0008262895013493221,0.00031858719093724844,0.0007838083827610931,0.04734023457279251,0.03447591407643088,0.0894276130486621,0.11709539982936884,0.13732261277554905,0.11709539982936884,0.13732261277554905,0.0,0.0,0.0,0.9685,0.0315,0.0315,0.0,0.0,0.09308333333333331,0.0,0.0315,0.0,conditional_geodesic_error_gt_30deg,0.12086816037672642,9.941878772553954e-14,euclidean_norm_of_cycle_coordinates,mean_over_successfully_projected_trials,True,10.0,True,False,True,True,successful_trials_only,False,,,,,,,,
fine_snr,deterministic_multisine,evaluation,square,az45_el30,45.0,30.0,30.0,30.0,2048,all_6,1000,2000,280352956,all_6_cycle_calibrated_hard_p25,plane,20.0,1694,306,0.847,0.0006059443883133899,0.01008879010800917,0.010103423872181126,0.042757351320395154,0.0309790902110662,0.07885823725026744,0.11236932368686116,0.13258659041561563,0.11236932368686116,0.13258659041561563,0.0,0.0,0.0,0.847,0.153,0.153,0.0,0.0,0.24675,0.0,0.153,0.0,conditional_geodesic_error_gt_30deg,0.09324525080905129,7.564370169259946e-14,euclidean_norm_of_cycle_coordinates,mean_over_successfully_projected_trials,True,25.0,True,False,True,True,successful_trials_only,False,,,,,,,,
fine_snr,deterministic_multisine,evaluation,square,az45_el30,45.0,30.0,30.0,30.0,2048,all_6,1000,2000,280352956,all_6_cycle_calibrated_hard_p50,plane,20.0,1045,955,0.5225,0.0009118802202643137,0.03261819437479302,0.03262866432761386,0.0488460527472266,0.03683589547934776,0.09185186115468572,0.11797232493156572,0.1350819689471513,0.11797232493156572,0.1350819689471513,0.0,0.0,0.0,0.5225,0.4775,0.4775,0.0,0.0,0.5043333333333334,0.0,0.4775,0.0,conditional_geodesic_error_gt_30deg,0.05964806258142195,4.941078894499242e-14,euclidean_norm_of_cycle_coordinates,mean_over_successfully_projected_trials,True,50.0,True,False,True,True,successful_trials_only,False,,,,,,,,
fine_snr,deterministic_multisine,evaluation,square,az45_el30,45.0,30.0,30.0,30.0,2048,all_6,1000,2000,280352956,all_6_cycle_calibrated_soft,plane,20.0,2000,0,1.0,0.0007048163782971123,7.196529800690685e-05,0.0006147780908026395,0.047545554208548044,0.03413049438463215,0.0913612238598954,0.11973720473399373,0.14495273138041712,0.11973720473399373,0.14495273138041712,0.0,0.0,0.0,1.0,0.0,0.0,0.0,0.0,0.0,0.0,0.0,0.0,conditional_geodesic_error_gt_30deg,0.1417009797013849,1.195907400620824e-13,euclidean_norm_of_cycle_coordinates,mean_over_successfully_projected_trials,True,,False,True,True,True,successful_trials_only,False,,,,,,,,
signal_comparison,deterministic_multisine,evaluation,square,az45_el30,45.0,30.0,-10.0,-10.0,2048,reference_3,1000,2000,611118181,reference_3_equal,plane,20.0,2000,0,1.0,1.0970270381339922,2.0569010061307185,4.517087952866528,28.982771934636272,4.002382460610965,68.90116571493584,86.06926915645134,120.47035052203553,86.06926915645134,120.47035052203553,0.4335,0.329,0.206,1.0,0.0,0.0,0.0,0.028,0.0,0.0,0.0,0.206,conditional_geodesic_error_gt_30deg,0.0,0.0,euclidean_norm_of_cycle_coordinates,mean_over_successfully_projected_trials,False,,False,False,False,False,successful_trials_only,False,,,,,,,,
signal_comparison,deterministic_multisine,evaluation,square,az45_el30,45.0,30.0,-10.0,-10.0,2048,all_6,1000,2000,611118181,all_6_equal,plane,20.0,2000,0,1.0,0.6094304439305186,6.633588961843538,7.396240205158545,22.224072337335144,5.912405962898745,54.892057382051526,69.05906814790542,85.16736030443843,69.05906814790542,85.16736030443843,0.5255,0.417,0.1545,1.0,0.0,0.0,0.0,0.028,0.0,0.0,0.0,0.1545,conditional_geodesic_error_gt_30deg,0.0,0.0,euclidean_norm_of_cycle_coordinates,mean_over_successfully_projected_trials,False,,False,False,False,False,successful_trials_only,False,,,,,,,,
signal_comparison,deterministic_multisine,evaluation,square,az45_el30,45.0,30.0,-10.0,-10.0,2048,all_6,1000,2000,611118181,all_6_cycle_equal,plane,20.0,2000,0,1.0,0.6094304439305094,6.633588961843535,7.396240205158595,22.224072337335148,5.912405962898715,54.892057382051526,69.05906814790542,85.16736030443843,69.05906814790542,85.16736030443843,0.5255,0.417,0.1545,1.0,0.0,0.0,0.0,0.028,0.0,0.0,0.0,0.1545,conditional_geodesic_error_gt_30deg,172.88665721937355,1.0926856299899811e-13,euclidean_norm_of_cycle_coordinates,mean_over_successfully_projected_trials,False,,False,False,False,False,successful_trials_only,False,,,,,,,,
signal_comparison,deterministic_multisine,evaluation,square,az45_el30,45.0,30.0,-10.0,-10.0,2048,all_6,1000,2000,611118181,all_6_cycle_calibrated_no_rejection,plane,20.0,2000,0,1.0,0.2294524965335786,-7.933709372121423,7.802973651561659,23.210543318848,19.01393185186729,38.19953526339068,50.878417321630444,70.60771250484483,50.878417321630444,70.60771250484483,0.962,0.8665,0.254,1.0,0.0,0.0,0.0,0.028,0.0,0.0,0.0,0.254,conditional_geodesic_error_gt_30deg,173.4200445658428,1.2332345437344985e-13,euclidean_norm_of_cycle_coordinates,mean_over_successfully_projected_trials,True,,False,False,True,False,successful_trials_only,False,,,,,,,,
signal_comparison,deterministic_multisine,evaluation,square,az45_el30,45.0,30.0,-10.0,-10.0,2048,all_6,1000,2000,611118181,all_6_cycle_calibrated_hard_p05,plane,20.0,1990,10,0.995,0.3214062223514514,-11.322101773732534,11.302014305135403,21.973777544048943,18.13261555504335,34.99671956194754,47.78409994893775,74.26351337356792,47.78409994893775,74.26351337356792,0.9668341708542714,0.8668341708542714,0.2201005025125628,0.995,0.005,0.005,0.0,0.028,0.09333333333333332,0.0,0.005,0.2201005025125628,conditional_geodesic_error_gt_30deg,114.58889370703358,1.0031120267319648e-13,euclidean_norm_of_cycle_coordinates,mean_over_successfully_projected_trials,True,5.0,True,False,True,True,successful_trials_only,False,,,,,,,,
signal_comparison,deterministic_multisine,evaluation,square,az45_el30,45.0,30.0,-10.0,-10.0,2048,all_6,1000,2000,611118181,all_6_cycle_calibrated,plane,20.0,1949,51,0.9745,0.261327869490648,-13.025502176386132,13.021063161500877,21.80487459615227,18.118715437423017,32.91062361573276,49.38840387744694,84.20677162539634,49.38840387744694,84.20677162539634,0.9763981528989225,0.8871216008209338,0.20625962031811185,0.9745,0.0255,0.0255,0.0,0.028,0.1728333333333333,0.0,0.0255,0.20625962031811185,conditional_geodesic_error_gt_30deg,81.9448691872035,8.425882297618819e-14,euclidean_norm_of_cycle_coordinates,mean_over_successfully_projected_trials,True,10.0,True,False,True,True,successful_trials_only,False,,,,,,,,
signal_comparison,deterministic_multisine,evaluation,square,az45_el30,45.0,30.0,-10.0,-10.0,2048,all_6,1000,2000,611118181,all_6_cycle_calibrated_hard_p25,plane,20.0,1680,320,0.84,0.609857244068596,-15.388354868506891,15.450235353238043,21.581509946589456,17.90569330210073,31.327476749442347,47.850961275126416,75.64821611816103,47.850961275126416,75.64821611816103,0.9791666666666666,0.9047619047619048,0.20357142857142857,0.84,0.16,0.16,0.0,0.028,0.34325,0.0,0.16,0.20357142857142857,conditional_geodesic_error_gt_30deg,37.92320160111206,5.111739583638228e-14,euclidean_norm_of_cycle_coordinates,mean_over_successfully_projected_trials,True,25.0,True,False,True,True,successful_trials_only,False,,,,,,,,
signal_comparison,deterministic_multisine,evaluation,square,az45_el30,45.0,30.0,-10.0,-10.0,2048,all_6,1000,2000,611118181,all_6_cycle_calibrated_hard_p50,plane,20.0,910,1090,0.455,0.8953180635197372,-16.61906294173193,16.671417429507155,21.778589897182602,17.952321906730848,30.272563910525978,50.153267276385264,76.34011482360158,50.153267276385264,76.34011482360158,0.9824175824175824,0.9153846153846154,0.2076923076923077,0.455,0.545,0.545,0.0,0.028,0.5686666666666668,0.0,0.545,0.2076923076923077,conditional_geodesic_error_gt_30deg,15.392249009570753,2.5805401678572503e-14,euclidean_norm_of_cycle_coordinates,mean_over_successfully_projected_trials,True,50.0,True,False,True,True,successful_trials_only,False,,,,,,,,
signal_comparison,deterministic_multisine,evaluation,square,az45_el30,45.0,30.0,-10.0,-10.0,2048,all_6,1000,2000,611118181,all_6_cycle_calibrated_soft,plane,20.0,2000,0,1.0,0.20174944552399923,-8.597438726995492,8.520077183319678,22.035647969665863,18.120905153714016,36.088101000175456,48.47832908825176,62.53028355133796,48.47832908825176,62.53028355133796,0.961,0.854,0.2265,1.0,0.0,0.0,0.0,0.028,0.0,0.0,0.0,0.2265,conditional_geodesic_error_gt_30deg,173.4200445658428,1.2279457414091537e-13,euclidean_norm_of_cycle_coordinates,mean_over_successfully_projected_trials,True,,False,True,True,True,successful_trials_only,False,,,,,,,,
signal_comparison,deterministic_multisine,evaluation,square,az45_el30,45.0,30.0,0.0,0.0,2048,reference_3,1000,2000,1163519857,reference_3_equal,plane,20.0,2000,0,1.0,0.0023250734356440646,-0.0027530270869730654,0.002206799101700979,0.8909800773102825,0.7276574933229202,1.5682987613514847,1.9713715905615614,2.4985302371324747,1.9713715905615614,2.4985302371324747,0.0,0.0,0.0,1.0,0.0,0.0,0.0,0.0,0.0,0.0,0.0,0.0,conditional_geodesic_error_gt_30deg,0.0,0.0,euclidean_norm_of_cycle_coordinates,mean_over_successfully_projected_trials,False,,False,False,False,False,successful_trials_only,False,,,,,,,,
signal_comparison,deterministic_multisine,evaluation,square,az45_el30,45.0,30.0,0.0,0.0,2048,all_6,1000,2000,1163519857,all_6_equal,plane,20.0,2000,0,1.0,0.01053456219394775,0.021928644358568367,0.024149843906052643,0.6787787092527886,0.533383201247584,1.2172802448689923,1.5605354600522243,2.093060827109378,1.5605354600522243,2.093060827109378,0.0,0.0,0.0,1.0,0.0,0.0,0.0,0.0,0.0,0.0,0.0,0.0,conditional_geodesic_error_gt_30deg,0.0,0.0,euclidean_norm_of_cycle_coordinates,mean_over_successfully_projected_trials,False,,False,False,False,False,successful_trials_only,False,,,,,,,,
signal_comparison,deterministic_multisine,evaluation,square,az45_el30,45.0,30.0,0.0,0.0,2048,all_6,1000,2000,1163519857,all_6_cycle_equal,plane,20.0,2000,0,1.0,0.010534562193939404,0.021928644358568648,0.024149843875869034,0.6787787092527948,0.5333832012472425,1.2172802448687077,1.5605354600519932,2.093060827109378,1.5605354600519932,2.093060827109378,0.0,0.0,0.0,1.0,0.0,0.0,0.0,0.0,0.0,0.0,0.0,0.0,conditional_geodesic_error_gt_30deg,5.983261583682264,1.1878925396771967e-13,euclidean_norm_of_cycle_coordinates,mean_over_successfully_projected_trials,False,,False,False,False,False,successful_trials_only,False,,,,,,,,
signal_comparison,deterministic_multisine,evaluation,square,az45_el30,45.0,30.0,0.0,0.0,2048,all_6,1000,2000,1163519857,all_6_cycle_calibrated_no_rejection,plane,20.0,2000,0,1.0,0.006178888859595476,-0.006283249705310977,0.007880535691874324,0.6809066956717137,0.5351901986086678,1.2264867636619763,1.5814240233908297,2.1601419711501153,1.5814240233908297,2.1601419711501153,0.0,0.0,0.0,1.0,0.0,0.0,0.0,0.0,0.0,0.0,0.0,0.0,conditional_geodesic_error_gt_30deg,5.982351904809496,1.1935315996184372e-13,euclidean_norm_of_cycle_coordinates,mean_over_successfully_projected_trials,True,,False,False,True,False,successful_trials_only,False,,,,,,,,
signal_comparison,deterministic_multisine,evaluation,square,az45_el30,45.0,30.0,0.0,0.0,2048,all_6,1000,2000,1163519857,all_6_cycle_calibrated_hard_p05,plane,20.0,2000,0,1.0,0.006998073050543313,0.0028417513809087173,0.006891444732766571,0.6997250741327988,0.5431469436835905,1.2741588673733522,1.6552944976465713,2.228999543247385,1.6552944976465713,2.228999543247385,0.0,0.0,0.0,1.0,0.0,0.0,0.0,0.0,0.047999999999999994,0.0,0.0,0.0,conditional_geodesic_error_gt_30deg,5.486466225207188,1.0401169871645764e-13,euclidean_norm_of_cycle_coordinates,mean_over_successfully_projected_trials,True,5.0,True,False,True,True,successful_trials_only,False,,,,,,,,
signal_comparison,deterministic_multisine,evaluation,square,az45_el30,45.0,30.0,0.0,0.0,2048,all_6,1000,2000,1163519857,all_6_cycle_calibrated,plane,20.0,1995,5,0.9975,0.006587564205517737,0.011013907132399955,0.01284636289497203,0.718874351073884,0.5619588379415082,1.2881261703150086,1.6562589374917502,2.324093467612174,1.6562589374917502,2.324093467612174,0.0,0.0,0.0,0.9975,0.0025,0.0025,0.0,0.0,0.0945,0.0,0.0025,0.0,conditional_geodesic_error_gt_30deg,5.0749180017358455,9.309462505689622e-14,euclidean_norm_of_cycle_coordinates,mean_over_successfully_projected_trials,True,10.0,True,False,True,True,successful_trials_only,False,,,,,,,,
signal_comparison,deterministic_multisine,evaluation,square,az45_el30,45.0,30.0,0.0,0.0,2048,all_6,1000,2000,1163519857,all_6_cycle_calibrated_hard_p25,plane,20.0,1863,137,0.9315,0.003634435693314354,0.025940678101886275,0.02670774356826255,0.7884078907010842,0.6050216114355615,1.3874354138092286,1.908763285047586,3.001922534442975,1.908763285047586,3.001922534442975,0.0005367686527106817,0.0,0.0,0.9315,0.0685,0.0685,0.0,0.0,0.23966666666666667,0.0,0.0685,0.0,conditional_geodesic_error_gt_30deg,3.838829913174361,6.547754943861435e-14,euclidean_norm_of_cycle_coordinates,mean_over_successfully_projected_trials,True,25.0,True,False,True,True,successful_trials_only,False,,,,,,,,
signal_comparison,deterministic_multisine,evaluation,square,az45_el30,45.0,30.0,0.0,0.0,2048,all_6,1000,2000,1163519857,all_6_cycle_calibrated_hard_p50,plane,20.0,1186,814,0.593,0.0016325827473688077,0.09388827198704186,0.09459224711997372,0.8857968908866429,0.7071273995928605,1.5396264565391058,2.0395798132152243,3.10320303299071,2.0395798132152243,3.10320303299071,0.0008431703204047217,0.0,0.0,0.593,0.407,0.407,0.0,0.0,0.49625,0.0,0.407,0.0,conditional_geodesic_error_gt_30deg,1.8984550779177944,3.1323520003189027e-14,euclidean_norm_of_cycle_coordinates,mean_over_successfully_projected_trials,True,50.0,True,False,True,True,successful_trials_only,False,,,,,,,,
signal_comparison,deterministic_multisine,evaluation,square,az45_el30,45.0,30.0,0.0,0.0,2048,all_6,1000,2000,1163519857,all_6_cycle_calibrated_soft,plane,20.0,2000,0,1.0,0.006239955119549131,0.0004753221877836124,0.005436816302630466,0.6813750444563784,0.538169173628161,1.2181679300290136,1.5890968075359506,2.05108122013816,1.5890968075359506,2.05108122013816,0.0,0.0,0.0,1.0,0.0,0.0,0.0,0.0,0.0,0.0,0.0,0.0,conditional_geodesic_error_gt_30deg,5.982351904809496,1.1798574091916517e-13,euclidean_norm_of_cycle_coordinates,mean_over_successfully_projected_trials,True,,False,True,True,True,successful_trials_only,False,,,,,,,,
signal_comparison,deterministic_multisine,evaluation,square,az45_el30,45.0,30.0,10.0,10.0,2048,reference_3,1000,2000,4184587390,reference_3_equal,plane,20.0,2000,0,1.0,-0.0003045334459563523,0.02936126235536912,0.02950158425698921,0.3108080448254273,0.2518757575097769,0.5589102331946666,0.6761500417005768,0.8833898374936068,0.6761500417005768,0.8833898374936068,0.0,0.0,0.0,1.0,0.0,0.0,0.0,0.0,0.0,0.0,0.0,0.0,conditional_geodesic_error_gt_30deg,0.0,0.0,euclidean_norm_of_cycle_coordinates,mean_over_successfully_projected_trials,False,,False,False,False,False,successful_trials_only,False,,,,,,,,
signal_comparison,deterministic_multisine,evaluation,square,az45_el30,45.0,30.0,10.0,10.0,2048,all_6,1000,2000,4184587390,all_6_equal,plane,20.0,2000,0,1.0,-0.003946020034233986,0.08607180199071511,0.086199308117904,0.2695892718478778,0.20411952024743413,0.4997418674418161,0.6552234259115592,0.7450086540897038,0.6552234259115592,0.7450086540897038,0.0,0.0,0.0,1.0,0.0,0.0,0.0,0.0,0.0,0.0,0.0,0.0,conditional_geodesic_error_gt_30deg,0.0,0.0,euclidean_norm_of_cycle_coordinates,mean_over_successfully_projected_trials,False,,False,False,False,False,successful_trials_only,False,,,,,,,,
signal_comparison,deterministic_multisine,evaluation,square,az45_el30,45.0,30.0,10.0,10.0,2048,all_6,1000,2000,4184587390,all_6_cycle_equal,plane,20.0,2000,0,1.0,-0.003946020034242549,0.08607180199071472,0.086199308117904,0.2695892718478636,0.20411952024832686,0.49974186744250904,0.6552234259121099,0.7450086540901931,0.6552234259121099,0.7450086540901931,0.0,0.0,0.0,1.0,0.0,0.0,0.0,0.0,0.0,0.0,0.0,0.0,conditional_geodesic_error_gt_30deg,1.7937540207567682,1.180888248801377e-13,euclidean_norm_of_cycle_coordinates,mean_over_successfully_projected_trials,False,,False,False,False,False,successful_trials_only,False,,,,,,,,
signal_comparison,deterministic_multisine,evaluation,square,az45_el30,45.0,30.0,10.0,10.0,2048,all_6,1000,2000,4184587390,all_6_cycle_calibrated_no_rejection,plane,20.0,2000,0,1.0,-0.003910881414820838,-0.007595722114115459,0.008264917678265028,0.2550939069375676,0.1962467279664537,0.4666157731774067,0.6120181709812461,0.7689753511320672,0.6120181709812461,0.7689753511320672,0.0,0.0,0.0,1.0,0.0,0.0,0.0,0.0,0.0,0.0,0.0,0.0,conditional_geodesic_error_gt_30deg,1.7526338701531925,1.1823814261808027e-13,euclidean_norm_of_cycle_coordinates,mean_over_successfully_projected_trials,True,,False,False,True,False,successful_trials_only,False,,,,,,,,
signal_comparison,deterministic_multisine,evaluation,square,az45_el30,45.0,30.0,10.0,10.0,2048,all_6,1000,2000,4184587390,all_6_cycle_calibrated_hard_p05,plane,20.0,1997,3,0.9985,-0.0027286174762775417,0.02314644121229362,0.02331814726149388,0.25528606368819334,0.19654844496083437,0.4684764359767039,0.6197271560569717,0.7449504016368675,0.6197271560569717,0.7449504016368675,0.0,0.0,0.0,0.9985,0.0015,0.0015,0.0,0.0,0.04533333333333333,0.0,0.0015,0.0,conditional_geodesic_error_gt_30deg,1.5945046300973824,1.0553903032177116e-13,euclidean_norm_of_cycle_coordinates,mean_over_successfully_projected_trials,True,5.0,True,False,True,True,successful_trials_only,False,,,,,,,,
signal_comparison,deterministic_multisine,evaluation,square,az45_el30,45.0,30.0,10.0,10.0,2048,all_6,1000,2000,4184587390,all_6_cycle_calibrated,plane,20.0,1988,12,0.994,-0.00294528941628924,0.042579031870129395,0.042704788837203585,0.25829828417181316,0.19750785203218268,0.4711415541828323,0.6302619726247385,0.7449226980910287,0.6302619726247385,0.7449226980910287,0.0,0.0,0.0,0.994,0.006,0.006,0.0,0.0,0.09216666666666666,0.0,0.006,0.0,conditional_geodesic_error_gt_30deg,1.454664002915777,9.191963890060673e-14,euclidean_norm_of_cycle_coordinates,mean_over_successfully_projected_trials,True,10.0,True,False,True,True,successful_trials_only,False,,,,,,,,
signal_comparison,deterministic_multisine,evaluation,square,az45_el30,45.0,30.0,10.0,10.0,2048,all_6,1000,2000,4184587390,all_6_cycle_calibrated_hard_p25,plane,20.0,1865,135,0.9325,-0.001065241668396054,0.10084560974461473,0.1008994700716003,0.2873828658946496,0.22140274769895074,0.5191061948829075,0.6915881682067123,0.8192777626323937,0.6915881682067123,0.8192777626323937,0.0,0.0,0.0,0.9325,0.0675,0.0675,0.0,0.0,0.23741666666666666,0.0,0.0675,0.0,conditional_geodesic_error_gt_30deg,1.053488810236079,6.285895308837902e-14,euclidean_norm_of_cycle_coordinates,mean_over_successfully_projected_trials,True,25.0,True,False,True,True,successful_trials_only,False,,,,,,,,
signal_comparison,deterministic_multisine,evaluation,square,az45_el30,45.0,30.0,10.0,10.0,2048,all_6,1000,2000,4184587390,all_6_cycle_calibrated_hard_p50,plane,20.0,1128,872,0.564,-9.099585713415076e-05,0.22533758869009707,0.22539476255336904,0.37321545282933766,0.31657667220985136,0.6371316976669902,0.7635900984518715,0.9351173765658163,0.7635900984518715,0.9351173765658163,0.0,0.0,0.0,0.564,0.436,0.436,0.0,0.0,0.5061666666666667,0.0,0.436,0.0,conditional_geodesic_error_gt_30deg,0.5591225745779284,3.0292534878795025e-14,euclidean_norm_of_cycle_coordinates,mean_over_successfully_projected_trials,True,50.0,True,False,True,True,successful_trials_only,False,,,,,,,,
signal_comparison,deterministic_multisine,evaluation,square,az45_el30,45.0,30.0,10.0,10.0,2048,all_6,1000,2000,4184587390,all_6_cycle_calibrated_soft,plane,20.0,2000,0,1.0,-0.003884085343109927,0.00455173019955083,0.005710049765318234,0.2562101529718586,0.19773190866165863,0.46584248954782803,0.6176282808870738,0.7553327072742885,0.6176282808870738,0.7553327072742885,0.0,0.0,0.0,1.0,0.0,0.0,0.0,0.0,0.0,0.0,0.0,0.0,conditional_geodesic_error_gt_30deg,1.7526338701531925,1.1925439338444482e-13,euclidean_norm_of_cycle_coordinates,mean_over_successfully_projected_trials,True,,False,True,True,True,successful_trials_only,False,,,,,,,,
signal_comparison,random_broadband,evaluation,square,az45_el30,45.0,30.0,-10.0,-10.0,2048,reference_3,1000,2000,1384064413,reference_3_equal,plane,20.0,2000,0,1.0,-0.01628703139690566,0.08523836959852192,0.14789981392905374,5.266688927720211,1.0265311744782637,2.3664243509278933,21.068909527257915,68.57363340680364,21.068909527257915,68.57363340680364,0.0125,0.012,0.0085,1.0,0.0,0.0,0.0,0.0025,0.0,0.0,0.0,0.0085,conditional_geodesic_error_gt_30deg,0.0,0.0,euclidean_norm_of_cycle_coordinates,mean_over_successfully_projected_trials,False,,False,False,False,False,successful_trials_only,False,,,,,,,,
signal_comparison,random_broadband,evaluation,square,az45_el30,45.0,30.0,-10.0,-10.0,2048,all_6,1000,2000,1384064413,all_6_equal,plane,20.0,2000,0,1.0,0.061873957101151386,0.29085661586925177,0.30323886999816274,4.122483490575948,0.7758290127940356,2.124524819463035,27.618552165083226,41.276726339111356,27.618552165083226,41.276726339111356,0.026,0.022,0.0045,1.0,0.0,0.0,0.0,0.0025,0.0,0.0,0.0,0.0045,conditional_geodesic_error_gt_30deg,0.0,0.0,euclidean_norm_of_cycle_coordinates,mean_over_successfully_projected_trials,False,,False,False,False,False,successful_trials_only,False,,,,,,,,
signal_comparison,random_broadband,evaluation,square,az45_el30,45.0,30.0,-10.0,-10.0,2048,all_6,1000,2000,1384064413,all_6_cycle_equal,plane,20.0,2000,0,1.0,0.06187395710114283,0.2908566158692513,0.30323886999816274,4.1224834905759495,0.7758290127945053,2.1245248194630264,27.618552165083212,41.276726339111356,27.618552165083212,41.276726339111356,0.026,0.022,0.0045,1.0,0.0,0.0,0.0,0.0025,0.0,0.0,0.0,0.0045,conditional_geodesic_error_gt_30deg,15.249689258426454,1.1888329732638467e-13,euclidean_norm_of_cycle_coordinates,mean_over_successfully_projected_trials,False,,False,False,False,False,successful_trials_only,False,,,,,,,,
signal_comparison,random_broadband,evaluation,square,az45_el30,45.0,30.0,-10.0,-10.0,2048,all_6,1000,2000,1384064413,all_6_cycle_calibrated_no_rejection,plane,20.0,2000,0,1.0,0.33690055037565403,-0.18474421580822578,0.20674632772957194,5.2477244783521,1.085187677027287,3.1164590193703567,20.664224115053177,70.58113196225482,20.664224115053177,70.58113196225482,0.026,0.02,0.0065,1.0,0.0,0.0,0.0,0.0025,0.0,0.0,0.0,0.0065,conditional_geodesic_error_gt_30deg,15.336270312678451,1.189280692893963e-13,euclidean_norm_of_cycle_coordinates,mean_over_successfully_projected_trials,True,,False,False,True,False,successful_trials_only,False,,,,,,,,
signal_comparison,random_broadband,evaluation,square,az45_el30,45.0,30.0,-10.0,-10.0,2048,all_6,1000,2000,1384064413,all_6_cycle_calibrated_hard_p05,plane,20.0,2000,0,1.0,0.1377967691303697,-0.37130821633798156,0.3877765443760641,1.5843894174314852,1.056448509128131,2.6781047067880595,3.6083498321454597,5.224915481236626,3.6083498321454597,5.224915481236626,0.002,0.001,0.0,1.0,0.0,0.0,0.0,0.0025,0.05825,0.0,0.0,0.0,conditional_geodesic_error_gt_30deg,7.187480404861744,1.0267035116828256e-13,euclidean_norm_of_cycle_coordinates,mean_over_successfully_projected_trials,True,5.0,True,False,True,True,successful_trials_only,False,,,,,,,,
signal_comparison,random_broadband,evaluation,square,az45_el30,45.0,30.0,-10.0,-10.0,2048,all_6,1000,2000,1384064413,all_6_cycle_calibrated,plane,20.0,1983,17,0.9915,0.12405397916785316,-0.40010540890887974,0.412018272819484,1.5470273884028816,1.0690159874350285,2.709309242804545,3.6104797032892373,5.005188640672064,3.6104797032892373,5.005188640672064,0.0015128593040847202,0.0005042864346949068,0.0,0.9915,0.0085,0.0085,0.0,0.0025,0.10916666666666666,0.0,0.0085,0.0,conditional_geodesic_error_gt_30deg,6.496751458386176,9.164840340659012e-14,euclidean_norm_of_cycle_coordinates,mean_over_successfully_projected_trials,True,10.0,True,False,True,True,successful_trials_only,False,,,,,,,,
signal_comparison,random_broadband,evaluation,square,az45_el30,45.0,30.0,-10.0,-10.0,2048,all_6,1000,2000,1384064413,all_6_cycle_calibrated_hard_p25,plane,20.0,1825,175,0.9125,0.1312739437839845,-0.4333567946500009,0.44359690325063317,1.7358880437884723,1.0839648784856286,2.79343988170439,3.6987899960308854,5.30971181773685,3.6987899960308854,5.30971181773685,0.002191780821917808,0.000547945205479452,0.000547945205479452,0.9125,0.0875,0.0875,0.0,0.0025,0.2554166666666667,0.0,0.0875,0.000547945205479452,conditional_geodesic_error_gt_30deg,4.8716253726329,6.2933899251934e-14,euclidean_norm_of_cycle_coordinates,mean_over_successfully_projected_trials,True,25.0,True,False,True,True,successful_trials_only,False,,,,,,,,
signal_comparison,random_broadband,evaluation,square,az45_el30,45.0,30.0,-10.0,-10.0,2048,all_6,1000,2000,1384064413,all_6_cycle_calibrated_hard_p50,plane,20.0,1158,842,0.579,0.1542030764923498,-0.46149124285986265,0.4784280284480901,1.5064505288951862,1.1235505434858115,2.8018917658550335,3.747972666782679,5.1292666350970375,3.747972666782679,5.1292666350970375,0.0017271157167530224,0.0,0.0,0.579,0.421,0.421,0.0,0.0025,0.4984166666666666,0.0,0.421,0.0,conditional_geodesic_error_gt_30deg,2.6254603622242993,3.354716572845995e-14,euclidean_norm_of_cycle_coordinates,mean_over_successfully_projected_trials,True,50.0,True,False,True,True,successful_trials_only,False,,,,,,,,
signal_comparison,random_broadband,evaluation,square,az45_el30,45.0,30.0,-10.0,-10.0,2048,all_6,1000,2000,1384064413,all_6_cycle_calibrated_soft,plane,20.0,2000,0,1.0,0.3505666152923806,-0.19699506242946968,0.22992997343793337,4.5365768923025165,1.0803769843370847,3.038551394291503,16.117915828689327,63.40257974101145,16.117915828689327,63.40257974101145,0.0245,0.016,0.0055,1.0,0.0,0.0,0.0,0.0025,0.0,0.0,0.0,0.0055,conditional_geodesic_error_gt_30deg,15.336270312678451,1.179001069665329e-13,euclidean_norm_of_cycle_coordinates,mean_over_successfully_projected_trials,True,,False,True,True,True,successful_trials_only,False,,,,,,,,
signal_comparison,random_broadband,evaluation,square,az45_el30,45.0,30.0,0.0,0.0,2048,reference_3,1000,2000,2998631843,reference_3_equal,plane,20.0,2000,0,1.0,-0.002237018479621581,0.0028621459305182605,0.003528450642171024,0.27503892506978134,0.21271342680487668,0.506432151770048,0.6105644672830208,0.7941059758639604,0.6105644672830208,0.7941059758639604,0.0,0.0,0.0,1.0,0.0,0.0,0.0,0.0,0.0,0.0,0.0,0.0,conditional_geodesic_error_gt_30deg,0.0,0.0,euclidean_norm_of_cycle_coordinates,mean_over_successfully_projected_trials,False,,False,False,False,False,successful_trials_only,False,,,,,,,,
signal_comparison,random_broadband,evaluation,square,az45_el30,45.0,30.0,0.0,0.0,2048,all_6,1000,2000,2998631843,all_6_equal,plane,20.0,2000,0,1.0,-0.0014726693580927525,0.006586569405629245,0.006763589602564591,0.24271669301933912,0.18289578902999917,0.4564030213081912,0.5698109011439814,0.6709854404985609,0.5698109011439814,0.6709854404985609,0.0,0.0,0.0,1.0,0.0,0.0,0.0,0.0,0.0,0.0,0.0,0.0,conditional_geodesic_error_gt_30deg,0.0,0.0,euclidean_norm_of_cycle_coordinates,mean_over_successfully_projected_trials,False,,False,False,False,False,successful_trials_only,False,,,,,,,,
signal_comparison,random_broadband,evaluation,square,az45_el30,45.0,30.0,0.0,0.0,2048,all_6,1000,2000,2998631843,all_6_cycle_equal,plane,20.0,2000,0,1.0,-0.0014726693581008567,0.006586569405629079,0.006763589602564591,0.24271669301930082,0.18289578903099477,0.45640302130970895,0.5698109011446082,0.6709854404980187,0.5698109011446082,0.6709854404980187,0.0,0.0,0.0,1.0,0.0,0.0,0.0,0.0,0.0,0.0,0.0,0.0,conditional_geodesic_error_gt_30deg,0.9733823520772219,1.1847836865878939e-13,euclidean_norm_of_cycle_coordinates,mean_over_successfully_projected_trials,False,,False,False,False,False,successful_trials_only,False,,,,,,,,
signal_comparison,random_broadband,evaluation,square,az45_el30,45.0,30.0,0.0,0.0,2048,all_6,1000,2000,2998631843,all_6_cycle_calibrated_no_rejection,plane,20.0,2000,0,1.0,-0.003057075664120923,0.0021027917008428054,0.0034235608895476287,0.2440329969118296,0.18304775992846464,0.4520133793561551,0.5772044834991766,0.6856016898734182,0.5772044834991766,0.6856016898734182,0.0,0.0,0.0,1.0,0.0,0.0,0.0,0.0,0.0,0.0,0.0,0.0,conditional_geodesic_error_gt_30deg,0.9734854494596188,1.1851838281636735e-13,euclidean_norm_of_cycle_coordinates,mean_over_successfully_projected_trials,True,,False,False,True,False,successful_trials_only,False,,,,,,,,
signal_comparison,random_broadband,evaluation,square,az45_el30,45.0,30.0,0.0,0.0,2048,all_6,1000,2000,2998631843,all_6_cycle_calibrated_hard_p05,plane,20.0,1998,2,0.999,-0.0020077273881559817,0.017190296491512186,0.017330729482234436,0.25119387260435483,0.19046977114185004,0.46455597816911404,0.5814783443632401,0.6874026696353678,0.5814783443632401,0.6874026696353678,0.0,0.0,0.0,0.999,0.001,0.001,0.0,0.0,0.04991666666666667,0.0,0.001,0.0,conditional_geodesic_error_gt_30deg,0.8844040501542827,1.0398878419154277e-13,euclidean_norm_of_cycle_coordinates,mean_over_successfully_projected_trials,True,5.0,True,False,True,True,successful_trials_only,False,,,,,,,,
signal_comparison,random_broadband,evaluation,square,az45_el30,45.0,30.0,0.0,0.0,2048,all_6,1000,2000,2998631843,all_6_cycle_calibrated,plane,20.0,1977,23,0.9885,-0.0018707991293473666,0.022232335291273456,0.02234368918633949,0.2524319792021887,0.190653565970673,0.46363826759447724,0.5922967782582831,0.7195345765018667,0.5922967782582831,0.7195345765018667,0.0,0.0,0.0,0.9885,0.0115,0.0115,0.0,0.0,0.10016666666666665,0.0,0.0115,0.0,conditional_geodesic_error_gt_30deg,0.8090683403392503,9.174791041379237e-14,euclidean_norm_of_cycle_coordinates,mean_over_successfully_projected_trials,True,10.0,True,False,True,True,successful_trials_only,False,,,,,,,,
signal_comparison,random_broadband,evaluation,square,az45_el30,45.0,30.0,0.0,0.0,2048,all_6,1000,2000,2998631843,all_6_cycle_calibrated_hard_p25,plane,20.0,1818,182,0.909,-0.0013310585565994534,0.04550775257003916,0.04557415370762066,0.26077533087777904,0.2016165565987803,0.4725761518257763,0.6078551488501877,0.7203397556794362,0.6078551488501877,0.7203397556794362,0.0,0.0,0.0,0.909,0.091,0.091,0.0,0.0,0.23858333333333331,0.0,0.091,0.0,conditional_geodesic_error_gt_30deg,0.6255362932063476,6.563371065884935e-14,euclidean_norm_of_cycle_coordinates,mean_over_successfully_projected_trials,True,25.0,True,False,True,True,successful_trials_only,False,,,,,,,,
signal_comparison,random_broadband,evaluation,square,az45_el30,45.0,30.0,0.0,0.0,2048,all_6,1000,2000,2998631843,all_6_cycle_calibrated_hard_p50,plane,20.0,1097,903,0.5485,0.001008696755311682,0.13816180616813062,0.13821496160193933,0.2986150785061938,0.2557008912746048,0.5070259396271889,0.617881678902414,0.6992518000158982,0.617881678902414,0.6992518000158982,0.0,0.0,0.0,0.5485,0.4515,0.4515,0.0,0.0,0.49066666666666664,0.0,0.4515,0.0,conditional_geodesic_error_gt_30deg,0.38433103853515665,3.7902999938340004e-14,euclidean_norm_of_cycle_coordinates,mean_over_successfully_projected_trials,True,50.0,True,False,True,True,successful_trials_only,False,,,,,,,,
signal_comparison,random_broadband,evaluation,square,az45_el30,45.0,30.0,0.0,0.0,2048,all_6,1000,2000,2998631843,all_6_cycle_calibrated_soft,plane,20.0,2000,0,1.0,-0.003245358227759297,0.01849899868525391,0.018764577458994944,0.24680085493774212,0.18713750049251607,0.4586186563584814,0.5768764174274054,0.6857472568692996,0.5768764174274054,0.6857472568692996,0.0,0.0,0.0,1.0,0.0,0.0,0.0,0.0,0.0,0.0,0.0,0.0,conditional_geodesic_error_gt_30deg,0.9734854494596188,1.185827963047167e-13,euclidean_norm_of_cycle_coordinates,mean_over_successfully_projected_trials,True,,False,True,True,True,successful_trials_only,False,,,,,,,,
signal_comparison,random_broadband,evaluation,square,az45_el30,45.0,30.0,10.0,10.0,2048,reference_3,1000,2000,1605323588,reference_3_equal,plane,20.0,2000,0,1.0,-0.0006170063815689372,0.00979260599482709,0.009815089758694452,0.0993062895570811,0.07805993017728935,0.18093684298876336,0.2395342413552535,0.29802676802763106,0.2395342413552535,0.29802676802763106,0.0,0.0,0.0,1.0,0.0,0.0,0.0,0.0,0.0,0.0,0.0,0.0,conditional_geodesic_error_gt_30deg,0.0,0.0,euclidean_norm_of_cycle_coordinates,mean_over_successfully_projected_trials,False,,False,False,False,False,successful_trials_only,False,,,,,,,,
signal_comparison,random_broadband,evaluation,square,az45_el30,45.0,30.0,10.0,10.0,2048,all_6,1000,2000,1605323588,all_6_equal,plane,20.0,2000,0,1.0,-0.00035350106142113396,0.012461995301305113,0.012472354929327564,0.08932387938248879,0.06821869725894855,0.1614641225430359,0.21581701136028222,0.27752461065690126,0.21581701136028222,0.27752461065690126,0.0,0.0,0.0,1.0,0.0,0.0,0.0,0.0,0.0,0.0,0.0,0.0,conditional_geodesic_error_gt_30deg,0.0,0.0,euclidean_norm_of_cycle_coordinates,mean_over_successfully_projected_trials,False,,False,False,False,False,successful_trials_only,False,,,,,,,,
signal_comparison,random_broadband,evaluation,square,az45_el30,45.0,30.0,10.0,10.0,2048,all_6,1000,2000,1605323588,all_6_cycle_equal,plane,20.0,2000,0,1.0,-0.0003535010614282965,0.012461995301305078,0.012472354929327564,0.08932387938250512,0.06821869726429285,0.16146412254314843,0.2158170113602654,0.27752461065690376,0.2158170113602654,0.27752461065690376,0.0,0.0,0.0,1.0,0.0,0.0,0.0,0.0,0.0,0.0,0.0,0.0,conditional_geodesic_error_gt_30deg,0.21810932656564483,1.1821566125247582e-13,euclidean_norm_of_cycle_coordinates,mean_over_successfully_projected_trials,False,,False,False,False,False,successful_trials_only,False,,,,,,,,
signal_comparison,random_broadband,evaluation,square,az45_el30,45.0,30.0,10.0,10.0,2048,all_6,1000,2000,1605323588,all_6_cycle_calibrated_no_rejection,plane,20.0,2000,0,1.0,-0.0019104814714396025,-0.0010596836083542553,0.001961352774197426,0.08832804300286715,0.06791040203552934,0.16217366246561726,0.21037375772596514,0.2781992215635391,0.21037375772596514,0.2781992215635391,0.0,0.0,0.0,1.0,0.0,0.0,0.0,0.0,0.0,0.0,0.0,0.0,conditional_geodesic_error_gt_30deg,0.21296876313351373,1.1905793912684954e-13,euclidean_norm_of_cycle_coordinates,mean_over_successfully_projected_trials,True,,False,False,True,False,successful_trials_only,False,,,,,,,,
signal_comparison,random_broadband,evaluation,square,az45_el30,45.0,30.0,10.0,10.0,2048,all_6,1000,2000,1605323588,all_6_cycle_calibrated_hard_p05,plane,20.0,1993,7,0.9965,-0.0018834317565574069,-0.006300329562144573,0.006500801582957276,0.09876775570663505,0.07217722077186516,0.18373417169691558,0.24691712217246486,0.32983896936438956,0.24691712217246486,0.32983896936438956,0.0,0.0,0.0,0.9965,0.0035,0.0035,0.0,0.0,0.05241666666666666,0.0,0.0035,0.0,conditional_geodesic_error_gt_30deg,0.19436213128583182,1.0427702464815363e-13,euclidean_norm_of_cycle_coordinates,mean_over_successfully_projected_trials,True,5.0,True,False,True,True,successful_trials_only,False,,,,,,,,
signal_comparison,random_broadband,evaluation,square,az45_el30,45.0,30.0,10.0,10.0,2048,all_6,1000,2000,1605323588,all_6_cycle_calibrated,plane,20.0,1971,29,0.9855,-0.0019817780522344273,-0.008811766708733376,0.008969580275756183,0.10112950429719021,0.07459256825490419,0.18721230846622008,0.254281955478451,0.32030370121440677,0.254281955478451,0.32030370121440677,0.0,0.0,0.0,0.9855,0.0145,0.0145,0.0,0.0,0.09716666666666665,0.0,0.0145,0.0,conditional_geodesic_error_gt_30deg,0.18099953651382292,9.369191519319103e-14,euclidean_norm_of_cycle_coordinates,mean_over_successfully_projected_trials,True,10.0,True,False,True,True,successful_trials_only,False,,,,,,,,
signal_comparison,random_broadband,evaluation,square,az45_el30,45.0,30.0,10.0,10.0,2048,all_6,1000,2000,1605323588,all_6_cycle_calibrated_hard_p25,plane,20.0,1763,237,0.8815,-0.0017324556700782155,-0.0038224190098319686,0.004099279271707556,0.09987359817454795,0.07240091579379998,0.1900720105280471,0.25402546218728755,0.31906599384088535,0.25402546218728755,0.31906599384088535,0.0,0.0,0.0,0.8815,0.1185,0.1185,0.0,0.0,0.24566666666666667,0.0,0.1185,0.0,conditional_geodesic_error_gt_30deg,0.13897568446215583,6.719636948801847e-14,euclidean_norm_of_cycle_coordinates,mean_over_successfully_projected_trials,True,25.0,True,False,True,True,successful_trials_only,False,,,,,,,,
signal_comparison,random_broadband,evaluation,square,az45_el30,45.0,30.0,10.0,10.0,2048,all_6,1000,2000,1605323588,all_6_cycle_calibrated_hard_p50,plane,20.0,1006,994,0.503,-0.0022940674742928206,0.035526297434560504,0.03558808978663122,0.09607202711333072,0.07157319010534477,0.17832456628614535,0.2404100953948649,0.3159620064317992,0.2404100953948649,0.3159620064317992,0.0,0.0,0.0,0.503,0.497,0.497,0.0,0.0,0.49475,0.0,0.497,0.0,conditional_geodesic_error_gt_30deg,0.09574407977802786,4.706544258808888e-14,euclidean_norm_of_cycle_coordinates,mean_over_successfully_projected_trials,True,50.0,True,False,True,True,successful_trials_only,False,,,,,,,,
signal_comparison,random_broadband,evaluation,square,az45_el30,45.0,30.0,10.0,10.0,2048,all_6,1000,2000,1605323588,all_6_cycle_calibrated_soft,plane,20.0,2000,0,1.0,-0.0018387167994165666,0.0012180036336369912,0.0020088662537580218,0.08861943263050598,0.06818618629429465,0.1614256956351382,0.21089126627969662,0.2834060305834478,0.21089126627969662,0.2834060305834478,0.0,0.0,0.0,1.0,0.0,0.0,0.0,0.0,0.0,0.0,0.0,0.0,conditional_geodesic_error_gt_30deg,0.21296876313351373,1.184090052134524e-13,euclidean_norm_of_cycle_coordinates,mean_over_successfully_projected_trials,True,,False,True,True,True,successful_trials_only,False,,,,,,,,
signal_comparison,harmonic_stress,evaluation,square,az45_el30,45.0,30.0,-10.0,-10.0,2048,reference_3,1000,2000,1504075646,reference_3_equal,plane,20.0,2000,0,1.0,0.060556069560391494,4.154361842520917,10.98288735419081,41.06802326227742,25.092354720580776,80.92090930079857,108.39423816687251,125.61272708323715,108.39423816687251,125.61272708323715,0.879,0.739,0.439,1.0,0.0,0.0,0.0,0.0705,0.0,0.0,0.0,0.439,conditional_geodesic_error_gt_30deg,0.0,0.0,euclidean_norm_of_cycle_coordinates,mean_over_successfully_projected_trials,False,,False,False,False,False,successful_trials_only,False,,,,,,,,
signal_comparison,harmonic_stress,evaluation,square,az45_el30,45.0,30.0,-10.0,-10.0,2048,all_6,1000,2000,1504075646,all_6_equal,plane,20.0,2000,0,1.0,-0.702876584390582,14.245479441565628,17.521784549746656,32.706722090730615,23.355285347967882,63.81135314442595,80.04015231053366,98.03298146463383,80.04015231053366,98.03298146463383,0.9145,0.7865,0.3685,1.0,0.0,0.0,0.0,0.0705,0.0,0.0,0.0,0.3685,conditional_geodesic_error_gt_30deg,0.0,0.0,euclidean_norm_of_cycle_coordinates,mean_over_successfully_projected_trials,False,,False,False,False,False,successful_trials_only,False,,,,,,,,
signal_comparison,harmonic_stress,evaluation,square,az45_el30,45.0,30.0,-10.0,-10.0,2048,all_6,1000,2000,1504075646,all_6_cycle_equal,plane,20.0,2000,0,1.0,-0.70287658439059,14.245479441565626,17.52178454974663,32.706722090730615,23.355285347967882,63.81135314442595,80.04015231053366,98.03298146463386,80.04015231053366,98.03298146463386,0.9145,0.7865,0.3685,1.0,0.0,0.0,0.0,0.0705,0.0,0.0,0.0,0.3685,conditional_geodesic_error_gt_30deg,312.4006891665203,1.0153374501942288e-13,euclidean_norm_of_cycle_coordinates,mean_over_successfully_projected_trials,False,,False,False,False,False,successful_trials_only,False,,,,,,,,
signal_comparison,harmonic_stress,evaluation,square,az45_el30,45.0,30.0,-10.0,-10.0,2048,all_6,1000,2000,1504075646,all_6_cycle_calibrated_no_rejection,plane,20.0,2000,0,1.0,0.14676028486906467,-6.0175650322658285,5.293158894068782,28.78768203701569,30.013724569258432,44.239833642772275,57.85652045318148,72.2803432104019,57.85652045318148,72.2803432104019,0.9785,0.9065,0.551,1.0,0.0,0.0,0.0,0.0705,0.0,0.0,0.0,0.551,conditional_geodesic_error_gt_30deg,313.61369675831287,1.2524545239485533e-13,euclidean_norm_of_cycle_coordinates,mean_over_successfully_projected_trials,True,,False,False,True,False,successful_trials_only,False,,,,,,,,
signal_comparison,harmonic_stress,evaluation,square,az45_el30,45.0,30.0,-10.0,-10.0,2048,all_6,1000,2000,1504075646,all_6_cycle_calibrated_hard_p05,plane,20.0,1982,18,0.991,-0.07652195598342228,-9.372475075307785,9.002434985365461,29.26582213217971,30.03409687713205,43.994277770344794,58.44572498400813,78.67335476250972,58.44572498400813,78.67335476250972,0.9803229061553986,0.9177598385469223,0.6059535822401615,0.991,0.009,0.009,0.0,0.0705,0.116,0.0,0.009,0.6059535822401615,conditional_geodesic_error_gt_30deg,242.68906689581857,9.778127408381223e-14,euclidean_norm_of_cycle_coordinates,mean_over_successfully_projected_trials,True,5.0,True,False,True,True,successful_trials_only,False,,,,,,,,
signal_comparison,harmonic_stress,evaluation,square,az45_el30,45.0,30.0,-10.0,-10.0,2048,all_6,1000,2000,1504075646,all_6_cycle_calibrated,plane,20.0,1941,59,0.9705,0.04106651825602861,-10.711083197119963,10.346343700436977,29.817957212375028,30.041417443419068,45.82522198854883,63.26374487464511,87.07129231791978,63.26374487464511,87.07129231791978,0.9788768675940237,0.9170530654301906,0.6254507985574446,0.9705,0.0295,0.0295,0.0,0.0705,0.18191666666666667,0.0,0.0295,0.6254507985574446,conditional_geodesic_error_gt_30deg,207.14794232082417,8.616769933376967e-14,euclidean_norm_of_cycle_coordinates,mean_over_successfully_projected_trials,True,10.0,True,False,True,True,successful_trials_only,False,,,,,,,,
signal_comparison,harmonic_stress,evaluation,square,az45_el30,45.0,30.0,-10.0,-10.0,2048,all_6,1000,2000,1504075646,all_6_cycle_calibrated_hard_p25,plane,20.0,1592,408,0.796,-0.6434717579543546,-13.72169049853578,13.523507764904682,31.897463704129432,30.111849902356038,50.26120044054328,71.83965333981803,89.83331843235712,71.83965333981803,89.83331843235712,0.9836683417085427,0.9327889447236181,0.7286432160804021,0.796,0.204,0.204,0.0,0.0705,0.37925,0.0,0.204,0.7286432160804021,conditional_geodesic_error_gt_30deg,122.1164798448746,4.928566621854841e-14,euclidean_norm_of_cycle_coordinates,mean_over_successfully_projected_trials,True,25.0,True,False,True,True,successful_trials_only,False,,,,,,,,
signal_comparison,harmonic_stress,evaluation,square,az45_el30,45.0,30.0,-10.0,-10.0,2048,all_6,1000,2000,1504075646,all_6_cycle_calibrated_hard_p50,plane,20.0,755,1245,0.3775,-0.388409702709746,-15.85506415375418,15.852183389694842,32.870827863389444,30.132114022396628,52.63072850801235,75.00788679484297,92.89280886594955,75.00788679484297,92.89280886594955,0.9841059602649007,0.9430463576158941,0.7735099337748345,0.3775,0.6225,0.6225,0.0,0.0705,0.6124166666666666,0.0,0.6225,0.7735099337748345,conditional_geodesic_error_gt_30deg,57.27506805097023,2.298444742978292e-14,euclidean_norm_of_cycle_coordinates,mean_over_successfully_projected_trials,True,50.0,True,False,True,True,successful_trials_only,False,,,,,,,,
signal_comparison,harmonic_stress,evaluation,square,az45_el30,45.0,30.0,-10.0,-10.0,2048,all_6,1000,2000,1504075646,all_6_cycle_calibrated_soft,plane,20.0,2000,0,1.0,-0.09120198586462128,-6.730785114003608,6.116413527253215,28.427511789591883,30.012574396906498,43.29115992840144,58.28817602484752,70.70191558670066,58.28817602484752,70.70191558670066,0.9785,0.9055,0.55,1.0,0.0,0.0,0.0,0.0705,0.0,0.0,0.0,0.55,conditional_geodesic_error_gt_30deg,313.61369675831287,1.2422410519170672e-13,euclidean_norm_of_cycle_coordinates,mean_over_successfully_projected_trials,True,,False,True,True,True,successful_trials_only,False,,,,,,,,
signal_comparison,harmonic_stress,evaluation,square,az45_el30,45.0,30.0,0.0,0.0,2048,reference_3,1000,2000,3280092138,reference_3_equal,plane,20.0,2000,0,1.0,-0.009847416241345728,-0.04203444237788515,0.027559573527758632,2.7798338879316264,2.1715265698313626,4.769223578586593,6.63349087026297,8.833083147572104,6.63349087026297,8.833083147572104,0.043,0.0005,0.0,1.0,0.0,0.0,0.0,0.0005,0.0,0.0,0.0,0.0,conditional_geodesic_error_gt_30deg,0.0,0.0,euclidean_norm_of_cycle_coordinates,mean_over_successfully_projected_trials,False,,False,False,False,False,successful_trials_only,False,,,,,,,,
signal_comparison,harmonic_stress,evaluation,square,az45_el30,45.0,30.0,0.0,0.0,2048,all_6,1000,2000,3280092138,all_6_equal,plane,20.0,2000,0,1.0,-0.015570204516858713,0.04448664378501456,0.050737346348831515,2.1098366274998877,1.5573988988853398,3.8464818647941392,4.94218043311908,9.495610509270158,4.94218043311908,9.495610509270158,0.009,0.001,0.0,1.0,0.0,0.0,0.0,0.0005,0.0,0.0,0.0,0.0,conditional_geodesic_error_gt_30deg,0.0,0.0,euclidean_norm_of_cycle_coordinates,mean_over_successfully_projected_trials,False,,False,False,False,False,successful_trials_only,False,,,,,,,,
signal_comparison,harmonic_stress,evaluation,square,az45_el30,45.0,30.0,0.0,0.0,2048,all_6,1000,2000,3280092138,all_6_cycle_equal,plane,20.0,2000,0,1.0,-0.015570204516867416,0.044486643785013935,0.05073734635601488,2.1098366274998823,1.5573988988853398,3.84648186479413,4.94218043311908,9.495610509270158,4.94218043311908,9.495610509270158,0.009,0.001,0.0,1.0,0.0,0.0,0.0,0.0005,0.0,0.0,0.0,0.0,conditional_geodesic_error_gt_30deg,19.40816728021753,1.186631353787777e-13,euclidean_norm_of_cycle_coordinates,mean_over_successfully_projected_trials,False,,False,False,False,False,successful_trials_only,False,,,,,,,,
signal_comparison,harmonic_stress,evaluation,square,az45_el30,45.0,30.0,0.0,0.0,2048,all_6,1000,2000,3280092138,all_6_cycle_calibrated_no_rejection,plane,20.0,2000,0,1.0,0.012871479646346403,-0.021278090733374926,0.020095800058012616,2.117880587893889,1.5581342818700723,3.853587375671733,4.945817978762102,9.055570602923032,4.945817978762102,9.055570602923032,0.01,0.001,0.0,1.0,0.0,0.0,0.0,0.0005,0.0,0.0,0.0,0.0,conditional_geodesic_error_gt_30deg,19.410103751506252,1.178739758807852e-13,euclidean_norm_of_cycle_coordinates,mean_over_successfully_projected_trials,True,,False,False,True,False,successful_trials_only,False,,,,,,,,
signal_comparison,harmonic_stress,evaluation,square,az45_el30,45.0,30.0,0.0,0.0,2048,all_6,1000,2000,3280092138,all_6_cycle_calibrated_hard_p05,plane,20.0,1998,2,0.999,0.015413420224858018,-0.03245904427479161,0.03130368584153719,2.0346346397925563,1.5355561144583427,3.812917610748808,4.806870607109776,6.322340983246005,4.806870607109776,6.322340983246005,0.00850850850850851,0.0,0.0,0.999,0.001,0.001,0.0,0.0005,0.06133333333333333,0.0,0.001,0.0,conditional_geodesic_error_gt_30deg,16.890850214583153,1.0080094896494576e-13,euclidean_norm_of_cycle_coordinates,mean_over_successfully_projected_trials,True,5.0,True,False,True,True,successful_trials_only,False,,,,,,,,
signal_comparison,harmonic_stress,evaluation,square,az45_el30,45.0,30.0,0.0,0.0,2048,all_6,1000,2000,3280092138,all_6_cycle_calibrated,plane,20.0,1984,16,0.992,0.012594336028218852,-0.0398565712390985,0.03699153130885952,2.1087984499667027,1.5747044682214713,3.8928833555464957,5.135743812178647,7.099004871186986,5.135743812178647,7.099004871186986,0.012600806451612902,0.0,0.0,0.992,0.008,0.008,0.0,0.0005,0.12133333333333333,0.0,0.008,0.0,conditional_geodesic_error_gt_30deg,15.071715923732755,8.762188127461102e-14,euclidean_norm_of_cycle_coordinates,mean_over_successfully_projected_trials,True,10.0,True,False,True,True,successful_trials_only,False,,,,,,,,
signal_comparison,harmonic_stress,evaluation,square,az45_el30,45.0,30.0,0.0,0.0,2048,all_6,1000,2000,3280092138,all_6_cycle_calibrated_hard_p25,plane,20.0,1821,179,0.9105,-0.004881308741447551,-0.07120410259858574,0.06562196359344041,2.3561762442305447,1.6582596446485154,4.378058136133765,6.087115913166113,8.6703651110747,6.087115913166113,8.6703651110747,0.030752333882482153,0.0,0.0,0.9105,0.0895,0.0895,0.0,0.0005,0.2773333333333334,0.0,0.0895,0.0,conditional_geodesic_error_gt_30deg,10.604955666984923,5.679941001751274e-14,euclidean_norm_of_cycle_coordinates,mean_over_successfully_projected_trials,True,25.0,True,False,True,True,successful_trials_only,False,,,,,,,,
signal_comparison,harmonic_stress,evaluation,square,az45_el30,45.0,30.0,0.0,0.0,2048,all_6,1000,2000,3280092138,all_6_cycle_calibrated_hard_p50,plane,20.0,1079,921,0.5395,0.02397942408525997,-0.10969080242388676,0.10506171408844832,2.6225447616906066,1.8288212430313298,4.9887605573152545,6.818134807376136,8.580386505079492,6.818134807376136,8.580386505079492,0.05004633920296571,0.0009267840593141798,0.0,0.5395,0.4605,0.4605,0.0,0.0005,0.5261666666666668,0.0,0.4605,0.0,conditional_geodesic_error_gt_30deg,5.416982223298348,2.475209571388007e-14,euclidean_norm_of_cycle_coordinates,mean_over_successfully_projected_trials,True,50.0,True,False,True,True,successful_trials_only,False,,,,,,,,
signal_comparison,harmonic_stress,evaluation,square,az45_el30,45.0,30.0,0.0,0.0,2048,all_6,1000,2000,3280092138,all_6_cycle_calibrated_soft,plane,20.0,2000,0,1.0,0.010367995189048395,-0.02013004459112338,0.018222885441354888,2.064655231002849,1.5422069075176132,3.811960939097137,4.80543353662326,8.737471223343771,4.80543353662326,8.737471223343771,0.0085,0.0005,0.0,1.0,0.0,0.0,0.0,0.0005,0.0,0.0,0.0,0.0,conditional_geodesic_error_gt_30deg,19.410103751506252,1.1810771338518567e-13,euclidean_norm_of_cycle_coordinates,mean_over_successfully_projected_trials,True,,False,True,True,True,successful_trials_only,False,,,,,,,,
signal_comparison,harmonic_stress,evaluation,square,az45_el30,45.0,30.0,10.0,10.0,2048,reference_3,1000,2000,640257779,reference_3_equal,plane,20.0,2000,0,1.0,0.0017051971172285395,0.15016902058259846,0.15184277566617185,0.9524882227205527,0.7918766112413924,1.6491181955159266,2.0402250619103124,2.3488179006395766,2.0402250619103124,2.3488179006395766,0.0,0.0,0.0,1.0,0.0,0.0,0.0,0.0,0.0,0.0,0.0,0.0,conditional_geodesic_error_gt_30deg,0.0,0.0,euclidean_norm_of_cycle_coordinates,mean_over_successfully_projected_trials,False,,False,False,False,False,successful_trials_only,False,,,,,,,,
signal_comparison,harmonic_stress,evaluation,square,az45_el30,45.0,30.0,10.0,10.0,2048,all_6,1000,2000,640257779,all_6_equal,plane,20.0,2000,0,1.0,-0.006101926291991252,0.1759280467811775,0.17647962430805023,0.738795927451236,0.5785529898410849,1.3683272056378548,1.6710054180547367,1.9798971683728708,1.6710054180547367,1.9798971683728708,0.0,0.0,0.0,1.0,0.0,0.0,0.0,0.0,0.0,0.0,0.0,0.0,conditional_geodesic_error_gt_30deg,0.0,0.0,euclidean_norm_of_cycle_coordinates,mean_over_successfully_projected_trials,False,,False,False,False,False,successful_trials_only,False,,,,,,,,
signal_comparison,harmonic_stress,evaluation,square,az45_el30,45.0,30.0,10.0,10.0,2048,all_6,1000,2000,640257779,all_6_cycle_equal,plane,20.0,2000,0,1.0,-0.006101926291999687,0.17592804678117727,0.17647962431011543,0.7387959274512419,0.5785529898413997,1.368327205637868,1.671005418054739,1.9798971683726867,1.671005418054739,1.9798971683726867,0.0,0.0,0.0,1.0,0.0,0.0,0.0,0.0,0.0,0.0,0.0,0.0,conditional_geodesic_error_gt_30deg,6.479190471156004,1.182762072598245e-13,euclidean_norm_of_cycle_coordinates,mean_over_successfully_projected_trials,False,,False,False,False,False,successful_trials_only,False,,,,,,,,
signal_comparison,harmonic_stress,evaluation,square,az45_el30,45.0,30.0,10.0,10.0,2048,all_6,1000,2000,640257779,all_6_cycle_calibrated_no_rejection,plane,20.0,2000,0,1.0,-0.006391766971044955,0.008462353415353945,0.010500045814577518,0.7195457322720775,0.55927520027371,1.282754884712908,1.662255553906759,2.0520208826001247,1.662255553906759,2.0520208826001247,0.0,0.0,0.0,1.0,0.0,0.0,0.0,0.0,0.0,0.0,0.0,0.0,conditional_geodesic_error_gt_30deg,6.4581801002934505,1.1880224499426187e-13,euclidean_norm_of_cycle_coordinates,mean_over_successfully_projected_trials,True,,False,False,True,False,successful_trials_only,False,,,,,,,,
signal_comparison,harmonic_stress,evaluation,square,az45_el30,45.0,30.0,10.0,10.0,2048,all_6,1000,2000,640257779,all_6_cycle_calibrated_hard_p05,plane,20.0,2000,0,1.0,-0.002539841761406384,0.021387788075737154,0.021973924895431613,0.7416712074997857,0.5648544678941203,1.3320066291731663,1.7759047197767375,2.492396960789612,1.7759047197767375,2.492396960789612,0.0,0.0,0.0,1.0,0.0,0.0,0.0,0.0,0.05475,0.0,0.0,0.0,conditional_geodesic_error_gt_30deg,5.84786926777944,1.0378224346706456e-13,euclidean_norm_of_cycle_coordinates,mean_over_successfully_projected_trials,True,5.0,True,False,True,True,successful_trials_only,False,,,,,,,,
signal_comparison,harmonic_stress,evaluation,square,az45_el30,45.0,30.0,10.0,10.0,2048,all_6,1000,2000,640257779,all_6_cycle_calibrated,plane,20.0,1995,5,0.9975,-0.002410557959323518,0.026508837489467175,0.0270903333943134,0.7646701460428621,0.5854252346792803,1.3943358317925802,1.8224781554834288,2.4934985652106394,1.8224781554834288,2.4934985652106394,0.0,0.0,0.0,0.9975,0.0025,0.0025,0.0,0.0,0.0995,0.0,0.0025,0.0,conditional_geodesic_error_gt_30deg,5.384790686202963,9.17551360968896e-14,euclidean_norm_of_cycle_coordinates,mean_over_successfully_projected_trials,True,10.0,True,False,True,True,successful_trials_only,False,,,,,,,,
signal_comparison,harmonic_stress,evaluation,square,az45_el30,45.0,30.0,10.0,10.0,2048,all_6,1000,2000,640257779,all_6_cycle_calibrated_hard_p25,plane,20.0,1843,157,0.9215,-0.010007756760891856,0.06611504416069448,0.06725835645990882,0.8444080922805512,0.6442223039562424,1.5506267026410847,2.0565500346133057,2.8389384451671598,2.0565500346133057,2.8389384451671598,0.0,0.0,0.0,0.9215,0.0785,0.0785,0.0,0.0,0.25833333333333336,0.0,0.0785,0.0,conditional_geodesic_error_gt_30deg,3.828116500174377,6.125966723545631e-14,euclidean_norm_of_cycle_coordinates,mean_over_successfully_projected_trials,True,25.0,True,False,True,True,successful_trials_only,False,,,,,,,,
signal_comparison,harmonic_stress,evaluation,square,az45_el30,45.0,30.0,10.0,10.0,2048,all_6,1000,2000,640257779,all_6_cycle_calibrated_hard_p50,plane,20.0,1198,802,0.599,-0.02826525246924646,0.12252144445234582,0.12566994142736146,0.9360414199621447,0.7387454673255217,1.6353192767950195,2.4434938701621447,2.77135170835251,2.4434938701621447,2.77135170835251,0.0,0.0,0.0,0.599,0.401,0.401,0.0,0.0,0.49825,0.0,0.401,0.0,conditional_geodesic_error_gt_30deg,2.0071212523019435,3.107170736683833e-14,euclidean_norm_of_cycle_coordinates,mean_over_successfully_projected_trials,True,50.0,True,False,True,True,successful_trials_only,False,,,,,,,,
signal_comparison,harmonic_stress,evaluation,square,az45_el30,45.0,30.0,10.0,10.0,2048,all_6,1000,2000,640257779,all_6_cycle_calibrated_soft,plane,20.0,2000,0,1.0,-0.006416832549562421,0.013721392881770978,0.01522585719299493,0.7168459558494831,0.5590412287804933,1.266629210926938,1.6281350304884858,2.0501271739480686,1.6281350304884858,2.0501271739480686,0.0,0.0,0.0,1.0,0.0,0.0,0.0,0.0,0.0,0.0,0.0,0.0,conditional_geodesic_error_gt_30deg,6.4581801002934505,1.193858717838897e-13,euclidean_norm_of_cycle_coordinates,mean_over_successfully_projected_trials,True,,False,True,True,True,successful_trials_only,False,,,,,,,,
direction_check,deterministic_multisine,evaluation,square,az20_el10,20.0,10.0,0.0,0.0,2048,reference_3,1000,2000,2837828990,reference_3_equal,plane,20.0,2000,0,1.0,0.009148704354868233,-0.22170481699590558,0.2206527314872736,2.586851469923637,1.5985167103191071,4.804841268512825,10.001546067141105,10.061438089289373,10.001546067141105,10.061438089289373,0.0455,0.012,0.0,1.0,0.0,0.0,0.0,0.0,0.0,0.0,0.0,0.0,conditional_geodesic_error_gt_30deg,0.0,0.0,euclidean_norm_of_cycle_coordinates,mean_over_successfully_projected_trials,False,,False,False,False,False,successful_trials_only,False,,,,,,,,
direction_check,deterministic_multisine,evaluation,square,az20_el10,20.0,10.0,0.0,0.0,2048,all_6,1000,2000,2837828990,all_6_equal,plane,20.0,2000,0,1.0,-0.003074897315017351,-0.07696823542077821,0.07666410217804799,1.9248941942099722,1.2279395492266374,3.5802083445752495,5.444683742968891,8.807768142908113,5.444683742968891,8.807768142908113,0.016,0.001,0.0,1.0,0.0,0.0,0.0,0.0,0.0,0.0,0.0,0.0,conditional_geodesic_error_gt_30deg,0.0,0.0,euclidean_norm_of_cycle_coordinates,mean_over_successfully_projected_trials,False,,False,False,False,False,successful_trials_only,False,,,,,,,,
direction_check,deterministic_multisine,evaluation,square,az20_el10,20.0,10.0,0.0,0.0,2048,all_6,1000,2000,2837828990,all_6_cycle_equal,plane,20.0,2000,0,1.0,-0.003074897315025086,-0.07696823542077719,0.07666410217329393,1.9248941942099742,1.2279395492267857,3.5802083445752495,5.444683742968957,8.807768142908072,5.444683742968957,8.807768142908072,0.016,0.001,0.0,1.0,0.0,0.0,0.0,0.0,0.0,0.0,0.0,0.0,conditional_geodesic_error_gt_30deg,5.967109290270169,2.1323376122153114e-13,euclidean_norm_of_cycle_coordinates,mean_over_successfully_projected_trials,False,,False,False,False,False,successful_trials_only,False,,,,,,,,
direction_check,deterministic_multisine,evaluation,square,az20_el10,20.0,10.0,0.0,0.0,2048,all_6,1000,2000,2837828990,all_6_cycle_calibrated_no_rejection,plane,20.0,2000,0,1.0,0.011934198815415348,-0.1772742751612991,0.17728559536804464,1.9595676040186998,1.235239152741029,3.727703710170202,5.684374838130197,9.444403701593703,5.684374838130197,9.444403701593703,0.018,0.001,0.0,1.0,0.0,0.0,0.0,0.0,0.0,0.0,0.0,0.0,conditional_geodesic_error_gt_30deg,5.957727722028145,2.1463907090211585e-13,euclidean_norm_of_cycle_coordinates,mean_over_successfully_projected_trials,True,,False,False,True,False,successful_trials_only,False,,,,,,,,
direction_check,deterministic_multisine,evaluation,square,az20_el10,20.0,10.0,0.0,0.0,2048,all_6,1000,2000,2837828990,all_6_cycle_calibrated_hard_p05,plane,20.0,1997,3,0.9985,0.011096468415048296,-0.2142586357831225,0.21404350754447327,2.0693116834987673,1.2672703150145712,3.9159758108091554,6.20765928303368,10.002832593186335,6.20765928303368,10.002832593186335,0.02103154732098147,0.0035052578868302454,0.0,0.9985,0.0015,0.0015,0.0,0.0,0.05325,0.0,0.0015,0.0,conditional_geodesic_error_gt_30deg,5.470281643610678,1.8458872641603584e-13,euclidean_norm_of_cycle_coordinates,mean_over_successfully_projected_trials,True,5.0,True,False,True,True,successful_trials_only,False,,,,,,,,
direction_check,deterministic_multisine,evaluation,square,az20_el10,20.0,10.0,0.0,0.0,2048,all_6,1000,2000,2837828990,all_6_cycle_calibrated,plane,20.0,1987,13,0.9935,0.007937638174059814,-0.2571852741817553,0.2566651750673378,2.205800297137685,1.3196007885739514,4.237633738699448,7.484124385581,10.005161243143425,7.484124385581,10.005161243143425,0.028183190739808756,0.006039255158530448,0.0,0.9935,0.0065,0.0065,0.0,0.0,0.10308333333333333,0.0,0.0065,0.0,conditional_geodesic_error_gt_30deg,4.9673384521147375,1.6188359533284622e-13,euclidean_norm_of_cycle_coordinates,mean_over_successfully_projected_trials,True,10.0,True,False,True,True,successful_trials_only,False,,,,,,,,
direction_check,deterministic_multisine,evaluation,square,az20_el10,20.0,10.0,0.0,0.0,2048,all_6,1000,2000,2837828990,all_6_cycle_calibrated_hard_p25,plane,20.0,1847,153,0.9235,0.00013904725677136933,-0.27765330958607265,0.2768255332856864,2.4014608973434615,1.435735468660231,4.502174393092556,9.53456376367836,10.020218466788492,9.53456376367836,10.020218466788492,0.03735787763941527,0.01028695181375203,0.0,0.9235,0.0765,0.0765,0.0,0.0,0.25175,0.0,0.0765,0.0,conditional_geodesic_error_gt_30deg,3.7373503850277636,1.0641684507492545e-13,euclidean_norm_of_cycle_coordinates,mean_over_successfully_projected_trials,True,25.0,True,False,True,True,successful_trials_only,False,,,,,,,,
direction_check,deterministic_multisine,evaluation,square,az20_el10,20.0,10.0,0.0,0.0,2048,all_6,1000,2000,2837828990,all_6_cycle_calibrated_hard_p50,plane,20.0,1156,844,0.578,-0.02979842264175295,-0.3548186475329718,0.3548539463594215,2.6741133354507323,1.5182814663806918,5.031077911308817,10.008301386881119,10.041124286750385,10.008301386881119,10.041124286750385,0.052768166089965395,0.01903114186851211,0.0,0.578,0.422,0.422,0.0,0.0,0.5040833333333333,0.0,0.422,0.0,conditional_geodesic_error_gt_30deg,2.0615665523093067,5.0193358062606235e-14,euclidean_norm_of_cycle_coordinates,mean_over_successfully_projected_trials,True,50.0,True,False,True,True,successful_trials_only,False,,,,,,,,
direction_check,deterministic_multisine,evaluation,square,az20_el10,20.0,10.0,0.0,0.0,2048,all_6,1000,2000,2837828990,all_6_cycle_calibrated_soft,plane,20.0,2000,0,1.0,0.009847515717838425,-0.1811027933031754,0.1809796050295419,1.9625444195307291,1.2308891420103796,3.6991095945158565,5.506208315788369,10.000189899910149,5.506208315788369,10.000189899910149,0.0175,0.0015,0.0,1.0,0.0,0.0,0.0,0.0,0.0,0.0,0.0,0.0,conditional_geodesic_error_gt_30deg,5.957727722028145,2.1338314782466756e-13,euclidean_norm_of_cycle_coordinates,mean_over_successfully_projected_trials,True,,False,True,True,True,successful_trials_only,False,,,,,,,,
direction_check,deterministic_multisine,evaluation,square,az45_el30,45.0,30.0,0.0,0.0,2048,reference_3,1000,2000,3212199309,reference_3_equal,plane,20.0,2000,0,1.0,0.02095679334666555,0.020996788682175714,0.028973810635715077,0.8865126809658863,0.718395252181295,1.5434018205321514,1.8534783450863983,2.456707856890016,1.8534783450863983,2.456707856890016,0.0,0.0,0.0,1.0,0.0,0.0,0.0,0.0,0.0,0.0,0.0,0.0,conditional_geodesic_error_gt_30deg,0.0,0.0,euclidean_norm_of_cycle_coordinates,mean_over_successfully_projected_trials,False,,False,False,False,False,successful_trials_only,False,,,,,,,,
direction_check,deterministic_multisine,evaluation,square,az45_el30,45.0,30.0,0.0,0.0,2048,all_6,1000,2000,3212199309,all_6_equal,plane,20.0,2000,0,1.0,0.0050128025901061005,0.03156225645491832,0.03234020360790639,0.6832266184620177,0.5228552290259049,1.260163701875822,1.5693945466972323,1.870607454761327,1.5693945466972323,1.870607454761327,0.0,0.0,0.0,1.0,0.0,0.0,0.0,0.0,0.0,0.0,0.0,0.0,conditional_geodesic_error_gt_30deg,0.0,0.0,euclidean_norm_of_cycle_coordinates,mean_over_successfully_projected_trials,False,,False,False,False,False,successful_trials_only,False,,,,,,,,
direction_check,deterministic_multisine,evaluation,square,az45_el30,45.0,30.0,0.0,0.0,2048,all_6,1000,2000,3212199309,all_6_cycle_equal,plane,20.0,2000,0,1.0,0.0050128025900969785,0.03156225645491749,0.03234020360790639,0.6832266184620089,0.522855229026602,1.2601637018755474,1.5693945466972323,1.8706074547611322,1.5693945466972323,1.8706074547611322,0.0,0.0,0.0,1.0,0.0,0.0,0.0,0.0,0.0,0.0,0.0,0.0,conditional_geodesic_error_gt_30deg,5.972975070177272,1.1814487476621364e-13,euclidean_norm_of_cycle_coordinates,mean_over_successfully_projected_trials,False,,False,False,False,False,successful_trials_only,False,,,,,,,,
direction_check,deterministic_multisine,evaluation,square,az45_el30,45.0,30.0,0.0,0.0,2048,all_6,1000,2000,3212199309,all_6_cycle_calibrated_no_rejection,plane,20.0,2000,0,1.0,0.0011267535528420086,-0.03759012467051407,0.037115828719253674,0.6867505113775056,0.5244253655318281,1.2769413608361038,1.6396673302216216,1.8835274466170324,1.6396673302216216,1.8835274466170324,0.0,0.0,0.0,1.0,0.0,0.0,0.0,0.0,0.0,0.0,0.0,0.0,conditional_geodesic_error_gt_30deg,5.978043459008804,1.1838140154708336e-13,euclidean_norm_of_cycle_coordinates,mean_over_successfully_projected_trials,True,,False,False,True,False,successful_trials_only,False,,,,,,,,
direction_check,deterministic_multisine,evaluation,square,az45_el30,45.0,30.0,0.0,0.0,2048,all_6,1000,2000,3212199309,all_6_cycle_calibrated_hard_p05,plane,20.0,1998,2,0.999,0.002976267946032865,-0.020022722102478227,0.019682518083393493,0.7109609402125291,0.5493256788983912,1.315855475060473,1.7261484071394888,2.1086245532769214,1.7261484071394888,2.1086245532769214,0.0,0.0,0.0,0.999,0.001,0.001,0.0,0.0,0.05283333333333333,0.0,0.001,0.0,conditional_geodesic_error_gt_30deg,5.469907384600624,1.0455747317531244e-13,euclidean_norm_of_cycle_coordinates,mean_over_successfully_projected_trials,True,5.0,True,False,True,True,successful_trials_only,False,,,,,,,,
direction_check,deterministic_multisine,evaluation,square,az45_el30,45.0,30.0,0.0,0.0,2048,all_6,1000,2000,3212199309,all_6_cycle_calibrated,plane,20.0,1992,8,0.996,0.0018629300333889499,-0.016997063521953508,0.016545931463505015,0.7307827013759625,0.5553898554636885,1.3380801365005888,1.7774663510716937,2.1089892853968046,1.7774663510716937,2.1089892853968046,0.0,0.0,0.0,0.996,0.004,0.004,0.0,0.0,0.10025,0.0,0.004,0.0,conditional_geodesic_error_gt_30deg,4.990524049460175,9.245324025464788e-14,euclidean_norm_of_cycle_coordinates,mean_over_successfully_projected_trials,True,10.0,True,False,True,True,successful_trials_only,False,,,,,,,,
direction_check,deterministic_multisine,evaluation,square,az45_el30,45.0,30.0,0.0,0.0,2048,all_6,1000,2000,3212199309,all_6_cycle_calibrated_hard_p25,plane,20.0,1857,143,0.9285,-0.0046845456417361105,0.008923297282744226,0.010337995197778966,0.7931138778653813,0.6038758077865487,1.4731424129437785,1.8702716811723867,2.872071902553205,1.8702716811723867,2.872071902553205,0.0,0.0,0.0,0.9285,0.0715,0.0715,0.0,0.0,0.25175,0.0,0.0715,0.0,conditional_geodesic_error_gt_30deg,3.6734473613049254,6.237516891564347e-14,euclidean_norm_of_cycle_coordinates,mean_over_successfully_projected_trials,True,25.0,True,False,True,True,successful_trials_only,False,,,,,,,,
direction_check,deterministic_multisine,evaluation,square,az45_el30,45.0,30.0,0.0,0.0,2048,all_6,1000,2000,3212199309,all_6_cycle_calibrated_hard_p50,plane,20.0,1181,819,0.5905,-0.0004333172837401922,0.0757850290309245,0.0764632341510819,0.9015488698039218,0.6775588353242471,1.608722038981553,2.122175988944323,3.264683944198291,2.122175988944323,3.264683944198291,0.0,0.0,0.0,0.5905,0.4095,0.4095,0.0,0.0,0.49966666666666665,0.0,0.4095,0.0,conditional_geodesic_error_gt_30deg,1.8975536208917458,3.0890925390075277e-14,euclidean_norm_of_cycle_coordinates,mean_over_successfully_projected_trials,True,50.0,True,False,True,True,successful_trials_only,False,,,,,,,,
direction_check,deterministic_multisine,evaluation,square,az45_el30,45.0,30.0,0.0,0.0,2048,all_6,1000,2000,3212199309,all_6_cycle_calibrated_soft,plane,20.0,2000,0,1.0,0.0014195219487951878,-0.028344718854345596,0.027894309479340438,0.6857370233685124,0.533838332457842,1.2800119608327638,1.645914962362612,1.9439252060754377,1.645914962362612,1.9439252060754377,0.0,0.0,0.0,1.0,0.0,0.0,0.0,0.0,0.0,0.0,0.0,0.0,conditional_geodesic_error_gt_30deg,5.978043459008804,1.1893325616687677e-13,euclidean_norm_of_cycle_coordinates,mean_over_successfully_projected_trials,True,,False,True,True,True,successful_trials_only,False,,,,,,,,
direction_check,deterministic_multisine,evaluation,square,az120_el50,120.0,50.0,0.0,0.0,2048,reference_3,1000,2000,3381507827,reference_3_equal,plane,20.0,2000,0,1.0,-0.013009635964376024,0.04201764712191153,0.043917382031615215,0.8003365524219951,0.6213297430713624,1.449037089999764,1.8601265379637806,2.2467887618357985,1.8601265379637806,2.2467887618357985,0.0,0.0,0.0,1.0,0.0,0.0,0.0,0.0,0.0,0.0,0.0,0.0,conditional_geodesic_error_gt_30deg,0.0,0.0,euclidean_norm_of_cycle_coordinates,mean_over_successfully_projected_trials,False,,False,False,False,False,successful_trials_only,False,,,,,,,,
direction_check,deterministic_multisine,evaluation,square,az120_el50,120.0,50.0,0.0,0.0,2048,all_6,1000,2000,3381507827,all_6_equal,plane,20.0,2000,0,1.0,-0.01351127628218686,0.028378909103943414,0.030618171280710458,0.498666524206432,0.4077435220725727,0.8783466854584766,1.1491479399546933,1.4558022642346993,1.1491479399546933,1.4558022642346993,0.0,0.0,0.0,1.0,0.0,0.0,0.0,0.0,0.0,0.0,0.0,0.0,conditional_geodesic_error_gt_30deg,0.0,0.0,euclidean_norm_of_cycle_coordinates,mean_over_successfully_projected_trials,False,,False,False,False,False,successful_trials_only,False,,,,,,,,
direction_check,deterministic_multisine,evaluation,square,az120_el50,120.0,50.0,0.0,0.0,2048,all_6,1000,2000,3381507827,all_6_cycle_equal,plane,20.0,2000,0,1.0,-0.013511276282195254,0.02837890910394357,0.030618171280710458,0.4986665242064532,0.4077435220725727,0.8783466854580617,1.1491479399546933,1.4558022642346993,1.1491479399546933,1.4558022642346993,0.0,0.0,0.0,1.0,0.0,0.0,0.0,0.0,0.0,0.0,0.0,0.0,conditional_geodesic_error_gt_30deg,5.988642121590853,1.2101949740021376e-13,euclidean_norm_of_cycle_coordinates,mean_over_successfully_projected_trials,False,,False,False,False,False,successful_trials_only,False,,,,,,,,
direction_check,deterministic_multisine,evaluation,square,az120_el50,120.0,50.0,0.0,0.0,2048,all_6,1000,2000,3381507827,all_6_cycle_calibrated_no_rejection,plane,20.0,2000,0,1.0,-0.01306799115899104,-0.008996761440306249,0.011671714585829503,0.49956003730986,0.4100515407350573,0.8816979781322626,1.147068983250539,1.4998426668347684,1.147068983250539,1.4998426668347684,0.0,0.0,0.0,1.0,0.0,0.0,0.0,0.0,0.0,0.0,0.0,0.0,conditional_geodesic_error_gt_30deg,5.992907530598208,1.2185358956265034e-13,euclidean_norm_of_cycle_coordinates,mean_over_successfully_projected_trials,True,,False,False,True,False,successful_trials_only,False,,,,,,,,
direction_check,deterministic_multisine,evaluation,square,az120_el50,120.0,50.0,0.0,0.0,2048,all_6,1000,2000,3381507827,all_6_cycle_calibrated_hard_p05,plane,20.0,1999,1,0.9995,-0.0018414248743208374,-0.014176325934761626,0.013201674437667807,0.5135214171950969,0.4061272249115339,0.9112408382678961,1.2382198538737876,1.5574490268352807,1.2382198538737876,1.5574490268352807,0.0,0.0,0.0,0.9995,0.0005,0.0005,0.0,0.0,0.05125,0.0,0.0005,0.0,conditional_geodesic_error_gt_30deg,5.500989148221956,1.1275245356769425e-13,euclidean_norm_of_cycle_coordinates,mean_over_successfully_projected_trials,True,5.0,True,False,True,True,successful_trials_only,False,,,,,,,,
direction_check,deterministic_multisine,evaluation,square,az120_el50,120.0,50.0,0.0,0.0,2048,all_6,1000,2000,3381507827,all_6_cycle_calibrated,plane,20.0,1993,7,0.9965,0.006215291923546776,-0.01806680012256418,0.01744043758564863,0.5282520433320782,0.4216199666543583,0.9337599415262741,1.2729918721106959,1.5578319972318553,1.2729918721106959,1.5578319972318553,0.0,0.0,0.0,0.9965,0.0035,0.0035,0.0,0.0,0.09858333333333333,0.0,0.0035,0.0,conditional_geodesic_error_gt_30deg,5.0660229023372425,1.0284281148179097e-13,euclidean_norm_of_cycle_coordinates,mean_over_successfully_projected_trials,True,10.0,True,False,True,True,successful_trials_only,False,,,,,,,,
direction_check,deterministic_multisine,evaluation,square,az120_el50,120.0,50.0,0.0,0.0,2048,all_6,1000,2000,3381507827,all_6_cycle_calibrated_hard_p25,plane,20.0,1868,132,0.934,0.025659479801747785,-0.027093988982499033,0.030625385121059882,0.5814565711132036,0.44882952218653266,1.0752375472987483,1.4671000308758129,1.8648940031066112,1.4671000308758129,1.8648940031066112,0.0,0.0,0.0,0.934,0.066,0.066,0.0,0.0,0.24125,0.0,0.066,0.0,conditional_geodesic_error_gt_30deg,3.830621420672525,7.139708222743198e-14,euclidean_norm_of_cycle_coordinates,mean_over_successfully_projected_trials,True,25.0,True,False,True,True,successful_trials_only,False,,,,,,,,
direction_check,deterministic_multisine,evaluation,square,az120_el50,120.0,50.0,0.0,0.0,2048,all_6,1000,2000,3381507827,all_6_cycle_calibrated_hard_p50,plane,20.0,1182,818,0.591,0.08103858587859923,-0.06347046854384977,0.0810730005118998,0.624398737770113,0.4708120400164925,1.151589668530695,1.605276198304497,2.0203279050823433,1.605276198304497,2.0203279050823433,0.0,0.0,0.0,0.591,0.409,0.409,0.0,0.0,0.4984166666666667,0.0,0.409,0.0,conditional_geodesic_error_gt_30deg,1.8990361687708674,3.2945376901874185e-14,euclidean_norm_of_cycle_coordinates,mean_over_successfully_projected_trials,True,50.0,True,False,True,True,successful_trials_only,False,,,,,,,,
direction_check,deterministic_multisine,evaluation,square,az120_el50,120.0,50.0,0.0,0.0,2048,all_6,1000,2000,3381507827,all_6_cycle_calibrated_soft,plane,20.0,2000,0,1.0,-0.007172612449764739,-0.012098908629800731,0.012067975295872333,0.4975238437474341,0.4055888155156853,0.8731418759003264,1.1521705655373162,1.4716764663202513,1.1521705655373162,1.4716764663202513,0.0,0.0,0.0,1.0,0.0,0.0,0.0,0.0,0.0,0.0,0.0,0.0,conditional_geodesic_error_gt_30deg,5.992907530598208,1.2197784775029532e-13,euclidean_norm_of_cycle_coordinates,mean_over_successfully_projected_trials,True,,False,True,True,True,successful_trials_only,False,,,,,,,,
fine_snr,deterministic_multisine,evaluation,tetrahedral,az45_el30,45.0,30.0,-10.0,-10.0,2048,reference_3,1000,2000,2748851594,reference_3_equal,plane,20.0,2000,0,1.0,-0.07591108422685815,-1.3622971512738407,2.9379991069779443,36.40065660228752,4.166886443098698,77.51642500590928,96.48916792596732,127.08998084583399,96.48916792596732,127.08998084583399,0.463,0.389,0.3045,1.0,0.0,0.0,0.0,0.024,0.0,0.0,0.0,0.3045,conditional_geodesic_error_gt_30deg,0.0,0.0,euclidean_norm_of_cycle_coordinates,mean_over_successfully_projected_trials,False,,False,False,False,False,successful_trials_only,False,,,,,,,,
fine_snr,deterministic_multisine,evaluation,tetrahedral,az45_el30,45.0,30.0,-10.0,-10.0,2048,all_6,1000,2000,2748851594,all_6_equal,plane,20.0,2000,0,1.0,-1.1409315648462925,-1.0258803133135381,0.9946528653672964,27.9958257949022,8.20471148725282,57.560759779881515,104.27486828894016,149.20367596677465,104.27486828894016,149.20367596677465,0.5635,0.4725,0.2115,1.0,0.0,0.0,0.0,0.024,0.0,0.0,0.0,0.2115,conditional_geodesic_error_gt_30deg,0.0,0.0,euclidean_norm_of_cycle_coordinates,mean_over_successfully_projected_trials,False,,False,False,False,False,successful_trials_only,False,,,,,,,,
fine_snr,deterministic_multisine,evaluation,tetrahedral,az45_el30,45.0,30.0,-10.0,-10.0,2048,all_6,1000,2000,2748851594,all_6_cycle_equal,plane,20.0,2000,0,1.0,-1.1409315648462914,-1.0258803133135401,0.994652865367663,27.995825794902196,8.204711487252819,57.560759779881515,104.2748682889401,149.20367596677465,104.2748682889401,149.20367596677465,0.5635,0.4725,0.2115,1.0,0.0,0.0,0.0,0.024,0.0,0.0,0.0,0.2115,conditional_geodesic_error_gt_30deg,239.67689473380295,7.447039506081718e-14,euclidean_norm_of_cycle_coordinates,mean_over_successfully_projected_trials,False,,False,False,False,False,successful_trials_only,False,,,,,,,,
fine_snr,deterministic_multisine,evaluation,tetrahedral,az45_el30,45.0,30.0,-10.0,-10.0,2048,all_6,1000,2000,2748851594,all_6_cycle_calibrated_no_rejection,plane,20.0,2000,0,1.0,0.2841466651138822,-0.4179441507013959,0.5862917616533615,18.814021092301754,5.526406303577809,33.56974437340072,53.02058481024737,149.7076846778174,53.02058481024737,149.7076846778174,0.516,0.363,0.088,1.0,0.0,0.0,0.0,0.024,0.0,0.0,0.0,0.088,conditional_geodesic_error_gt_30deg,240.07680419151933,7.574909805469466e-14,euclidean_norm_of_cycle_coordinates,mean_over_successfully_projected_trials,True,,False,False,True,False,successful_trials_only,False,,,,,,,,
fine_snr,deterministic_multisine,evaluation,tetrahedral,az45_el30,45.0,30.0,-10.0,-10.0,2048,all_6,1000,2000,2748851594,all_6_cycle_calibrated_hard_p05,plane,20.0,1985,15,0.9925,0.6268779690129401,-0.2656872787472602,0.7955677865268537,16.473379403940985,2.499269285103149,32.48617348077752,54.36597588137701,146.91170430440934,54.36597588137701,146.91170430440934,0.36272040302267,0.24836272040302268,0.0654911838790932,0.9925,0.0075,0.0075,0.0,0.024,0.11316666666666665,0.0,0.0075,0.0654911838790932,conditional_geodesic_error_gt_30deg,153.16062352238205,6.320030125917346e-14,euclidean_norm_of_cycle_coordinates,mean_over_successfully_projected_trials,True,5.0,True,False,True,True,successful_trials_only,False,,,,,,,,
fine_snr,deterministic_multisine,evaluation,tetrahedral,az45_el30,45.0,30.0,-10.0,-10.0,2048,all_6,1000,2000,2748851594,all_6_cycle_calibrated,plane,20.0,1947,53,0.9735,0.6479648212573033,-0.3350266223934726,0.8094134959185657,15.818601779299799,2.3014672954800415,32.21822478807804,54.887248500742764,144.44075474599282,54.887248500742764,144.44075474599282,0.3035439137134052,0.21212121212121213,0.061633281972265024,0.9735,0.0265,0.0265,0.0,0.024,0.18175,0.0,0.0265,0.061633281972265024,conditional_geodesic_error_gt_30deg,115.71963833858011,5.608502595870971e-14,euclidean_norm_of_cycle_coordinates,mean_over_successfully_projected_trials,True,10.0,True,False,True,True,successful_trials_only,False,,,,,,,,
fine_snr,deterministic_multisine,evaluation,tetrahedral,az45_el30,45.0,30.0,-10.0,-10.0,2048,all_6,1000,2000,2748851594,all_6_cycle_calibrated_hard_p25,plane,20.0,1644,356,0.822,0.6422154395640471,-0.20478481429461864,0.7586411800373077,14.273327344825015,2.2125794562081236,30.95644648123562,64.03686433864415,121.88920581107733,64.03686433864415,121.88920581107733,0.21776155717761558,0.1356447688564477,0.05474452554744526,0.822,0.178,0.178,0.0,0.024,0.3608333333333334,0.0,0.178,0.05474452554744526,conditional_geodesic_error_gt_30deg,52.59288447753942,3.7804750065416225e-14,euclidean_norm_of_cycle_coordinates,mean_over_successfully_projected_trials,True,25.0,True,False,True,True,successful_trials_only,False,,,,,,,,
fine_snr,deterministic_multisine,evaluation,tetrahedral,az45_el30,45.0,30.0,-10.0,-10.0,2048,all_6,1000,2000,2748851594,all_6_cycle_calibrated_hard_p50,plane,20.0,869,1131,0.4345,1.0754183388821985,0.16704756912789429,0.807495777960253,12.826504708544137,2.2370472274359807,25.4267037022313,58.507886200566645,126.64692516164797,58.507886200566645,126.64692516164797,0.18296892980437285,0.1001150747986191,0.047180667433831994,0.4345,0.5655,0.5655,0.0,0.024,0.5780833333333333,0.0,0.5655,0.047180667433831994,conditional_geodesic_error_gt_30deg,20.334047421221918,2.3183853307663202e-14,euclidean_norm_of_cycle_coordinates,mean_over_successfully_projected_trials,True,50.0,True,False,True,True,successful_trials_only,False,,,,,,,,
fine_snr,deterministic_multisine,evaluation,tetrahedral,az45_el30,45.0,30.0,-10.0,-10.0,2048,all_6,1000,2000,2748851594,all_6_cycle_calibrated_soft,plane,20.0,2000,0,1.0,0.1479310953444128,-0.24242322626015853,0.5682660970938473,16.668226483310796,4.805796887231773,31.811447067385824,51.5505056414254,148.54963565986668,51.5505056414254,148.54963565986668,0.491,0.3255,0.064,1.0,0.0,0.0,0.0,0.024,0.0,0.0,0.0,0.064,conditional_geodesic_error_gt_30deg,240.07680419151933,7.42549087187682e-14,euclidean_norm_of_cycle_coordinates,mean_over_successfully_projected_trials,True,,False,True,True,True,successful_trials_only,False,,,,,,,,
fine_snr,deterministic_multisine,evaluation,tetrahedral,az45_el30,45.0,30.0,-8.0,-8.0,2048,reference_3,1000,2000,2090632745,reference_3_equal,plane,20.0,2000,0,1.0,-0.00287027420515901,-0.27268647910845994,0.7590096046713017,18.94179794670693,1.8183344637510128,59.73103445374907,79.42285075263344,93.09323963113553,79.42285075263344,93.09323963113553,0.139,0.1155,0.0845,1.0,0.0,0.0,0.0,0.01,0.0,0.0,0.0,0.0845,conditional_geodesic_error_gt_30deg,0.0,0.0,euclidean_norm_of_cycle_coordinates,mean_over_successfully_projected_trials,False,,False,False,False,False,successful_trials_only,False,,,,,,,,
fine_snr,deterministic_multisine,evaluation,tetrahedral,az45_el30,45.0,30.0,-8.0,-8.0,2048,all_6,1000,2000,2090632745,all_6_equal,plane,20.0,2000,0,1.0,0.13646561875872462,-0.31627701071189424,0.21158449170759672,13.586091320614978,1.1312592266146677,33.40530185809383,55.70385265325927,89.59762809560516,55.70385265325927,89.59762809560516,0.183,0.143,0.0535,1.0,0.0,0.0,0.0,0.01,0.0,0.0,0.0,0.0535,conditional_geodesic_error_gt_30deg,0.0,0.0,euclidean_norm_of_cycle_coordinates,mean_over_successfully_projected_trials,False,,False,False,False,False,successful_trials_only,False,,,,,,,,
fine_snr,deterministic_multisine,evaluation,tetrahedral,az45_el30,45.0,30.0,-8.0,-8.0,2048,all_6,1000,2000,2090632745,all_6_cycle_equal,plane,20.0,2000,0,1.0,0.1364656187587245,-0.31627701071189657,0.21158449170931928,13.586091320614976,1.1312592266146677,33.40530185809383,55.70385265325923,89.59762809560517,55.70385265325923,89.59762809560517,0.183,0.143,0.0535,1.0,0.0,0.0,0.0,0.01,0.0,0.0,0.0,0.0535,conditional_geodesic_error_gt_30deg,82.72132910402755,6.085372661364941e-14,euclidean_norm_of_cycle_coordinates,mean_over_successfully_projected_trials,False,,False,False,False,False,successful_trials_only,False,,,,,,,,
fine_snr,deterministic_multisine,evaluation,tetrahedral,az45_el30,45.0,30.0,-8.0,-8.0,2048,all_6,1000,2000,2090632745,all_6_cycle_calibrated_no_rejection,plane,20.0,2000,0,1.0,0.29971009225977024,-0.589293867651399,0.5354703668906543,8.560339000677532,1.237526678615871,20.961809666346202,34.94460105126151,50.3882328080175,34.94460105126151,50.3882328080175,0.16,0.111,0.0205,1.0,0.0,0.0,0.0,0.01,0.0,0.0,0.0,0.0205,conditional_geodesic_error_gt_30deg,82.97173572038596,6.205979533267112e-14,euclidean_norm_of_cycle_coordinates,mean_over_successfully_projected_trials,True,,False,False,True,False,successful_trials_only,False,,,,,,,,
fine_snr,deterministic_multisine,evaluation,tetrahedral,az45_el30,45.0,30.0,-8.0,-8.0,2048,all_6,1000,2000,2090632745,all_6_cycle_calibrated_hard_p05,plane,20.0,1993,7,0.9965,0.2601880032770228,-0.4630494777597533,0.44507533743561406,5.210252045253808,1.125878410594595,9.524770204097486,28.648051253224445,39.74554636123765,28.648051253224445,39.74554636123765,0.06522829904666332,0.04867034621174109,0.009031610637230306,0.9965,0.0035,0.0035,0.0,0.01,0.07833333333333332,0.0,0.0035,0.009031610637230306,conditional_geodesic_error_gt_30deg,37.62485460229002,5.520671806479216e-14,euclidean_norm_of_cycle_coordinates,mean_over_successfully_projected_trials,True,5.0,True,False,True,True,successful_trials_only,False,,,,,,,,
fine_snr,deterministic_multisine,evaluation,tetrahedral,az45_el30,45.0,30.0,-8.0,-8.0,2048,all_6,1000,2000,2090632745,all_6_cycle_calibrated,plane,20.0,1976,24,0.988,0.2913712803962653,-0.3897908766082457,0.4091548315260357,4.63139353290998,1.1100976764421417,3.6602848979028826,25.89487959272558,44.066064611941485,25.89487959272558,44.066064611941485,0.04149797570850203,0.030870445344129555,0.00708502024291498,0.988,0.012,0.012,0.0,0.01,0.13341666666666666,0.0,0.012,0.00708502024291498,conditional_geodesic_error_gt_30deg,26.408509339296355,5.022664392426921e-14,euclidean_norm_of_cycle_coordinates,mean_over_successfully_projected_trials,True,10.0,True,False,True,True,successful_trials_only,False,,,,,,,,
fine_snr,deterministic_multisine,evaluation,tetrahedral,az45_el30,45.0,30.0,-8.0,-8.0,2048,all_6,1000,2000,2090632745,all_6_cycle_calibrated_hard_p25,plane,20.0,1801,199,0.9005,0.27688072816555953,-0.31246906737891994,0.3605629094047059,3.776623937357908,1.174740751588989,3.1607318931131343,15.424840154179721,44.077024545465825,15.424840154179721,44.077024545465825,0.02109938922820655,0.016102165463631316,0.004997223764575236,0.9005,0.0995,0.0995,0.0,0.01,0.28991666666666666,0.0,0.0995,0.004997223764575236,conditional_geodesic_error_gt_30deg,14.28084325391477,3.893545103276671e-14,euclidean_norm_of_cycle_coordinates,mean_over_successfully_projected_trials,True,25.0,True,False,True,True,successful_trials_only,False,,,,,,,,
fine_snr,deterministic_multisine,evaluation,tetrahedral,az45_el30,45.0,30.0,-8.0,-8.0,2048,all_6,1000,2000,2090632745,all_6_cycle_calibrated_hard_p50,plane,20.0,1045,955,0.5225,0.37846551855690724,-0.2722164927921706,0.38131611074594973,3.6511270817902384,1.2443938654858808,3.0153043766860343,4.799115925268011,58.15700431958845,4.799115925268011,58.15700431958845,0.00861244019138756,0.007655502392344498,0.003827751196172249,0.5225,0.4775,0.4775,0.0,0.01,0.5360833333333332,0.0,0.4775,0.003827751196172249,conditional_geodesic_error_gt_30deg,6.96496974685266,2.3180057104015657e-14,euclidean_norm_of_cycle_coordinates,mean_over_successfully_projected_trials,True,50.0,True,False,True,True,successful_trials_only,False,,,,,,,,
fine_snr,deterministic_multisine,evaluation,tetrahedral,az45_el30,45.0,30.0,-8.0,-8.0,2048,all_6,1000,2000,2090632745,all_6_cycle_calibrated_soft,plane,20.0,2000,0,1.0,0.3499309411868244,-0.5166683570334663,0.5052639856121534,6.90536571581649,1.2213552764975015,17.856271629802873,31.38210230356898,42.08842979032336,31.38210230356898,42.08842979032336,0.149,0.089,0.012,1.0,0.0,0.0,0.0,0.01,0.0,0.0,0.0,0.012,conditional_geodesic_error_gt_30deg,82.97173572038596,6.143832096739808e-14,euclidean_norm_of_cycle_coordinates,mean_over_successfully_projected_trials,True,,False,True,True,True,successful_trials_only,False,,,,,,,,
fine_snr,deterministic_multisine,evaluation,tetrahedral,az45_el30,45.0,30.0,-6.0,-6.0,2048,reference_3,1000,2000,337490753,reference_3_equal,plane,20.0,2000,0,1.0,0.27414618478318786,-0.2084550848105755,0.22410940438760873,7.094805869263756,1.2840336410387243,3.0569458257280444,43.70658219265525,78.55020185556475,43.70658219265525,78.55020185556475,0.0175,0.014,0.0115,1.0,0.0,0.0,0.0,0.0005,0.0,0.0,0.0,0.0115,conditional_geodesic_error_gt_30deg,0.0,0.0,euclidean_norm_of_cycle_coordinates,mean_over_successfully_projected_trials,False,,False,False,False,False,successful_trials_only,False,,,,,,,,
fine_snr,deterministic_multisine,evaluation,tetrahedral,az45_el30,45.0,30.0,-6.0,-6.0,2048,all_6,1000,2000,337490753,all_6_equal,plane,20.0,2000,0,1.0,0.18217021941973047,-0.16282935495402645,0.13480132446901155,5.221637437219562,0.7122368704029536,1.6630704522459017,21.868712234416098,54.71413220000059,21.868712234416098,54.71413220000059,0.019,0.015,0.009,1.0,0.0,0.0,0.0,0.0005,0.0,0.0,0.0,0.009,conditional_geodesic_error_gt_30deg,0.0,0.0,euclidean_norm_of_cycle_coordinates,mean_over_successfully_projected_trials,False,,False,False,False,False,successful_trials_only,False,,,,,,,,
fine_snr,deterministic_multisine,evaluation,tetrahedral,az45_el30,45.0,30.0,-6.0,-6.0,2048,all_6,1000,2000,337490753,all_6_cycle_equal,plane,20.0,2000,0,1.0,0.18217021941973027,-0.16282935495402842,0.13480132446630783,5.221637437219562,0.7122368704032096,1.6630704522459017,21.868712234416147,54.71413220000059,21.868712234416147,54.71413220000059,0.019,0.015,0.009,1.0,0.0,0.0,0.0,0.0005,0.0,0.0,0.0,0.009,conditional_geodesic_error_gt_30deg,20.391736511326513,5.591968818102423e-14,euclidean_norm_of_cycle_coordinates,mean_over_successfully_projected_trials,False,,False,False,False,False,successful_trials_only,False,,,,,,,,
fine_snr,deterministic_multisine,evaluation,tetrahedral,az45_el30,45.0,30.0,-6.0,-6.0,2048,all_6,1000,2000,337490753,all_6_cycle_calibrated_no_rejection,plane,20.0,2000,0,1.0,0.2058282363239687,-0.07721358345965286,0.07103990880930432,5.374347328259214,0.8559888557261052,1.9760484789175687,4.926568870687697,121.52314823389888,4.926568870687697,121.52314823389888,0.01,0.008,0.0025,1.0,0.0,0.0,0.0,0.0005,0.0,0.0,0.0,0.0025,conditional_geodesic_error_gt_30deg,21.106218557704526,5.5297640932025904e-14,euclidean_norm_of_cycle_coordinates,mean_over_successfully_projected_trials,True,,False,False,True,False,successful_trials_only,False,,,,,,,,
fine_snr,deterministic_multisine,evaluation,tetrahedral,az45_el30,45.0,30.0,-6.0,-6.0,2048,all_6,1000,2000,337490753,all_6_cycle_calibrated_hard_p05,plane,20.0,1998,2,0.999,-0.041521731799810384,-0.04966830142516234,0.05700810834404126,1.33964501849676,0.8500684084408541,1.8407523432459865,2.5123710861714406,3.9969985133989616,2.5123710861714406,3.9969985133989616,0.001001001001001001,0.001001001001001001,0.0005005005005005005,0.999,0.001,0.001,0.0,0.0005,0.05349999999999999,0.0,0.001,0.0005005005005005005,conditional_geodesic_error_gt_30deg,12.694148567991334,5.2451274159108326e-14,euclidean_norm_of_cycle_coordinates,mean_over_successfully_projected_trials,True,5.0,True,False,True,True,successful_trials_only,False,,,,,,,,
fine_snr,deterministic_multisine,evaluation,tetrahedral,az45_el30,45.0,30.0,-6.0,-6.0,2048,all_6,1000,2000,337490753,all_6_cycle_calibrated,plane,20.0,1992,8,0.996,-0.027763141246892487,-0.028995247446595495,0.03433795192805722,1.1141473858765418,0.8472312968677794,1.8909126529248084,2.6641848410109734,3.9767426014763867,2.6641848410109734,3.9767426014763867,0.000502008032128514,0.000502008032128514,0.0,0.996,0.004,0.004,0.0,0.0005,0.09933333333333333,0.0,0.004,0.0,conditional_geodesic_error_gt_30deg,11.659572339248065,5.020267466817203e-14,euclidean_norm_of_cycle_coordinates,mean_over_successfully_projected_trials,True,10.0,True,False,True,True,successful_trials_only,False,,,,,,,,
fine_snr,deterministic_multisine,evaluation,tetrahedral,az45_el30,45.0,30.0,-6.0,-6.0,2048,all_6,1000,2000,337490753,all_6_cycle_calibrated_hard_p25,plane,20.0,1848,152,0.924,-0.05727415118420229,-0.01908203662914237,0.05198892770463567,1.2050854879892148,0.8828870858967452,2.1348438661165887,3.262336971406445,5.743773098285318,3.262336971406445,5.743773098285318,0.0016233766233766235,0.0,0.0,0.924,0.076,0.076,0.0,0.0005,0.25916666666666666,0.0,0.076,0.0,conditional_geodesic_error_gt_30deg,7.63304578735953,4.063877435862262e-14,euclidean_norm_of_cycle_coordinates,mean_over_successfully_projected_trials,True,25.0,True,False,True,True,successful_trials_only,False,,,,,,,,
fine_snr,deterministic_multisine,evaluation,tetrahedral,az45_el30,45.0,30.0,-6.0,-6.0,2048,all_6,1000,2000,337490753,all_6_cycle_calibrated_hard_p50,plane,20.0,1124,876,0.562,-0.05649906825813458,-0.0347969138694554,0.057640015298654895,1.285116782783505,0.9385391877523644,2.354541684722546,3.7719413763993748,4.4981513544738965,3.7719413763993748,4.4981513544738965,0.0008896797153024911,0.0,0.0,0.562,0.438,0.438,0.0,0.0005,0.5063333333333334,0.0,0.438,0.0,conditional_geodesic_error_gt_30deg,4.28750986665956,2.6183993215403723e-14,euclidean_norm_of_cycle_coordinates,mean_over_successfully_projected_trials,True,50.0,True,False,True,True,successful_trials_only,False,,,,,,,,
fine_snr,deterministic_multisine,evaluation,tetrahedral,az45_el30,45.0,30.0,-6.0,-6.0,2048,all_6,1000,2000,337490753,all_6_cycle_calibrated_soft,plane,20.0,2000,0,1.0,0.1944341685697494,-0.07641350593881027,0.06462262150679618,5.219771286879401,0.852587052832965,1.9372410050028936,4.081250784707556,122.01391692454975,4.081250784707556,122.01391692454975,0.0095,0.0075,0.002,1.0,0.0,0.0,0.0,0.0005,0.0,0.0,0.0,0.002,conditional_geodesic_error_gt_30deg,21.106218557704526,5.47159511944758e-14,euclidean_norm_of_cycle_coordinates,mean_over_successfully_projected_trials,True,,False,True,True,True,successful_trials_only,False,,,,,,,,
fine_snr,deterministic_multisine,evaluation,tetrahedral,az45_el30,45.0,30.0,-4.0,-4.0,2048,reference_3,1000,2000,3282974245,reference_3_equal,plane,20.0,2000,0,1.0,-0.016606306472755482,0.0023384125104205216,0.015613564522088511,1.2881633754867574,0.9801000235167757,2.1136347397618422,2.8462528633102666,5.051738497027794,2.8462528633102666,5.051738497027794,0.0015,0.0005,0.0,1.0,0.0,0.0,0.0,0.0,0.0,0.0,0.0,0.0,conditional_geodesic_error_gt_30deg,0.0,0.0,euclidean_norm_of_cycle_coordinates,mean_over_successfully_projected_trials,False,,False,False,False,False,successful_trials_only,False,,,,,,,,
fine_snr,deterministic_multisine,evaluation,tetrahedral,az45_el30,45.0,30.0,-4.0,-4.0,2048,all_6,1000,2000,3282974245,all_6_equal,plane,20.0,2000,0,1.0,0.0002663361846475337,-0.0018523493889386824,0.0004997902250935942,0.8307497000100054,0.548758952151679,1.1698217380058071,1.4421300543660402,2.32905664666014,1.4421300543660402,2.32905664666014,0.0005,0.0005,0.0,1.0,0.0,0.0,0.0,0.0,0.0,0.0,0.0,0.0,conditional_geodesic_error_gt_30deg,0.0,0.0,euclidean_norm_of_cycle_coordinates,mean_over_successfully_projected_trials,False,,False,False,False,False,successful_trials_only,False,,,,,,,,
fine_snr,deterministic_multisine,evaluation,tetrahedral,az45_el30,45.0,30.0,-4.0,-4.0,2048,all_6,1000,2000,3282974245,all_6_cycle_equal,plane,20.0,2000,0,1.0,0.0002663361846495819,-0.0018523493889409804,0.0004997902250935942,0.8307497000100107,0.548758952151679,1.1698217380058071,1.4421300543665432,2.32905664666014,1.4421300543665432,2.32905664666014,0.0005,0.0005,0.0,1.0,0.0,0.0,0.0,0.0,0.0,0.0,0.0,0.0,conditional_geodesic_error_gt_30deg,9.702202588329264,5.508267884141539e-14,euclidean_norm_of_cycle_coordinates,mean_over_successfully_projected_trials,False,,False,False,False,False,successful_trials_only,False,,,,,,,,
fine_snr,deterministic_multisine,evaluation,tetrahedral,az45_el30,45.0,30.0,-4.0,-4.0,2048,all_6,1000,2000,3282974245,all_6_cycle_calibrated_no_rejection,plane,20.0,2000,0,1.0,0.007050440338821033,-0.013375739756782273,0.012479551381819845,0.8909416077979316,0.5634575056098707,1.248112955093542,1.5259752456310054,2.300479421926687,1.5259752456310054,2.300479421926687,0.0005,0.0005,0.0,1.0,0.0,0.0,0.0,0.0,0.0,0.0,0.0,0.0,conditional_geodesic_error_gt_30deg,9.729414767598183,5.5374383927235313e-14,euclidean_norm_of_cycle_coordinates,mean_over_successfully_projected_trials,True,,False,False,True,False,successful_trials_only,False,,,,,,,,
fine_snr,deterministic_multisine,evaluation,tetrahedral,az45_el30,45.0,30.0,-4.0,-4.0,2048,all_6,1000,2000,3282974245,all_6_cycle_calibrated_hard_p05,plane,20.0,2000,0,1.0,0.023035351677883495,-0.019728076440675583,0.02731435969089666,0.7220848465777341,0.5865627867468997,1.2786639987582797,1.6219848091440288,2.3402190637385267,1.6219848091440288,2.3402190637385267,0.0,0.0,0.0,1.0,0.0,0.0,0.0,0.0,0.056583333333333326,0.0,0.0,0.0,conditional_geodesic_error_gt_30deg,8.51150532679298,5.271277073949676e-14,euclidean_norm_of_cycle_coordinates,mean_over_successfully_projected_trials,True,5.0,True,False,True,True,successful_trials_only,False,,,,,,,,
fine_snr,deterministic_multisine,evaluation,tetrahedral,az45_el30,45.0,30.0,-4.0,-4.0,2048,all_6,1000,2000,3282974245,all_6_cycle_calibrated,plane,20.0,1993,7,0.9965,0.025219921305129116,-0.023929651129087706,0.0315154596526725,0.7498266765306788,0.5973474683312602,1.317979181240057,1.8061299383720588,2.6104756374245492,1.8061299383720588,2.6104756374245492,0.0,0.0,0.0,0.9965,0.0035,0.0035,0.0,0.0,0.10675,0.0,0.0035,0.0,conditional_geodesic_error_gt_30deg,7.724223475731331,4.909033852822166e-14,euclidean_norm_of_cycle_coordinates,mean_over_successfully_projected_trials,True,10.0,True,False,True,True,successful_trials_only,False,,,,,,,,
fine_snr,deterministic_multisine,evaluation,tetrahedral,az45_el30,45.0,30.0,-4.0,-4.0,2048,all_6,1000,2000,3282974245,all_6_cycle_calibrated_hard_p25,plane,20.0,1836,164,0.918,0.014693746809590206,-0.03037228909647307,0.0314589764824489,0.8423513168984533,0.6437503368365698,1.5003045519612623,2.282344436909953,3.3979307056165586,2.282344436909953,3.3979307056165586,0.0,0.0,0.0,0.918,0.082,0.082,0.0,0.0,0.26325,0.0,0.082,0.0,conditional_geodesic_error_gt_30deg,5.562774591483651,3.9275176270226166e-14,euclidean_norm_of_cycle_coordinates,mean_over_successfully_projected_trials,True,25.0,True,False,True,True,successful_trials_only,False,,,,,,,,
fine_snr,deterministic_multisine,evaluation,tetrahedral,az45_el30,45.0,30.0,-4.0,-4.0,2048,all_6,1000,2000,3282974245,all_6_cycle_calibrated_hard_p50,plane,20.0,1074,926,0.537,0.013067901825830367,-0.010577482717434432,0.014628893116076989,0.9945275701650552,0.7119545760593081,1.7721560851951619,3.2306380632899865,4.517064748787125,3.2306380632899865,4.517064748787125,0.000931098696461825,0.0,0.0,0.537,0.463,0.463,0.0,0.0,0.51925,0.0,0.463,0.0,conditional_geodesic_error_gt_30deg,3.0652488083799105,2.474442633837365e-14,euclidean_norm_of_cycle_coordinates,mean_over_successfully_projected_trials,True,50.0,True,False,True,True,successful_trials_only,False,,,,,,,,
fine_snr,deterministic_multisine,evaluation,tetrahedral,az45_el30,45.0,30.0,-4.0,-4.0,2048,all_6,1000,2000,3282974245,all_6_cycle_calibrated_soft,plane,20.0,2000,0,1.0,0.010539420377835803,-0.01231562583117002,0.013886960316072823,0.8249588347387278,0.565648460431296,1.232182220330534,1.4787659761221992,1.8653374490604384,1.4787659761221992,1.8653374490604384,0.0005,0.0005,0.0,1.0,0.0,0.0,0.0,0.0,0.0,0.0,0.0,0.0,conditional_geodesic_error_gt_30deg,9.729414767598183,5.609349063387224e-14,euclidean_norm_of_cycle_coordinates,mean_over_successfully_projected_trials,True,,False,True,True,True,successful_trials_only,False,,,,,,,,
fine_snr,deterministic_multisine,evaluation,tetrahedral,az45_el30,45.0,30.0,-2.0,-2.0,2048,reference_3,1000,2000,2977990496,reference_3_equal,plane,20.0,2000,0,1.0,-0.0013812433440814455,-0.024924792138989214,0.022602115410049473,0.9665941690509303,0.7858970367948639,1.7029557069871852,2.1115284217374106,2.6607878295896903,2.1115284217374106,2.6607878295896903,0.0,0.0,0.0,1.0,0.0,0.0,0.0,0.0,0.0,0.0,0.0,0.0,conditional_geodesic_error_gt_30deg,0.0,0.0,euclidean_norm_of_cycle_coordinates,mean_over_successfully_projected_trials,False,,False,False,False,False,successful_trials_only,False,,,,,,,,
fine_snr,deterministic_multisine,evaluation,tetrahedral,az45_el30,45.0,30.0,-2.0,-2.0,2048,all_6,1000,2000,2977990496,all_6_equal,plane,20.0,2000,0,1.0,-0.004507730150914667,-0.0010376124971838304,0.003944804844430068,0.5334454737281307,0.43772586469461,0.9227701958829515,1.1599896543133053,1.4089406492350374,1.1599896543133053,1.4089406492350374,0.0,0.0,0.0,1.0,0.0,0.0,0.0,0.0,0.0,0.0,0.0,0.0,conditional_geodesic_error_gt_30deg,0.0,0.0,euclidean_norm_of_cycle_coordinates,mean_over_successfully_projected_trials,False,,False,False,False,False,successful_trials_only,False,,,,,,,,
fine_snr,deterministic_multisine,evaluation,tetrahedral,az45_el30,45.0,30.0,-2.0,-2.0,2048,all_6,1000,2000,2977990496,all_6_cycle_equal,plane,20.0,2000,0,1.0,-0.00450773015091211,-0.0010376124971860857,0.003944804844430068,0.5334454737281467,0.4377258646950264,0.9227701958829122,1.1599896543133053,1.4089406492350374,1.1599896543133053,1.4089406492350374,0.0,0.0,0.0,1.0,0.0,0.0,0.0,0.0,0.0,0.0,0.0,0.0,conditional_geodesic_error_gt_30deg,7.5704978663318165,5.513982829199831e-14,euclidean_norm_of_cycle_coordinates,mean_over_successfully_projected_trials,False,,False,False,False,False,successful_trials_only,False,,,,,,,,
fine_snr,deterministic_multisine,evaluation,tetrahedral,az45_el30,45.0,30.0,-2.0,-2.0,2048,all_6,1000,2000,2977990496,all_6_cycle_calibrated_no_rejection,plane,20.0,2000,0,1.0,0.010446742375554876,0.009216992046929506,0.013417598193551008,0.5353808017662541,0.4426191611817403,0.9194526657503963,1.149176551657717,1.4153197976386869,1.149176551657717,1.4153197976386869,0.0,0.0,0.0,1.0,0.0,0.0,0.0,0.0,0.0,0.0,0.0,0.0,conditional_geodesic_error_gt_30deg,7.575319680128551,5.485345489825452e-14,euclidean_norm_of_cycle_coordinates,mean_over_successfully_projected_trials,True,,False,False,True,False,successful_trials_only,False,,,,,,,,
fine_snr,deterministic_multisine,evaluation,tetrahedral,az45_el30,45.0,30.0,-2.0,-2.0,2048,all_6,1000,2000,2977990496,all_6_cycle_calibrated_hard_p05,plane,20.0,1999,1,0.9995,0.01056304299330901,0.008962342474418189,0.013306419698102654,0.5464728605579323,0.44883456880312517,0.9370291936024284,1.210668067896062,1.4783992244736621,1.210668067896062,1.4783992244736621,0.0,0.0,0.0,0.9995,0.0005,0.0005,0.0,0.0,0.05008333333333333,0.0,0.0005,0.0,conditional_geodesic_error_gt_30deg,6.933609362181681,5.302509824935328e-14,euclidean_norm_of_cycle_coordinates,mean_over_successfully_projected_trials,True,5.0,True,False,True,True,successful_trials_only,False,,,,,,,,
fine_snr,deterministic_multisine,evaluation,tetrahedral,az45_el30,45.0,30.0,-2.0,-2.0,2048,all_6,1000,2000,2977990496,all_6_cycle_calibrated,plane,20.0,1988,12,0.994,0.012857933190060305,0.00757696909313654,0.013885239737911162,0.5681242449486952,0.45522089327302473,0.9987327958955095,1.3046552469366022,1.6522375016425646,1.3046552469366022,1.6522375016425646,0.0,0.0,0.0,0.994,0.006,0.006,0.0,0.0,0.09483333333333333,0.0,0.006,0.0,conditional_geodesic_error_gt_30deg,6.428162131679629,5.151335852015495e-14,euclidean_norm_of_cycle_coordinates,mean_over_successfully_projected_trials,True,10.0,True,False,True,True,successful_trials_only,False,,,,,,,,
fine_snr,deterministic_multisine,evaluation,tetrahedral,az45_el30,45.0,30.0,-2.0,-2.0,2048,all_6,1000,2000,2977990496,all_6_cycle_calibrated_hard_p25,plane,20.0,1859,141,0.9295,0.008346816827998347,0.011731494158562472,0.014572822389187562,0.6278022134856933,0.4843510397827952,1.1279191011337006,1.5015661726503202,2.049254641061813,1.5015661726503202,2.049254641061813,0.0,0.0,0.0,0.9295,0.0705,0.0705,0.0,0.0,0.24766666666666665,0.0,0.0705,0.0,conditional_geodesic_error_gt_30deg,4.65828121019159,4.112659790208622e-14,euclidean_norm_of_cycle_coordinates,mean_over_successfully_projected_trials,True,25.0,True,False,True,True,successful_trials_only,False,,,,,,,,
fine_snr,deterministic_multisine,evaluation,tetrahedral,az45_el30,45.0,30.0,-2.0,-2.0,2048,all_6,1000,2000,2977990496,all_6_cycle_calibrated_hard_p50,plane,20.0,1210,790,0.605,0.015221116466315552,0.019851826971470258,0.02465395722966828,0.6651366180435053,0.518878130205098,1.2120113822805367,1.5371129783804756,2.1323187568806894,1.5371129783804756,2.1323187568806894,0.0,0.0,0.0,0.605,0.395,0.395,0.0,0.0,0.49224999999999997,0.0,0.395,0.0,conditional_geodesic_error_gt_30deg,2.5140851615753137,2.5020814148232838e-14,euclidean_norm_of_cycle_coordinates,mean_over_successfully_projected_trials,True,50.0,True,False,True,True,successful_trials_only,False,,,,,,,,
fine_snr,deterministic_multisine,evaluation,tetrahedral,az45_el30,45.0,30.0,-2.0,-2.0,2048,all_6,1000,2000,2977990496,all_6_cycle_calibrated_soft,plane,20.0,2000,0,1.0,0.009923219137270208,0.00935830411403452,0.013214446704238885,0.5321574060539322,0.4444872316961669,0.905799490248308,1.1433113987540138,1.3793150199211008,1.1433113987540138,1.3793150199211008,0.0,0.0,0.0,1.0,0.0,0.0,0.0,0.0,0.0,0.0,0.0,0.0,conditional_geodesic_error_gt_30deg,7.575319680128551,5.5692974572777364e-14,euclidean_norm_of_cycle_coordinates,mean_over_successfully_projected_trials,True,,False,True,True,True,successful_trials_only,False,,,,,,,,
fine_snr,deterministic_multisine,evaluation,tetrahedral,az45_el30,45.0,30.0,0.0,0.0,2048,reference_3,1000,2000,1925210975,reference_3_equal,plane,20.0,2000,0,1.0,-0.025062506890537108,-0.011780650204757463,0.024097016438604967,0.7797237618679768,0.6338182790649971,1.3824251560665852,1.7249664222003867,1.9694252751943777,1.7249664222003867,1.9694252751943777,0.0,0.0,0.0,1.0,0.0,0.0,0.0,0.0,0.0,0.0,0.0,0.0,conditional_geodesic_error_gt_30deg,0.0,0.0,euclidean_norm_of_cycle_coordinates,mean_over_successfully_projected_trials,False,,False,False,False,False,successful_trials_only,False,,,,,,,,
fine_snr,deterministic_multisine,evaluation,tetrahedral,az45_el30,45.0,30.0,0.0,0.0,2048,all_6,1000,2000,1925210975,all_6_equal,plane,20.0,2000,0,1.0,-0.014901810697756531,-0.0012044269876785442,0.012939870106405798,0.42914223620206526,0.35164725673097463,0.7613644070463332,0.918007950415999,1.049572673637136,0.918007950415999,1.049572673637136,0.0,0.0,0.0,1.0,0.0,0.0,0.0,0.0,0.0,0.0,0.0,0.0,conditional_geodesic_error_gt_30deg,0.0,0.0,euclidean_norm_of_cycle_coordinates,mean_over_successfully_projected_trials,False,,False,False,False,False,successful_trials_only,False,,,,,,,,
fine_snr,deterministic_multisine,evaluation,tetrahedral,az45_el30,45.0,30.0,0.0,0.0,2048,all_6,1000,2000,1925210975,all_6_cycle_equal,plane,20.0,2000,0,1.0,-0.014901810697753771,-0.0012044269876807642,0.012939870106405798,0.4291422362020665,0.35164725673097447,0.7613644070472428,0.9180079504156058,1.049572673637136,0.9180079504156058,1.049572673637136,0.0,0.0,0.0,1.0,0.0,0.0,0.0,0.0,0.0,0.0,0.0,0.0,conditional_geodesic_error_gt_30deg,6.041290107616535,5.445973236610497e-14,euclidean_norm_of_cycle_coordinates,mean_over_successfully_projected_trials,False,,False,False,False,False,successful_trials_only,False,,,,,,,,
fine_snr,deterministic_multisine,evaluation,tetrahedral,az45_el30,45.0,30.0,0.0,0.0,2048,all_6,1000,2000,1925210975,all_6_cycle_calibrated_no_rejection,plane,20.0,2000,0,1.0,-0.021327356649376624,0.003622371141079612,0.018923365526410087,0.42906549796159404,0.3530356679205026,0.758583079574416,0.9065101612477943,1.0659312124824412,0.9065101612477943,1.0659312124824412,0.0,0.0,0.0,1.0,0.0,0.0,0.0,0.0,0.0,0.0,0.0,0.0,conditional_geodesic_error_gt_30deg,6.041581121931959,5.589760300597188e-14,euclidean_norm_of_cycle_coordinates,mean_over_successfully_projected_trials,True,,False,False,True,False,successful_trials_only,False,,,,,,,,
fine_snr,deterministic_multisine,evaluation,tetrahedral,az45_el30,45.0,30.0,0.0,0.0,2048,all_6,1000,2000,1925210975,all_6_cycle_calibrated_hard_p05,plane,20.0,2000,0,1.0,-0.02325235125228992,0.004754764237715514,0.020828258003080132,0.43984424734763256,0.35731084996569445,0.770463882285383,0.9473866411584276,1.2407049478286885,0.9473866411584276,1.2407049478286885,0.0,0.0,0.0,1.0,0.0,0.0,0.0,0.0,0.0475,0.0,0.0,0.0,conditional_geodesic_error_gt_30deg,5.587531967758264,5.291277455295583e-14,euclidean_norm_of_cycle_coordinates,mean_over_successfully_projected_trials,True,5.0,True,False,True,True,successful_trials_only,False,,,,,,,,
fine_snr,deterministic_multisine,evaluation,tetrahedral,az45_el30,45.0,30.0,0.0,0.0,2048,all_6,1000,2000,1925210975,all_6_cycle_calibrated,plane,20.0,1982,18,0.991,-0.022649793603886633,0.004232394362977915,0.02020819109710109,0.45511383684978307,0.36420680132075545,0.8029952967732646,0.9839610892210714,1.2606161022154356,0.9839610892210714,1.2606161022154356,0.0,0.0,0.0,0.991,0.009,0.009,0.0,0.0,0.10141666666666665,0.0,0.009,0.0,conditional_geodesic_error_gt_30deg,5.129682063539519,5.105165919521839e-14,euclidean_norm_of_cycle_coordinates,mean_over_successfully_projected_trials,True,10.0,True,False,True,True,successful_trials_only,False,,,,,,,,
fine_snr,deterministic_multisine,evaluation,tetrahedral,az45_el30,45.0,30.0,0.0,0.0,2048,all_6,1000,2000,1925210975,all_6_cycle_calibrated_hard_p25,plane,20.0,1854,146,0.927,-0.025785263954629527,0.0007278167008567481,0.022407998943993968,0.5027034149088446,0.39064799930277716,0.9065092293238081,1.1667148536862928,1.7092000787084174,1.1667148536862928,1.7092000787084174,0.0,0.0,0.0,0.927,0.073,0.073,0.0,0.0,0.24858333333333335,0.0,0.073,0.0,conditional_geodesic_error_gt_30deg,3.836811636480895,4.146263952939245e-14,euclidean_norm_of_cycle_coordinates,mean_over_successfully_projected_trials,True,25.0,True,False,True,True,successful_trials_only,False,,,,,,,,
fine_snr,deterministic_multisine,evaluation,tetrahedral,az45_el30,45.0,30.0,0.0,0.0,2048,all_6,1000,2000,1925210975,all_6_cycle_calibrated_hard_p50,plane,20.0,1181,819,0.5905,-0.005748962099447338,0.0036441880676447254,0.0066292822104227316,0.573241566640962,0.4508365874200837,0.9942719234876799,1.466927344043326,1.8394586130393853,1.466927344043326,1.8394586130393853,0.0,0.0,0.0,0.5905,0.4095,0.4095,0.0,0.0,0.4965833333333334,0.0,0.4095,0.0,conditional_geodesic_error_gt_30deg,1.9385553681761756,2.3899441429161453e-14,euclidean_norm_of_cycle_coordinates,mean_over_successfully_projected_trials,True,50.0,True,False,True,True,successful_trials_only,False,,,,,,,,
fine_snr,deterministic_multisine,evaluation,tetrahedral,az45_el30,45.0,30.0,0.0,0.0,2048,all_6,1000,2000,1925210975,all_6_cycle_calibrated_soft,plane,20.0,2000,0,1.0,-0.021420566649279056,0.004341811049904981,0.019169271882049855,0.4284453320918724,0.35367216605856633,0.7514889384779948,0.900183705460057,1.0768786111489748,0.900183705460057,1.0768786111489748,0.0,0.0,0.0,1.0,0.0,0.0,0.0,0.0,0.0,0.0,0.0,0.0,conditional_geodesic_error_gt_30deg,6.041581121931959,5.525680161060159e-14,euclidean_norm_of_cycle_coordinates,mean_over_successfully_projected_trials,True,,False,True,True,True,successful_trials_only,False,,,,,,,,
fine_snr,deterministic_multisine,evaluation,tetrahedral,az45_el30,45.0,30.0,2.0,2.0,2048,reference_3,1000,2000,2930410496,reference_3_equal,plane,20.0,2000,0,1.0,-0.009640982430070279,-0.015459410170228909,0.01662954647560745,0.6420690864107267,0.5309627908970489,1.1230221057927239,1.3679775040656874,1.5803376248418175,1.3679775040656874,1.5803376248418175,0.0,0.0,0.0,1.0,0.0,0.0,0.0,0.0,0.0,0.0,0.0,0.0,conditional_geodesic_error_gt_30deg,0.0,0.0,euclidean_norm_of_cycle_coordinates,mean_over_successfully_projected_trials,False,,False,False,False,False,successful_trials_only,False,,,,,,,,
fine_snr,deterministic_multisine,evaluation,tetrahedral,az45_el30,45.0,30.0,2.0,2.0,2048,all_6,1000,2000,2930410496,all_6_equal,plane,20.0,2000,0,1.0,-0.005611994666564764,0.006437575081128108,0.008319205683538977,0.3578555594408563,0.2992291037573033,0.6149243101476335,0.7594039718201796,0.8964840446246906,0.7594039718201796,0.8964840446246906,0.0,0.0,0.0,1.0,0.0,0.0,0.0,0.0,0.0,0.0,0.0,0.0,conditional_geodesic_error_gt_30deg,0.0,0.0,euclidean_norm_of_cycle_coordinates,mean_over_successfully_projected_trials,False,,False,False,False,False,successful_trials_only,False,,,,,,,,
fine_snr,deterministic_multisine,evaluation,tetrahedral,az45_el30,45.0,30.0,2.0,2.0,2048,all_6,1000,2000,2930410496,all_6_cycle_equal,plane,20.0,2000,0,1.0,-0.005611994666562283,0.006437575081125697,0.008319205683538977,0.35785555944085223,0.29922910375852135,0.6149243101470703,0.7594039718201844,0.896484044624691,0.7594039718201844,0.896484044624691,0.0,0.0,0.0,1.0,0.0,0.0,0.0,0.0,0.0,0.0,0.0,0.0,conditional_geodesic_error_gt_30deg,4.825252528064819,5.55096875599182e-14,euclidean_norm_of_cycle_coordinates,mean_over_successfully_projected_trials,False,,False,False,False,False,successful_trials_only,False,,,,,,,,
fine_snr,deterministic_multisine,evaluation,tetrahedral,az45_el30,45.0,30.0,2.0,2.0,2048,all_6,1000,2000,2930410496,all_6_cycle_calibrated_no_rejection,plane,20.0,2000,0,1.0,-0.004847606776447941,0.0005609618686396438,0.0042860899666978345,0.357703455787776,0.2973690825204173,0.6151730781273376,0.758631498991118,0.9127241250736462,0.758631498991118,0.9127241250736462,0.0,0.0,0.0,1.0,0.0,0.0,0.0,0.0,0.0,0.0,0.0,0.0,conditional_geodesic_error_gt_30deg,4.82950676602313,5.510008779750609e-14,euclidean_norm_of_cycle_coordinates,mean_over_successfully_projected_trials,True,,False,False,True,False,successful_trials_only,False,,,,,,,,
fine_snr,deterministic_multisine,evaluation,tetrahedral,az45_el30,45.0,30.0,2.0,2.0,2048,all_6,1000,2000,2930410496,all_6_cycle_calibrated_hard_p05,plane,20.0,1999,1,0.9995,-0.009293713020535941,0.0019756471773047742,0.008378382828274461,0.367449495817331,0.3012362651908089,0.63917661911709,0.7824421743742691,1.016202737772188,0.7824421743742691,1.016202737772188,0.0,0.0,0.0,0.9995,0.0005,0.0005,0.0,0.0,0.05166666666666666,0.0,0.0005,0.0,conditional_geodesic_error_gt_30deg,4.458782452813052,5.1936382621316055e-14,euclidean_norm_of_cycle_coordinates,mean_over_successfully_projected_trials,True,5.0,True,False,True,True,successful_trials_only,False,,,,,,,,
fine_snr,deterministic_multisine,evaluation,tetrahedral,az45_el30,45.0,30.0,2.0,2.0,2048,all_6,1000,2000,2930410496,all_6_cycle_calibrated,plane,20.0,1991,9,0.9955,-0.00813719789076607,0.003859757257182727,0.008210806991312889,0.3788647648538336,0.306865135949099,0.6596334227751053,0.8255294729244921,1.1147137930560944,0.8255294729244921,1.1147137930560944,0.0,0.0,0.0,0.9955,0.0045,0.0045,0.0,0.0,0.10116666666666665,0.0,0.0045,0.0,conditional_geodesic_error_gt_30deg,4.062863969491119,4.9386477369739335e-14,euclidean_norm_of_cycle_coordinates,mean_over_successfully_projected_trials,True,10.0,True,False,True,True,successful_trials_only,False,,,,,,,,
fine_snr,deterministic_multisine,evaluation,tetrahedral,az45_el30,45.0,30.0,2.0,2.0,2048,all_6,1000,2000,2930410496,all_6_cycle_calibrated_hard_p25,plane,20.0,1860,140,0.93,-0.006976869428004265,0.0104974018661652,0.012427825596419608,0.41376091560976824,0.3347355474149649,0.7116244420907907,0.9828128141563233,1.308527379999325,0.9828128141563233,1.308527379999325,0.0,0.0,0.0,0.93,0.07,0.07,0.0,0.0,0.2545,0.0,0.07,0.0,conditional_geodesic_error_gt_30deg,2.922962411627371,4.059597550642628e-14,euclidean_norm_of_cycle_coordinates,mean_over_successfully_projected_trials,True,25.0,True,False,True,True,successful_trials_only,False,,,,,,,,
fine_snr,deterministic_multisine,evaluation,tetrahedral,az45_el30,45.0,30.0,2.0,2.0,2048,all_6,1000,2000,2930410496,all_6_cycle_calibrated_hard_p50,plane,20.0,1139,861,0.5695,-0.016501514014439323,0.020305866707639553,0.02515209328250798,0.46407454129192227,0.3905624448233255,0.7788818311998006,1.021584534892878,1.336436452069543,1.021584534892878,1.336436452069543,0.0,0.0,0.0,0.5695,0.4305,0.4305,0.0,0.0,0.5075,0.0,0.4305,0.0,conditional_geodesic_error_gt_30deg,1.5768017372302399,2.376615660867134e-14,euclidean_norm_of_cycle_coordinates,mean_over_successfully_projected_trials,True,50.0,True,False,True,True,successful_trials_only,False,,,,,,,,
fine_snr,deterministic_multisine,evaluation,tetrahedral,az45_el30,45.0,30.0,2.0,2.0,2048,all_6,1000,2000,2930410496,all_6_cycle_calibrated_soft,plane,20.0,2000,0,1.0,-0.00550248005625742,0.0016272722007158581,0.00514219291228837,0.3572055753102817,0.2977938787416827,0.6093763731690167,0.753453425289136,0.9058373125335916,0.753453425289136,0.9058373125335916,0.0,0.0,0.0,1.0,0.0,0.0,0.0,0.0,0.0,0.0,0.0,0.0,conditional_geodesic_error_gt_30deg,4.82950676602313,5.512353672988212e-14,euclidean_norm_of_cycle_coordinates,mean_over_successfully_projected_trials,True,,False,True,True,True,successful_trials_only,False,,,,,,,,
fine_snr,deterministic_multisine,evaluation,tetrahedral,az45_el30,45.0,30.0,5.0,5.0,2048,reference_3,1000,2000,3253722466,reference_3_equal,plane,20.0,2000,0,1.0,0.002373527396869188,-0.007886130414389111,0.007634029416888031,0.4490312950058936,0.3687473202611022,0.7813953724047414,0.9551851386477398,1.1489219907460237,0.9551851386477398,1.1489219907460237,0.0,0.0,0.0,1.0,0.0,0.0,0.0,0.0,0.0,0.0,0.0,0.0,conditional_geodesic_error_gt_30deg,0.0,0.0,euclidean_norm_of_cycle_coordinates,mean_over_successfully_projected_trials,False,,False,False,False,False,successful_trials_only,False,,,,,,,,
fine_snr,deterministic_multisine,evaluation,tetrahedral,az45_el30,45.0,30.0,5.0,5.0,2048,all_6,1000,2000,3253722466,all_6_equal,plane,20.0,2000,0,1.0,0.00397837782456066,0.002361837569070354,0.00426747362132025,0.2584174415528551,0.21244206623430822,0.45152325324932463,0.5507525200209598,0.6429213418479118,0.5507525200209598,0.6429213418479118,0.0,0.0,0.0,1.0,0.0,0.0,0.0,0.0,0.0,0.0,0.0,0.0,conditional_geodesic_error_gt_30deg,0.0,0.0,euclidean_norm_of_cycle_coordinates,mean_over_successfully_projected_trials,False,,False,False,False,False,successful_trials_only,False,,,,,,,,
fine_snr,deterministic_multisine,evaluation,tetrahedral,az45_el30,45.0,30.0,5.0,5.0,2048,all_6,1000,2000,3253722466,all_6_cycle_equal,plane,20.0,2000,0,1.0,0.0039783778245628355,0.002361837569068093,0.004267473706725516,0.2584174415528586,0.21244206623430822,0.451523253249365,0.5507525200209598,0.6429213418479124,0.5507525200209598,0.6429213418479124,0.0,0.0,0.0,1.0,0.0,0.0,0.0,0.0,0.0,0.0,0.0,0.0,conditional_geodesic_error_gt_30deg,3.3909681085352967,5.51380654449852e-14,euclidean_norm_of_cycle_coordinates,mean_over_successfully_projected_trials,False,,False,False,False,False,successful_trials_only,False,,,,,,,,
fine_snr,deterministic_multisine,evaluation,tetrahedral,az45_el30,45.0,30.0,5.0,5.0,2048,all_6,1000,2000,3253722466,all_6_cycle_calibrated_no_rejection,plane,20.0,2000,0,1.0,0.008410230118249732,0.0078531205501651,0.010830044985105996,0.25896573452684124,0.2160824254151248,0.451077947455823,0.5551460221825018,0.6491179954112445,0.5551460221825018,0.6491179954112445,0.0,0.0,0.0,1.0,0.0,0.0,0.0,0.0,0.0,0.0,0.0,0.0,conditional_geodesic_error_gt_30deg,3.3958259510617,5.542185075110975e-14,euclidean_norm_of_cycle_coordinates,mean_over_successfully_projected_trials,True,,False,False,True,False,successful_trials_only,False,,,,,,,,
fine_snr,deterministic_multisine,evaluation,tetrahedral,az45_el30,45.0,30.0,5.0,5.0,2048,all_6,1000,2000,3253722466,all_6_cycle_calibrated_hard_p05,plane,20.0,1997,3,0.9985,0.008330236698738162,0.012091388670206746,0.014209699455256365,0.2632383355792358,0.21742702069309744,0.4571888473783897,0.5811200097255705,0.7108121407996646,0.5811200097255705,0.7108121407996646,0.0,0.0,0.0,0.9985,0.0015,0.0015,0.0,0.0,0.04975,0.0,0.0015,0.0,conditional_geodesic_error_gt_30deg,3.0894565347103207,5.365933811303504e-14,euclidean_norm_of_cycle_coordinates,mean_over_successfully_projected_trials,True,5.0,True,False,True,True,successful_trials_only,False,,,,,,,,
fine_snr,deterministic_multisine,evaluation,tetrahedral,az45_el30,45.0,30.0,5.0,5.0,2048,all_6,1000,2000,3253722466,all_6_cycle_calibrated,plane,20.0,1989,11,0.9945,0.008052872503551864,0.014084130255349997,0.01584623865886682,0.2678714584602436,0.22123944015418218,0.46325863224490876,0.5924344765461352,0.7123367765280917,0.5924344765461352,0.7123367765280917,0.0,0.0,0.0,0.9945,0.0055,0.0055,0.0,0.0,0.10058333333333333,0.0,0.0055,0.0,conditional_geodesic_error_gt_30deg,2.798544150521763,5.042824453293766e-14,euclidean_norm_of_cycle_coordinates,mean_over_successfully_projected_trials,True,10.0,True,False,True,True,successful_trials_only,False,,,,,,,,
fine_snr,deterministic_multisine,evaluation,tetrahedral,az45_el30,45.0,30.0,5.0,5.0,2048,all_6,1000,2000,3253722466,all_6_cycle_calibrated_hard_p25,plane,20.0,1853,147,0.9265,0.009508788262493479,0.02257552683058169,0.024177305774992257,0.29333094559499584,0.24300386465079488,0.517711269233626,0.6518818695537237,0.9061729855960149,0.6518818695537237,0.9061729855960149,0.0,0.0,0.0,0.9265,0.0735,0.0735,0.0,0.0,0.2509166666666667,0.0,0.0735,0.0,conditional_geodesic_error_gt_30deg,2.053129326806453,4.251707900633036e-14,euclidean_norm_of_cycle_coordinates,mean_over_successfully_projected_trials,True,25.0,True,False,True,True,successful_trials_only,False,,,,,,,,
fine_snr,deterministic_multisine,evaluation,tetrahedral,az45_el30,45.0,30.0,5.0,5.0,2048,all_6,1000,2000,3253722466,all_6_cycle_calibrated_hard_p50,plane,20.0,1171,829,0.5855,0.007511538938361633,0.03919153447474276,0.03989032537099896,0.34019514412611707,0.2836210201578911,0.5918805899118725,0.7265173066654579,0.9169902077679446,0.7265173066654579,0.9169902077679446,0.0,0.0,0.0,0.5855,0.4145,0.4145,0.0,0.0,0.49716666666666665,0.0,0.4145,0.0,conditional_geodesic_error_gt_30deg,1.1716730447502821,2.4855220305810532e-14,euclidean_norm_of_cycle_coordinates,mean_over_successfully_projected_trials,True,50.0,True,False,True,True,successful_trials_only,False,,,,,,,,
fine_snr,deterministic_multisine,evaluation,tetrahedral,az45_el30,45.0,30.0,5.0,5.0,2048,all_6,1000,2000,3253722466,all_6_cycle_calibrated_soft,plane,20.0,2000,0,1.0,0.00829743069542259,0.009522156035860858,0.012053924444026375,0.25844372659492554,0.2154436606377747,0.4509610230742187,0.5516089188319606,0.6398880761910546,0.5516089188319606,0.6398880761910546,0.0,0.0,0.0,1.0,0.0,0.0,0.0,0.0,0.0,0.0,0.0,0.0,conditional_geodesic_error_gt_30deg,3.3958259510617,5.606959584212087e-14,euclidean_norm_of_cycle_coordinates,mean_over_successfully_projected_trials,True,,False,True,True,True,successful_trials_only,False,,,,,,,,
fine_snr,deterministic_multisine,evaluation,tetrahedral,az45_el30,45.0,30.0,10.0,10.0,2048,reference_3,1000,2000,4273655294,reference_3_equal,plane,20.0,2000,0,1.0,-0.0005752875150533051,-0.014601965273713123,0.014449266211177975,0.257228059554045,0.21284507374971973,0.4478685832937288,0.5644293248565446,0.6603746822598067,0.5644293248565446,0.6603746822598067,0.0,0.0,0.0,1.0,0.0,0.0,0.0,0.0,0.0,0.0,0.0,0.0,conditional_geodesic_error_gt_30deg,0.0,0.0,euclidean_norm_of_cycle_coordinates,mean_over_successfully_projected_trials,False,,False,False,False,False,successful_trials_only,False,,,,,,,,
fine_snr,deterministic_multisine,evaluation,tetrahedral,az45_el30,45.0,30.0,10.0,10.0,2048,all_6,1000,2000,4273655294,all_6_equal,plane,20.0,2000,0,1.0,-0.000545905053850895,-0.0063841642824703695,0.00634048622537905,0.15734371126743524,0.13075681337629128,0.2757659842379019,0.3394612390928502,0.4140017978413895,0.3394612390928502,0.4140017978413895,0.0,0.0,0.0,1.0,0.0,0.0,0.0,0.0,0.0,0.0,0.0,0.0,conditional_geodesic_error_gt_30deg,0.0,0.0,euclidean_norm_of_cycle_coordinates,mean_over_successfully_projected_trials,False,,False,False,False,False,successful_trials_only,False,,,,,,,,
fine_snr,deterministic_multisine,evaluation,tetrahedral,az45_el30,45.0,30.0,10.0,10.0,2048,all_6,1000,2000,4273655294,all_6_cycle_equal,plane,20.0,2000,0,1.0,-0.0005459050538485542,-0.006384164282472424,0.00634048622537905,0.15734371126745028,0.13075681337489764,0.2757659842366461,0.3394612390939239,0.41400179784051,0.3394612390939239,0.41400179784051,0.0,0.0,0.0,1.0,0.0,0.0,0.0,0.0,0.0,0.0,0.0,0.0,conditional_geodesic_error_gt_30deg,1.8108116375099321,5.414214038367098e-14,euclidean_norm_of_cycle_coordinates,mean_over_successfully_projected_trials,False,,False,False,False,False,successful_trials_only,False,,,,,,,,
fine_snr,deterministic_multisine,evaluation,tetrahedral,az45_el30,45.0,30.0,10.0,10.0,2048,all_6,1000,2000,4273655294,all_6_cycle_calibrated_no_rejection,plane,20.0,2000,0,1.0,0.00342130212429413,-0.002380351250832943,0.003761591912976025,0.15763552307571457,0.13132884458355137,0.27570709001881194,0.3374636696234137,0.4255704983918692,0.3374636696234137,0.4255704983918692,0.0,0.0,0.0,1.0,0.0,0.0,0.0,0.0,0.0,0.0,0.0,0.0,conditional_geodesic_error_gt_30deg,1.811214863863016,5.50105140356969e-14,euclidean_norm_of_cycle_coordinates,mean_over_successfully_projected_trials,True,,False,False,True,False,successful_trials_only,False,,,,,,,,
fine_snr,deterministic_multisine,evaluation,tetrahedral,az45_el30,45.0,30.0,10.0,10.0,2048,all_6,1000,2000,4273655294,all_6_cycle_calibrated_hard_p05,plane,20.0,1999,1,0.9995,0.0037706580219910883,0.0004336161229992836,0.003301827821376089,0.15750291554143622,0.1329064784468696,0.2758343935649025,0.34919030649090105,0.4137348679022356,0.34919030649090105,0.4137348679022356,0.0,0.0,0.0,0.9995,0.0005,0.0005,0.0,0.0,0.045916666666666654,0.0,0.0005,0.0,conditional_geodesic_error_gt_30deg,1.6457352814928843,5.3178184746717784e-14,euclidean_norm_of_cycle_coordinates,mean_over_successfully_projected_trials,True,5.0,True,False,True,True,successful_trials_only,False,,,,,,,,
fine_snr,deterministic_multisine,evaluation,tetrahedral,az45_el30,45.0,30.0,10.0,10.0,2048,all_6,1000,2000,4273655294,all_6_cycle_calibrated,plane,20.0,1987,13,0.9935,0.0038133207778565065,0.002917338327160432,0.004440772862222955,0.1595783816621348,0.1340652767451977,0.27659001457885846,0.3495193819538835,0.4155439060337581,0.3495193819538835,0.4155439060337581,0.0,0.0,0.0,0.9935,0.0065,0.0065,0.0,0.0,0.09466666666666666,0.0,0.0065,0.0,conditional_geodesic_error_gt_30deg,1.5028295196929076,5.065924631327701e-14,euclidean_norm_of_cycle_coordinates,mean_over_successfully_projected_trials,True,10.0,True,False,True,True,successful_trials_only,False,,,,,,,,
fine_snr,deterministic_multisine,evaluation,tetrahedral,az45_el30,45.0,30.0,10.0,10.0,2048,all_6,1000,2000,4273655294,all_6_cycle_calibrated_hard_p25,plane,20.0,1851,149,0.9255,0.0013227065396443187,0.010011787425961335,0.010128464494899998,0.17188574633170625,0.14108818122185215,0.3059222676933684,0.373332593611977,0.42909450574764124,0.373332593611977,0.42909450574764124,0.0,0.0,0.0,0.9255,0.0745,0.0745,0.0,0.0,0.24458333333333332,0.0,0.0745,0.0,conditional_geodesic_error_gt_30deg,1.1286884538127968,4.217437606497964e-14,euclidean_norm_of_cycle_coordinates,mean_over_successfully_projected_trials,True,25.0,True,False,True,True,successful_trials_only,False,,,,,,,,
fine_snr,deterministic_multisine,evaluation,tetrahedral,az45_el30,45.0,30.0,10.0,10.0,2048,all_6,1000,2000,4273655294,all_6_cycle_calibrated_hard_p50,plane,20.0,1120,880,0.56,0.0034720744922410113,0.02890137622701828,0.029116298949948775,0.19984252983250972,0.16596786333290578,0.34637300073344374,0.4160451332157488,0.4921862789463157,0.4160451332157488,0.4921862789463157,0.0,0.0,0.0,0.56,0.44,0.44,0.0,0.0,0.501,0.0,0.44,0.0,conditional_geodesic_error_gt_30deg,0.6313348564223957,2.661545485378108e-14,euclidean_norm_of_cycle_coordinates,mean_over_successfully_projected_trials,True,50.0,True,False,True,True,successful_trials_only,False,,,,,,,,
fine_snr,deterministic_multisine,evaluation,tetrahedral,az45_el30,45.0,30.0,10.0,10.0,2048,all_6,1000,2000,4273655294,all_6_cycle_calibrated_soft,plane,20.0,2000,0,1.0,0.0033377512728534594,-0.0010486806091986806,0.0030546230189181954,0.1576411609945512,0.1319059639479788,0.2755444451198015,0.34015799613179776,0.4175224408274866,0.34015799613179776,0.4175224408274866,0.0,0.0,0.0,1.0,0.0,0.0,0.0,0.0,0.0,0.0,0.0,0.0,conditional_geodesic_error_gt_30deg,1.811214863863016,5.588391268153173e-14,euclidean_norm_of_cycle_coordinates,mean_over_successfully_projected_trials,True,,False,True,True,True,successful_trials_only,False,,,,,,,,
fine_snr,deterministic_multisine,evaluation,tetrahedral,az45_el30,45.0,30.0,20.0,20.0,2048,reference_3,1000,2000,1094578551,reference_3_equal,plane,20.0,2000,0,1.0,-0.00038313011606972406,-0.02642773027310938,0.026413215894676795,0.08679438759882921,0.07251225969195067,0.15134386178017017,0.1821935347682576,0.2167392869352223,0.1821935347682576,0.2167392869352223,0.0,0.0,0.0,1.0,0.0,0.0,0.0,0.0,0.0,0.0,0.0,0.0,conditional_geodesic_error_gt_30deg,0.0,0.0,euclidean_norm_of_cycle_coordinates,mean_over_successfully_projected_trials,False,,False,False,False,False,successful_trials_only,False,,,,,,,,
fine_snr,deterministic_multisine,evaluation,tetrahedral,az45_el30,45.0,30.0,20.0,20.0,2048,all_6,1000,2000,1094578551,all_6_equal,plane,20.0,2000,0,1.0,0.0005596700486745434,-0.008234021031097431,0.008239494867803619,0.06169058637455168,0.05036852873107831,0.10900270676523686,0.13602529256889498,0.15911738111346915,0.13602529256889498,0.15911738111346915,0.0,0.0,0.0,1.0,0.0,0.0,0.0,0.0,0.0,0.0,0.0,0.0,conditional_geodesic_error_gt_30deg,0.0,0.0,euclidean_norm_of_cycle_coordinates,mean_over_successfully_projected_trials,False,,False,False,False,False,successful_trials_only,False,,,,,,,,
fine_snr,deterministic_multisine,evaluation,tetrahedral,az45_el30,45.0,30.0,20.0,20.0,2048,all_6,1000,2000,1094578551,all_6_cycle_equal,plane,20.0,2000,0,1.0,0.0005596700486768844,-0.008234021031099468,0.008239494867803619,0.061690586374451246,0.05036852873107831,0.10900270676540402,0.1360252925662419,0.15911738111346915,0.1360252925662419,0.15911738111346915,0.0,0.0,0.0,1.0,0.0,0.0,0.0,0.0,0.0,0.0,0.0,0.0,conditional_geodesic_error_gt_30deg,0.47727155179724234,5.4786684176825794e-14,euclidean_norm_of_cycle_coordinates,mean_over_successfully_projected_trials,False,,False,False,False,False,successful_trials_only,False,,,,,,,,
fine_snr,deterministic_multisine,evaluation,tetrahedral,az45_el30,45.0,30.0,20.0,20.0,2048,all_6,1000,2000,1094578551,all_6_cycle_calibrated_no_rejection,plane,20.0,2000,0,1.0,0.0011998628844752256,0.0013589457183267126,0.001718328647250448,0.06133921998116503,0.05024370004142222,0.10636262243872109,0.13344138377228365,0.1592634662534691,0.13344138377228365,0.1592634662534691,0.0,0.0,0.0,1.0,0.0,0.0,0.0,0.0,0.0,0.0,0.0,0.0,conditional_geodesic_error_gt_30deg,0.47323333162063597,5.5534433576477235e-14,euclidean_norm_of_cycle_coordinates,mean_over_successfully_projected_trials,True,,False,False,True,False,successful_trials_only,False,,,,,,,,
fine_snr,deterministic_multisine,evaluation,tetrahedral,az45_el30,45.0,30.0,20.0,20.0,2048,all_6,1000,2000,1094578551,all_6_cycle_calibrated_hard_p05,plane,20.0,1993,7,0.9965,0.0010668469054664021,0.002789033670646792,0.002946489747206176,0.06126546009925886,0.04980123713434997,0.10616183252669605,0.1339277436750736,0.1646838965349218,0.1339277436750736,0.1646838965349218,0.0,0.0,0.0,0.9965,0.0035,0.0035,0.0,0.0,0.04416666666666667,0.0,0.0035,0.0,conditional_geodesic_error_gt_30deg,0.43547367015644906,5.319185937608861e-14,euclidean_norm_of_cycle_coordinates,mean_over_successfully_projected_trials,True,5.0,True,False,True,True,successful_trials_only,False,,,,,,,,
fine_snr,deterministic_multisine,evaluation,tetrahedral,az45_el30,45.0,30.0,20.0,20.0,2048,all_6,1000,2000,1094578551,all_6_cycle_calibrated,plane,20.0,1983,17,0.9915,0.0015737284759722472,0.003633584027115212,0.003888826589566094,0.06130618798713336,0.049116950898292405,0.10837278425377458,0.1391603072098218,0.16269109183060457,0.1391603072098218,0.16269109183060457,0.0,0.0,0.0,0.9915,0.0085,0.0085,0.0,0.0,0.09333333333333332,0.0,0.0085,0.0,conditional_geodesic_error_gt_30deg,0.40055130973780806,5.060457421159393e-14,euclidean_norm_of_cycle_coordinates,mean_over_successfully_projected_trials,True,10.0,True,False,True,True,successful_trials_only,False,,,,,,,,
fine_snr,deterministic_multisine,evaluation,tetrahedral,az45_el30,45.0,30.0,20.0,20.0,2048,all_6,1000,2000,1094578551,all_6_cycle_calibrated_hard_p25,plane,20.0,1830,170,0.915,0.0010251958247826994,0.009384746692680964,0.009433959433020911,0.060863220714910696,0.046050568784789775,0.11235742585450421,0.14481769938237263,0.15887951698859,0.14481769938237263,0.15887951698859,0.0,0.0,0.0,0.915,0.085,0.085,0.0,0.0,0.24166666666666667,0.0,0.085,0.0,conditional_geodesic_error_gt_30deg,0.29640927402808315,4.162219090777408e-14,euclidean_norm_of_cycle_coordinates,mean_over_successfully_projected_trials,True,25.0,True,False,True,True,successful_trials_only,False,,,,,,,,
fine_snr,deterministic_multisine,evaluation,tetrahedral,az45_el30,45.0,30.0,20.0,20.0,2048,all_6,1000,2000,1094578551,all_6_cycle_calibrated_hard_p50,plane,20.0,1157,843,0.5785,-0.000187932769728413,0.027536248964919727,0.02754280229824667,0.06458320500070094,0.049370367059963505,0.12030574519230405,0.14761909070209542,0.1646265084300698,0.14761909070209542,0.1646265084300698,0.0,0.0,0.0,0.5785,0.4215,0.4215,0.0,0.0,0.4891666666666667,0.0,0.4215,0.0,conditional_geodesic_error_gt_30deg,0.16042062966901502,2.87840849839442e-14,euclidean_norm_of_cycle_coordinates,mean_over_successfully_projected_trials,True,50.0,True,False,True,True,successful_trials_only,False,,,,,,,,
fine_snr,deterministic_multisine,evaluation,tetrahedral,az45_el30,45.0,30.0,20.0,20.0,2048,all_6,1000,2000,1094578551,all_6_cycle_calibrated_soft,plane,20.0,2000,0,1.0,0.0012138110646584188,0.0019435366895064537,0.0022177659141978676,0.061260636752320366,0.050113799721533556,0.10626558863531754,0.133162784665129,0.1620040134417071,0.133162784665129,0.1620040134417071,0.0,0.0,0.0,1.0,0.0,0.0,0.0,0.0,0.0,0.0,0.0,0.0,conditional_geodesic_error_gt_30deg,0.47323333162063597,5.528299034854035e-14,euclidean_norm_of_cycle_coordinates,mean_over_successfully_projected_trials,True,,False,True,True,True,successful_trials_only,False,,,,,,,,
fine_snr,deterministic_multisine,evaluation,tetrahedral,az45_el30,45.0,30.0,30.0,30.0,2048,reference_3,1000,2000,4055595713,reference_3_equal,plane,20.0,2000,0,1.0,0.0006183647111023282,-0.033017622208879084,0.03302003992992979,0.04470822293928684,0.039186442409728205,0.0750376955937441,0.08652661307783936,0.10658911262358245,0.08652661307783936,0.10658911262358245,0.0,0.0,0.0,1.0,0.0,0.0,0.0,0.0,0.0,0.0,0.0,0.0,conditional_geodesic_error_gt_30deg,0.0,0.0,euclidean_norm_of_cycle_coordinates,mean_over_successfully_projected_trials,False,,False,False,False,False,successful_trials_only,False,,,,,,,,
fine_snr,deterministic_multisine,evaluation,tetrahedral,az45_el30,45.0,30.0,30.0,30.0,2048,all_6,1000,2000,4055595713,all_6_equal,plane,20.0,2000,0,1.0,0.00035670991995046046,-0.01524275581382919,0.01524448657265308,0.029097400797998715,0.02457859365671777,0.05072871986324272,0.05948789171164418,0.07397203110608747,0.05948789171164418,0.07397203110608747,0.0,0.0,0.0,1.0,0.0,0.0,0.0,0.0,0.0,0.0,0.0,0.0,conditional_geodesic_error_gt_30deg,0.0,0.0,euclidean_norm_of_cycle_coordinates,mean_over_successfully_projected_trials,False,,False,False,False,False,successful_trials_only,False,,,,,,,,
fine_snr,deterministic_multisine,evaluation,tetrahedral,az45_el30,45.0,30.0,30.0,30.0,2048,all_6,1000,2000,4055595713,all_6_cycle_equal,plane,20.0,2000,0,1.0,0.0003567099199527759,-0.01524275581383146,0.01524448657265308,0.02909740079784214,0.02457859364929491,0.050728719863601876,0.05948789171164418,0.07397203111100494,0.05948789171164418,0.07397203111100494,0.0,0.0,0.0,1.0,0.0,0.0,0.0,0.0,0.0,0.0,0.0,0.0,conditional_geodesic_error_gt_30deg,0.15611891712301545,5.474046453897038e-14,euclidean_norm_of_cycle_coordinates,mean_over_successfully_projected_trials,False,,False,False,False,False,successful_trials_only,False,,,,,,,,
fine_snr,deterministic_multisine,evaluation,tetrahedral,az45_el30,45.0,30.0,30.0,30.0,2048,all_6,1000,2000,4055595713,all_6_cycle_calibrated_no_rejection,plane,20.0,2000,0,1.0,-0.00015387011454419153,6.910109502150746e-05,0.00015070495499958328,0.024530754528340803,0.020347869912323065,0.04217846086377585,0.05307282665177723,0.06916529284321445,0.05307282665177723,0.06916529284321445,0.0,0.0,0.0,1.0,0.0,0.0,0.0,0.0,0.0,0.0,0.0,0.0,conditional_geodesic_error_gt_30deg,0.15368073783320374,5.472539104410979e-14,euclidean_norm_of_cycle_coordinates,mean_over_successfully_projected_trials,True,,False,False,True,False,successful_trials_only,False,,,,,,,,
fine_snr,deterministic_multisine,evaluation,tetrahedral,az45_el30,45.0,30.0,30.0,30.0,2048,all_6,1000,2000,4055595713,all_6_cycle_calibrated_hard_p05,plane,20.0,1987,13,0.9935,-0.00022266040329588317,0.00041756991694408686,0.00046119979939109854,0.024683733920309387,0.020136319497491884,0.0430079241295701,0.05457558703341424,0.06911812487505373,0.05457558703341424,0.06911812487505373,0.0,0.0,0.0,0.9935,0.0065,0.0065,0.0,0.0,0.05241666666666667,0.0,0.0065,0.0,conditional_geodesic_error_gt_30deg,0.1394255745275722,5.365569053175816e-14,euclidean_norm_of_cycle_coordinates,mean_over_successfully_projected_trials,True,5.0,True,False,True,True,successful_trials_only,False,,,,,,,,
fine_snr,deterministic_multisine,evaluation,tetrahedral,az45_el30,45.0,30.0,30.0,30.0,2048,all_6,1000,2000,4055595713,all_6_cycle_calibrated,plane,20.0,1950,50,0.975,-0.00017254797063843443,0.0013433032346578484,0.0013529198489304775,0.024061822187416093,0.019643550339549145,0.04149588964224569,0.05248833457859143,0.06816581465396174,0.05248833457859143,0.06816581465396174,0.0,0.0,0.0,0.975,0.025,0.025,0.0,0.0,0.10125,0.0,0.025,0.0,conditional_geodesic_error_gt_30deg,0.12701334961516314,5.074180897773087e-14,euclidean_norm_of_cycle_coordinates,mean_over_successfully_projected_trials,True,10.0,True,False,True,True,successful_trials_only,False,,,,,,,,
fine_snr,deterministic_multisine,evaluation,tetrahedral,az45_el30,45.0,30.0,30.0,30.0,2048,all_6,1000,2000,4055595713,all_6_cycle_calibrated_hard_p25,plane,20.0,1708,292,0.854,-0.00016315747448403947,0.00522737873900683,0.005230449890529956,0.02262726232230286,0.018092723339712985,0.04109159986017011,0.05248326545355448,0.06572420931712296,0.05248326545355448,0.06572420931712296,0.0,0.0,0.0,0.854,0.146,0.146,0.0,0.0,0.25958333333333333,0.0,0.146,0.0,conditional_geodesic_error_gt_30deg,0.09362715546334073,4.2536999907395926e-14,euclidean_norm_of_cycle_coordinates,mean_over_successfully_projected_trials,True,25.0,True,False,True,True,successful_trials_only,False,,,,,,,,
fine_snr,deterministic_multisine,evaluation,tetrahedral,az45_el30,45.0,30.0,30.0,30.0,2048,all_6,1000,2000,4055595713,all_6_cycle_calibrated_hard_p50,plane,20.0,1016,984,0.508,-0.0011597575391356244,0.013751886005175924,0.013789447448848623,0.02409159088528826,0.01932257396569893,0.04305203942325548,0.0550069002646217,0.068020734315971,0.0550069002646217,0.068020734315971,0.0,0.0,0.0,0.508,0.492,0.492,0.0,0.0,0.5049166666666667,0.0,0.492,0.0,conditional_geodesic_error_gt_30deg,0.05578846341963777,3.076545885998456e-14,euclidean_norm_of_cycle_coordinates,mean_over_successfully_projected_trials,True,50.0,True,False,True,True,successful_trials_only,False,,,,,,,,
fine_snr,deterministic_multisine,evaluation,tetrahedral,az45_el30,45.0,30.0,30.0,30.0,2048,all_6,1000,2000,4055595713,all_6_cycle_calibrated_soft,plane,20.0,2000,0,1.0,-0.00016134770681519939,0.0002810765549782947,0.00031508412020971277,0.02447250381108055,0.02027073279130324,0.04228036181816366,0.05277112738766925,0.0689237231047646,0.05277112738766925,0.0689237231047646,0.0,0.0,0.0,1.0,0.0,0.0,0.0,0.0,0.0,0.0,0.0,0.0,conditional_geodesic_error_gt_30deg,0.15368073783320374,5.616621518381094e-14,euclidean_norm_of_cycle_coordinates,mean_over_successfully_projected_trials,True,,False,True,True,True,successful_trials_only,False,,,,,,,,
signal_comparison,deterministic_multisine,evaluation,tetrahedral,az45_el30,45.0,30.0,-10.0,-10.0,2048,reference_3,1000,2000,1058744157,reference_3_equal,plane,20.0,2000,0,1.0,-1.2360809473954941,-1.2671086680494648,2.7472626447957764,35.198506081949425,4.056748913555124,77.25066403904549,92.32951261832245,107.07644104714814,92.32951261832245,107.07644104714814,0.45,0.366,0.291,1.0,0.0,0.0,0.0,0.0285,0.0,0.0,0.0,0.291,conditional_geodesic_error_gt_30deg,0.0,0.0,euclidean_norm_of_cycle_coordinates,mean_over_successfully_projected_trials,False,,False,False,False,False,successful_trials_only,False,,,,,,,,
signal_comparison,deterministic_multisine,evaluation,tetrahedral,az45_el30,45.0,30.0,-10.0,-10.0,2048,all_6,1000,2000,1058744157,all_6_equal,plane,20.0,2000,0,1.0,-0.6398112786489798,-0.794554312207388,1.2465709510343268,27.08816237927379,6.880395605602582,58.42797839155638,93.899960576355,144.53207126325876,93.899960576355,144.53207126325876,0.538,0.4545,0.1965,1.0,0.0,0.0,0.0,0.0285,0.0,0.0,0.0,0.1965,conditional_geodesic_error_gt_30deg,0.0,0.0,euclidean_norm_of_cycle_coordinates,mean_over_successfully_projected_trials,False,,False,False,False,False,successful_trials_only,False,,,,,,,,
signal_comparison,deterministic_multisine,evaluation,tetrahedral,az45_el30,45.0,30.0,-10.0,-10.0,2048,all_6,1000,2000,1058744157,all_6_cycle_equal,plane,20.0,2000,0,1.0,-0.63981127864898,-0.7945543122073899,1.2465709510349114,27.088162379273786,6.8803956056025815,58.42797839155638,93.899960576355,144.53207126325822,93.899960576355,144.53207126325822,0.538,0.4545,0.1965,1.0,0.0,0.0,0.0,0.0285,0.0,0.0,0.0,0.1965,conditional_geodesic_error_gt_30deg,227.96994676526268,7.411973322493988e-14,euclidean_norm_of_cycle_coordinates,mean_over_successfully_projected_trials,False,,False,False,False,False,successful_trials_only,False,,,,,,,,
signal_comparison,deterministic_multisine,evaluation,tetrahedral,az45_el30,45.0,30.0,-10.0,-10.0,2048,all_6,1000,2000,1058744157,all_6_cycle_calibrated_no_rejection,plane,20.0,2000,0,1.0,-0.6380733575575978,-0.5556587033680163,0.4211403511172906,16.43148500561499,4.686901813478204,33.863005053359466,48.295486136996324,148.62393582055466,48.295486136996324,148.62393582055466,0.49,0.3685,0.087,1.0,0.0,0.0,0.0,0.0285,0.0,0.0,0.0,0.087,conditional_geodesic_error_gt_30deg,230.28841988202745,7.432618310603486e-14,euclidean_norm_of_cycle_coordinates,mean_over_successfully_projected_trials,True,,False,False,True,False,successful_trials_only,False,,,,,,,,
signal_comparison,deterministic_multisine,evaluation,tetrahedral,az45_el30,45.0,30.0,-10.0,-10.0,2048,all_6,1000,2000,1058744157,all_6_cycle_calibrated_hard_p05,plane,20.0,1984,16,0.992,-0.4411716139180349,-0.527047050723409,0.1594526703622739,15.415729439297671,2.47353005593988,32.26856176062963,52.462461337370364,146.69991422840783,52.462461337370364,146.69991422840783,0.35786290322580644,0.2595766129032258,0.0625,0.992,0.008,0.008,0.0,0.0285,0.10441666666666666,0.0,0.008,0.0625,conditional_geodesic_error_gt_30deg,154.146137610811,6.35594585871027e-14,euclidean_norm_of_cycle_coordinates,mean_over_successfully_projected_trials,True,5.0,True,False,True,True,successful_trials_only,False,,,,,,,,
signal_comparison,deterministic_multisine,evaluation,tetrahedral,az45_el30,45.0,30.0,-10.0,-10.0,2048,all_6,1000,2000,1058744157,all_6_cycle_calibrated,plane,20.0,1931,69,0.9655,-0.32935699357135595,-0.5809879458718826,0.06084241417067232,15.153641847203817,2.2286552995754145,32.388160168223315,59.13960852040013,144.46749474490085,59.13960852040013,144.46749474490085,0.2863801139306059,0.20041429311237702,0.061626100466079754,0.9655,0.0345,0.0345,0.0,0.0285,0.18016666666666667,0.0,0.0345,0.061626100466079754,conditional_geodesic_error_gt_30deg,108.73417463804378,5.656497547702124e-14,euclidean_norm_of_cycle_coordinates,mean_over_successfully_projected_trials,True,10.0,True,False,True,True,successful_trials_only,False,,,,,,,,
signal_comparison,deterministic_multisine,evaluation,tetrahedral,az45_el30,45.0,30.0,-10.0,-10.0,2048,all_6,1000,2000,1058744157,all_6_cycle_calibrated_hard_p25,plane,20.0,1668,332,0.834,-0.31669332591919297,-0.6719378899530031,0.21020668647332447,15.104294133670965,2.226563720142294,31.29692965543217,63.66714864169331,147.85039031125734,63.66714864169331,147.85039031125734,0.20983213429256595,0.13129496402877697,0.05635491606714628,0.834,0.166,0.166,0.0,0.0285,0.34525,0.0,0.166,0.05635491606714628,conditional_geodesic_error_gt_30deg,52.77141452803108,4.0543528890486926e-14,euclidean_norm_of_cycle_coordinates,mean_over_successfully_projected_trials,True,25.0,True,False,True,True,successful_trials_only,False,,,,,,,,
signal_comparison,deterministic_multisine,evaluation,tetrahedral,az45_el30,45.0,30.0,-10.0,-10.0,2048,all_6,1000,2000,1058744157,all_6_cycle_calibrated_hard_p50,plane,20.0,874,1126,0.437,0.47316924489509565,-0.4123407543288888,0.33282351507113633,14.088716211289631,2.5630309848165655,25.439920354028356,65.40765380552835,147.47574429441744,65.40765380552835,147.47574429441744,0.2048054919908467,0.08466819221967964,0.043478260869565216,0.437,0.563,0.563,0.0,0.0285,0.5814166666666667,0.0,0.563,0.043478260869565216,conditional_geodesic_error_gt_30deg,22.049461061168884,2.2842905337945978e-14,euclidean_norm_of_cycle_coordinates,mean_over_successfully_projected_trials,True,50.0,True,False,True,True,successful_trials_only,False,,,,,,,,
signal_comparison,deterministic_multisine,evaluation,tetrahedral,az45_el30,45.0,30.0,-10.0,-10.0,2048,all_6,1000,2000,1058744157,all_6_cycle_calibrated_soft,plane,20.0,2000,0,1.0,-0.6218770649491964,-0.47238916638971234,0.3515775764842454,14.980163607692052,4.127391491784379,31.940684460850573,45.36912999812152,72.6492421814536,45.36912999812152,72.6492421814536,0.474,0.3355,0.063,1.0,0.0,0.0,0.0,0.0285,0.0,0.0,0.0,0.063,conditional_geodesic_error_gt_30deg,230.28841988202745,7.27784964939424e-14,euclidean_norm_of_cycle_coordinates,mean_over_successfully_projected_trials,True,,False,True,True,True,successful_trials_only,False,,,,,,,,
signal_comparison,deterministic_multisine,evaluation,tetrahedral,az45_el30,45.0,30.0,0.0,0.0,2048,reference_3,1000,2000,182727458,reference_3_equal,plane,20.0,2000,0,1.0,0.02617192146039712,-0.00782390393278442,0.023491139495828182,0.7781918697929912,0.6329182057614464,1.3727919926807022,1.72327747570607,2.046020001835732,1.72327747570607,2.046020001835732,0.0,0.0,0.0,1.0,0.0,0.0,0.0,0.0,0.0,0.0,0.0,0.0,conditional_geodesic_error_gt_30deg,0.0,0.0,euclidean_norm_of_cycle_coordinates,mean_over_successfully_projected_trials,False,,False,False,False,False,successful_trials_only,False,,,,,,,,
signal_comparison,deterministic_multisine,evaluation,tetrahedral,az45_el30,45.0,30.0,0.0,0.0,2048,all_6,1000,2000,182727458,all_6_equal,plane,20.0,2000,0,1.0,-0.002881148245296981,-8.04141012210545e-05,0.002557861103516112,0.42279280421704635,0.34893765660492687,0.7341050922466321,0.9009948248996009,1.0456467163925534,0.9009948248996009,1.0456467163925534,0.0,0.0,0.0,1.0,0.0,0.0,0.0,0.0,0.0,0.0,0.0,0.0,conditional_geodesic_error_gt_30deg,0.0,0.0,euclidean_norm_of_cycle_coordinates,mean_over_successfully_projected_trials,False,,False,False,False,False,successful_trials_only,False,,,,,,,,
signal_comparison,deterministic_multisine,evaluation,tetrahedral,az45_el30,45.0,30.0,0.0,0.0,2048,all_6,1000,2000,182727458,all_6_cycle_equal,plane,20.0,2000,0,1.0,-0.0028811482452946145,-8.041410122340811e-05,0.002557861103516112,0.42279280421701876,0.3489376566038823,0.7341050922466072,0.9009948248992006,1.0456467163925538,0.9009948248992006,1.0456467163925538,0.0,0.0,0.0,1.0,0.0,0.0,0.0,0.0,0.0,0.0,0.0,0.0,conditional_geodesic_error_gt_30deg,6.0067998789644035,5.3731666150172155e-14,euclidean_norm_of_cycle_coordinates,mean_over_successfully_projected_trials,False,,False,False,False,False,successful_trials_only,False,,,,,,,,
signal_comparison,deterministic_multisine,evaluation,tetrahedral,az45_el30,45.0,30.0,0.0,0.0,2048,all_6,1000,2000,182727458,all_6_cycle_calibrated_no_rejection,plane,20.0,2000,0,1.0,-0.002867113723965321,-0.0057650602900223644,0.005862315683748635,0.42371027633579483,0.349509211135599,0.7363221096782926,0.906423909572306,1.04074493945083,0.906423909572306,1.04074493945083,0.0,0.0,0.0,1.0,0.0,0.0,0.0,0.0,0.0,0.0,0.0,0.0,conditional_geodesic_error_gt_30deg,6.008003632705729,5.56068697998464e-14,euclidean_norm_of_cycle_coordinates,mean_over_successfully_projected_trials,True,,False,False,True,False,successful_trials_only,False,,,,,,,,
signal_comparison,deterministic_multisine,evaluation,tetrahedral,az45_el30,45.0,30.0,0.0,0.0,2048,all_6,1000,2000,182727458,all_6_cycle_calibrated_hard_p05,plane,20.0,1998,2,0.999,0.0011207422060079228,-0.003267336744937945,0.0029433183676774843,0.43630743436848374,0.3565913441116283,0.7625272053228737,0.935669470819275,1.1493104590536065,0.935669470819275,1.1493104590536065,0.0,0.0,0.0,0.999,0.001,0.001,0.0,0.0,0.04433333333333333,0.0,0.001,0.0,conditional_geodesic_error_gt_30deg,5.585150782744676,5.403243871407394e-14,euclidean_norm_of_cycle_coordinates,mean_over_successfully_projected_trials,True,5.0,True,False,True,True,successful_trials_only,False,,,,,,,,
signal_comparison,deterministic_multisine,evaluation,tetrahedral,az45_el30,45.0,30.0,0.0,0.0,2048,all_6,1000,2000,182727458,all_6_cycle_calibrated,plane,20.0,1990,10,0.995,-9.699701426133653e-05,-0.004052187511538499,0.0035414345606663844,0.4517989885521196,0.36460860879335383,0.7825898890685512,1.0146678461567993,1.3053951193081887,1.0146678461567993,1.3053951193081887,0.0,0.0,0.0,0.995,0.005,0.005,0.0,0.0,0.09325,0.0,0.005,0.0,conditional_geodesic_error_gt_30deg,5.134435304634894,5.109670211841506e-14,euclidean_norm_of_cycle_coordinates,mean_over_successfully_projected_trials,True,10.0,True,False,True,True,successful_trials_only,False,,,,,,,,
signal_comparison,deterministic_multisine,evaluation,tetrahedral,az45_el30,45.0,30.0,0.0,0.0,2048,all_6,1000,2000,182727458,all_6_cycle_calibrated_hard_p25,plane,20.0,1877,123,0.9385,-0.0012715679580771353,0.00269052316058413,0.0034947975651446997,0.5078819007282989,0.40282674147611447,0.8804266964904752,1.2367555103281778,1.648054014913697,1.2367555103281778,1.648054014913697,0.0,0.0,0.0,0.9385,0.0615,0.0615,0.0,0.0,0.2524166666666666,0.0,0.0615,0.0,conditional_geodesic_error_gt_30deg,3.6687427999536992,3.9381572158274445e-14,euclidean_norm_of_cycle_coordinates,mean_over_successfully_projected_trials,True,25.0,True,False,True,True,successful_trials_only,False,,,,,,,,
signal_comparison,deterministic_multisine,evaluation,tetrahedral,az45_el30,45.0,30.0,0.0,0.0,2048,all_6,1000,2000,182727458,all_6_cycle_calibrated_hard_p50,plane,20.0,1197,803,0.5985,0.002530134254424939,0.008577332481439246,0.009548604203541885,0.5674497446908694,0.4577933845494351,1.0043975108539833,1.432613014073391,1.9294095683584012,1.432613014073391,1.9294095683584012,0.0,0.0,0.0,0.5985,0.4015,0.4015,0.0,0.0,0.4963333333333333,0.0,0.4015,0.0,conditional_geodesic_error_gt_30deg,1.903607083567171,2.4551286607646674e-14,euclidean_norm_of_cycle_coordinates,mean_over_successfully_projected_trials,True,50.0,True,False,True,True,successful_trials_only,False,,,,,,,,
signal_comparison,deterministic_multisine,evaluation,tetrahedral,az45_el30,45.0,30.0,0.0,0.0,2048,all_6,1000,2000,182727458,all_6_cycle_calibrated_soft,plane,20.0,2000,0,1.0,-0.0024357208767986213,-0.004384790809713327,0.004470778179374993,0.42287633182288675,0.349497520305416,0.7402014651976051,0.9103400950167998,1.094294708813659,0.9103400950167998,1.094294708813659,0.0,0.0,0.0,1.0,0.0,0.0,0.0,0.0,0.0,0.0,0.0,0.0,conditional_geodesic_error_gt_30deg,6.008003632705729,5.5654170009681976e-14,euclidean_norm_of_cycle_coordinates,mean_over_successfully_projected_trials,True,,False,True,True,True,successful_trials_only,False,,,,,,,,
signal_comparison,deterministic_multisine,evaluation,tetrahedral,az45_el30,45.0,30.0,10.0,10.0,2048,reference_3,1000,2000,2570299558,reference_3_equal,plane,20.0,2000,0,1.0,-0.005544367091174991,-0.014146772188455817,0.014773919096268736,0.26458561617736825,0.21809011800683717,0.4602201037443938,0.5689036800485625,0.7348523872341498,0.5689036800485625,0.7348523872341498,0.0,0.0,0.0,1.0,0.0,0.0,0.0,0.0,0.0,0.0,0.0,0.0,conditional_geodesic_error_gt_30deg,0.0,0.0,euclidean_norm_of_cycle_coordinates,mean_over_successfully_projected_trials,False,,False,False,False,False,successful_trials_only,False,,,,,,,,
signal_comparison,deterministic_multisine,evaluation,tetrahedral,az45_el30,45.0,30.0,10.0,10.0,2048,all_6,1000,2000,2570299558,all_6_equal,plane,20.0,2000,0,1.0,-0.00014179979235852763,6.084026090605969e-05,0.0001742681474581233,0.1600077247455555,0.13398191077620333,0.2743706258385075,0.33495986378470216,0.3987530070279743,0.33495986378470216,0.3987530070279743,0.0,0.0,0.0,1.0,0.0,0.0,0.0,0.0,0.0,0.0,0.0,0.0,conditional_geodesic_error_gt_30deg,0.0,0.0,euclidean_norm_of_cycle_coordinates,mean_over_successfully_projected_trials,False,,False,False,False,False,successful_trials_only,False,,,,,,,,
signal_comparison,deterministic_multisine,evaluation,tetrahedral,az45_el30,45.0,30.0,10.0,10.0,2048,all_6,1000,2000,2570299558,all_6_cycle_equal,plane,20.0,2000,0,1.0,-0.00014179979235630125,6.084026090397325e-05,0.0001742681474581233,0.16000772474561697,0.13398191077620333,0.2743706258410317,0.3349598637847128,0.39875300702888655,0.3349598637847128,0.39875300702888655,0.0,0.0,0.0,1.0,0.0,0.0,0.0,0.0,0.0,0.0,0.0,0.0,conditional_geodesic_error_gt_30deg,1.8235426823352718,5.5432514666094924e-14,euclidean_norm_of_cycle_coordinates,mean_over_successfully_projected_trials,False,,False,False,False,False,successful_trials_only,False,,,,,,,,
signal_comparison,deterministic_multisine,evaluation,tetrahedral,az45_el30,45.0,30.0,10.0,10.0,2048,all_6,1000,2000,2570299558,all_6_cycle_calibrated_no_rejection,plane,20.0,2000,0,1.0,-0.00355960257907191,-0.0029930679062638555,0.004256021293611605,0.16002117583891196,0.13386929392468053,0.2776430209626229,0.3364457487588283,0.4030631081608471,0.3364457487588283,0.4030631081608471,0.0,0.0,0.0,1.0,0.0,0.0,0.0,0.0,0.0,0.0,0.0,0.0,conditional_geodesic_error_gt_30deg,1.8240302691860855,5.5017345909711544e-14,euclidean_norm_of_cycle_coordinates,mean_over_successfully_projected_trials,True,,False,False,True,False,successful_trials_only,False,,,,,,,,
signal_comparison,deterministic_multisine,evaluation,tetrahedral,az45_el30,45.0,30.0,10.0,10.0,2048,all_6,1000,2000,2570299558,all_6_cycle_calibrated_hard_p05,plane,20.0,1994,6,0.997,-0.005271921217988233,0.00047697170847894145,0.004599926089826912,0.16123587220449206,0.13418632905111652,0.2737976100164425,0.3470273827095011,0.46001019998760423,0.3470273827095011,0.46001019998760423,0.0,0.0,0.0,0.997,0.003,0.003,0.0,0.0,0.05349999999999999,0.0,0.003,0.0,conditional_geodesic_error_gt_30deg,1.6452412493689783,5.3912742996693946e-14,euclidean_norm_of_cycle_coordinates,mean_over_successfully_projected_trials,True,5.0,True,False,True,True,successful_trials_only,False,,,,,,,,
signal_comparison,deterministic_multisine,evaluation,tetrahedral,az45_el30,45.0,30.0,10.0,10.0,2048,all_6,1000,2000,2570299558,all_6_cycle_calibrated,plane,20.0,1987,13,0.9935,-0.0032289279634545734,0.0026340634414910194,0.0038829534392184526,0.1649701969304243,0.13581099585828618,0.2841348241407503,0.36679064129801364,0.4600918396433491,0.36679064129801364,0.4600918396433491,0.0,0.0,0.0,0.9935,0.0065,0.0065,0.0,0.0,0.10641666666666666,0.0,0.0065,0.0,conditional_geodesic_error_gt_30deg,1.4919827710705666,5.0947666683878523e-14,euclidean_norm_of_cycle_coordinates,mean_over_successfully_projected_trials,True,10.0,True,False,True,True,successful_trials_only,False,,,,,,,,
signal_comparison,deterministic_multisine,evaluation,tetrahedral,az45_el30,45.0,30.0,10.0,10.0,2048,all_6,1000,2000,2570299558,all_6_cycle_calibrated_hard_p25,plane,20.0,1833,167,0.9165,-0.005059756062560273,0.012831772217343515,0.01361273109199466,0.17755789671920114,0.14539093937862382,0.3093619354241267,0.38826790806518,0.4688271299064177,0.38826790806518,0.4688271299064177,0.0,0.0,0.0,0.9165,0.0835,0.0835,0.0,0.0,0.2615,0.0,0.0835,0.0,conditional_geodesic_error_gt_30deg,1.1013444751897195,4.119038125113945e-14,euclidean_norm_of_cycle_coordinates,mean_over_successfully_projected_trials,True,25.0,True,False,True,True,successful_trials_only,False,,,,,,,,
signal_comparison,deterministic_multisine,evaluation,tetrahedral,az45_el30,45.0,30.0,10.0,10.0,2048,all_6,1000,2000,2570299558,all_6_cycle_calibrated_hard_p50,plane,20.0,1178,822,0.589,-0.005669534453267418,0.03869386531719545,0.03905742442543433,0.20323030089071784,0.17125875033428198,0.3453845388097244,0.42786047634151797,0.520732330992466,0.42786047634151797,0.520732330992466,0.0,0.0,0.0,0.589,0.411,0.411,0.0,0.0,0.49783333333333335,0.0,0.411,0.0,conditional_geodesic_error_gt_30deg,0.6145679975493261,2.646607657906915e-14,euclidean_norm_of_cycle_coordinates,mean_over_successfully_projected_trials,True,50.0,True,False,True,True,successful_trials_only,False,,,,,,,,
signal_comparison,deterministic_multisine,evaluation,tetrahedral,az45_el30,45.0,30.0,10.0,10.0,2048,all_6,1000,2000,2570299558,all_6_cycle_calibrated_soft,plane,20.0,2000,0,1.0,-0.0036318874532832606,-0.0015936855483182318,0.0035017483173160964,0.15997608376301165,0.13395186169400575,0.2770554535017539,0.3361296406777447,0.409539376113124,0.3361296406777447,0.409539376113124,0.0,0.0,0.0,1.0,0.0,0.0,0.0,0.0,0.0,0.0,0.0,0.0,conditional_geodesic_error_gt_30deg,1.8240302691860855,5.594072539492527e-14,euclidean_norm_of_cycle_coordinates,mean_over_successfully_projected_trials,True,,False,True,True,True,successful_trials_only,False,,,,,,,,
signal_comparison,random_broadband,evaluation,tetrahedral,az45_el30,45.0,30.0,-10.0,-10.0,2048,reference_3,1000,2000,914672577,reference_3_equal,plane,20.0,2000,0,1.0,-0.1865337802718765,-0.03866213186068749,0.10748073850277667,6.448827538311606,0.8282087608107751,1.9014188853627152,46.149492694421205,70.27924856263095,46.149492694421205,70.27924856263095,0.016,0.015,0.0115,1.0,0.0,0.0,0.0,0.001,0.0,0.0,0.0,0.0115,conditional_geodesic_error_gt_30deg,0.0,0.0,euclidean_norm_of_cycle_coordinates,mean_over_successfully_projected_trials,False,,False,False,False,False,successful_trials_only,False,,,,,,,,
signal_comparison,random_broadband,evaluation,tetrahedral,az45_el30,45.0,30.0,-10.0,-10.0,2048,all_6,1000,2000,914672577,all_6_equal,plane,20.0,2000,0,1.0,0.10079719121663258,0.0037898090906278653,0.03531244615719595,4.184935742410227,0.5221123069808378,1.2235658654775288,25.475531957662657,46.54828720826299,25.475531957662657,46.54828720826299,0.0245,0.0225,0.0065,1.0,0.0,0.0,0.0,0.001,0.0,0.0,0.0,0.0065,conditional_geodesic_error_gt_30deg,0.0,0.0,euclidean_norm_of_cycle_coordinates,mean_over_successfully_projected_trials,False,,False,False,False,False,successful_trials_only,False,,,,,,,,
signal_comparison,random_broadband,evaluation,tetrahedral,az45_el30,45.0,30.0,-10.0,-10.0,2048,all_6,1000,2000,914672577,all_6_cycle_equal,plane,20.0,2000,0,1.0,0.1007971912166394,0.003789809090625826,0.03531244616751709,4.184935742410223,0.5221123069808378,1.2235658654775141,25.475531957662675,46.54828720826297,25.475531957662675,46.54828720826297,0.0245,0.0225,0.0065,1.0,0.0,0.0,0.0,0.001,0.0,0.0,0.0,0.0065,conditional_geodesic_error_gt_30deg,16.558595063803516,5.567235557401021e-14,euclidean_norm_of_cycle_coordinates,mean_over_successfully_projected_trials,False,,False,False,False,False,successful_trials_only,False,,,,,,,,
signal_comparison,random_broadband,evaluation,tetrahedral,az45_el30,45.0,30.0,-10.0,-10.0,2048,all_6,1000,2000,914672577,all_6_cycle_calibrated_no_rejection,plane,20.0,2000,0,1.0,-0.022084341861684644,-0.07850565830315796,0.05232005154541887,3.799773351424754,0.5422905959315232,1.29098526228042,24.57505099817648,42.35599936953185,24.57505099817648,42.35599936953185,0.025,0.0185,0.0065,1.0,0.0,0.0,0.0,0.001,0.0,0.0,0.0,0.0065,conditional_geodesic_error_gt_30deg,16.6795254778322,5.6705714473100415e-14,euclidean_norm_of_cycle_coordinates,mean_over_successfully_projected_trials,True,,False,False,True,False,successful_trials_only,False,,,,,,,,
signal_comparison,random_broadband,evaluation,tetrahedral,az45_el30,45.0,30.0,-10.0,-10.0,2048,all_6,1000,2000,914672577,all_6_cycle_calibrated_hard_p05,plane,20.0,1997,3,0.9985,0.006621406872482125,-0.033301445388227935,0.03268611371888894,0.6583179302761845,0.5362112966797259,1.1465269884518552,1.5185691095245,1.9705736968746033,1.5185691095245,1.9705736968746033,0.0,0.0,0.0,0.9985,0.0015,0.0015,0.0,0.001,0.056416666666666664,0.0,0.0015,0.0,conditional_geodesic_error_gt_30deg,7.119942647911421,5.239194178146001e-14,euclidean_norm_of_cycle_coordinates,mean_over_successfully_projected_trials,True,5.0,True,False,True,True,successful_trials_only,False,,,,,,,,
signal_comparison,random_broadband,evaluation,tetrahedral,az45_el30,45.0,30.0,-10.0,-10.0,2048,all_6,1000,2000,914672577,all_6_cycle_calibrated,plane,20.0,1985,15,0.9925,0.0027906069783793924,-0.03494606692709229,0.03382990419061825,0.6769982662471794,0.5417107666589569,1.179151002380135,1.6237764957832863,1.9709111942398565,1.6237764957832863,1.9709111942398565,0.0,0.0,0.0,0.9925,0.0075,0.0075,0.0,0.001,0.10483333333333333,0.0,0.0075,0.0,conditional_geodesic_error_gt_30deg,6.500036953023186,4.977217570820333e-14,euclidean_norm_of_cycle_coordinates,mean_over_successfully_projected_trials,True,10.0,True,False,True,True,successful_trials_only,False,,,,,,,,
signal_comparison,random_broadband,evaluation,tetrahedral,az45_el30,45.0,30.0,-10.0,-10.0,2048,all_6,1000,2000,914672577,all_6_cycle_calibrated_hard_p25,plane,20.0,1825,175,0.9125,-0.00582438876940515,-0.031228535610649887,0.030295129229263626,0.7315567546461686,0.5675398827375037,1.3283025662888273,1.8039197695678149,2.374104859542286,1.8039197695678149,2.374104859542286,0.0,0.0,0.0,0.9125,0.0875,0.0875,0.0,0.001,0.2553333333333333,0.0,0.0875,0.0,conditional_geodesic_error_gt_30deg,4.808396965154768,4.2293805820123316e-14,euclidean_norm_of_cycle_coordinates,mean_over_successfully_projected_trials,True,25.0,True,False,True,True,successful_trials_only,False,,,,,,,,
signal_comparison,random_broadband,evaluation,tetrahedral,az45_el30,45.0,30.0,-10.0,-10.0,2048,all_6,1000,2000,914672577,all_6_cycle_calibrated_hard_p50,plane,20.0,1162,838,0.581,-0.017654546844585946,-0.0324509838756022,0.03467663500911537,0.7773513886310006,0.5827867014574329,1.4348118881622294,1.9445259858414445,2.3241554024829107,1.9445259858414445,2.3241554024829107,0.0,0.0,0.0,0.581,0.419,0.419,0.0,0.001,0.5015833333333333,0.0,0.419,0.0,conditional_geodesic_error_gt_30deg,2.7568958680460915,2.62337140281605e-14,euclidean_norm_of_cycle_coordinates,mean_over_successfully_projected_trials,True,50.0,True,False,True,True,successful_trials_only,False,,,,,,,,
signal_comparison,random_broadband,evaluation,tetrahedral,az45_el30,45.0,30.0,-10.0,-10.0,2048,all_6,1000,2000,914672577,all_6_cycle_calibrated_soft,plane,20.0,2000,0,1.0,-0.021808337915866553,-0.0733545514325189,0.05778473301098375,2.945724232694569,0.5401194606065458,1.2605188154172184,17.164374409101793,34.6546067058577,17.164374409101793,34.6546067058577,0.021,0.0135,0.0025,1.0,0.0,0.0,0.0,0.001,0.0,0.0,0.0,0.0025,conditional_geodesic_error_gt_30deg,16.6795254778322,5.60612831960182e-14,euclidean_norm_of_cycle_coordinates,mean_over_successfully_projected_trials,True,,False,True,True,True,successful_trials_only,False,,,,,,,,
signal_comparison,random_broadband,evaluation,tetrahedral,az45_el30,45.0,30.0,0.0,0.0,2048,reference_3,1000,2000,2014171865,reference_3_equal,plane,20.0,2000,0,1.0,0.003119837780931057,-0.0029291361135126595,0.003927161472616644,0.1788444851517347,0.14805126501322563,0.30890764219529576,0.4122543799142016,0.47759188409194825,0.4122543799142016,0.47759188409194825,0.0,0.0,0.0,1.0,0.0,0.0,0.0,0.0,0.0,0.0,0.0,0.0,conditional_geodesic_error_gt_30deg,0.0,0.0,euclidean_norm_of_cycle_coordinates,mean_over_successfully_projected_trials,False,,False,False,False,False,successful_trials_only,False,,,,,,,,
signal_comparison,random_broadband,evaluation,tetrahedral,az45_el30,45.0,30.0,0.0,0.0,2048,all_6,1000,2000,2014171865,all_6_equal,plane,20.0,2000,0,1.0,0.0010482094623275686,-0.0021573950872803053,0.0022899761023035307,0.1485335570046728,0.12509653347173735,0.25393490214020803,0.32693269109993195,0.38558271202893474,0.32693269109993195,0.38558271202893474,0.0,0.0,0.0,1.0,0.0,0.0,0.0,0.0,0.0,0.0,0.0,0.0,conditional_geodesic_error_gt_30deg,0.0,0.0,euclidean_norm_of_cycle_coordinates,mean_over_successfully_projected_trials,False,,False,False,False,False,successful_trials_only,False,,,,,,,,
signal_comparison,random_broadband,evaluation,tetrahedral,az45_el30,45.0,30.0,0.0,0.0,2048,all_6,1000,2000,2014171865,all_6_cycle_equal,plane,20.0,2000,0,1.0,0.001048209462329897,-0.0021573950872825825,0.0022899762614600853,0.14853355700466175,0.12509653347173735,0.2539349021388445,0.32693269109993195,0.38558271203082334,0.32693269109993195,0.38558271203082334,0.0,0.0,0.0,1.0,0.0,0.0,0.0,0.0,0.0,0.0,0.0,0.0,conditional_geodesic_error_gt_30deg,0.9557200871907179,5.4993548120656515e-14,euclidean_norm_of_cycle_coordinates,mean_over_successfully_projected_trials,False,,False,False,False,False,successful_trials_only,False,,,,,,,,
signal_comparison,random_broadband,evaluation,tetrahedral,az45_el30,45.0,30.0,0.0,0.0,2048,all_6,1000,2000,2014171865,all_6_cycle_calibrated_no_rejection,plane,20.0,2000,0,1.0,0.007076193042211714,0.0006444030887904579,0.006166964729415117,0.14883183694166333,0.12395190247262906,0.2577811355372289,0.3389242453711848,0.395443815522994,0.3389242453711848,0.395443815522994,0.0,0.0,0.0,1.0,0.0,0.0,0.0,0.0,0.0,0.0,0.0,0.0,conditional_geodesic_error_gt_30deg,0.9561960185855131,5.4906012093280046e-14,euclidean_norm_of_cycle_coordinates,mean_over_successfully_projected_trials,True,,False,False,True,False,successful_trials_only,False,,,,,,,,
signal_comparison,random_broadband,evaluation,tetrahedral,az45_el30,45.0,30.0,0.0,0.0,2048,all_6,1000,2000,2014171865,all_6_cycle_calibrated_hard_p05,plane,20.0,1997,3,0.9985,0.007879666041642473,0.003021136338947219,0.007482191914766117,0.1503553105849106,0.1272635694993691,0.2568757780277358,0.3260909664064719,0.3878275273374625,0.3260909664064719,0.3878275273374625,0.0,0.0,0.0,0.9985,0.0015,0.0015,0.0,0.0,0.05074999999999999,0.0,0.0015,0.0,conditional_geodesic_error_gt_30deg,0.8818700507949903,5.4855224976716935e-14,euclidean_norm_of_cycle_coordinates,mean_over_successfully_projected_trials,True,5.0,True,False,True,True,successful_trials_only,False,,,,,,,,
signal_comparison,random_broadband,evaluation,tetrahedral,az45_el30,45.0,30.0,0.0,0.0,2048,all_6,1000,2000,2014171865,all_6_cycle_calibrated,plane,20.0,1980,20,0.99,0.008831127248001107,0.0037957007339899447,0.00855949614859415,0.15071398245213882,0.12793732956536377,0.2559483015604622,0.3266741000336891,0.40281258926735375,0.3266741000336891,0.40281258926735375,0.0,0.0,0.0,0.99,0.01,0.01,0.0,0.0,0.09608333333333333,0.0,0.01,0.0,conditional_geodesic_error_gt_30deg,0.8189386411409503,5.252487714497876e-14,euclidean_norm_of_cycle_coordinates,mean_over_successfully_projected_trials,True,10.0,True,False,True,True,successful_trials_only,False,,,,,,,,
signal_comparison,random_broadband,evaluation,tetrahedral,az45_el30,45.0,30.0,0.0,0.0,2048,all_6,1000,2000,2014171865,all_6_cycle_calibrated_hard_p25,plane,20.0,1807,193,0.9035,0.008670793622060337,0.007890628789361358,0.010925724855238884,0.1546492014313404,0.13172479738915416,0.26006507091584563,0.3268282880252233,0.40274406599224494,0.3268282880252233,0.40274406599224494,0.0,0.0,0.0,0.9035,0.0965,0.0965,0.0,0.0,0.24816666666666662,0.0,0.0965,0.0,conditional_geodesic_error_gt_30deg,0.6166374892662404,4.3226042073312746e-14,euclidean_norm_of_cycle_coordinates,mean_over_successfully_projected_trials,True,25.0,True,False,True,True,successful_trials_only,False,,,,,,,,
signal_comparison,random_broadband,evaluation,tetrahedral,az45_el30,45.0,30.0,0.0,0.0,2048,all_6,1000,2000,2014171865,all_6_cycle_calibrated_hard_p50,plane,20.0,1126,874,0.563,0.010672435942018912,0.02052711959862131,0.02255583673414294,0.1667137792359652,0.14318690221945907,0.2811874923347873,0.35648812231434696,0.39325416887194364,0.35648812231434696,0.39325416887194364,0.0,0.0,0.0,0.563,0.437,0.437,0.0,0.0,0.4945833333333334,0.0,0.437,0.0,conditional_geodesic_error_gt_30deg,0.36530463541149316,3.1981007819554147e-14,euclidean_norm_of_cycle_coordinates,mean_over_successfully_projected_trials,True,50.0,True,False,True,True,successful_trials_only,False,,,,,,,,
signal_comparison,random_broadband,evaluation,tetrahedral,az45_el30,45.0,30.0,0.0,0.0,2048,all_6,1000,2000,2014171865,all_6_cycle_calibrated_soft,plane,20.0,2000,0,1.0,0.007311374537372236,0.0016105361495066636,0.006545371066969211,0.14880069547816446,0.12483840913520343,0.25442687111127077,0.3258102234855704,0.3847755100675726,0.3258102234855704,0.3847755100675726,0.0,0.0,0.0,1.0,0.0,0.0,0.0,0.0,0.0,0.0,0.0,0.0,conditional_geodesic_error_gt_30deg,0.9561960185855131,5.642498175560973e-14,euclidean_norm_of_cycle_coordinates,mean_over_successfully_projected_trials,True,,False,True,True,True,successful_trials_only,False,,,,,,,,
signal_comparison,random_broadband,evaluation,tetrahedral,az45_el30,45.0,30.0,10.0,10.0,2048,reference_3,1000,2000,1261802993,reference_3_equal,plane,20.0,2000,0,1.0,0.0008860147107051318,-0.000346979726789417,0.0008382231218565326,0.05781879071272374,0.04712998466939479,0.10166129365615077,0.12477488845094094,0.14308869309765274,0.12477488845094094,0.14308869309765274,0.0,0.0,0.0,1.0,0.0,0.0,0.0,0.0,0.0,0.0,0.0,0.0,conditional_geodesic_error_gt_30deg,0.0,0.0,euclidean_norm_of_cycle_coordinates,mean_over_successfully_projected_trials,False,,False,False,False,False,successful_trials_only,False,,,,,,,,
signal_comparison,random_broadband,evaluation,tetrahedral,az45_el30,45.0,30.0,10.0,10.0,2048,all_6,1000,2000,1261802993,all_6_equal,plane,20.0,2000,0,1.0,0.0008654766404752007,0.0016058706839220654,0.0017788012799337806,0.053908275961843104,0.045210534522724236,0.09334391750490281,0.1157887507673665,0.1448870253605086,0.1157887507673665,0.1448870253605086,0.0,0.0,0.0,1.0,0.0,0.0,0.0,0.0,0.0,0.0,0.0,0.0,conditional_geodesic_error_gt_30deg,0.0,0.0,euclidean_norm_of_cycle_coordinates,mean_over_successfully_projected_trials,False,,False,False,False,False,successful_trials_only,False,,,,,,,,
signal_comparison,random_broadband,evaluation,tetrahedral,az45_el30,45.0,30.0,10.0,10.0,2048,all_6,1000,2000,1261802993,all_6_cycle_equal,plane,20.0,2000,0,1.0,0.0008654766404770454,0.0016058706839197562,0.0017788012799337806,0.053908275962029024,0.0452105345267511,0.09334391750490281,0.11578875076739793,0.14488702536302162,0.11578875076739793,0.14488702536302162,0.0,0.0,0.0,1.0,0.0,0.0,0.0,0.0,0.0,0.0,0.0,0.0,conditional_geodesic_error_gt_30deg,0.21015972055793772,5.516415809324634e-14,euclidean_norm_of_cycle_coordinates,mean_over_successfully_projected_trials,False,,False,False,False,False,successful_trials_only,False,,,,,,,,
signal_comparison,random_broadband,evaluation,tetrahedral,az45_el30,45.0,30.0,10.0,10.0,2048,all_6,1000,2000,1261802993,all_6_cycle_calibrated_no_rejection,plane,20.0,2000,0,1.0,0.001172021632126775,-9.155886312541566e-05,0.0010184424592456361,0.05363050677554969,0.04511864411731519,0.0931310455539908,0.11489900408593536,0.1414375949069065,0.11489900408593536,0.1414375949069065,0.0,0.0,0.0,1.0,0.0,0.0,0.0,0.0,0.0,0.0,0.0,0.0,conditional_geodesic_error_gt_30deg,0.20997268383079656,5.5117042811034856e-14,euclidean_norm_of_cycle_coordinates,mean_over_successfully_projected_trials,True,,False,False,True,False,successful_trials_only,False,,,,,,,,
signal_comparison,random_broadband,evaluation,tetrahedral,az45_el30,45.0,30.0,10.0,10.0,2048,all_6,1000,2000,1261802993,all_6_cycle_calibrated_hard_p05,plane,20.0,1997,3,0.9985,0.001513192518575666,0.0018538732545130897,0.002276710975963865,0.05740292671268894,0.046061239914207845,0.10370481015432888,0.1365054519801126,0.17641728339673995,0.1365054519801126,0.17641728339673995,0.0,0.0,0.0,0.9985,0.0015,0.0015,0.0,0.0,0.04633333333333333,0.0,0.0015,0.0,conditional_geodesic_error_gt_30deg,0.19447680845366344,5.276320732788782e-14,euclidean_norm_of_cycle_coordinates,mean_over_successfully_projected_trials,True,5.0,True,False,True,True,successful_trials_only,False,,,,,,,,
signal_comparison,random_broadband,evaluation,tetrahedral,az45_el30,45.0,30.0,10.0,10.0,2048,all_6,1000,2000,1261802993,all_6_cycle_calibrated,plane,20.0,1970,30,0.985,0.001187073309398501,0.0030948932549691053,0.0032687907906149096,0.0585194972800904,0.04652643937475799,0.10456778353466331,0.13976469034126782,0.1669641102142786,0.13976469034126782,0.1669641102142786,0.0,0.0,0.0,0.985,0.015,0.015,0.0,0.0,0.10883333333333332,0.0,0.015,0.0,conditional_geodesic_error_gt_30deg,0.17367595419860138,5.0216010830211194e-14,euclidean_norm_of_cycle_coordinates,mean_over_successfully_projected_trials,True,10.0,True,False,True,True,successful_trials_only,False,,,,,,,,
signal_comparison,random_broadband,evaluation,tetrahedral,az45_el30,45.0,30.0,10.0,10.0,2048,all_6,1000,2000,1261802993,all_6_cycle_calibrated_hard_p25,plane,20.0,1720,280,0.86,1.5385890929284292e-05,0.005435741645772623,0.005443035200790094,0.05603139199767983,0.04418216459988315,0.10056023951481326,0.13100486954943244,0.16487538586346284,0.13100486954943244,0.16487538586346284,0.0,0.0,0.0,0.86,0.14,0.14,0.0,0.0,0.25875,0.0,0.14,0.0,conditional_geodesic_error_gt_30deg,0.134377751708279,4.251553865392826e-14,euclidean_norm_of_cycle_coordinates,mean_over_successfully_projected_trials,True,25.0,True,False,True,True,successful_trials_only,False,,,,,,,,
signal_comparison,random_broadband,evaluation,tetrahedral,az45_el30,45.0,30.0,10.0,10.0,2048,all_6,1000,2000,1261802993,all_6_cycle_calibrated_hard_p50,plane,20.0,947,1053,0.4735,-0.0005220345861109438,0.014961227469700838,0.014974076224377006,0.05092349501720792,0.038311820750411466,0.09320143747395493,0.11588738149294314,0.15037747840264937,0.11588738149294314,0.15037747840264937,0.0,0.0,0.0,0.4735,0.5265,0.5265,0.0,0.0,0.50775,0.0,0.5265,0.0,conditional_geodesic_error_gt_30deg,0.08983839560938774,3.2947385173373835e-14,euclidean_norm_of_cycle_coordinates,mean_over_successfully_projected_trials,True,50.0,True,False,True,True,successful_trials_only,False,,,,,,,,
signal_comparison,random_broadband,evaluation,tetrahedral,az45_el30,45.0,30.0,10.0,10.0,2048,all_6,1000,2000,1261802993,all_6_cycle_calibrated_soft,plane,20.0,2000,0,1.0,0.0011727277835098476,0.00024550781845524835,0.001046511283810263,0.05352943059972452,0.04474703054492104,0.09228752383389507,0.11459393175832604,0.14053831002491426,0.11459393175832604,0.14053831002491426,0.0,0.0,0.0,1.0,0.0,0.0,0.0,0.0,0.0,0.0,0.0,0.0,conditional_geodesic_error_gt_30deg,0.20997268383079656,5.516308038206646e-14,euclidean_norm_of_cycle_coordinates,mean_over_successfully_projected_trials,True,,False,True,True,True,successful_trials_only,False,,,,,,,,
signal_comparison,harmonic_stress,evaluation,tetrahedral,az45_el30,45.0,30.0,-10.0,-10.0,2048,reference_3,1000,2000,3453973746,reference_3_equal,plane,20.0,2000,0,1.0,-1.5072478813849155,-2.338118873945544,7.701638474466341,49.68345349671259,39.18382562554403,86.54453589695505,109.01548038428596,140.38803744047584,109.01548038428596,140.38803744047584,0.88,0.741,0.5605,1.0,0.0,0.0,0.0,0.058,0.0,0.0,0.0,0.5605,conditional_geodesic_error_gt_30deg,0.0,0.0,euclidean_norm_of_cycle_coordinates,mean_over_successfully_projected_trials,False,,False,False,False,False,successful_trials_only,False,,,,,,,,
signal_comparison,harmonic_stress,evaluation,tetrahedral,az45_el30,45.0,30.0,-10.0,-10.0,2048,all_6,1000,2000,3453973746,all_6_equal,plane,20.0,2000,0,1.0,0.34193567014281234,-2.5642262518721908,2.6857283019624942,39.85291621657522,24.033082413312027,79.78672002073381,132.1724561243599,148.63190156150927,132.1724561243599,148.63190156150927,0.894,0.7785,0.396,1.0,0.0,0.0,0.0,0.058,0.0,0.0,0.0,0.396,conditional_geodesic_error_gt_30deg,0.0,0.0,euclidean_norm_of_cycle_coordinates,mean_over_successfully_projected_trials,False,,False,False,False,False,successful_trials_only,False,,,,,,,,
signal_comparison,harmonic_stress,evaluation,tetrahedral,az45_el30,45.0,30.0,-10.0,-10.0,2048,all_6,1000,2000,3453973746,all_6_cycle_equal,plane,20.0,2000,0,1.0,0.3419356701428144,-2.5642262518721934,2.6857283019624942,39.852916216575224,24.03308241331206,79.7867200207338,132.17245612435985,148.63190156150927,132.17245612435985,148.63190156150927,0.894,0.7785,0.396,1.0,0.0,0.0,0.0,0.058,0.0,0.0,0.0,0.396,conditional_geodesic_error_gt_30deg,374.11274807814414,8.924976888240406e-14,euclidean_norm_of_cycle_coordinates,mean_over_successfully_projected_trials,False,,False,False,False,False,successful_trials_only,False,,,,,,,,
signal_comparison,harmonic_stress,evaluation,tetrahedral,az45_el30,45.0,30.0,-10.0,-10.0,2048,all_6,1000,2000,3453973746,all_6_cycle_calibrated_no_rejection,plane,20.0,2000,0,1.0,0.054999778597244996,-0.9887370448287544,0.9539872792724728,26.287395714686692,17.115770220325942,45.38184992117181,84.52348436492194,148.46007475462451,84.52348436492194,148.46007475462451,0.848,0.691,0.2045,1.0,0.0,0.0,0.0,0.058,0.0,0.0,0.0,0.2045,conditional_geodesic_error_gt_30deg,374.2560661241756,9.273510139118632e-14,euclidean_norm_of_cycle_coordinates,mean_over_successfully_projected_trials,True,,False,False,True,False,successful_trials_only,False,,,,,,,,
signal_comparison,harmonic_stress,evaluation,tetrahedral,az45_el30,45.0,30.0,-10.0,-10.0,2048,all_6,1000,2000,3453973746,all_6_cycle_calibrated_hard_p05,plane,20.0,1988,12,0.994,0.5142827800964298,-1.1313666066428087,1.1002408216584876,27.600679469445794,15.03827738060757,47.81985320342406,117.75298127640716,149.22894408221373,117.75298127640716,149.22894408221373,0.8229376257545271,0.6378269617706237,0.2012072434607646,0.994,0.006,0.006,0.0,0.058,0.11066666666666666,0.0,0.006,0.2012072434607646,conditional_geodesic_error_gt_30deg,292.42206778451913,7.795332210040512e-14,euclidean_norm_of_cycle_coordinates,mean_over_successfully_projected_trials,True,5.0,True,False,True,True,successful_trials_only,False,,,,,,,,
signal_comparison,harmonic_stress,evaluation,tetrahedral,az45_el30,45.0,30.0,-10.0,-10.0,2048,all_6,1000,2000,3453973746,all_6_cycle_calibrated,plane,20.0,1947,53,0.9735,0.8464872044426931,-0.6323781417808735,1.7454339223092792,27.964695588501296,13.973171927886844,50.06129446331647,118.25727142120536,148.35975329102894,118.25727142120536,148.35975329102894,0.8094504365690807,0.6096558808423215,0.2033898305084746,0.9735,0.0265,0.0265,0.0,0.058,0.18591666666666665,0.0,0.0265,0.2033898305084746,conditional_geodesic_error_gt_30deg,247.50309568421923,6.789668365651729e-14,euclidean_norm_of_cycle_coordinates,mean_over_successfully_projected_trials,True,10.0,True,False,True,True,successful_trials_only,False,,,,,,,,
signal_comparison,harmonic_stress,evaluation,tetrahedral,az45_el30,45.0,30.0,-10.0,-10.0,2048,all_6,1000,2000,3453973746,all_6_cycle_calibrated_hard_p25,plane,20.0,1597,403,0.7985,1.3643971959720627,-0.76213911879663,1.9648363544285798,29.952905098366216,12.203427938587854,57.33609100957979,137.25029435150128,149.6475130029434,137.25029435150128,149.6475130029434,0.7802128991859737,0.567313713212273,0.2229179711959925,0.7985,0.2015,0.2015,0.0,0.058,0.3798333333333333,0.0,0.2015,0.2229179711959925,conditional_geodesic_error_gt_30deg,148.09900759386528,4.2868442426566047e-14,euclidean_norm_of_cycle_coordinates,mean_over_successfully_projected_trials,True,25.0,True,False,True,True,successful_trials_only,False,,,,,,,,
signal_comparison,harmonic_stress,evaluation,tetrahedral,az45_el30,45.0,30.0,-10.0,-10.0,2048,all_6,1000,2000,3453973746,all_6_cycle_calibrated_hard_p50,plane,20.0,702,1298,0.351,0.19991817320458052,-0.34170383230586643,2.471387640006182,29.191737919159102,9.713384279002321,55.48762319191107,135.4817364652564,149.13630129195533,135.4817364652564,149.13630129195533,0.7720797720797721,0.4886039886039886,0.2037037037037037,0.351,0.649,0.649,0.0,0.058,0.63025,0.0,0.649,0.2037037037037037,conditional_geodesic_error_gt_30deg,57.2997828864131,2.0778699232237916e-14,euclidean_norm_of_cycle_coordinates,mean_over_successfully_projected_trials,True,50.0,True,False,True,True,successful_trials_only,False,,,,,,,,
signal_comparison,harmonic_stress,evaluation,tetrahedral,az45_el30,45.0,30.0,-10.0,-10.0,2048,all_6,1000,2000,3453973746,all_6_cycle_calibrated_soft,plane,20.0,2000,0,1.0,0.33783924298013224,-0.868185511991843,0.9941622990879883,25.625120620608957,16.094506121804947,44.0286736808584,83.34210814676868,145.6889731109835,83.34210814676868,145.6889731109835,0.846,0.6755,0.193,1.0,0.0,0.0,0.0,0.058,0.0,0.0,0.0,0.193,conditional_geodesic_error_gt_30deg,374.2560661241756,9.288036121610397e-14,euclidean_norm_of_cycle_coordinates,mean_over_successfully_projected_trials,True,,False,True,True,True,successful_trials_only,False,,,,,,,,
signal_comparison,harmonic_stress,evaluation,tetrahedral,az45_el30,45.0,30.0,0.0,0.0,2048,reference_3,1000,2000,1908498928,reference_3_equal,plane,20.0,2000,0,1.0,-0.003226278791918873,-0.08013420371483246,0.062659759128361,2.649018980993972,1.9640876187519223,4.568295200644881,6.058703770078292,22.48081672734429,6.058703770078292,22.48081672734429,0.0295,0.0015,0.0,1.0,0.0,0.0,0.0,0.0,0.0,0.0,0.0,0.0,conditional_geodesic_error_gt_30deg,0.0,0.0,euclidean_norm_of_cycle_coordinates,mean_over_successfully_projected_trials,False,,False,False,False,False,successful_trials_only,False,,,,,,,,
signal_comparison,harmonic_stress,evaluation,tetrahedral,az45_el30,45.0,30.0,0.0,0.0,2048,all_6,1000,2000,1908498928,all_6_equal,plane,20.0,2000,0,1.0,0.030673172014680575,0.0033650926868095477,0.027650985282386204,1.3033891885568354,1.0473589781369324,2.2063063945264294,2.96227298715834,5.589139086235553,2.96227298715834,5.589139086235553,0.002,0.0,0.0,1.0,0.0,0.0,0.0,0.0,0.0,0.0,0.0,0.0,conditional_geodesic_error_gt_30deg,0.0,0.0,euclidean_norm_of_cycle_coordinates,mean_over_successfully_projected_trials,False,,False,False,False,False,successful_trials_only,False,,,,,,,,
signal_comparison,harmonic_stress,evaluation,tetrahedral,az45_el30,45.0,30.0,0.0,0.0,2048,all_6,1000,2000,1908498928,all_6_cycle_equal,plane,20.0,2000,0,1.0,0.03067317201468348,0.0033650926868070362,0.027650985295567098,1.3033891885568338,1.0473589781369324,2.2063063945264374,2.96227298715834,5.5891390862354875,2.96227298715834,5.5891390862354875,0.002,0.0,0.0,1.0,0.0,0.0,0.0,0.0,0.0,0.0,0.0,0.0,conditional_geodesic_error_gt_30deg,19.64251147203663,5.5119018669512185e-14,euclidean_norm_of_cycle_coordinates,mean_over_successfully_projected_trials,False,,False,False,False,False,successful_trials_only,False,,,,,,,,
signal_comparison,harmonic_stress,evaluation,tetrahedral,az45_el30,45.0,30.0,0.0,0.0,2048,all_6,1000,2000,1908498928,all_6_cycle_calibrated_no_rejection,plane,20.0,2000,0,1.0,0.056834322240577356,0.007271083276213121,0.05059289163699849,1.3064301531790021,1.0460252609944811,2.2027633890664844,2.9786945776709346,5.883123813031866,2.9786945776709346,5.883123813031866,0.002,0.0,0.0,1.0,0.0,0.0,0.0,0.0,0.0,0.0,0.0,0.0,conditional_geodesic_error_gt_30deg,19.64166109849272,5.4842264358046306e-14,euclidean_norm_of_cycle_coordinates,mean_over_successfully_projected_trials,True,,False,False,True,False,successful_trials_only,False,,,,,,,,
signal_comparison,harmonic_stress,evaluation,tetrahedral,az45_el30,45.0,30.0,0.0,0.0,2048,all_6,1000,2000,1908498928,all_6_cycle_calibrated_hard_p05,plane,20.0,1999,1,0.9995,0.04609667172208768,0.016258366398749335,0.044955194539557194,1.2999565455512152,1.0429062220791157,2.2492979347972577,3.038374924535682,4.017108330268948,3.038374924535682,4.017108330268948,0.0005002501250625312,0.0,0.0,0.9995,0.0005,0.0005,0.0,0.0,0.05541666666666666,0.0,0.0005,0.0,conditional_geodesic_error_gt_30deg,17.238087075435892,5.25274067771904e-14,euclidean_norm_of_cycle_coordinates,mean_over_successfully_projected_trials,True,5.0,True,False,True,True,successful_trials_only,False,,,,,,,,
signal_comparison,harmonic_stress,evaluation,tetrahedral,az45_el30,45.0,30.0,0.0,0.0,2048,all_6,1000,2000,1908498928,all_6_cycle_calibrated,plane,20.0,1988,12,0.994,0.055522755874193856,0.01214567522516124,0.05086263490231449,1.356790476418615,1.0686388599249017,2.30139954361594,3.2687901133718227,5.374742743838205,3.2687901133718227,5.374742743838205,0.0015090543259557343,0.0,0.0,0.994,0.006,0.006,0.0,0.0,0.11225,0.0,0.006,0.0,conditional_geodesic_error_gt_30deg,15.347274529435836,4.965677838246537e-14,euclidean_norm_of_cycle_coordinates,mean_over_successfully_projected_trials,True,10.0,True,False,True,True,successful_trials_only,False,,,,,,,,
signal_comparison,harmonic_stress,evaluation,tetrahedral,az45_el30,45.0,30.0,0.0,0.0,2048,all_6,1000,2000,1908498928,all_6_cycle_calibrated_hard_p25,plane,20.0,1847,153,0.9235,0.06578221573397507,0.04259284234963051,0.07464591180025625,1.4653751342596797,1.132499105813599,2.6607235895547756,3.5188896758176518,6.113965644750577,3.5188896758176518,6.113965644750577,0.0016242555495397943,0.0,0.0,0.9235,0.0765,0.0765,0.0,0.0,0.268,0.0,0.0765,0.0,conditional_geodesic_error_gt_30deg,10.732990900703266,3.869365056742247e-14,euclidean_norm_of_cycle_coordinates,mean_over_successfully_projected_trials,True,25.0,True,False,True,True,successful_trials_only,False,,,,,,,,
signal_comparison,harmonic_stress,evaluation,tetrahedral,az45_el30,45.0,30.0,0.0,0.0,2048,all_6,1000,2000,1908498928,all_6_cycle_calibrated_hard_p50,plane,20.0,1124,876,0.562,0.00799776444440607,-0.00040253239837666736,0.010104627100511097,1.6810893863685517,1.3123295244341815,3.0105358117322067,4.053633173506411,6.038675499622539,4.053633173506411,6.038675499622539,0.005338078291814947,0.0,0.0,0.562,0.438,0.438,0.0,0.0,0.52125,0.0,0.438,0.0,conditional_geodesic_error_gt_30deg,5.283599864824184,2.242712569305338e-14,euclidean_norm_of_cycle_coordinates,mean_over_successfully_projected_trials,True,50.0,True,False,True,True,successful_trials_only,False,,,,,,,,
signal_comparison,harmonic_stress,evaluation,tetrahedral,az45_el30,45.0,30.0,0.0,0.0,2048,all_6,1000,2000,1908498928,all_6_cycle_calibrated_soft,plane,20.0,2000,0,1.0,0.05512343924660388,0.010579450289583472,0.04998723465436038,1.2832037109208065,1.0247914360562453,2.1922018716298717,2.9367249552234607,5.3302410446262085,2.9367249552234607,5.3302410446262085,0.0015,0.0,0.0,1.0,0.0,0.0,0.0,0.0,0.0,0.0,0.0,0.0,conditional_geodesic_error_gt_30deg,19.64166109849272,5.56296231626709e-14,euclidean_norm_of_cycle_coordinates,mean_over_successfully_projected_trials,True,,False,True,True,True,successful_trials_only,False,,,,,,,,
signal_comparison,harmonic_stress,evaluation,tetrahedral,az45_el30,45.0,30.0,10.0,10.0,2048,reference_3,1000,2000,3711322468,reference_3_equal,plane,20.0,2000,0,1.0,-0.011880650944782647,-0.015387766259884701,0.017077692015212705,0.8650615641516071,0.7106584180548283,1.4828296505930172,1.833220804735352,2.2496136428268243,1.833220804735352,2.2496136428268243,0.0,0.0,0.0,1.0,0.0,0.0,0.0,0.0,0.0,0.0,0.0,0.0,conditional_geodesic_error_gt_30deg,0.0,0.0,euclidean_norm_of_cycle_coordinates,mean_over_successfully_projected_trials,False,,False,False,False,False,successful_trials_only,False,,,,,,,,
signal_comparison,harmonic_stress,evaluation,tetrahedral,az45_el30,45.0,30.0,10.0,10.0,2048,all_6,1000,2000,3711322468,all_6_equal,plane,20.0,2000,0,1.0,-0.010593499309409699,0.06977881414525679,0.07085586965999488,0.4528526725312681,0.3798537817359177,0.7780521035205795,0.9961940539580981,1.2071324190881234,0.9961940539580981,1.2071324190881234,0.0,0.0,0.0,1.0,0.0,0.0,0.0,0.0,0.0,0.0,0.0,0.0,conditional_geodesic_error_gt_30deg,0.0,0.0,euclidean_norm_of_cycle_coordinates,mean_over_successfully_projected_trials,False,,False,False,False,False,successful_trials_only,False,,,,,,,,
signal_comparison,harmonic_stress,evaluation,tetrahedral,az45_el30,45.0,30.0,10.0,10.0,2048,all_6,1000,2000,3711322468,all_6_cycle_equal,plane,20.0,2000,0,1.0,-0.01059349930940704,0.06977881414525469,0.07085586965999488,0.4528526725312363,0.3798537817363974,0.778052103520158,0.9961940539584603,1.2071324190881239,0.9961940539584603,1.2071324190881239,0.0,0.0,0.0,1.0,0.0,0.0,0.0,0.0,0.0,0.0,0.0,0.0,conditional_geodesic_error_gt_30deg,6.629848198551624,5.453777129766518e-14,euclidean_norm_of_cycle_coordinates,mean_over_successfully_projected_trials,False,,False,False,False,False,successful_trials_only,False,,,,,,,,
signal_comparison,harmonic_stress,evaluation,tetrahedral,az45_el30,45.0,30.0,10.0,10.0,2048,all_6,1000,2000,3711322468,all_6_cycle_calibrated_no_rejection,plane,20.0,2000,0,1.0,-0.023911278176994438,0.005596801017126079,0.02158260252641019,0.44784385437388124,0.3753362529002992,0.7650879113549225,0.9989123845364403,1.1657769204625075,0.9989123845364403,1.1657769204625075,0.0,0.0,0.0,1.0,0.0,0.0,0.0,0.0,0.0,0.0,0.0,0.0,conditional_geodesic_error_gt_30deg,6.602404130508877,5.4999575311495404e-14,euclidean_norm_of_cycle_coordinates,mean_over_successfully_projected_trials,True,,False,False,True,False,successful_trials_only,False,,,,,,,,
signal_comparison,harmonic_stress,evaluation,tetrahedral,az45_el30,45.0,30.0,10.0,10.0,2048,all_6,1000,2000,3711322468,all_6_cycle_calibrated_hard_p05,plane,20.0,1999,1,0.9995,-0.020314838819622334,0.006770190126381249,0.019038678759307325,0.46113020708712427,0.3808471333913005,0.7936083753945811,1.0242710958073658,1.243238015053454,1.0242710958073658,1.243238015053454,0.0,0.0,0.0,0.9995,0.0005,0.0005,0.0,0.0,0.04483333333333333,0.0,0.0005,0.0,conditional_geodesic_error_gt_30deg,6.091369789542294,5.303519399919789e-14,euclidean_norm_of_cycle_coordinates,mean_over_successfully_projected_trials,True,5.0,True,False,True,True,successful_trials_only,False,,,,,,,,
signal_comparison,harmonic_stress,evaluation,tetrahedral,az45_el30,45.0,30.0,10.0,10.0,2048,all_6,1000,2000,3711322468,all_6_cycle_calibrated,plane,20.0,1995,5,0.9975,-0.022354462471277113,0.004819726881904892,0.02007161602731605,0.4843460539500408,0.38816912275010707,0.8400737745372968,1.1411487778492202,1.5066020728160563,1.1411487778492202,1.5066020728160563,0.0,0.0,0.0,0.9975,0.0025,0.0025,0.0,0.0,0.09733333333333333,0.0,0.0025,0.0,conditional_geodesic_error_gt_30deg,5.530000697515572,4.95088446345151e-14,euclidean_norm_of_cycle_coordinates,mean_over_successfully_projected_trials,True,10.0,True,False,True,True,successful_trials_only,False,,,,,,,,
signal_comparison,harmonic_stress,evaluation,tetrahedral,az45_el30,45.0,30.0,10.0,10.0,2048,all_6,1000,2000,3711322468,all_6_cycle_calibrated_hard_p25,plane,20.0,1855,145,0.9275,-0.027578980887922294,0.027319966284181423,0.03677032551456202,0.538005777752599,0.42650418812994517,0.9510673051714481,1.2954378849902897,1.6456820640755643,1.2954378849902897,1.6456820640755643,0.0,0.0,0.0,0.9275,0.0725,0.0725,0.0,0.0,0.24825,0.0,0.0725,0.0,conditional_geodesic_error_gt_30deg,4.067843925115255,4.110055554434103e-14,euclidean_norm_of_cycle_coordinates,mean_over_successfully_projected_trials,True,25.0,True,False,True,True,successful_trials_only,False,,,,,,,,
signal_comparison,harmonic_stress,evaluation,tetrahedral,az45_el30,45.0,30.0,10.0,10.0,2048,all_6,1000,2000,3711322468,all_6_cycle_calibrated_hard_p50,plane,20.0,1177,823,0.5885,-0.021927785612608396,0.05416972477294214,0.05808331073391383,0.5911655370286124,0.4598257772121981,1.038748718055827,1.5046233232906197,1.9679904947124345,1.5046233232906197,1.9679904947124345,0.0,0.0,0.0,0.5885,0.4115,0.4115,0.0,0.0,0.4964166666666666,0.0,0.4115,0.0,conditional_geodesic_error_gt_30deg,2.10000948524674,2.544192256652675e-14,euclidean_norm_of_cycle_coordinates,mean_over_successfully_projected_trials,True,50.0,True,False,True,True,successful_trials_only,False,,,,,,,,
signal_comparison,harmonic_stress,evaluation,tetrahedral,az45_el30,45.0,30.0,10.0,10.0,2048,all_6,1000,2000,3711322468,all_6_cycle_calibrated_soft,plane,20.0,2000,0,1.0,-0.023499484637453202,0.006935435755563306,0.021656688092655838,0.44653738848057783,0.37503484710546986,0.7639376552326274,0.9856172262975942,1.142038728198561,0.9856172262975942,1.142038728198561,0.0,0.0,0.0,1.0,0.0,0.0,0.0,0.0,0.0,0.0,0.0,0.0,conditional_geodesic_error_gt_30deg,6.602404130508877,5.5698232241940467e-14,euclidean_norm_of_cycle_coordinates,mean_over_successfully_projected_trials,True,,False,True,True,True,successful_trials_only,False,,,,,,,,
direction_check,deterministic_multisine,evaluation,tetrahedral,az20_el10,20.0,10.0,0.0,0.0,2048,reference_3,1000,2000,477053790,reference_3_equal,plane,20.0,2000,0,1.0,-0.004304536807088113,-0.022430411053480304,0.022386403109607496,0.7000960351161927,0.5619817091915338,1.233505140180144,1.5782075046237218,1.963746643123952,1.5782075046237218,1.963746643123952,0.0,0.0,0.0,1.0,0.0,0.0,0.0,0.0,0.0,0.0,0.0,0.0,conditional_geodesic_error_gt_30deg,0.0,0.0,euclidean_norm_of_cycle_coordinates,mean_over_successfully_projected_trials,False,,False,False,False,False,successful_trials_only,False,,,,,,,,
direction_check,deterministic_multisine,evaluation,tetrahedral,az20_el10,20.0,10.0,0.0,0.0,2048,all_6,1000,2000,477053790,all_6_equal,plane,20.0,2000,0,1.0,0.0011973099045872156,-0.013187561295660474,0.013096741606724657,0.4279766270106604,0.3493124494420178,0.7498243753839877,0.9862490429598509,1.1657736626975177,0.9862490429598509,1.1657736626975177,0.0,0.0,0.0,1.0,0.0,0.0,0.0,0.0,0.0,0.0,0.0,0.0,conditional_geodesic_error_gt_30deg,0.0,0.0,euclidean_norm_of_cycle_coordinates,mean_over_successfully_projected_trials,False,,False,False,False,False,successful_trials_only,False,,,,,,,,
direction_check,deterministic_multisine,evaluation,tetrahedral,az20_el10,20.0,10.0,0.0,0.0,2048,all_6,1000,2000,477053790,all_6_cycle_equal,plane,20.0,2000,0,1.0,0.0011973099045772414,-0.013187561295657485,0.013096741578896,0.42797662701067274,0.3493124494430616,0.7498243753835259,0.9862490429602205,1.1657736626975177,0.9862490429602205,1.1657736626975177,0.0,0.0,0.0,1.0,0.0,0.0,0.0,0.0,0.0,0.0,0.0,0.0,conditional_geodesic_error_gt_30deg,5.972053713278862,9.387761210237555e-14,euclidean_norm_of_cycle_coordinates,mean_over_successfully_projected_trials,False,,False,False,False,False,successful_trials_only,False,,,,,,,,
direction_check,deterministic_multisine,evaluation,tetrahedral,az20_el10,20.0,10.0,0.0,0.0,2048,all_6,1000,2000,477053790,all_6_cycle_calibrated_no_rejection,plane,20.0,2000,0,1.0,-0.002478763283359986,0.003377491602951672,0.00428630900949343,0.42904896373588014,0.3538258842272406,0.7463070889712651,0.9896334458468053,1.1651997296089167,0.9896334458468053,1.1651997296089167,0.0,0.0,0.0,1.0,0.0,0.0,0.0,0.0,0.0,0.0,0.0,0.0,conditional_geodesic_error_gt_30deg,5.9733705875320044,9.486983597028464e-14,euclidean_norm_of_cycle_coordinates,mean_over_successfully_projected_trials,True,,False,False,True,False,successful_trials_only,False,,,,,,,,
direction_check,deterministic_multisine,evaluation,tetrahedral,az20_el10,20.0,10.0,0.0,0.0,2048,all_6,1000,2000,477053790,all_6_cycle_calibrated_hard_p05,plane,20.0,1997,3,0.9985,-0.004514676887718626,-0.003327345663033157,0.0054633369907818976,0.44558078781838534,0.36747249877043225,0.7713834038189262,1.0147860893229312,1.2821644199630555,1.0147860893229312,1.2821644199630555,0.0,0.0,0.0,0.9985,0.0015,0.0015,0.0,0.0,0.05133333333333333,0.0,0.0015,0.0,conditional_geodesic_error_gt_30deg,5.4958340382988915,8.951736874914711e-14,euclidean_norm_of_cycle_coordinates,mean_over_successfully_projected_trials,True,5.0,True,False,True,True,successful_trials_only,False,,,,,,,,
direction_check,deterministic_multisine,evaluation,tetrahedral,az20_el10,20.0,10.0,0.0,0.0,2048,all_6,1000,2000,477053790,all_6_cycle_calibrated,plane,20.0,1985,15,0.9925,-0.005190240844012186,-0.0030190164266265685,0.005849369494122047,0.4646638664948381,0.38550125310064304,0.8005685114594431,1.0922647788283169,1.3707818908146714,1.0922647788283169,1.3707818908146714,0.0,0.0,0.0,0.9925,0.0075,0.0075,0.0,0.0,0.10833333333333331,0.0,0.0075,0.0,conditional_geodesic_error_gt_30deg,4.985733721654099,8.089837994881188e-14,euclidean_norm_of_cycle_coordinates,mean_over_successfully_projected_trials,True,10.0,True,False,True,True,successful_trials_only,False,,,,,,,,
direction_check,deterministic_multisine,evaluation,tetrahedral,az20_el10,20.0,10.0,0.0,0.0,2048,all_6,1000,2000,477053790,all_6_cycle_calibrated_hard_p25,plane,20.0,1836,164,0.918,-0.008232624029740378,-0.016770243815193462,0.01844074590481931,0.508069378664541,0.4140509363860075,0.8962064052240796,1.2034920906716209,1.4532605130469811,1.2034920906716209,1.4532605130469811,0.0,0.0,0.0,0.918,0.082,0.082,0.0,0.0,0.25383333333333336,0.0,0.082,0.0,conditional_geodesic_error_gt_30deg,3.765500770227412,6.003572224259793e-14,euclidean_norm_of_cycle_coordinates,mean_over_successfully_projected_trials,True,25.0,True,False,True,True,successful_trials_only,False,,,,,,,,
direction_check,deterministic_multisine,evaluation,tetrahedral,az20_el10,20.0,10.0,0.0,0.0,2048,all_6,1000,2000,477053790,all_6_cycle_calibrated_hard_p50,plane,20.0,1156,844,0.578,-0.00658754520670309,-0.020033957145403253,0.02079869609608245,0.5949842653238819,0.4915572788402723,1.0405125275014302,1.315832840677117,2.0624160539612677,1.315832840677117,2.0624160539612677,0.0,0.0,0.0,0.578,0.422,0.422,0.0,0.0,0.5096666666666667,0.0,0.422,0.0,conditional_geodesic_error_gt_30deg,1.9085502811560524,2.7402493507697706e-14,euclidean_norm_of_cycle_coordinates,mean_over_successfully_projected_trials,True,50.0,True,False,True,True,successful_trials_only,False,,,,,,,,
direction_check,deterministic_multisine,evaluation,tetrahedral,az20_el10,20.0,10.0,0.0,0.0,2048,all_6,1000,2000,477053790,all_6_cycle_calibrated_soft,plane,20.0,2000,0,1.0,-0.0030404093433881313,0.000990878717585634,0.0032023119264798475,0.430258339058989,0.3552420219516774,0.7449440991347082,0.984232784849556,1.1614156006594045,0.984232784849556,1.1614156006594045,0.0,0.0,0.0,1.0,0.0,0.0,0.0,0.0,0.0,0.0,0.0,0.0,conditional_geodesic_error_gt_30deg,5.9733705875320044,9.473293639235101e-14,euclidean_norm_of_cycle_coordinates,mean_over_successfully_projected_trials,True,,False,True,True,True,successful_trials_only,False,,,,,,,,
direction_check,deterministic_multisine,evaluation,tetrahedral,az45_el30,45.0,30.0,0.0,0.0,2048,reference_3,1000,2000,2608556503,reference_3_equal,plane,20.0,2000,0,1.0,0.008338333101379292,-0.0020801591225821253,0.007112810182503528,0.7762007044939003,0.6516120740753018,1.314290006319317,1.5902244725623205,1.8734761487226943,1.5902244725623205,1.8734761487226943,0.0,0.0,0.0,1.0,0.0,0.0,0.0,0.0,0.0,0.0,0.0,0.0,conditional_geodesic_error_gt_30deg,0.0,0.0,euclidean_norm_of_cycle_coordinates,mean_over_successfully_projected_trials,False,,False,False,False,False,successful_trials_only,False,,,,,,,,
direction_check,deterministic_multisine,evaluation,tetrahedral,az45_el30,45.0,30.0,0.0,0.0,2048,all_6,1000,2000,2608556503,all_6_equal,plane,20.0,2000,0,1.0,0.009428244222309682,0.01144868223256057,0.014404934907738759,0.42461993911154206,0.35480400111258414,0.7379250732199837,0.8754676553524574,1.0797571850984908,0.8754676553524574,1.0797571850984908,0.0,0.0,0.0,1.0,0.0,0.0,0.0,0.0,0.0,0.0,0.0,0.0,conditional_geodesic_error_gt_30deg,0.0,0.0,euclidean_norm_of_cycle_coordinates,mean_over_successfully_projected_trials,False,,False,False,False,False,successful_trials_only,False,,,,,,,,
direction_check,deterministic_multisine,evaluation,tetrahedral,az45_el30,45.0,30.0,0.0,0.0,2048,all_6,1000,2000,2608556503,all_6_cycle_equal,plane,20.0,2000,0,1.0,0.009428244222311996,0.01144868223255809,0.014404934907738759,0.4246199391115266,0.3548040011141249,0.7379250732199837,0.875467655351633,1.0797571850988277,0.875467655351633,1.0797571850988277,0.0,0.0,0.0,1.0,0.0,0.0,0.0,0.0,0.0,0.0,0.0,0.0,conditional_geodesic_error_gt_30deg,6.08742818102807,5.470606664433345e-14,euclidean_norm_of_cycle_coordinates,mean_over_successfully_projected_trials,False,,False,False,False,False,successful_trials_only,False,,,,,,,,
direction_check,deterministic_multisine,evaluation,tetrahedral,az45_el30,45.0,30.0,0.0,0.0,2048,all_6,1000,2000,2608556503,all_6_cycle_calibrated_no_rejection,plane,20.0,2000,0,1.0,0.0006982476339736003,-0.0045208501079486,0.00411552338642993,0.4249711582871958,0.3529940343529667,0.7399546429816575,0.8738482100889956,1.0943417993080202,0.8738482100889956,1.0943417993080202,0.0,0.0,0.0,1.0,0.0,0.0,0.0,0.0,0.0,0.0,0.0,0.0,conditional_geodesic_error_gt_30deg,6.097871693880186,5.5311336271119066e-14,euclidean_norm_of_cycle_coordinates,mean_over_successfully_projected_trials,True,,False,False,True,False,successful_trials_only,False,,,,,,,,
direction_check,deterministic_multisine,evaluation,tetrahedral,az45_el30,45.0,30.0,0.0,0.0,2048,all_6,1000,2000,2608556503,all_6_cycle_calibrated_hard_p05,plane,20.0,1998,2,0.999,-0.0008226972545787408,-0.003894691911766944,0.0035063192682603587,0.44140731075693623,0.3632382715704508,0.7722816728980345,0.9684664079994247,1.2988889598086133,0.9684664079994247,1.2988889598086133,0.0,0.0,0.0,0.999,0.001,0.001,0.0,0.0,0.05016666666666666,0.0,0.001,0.0,conditional_geodesic_error_gt_30deg,5.602769851980976,5.3081448694727014e-14,euclidean_norm_of_cycle_coordinates,mean_over_successfully_projected_trials,True,5.0,True,False,True,True,successful_trials_only,False,,,,,,,,
direction_check,deterministic_multisine,evaluation,tetrahedral,az45_el30,45.0,30.0,0.0,0.0,2048,all_6,1000,2000,2608556503,all_6_cycle_calibrated,plane,20.0,1992,8,0.996,-0.00011055716191339779,-0.004661174860665805,0.004172013735694171,0.45435262637200824,0.37255959894115187,0.7947896132843303,0.9918802191624204,1.298953172077743,0.9918802191624204,1.298953172077743,0.0,0.0,0.0,0.996,0.004,0.004,0.0,0.0,0.09633333333333333,0.0,0.004,0.0,conditional_geodesic_error_gt_30deg,5.12612860215495,5.1064236726929985e-14,euclidean_norm_of_cycle_coordinates,mean_over_successfully_projected_trials,True,10.0,True,False,True,True,successful_trials_only,False,,,,,,,,
direction_check,deterministic_multisine,evaluation,tetrahedral,az45_el30,45.0,30.0,0.0,0.0,2048,all_6,1000,2000,2608556503,all_6_cycle_calibrated_hard_p25,plane,20.0,1855,145,0.9275,0.0015344161219998265,-0.00326075625991547,0.0029702698036531434,0.506002063400392,0.4149438085517926,0.8748137942616542,1.1737787881598747,1.7020975799498201,1.1737787881598747,1.7020975799498201,0.0,0.0,0.0,0.9275,0.0725,0.0725,0.0,0.0,0.24425,0.0,0.0725,0.0,conditional_geodesic_error_gt_30deg,3.841584099616809,4.1214158219155655e-14,euclidean_norm_of_cycle_coordinates,mean_over_successfully_projected_trials,True,25.0,True,False,True,True,successful_trials_only,False,,,,,,,,
direction_check,deterministic_multisine,evaluation,tetrahedral,az45_el30,45.0,30.0,0.0,0.0,2048,all_6,1000,2000,2608556503,all_6_cycle_calibrated_hard_p50,plane,20.0,1167,833,0.5835,-0.009851942846861358,-0.011384026847840978,0.013717180724167818,0.5596414387995338,0.4537372283187811,0.9869219235685306,1.381076085268231,1.604310803944802,1.381076085268231,1.604310803944802,0.0,0.0,0.0,0.5835,0.4165,0.4165,0.0,0.0,0.5018333333333332,0.0,0.4165,0.0,conditional_geodesic_error_gt_30deg,2.051070206109689,2.46444826461425e-14,euclidean_norm_of_cycle_coordinates,mean_over_successfully_projected_trials,True,50.0,True,False,True,True,successful_trials_only,False,,,,,,,,
direction_check,deterministic_multisine,evaluation,tetrahedral,az45_el30,45.0,30.0,0.0,0.0,2048,all_6,1000,2000,2608556503,all_6_cycle_calibrated_soft,plane,20.0,2000,0,1.0,0.0005451170694450795,-0.004748831910582264,0.004337075165845757,0.4234859045514353,0.3558151232690348,0.7366045356484188,0.8806860968942274,1.1032829268739233,0.8806860968942274,1.1032829268739233,0.0,0.0,0.0,1.0,0.0,0.0,0.0,0.0,0.0,0.0,0.0,0.0,conditional_geodesic_error_gt_30deg,6.097871693880186,5.5648195193516956e-14,euclidean_norm_of_cycle_coordinates,mean_over_successfully_projected_trials,True,,False,True,True,True,successful_trials_only,False,,,,,,,,
direction_check,deterministic_multisine,evaluation,tetrahedral,az120_el50,120.0,50.0,0.0,0.0,2048,reference_3,1000,2000,3914747770,reference_3_equal,plane,20.0,2000,0,1.0,0.026306963434200897,-0.04514670031824394,0.04676622359311626,0.591814879708915,0.4817937785060231,1.044123383201494,1.3680835683619283,1.693350404637494,1.3680835683619283,1.693350404637494,0.0,0.0,0.0,1.0,0.0,0.0,0.0,0.0,0.0,0.0,0.0,0.0,conditional_geodesic_error_gt_30deg,0.0,0.0,euclidean_norm_of_cycle_coordinates,mean_over_successfully_projected_trials,False,,False,False,False,False,successful_trials_only,False,,,,,,,,
direction_check,deterministic_multisine,evaluation,tetrahedral,az120_el50,120.0,50.0,0.0,0.0,2048,all_6,1000,2000,3914747770,all_6_equal,plane,20.0,2000,0,1.0,0.017965479000007518,-0.029892118010141595,0.03124040801909113,0.4054177401830759,0.33371434388198185,0.6954231196085721,0.9050358605979909,1.1071171417023877,0.9050358605979909,1.1071171417023877,0.0,0.0,0.0,1.0,0.0,0.0,0.0,0.0,0.0,0.0,0.0,0.0,conditional_geodesic_error_gt_30deg,0.0,0.0,euclidean_norm_of_cycle_coordinates,mean_over_successfully_projected_trials,False,,False,False,False,False,successful_trials_only,False,,,,,,,,
direction_check,deterministic_multisine,evaluation,tetrahedral,az120_el50,120.0,50.0,0.0,0.0,2048,all_6,1000,2000,3914747770,all_6_cycle_equal,plane,20.0,2000,0,1.0,0.017965479000000905,-0.02989211801015938,0.03124040801909113,0.4054177401830701,0.33371434388198185,0.6954231196085721,0.9050358605979869,1.1071171417023877,0.9050358605979869,1.1071171417023877,0.0,0.0,0.0,1.0,0.0,0.0,0.0,0.0,0.0,0.0,0.0,0.0,conditional_geodesic_error_gt_30deg,5.609751703153179,1.107235858014308e-13,euclidean_norm_of_cycle_coordinates,mean_over_successfully_projected_trials,False,,False,False,False,False,successful_trials_only,False,,,,,,,,
direction_check,deterministic_multisine,evaluation,tetrahedral,az120_el50,120.0,50.0,0.0,0.0,2048,all_6,1000,2000,3914747770,all_6_cycle_calibrated_no_rejection,plane,20.0,2000,0,1.0,0.013584393034656762,-0.0013878765969401355,0.008720385310063049,0.40305388639313405,0.33467945139453936,0.6818757888933153,0.8943359475326444,1.098028384288691,0.8943359475326444,1.098028384288691,0.0,0.0,0.0,1.0,0.0,0.0,0.0,0.0,0.0,0.0,0.0,0.0,conditional_geodesic_error_gt_30deg,5.604753612239905,1.1096769762141004e-13,euclidean_norm_of_cycle_coordinates,mean_over_successfully_projected_trials,True,,False,False,True,False,successful_trials_only,False,,,,,,,,
direction_check,deterministic_multisine,evaluation,tetrahedral,az120_el50,120.0,50.0,0.0,0.0,2048,all_6,1000,2000,3914747770,all_6_cycle_calibrated_hard_p05,plane,20.0,2000,0,1.0,0.009348840011109421,-0.005460843957072866,0.007522194458529826,0.41470428059903114,0.3445736900784844,0.7144509427281963,0.9270083041793009,1.257617502398962,0.9270083041793009,1.257617502398962,0.0,0.0,0.0,1.0,0.0,0.0,0.0,0.0,0.049166666666666664,0.0,0.0,0.0,conditional_geodesic_error_gt_30deg,5.1934332686890965,1.1068172658062126e-13,euclidean_norm_of_cycle_coordinates,mean_over_successfully_projected_trials,True,5.0,True,False,True,True,successful_trials_only,False,,,,,,,,
direction_check,deterministic_multisine,evaluation,tetrahedral,az120_el50,120.0,50.0,0.0,0.0,2048,all_6,1000,2000,3914747770,all_6_cycle_calibrated,plane,20.0,1989,11,0.9945,0.005612499021209369,-0.008128322480581849,0.00800231755310624,0.4303262580343562,0.35583707556670285,0.7599024280405072,0.9591341263952816,1.2578296401276843,0.9591341263952816,1.2578296401276843,0.0,0.0,0.0,0.9945,0.0055,0.0055,0.0,0.0,0.09616666666666665,0.0,0.0055,0.0,conditional_geodesic_error_gt_30deg,4.7897854663804615,1.0638087432799529e-13,euclidean_norm_of_cycle_coordinates,mean_over_successfully_projected_trials,True,10.0,True,False,True,True,successful_trials_only,False,,,,,,,,
direction_check,deterministic_multisine,evaluation,tetrahedral,az120_el50,120.0,50.0,0.0,0.0,2048,all_6,1000,2000,3914747770,all_6_cycle_calibrated_hard_p25,plane,20.0,1870,130,0.935,0.014821406734443175,-0.022422343987982932,0.02332643983145524,0.4736437222224696,0.38508158625232713,0.8416060983576987,1.1105329201740333,1.4555766017484637,1.1105329201740333,1.4555766017484637,0.0,0.0,0.0,0.935,0.065,0.065,0.0,0.0,0.2379166666666667,0.0,0.065,0.0,conditional_geodesic_error_gt_30deg,3.648517228606614,8.589090526178269e-14,euclidean_norm_of_cycle_coordinates,mean_over_successfully_projected_trials,True,25.0,True,False,True,True,successful_trials_only,False,,,,,,,,
direction_check,deterministic_multisine,evaluation,tetrahedral,az120_el50,120.0,50.0,0.0,0.0,2048,all_6,1000,2000,3914747770,all_6_cycle_calibrated_hard_p50,plane,20.0,1134,866,0.567,0.03902598568359352,-0.04154921498324694,0.04740810256952468,0.5462945564557794,0.44626864533600963,0.943633666000524,1.2560571263873168,1.9058017513522572,1.2560571263873168,1.9058017513522572,0.0,0.0,0.0,0.567,0.433,0.433,0.0,0.0,0.5030833333333333,0.0,0.433,0.0,conditional_geodesic_error_gt_30deg,1.9730779414936437,4.8700756556392526e-14,euclidean_norm_of_cycle_coordinates,mean_over_successfully_projected_trials,True,50.0,True,False,True,True,successful_trials_only,False,,,,,,,,
direction_check,deterministic_multisine,evaluation,tetrahedral,az120_el50,120.0,50.0,0.0,0.0,2048,all_6,1000,2000,3914747770,all_6_cycle_calibrated_soft,plane,20.0,2000,0,1.0,0.01406176144249857,-0.003889953575085569,0.00952504579126934,0.40353412400915784,0.33577479271596583,0.6911776630336993,0.8896527874308721,1.092150027442115,0.8896527874308721,1.092150027442115,0.0,0.0,0.0,1.0,0.0,0.0,0.0,0.0,0.0,0.0,0.0,0.0,conditional_geodesic_error_gt_30deg,5.604753612239905,1.1172509886082046e-13,euclidean_norm_of_cycle_coordinates,mean_over_successfully_projected_trials,True,,False,True,True,True,successful_trials_only,False,,,,,,,,
frame_length,deterministic_multisine,evaluation,tetrahedral,az45_el30,45.0,30.0,-5.0,-5.0,1024,reference_3,1000,2000,2349133525,reference_3_equal,plane,20.0,2000,0,1.0,-0.02593737807558259,0.06810708126991093,0.13139548869599185,4.872187668891116,1.2610116947357186,3.1242332725603825,7.614639685239504,78.98534656531885,7.614639685239504,78.98534656531885,0.0155,0.0085,0.005,1.0,0.0,0.0,0.0,0.0,0.0,0.0,0.0,0.005,conditional_geodesic_error_gt_30deg,0.0,0.0,euclidean_norm_of_cycle_coordinates,mean_over_successfully_projected_trials,False,,False,False,False,False,successful_trials_only,False,,,,,,,,
frame_length,deterministic_multisine,evaluation,tetrahedral,az45_el30,45.0,30.0,-5.0,-5.0,1024,all_6,1000,2000,2349133525,all_6_equal,plane,20.0,2000,0,1.0,0.03727408139209844,0.07195288808552237,0.07299685554066643,3.0028864372409605,0.687564336902175,1.5703963068639393,2.5162575447832114,53.99806697847711,2.5162575447832114,53.99806697847711,0.007,0.004,0.0025,1.0,0.0,0.0,0.0,0.0,0.0,0.0,0.0,0.0025,conditional_geodesic_error_gt_30deg,0.0,0.0,euclidean_norm_of_cycle_coordinates,mean_over_successfully_projected_trials,False,,False,False,False,False,successful_trials_only,False,,,,,,,,
frame_length,deterministic_multisine,evaluation,tetrahedral,az45_el30,45.0,30.0,-5.0,-5.0,1024,all_6,1000,2000,2349133525,all_6_cycle_equal,plane,20.0,2000,0,1.0,0.037274081392101685,0.07195288808552003,0.07299685554066643,3.0028864372409587,0.6875643369019099,1.5703963068639393,2.516257544783066,53.99806697847711,2.516257544783066,53.99806697847711,0.007,0.004,0.0025,1.0,0.0,0.0,0.0,0.0,0.0,0.0,0.0,0.0025,conditional_geodesic_error_gt_30deg,14.446551423373013,5.489023022266144e-14,euclidean_norm_of_cycle_coordinates,mean_over_successfully_projected_trials,False,,False,False,False,False,successful_trials_only,False,,,,,,,,
frame_length,deterministic_multisine,evaluation,tetrahedral,az45_el30,45.0,30.0,-5.0,-5.0,1024,all_6,1000,2000,2349133525,all_6_cycle_calibrated_no_rejection,plane,20.0,2000,0,1.0,0.21054525559958964,-0.03315083036049044,0.055509788431562256,5.601183944861962,0.7098886258920033,1.5443846940366281,2.240463898462992,140.4133767947433,2.240463898462992,140.4133767947433,0.004,0.002,0.0015,1.0,0.0,0.0,0.0,0.0,0.0,0.0,0.0,0.0015,conditional_geodesic_error_gt_30deg,14.682367277301822,5.536229252178478e-14,euclidean_norm_of_cycle_coordinates,mean_over_successfully_projected_trials,True,,False,False,True,False,successful_trials_only,False,,,,,,,,
frame_length,deterministic_multisine,evaluation,tetrahedral,az45_el30,45.0,30.0,-5.0,-5.0,1024,all_6,1000,2000,2349133525,all_6_cycle_calibrated_hard_p05,plane,20.0,1998,2,0.999,0.05028469567766986,0.015415988999170346,0.042586086136843455,2.7648925255470327,0.7050137762402154,1.5730334621017308,2.249157968003537,5.894059444787751,2.249157968003537,5.894059444787751,0.002002002002002002,0.001001001001001001,0.001001001001001001,0.999,0.001,0.001,0.0,0.0,0.05541666666666666,0.0,0.001,0.001001001001001001,conditional_geodesic_error_gt_30deg,11.000234113734393,5.303824463461501e-14,euclidean_norm_of_cycle_coordinates,mean_over_successfully_projected_trials,True,5.0,True,False,True,True,successful_trials_only,False,,,,,,,,
frame_length,deterministic_multisine,evaluation,tetrahedral,az45_el30,45.0,30.0,-5.0,-5.0,1024,all_6,1000,2000,2349133525,all_6_cycle_calibrated,plane,20.0,1984,16,0.992,-0.015354546468560973,0.022293995134938183,0.027759085935984206,0.9675018225287497,0.7281407682070005,1.7103654761772287,2.525106305207704,4.024969612406434,2.525106305207704,4.024969612406434,0.0010080645161290322,0.0,0.0,0.992,0.008,0.008,0.0,0.0,0.11008333333333332,0.0,0.008,0.0,conditional_geodesic_error_gt_30deg,9.48108872516825,4.973263409616328e-14,euclidean_norm_of_cycle_coordinates,mean_over_successfully_projected_trials,True,10.0,True,False,True,True,successful_trials_only,False,,,,,,,,
frame_length,deterministic_multisine,evaluation,tetrahedral,az45_el30,45.0,30.0,-5.0,-5.0,1024,all_6,1000,2000,2349133525,all_6_cycle_calibrated_hard_p25,plane,20.0,1835,165,0.9175,0.01868550558347899,0.004345294071686295,0.01963998571892625,1.16686640302469,0.7840307923737547,2.0203498895304377,3.1968447059671417,5.077441720531492,3.1968447059671417,5.077441720531492,0.0010899182561307902,0.0005449591280653951,0.0,0.9175,0.0825,0.0825,0.0,0.0,0.25366666666666665,0.0,0.0825,0.0,conditional_geodesic_error_gt_30deg,7.026125491662348,4.121747360132775e-14,euclidean_norm_of_cycle_coordinates,mean_over_successfully_projected_trials,True,25.0,True,False,True,True,successful_trials_only,False,,,,,,,,
frame_length,deterministic_multisine,evaluation,tetrahedral,az45_el30,45.0,30.0,-5.0,-5.0,1024,all_6,1000,2000,2349133525,all_6_cycle_calibrated_hard_p50,plane,20.0,1117,883,0.5585,-0.0018725539883099917,-0.03104205975156789,0.026272104142840626,1.3205457069027717,0.8604305787652573,2.459154880630787,4.504034546281246,6.97982353293938,4.504034546281246,6.97982353293938,0.0035810205908683975,0.0,0.0,0.5585,0.4415,0.4415,0.0,0.0,0.5126666666666667,0.0,0.4415,0.0,conditional_geodesic_error_gt_30deg,3.6147686072687875,2.40301529238038e-14,euclidean_norm_of_cycle_coordinates,mean_over_successfully_projected_trials,True,50.0,True,False,True,True,successful_trials_only,False,,,,,,,,
frame_length,deterministic_multisine,evaluation,tetrahedral,az45_el30,45.0,30.0,-5.0,-5.0,1024,all_6,1000,2000,2349133525,all_6_cycle_calibrated_soft,plane,20.0,2000,0,1.0,0.05362383789497386,0.01574744033322951,0.04725180401654347,3.413056618462529,0.7005020519408995,1.5241938601942366,2.123240616821009,17.32683672798483,2.123240616821009,17.32683672798483,0.0035,0.0015,0.0005,1.0,0.0,0.0,0.0,0.0,0.0,0.0,0.0,0.0005,conditional_geodesic_error_gt_30deg,14.682367277301822,5.59770925526247e-14,euclidean_norm_of_cycle_coordinates,mean_over_successfully_projected_trials,True,,False,True,True,True,successful_trials_only,False,,,,,,,,
frame_length,deterministic_multisine,evaluation,tetrahedral,az45_el30,45.0,30.0,0.0,0.0,1024,reference_3,1000,2000,429941297,reference_3_equal,plane,20.0,2000,0,1.0,0.015066959415471294,0.00044966920839268503,0.013187732651348313,0.8095434529308317,0.682395658562294,1.3803866130929472,1.7759485629757537,2.1305604259422304,1.7759485629757537,2.1305604259422304,0.0,0.0,0.0,1.0,0.0,0.0,0.0,0.0,0.0,0.0,0.0,0.0,conditional_geodesic_error_gt_30deg,0.0,0.0,euclidean_norm_of_cycle_coordinates,mean_over_successfully_projected_trials,False,,False,False,False,False,successful_trials_only,False,,,,,,,,
frame_length,deterministic_multisine,evaluation,tetrahedral,az45_el30,45.0,30.0,0.0,0.0,1024,all_6,1000,2000,429941297,all_6_equal,plane,20.0,2000,0,1.0,-0.00040310831298331033,0.018892852221698165,0.019342118946351107,0.4245643046646756,0.3589452155501081,0.7089665463850942,0.9015607069012028,1.1492048962994612,0.9015607069012028,1.1492048962994612,0.0,0.0,0.0,1.0,0.0,0.0,0.0,0.0,0.0,0.0,0.0,0.0,conditional_geodesic_error_gt_30deg,0.0,0.0,euclidean_norm_of_cycle_coordinates,mean_over_successfully_projected_trials,False,,False,False,False,False,successful_trials_only,False,,,,,,,,
frame_length,deterministic_multisine,evaluation,tetrahedral,az45_el30,45.0,30.0,0.0,0.0,1024,all_6,1000,2000,429941297,all_6_cycle_equal,plane,20.0,2000,0,1.0,-0.0004031083129807277,0.01889285222169609,0.01934211896519417,0.4245643046646628,0.35894521554960024,0.7089665463850942,0.9015607069008027,1.1492048962994612,0.9015607069008027,1.1492048962994612,0.0,0.0,0.0,1.0,0.0,0.0,0.0,0.0,0.0,0.0,0.0,0.0,conditional_geodesic_error_gt_30deg,5.673039779806993,5.4823570822373623e-14,euclidean_norm_of_cycle_coordinates,mean_over_successfully_projected_trials,False,,False,False,False,False,successful_trials_only,False,,,,,,,,
frame_length,deterministic_multisine,evaluation,tetrahedral,az45_el30,45.0,30.0,0.0,0.0,1024,all_6,1000,2000,429941297,all_6_cycle_calibrated_no_rejection,plane,20.0,2000,0,1.0,0.006605357853542441,0.012138479473274056,0.013826771028242132,0.4231167092645946,0.35392211172396837,0.7170449043356226,0.8868089060100851,1.146066147972967,0.8868089060100851,1.146066147972967,0.0,0.0,0.0,1.0,0.0,0.0,0.0,0.0,0.0,0.0,0.0,0.0,conditional_geodesic_error_gt_30deg,5.672212283984191,5.599829073411386e-14,euclidean_norm_of_cycle_coordinates,mean_over_successfully_projected_trials,True,,False,False,True,False,successful_trials_only,False,,,,,,,,
frame_length,deterministic_multisine,evaluation,tetrahedral,az45_el30,45.0,30.0,0.0,0.0,1024,all_6,1000,2000,429941297,all_6_cycle_calibrated_hard_p05,plane,20.0,1998,2,0.999,0.007023336593080756,0.013133241428238308,0.014899311599705877,0.4406117524306923,0.3704492486226341,0.7572714210435697,0.9665257928341274,1.4506851829854397,0.9665257928341274,1.4506851829854397,0.0,0.0,0.0,0.999,0.001,0.001,0.0,0.0,0.05233333333333333,0.0,0.001,0.0,conditional_geodesic_error_gt_30deg,5.194793118974797,5.2917007115604485e-14,euclidean_norm_of_cycle_coordinates,mean_over_successfully_projected_trials,True,5.0,True,False,True,True,successful_trials_only,False,,,,,,,,
frame_length,deterministic_multisine,evaluation,tetrahedral,az45_el30,45.0,30.0,0.0,0.0,1024,all_6,1000,2000,429941297,all_6_cycle_calibrated,plane,20.0,1988,12,0.994,0.008551191483203859,0.01605596366437453,0.01812417206081956,0.45312249292365664,0.38051055206836476,0.7702455073655378,1.0143455748763623,1.4809578284713691,1.0143455748763623,1.4809578284713691,0.0,0.0,0.0,0.994,0.006,0.006,0.0,0.0,0.10066666666666665,0.0,0.006,0.0,conditional_geodesic_error_gt_30deg,4.779518684248182,5.059341938184231e-14,euclidean_norm_of_cycle_coordinates,mean_over_successfully_projected_trials,True,10.0,True,False,True,True,successful_trials_only,False,,,,,,,,
frame_length,deterministic_multisine,evaluation,tetrahedral,az45_el30,45.0,30.0,0.0,0.0,1024,all_6,1000,2000,429941297,all_6_cycle_calibrated_hard_p25,plane,20.0,1845,155,0.9225,0.00593435897818703,0.02890486066667461,0.0299296286761224,0.5076366536253202,0.4127426798052106,0.8618115062781598,1.1086422108159315,1.5645557730453246,1.1086422108159315,1.5645557730453246,0.0,0.0,0.0,0.9225,0.0775,0.0775,0.0,0.0,0.25866666666666666,0.0,0.0775,0.0,conditional_geodesic_error_gt_30deg,3.41765706643405,4.0094101787875236e-14,euclidean_norm_of_cycle_coordinates,mean_over_successfully_projected_trials,True,25.0,True,False,True,True,successful_trials_only,False,,,,,,,,
frame_length,deterministic_multisine,evaluation,tetrahedral,az45_el30,45.0,30.0,0.0,0.0,1024,all_6,1000,2000,429941297,all_6_cycle_calibrated_hard_p50,plane,20.0,1150,850,0.575,0.014025548722443937,0.0357000022376951,0.038269875042260336,0.5567096687135243,0.4550227149731634,0.9662125113278898,1.3257046577373748,1.686365369792625,1.3257046577373748,1.686365369792625,0.0,0.0,0.0,0.575,0.425,0.425,0.0,0.0,0.5055833333333334,0.0,0.425,0.0,conditional_geodesic_error_gt_30deg,1.6936287939435644,2.5186944986892368e-14,euclidean_norm_of_cycle_coordinates,mean_over_successfully_projected_trials,True,50.0,True,False,True,True,successful_trials_only,False,,,,,,,,
frame_length,deterministic_multisine,evaluation,tetrahedral,az45_el30,45.0,30.0,0.0,0.0,1024,all_6,1000,2000,429941297,all_6_cycle_calibrated_soft,plane,20.0,2000,0,1.0,0.00660913313432171,0.013208048094541581,0.01479901138005697,0.42318994822247813,0.35674357882852664,0.70962401735572,0.8854159650836715,1.1388861350105548,0.8854159650836715,1.1388861350105548,0.0,0.0,0.0,1.0,0.0,0.0,0.0,0.0,0.0,0.0,0.0,0.0,conditional_geodesic_error_gt_30deg,5.672212283984191,5.633190038768037e-14,euclidean_norm_of_cycle_coordinates,mean_over_successfully_projected_trials,True,,False,True,True,True,successful_trials_only,False,,,,,,,,
frame_length,deterministic_multisine,evaluation,tetrahedral,az45_el30,45.0,30.0,5.0,5.0,1024,reference_3,1000,2000,3619201144,reference_3_equal,plane,20.0,2000,0,1.0,-0.004018882091967493,-0.024176848975531615,0.02376527296405983,0.5155722108781234,0.42543896405366954,0.87265405919826,1.0733801025678933,1.2972620764597986,1.0733801025678933,1.2972620764597986,0.0,0.0,0.0,1.0,0.0,0.0,0.0,0.0,0.0,0.0,0.0,0.0,conditional_geodesic_error_gt_30deg,0.0,0.0,euclidean_norm_of_cycle_coordinates,mean_over_successfully_projected_trials,False,,False,False,False,False,successful_trials_only,False,,,,,,,,
frame_length,deterministic_multisine,evaluation,tetrahedral,az45_el30,45.0,30.0,5.0,5.0,1024,all_6,1000,2000,3619201144,all_6_equal,plane,20.0,2000,0,1.0,0.0019010825134618903,0.00444276824484598,0.004876768670628276,0.25036258175270854,0.2114831555521155,0.43713199964524496,0.5247270946904871,0.6528583036537146,0.5247270946904871,0.6528583036537146,0.0,0.0,0.0,1.0,0.0,0.0,0.0,0.0,0.0,0.0,0.0,0.0,conditional_geodesic_error_gt_30deg,0.0,0.0,euclidean_norm_of_cycle_coordinates,mean_over_successfully_projected_trials,False,,False,False,False,False,successful_trials_only,False,,,,,,,,
frame_length,deterministic_multisine,evaluation,tetrahedral,az45_el30,45.0,30.0,5.0,5.0,1024,all_6,1000,2000,3619201144,all_6_cycle_equal,plane,20.0,2000,0,1.0,0.0019010825134643204,0.004442768244843718,0.0048767685958933955,0.25036258175271653,0.21148315555211475,0.4371319996452034,0.5247270946898062,0.6528583036537146,0.5247270946898062,0.6528583036537146,0.0,0.0,0.0,1.0,0.0,0.0,0.0,0.0,0.0,0.0,0.0,0.0,conditional_geodesic_error_gt_30deg,3.406268365421529,5.5119029902002284e-14,euclidean_norm_of_cycle_coordinates,mean_over_successfully_projected_trials,False,,False,False,False,False,successful_trials_only,False,,,,,,,,
frame_length,deterministic_multisine,evaluation,tetrahedral,az45_el30,45.0,30.0,5.0,5.0,1024,all_6,1000,2000,3619201144,all_6_cycle_calibrated_no_rejection,plane,20.0,2000,0,1.0,0.01207865122467882,-0.003159791834732481,0.010877148176650926,0.24601695159147616,0.20890960821991936,0.42515993356988513,0.5287421736122428,0.679972132391416,0.5287421736122428,0.679972132391416,0.0,0.0,0.0,1.0,0.0,0.0,0.0,0.0,0.0,0.0,0.0,0.0,conditional_geodesic_error_gt_30deg,3.4078464208060946,5.6010554063854864e-14,euclidean_norm_of_cycle_coordinates,mean_over_successfully_projected_trials,True,,False,False,True,False,successful_trials_only,False,,,,,,,,
frame_length,deterministic_multisine,evaluation,tetrahedral,az45_el30,45.0,30.0,5.0,5.0,1024,all_6,1000,2000,3619201144,all_6_cycle_calibrated_hard_p05,plane,20.0,1998,2,0.999,0.012077294610358658,0.0007302884821486588,0.010493164022749286,0.251637879954827,0.21185320969495663,0.4358617773024189,0.5515314863704398,0.6746246527915333,0.5515314863704398,0.6746246527915333,0.0,0.0,0.0,0.999,0.001,0.001,0.0,0.0,0.0485,0.0,0.001,0.0,conditional_geodesic_error_gt_30deg,3.0847442919654697,5.278770640234415e-14,euclidean_norm_of_cycle_coordinates,mean_over_successfully_projected_trials,True,5.0,True,False,True,True,successful_trials_only,False,,,,,,,,
frame_length,deterministic_multisine,evaluation,tetrahedral,az45_el30,45.0,30.0,5.0,5.0,1024,all_6,1000,2000,3619201144,all_6_cycle_calibrated,plane,20.0,1989,11,0.9945,0.014787802665025853,0.002120190869080719,0.013003732877842133,0.25970260109302806,0.21435149445947466,0.45359347401748734,0.6021713354873185,0.7969322116843022,0.6021713354873185,0.7969322116843022,0.0,0.0,0.0,0.9945,0.0055,0.0055,0.0,0.0,0.09383333333333334,0.0,0.0055,0.0,conditional_geodesic_error_gt_30deg,2.831850586189731,5.007051817621269e-14,euclidean_norm_of_cycle_coordinates,mean_over_successfully_projected_trials,True,10.0,True,False,True,True,successful_trials_only,False,,,,,,,,
frame_length,deterministic_multisine,evaluation,tetrahedral,az45_el30,45.0,30.0,5.0,5.0,1024,all_6,1000,2000,3619201144,all_6_cycle_calibrated_hard_p25,plane,20.0,1858,142,0.929,0.015246033370872231,0.011502754811418698,0.017604409074591435,0.28367546992598774,0.23116667247964987,0.49423748169876597,0.6387906080300259,1.015375083469403,0.6387906080300259,1.015375083469403,0.0,0.0,0.0,0.929,0.071,0.071,0.0,0.0,0.24391666666666667,0.0,0.071,0.0,conditional_geodesic_error_gt_30deg,2.0890960147698476,4.1140879087068025e-14,euclidean_norm_of_cycle_coordinates,mean_over_successfully_projected_trials,True,25.0,True,False,True,True,successful_trials_only,False,,,,,,,,
frame_length,deterministic_multisine,evaluation,tetrahedral,az45_el30,45.0,30.0,5.0,5.0,1024,all_6,1000,2000,3619201144,all_6_cycle_calibrated_hard_p50,plane,20.0,1176,824,0.588,0.006743293606838404,0.03528431956867897,0.03593325641254409,0.3340294569243104,0.27887266388917387,0.5643722340217294,0.7502423187816312,1.0243369182297029,0.7502423187816312,1.0243369182297029,0.0,0.0,0.0,0.588,0.412,0.412,0.0,0.0,0.49916666666666665,0.0,0.412,0.0,conditional_geodesic_error_gt_30deg,1.0538361214284713,2.3228143374211884e-14,euclidean_norm_of_cycle_coordinates,mean_over_successfully_projected_trials,True,50.0,True,False,True,True,successful_trials_only,False,,,,,,,,
frame_length,deterministic_multisine,evaluation,tetrahedral,az45_el30,45.0,30.0,5.0,5.0,1024,all_6,1000,2000,3619201144,all_6_cycle_calibrated_soft,plane,20.0,2000,0,1.0,0.012256823359140419,-0.0013954728597741649,0.010680703006781945,0.24592149391660814,0.20891919048044674,0.4240117631684888,0.5227409560854759,0.6676508760228144,0.5227409560854759,0.6676508760228144,0.0,0.0,0.0,1.0,0.0,0.0,0.0,0.0,0.0,0.0,0.0,0.0,conditional_geodesic_error_gt_30deg,3.4078464208060946,5.538945850105189e-14,euclidean_norm_of_cycle_coordinates,mean_over_successfully_projected_trials,True,,False,True,True,True,successful_trials_only,False,,,,,,,,
frame_length,deterministic_multisine,evaluation,tetrahedral,az45_el30,45.0,30.0,10.0,10.0,1024,reference_3,1000,2000,1028500913,reference_3_equal,plane,20.0,2000,0,1.0,0.0015709938411908623,-0.032625682112781815,0.03239400054840448,0.33271098100547236,0.2758173213520779,0.5672056352537963,0.7212501901627302,0.9037561957777794,0.7212501901627302,0.9037561957777794,0.0,0.0,0.0,1.0,0.0,0.0,0.0,0.0,0.0,0.0,0.0,0.0,conditional_geodesic_error_gt_30deg,0.0,0.0,euclidean_norm_of_cycle_coordinates,mean_over_successfully_projected_trials,False,,False,False,False,False,successful_trials_only,False,,,,,,,,
frame_length,deterministic_multisine,evaluation,tetrahedral,az45_el30,45.0,30.0,10.0,10.0,1024,all_6,1000,2000,1028500913,all_6_equal,plane,20.0,2000,0,1.0,0.0006063132878814456,0.0030124886764594217,0.003110675159129149,0.14786009495487903,0.12249344047330005,0.26329969603141623,0.31146882240293905,0.38223282702379546,0.31146882240293905,0.38223282702379546,0.0,0.0,0.0,1.0,0.0,0.0,0.0,0.0,0.0,0.0,0.0,0.0,conditional_geodesic_error_gt_30deg,0.0,0.0,euclidean_norm_of_cycle_coordinates,mean_over_successfully_projected_trials,False,,False,False,False,False,successful_trials_only,False,,,,,,,,
frame_length,deterministic_multisine,evaluation,tetrahedral,az45_el30,45.0,30.0,10.0,10.0,1024,all_6,1000,2000,1028500913,all_6_cycle_equal,plane,20.0,2000,0,1.0,0.0006063132878836465,0.003012488676457192,0.0031106750419633545,0.14786009495488273,0.12249344047330005,0.2632996960312779,0.31146882240293905,0.38223282702379546,0.31146882240293905,0.38223282702379546,0.0,0.0,0.0,1.0,0.0,0.0,0.0,0.0,0.0,0.0,0.0,0.0,conditional_geodesic_error_gt_30deg,2.1955029138261817,5.453702023488868e-14,euclidean_norm_of_cycle_coordinates,mean_over_successfully_projected_trials,False,,False,False,False,False,successful_trials_only,False,,,,,,,,
frame_length,deterministic_multisine,evaluation,tetrahedral,az45_el30,45.0,30.0,10.0,10.0,1024,all_6,1000,2000,1028500913,all_6_cycle_calibrated_no_rejection,plane,20.0,2000,0,1.0,0.0003109907554258215,-0.012341416106419052,0.012291732241230317,0.14657641205005406,0.12025176441822281,0.2579850647454213,0.30826983690656357,0.3677327385737846,0.30826983690656357,0.3677327385737846,0.0,0.0,0.0,1.0,0.0,0.0,0.0,0.0,0.0,0.0,0.0,0.0,conditional_geodesic_error_gt_30deg,2.189544621918251,5.5976210929737484e-14,euclidean_norm_of_cycle_coordinates,mean_over_successfully_projected_trials,True,,False,False,True,False,successful_trials_only,False,,,,,,,,
frame_length,deterministic_multisine,evaluation,tetrahedral,az45_el30,45.0,30.0,10.0,10.0,1024,all_6,1000,2000,1028500913,all_6_cycle_calibrated_hard_p05,plane,20.0,1998,2,0.999,9.709691319429422e-05,-0.007054781518142543,0.00700522265710305,0.14832794412169534,0.12134210329543693,0.2595630379010521,0.32338830310658395,0.3994062663934084,0.32338830310658395,0.3994062663934084,0.0,0.0,0.0,0.999,0.001,0.001,0.0,0.0,0.04983333333333333,0.0,0.001,0.0,conditional_geodesic_error_gt_30deg,1.9639713049906078,5.3210996680985734e-14,euclidean_norm_of_cycle_coordinates,mean_over_successfully_projected_trials,True,5.0,True,False,True,True,successful_trials_only,False,,,,,,,,
frame_length,deterministic_multisine,evaluation,tetrahedral,az45_el30,45.0,30.0,10.0,10.0,1024,all_6,1000,2000,1028500913,all_6_cycle_calibrated,plane,20.0,1988,12,0.994,-9.643537952495822e-05,-0.003917880018145675,0.003866473618737482,0.15277516485162457,0.12138428906359554,0.2695564186051057,0.34818006671866386,0.4435284071378569,0.34818006671866386,0.4435284071378569,0.0,0.0,0.0,0.994,0.006,0.006,0.0,0.0,0.09791666666666665,0.0,0.006,0.0,conditional_geodesic_error_gt_30deg,1.7915226026885258,5.07015885023566e-14,euclidean_norm_of_cycle_coordinates,mean_over_successfully_projected_trials,True,10.0,True,False,True,True,successful_trials_only,False,,,,,,,,
frame_length,deterministic_multisine,evaluation,tetrahedral,az45_el30,45.0,30.0,10.0,10.0,1024,all_6,1000,2000,1028500913,all_6_cycle_calibrated_hard_p25,plane,20.0,1844,156,0.922,-0.0022548187374114683,0.008766478693986654,0.009035927219322164,0.1708287558148975,0.13082350850514243,0.31677856966437573,0.40139771224512516,0.5135677683961942,0.40139771224512516,0.5135677683961942,0.0,0.0,0.0,0.922,0.078,0.078,0.0,0.0,0.25958333333333333,0.0,0.078,0.0,conditional_geodesic_error_gt_30deg,1.2760975046741172,4.111470329505891e-14,euclidean_norm_of_cycle_coordinates,mean_over_successfully_projected_trials,True,25.0,True,False,True,True,successful_trials_only,False,,,,,,,,
frame_length,deterministic_multisine,evaluation,tetrahedral,az45_el30,45.0,30.0,10.0,10.0,1024,all_6,1000,2000,1028500913,all_6_cycle_calibrated_hard_p50,plane,20.0,1100,900,0.55,0.0031942113679709946,0.04515924152399929,0.04530572719531836,0.2033111782627531,0.15798730022429722,0.37228598112134187,0.4643857542800159,0.5312134460455595,0.4643857542800159,0.5312134460455595,0.0,0.0,0.0,0.55,0.45,0.45,0.0,0.0,0.5160833333333332,0.0,0.45,0.0,conditional_geodesic_error_gt_30deg,0.705131653514948,2.5648964713190714e-14,euclidean_norm_of_cycle_coordinates,mean_over_successfully_projected_trials,True,50.0,True,False,True,True,successful_trials_only,False,,,,,,,,
frame_length,deterministic_multisine,evaluation,tetrahedral,az45_el30,45.0,30.0,10.0,10.0,1024,all_6,1000,2000,1028500913,all_6_cycle_calibrated_soft,plane,20.0,2000,0,1.0,0.00016484763122584146,-0.010158772549855088,0.010108354189838598,0.1466270465025792,0.11998986807550488,0.2605249053575252,0.31069312668490434,0.3661177923574784,0.31069312668490434,0.3661177923574784,0.0,0.0,0.0,1.0,0.0,0.0,0.0,0.0,0.0,0.0,0.0,0.0,conditional_geodesic_error_gt_30deg,2.189544621918251,5.544335430050552e-14,euclidean_norm_of_cycle_coordinates,mean_over_successfully_projected_trials,True,,False,True,True,True,successful_trials_only,False,,,,,,,,
frame_length,deterministic_multisine,evaluation,tetrahedral,az45_el30,45.0,30.0,-5.0,-5.0,2048,reference_3,1000,2000,1917843046,reference_3_equal,plane,20.0,2000,0,1.0,-0.018698815050571957,-0.006384090025251619,0.05971992285865003,2.732313063842828,1.126642055790602,2.47633417565815,3.1813186813607737,35.390717655411486,3.1813186813607737,35.390717655411486,0.004,0.003,0.0015,1.0,0.0,0.0,0.0,0.0,0.0,0.0,0.0,0.0015,conditional_geodesic_error_gt_30deg,0.0,0.0,euclidean_norm_of_cycle_coordinates,mean_over_successfully_projected_trials,False,,False,False,False,False,successful_trials_only,False,,,,,,,,
frame_length,deterministic_multisine,evaluation,tetrahedral,az45_el30,45.0,30.0,-5.0,-5.0,2048,all_6,1000,2000,1917843046,all_6_equal,plane,20.0,2000,0,1.0,0.04036268297424942,0.014640461645484742,0.04016165846826316,1.7099669976756813,0.6290435562825373,1.3344896896560339,1.8922440331426134,24.605239690694624,1.8922440331426134,24.605239690694624,0.0035,0.003,0.001,1.0,0.0,0.0,0.0,0.0,0.0,0.0,0.0,0.001,conditional_geodesic_error_gt_30deg,0.0,0.0,euclidean_norm_of_cycle_coordinates,mean_over_successfully_projected_trials,False,,False,False,False,False,successful_trials_only,False,,,,,,,,
frame_length,deterministic_multisine,evaluation,tetrahedral,az45_el30,45.0,30.0,-5.0,-5.0,2048,all_6,1000,2000,1917843046,all_6_cycle_equal,plane,20.0,2000,0,1.0,0.04036268297425113,0.014640461645482664,0.0401616584773381,1.709966997675683,0.629043556282827,1.3344896896557743,1.8922440331426118,24.605239690694656,1.8922440331426118,24.605239690694656,0.0035,0.003,0.001,1.0,0.0,0.0,0.0,0.0,0.0,0.0,0.0,0.001,conditional_geodesic_error_gt_30deg,12.11491354446159,5.5279144849677223e-14,euclidean_norm_of_cycle_coordinates,mean_over_successfully_projected_trials,False,,False,False,False,False,successful_trials_only,False,,,,,,,,
frame_length,deterministic_multisine,evaluation,tetrahedral,az45_el30,45.0,30.0,-5.0,-5.0,2048,all_6,1000,2000,1917843046,all_6_cycle_calibrated_no_rejection,plane,20.0,2000,0,1.0,-0.08930338480284528,-0.016378980791284258,0.009005999376572996,2.3016624328878534,0.7881748576202695,1.7781810996050422,2.3715365345184,25.558854269791347,2.3715365345184,25.558854269791347,0.0045,0.002,0.001,1.0,0.0,0.0,0.0,0.0,0.0,0.0,0.0,0.001,conditional_geodesic_error_gt_30deg,12.151274151842088,5.634771681340121e-14,euclidean_norm_of_cycle_coordinates,mean_over_successfully_projected_trials,True,,False,False,True,False,successful_trials_only,False,,,,,,,,
frame_length,deterministic_multisine,evaluation,tetrahedral,az45_el30,45.0,30.0,-5.0,-5.0,2048,all_6,1000,2000,1917843046,all_6_cycle_calibrated_hard_p05,plane,20.0,1997,3,0.9985,-0.01965868588167508,-0.027339740921714446,0.03093313482155001,0.9958286038156869,0.7926686105569188,1.7653410478169262,2.3496612210613135,3.4539643380952074,2.3496612210613135,3.4539643380952074,0.0,0.0,0.0,0.9985,0.0015,0.0015,0.0,0.0,0.05033333333333333,0.0,0.0015,0.0,conditional_geodesic_error_gt_30deg,9.755189476968122,5.167638121396601e-14,euclidean_norm_of_cycle_coordinates,mean_over_successfully_projected_trials,True,5.0,True,False,True,True,successful_trials_only,False,,,,,,,,
frame_length,deterministic_multisine,evaluation,tetrahedral,az45_el30,45.0,30.0,-5.0,-5.0,2048,all_6,1000,2000,1917843046,all_6_cycle_calibrated,plane,20.0,1988,12,0.994,-0.01713584636805853,-0.024625095546676464,0.02734636004658865,1.0595139769180912,0.8002184971187682,1.8960739234197557,2.6075694866621277,4.456436660013695,2.6075694866621277,4.456436660013695,0.0005030181086519115,0.0,0.0,0.994,0.006,0.006,0.0,0.0,0.10816666666666666,0.0,0.006,0.0,conditional_geodesic_error_gt_30deg,8.68112695010945,4.904296974058876e-14,euclidean_norm_of_cycle_coordinates,mean_over_successfully_projected_trials,True,10.0,True,False,True,True,successful_trials_only,False,,,,,,,,
frame_length,deterministic_multisine,evaluation,tetrahedral,az45_el30,45.0,30.0,-5.0,-5.0,2048,all_6,1000,2000,1917843046,all_6_cycle_calibrated_hard_p25,plane,20.0,1856,144,0.928,-0.014940025936529839,-0.02797031020890112,0.02885303759532808,1.132157060629368,0.8535468985730705,2.089982266878612,2.892464961381482,4.462602520418597,2.892464961381482,4.462602520418597,0.0,0.0,0.0,0.928,0.072,0.072,0.0,0.0,0.24974999999999997,0.0,0.072,0.0,conditional_geodesic_error_gt_30deg,6.286428975649395,3.989180910891725e-14,euclidean_norm_of_cycle_coordinates,mean_over_successfully_projected_trials,True,25.0,True,False,True,True,successful_trials_only,False,,,,,,,,
frame_length,deterministic_multisine,evaluation,tetrahedral,az45_el30,45.0,30.0,-5.0,-5.0,2048,all_6,1000,2000,1917843046,all_6_cycle_calibrated_hard_p50,plane,20.0,1140,860,0.57,-0.0343401610348724,-0.06251883293305761,0.06682387908034797,1.231327840068591,0.8898915477124824,2.337331918804445,3.2152138834177957,3.998890633314393,3.2152138834177957,3.998890633314393,0.0,0.0,0.0,0.57,0.43,0.43,0.0,0.0,0.5060833333333333,0.0,0.43,0.0,conditional_geodesic_error_gt_30deg,3.197900901799266,2.4321555982025872e-14,euclidean_norm_of_cycle_coordinates,mean_over_successfully_projected_trials,True,50.0,True,False,True,True,successful_trials_only,False,,,,,,,,
frame_length,deterministic_multisine,evaluation,tetrahedral,az45_el30,45.0,30.0,-5.0,-5.0,2048,all_6,1000,2000,1917843046,all_6_cycle_calibrated_soft,plane,20.0,2000,0,1.0,-0.09762042866254025,-0.014715367294436803,0.01247881075141742,2.14673761520123,0.7923068995954254,1.7602644758431658,2.349445607838316,20.440748055139363,2.349445607838316,20.440748055139363,0.004,0.002,0.001,1.0,0.0,0.0,0.0,0.0,0.0,0.0,0.0,0.001,conditional_geodesic_error_gt_30deg,12.151274151842088,5.5001120954742816e-14,euclidean_norm_of_cycle_coordinates,mean_over_successfully_projected_trials,True,,False,True,True,True,successful_trials_only,False,,,,,,,,
frame_length,deterministic_multisine,evaluation,tetrahedral,az45_el30,45.0,30.0,0.0,0.0,2048,reference_3,1000,2000,947951142,reference_3_equal,plane,20.0,2000,0,1.0,0.008038159606129433,0.01034558628717359,0.013697850036817944,0.7761853943099696,0.6381094065294439,1.3571382844458817,1.7102862344929024,1.9544514608855397,1.7102862344929024,1.9544514608855397,0.0,0.0,0.0,1.0,0.0,0.0,0.0,0.0,0.0,0.0,0.0,0.0,conditional_geodesic_error_gt_30deg,0.0,0.0,euclidean_norm_of_cycle_coordinates,mean_over_successfully_projected_trials,False,,False,False,False,False,successful_trials_only,False,,,,,,,,
frame_length,deterministic_multisine,evaluation,tetrahedral,az45_el30,45.0,30.0,0.0,0.0,2048,all_6,1000,2000,947951142,all_6_equal,plane,20.0,2000,0,1.0,0.00097969004003121,0.005910051548883231,0.006416234662356522,0.4288427667757685,0.3600277085818509,0.7452997417205435,0.9105184436490569,1.06667749367776,0.9105184436490569,1.06667749367776,0.0,0.0,0.0,1.0,0.0,0.0,0.0,0.0,0.0,0.0,0.0,0.0,conditional_geodesic_error_gt_30deg,0.0,0.0,euclidean_norm_of_cycle_coordinates,mean_over_successfully_projected_trials,False,,False,False,False,False,successful_trials_only,False,,,,,,,,
frame_length,deterministic_multisine,evaluation,tetrahedral,az45_el30,45.0,30.0,0.0,0.0,2048,all_6,1000,2000,947951142,all_6_cycle_equal,plane,20.0,2000,0,1.0,0.0009796900400333348,0.005910051548881141,0.006416234662356522,0.42884276677578803,0.36002770858235733,0.7452997417205678,0.9105184436498495,1.0666774936781014,0.9105184436498495,1.0666774936781014,0.0,0.0,0.0,1.0,0.0,0.0,0.0,0.0,0.0,0.0,0.0,0.0,conditional_geodesic_error_gt_30deg,6.073520618156413,5.5164053444036006e-14,euclidean_norm_of_cycle_coordinates,mean_over_successfully_projected_trials,False,,False,False,False,False,successful_trials_only,False,,,,,,,,
frame_length,deterministic_multisine,evaluation,tetrahedral,az45_el30,45.0,30.0,0.0,0.0,2048,all_6,1000,2000,947951142,all_6_cycle_calibrated_no_rejection,plane,20.0,2000,0,1.0,0.0015539761691764024,0.01590206707798956,0.01641210547026028,0.4304284796005872,0.3606026553675443,0.7479582165600558,0.9207002101063648,1.0547682557218248,0.9207002101063648,1.0547682557218248,0.0,0.0,0.0,1.0,0.0,0.0,0.0,0.0,0.0,0.0,0.0,0.0,conditional_geodesic_error_gt_30deg,6.080276499838135,5.602194284648645e-14,euclidean_norm_of_cycle_coordinates,mean_over_successfully_projected_trials,True,,False,False,True,False,successful_trials_only,False,,,,,,,,
frame_length,deterministic_multisine,evaluation,tetrahedral,az45_el30,45.0,30.0,0.0,0.0,2048,all_6,1000,2000,947951142,all_6_cycle_calibrated_hard_p05,plane,20.0,1997,3,0.9985,0.004634237995487075,0.017875362395063904,0.01877039047000457,0.4423718600398149,0.3697646760211744,0.7723769963759449,0.9612379834385638,1.1867564160812734,0.9612379834385638,1.1867564160812734,0.0,0.0,0.0,0.9985,0.0015,0.0015,0.0,0.0,0.045916666666666654,0.0,0.0015,0.0,conditional_geodesic_error_gt_30deg,5.636035173908895,5.3595451501531036e-14,euclidean_norm_of_cycle_coordinates,mean_over_successfully_projected_trials,True,5.0,True,False,True,True,successful_trials_only,False,,,,,,,,
frame_length,deterministic_multisine,evaluation,tetrahedral,az45_el30,45.0,30.0,0.0,0.0,2048,all_6,1000,2000,947951142,all_6_cycle_calibrated,plane,20.0,1991,9,0.9955,0.004984199705547398,0.018046778247649487,0.019023643965148575,0.4561251968832797,0.3799665750825531,0.7829140442525452,1.0095715146564987,1.4757479721476927,1.0095715146564987,1.4757479721476927,0.0,0.0,0.0,0.9955,0.0045,0.0045,0.0,0.0,0.08883333333333335,0.0,0.0045,0.0,conditional_geodesic_error_gt_30deg,5.218905575685706,5.0353928231411786e-14,euclidean_norm_of_cycle_coordinates,mean_over_successfully_projected_trials,True,10.0,True,False,True,True,successful_trials_only,False,,,,,,,,
frame_length,deterministic_multisine,evaluation,tetrahedral,az45_el30,45.0,30.0,0.0,0.0,2048,all_6,1000,2000,947951142,all_6_cycle_calibrated_hard_p25,plane,20.0,1857,143,0.9285,0.0055652085239946344,0.022768509930911247,0.023846698851347603,0.5057268081904102,0.39915396354030175,0.8779177962753593,1.1399153397072512,1.5777096664426409,1.1399153397072512,1.5777096664426409,0.0,0.0,0.0,0.9285,0.0715,0.0715,0.0,0.0,0.24783333333333332,0.0,0.0715,0.0,conditional_geodesic_error_gt_30deg,3.7887969476803502,4.060215131640964e-14,euclidean_norm_of_cycle_coordinates,mean_over_successfully_projected_trials,True,25.0,True,False,True,True,successful_trials_only,False,,,,,,,,
frame_length,deterministic_multisine,evaluation,tetrahedral,az45_el30,45.0,30.0,0.0,0.0,2048,all_6,1000,2000,947951142,all_6_cycle_calibrated_hard_p50,plane,20.0,1152,848,0.576,0.0024788106640457053,0.030798755082384895,0.03156712947964786,0.5620605571240637,0.45056510283353973,0.9797048136424391,1.2544280439523994,1.7206217114846918,1.2544280439523994,1.7206217114846918,0.0,0.0,0.0,0.576,0.424,0.424,0.0,0.0,0.50275,0.0,0.424,0.0,conditional_geodesic_error_gt_30deg,2.095028312123074,2.4719956364038465e-14,euclidean_norm_of_cycle_coordinates,mean_over_successfully_projected_trials,True,50.0,True,False,True,True,successful_trials_only,False,,,,,,,,
frame_length,deterministic_multisine,evaluation,tetrahedral,az45_el30,45.0,30.0,0.0,0.0,2048,all_6,1000,2000,947951142,all_6_cycle_calibrated_soft,plane,20.0,2000,0,1.0,0.002365217924161559,0.01635729116239743,0.016923025820305315,0.4290269964443874,0.36256832699432867,0.7423427684755304,0.9115941774592211,1.029092603450208,0.9115941774592211,1.029092603450208,0.0,0.0,0.0,1.0,0.0,0.0,0.0,0.0,0.0,0.0,0.0,0.0,conditional_geodesic_error_gt_30deg,6.080276499838135,5.596085272580905e-14,euclidean_norm_of_cycle_coordinates,mean_over_successfully_projected_trials,True,,False,True,True,True,successful_trials_only,False,,,,,,,,
frame_length,deterministic_multisine,evaluation,tetrahedral,az45_el30,45.0,30.0,5.0,5.0,2048,reference_3,1000,2000,2364570107,reference_3_equal,plane,20.0,2000,0,1.0,0.02121726420197209,-0.020457203584398266,0.027106309424534663,0.4496527815110689,0.3742640410382421,0.7883114348842284,0.9924499676441931,1.1696545015124935,0.9924499676441931,1.1696545015124935,0.0,0.0,0.0,1.0,0.0,0.0,0.0,0.0,0.0,0.0,0.0,0.0,conditional_geodesic_error_gt_30deg,0.0,0.0,euclidean_norm_of_cycle_coordinates,mean_over_successfully_projected_trials,False,,False,False,False,False,successful_trials_only,False,,,,,,,,
frame_length,deterministic_multisine,evaluation,tetrahedral,az45_el30,45.0,30.0,5.0,5.0,2048,all_6,1000,2000,2364570107,all_6_equal,plane,20.0,2000,0,1.0,0.008945189017321059,-0.00796429799700341,0.010988213749233392,0.2550968139033428,0.2107389993136305,0.4459061880687009,0.5612981219292607,0.668430989285842,0.5612981219292607,0.668430989285842,0.0,0.0,0.0,1.0,0.0,0.0,0.0,0.0,0.0,0.0,0.0,0.0,conditional_geodesic_error_gt_30deg,0.0,0.0,euclidean_norm_of_cycle_coordinates,mean_over_successfully_projected_trials,False,,False,False,False,False,successful_trials_only,False,,,,,,,,
frame_length,deterministic_multisine,evaluation,tetrahedral,az45_el30,45.0,30.0,5.0,5.0,2048,all_6,1000,2000,2364570107,all_6_cycle_equal,plane,20.0,2000,0,1.0,0.008945189017322585,-0.007964297997005525,0.010988213749233392,0.255096813903355,0.2107389993136304,0.44590618806866006,0.5612981219292607,0.6684309892858409,0.5612981219292607,0.6684309892858409,0.0,0.0,0.0,1.0,0.0,0.0,0.0,0.0,0.0,0.0,0.0,0.0,conditional_geodesic_error_gt_30deg,3.333243583023437,5.6182369982295547e-14,euclidean_norm_of_cycle_coordinates,mean_over_successfully_projected_trials,False,,False,False,False,False,successful_trials_only,False,,,,,,,,
frame_length,deterministic_multisine,evaluation,tetrahedral,az45_el30,45.0,30.0,5.0,5.0,2048,all_6,1000,2000,2364570107,all_6_cycle_calibrated_no_rejection,plane,20.0,2000,0,1.0,0.011340600017344443,-0.010214914465464202,0.014048674187464508,0.2550124745934748,0.2114320900776903,0.44486224337525854,0.5580096729293194,0.6501991710819875,0.5580096729293194,0.6501991710819875,0.0,0.0,0.0,1.0,0.0,0.0,0.0,0.0,0.0,0.0,0.0,0.0,conditional_geodesic_error_gt_30deg,3.3333894327635427,5.597593388381913e-14,euclidean_norm_of_cycle_coordinates,mean_over_successfully_projected_trials,True,,False,False,True,False,successful_trials_only,False,,,,,,,,
frame_length,deterministic_multisine,evaluation,tetrahedral,az45_el30,45.0,30.0,5.0,5.0,2048,all_6,1000,2000,2364570107,all_6_cycle_calibrated_hard_p05,plane,20.0,1999,1,0.9995,0.007992027383008901,-0.004746687872906984,0.008295128374275337,0.26252740562851895,0.215587909267553,0.46087485174792575,0.5690374094596844,0.6468966865773222,0.5690374094596844,0.6468966865773222,0.0,0.0,0.0,0.9995,0.0005,0.0005,0.0,0.0,0.04816666666666666,0.0,0.0005,0.0,conditional_geodesic_error_gt_30deg,3.0498524850851996,5.2965909525887873e-14,euclidean_norm_of_cycle_coordinates,mean_over_successfully_projected_trials,True,5.0,True,False,True,True,successful_trials_only,False,,,,,,,,
frame_length,deterministic_multisine,evaluation,tetrahedral,az45_el30,45.0,30.0,5.0,5.0,2048,all_6,1000,2000,2364570107,all_6_cycle_calibrated,plane,20.0,1991,9,0.9955,0.006793123851131207,-0.003700827735407483,0.00685324755067048,0.2694667593556721,0.22234324013271933,0.46901570606947224,0.5896439181638652,0.6865076559642125,0.5896439181638652,0.6865076559642125,0.0,0.0,0.0,0.9955,0.0045,0.0045,0.0,0.0,0.09766666666666665,0.0,0.0045,0.0,conditional_geodesic_error_gt_30deg,2.7781238560752364,5.03879115741901e-14,euclidean_norm_of_cycle_coordinates,mean_over_successfully_projected_trials,True,10.0,True,False,True,True,successful_trials_only,False,,,,,,,,
frame_length,deterministic_multisine,evaluation,tetrahedral,az45_el30,45.0,30.0,5.0,5.0,2048,all_6,1000,2000,2364570107,all_6_cycle_calibrated_hard_p25,plane,20.0,1864,136,0.932,0.0028738581918829804,0.003944340778584015,0.004796209920474957,0.2962213977697432,0.24121569311529598,0.5142611160331817,0.6579321806200199,0.8094237620809741,0.6579321806200199,0.8094237620809741,0.0,0.0,0.0,0.932,0.068,0.068,0.0,0.0,0.24725,0.0,0.068,0.0,conditional_geodesic_error_gt_30deg,2.0632740350045733,4.132724984222307e-14,euclidean_norm_of_cycle_coordinates,mean_over_successfully_projected_trials,True,25.0,True,False,True,True,successful_trials_only,False,,,,,,,,
frame_length,deterministic_multisine,evaluation,tetrahedral,az45_el30,45.0,30.0,5.0,5.0,2048,all_6,1000,2000,2364570107,all_6_cycle_calibrated_hard_p50,plane,20.0,1132,868,0.566,0.0006359110916655466,0.020718749757362792,0.02091595853211217,0.34442121863971514,0.287353610350964,0.584897323172197,0.7298474393040032,0.9244828396763135,0.7298474393040032,0.9244828396763135,0.0,0.0,0.0,0.566,0.434,0.434,0.0,0.0,0.5105833333333333,0.0,0.434,0.0,conditional_geodesic_error_gt_30deg,1.0677209948725928,2.5020021256887432e-14,euclidean_norm_of_cycle_coordinates,mean_over_successfully_projected_trials,True,50.0,True,False,True,True,successful_trials_only,False,,,,,,,,
frame_length,deterministic_multisine,evaluation,tetrahedral,az45_el30,45.0,30.0,5.0,5.0,2048,all_6,1000,2000,2364570107,all_6_cycle_calibrated_soft,plane,20.0,2000,0,1.0,0.01048777722885709,-0.008285105123954398,0.012183125949501945,0.25545380496370235,0.21270289133399226,0.44589201243065346,0.5420959777531432,0.6427444113104958,0.5420959777531432,0.6427444113104958,0.0,0.0,0.0,1.0,0.0,0.0,0.0,0.0,0.0,0.0,0.0,0.0,conditional_geodesic_error_gt_30deg,3.3333894327635427,5.587781215595688e-14,euclidean_norm_of_cycle_coordinates,mean_over_successfully_projected_trials,True,,False,True,True,True,successful_trials_only,False,,,,,,,,
frame_length,deterministic_multisine,evaluation,tetrahedral,az45_el30,45.0,30.0,10.0,10.0,2048,reference_3,1000,2000,1690119423,reference_3_equal,plane,20.0,2000,0,1.0,0.003198318780397138,-0.015015403388609152,0.015113375754447763,0.25524755784473635,0.21416975429442117,0.4430413015834331,0.5436921921073251,0.66793194182116,0.5436921921073251,0.66793194182116,0.0,0.0,0.0,1.0,0.0,0.0,0.0,0.0,0.0,0.0,0.0,0.0,conditional_geodesic_error_gt_30deg,0.0,0.0,euclidean_norm_of_cycle_coordinates,mean_over_successfully_projected_trials,False,,False,False,False,False,successful_trials_only,False,,,,,,,,
frame_length,deterministic_multisine,evaluation,tetrahedral,az45_el30,45.0,30.0,10.0,10.0,2048,all_6,1000,2000,1690119423,all_6_equal,plane,20.0,2000,0,1.0,0.0011372787374561617,0.0012493906765439133,0.0016417372374489772,0.15825364551517523,0.1320491395388558,0.27455865767153226,0.33017235398674455,0.3983559715804672,0.33017235398674455,0.3983559715804672,0.0,0.0,0.0,1.0,0.0,0.0,0.0,0.0,0.0,0.0,0.0,0.0,conditional_geodesic_error_gt_30deg,0.0,0.0,euclidean_norm_of_cycle_coordinates,mean_over_successfully_projected_trials,False,,False,False,False,False,successful_trials_only,False,,,,,,,,
frame_length,deterministic_multisine,evaluation,tetrahedral,az45_el30,45.0,30.0,10.0,10.0,2048,all_6,1000,2000,1690119423,all_6_cycle_equal,plane,20.0,2000,0,1.0,0.00113727873745835,0.001249390676541849,0.0016417372374489772,0.1582536455151787,0.1320491395388558,0.27455865767040316,0.33017235398674455,0.3983559715804672,0.33017235398674455,0.3983559715804672,0.0,0.0,0.0,1.0,0.0,0.0,0.0,0.0,0.0,0.0,0.0,0.0,conditional_geodesic_error_gt_30deg,1.7558162923514444,5.4729020361202007e-14,euclidean_norm_of_cycle_coordinates,mean_over_successfully_projected_trials,False,,False,False,False,False,successful_trials_only,False,,,,,,,,
frame_length,deterministic_multisine,evaluation,tetrahedral,az45_el30,45.0,30.0,10.0,10.0,2048,all_6,1000,2000,1690119423,all_6_cycle_calibrated_no_rejection,plane,20.0,2000,0,1.0,-0.002253102398567127,0.00990135620423972,0.010150299024194332,0.15842042421358196,0.1336487267789705,0.2722319967523752,0.33138803667257444,0.39203522857515577,0.33138803667257444,0.39203522857515577,0.0,0.0,0.0,1.0,0.0,0.0,0.0,0.0,0.0,0.0,0.0,0.0,conditional_geodesic_error_gt_30deg,1.7541563473260762,5.586508578022227e-14,euclidean_norm_of_cycle_coordinates,mean_over_successfully_projected_trials,True,,False,False,True,False,successful_trials_only,False,,,,,,,,
frame_length,deterministic_multisine,evaluation,tetrahedral,az45_el30,45.0,30.0,10.0,10.0,2048,all_6,1000,2000,1690119423,all_6_cycle_calibrated_hard_p05,plane,20.0,1999,1,0.9995,-0.0019839218671805574,0.012262950046187028,0.012436216538113222,0.1584163662578482,0.13222153634961334,0.27098645310921093,0.34031913164790834,0.42084760147013567,0.34031913164790834,0.42084760147013567,0.0,0.0,0.0,0.9995,0.0005,0.0005,0.0,0.0,0.04825,0.0,0.0005,0.0,conditional_geodesic_error_gt_30deg,1.5998231144476012,5.4830703087839736e-14,euclidean_norm_of_cycle_coordinates,mean_over_successfully_projected_trials,True,5.0,True,False,True,True,successful_trials_only,False,,,,,,,,
frame_length,deterministic_multisine,evaluation,tetrahedral,az45_el30,45.0,30.0,10.0,10.0,2048,all_6,1000,2000,1690119423,all_6_cycle_calibrated,plane,20.0,1989,11,0.9945,0.00028453610220225404,0.013043903928873416,0.013099192386334925,0.16245095939533297,0.13490261561760789,0.2827945502848029,0.34182924139467824,0.4269755595990589,0.34182924139467824,0.4269755595990589,0.0,0.0,0.0,0.9945,0.0055,0.0055,0.0,0.0,0.10175,0.0,0.0055,0.0,conditional_geodesic_error_gt_30deg,1.450136002308182,5.162150541335465e-14,euclidean_norm_of_cycle_coordinates,mean_over_successfully_projected_trials,True,10.0,True,False,True,True,successful_trials_only,False,,,,,,,,
frame_length,deterministic_multisine,evaluation,tetrahedral,az45_el30,45.0,30.0,10.0,10.0,2048,all_6,1000,2000,1690119423,all_6_cycle_calibrated_hard_p25,plane,20.0,1833,167,0.9165,0.0011826949345822002,0.02238487760327129,0.02246263271300035,0.1743486806320952,0.14420651518793706,0.3088123287764675,0.37458544119710063,0.4850226395114944,0.37458544119710063,0.4850226395114944,0.0,0.0,0.0,0.9165,0.0835,0.0835,0.0,0.0,0.2518333333333333,0.0,0.0835,0.0,conditional_geodesic_error_gt_30deg,1.0789630850408753,4.229858136704638e-14,euclidean_norm_of_cycle_coordinates,mean_over_successfully_projected_trials,True,25.0,True,False,True,True,successful_trials_only,False,,,,,,,,
frame_length,deterministic_multisine,evaluation,tetrahedral,az45_el30,45.0,30.0,10.0,10.0,2048,all_6,1000,2000,1690119423,all_6_cycle_calibrated_hard_p50,plane,20.0,1152,848,0.576,-0.0009071399684621388,0.047283982493490924,0.04735016482867886,0.19946972362027718,0.16903224879413517,0.3356985034810134,0.4135156296278034,0.5288449008901371,0.4135156296278034,0.5288449008901371,0.0,0.0,0.0,0.576,0.424,0.424,0.0,0.0,0.504,0.0,0.424,0.0,conditional_geodesic_error_gt_30deg,0.5906813025405845,2.5119366136808422e-14,euclidean_norm_of_cycle_coordinates,mean_over_successfully_projected_trials,True,50.0,True,False,True,True,successful_trials_only,False,,,,,,,,
frame_length,deterministic_multisine,evaluation,tetrahedral,az45_el30,45.0,30.0,10.0,10.0,2048,all_6,1000,2000,1690119423,all_6_cycle_calibrated_soft,plane,20.0,2000,0,1.0,-0.0020842235391797708,0.011064995461880113,0.011268506640225247,0.15856488275791536,0.1334777491729996,0.2709968103850421,0.332411573624766,0.3945403231808778,0.332411573624766,0.3945403231808778,0.0,0.0,0.0,1.0,0.0,0.0,0.0,0.0,0.0,0.0,0.0,0.0,conditional_geodesic_error_gt_30deg,1.7541563473260762,5.6835112444903967e-14,euclidean_norm_of_cycle_coordinates,mean_over_successfully_projected_trials,True,,False,True,True,True,successful_trials_only,False,,,,,,,,
frame_length,deterministic_multisine,evaluation,tetrahedral,az45_el30,45.0,30.0,-5.0,-5.0,4096,reference_3,1000,2000,343658105,reference_3_equal,plane,20.0,2000,0,1.0,0.04454490368972855,-0.03477177919260664,0.035855300736298834,3.132356666712281,1.1135641843495216,2.519928035469718,3.4559880233916203,56.33586039834859,3.4559880233916203,56.33586039834859,0.005,0.003,0.002,1.0,0.0,0.0,0.0,0.0,0.0,0.0,0.0,0.002,conditional_geodesic_error_gt_30deg,0.0,0.0,euclidean_norm_of_cycle_coordinates,mean_over_successfully_projected_trials,False,,False,False,False,False,successful_trials_only,False,,,,,,,,
frame_length,deterministic_multisine,evaluation,tetrahedral,az45_el30,45.0,30.0,-5.0,-5.0,4096,all_6,1000,2000,343658105,all_6_equal,plane,20.0,2000,0,1.0,0.036197103364018116,-0.024048875411833148,0.03652559024037731,2.2009363242256854,0.5965706601359938,1.3581532004181966,2.2336885197304626,26.15276460984771,2.2336885197304626,26.15276460984771,0.007,0.005,0.001,1.0,0.0,0.0,0.0,0.0,0.0,0.0,0.0,0.001,conditional_geodesic_error_gt_30deg,0.0,0.0,euclidean_norm_of_cycle_coordinates,mean_over_successfully_projected_trials,False,,False,False,False,False,successful_trials_only,False,,,,,,,,
frame_length,deterministic_multisine,evaluation,tetrahedral,az45_el30,45.0,30.0,-5.0,-5.0,4096,all_6,1000,2000,343658105,all_6_cycle_equal,plane,20.0,2000,0,1.0,0.03619710336402076,-0.02404887541183543,0.03652559024037731,2.200936324225685,0.5965706601356884,1.35815320041821,2.2336885197304626,26.15276460984771,2.2336885197304626,26.15276460984771,0.007,0.005,0.001,1.0,0.0,0.0,0.0,0.0,0.0,0.0,0.0,0.001,conditional_geodesic_error_gt_30deg,13.119095613616684,5.542879523835745e-14,euclidean_norm_of_cycle_coordinates,mean_over_successfully_projected_trials,False,,False,False,False,False,successful_trials_only,False,,,,,,,,
frame_length,deterministic_multisine,evaluation,tetrahedral,az45_el30,45.0,30.0,-5.0,-5.0,4096,all_6,1000,2000,343658105,all_6_cycle_calibrated_no_rejection,plane,20.0,2000,0,1.0,0.015572687947824557,-0.006666717461820431,0.016162444839938932,2.104484545998509,0.7305078249831669,1.6844879095388512,2.6340218163792644,33.06630365302038,2.6340218163792644,33.06630365302038,0.005,0.004,0.002,1.0,0.0,0.0,0.0,0.0,0.0,0.0,0.0,0.002,conditional_geodesic_error_gt_30deg,13.166874613480944,5.5953752593727127e-14,euclidean_norm_of_cycle_coordinates,mean_over_successfully_projected_trials,True,,False,False,True,False,successful_trials_only,False,,,,,,,,
frame_length,deterministic_multisine,evaluation,tetrahedral,az45_el30,45.0,30.0,-5.0,-5.0,4096,all_6,1000,2000,343658105,all_6_cycle_calibrated_hard_p05,plane,20.0,1999,1,0.9995,0.0021821731736223673,-0.016188408817987582,0.014000391410959689,1.0523566424558481,0.734447479510598,1.6338518025159758,2.1791948591158534,2.77928142744798,2.1791948591158534,2.77928142744798,0.0005002501250625312,0.0005002501250625312,0.0,0.9995,0.0005,0.0005,0.0,0.0,0.05308333333333333,0.0,0.0005,0.0,conditional_geodesic_error_gt_30deg,9.959988913786638,5.183611178733329e-14,euclidean_norm_of_cycle_coordinates,mean_over_successfully_projected_trials,True,5.0,True,False,True,True,successful_trials_only,False,,,,,,,,
frame_length,deterministic_multisine,evaluation,tetrahedral,az45_el30,45.0,30.0,-5.0,-5.0,4096,all_6,1000,2000,343658105,all_6_cycle_calibrated,plane,20.0,1991,9,0.9955,0.0004987736810490824,-0.011533272450752828,0.009475940940381454,0.9374004330417778,0.7342609852213471,1.6675883476245477,2.229150887461661,2.8551919257037355,2.229150887461661,2.8551919257037355,0.0,0.0,0.0,0.9955,0.0045,0.0045,0.0,0.0,0.10308333333333333,0.0,0.0045,0.0,conditional_geodesic_error_gt_30deg,8.996415895081855,4.9418468492213685e-14,euclidean_norm_of_cycle_coordinates,mean_over_successfully_projected_trials,True,10.0,True,False,True,True,successful_trials_only,False,,,,,,,,
frame_length,deterministic_multisine,evaluation,tetrahedral,az45_el30,45.0,30.0,-5.0,-5.0,4096,all_6,1000,2000,343658105,all_6_cycle_calibrated_hard_p25,plane,20.0,1864,136,0.932,-0.01372176569363118,-0.01747406898032817,0.019434900563934057,0.9954566585674124,0.7637003208233285,1.7937044799349964,2.4483311581063627,3.199974293018864,2.4483311581063627,3.199974293018864,0.0,0.0,0.0,0.932,0.068,0.068,0.0,0.0,0.2515833333333333,0.0,0.068,0.0,conditional_geodesic_error_gt_30deg,6.533915134041333,4.1170210861993325e-14,euclidean_norm_of_cycle_coordinates,mean_over_successfully_projected_trials,True,25.0,True,False,True,True,successful_trials_only,False,,,,,,,,
frame_length,deterministic_multisine,evaluation,tetrahedral,az45_el30,45.0,30.0,-5.0,-5.0,4096,all_6,1000,2000,343658105,all_6_cycle_calibrated_hard_p50,plane,20.0,1190,810,0.595,-0.042209158355803904,-0.05395434984966087,0.06323222891275754,1.0436749736218076,0.8074430038246972,1.9462057998767233,2.644014655032812,2.9595334550308037,2.644014655032812,2.9595334550308037,0.0,0.0,0.0,0.595,0.405,0.405,0.0,0.0,0.49825,0.0,0.405,0.0,conditional_geodesic_error_gt_30deg,3.564340692663723,2.5569042993582904e-14,euclidean_norm_of_cycle_coordinates,mean_over_successfully_projected_trials,True,50.0,True,False,True,True,successful_trials_only,False,,,,,,,,
frame_length,deterministic_multisine,evaluation,tetrahedral,az45_el30,45.0,30.0,-5.0,-5.0,4096,all_6,1000,2000,343658105,all_6_cycle_calibrated_soft,plane,20.0,2000,0,1.0,0.01710740807342636,-0.0057302389255712224,0.015024286628568065,1.9456207663338885,0.7312746890161719,1.672983258641571,2.534814158192131,31.41532733107923,2.534814158192131,31.41532733107923,0.004,0.004,0.002,1.0,0.0,0.0,0.0,0.0,0.0,0.0,0.0,0.002,conditional_geodesic_error_gt_30deg,13.166874613480944,5.513691182922225e-14,euclidean_norm_of_cycle_coordinates,mean_over_successfully_projected_trials,True,,False,True,True,True,successful_trials_only,False,,,,,,,,
frame_length,deterministic_multisine,evaluation,tetrahedral,az45_el30,45.0,30.0,0.0,0.0,4096,reference_3,1000,2000,3716684755,reference_3_equal,plane,20.0,2000,0,1.0,0.01976794107020673,0.008180977729341643,0.019763681784396577,0.7962345869739634,0.6552695570625756,1.3963443227325063,1.7642648538975465,2.292453709578061,1.7642648538975465,2.292453709578061,0.0,0.0,0.0,1.0,0.0,0.0,0.0,0.0,0.0,0.0,0.0,0.0,conditional_geodesic_error_gt_30deg,0.0,0.0,euclidean_norm_of_cycle_coordinates,mean_over_successfully_projected_trials,False,,False,False,False,False,successful_trials_only,False,,,,,,,,
frame_length,deterministic_multisine,evaluation,tetrahedral,az45_el30,45.0,30.0,0.0,0.0,4096,all_6,1000,2000,3716684755,all_6_equal,plane,20.0,2000,0,1.0,-0.0028124745444580903,0.006158332217972397,0.0070956809327338095,0.43543563899164744,0.3578270310212427,0.7646191891425438,0.9003913808850919,1.0654772686599243,0.9003913808850919,1.0654772686599243,0.0,0.0,0.0,1.0,0.0,0.0,0.0,0.0,0.0,0.0,0.0,0.0,conditional_geodesic_error_gt_30deg,0.0,0.0,euclidean_norm_of_cycle_coordinates,mean_over_successfully_projected_trials,False,,False,False,False,False,successful_trials_only,False,,,,,,,,
frame_length,deterministic_multisine,evaluation,tetrahedral,az45_el30,45.0,30.0,0.0,0.0,4096,all_6,1000,2000,3716684755,all_6_cycle_equal,plane,20.0,2000,0,1.0,-0.0028124745444559653,0.0061583322179700715,0.0070956809327338095,0.43543563899165916,0.3578270310212427,0.7646191891420671,0.9003913808854926,1.065477268660266,0.9003913808854926,1.065477268660266,0.0,0.0,0.0,1.0,0.0,0.0,0.0,0.0,0.0,0.0,0.0,0.0,conditional_geodesic_error_gt_30deg,6.255024082331521,5.5058483479923464e-14,euclidean_norm_of_cycle_coordinates,mean_over_successfully_projected_trials,False,,False,False,False,False,successful_trials_only,False,,,,,,,,
frame_length,deterministic_multisine,evaluation,tetrahedral,az45_el30,45.0,30.0,0.0,0.0,4096,all_6,1000,2000,3716684755,all_6_cycle_calibrated_no_rejection,plane,20.0,2000,0,1.0,0.008445419596739612,-0.0031346806468954334,0.007758110905996294,0.4351205113877235,0.3556924526854304,0.7619101569381539,0.9148649367778415,1.0716867671705959,0.9148649367778415,1.0716867671705959,0.0,0.0,0.0,1.0,0.0,0.0,0.0,0.0,0.0,0.0,0.0,0.0,conditional_geodesic_error_gt_30deg,6.261284371054785,5.549572958962286e-14,euclidean_norm_of_cycle_coordinates,mean_over_successfully_projected_trials,True,,False,False,True,False,successful_trials_only,False,,,,,,,,
frame_length,deterministic_multisine,evaluation,tetrahedral,az45_el30,45.0,30.0,0.0,0.0,4096,all_6,1000,2000,3716684755,all_6_cycle_calibrated_hard_p05,plane,20.0,1998,2,0.999,0.009146814402551311,-0.00011981114358723118,0.007917679995031155,0.44360385385598605,0.36418119701939183,0.7690005695963976,0.9597697179320838,1.1173966783671825,0.9597697179320838,1.1173966783671825,0.0,0.0,0.0,0.999,0.001,0.001,0.0,0.0,0.04583333333333333,0.0,0.001,0.0,conditional_geodesic_error_gt_30deg,5.776820793574504,5.335620985518352e-14,euclidean_norm_of_cycle_coordinates,mean_over_successfully_projected_trials,True,5.0,True,False,True,True,successful_trials_only,False,,,,,,,,
frame_length,deterministic_multisine,evaluation,tetrahedral,az45_el30,45.0,30.0,0.0,0.0,4096,all_6,1000,2000,3716684755,all_6_cycle_calibrated,plane,20.0,1991,9,0.9955,0.01100925535346633,0.001664567988994682,0.009774177090490065,0.46015774083786454,0.3778046385702802,0.79940898518555,1.0350113555340659,1.3018792320942583,1.0350113555340659,1.3018792320942583,0.0,0.0,0.0,0.9955,0.0045,0.0045,0.0,0.0,0.09,0.0,0.0045,0.0,conditional_geodesic_error_gt_30deg,5.360698120733403,5.09444861294672e-14,euclidean_norm_of_cycle_coordinates,mean_over_successfully_projected_trials,True,10.0,True,False,True,True,successful_trials_only,False,,,,,,,,
frame_length,deterministic_multisine,evaluation,tetrahedral,az45_el30,45.0,30.0,0.0,0.0,4096,all_6,1000,2000,3716684755,all_6_cycle_calibrated_hard_p25,plane,20.0,1857,143,0.9285,0.025214759480070622,0.001751334927310558,0.021929324438598755,0.4994199638561375,0.4040387288688224,0.8709860452642961,1.160414019087874,1.4553882748203397,1.160414019087874,1.4553882748203397,0.0,0.0,0.0,0.9285,0.0715,0.0715,0.0,0.0,0.25375,0.0,0.0715,0.0,conditional_geodesic_error_gt_30deg,3.8104193583866315,4.092609358565403e-14,euclidean_norm_of_cycle_coordinates,mean_over_successfully_projected_trials,True,25.0,True,False,True,True,successful_trials_only,False,,,,,,,,
frame_length,deterministic_multisine,evaluation,tetrahedral,az45_el30,45.0,30.0,0.0,0.0,4096,all_6,1000,2000,3716684755,all_6_cycle_calibrated_hard_p50,plane,20.0,1183,817,0.5915,0.010433922574673314,0.012763723526199118,0.016216818383498373,0.5552198171450398,0.4516503997337812,0.9796201714360533,1.3157611809425154,1.435229528416106,1.3157611809425154,1.435229528416106,0.0,0.0,0.0,0.5915,0.4085,0.4085,0.0,0.0,0.50125,0.0,0.4085,0.0,conditional_geodesic_error_gt_30deg,2.052193589554685,2.4735487445874775e-14,euclidean_norm_of_cycle_coordinates,mean_over_successfully_projected_trials,True,50.0,True,False,True,True,successful_trials_only,False,,,,,,,,
frame_length,deterministic_multisine,evaluation,tetrahedral,az45_el30,45.0,30.0,0.0,0.0,4096,all_6,1000,2000,3716684755,all_6_cycle_calibrated_soft,plane,20.0,2000,0,1.0,0.009281400134539203,-0.003007934401141768,0.008405126773165269,0.43302095336426755,0.35636719107693676,0.754926996937375,0.9042816264018236,1.0740101914839992,0.9042816264018236,1.0740101914839992,0.0,0.0,0.0,1.0,0.0,0.0,0.0,0.0,0.0,0.0,0.0,0.0,conditional_geodesic_error_gt_30deg,6.261284371054785,5.529612799577266e-14,euclidean_norm_of_cycle_coordinates,mean_over_successfully_projected_trials,True,,False,True,True,True,successful_trials_only,False,,,,,,,,
frame_length,deterministic_multisine,evaluation,tetrahedral,az45_el30,45.0,30.0,5.0,5.0,4096,reference_3,1000,2000,757845869,reference_3_equal,plane,20.0,2000,0,1.0,0.005877852720023125,-0.006266926307249081,0.0077331106447550415,0.43013547943107283,0.3533591274359872,0.7421709710515005,0.9147114702539506,1.0301243454362075,0.9147114702539506,1.0301243454362075,0.0,0.0,0.0,1.0,0.0,0.0,0.0,0.0,0.0,0.0,0.0,0.0,conditional_geodesic_error_gt_30deg,0.0,0.0,euclidean_norm_of_cycle_coordinates,mean_over_successfully_projected_trials,False,,False,False,False,False,successful_trials_only,False,,,,,,,,
frame_length,deterministic_multisine,evaluation,tetrahedral,az45_el30,45.0,30.0,5.0,5.0,4096,all_6,1000,2000,757845869,all_6_equal,plane,20.0,2000,0,1.0,0.0013764529326758105,0.003385261312031756,0.0037308317989524537,0.2497973456413983,0.21391386283350222,0.4302874406458118,0.5271546701926018,0.647283592322993,0.5271546701926018,0.647283592322993,0.0,0.0,0.0,1.0,0.0,0.0,0.0,0.0,0.0,0.0,0.0,0.0,conditional_geodesic_error_gt_30deg,0.0,0.0,euclidean_norm_of_cycle_coordinates,mean_over_successfully_projected_trials,False,,False,False,False,False,successful_trials_only,False,,,,,,,,
frame_length,deterministic_multisine,evaluation,tetrahedral,az45_el30,45.0,30.0,5.0,5.0,4096,all_6,1000,2000,757845869,all_6_cycle_equal,plane,20.0,2000,0,1.0,0.0013764529326782278,0.0033852613120293196,0.0037308317012625164,0.2497973456413903,0.21391386283179842,0.43028744064576974,0.5271546701919174,0.6472835923229936,0.5271546701919174,0.6472835923229936,0.0,0.0,0.0,1.0,0.0,0.0,0.0,0.0,0.0,0.0,0.0,0.0,conditional_geodesic_error_gt_30deg,3.359158046209619,5.3938698858131604e-14,euclidean_norm_of_cycle_coordinates,mean_over_successfully_projected_trials,False,,False,False,False,False,successful_trials_only,False,,,,,,,,
frame_length,deterministic_multisine,evaluation,tetrahedral,az45_el30,45.0,30.0,5.0,5.0,4096,all_6,1000,2000,757845869,all_6_cycle_calibrated_no_rejection,plane,20.0,2000,0,1.0,0.004526498899925014,0.010707282963901334,0.011546159181435242,0.2513306488496535,0.2160055947626197,0.43219702197527377,0.5356865360444112,0.6542562751334258,0.5356865360444112,0.6542562751334258,0.0,0.0,0.0,1.0,0.0,0.0,0.0,0.0,0.0,0.0,0.0,0.0,conditional_geodesic_error_gt_30deg,3.361853187059649,5.547710042425842e-14,euclidean_norm_of_cycle_coordinates,mean_over_successfully_projected_trials,True,,False,False,True,False,successful_trials_only,False,,,,,,,,
frame_length,deterministic_multisine,evaluation,tetrahedral,az45_el30,45.0,30.0,5.0,5.0,4096,all_6,1000,2000,757845869,all_6_cycle_calibrated_hard_p05,plane,20.0,1999,1,0.9995,0.005589192065170926,0.013934889672335055,0.014884087842054429,0.25363063168605005,0.21725248460429553,0.4365249746600046,0.5423750958896557,0.7143184585265694,0.5423750958896557,0.7143184585265694,0.0,0.0,0.0,0.9995,0.0005,0.0005,0.0,0.0,0.051416666666666666,0.0,0.0005,0.0,conditional_geodesic_error_gt_30deg,3.0382424710930085,5.219961237985564e-14,euclidean_norm_of_cycle_coordinates,mean_over_successfully_projected_trials,True,5.0,True,False,True,True,successful_trials_only,False,,,,,,,,
frame_length,deterministic_multisine,evaluation,tetrahedral,az45_el30,45.0,30.0,5.0,5.0,4096,all_6,1000,2000,757845869,all_6_cycle_calibrated,plane,20.0,1991,9,0.9955,0.005201054357767578,0.01478357404569034,0.015585298902614298,0.2590717670890017,0.22072443095985134,0.4450715831266022,0.5579692096510064,0.7107006411825859,0.5579692096510064,0.7107006411825859,0.0,0.0,0.0,0.9955,0.0045,0.0045,0.0,0.0,0.10291666666666666,0.0,0.0045,0.0,conditional_geodesic_error_gt_30deg,2.7396518026774457,4.9496314108347526e-14,euclidean_norm_of_cycle_coordinates,mean_over_successfully_projected_trials,True,10.0,True,False,True,True,successful_trials_only,False,,,,,,,,
frame_length,deterministic_multisine,evaluation,tetrahedral,az45_el30,45.0,30.0,5.0,5.0,4096,all_6,1000,2000,757845869,all_6_cycle_calibrated_hard_p25,plane,20.0,1855,145,0.9275,0.0012354844740678985,0.019230723064770968,0.01940497733402627,0.283990387319235,0.23789471098121365,0.49484438539692327,0.6128034908607343,0.8713646832990367,0.6128034908607343,0.8713646832990367,0.0,0.0,0.0,0.9275,0.0725,0.0725,0.0,0.0,0.2528333333333333,0.0,0.0725,0.0,conditional_geodesic_error_gt_30deg,2.0134445494809055,3.9487044339449365e-14,euclidean_norm_of_cycle_coordinates,mean_over_successfully_projected_trials,True,25.0,True,False,True,True,successful_trials_only,False,,,,,,,,
frame_length,deterministic_multisine,evaluation,tetrahedral,az45_el30,45.0,30.0,5.0,5.0,4096,all_6,1000,2000,757845869,all_6_cycle_calibrated_hard_p50,plane,20.0,1166,834,0.583,0.008964712731427486,0.03936750967125538,0.04028386771704072,0.329838986110836,0.28202931881410687,0.5648410239601568,0.7038763557479887,0.9003544772325052,0.7038763557479887,0.9003544772325052,0.0,0.0,0.0,0.583,0.417,0.417,0.0,0.0,0.49783333333333335,0.0,0.417,0.0,conditional_geodesic_error_gt_30deg,1.1277294491313958,2.4980961378316686e-14,euclidean_norm_of_cycle_coordinates,mean_over_successfully_projected_trials,True,50.0,True,False,True,True,successful_trials_only,False,,,,,,,,
frame_length,deterministic_multisine,evaluation,tetrahedral,az45_el30,45.0,30.0,5.0,5.0,4096,all_6,1000,2000,757845869,all_6_cycle_calibrated_soft,plane,20.0,2000,0,1.0,0.004888020212067449,0.012056961874928683,0.012915773604211131,0.2513539595108207,0.21699673295362293,0.4350026045764007,0.5344436248377472,0.6370377821157422,0.5344436248377472,0.6370377821157422,0.0,0.0,0.0,1.0,0.0,0.0,0.0,0.0,0.0,0.0,0.0,0.0,conditional_geodesic_error_gt_30deg,3.361853187059649,5.4767193463216224e-14,euclidean_norm_of_cycle_coordinates,mean_over_successfully_projected_trials,True,,False,True,True,True,successful_trials_only,False,,,,,,,,
frame_length,deterministic_multisine,evaluation,tetrahedral,az45_el30,45.0,30.0,10.0,10.0,4096,reference_3,1000,2000,3186339830,reference_3_equal,plane,20.0,2000,0,1.0,-0.002669564470736971,-0.0033851304780477738,0.0039879788958268395,0.23103636776512188,0.19395230635348443,0.40056990078300403,0.5119494120707384,0.5953407104828586,0.5119494120707384,0.5953407104828586,0.0,0.0,0.0,1.0,0.0,0.0,0.0,0.0,0.0,0.0,0.0,0.0,conditional_geodesic_error_gt_30deg,0.0,0.0,euclidean_norm_of_cycle_coordinates,mean_over_successfully_projected_trials,False,,False,False,False,False,successful_trials_only,False,,,,,,,,
frame_length,deterministic_multisine,evaluation,tetrahedral,az45_el30,45.0,30.0,10.0,10.0,4096,all_6,1000,2000,3186339830,all_6_equal,plane,20.0,2000,0,1.0,0.0007746012446231932,-0.001208575379810472,0.0013323500892981506,0.15215916212216654,0.13086309784203845,0.2577832917176042,0.33233917654279493,0.38997142547410013,0.33233917654279493,0.38997142547410013,0.0,0.0,0.0,1.0,0.0,0.0,0.0,0.0,0.0,0.0,0.0,0.0,conditional_geodesic_error_gt_30deg,0.0,0.0,euclidean_norm_of_cycle_coordinates,mean_over_successfully_projected_trials,False,,False,False,False,False,successful_trials_only,False,,,,,,,,
frame_length,deterministic_multisine,evaluation,tetrahedral,az45_el30,45.0,30.0,10.0,10.0,4096,all_6,1000,2000,3186339830,all_6_cycle_equal,plane,20.0,2000,0,1.0,0.0007746012446255978,-0.0012085753798127367,0.0013323503628483871,0.15215916212208988,0.130863097840646,0.257783291716261,0.33233917654279493,0.38997142547410013,0.33233917654279493,0.38997142547410013,0.0,0.0,0.0,1.0,0.0,0.0,0.0,0.0,0.0,0.0,0.0,0.0,conditional_geodesic_error_gt_30deg,1.6965981861614703,5.4573706339420244e-14,euclidean_norm_of_cycle_coordinates,mean_over_successfully_projected_trials,False,,False,False,False,False,successful_trials_only,False,,,,,,,,
frame_length,deterministic_multisine,evaluation,tetrahedral,az45_el30,45.0,30.0,10.0,10.0,4096,all_6,1000,2000,3186339830,all_6_cycle_calibrated_no_rejection,plane,20.0,2000,0,1.0,0.002322987466846854,-0.009931673260114765,0.01007760595258664,0.1526159969663102,0.1291951923092248,0.2578863583293276,0.3366717201605812,0.38140815870242917,0.3366717201605812,0.38140815870242917,0.0,0.0,0.0,1.0,0.0,0.0,0.0,0.0,0.0,0.0,0.0,0.0,conditional_geodesic_error_gt_30deg,1.6978415866132965,5.5428589423912354e-14,euclidean_norm_of_cycle_coordinates,mean_over_successfully_projected_trials,True,,False,False,True,False,successful_trials_only,False,,,,,,,,
frame_length,deterministic_multisine,evaluation,tetrahedral,az45_el30,45.0,30.0,10.0,10.0,4096,all_6,1000,2000,3186339830,all_6_cycle_calibrated_hard_p05,plane,20.0,1995,5,0.9975,0.003790536801854843,-0.007378900770846891,0.008029049613062398,0.15344798595909645,0.12932133086990255,0.26019407407217926,0.342444271590808,0.3810995012859623,0.342444271590808,0.3810995012859623,0.0,0.0,0.0,0.9975,0.0025,0.0025,0.0,0.0,0.05966666666666667,0.0,0.0025,0.0,conditional_geodesic_error_gt_30deg,1.5161303539954125,5.262398149637522e-14,euclidean_norm_of_cycle_coordinates,mean_over_successfully_projected_trials,True,5.0,True,False,True,True,successful_trials_only,False,,,,,,,,
frame_length,deterministic_multisine,evaluation,tetrahedral,az45_el30,45.0,30.0,10.0,10.0,4096,all_6,1000,2000,3186339830,all_6_cycle_calibrated,plane,20.0,1976,24,0.988,0.003821028838446595,-0.005983889679065874,0.006793260375510599,0.15655948292834293,0.13044143787619888,0.26929108581490013,0.3553719176848925,0.41893162054335215,0.3553719176848925,0.41893162054335215,0.0,0.0,0.0,0.988,0.012,0.012,0.0,0.0,0.10866666666666666,0.0,0.012,0.0,conditional_geodesic_error_gt_30deg,1.379318135714089,4.9285547722235775e-14,euclidean_norm_of_cycle_coordinates,mean_over_successfully_projected_trials,True,10.0,True,False,True,True,successful_trials_only,False,,,,,,,,
frame_length,deterministic_multisine,evaluation,tetrahedral,az45_el30,45.0,30.0,10.0,10.0,4096,all_6,1000,2000,3186339830,all_6_cycle_calibrated_hard_p25,plane,20.0,1825,175,0.9125,0.005084749616942222,0.000914481025556933,0.004502297754205896,0.16759991580175307,0.13796726726786895,0.2915453570084472,0.38724354244058584,0.4768185609371216,0.38724354244058584,0.4768185609371216,0.0,0.0,0.0,0.9125,0.0875,0.0875,0.0,0.0,0.2598333333333333,0.0,0.0875,0.0,conditional_geodesic_error_gt_30deg,1.028420985850474,4.0090718015225615e-14,euclidean_norm_of_cycle_coordinates,mean_over_successfully_projected_trials,True,25.0,True,False,True,True,successful_trials_only,False,,,,,,,,
frame_length,deterministic_multisine,evaluation,tetrahedral,az45_el30,45.0,30.0,10.0,10.0,4096,all_6,1000,2000,3186339830,all_6_cycle_calibrated_hard_p50,plane,20.0,1143,857,0.5715,0.005131212626926082,0.020147349683497552,0.020684502356811973,0.1903358417645606,0.16069253541806403,0.3216862385892771,0.4127589813659424,0.4997312769873425,0.4127589813659424,0.4997312769873425,0.0,0.0,0.0,0.5715,0.4285,0.4285,0.0,0.0,0.50775,0.0,0.4285,0.0,conditional_geodesic_error_gt_30deg,0.5514725885125749,2.4313843278831244e-14,euclidean_norm_of_cycle_coordinates,mean_over_successfully_projected_trials,True,50.0,True,False,True,True,successful_trials_only,False,,,,,,,,
frame_length,deterministic_multisine,evaluation,tetrahedral,az45_el30,45.0,30.0,10.0,10.0,4096,all_6,1000,2000,3186339830,all_6_cycle_calibrated_soft,plane,20.0,2000,0,1.0,0.0024228277219909226,-0.009046136480827843,0.009232471246770435,0.15261801645523887,0.12939172633559742,0.25877569450640836,0.33872517420430687,0.38341789981218205,0.33872517420430687,0.38341789981218205,0.0,0.0,0.0,1.0,0.0,0.0,0.0,0.0,0.0,0.0,0.0,0.0,conditional_geodesic_error_gt_30deg,1.6978415866132965,5.507261495724682e-14,euclidean_norm_of_cycle_coordinates,mean_over_successfully_projected_trials,True,,False,True,True,True,successful_trials_only,False,,,,,,,,
frame_length,deterministic_multisine,evaluation,tetrahedral,az45_el30,45.0,30.0,-5.0,-5.0,8192,reference_3,1000,2000,2679941140,reference_3_equal,plane,20.0,2000,0,1.0,0.18778047136828652,-0.0944232691954746,0.09428253156653402,5.449756639167604,1.247614370477981,2.949331656316529,15.523443894065212,71.35656281485716,15.523443894065212,71.35656281485716,0.015,0.012,0.0075,1.0,0.0,0.0,0.0,0.0015,0.0,0.0,0.0,0.0075,conditional_geodesic_error_gt_30deg,0.0,0.0,euclidean_norm_of_cycle_coordinates,mean_over_successfully_projected_trials,False,,False,False,False,False,successful_trials_only,False,,,,,,,,
frame_length,deterministic_multisine,evaluation,tetrahedral,az45_el30,45.0,30.0,-5.0,-5.0,8192,all_6,1000,2000,2679941140,all_6_equal,plane,20.0,2000,0,1.0,0.19636486144789086,0.013340643851131047,0.10280795710475149,3.8766071402237285,0.6707141249941865,1.6703744189649075,17.284753495674607,51.73491641184975,17.284753495674607,51.73491641184975,0.0235,0.017,0.0035,1.0,0.0,0.0,0.0,0.0015,0.0,0.0,0.0,0.0035,conditional_geodesic_error_gt_30deg,0.0,0.0,euclidean_norm_of_cycle_coordinates,mean_over_successfully_projected_trials,False,,False,False,False,False,successful_trials_only,False,,,,,,,,
frame_length,deterministic_multisine,evaluation,tetrahedral,az45_el30,45.0,30.0,-5.0,-5.0,8192,all_6,1000,2000,2679941140,all_6_cycle_equal,plane,20.0,2000,0,1.0,0.19636486144789309,0.013340643851128618,0.10280795710475149,3.8766071402237285,0.6707141249941865,1.6703744189649183,17.284753495674583,51.73491641184974,17.284753495674583,51.73491641184974,0.0235,0.017,0.0035,1.0,0.0,0.0,0.0,0.0015,0.0,0.0,0.0,0.0035,conditional_geodesic_error_gt_30deg,19.469149711236312,5.475836839485002e-14,euclidean_norm_of_cycle_coordinates,mean_over_successfully_projected_trials,False,,False,False,False,False,successful_trials_only,False,,,,,,,,
frame_length,deterministic_multisine,evaluation,tetrahedral,az45_el30,45.0,30.0,-5.0,-5.0,8192,all_6,1000,2000,2679941140,all_6_cycle_calibrated_no_rejection,plane,20.0,2000,0,1.0,0.16472671502901523,-0.01189586060605996,0.14107551644302557,3.9780907176652156,0.7831703259021194,2.150268145508531,11.321451639502676,43.24455097400478,11.321451639502676,43.24455097400478,0.02,0.013,0.004,1.0,0.0,0.0,0.0,0.0015,0.0,0.0,0.0,0.004,conditional_geodesic_error_gt_30deg,19.60606172421894,5.576908209523645e-14,euclidean_norm_of_cycle_coordinates,mean_over_successfully_projected_trials,True,,False,False,True,False,successful_trials_only,False,,,,,,,,
frame_length,deterministic_multisine,evaluation,tetrahedral,az45_el30,45.0,30.0,-5.0,-5.0,8192,all_6,1000,2000,2679941140,all_6_cycle_calibrated_hard_p05,plane,20.0,1998,2,0.999,0.10049874854135026,-0.03536107891667231,0.0918182281069259,1.334171037748128,0.7614447168869495,1.7582897892585325,2.4827996566866286,10.7194926305459,2.4827996566866286,10.7194926305459,0.002002002002002002,0.002002002002002002,0.0,0.999,0.001,0.001,0.0,0.0015,0.056416666666666664,0.0,0.001,0.0,conditional_geodesic_error_gt_30deg,12.276008963038496,5.2975608908597754e-14,euclidean_norm_of_cycle_coordinates,mean_over_successfully_projected_trials,True,5.0,True,False,True,True,successful_trials_only,False,,,,,,,,
frame_length,deterministic_multisine,evaluation,tetrahedral,az45_el30,45.0,30.0,-5.0,-5.0,8192,all_6,1000,2000,2679941140,all_6_cycle_calibrated,plane,20.0,1987,13,0.9935,0.06482364044261334,-0.026860806876251066,0.06083633409383241,1.053224874302875,0.7617952077206135,1.7680875619418712,2.4547771816991415,4.957457642607365,2.4547771816991415,4.957457642607365,0.0010065425264217413,0.0010065425264217413,0.0,0.9935,0.0065,0.0065,0.0,0.0015,0.11166666666666666,0.0,0.0065,0.0,conditional_geodesic_error_gt_30deg,10.18507234125911,4.988459334674818e-14,euclidean_norm_of_cycle_coordinates,mean_over_successfully_projected_trials,True,10.0,True,False,True,True,successful_trials_only,False,,,,,,,,
frame_length,deterministic_multisine,evaluation,tetrahedral,az45_el30,45.0,30.0,-5.0,-5.0,8192,all_6,1000,2000,2679941140,all_6_cycle_calibrated_hard_p25,plane,20.0,1853,147,0.9265,0.06452525959853911,-0.026534652206751205,0.06084093452269313,1.046478641659285,0.7923293434975446,1.9005880259405787,2.666733354098838,3.806331701661688,2.666733354098838,3.806331701661688,0.0005396654074473826,0.0,0.0,0.9265,0.0735,0.0735,0.0,0.0015,0.2643333333333333,0.0,0.0735,0.0,conditional_geodesic_error_gt_30deg,7.159521620108149,3.885870233763052e-14,euclidean_norm_of_cycle_coordinates,mean_over_successfully_projected_trials,True,25.0,True,False,True,True,successful_trials_only,False,,,,,,,,
frame_length,deterministic_multisine,evaluation,tetrahedral,az45_el30,45.0,30.0,-5.0,-5.0,8192,all_6,1000,2000,2679941140,all_6_cycle_calibrated_hard_p50,plane,20.0,1119,881,0.5595,0.083848127871037,-0.034640007585595364,0.07935945550619315,1.0756103866451234,0.8243131450485405,1.9633709626617408,2.6229055600747064,3.2414947646779537,2.6229055600747064,3.2414947646779537,0.0,0.0,0.0,0.5595,0.4405,0.4405,0.0,0.0015,0.5149166666666667,0.0,0.4405,0.0,conditional_geodesic_error_gt_30deg,3.547745256641363,2.3529209759334765e-14,euclidean_norm_of_cycle_coordinates,mean_over_successfully_projected_trials,True,50.0,True,False,True,True,successful_trials_only,False,,,,,,,,
frame_length,deterministic_multisine,evaluation,tetrahedral,az45_el30,45.0,30.0,-5.0,-5.0,8192,all_6,1000,2000,2679941140,all_6_cycle_calibrated_soft,plane,20.0,2000,0,1.0,0.10533264974803402,0.004938292354966964,0.10973767517912746,2.836590598613801,0.7753761463899952,2.035330290930491,9.783397905791222,36.29476000938314,9.783397905791222,36.29476000938314,0.019,0.01,0.0015,1.0,0.0,0.0,0.0,0.0015,0.0,0.0,0.0,0.0015,conditional_geodesic_error_gt_30deg,19.60606172421894,5.6586837516837965e-14,euclidean_norm_of_cycle_coordinates,mean_over_successfully_projected_trials,True,,False,True,True,True,successful_trials_only,False,,,,,,,,
frame_length,deterministic_multisine,evaluation,tetrahedral,az45_el30,45.0,30.0,0.0,0.0,8192,reference_3,1000,2000,3201360619,reference_3_equal,plane,20.0,2000,0,1.0,0.002714189569902025,0.00207232074729738,0.004695634051128371,0.8873491280453588,0.7219051684116807,1.5487268744227092,1.879791407744765,2.273470425684059,1.879791407744765,2.273470425684059,0.0,0.0,0.0,1.0,0.0,0.0,0.0,0.0,0.0,0.0,0.0,0.0,conditional_geodesic_error_gt_30deg,0.0,0.0,euclidean_norm_of_cycle_coordinates,mean_over_successfully_projected_trials,False,,False,False,False,False,successful_trials_only,False,,,,,,,,
frame_length,deterministic_multisine,evaluation,tetrahedral,az45_el30,45.0,30.0,0.0,0.0,8192,all_6,1000,2000,3201360619,all_6_equal,plane,20.0,2000,0,1.0,-0.0055422120508921745,-0.00254255611523679,0.005215034497978882,0.45428858024389046,0.37732248103836863,0.7915960265387568,0.9948022818015678,1.165414578082013,0.9948022818015678,1.165414578082013,0.0,0.0,0.0,1.0,0.0,0.0,0.0,0.0,0.0,0.0,0.0,0.0,conditional_geodesic_error_gt_30deg,0.0,0.0,euclidean_norm_of_cycle_coordinates,mean_over_successfully_projected_trials,False,,False,False,False,False,successful_trials_only,False,,,,,,,,
frame_length,deterministic_multisine,evaluation,tetrahedral,az45_el30,45.0,30.0,0.0,0.0,8192,all_6,1000,2000,3201360619,all_6_cycle_equal,plane,20.0,2000,0,1.0,-0.005542212050890127,-0.0025425561152389144,0.0052150345678661884,0.45428858024388885,0.3773224810378857,0.7915960265391944,0.9948022818015678,1.165414578082013,0.9948022818015678,1.165414578082013,0.0,0.0,0.0,1.0,0.0,0.0,0.0,0.0,0.0,0.0,0.0,0.0,conditional_geodesic_error_gt_30deg,7.060733675090726,5.4726339692551585e-14,euclidean_norm_of_cycle_coordinates,mean_over_successfully_projected_trials,False,,False,False,False,False,successful_trials_only,False,,,,,,,,
frame_length,deterministic_multisine,evaluation,tetrahedral,az45_el30,45.0,30.0,0.0,0.0,8192,all_6,1000,2000,3201360619,all_6_cycle_calibrated_no_rejection,plane,20.0,2000,0,1.0,0.009166430677332051,0.009792435226460306,0.013010465042336862,0.4549655059073228,0.3748183165631962,0.7936583308153251,0.9988678736322338,1.1545532520964226,0.9988678736322338,1.1545532520964226,0.0,0.0,0.0,1.0,0.0,0.0,0.0,0.0,0.0,0.0,0.0,0.0,conditional_geodesic_error_gt_30deg,7.064194026566432,5.5430133057895333e-14,euclidean_norm_of_cycle_coordinates,mean_over_successfully_projected_trials,True,,False,False,True,False,successful_trials_only,False,,,,,,,,
frame_length,deterministic_multisine,evaluation,tetrahedral,az45_el30,45.0,30.0,0.0,0.0,8192,all_6,1000,2000,3201360619,all_6_cycle_calibrated_hard_p05,plane,20.0,1998,2,0.999,0.011639833752718749,0.01724553197890076,0.020441002923706108,0.4716841399485795,0.3910674968462717,0.8250270294974749,1.0398230496942393,1.3193827800426925,1.0398230496942393,1.3193827800426925,0.0,0.0,0.0,0.999,0.001,0.001,0.0,0.0,0.055166666666666656,0.0,0.001,0.0,conditional_geodesic_error_gt_30deg,6.436605397498883,5.341637015929812e-14,euclidean_norm_of_cycle_coordinates,mean_over_successfully_projected_trials,True,5.0,True,False,True,True,successful_trials_only,False,,,,,,,,
frame_length,deterministic_multisine,evaluation,tetrahedral,az45_el30,45.0,30.0,0.0,0.0,8192,all_6,1000,2000,3201360619,all_6_cycle_calibrated,plane,20.0,1985,15,0.9925,0.012720680685770595,0.019119553716409114,0.02256746256736794,0.4889385860340382,0.3936109570604962,0.8636039662860332,1.143270628168703,1.4188014507991356,1.143270628168703,1.4188014507991356,0.0,0.0,0.0,0.9925,0.0075,0.0075,0.0,0.0,0.10675,0.0,0.0075,0.0,conditional_geodesic_error_gt_30deg,5.9209363035687295,4.9984856280570424e-14,euclidean_norm_of_cycle_coordinates,mean_over_successfully_projected_trials,True,10.0,True,False,True,True,successful_trials_only,False,,,,,,,,
frame_length,deterministic_multisine,evaluation,tetrahedral,az45_el30,45.0,30.0,0.0,0.0,8192,all_6,1000,2000,3201360619,all_6_cycle_calibrated_hard_p25,plane,20.0,1849,151,0.9245,0.005029860437580997,0.01566913223485088,0.016962683334429785,0.5406055453509678,0.4253856621586176,0.9751519377741765,1.3311815516961325,1.6699599058613805,1.3311815516961325,1.6699599058613805,0.0,0.0,0.0,0.9245,0.0755,0.0755,0.0,0.0,0.24825,0.0,0.0755,0.0,conditional_geodesic_error_gt_30deg,4.523852038002053,4.1258552958782366e-14,euclidean_norm_of_cycle_coordinates,mean_over_successfully_projected_trials,True,25.0,True,False,True,True,successful_trials_only,False,,,,,,,,
frame_length,deterministic_multisine,evaluation,tetrahedral,az45_el30,45.0,30.0,0.0,0.0,8192,all_6,1000,2000,3201360619,all_6_cycle_calibrated_hard_p50,plane,20.0,1147,853,0.5735,0.012758674580886895,0.0033932018842645437,0.011805016187416792,0.6008480659654405,0.4650836139906629,1.0974072563116688,1.5531385827191166,1.7361978081235763,1.5531385827191166,1.7361978081235763,0.0,0.0,0.0,0.5735,0.4265,0.4265,0.0,0.0,0.5048333333333334,0.0,0.4265,0.0,conditional_geodesic_error_gt_30deg,2.3796005639539284,2.5859936397211615e-14,euclidean_norm_of_cycle_coordinates,mean_over_successfully_projected_trials,True,50.0,True,False,True,True,successful_trials_only,False,,,,,,,,
frame_length,deterministic_multisine,evaluation,tetrahedral,az45_el30,45.0,30.0,0.0,0.0,8192,all_6,1000,2000,3201360619,all_6_cycle_calibrated_soft,plane,20.0,2000,0,1.0,0.009142093281611946,0.01028723232030624,0.013384642267762707,0.452671614138162,0.379115914939181,0.7821994306705649,1.00215577286788,1.11225624002483,1.00215577286788,1.11225624002483,0.0,0.0,0.0,1.0,0.0,0.0,0.0,0.0,0.0,0.0,0.0,0.0,conditional_geodesic_error_gt_30deg,7.064194026566432,5.484344396119775e-14,euclidean_norm_of_cycle_coordinates,mean_over_successfully_projected_trials,True,,False,True,True,True,successful_trials_only,False,,,,,,,,
frame_length,deterministic_multisine,evaluation,tetrahedral,az45_el30,45.0,30.0,5.0,5.0,8192,reference_3,1000,2000,2268036855,reference_3_equal,plane,20.0,2000,0,1.0,-0.013250737666733663,0.0005123131964511821,0.011521965509454711,0.5081757162400521,0.42644141199811536,0.8692687890564754,1.0672645346266716,1.2765938866146243,1.0672645346266716,1.2765938866146243,0.0,0.0,0.0,1.0,0.0,0.0,0.0,0.0,0.0,0.0,0.0,0.0,conditional_geodesic_error_gt_30deg,0.0,0.0,euclidean_norm_of_cycle_coordinates,mean_over_successfully_projected_trials,False,,False,False,False,False,successful_trials_only,False,,,,,,,,
frame_length,deterministic_multisine,evaluation,tetrahedral,az45_el30,45.0,30.0,5.0,5.0,8192,all_6,1000,2000,2268036855,all_6_equal,plane,20.0,2000,0,1.0,-0.007831414741307987,0.001383507852212553,0.006959142932058459,0.28119855296063473,0.23171746774343913,0.4929208947550016,0.5962101122792788,0.7297333880162811,0.5962101122792788,0.7297333880162811,0.0,0.0,0.0,1.0,0.0,0.0,0.0,0.0,0.0,0.0,0.0,0.0,conditional_geodesic_error_gt_30deg,0.0,0.0,euclidean_norm_of_cycle_coordinates,mean_over_successfully_projected_trials,False,,False,False,False,False,successful_trials_only,False,,,,,,,,
frame_length,deterministic_multisine,evaluation,tetrahedral,az45_el30,45.0,30.0,5.0,5.0,8192,all_6,1000,2000,2268036855,all_6_cycle_equal,plane,20.0,2000,0,1.0,-0.007831414741306105,0.0013835078522102474,0.006959142984430529,0.2811985529606496,0.23171746774343957,0.4929208947550016,0.5962101122792788,0.7297333880162815,0.5962101122792788,0.7297333880162815,0.0,0.0,0.0,1.0,0.0,0.0,0.0,0.0,0.0,0.0,0.0,0.0,conditional_geodesic_error_gt_30deg,4.039044063804444,5.4948697743227356e-14,euclidean_norm_of_cycle_coordinates,mean_over_successfully_projected_trials,False,,False,False,False,False,successful_trials_only,False,,,,,,,,
frame_length,deterministic_multisine,evaluation,tetrahedral,az45_el30,45.0,30.0,5.0,5.0,8192,all_6,1000,2000,2268036855,all_6_cycle_calibrated_no_rejection,plane,20.0,2000,0,1.0,-0.016735286518255142,-0.00244129217854499,0.01466072403201388,0.28155938029627214,0.23131690237813624,0.4951382408929916,0.5964201857761556,0.7191655904251559,0.5964201857761556,0.7191655904251559,0.0,0.0,0.0,1.0,0.0,0.0,0.0,0.0,0.0,0.0,0.0,0.0,conditional_geodesic_error_gt_30deg,4.045449760022458,5.578498211403972e-14,euclidean_norm_of_cycle_coordinates,mean_over_successfully_projected_trials,True,,False,False,True,False,successful_trials_only,False,,,,,,,,
frame_length,deterministic_multisine,evaluation,tetrahedral,az45_el30,45.0,30.0,5.0,5.0,8192,all_6,1000,2000,2268036855,all_6_cycle_calibrated_hard_p05,plane,20.0,1998,2,0.999,-0.01511475696648919,-9.977486555381314e-05,0.013090563969055086,0.2883430450646998,0.23806341937456224,0.507649466608438,0.6251656876710247,0.8166599960739092,0.6251656876710247,0.8166599960739092,0.0,0.0,0.0,0.999,0.001,0.001,0.0,0.0,0.049333333333333326,0.0,0.001,0.0,conditional_geodesic_error_gt_30deg,3.6957823293430634,5.269610519926712e-14,euclidean_norm_of_cycle_coordinates,mean_over_successfully_projected_trials,True,5.0,True,False,True,True,successful_trials_only,False,,,,,,,,
frame_length,deterministic_multisine,evaluation,tetrahedral,az45_el30,45.0,30.0,5.0,5.0,8192,all_6,1000,2000,2268036855,all_6_cycle_calibrated,plane,20.0,1990,10,0.995,-0.017612969470172685,-0.0006540032604853571,0.015263787809545957,0.2969623698446077,0.2406351123664314,0.522051920285177,0.683727975274616,0.8295445817499589,0.683727975274616,0.8295445817499589,0.0,0.0,0.0,0.995,0.005,0.005,0.0,0.0,0.10458333333333335,0.0,0.005,0.0,conditional_geodesic_error_gt_30deg,3.3465878089710093,4.9515324202523303e-14,euclidean_norm_of_cycle_coordinates,mean_over_successfully_projected_trials,True,10.0,True,False,True,True,successful_trials_only,False,,,,,,,,
frame_length,deterministic_multisine,evaluation,tetrahedral,az45_el30,45.0,30.0,5.0,5.0,8192,all_6,1000,2000,2268036855,all_6_cycle_calibrated_hard_p25,plane,20.0,1852,148,0.926,-0.011337836705322768,0.006364658870515314,0.01182367207914345,0.32529897933166135,0.26655721056487464,0.5764670475243778,0.7646801834036564,1.0136102102916196,0.7646801834036564,1.0136102102916196,0.0,0.0,0.0,0.926,0.074,0.074,0.0,0.0,0.2563333333333333,0.0,0.074,0.0,conditional_geodesic_error_gt_30deg,2.4884417100691536,4.1502201711547975e-14,euclidean_norm_of_cycle_coordinates,mean_over_successfully_projected_trials,True,25.0,True,False,True,True,successful_trials_only,False,,,,,,,,
frame_length,deterministic_multisine,evaluation,tetrahedral,az45_el30,45.0,30.0,5.0,5.0,8192,all_6,1000,2000,2268036855,all_6_cycle_calibrated_hard_p50,plane,20.0,1123,877,0.5615,-0.005101774573547305,0.02784655921401778,0.028434532184115457,0.3774904842014939,0.3146384465170074,0.6576338872369953,0.8203092108891243,0.9869044773251195,0.8203092108891243,0.9869044773251195,0.0,0.0,0.0,0.5615,0.4385,0.4385,0.0,0.0,0.51175,0.0,0.4385,0.0,conditional_geodesic_error_gt_30deg,1.3769395456934836,2.4150549097098483e-14,euclidean_norm_of_cycle_coordinates,mean_over_successfully_projected_trials,True,50.0,True,False,True,True,successful_trials_only,False,,,,,,,,
frame_length,deterministic_multisine,evaluation,tetrahedral,az45_el30,45.0,30.0,5.0,5.0,8192,all_6,1000,2000,2268036855,all_6_cycle_calibrated_soft,plane,20.0,2000,0,1.0,-0.016195006882145577,-0.0013888758331780827,0.014072807039227099,0.2813680160007273,0.23204960527116028,0.4904275713319436,0.592188188895932,0.7215362370438417,0.592188188895932,0.7215362370438417,0.0,0.0,0.0,1.0,0.0,0.0,0.0,0.0,0.0,0.0,0.0,0.0,conditional_geodesic_error_gt_30deg,4.045449760022458,5.536537738174868e-14,euclidean_norm_of_cycle_coordinates,mean_over_successfully_projected_trials,True,,False,True,True,True,successful_trials_only,False,,,,,,,,
frame_length,deterministic_multisine,evaluation,tetrahedral,az45_el30,45.0,30.0,10.0,10.0,8192,reference_3,1000,2000,4075018829,reference_3_equal,plane,20.0,2000,0,1.0,0.006245024373149888,-0.002715144617150772,0.005952359423410754,0.29297929674752754,0.24038605239586397,0.510096198305138,0.6201669333680602,0.8325760373413519,0.6201669333680602,0.8325760373413519,0.0,0.0,0.0,1.0,0.0,0.0,0.0,0.0,0.0,0.0,0.0,0.0,conditional_geodesic_error_gt_30deg,0.0,0.0,euclidean_norm_of_cycle_coordinates,mean_over_successfully_projected_trials,False,,False,False,False,False,successful_trials_only,False,,,,,,,,
frame_length,deterministic_multisine,evaluation,tetrahedral,az45_el30,45.0,30.0,10.0,10.0,8192,all_6,1000,2000,4075018829,all_6_equal,plane,20.0,2000,0,1.0,0.005952219930233845,-0.0016920449035022803,0.005404895376750123,0.17205453840571033,0.1434232348392805,0.3001011077367902,0.3698971098396214,0.43954052197216403,0.3698971098396214,0.43954052197216403,0.0,0.0,0.0,1.0,0.0,0.0,0.0,0.0,0.0,0.0,0.0,0.0,conditional_geodesic_error_gt_30deg,0.0,0.0,euclidean_norm_of_cycle_coordinates,mean_over_successfully_projected_trials,False,,False,False,False,False,successful_trials_only,False,,,,,,,,
frame_length,deterministic_multisine,evaluation,tetrahedral,az45_el30,45.0,30.0,10.0,10.0,8192,all_6,1000,2000,4075018829,all_6_cycle_equal,plane,20.0,2000,0,1.0,0.005952219930236274,-0.0016920449035044336,0.005404895376750123,0.1720545384057368,0.14342323483800992,0.30010110773563636,0.3698971098396214,0.4395405219729925,0.3698971098396214,0.4395405219729925,0.0,0.0,0.0,1.0,0.0,0.0,0.0,0.0,0.0,0.0,0.0,0.0,conditional_geodesic_error_gt_30deg,2.318932550171667,5.481726372464685e-14,euclidean_norm_of_cycle_coordinates,mean_over_successfully_projected_trials,False,,False,False,False,False,successful_trials_only,False,,,,,,,,
frame_length,deterministic_multisine,evaluation,tetrahedral,az45_el30,45.0,30.0,10.0,10.0,8192,all_6,1000,2000,4075018829,all_6_cycle_calibrated_no_rejection,plane,20.0,2000,0,1.0,0.011104914818406184,-0.0017855211508567709,0.009772547408464753,0.17307856024883464,0.14393473023360367,0.3027461908926997,0.3728862133970482,0.4613660939398582,0.3728862133970482,0.4613660939398582,0.0,0.0,0.0,1.0,0.0,0.0,0.0,0.0,0.0,0.0,0.0,0.0,conditional_geodesic_error_gt_30deg,2.3266918602887046,5.5497900510018e-14,euclidean_norm_of_cycle_coordinates,mean_over_successfully_projected_trials,True,,False,False,True,False,successful_trials_only,False,,,,,,,,
frame_length,deterministic_multisine,evaluation,tetrahedral,az45_el30,45.0,30.0,10.0,10.0,8192,all_6,1000,2000,4075018829,all_6_cycle_calibrated_hard_p05,plane,20.0,1998,2,0.999,0.009021168989807198,-0.0020052712199548684,0.008053145103384302,0.1719156376282606,0.1422020801854282,0.2977583633403537,0.3755664804485308,0.4755516261878756,0.3755664804485308,0.4755516261878756,0.0,0.0,0.0,0.999,0.001,0.001,0.0,0.0,0.05333333333333333,0.0,0.001,0.0,conditional_geodesic_error_gt_30deg,2.08138914936094,5.301694892326707e-14,euclidean_norm_of_cycle_coordinates,mean_over_successfully_projected_trials,True,5.0,True,False,True,True,successful_trials_only,False,,,,,,,,
frame_length,deterministic_multisine,evaluation,tetrahedral,az45_el30,45.0,30.0,10.0,10.0,8192,all_6,1000,2000,4075018829,all_6_cycle_calibrated,plane,20.0,1996,4,0.998,0.006191642517541919,-0.0020240461819027397,0.005710560371621401,0.17595125927273472,0.14507107695170682,0.30425673935662906,0.38483822521093297,0.4701041655271276,0.38483822521093297,0.4701041655271276,0.0,0.0,0.0,0.998,0.002,0.002,0.0,0.0,0.09933333333333334,0.0,0.002,0.0,conditional_geodesic_error_gt_30deg,1.9112658427307572,5.1214048439626774e-14,euclidean_norm_of_cycle_coordinates,mean_over_successfully_projected_trials,True,10.0,True,False,True,True,successful_trials_only,False,,,,,,,,
frame_length,deterministic_multisine,evaluation,tetrahedral,az45_el30,45.0,30.0,10.0,10.0,8192,all_6,1000,2000,4075018829,all_6_cycle_calibrated_hard_p25,plane,20.0,1873,127,0.9365,0.0048387041871274725,0.002552278824523862,0.004944325921865494,0.19231922246217936,0.1579625421469222,0.3394276798151436,0.44095426322880793,0.5616891986258882,0.44095426322880793,0.5616891986258882,0.0,0.0,0.0,0.9365,0.0635,0.0635,0.0,0.0,0.24291666666666667,0.0,0.0635,0.0,conditional_geodesic_error_gt_30deg,1.4618667042189089,4.2725680242716376e-14,euclidean_norm_of_cycle_coordinates,mean_over_successfully_projected_trials,True,25.0,True,False,True,True,successful_trials_only,False,,,,,,,,
frame_length,deterministic_multisine,evaluation,tetrahedral,az45_el30,45.0,30.0,10.0,10.0,8192,all_6,1000,2000,4075018829,all_6_cycle_calibrated_hard_p50,plane,20.0,1203,797,0.6015,0.003986429835259474,0.01981958114714724,0.020204790344640625,0.23013651926088202,0.19177248792330176,0.4039654979611743,0.5262762366991535,0.6530513876666991,0.5262762366991535,0.6530513876666991,0.0,0.0,0.0,0.6015,0.3985,0.3985,0.0,0.0,0.4910833333333333,0.0,0.3985,0.0,conditional_geodesic_error_gt_30deg,0.7777297000863783,2.5499861530835318e-14,euclidean_norm_of_cycle_coordinates,mean_over_successfully_projected_trials,True,50.0,True,False,True,True,successful_trials_only,False,,,,,,,,
frame_length,deterministic_multisine,evaluation,tetrahedral,az45_el30,45.0,30.0,10.0,10.0,8192,all_6,1000,2000,4075018829,all_6_cycle_calibrated_soft,plane,20.0,2000,0,1.0,0.010625658707223234,-0.00093319164643001,0.009247186309231653,0.1727652581043564,0.14386652690890786,0.30197881672359383,0.3716173894551502,0.4510015272226887,0.3716173894551502,0.4510015272226887,0.0,0.0,0.0,1.0,0.0,0.0,0.0,0.0,0.0,0.0,0.0,0.0,conditional_geodesic_error_gt_30deg,2.3266918602887046,5.5757846448956825e-14,euclidean_norm_of_cycle_coordinates,mean_over_successfully_projected_trials,True,,False,True,True,True,successful_trials_only,False,,,,,,,,
spherical_model,deterministic_multisine,evaluation,square,az45_el30,45.0,30.0,20.0,20.0,2048,all_6,1000,2000,3350595620,spherical_signal_plane_model,spherical,5.0,2000,0,1.0,-0.000706839155701753,0.2527417834100079,0.2527509392358252,0.27543577244226886,0.25542172786572326,0.41846870424248356,0.48911903295595777,0.5274754553087169,0.48911903295595777,0.5274754553087169,0.0,0.0,0.0,1.0,0.0,0.0,0.0,0.0,,,,,,,,,,,,,,True,,successful_trials_only,False,0.7974781205472896,1.7850002467650516,2.1987240811159974,2.9152295015676337,0.5,0.00496270435286365,3.4634473461241075e-13,False
spherical_model,deterministic_multisine,evaluation,square,az45_el30,45.0,30.0,20.0,20.0,2048,all_6,1000,2000,3350595620,spherical_signal_exact_known_range,spherical,5.0,2000,0,1.0,-0.0012576924757555054,0.08882471585716745,0.08883973224855381,0.1415185603382168,0.1078249229783624,0.25847090219156443,0.3293459916921117,0.3666992537081451,0.3293459916921117,0.3666992537081451,0.0,0.0,0.0,1.0,0.0,0.0,0.0,0.0,,,,,,,,,,,,,,True,,successful_trials_only,False,0.7974781205472896,1.7850002467650516,2.1987240811159974,2.9152295015676337,0.5,0.00496270435286365,3.4634473461241075e-13,True
spherical_model,deterministic_multisine,evaluation,square,az45_el30,45.0,30.0,20.0,20.0,2048,all_6,1000,2000,1877831716,spherical_signal_plane_model,spherical,10.0,2000,0,1.0,5.278372952655872e-05,0.18489519979360278,0.18490421696585266,0.212902777630912,0.18874774767315897,0.34498381173929377,0.4190794565505985,0.48080475522988364,0.4190794565505985,0.48080475522988364,0.0,0.0,0.0,1.0,0.0,0.0,0.0,0.0,,,,,,,,,,,,,,True,,successful_trials_only,False,0.7928386958918728,0.8926284170868116,1.0963892103882746,1.4576895061935786,0.5,0.0012405365333888552,5.469536919726065e-13,False
spherical_model,deterministic_multisine,evaluation,square,az45_el30,45.0,30.0,20.0,20.0,2048,all_6,1000,2000,1877831716,spherical_signal_exact_known_range,spherical,10.0,2000,0,1.0,-0.0037446594514093158,0.10348098855552243,0.10354068762886535,0.14808147143083117,0.11696944178042118,0.2650608575681875,0.3395396580115436,0.4000522745847545,0.3395396580115436,0.4000522745847545,0.0,0.0,0.0,1.0,0.0,0.0,0.0,0.0,,,,,,,,,,,,,,True,,successful_trials_only,False,0.7928386958918728,0.8926284170868116,1.0963892103882746,1.4576895061935786,0.5,0.0012405365333888552,5.469536919726065e-13,True
spherical_model,deterministic_multisine,evaluation,square,az45_el30,45.0,30.0,20.0,20.0,2048,all_6,1000,2000,2342018693,spherical_signal_plane_model,spherical,20.0,2000,0,1.0,-0.006181019747953087,0.14177370687347038,0.14188279859797162,0.17867025013231375,0.14903513693071554,0.30525344231207974,0.3781765228444319,0.43590871808512477,0.3781765228444319,0.43590871808512477,0.0,0.0,0.0,1.0,0.0,0.0,0.0,0.0,,,,,,,,,,,,,,True,,successful_trials_only,False,0.8034556239760392,0.4463302478618173,0.5474285715355667,0.7288584184266433,0.5,0.00031012541328560394,2.3794333066229254e-12,False
spherical_model,deterministic_multisine,evaluation,square,az45_el30,45.0,30.0,20.0,20.0,2048,all_6,1000,2000,2342018693,spherical_signal_exact_known_range,spherical,20.0,2000,0,1.0,-0.0017262750084050971,0.11241013424969824,0.11242829094677237,0.1564084836735246,0.12213765093800837,0.2760239730603135,0.3492377914656288,0.40781803911921904,0.3492377914656288,0.40781803911921904,0.0,0.0,0.0,1.0,0.0,0.0,0.0,0.0,,,,,,,,,,,,,,True,,successful_trials_only,False,0.8034556239760392,0.4463302478618173,0.5474285715355667,0.7288584184266433,0.5,0.00031012541328560394,2.3794333066229254e-12,True
spherical_model,deterministic_multisine,evaluation,square,az45_el30,45.0,30.0,20.0,20.0,2048,all_6,1000,2000,1791137396,spherical_signal_plane_model,spherical,50.0,2000,0,1.0,-0.0009273059739407889,0.13883912999333198,0.13884976236968496,0.17715396954804008,0.14560134416916543,0.30389391699669616,0.3726801925623804,0.4481770923799842,0.3726801925623804,0.4481770923799842,0.0,0.0,0.0,1.0,0.0,0.0,0.0,0.0,,,,,,,,,,,,,,True,,successful_trials_only,False,0.7945886014684125,0.17853389561417396,0.21878464319353497,0.29154489795810884,0.5,4.96196762132571e-05,3.184572365007621e-12,False
spherical_model,deterministic_multisine,evaluation,square,az45_el30,45.0,30.0,20.0,20.0,2048,all_6,1000,2000,1791137396,spherical_signal_exact_known_range,spherical,50.0,2000,0,1.0,-0.0012747360697715063,0.13097822103787846,0.13099118102964166,0.17109579782949233,0.138879510868127,0.2960623014593975,0.3648406640073744,0.4405099715729659,0.3648406640073744,0.4405099715729659,0.0,0.0,0.0,1.0,0.0,0.0,0.0,0.0,,,,,,,,,,,,,,True,,successful_trials_only,False,0.7945886014684125,0.17853389561417396,0.21878464319353497,0.29154489795810884,0.5,4.96196762132571e-05,3.184572365007621e-12,True
spherical_model,deterministic_multisine,evaluation,tetrahedral,az45_el30,45.0,30.0,20.0,20.0,2048,all_6,1000,2000,3915143845,spherical_signal_plane_model,spherical,5.0,2000,0,1.0,-0.02093561359692172,0.06439143242687408,0.0669029415980665,0.09075983883231957,0.08040184910776786,0.14784302953973738,0.1753105680450028,0.21326977414433157,0.1753105680450028,0.21326977414433157,0.0,0.0,0.0,1.0,0.0,0.0,0.0,0.0,,,,,,,,,,,,,,True,,successful_trials_only,False,0.5812084816292856,2.704920455561077,3.9423243071838066,4.143162178086625,0.5,0.08761028089177589,1.4630551534732174e-13,False
spherical_model,deterministic_multisine,evaluation,tetrahedral,az45_el30,45.0,30.0,20.0,20.0,2048,all_6,1000,2000,3915143845,spherical_signal_exact_known_range,spherical,5.0,2000,0,1.0,0.00022164933485247903,-0.009324625814616584,0.009316931464529582,0.06282640361453296,0.05060368672244018,0.11113352893920994,0.13881120123319352,0.16583067946802088,0.13881120123319352,0.16583067946802088,0.0,0.0,0.0,1.0,0.0,0.0,0.0,0.0,,,,,,,,,,,,,,True,,successful_trials_only,False,0.5812084816292856,2.704920455561077,3.9423243071838066,4.143162178086625,0.5,0.08761028089177589,1.4630551534732174e-13,True
spherical_model,deterministic_multisine,evaluation,tetrahedral,az45_el30,45.0,30.0,20.0,20.0,2048,all_6,1000,2000,4142479615,spherical_signal_plane_model,spherical,10.0,2000,0,1.0,0.003771028454340927,0.02694199817314317,0.02714874675261472,0.06809277686781952,0.05716057266842401,0.11678690726977872,0.1416632396580052,0.16458848402363732,0.1416632396580052,0.16458848402363732,0.0,0.0,0.0,1.0,0.0,0.0,0.0,0.0,,,,,,,,,,,,,,True,,successful_trials_only,False,0.5813688476480564,1.3580431415617997,1.978608656779627,2.06661427857598,0.5,0.04383502557488923,4.450163188659458e-13,False
spherical_model,deterministic_multisine,evaluation,tetrahedral,az45_el30,45.0,30.0,20.0,20.0,2048,all_6,1000,2000,4142479615,spherical_signal_exact_known_range,spherical,10.0,2000,0,1.0,-0.0024451676536937543,-0.00995267334270876,0.010165882496586507,0.06366103455884385,0.052967568255711014,0.11041052104862016,0.13552585657560137,0.1628658546660974,0.13552585657560137,0.1628658546660974,0.0,0.0,0.0,1.0,0.0,0.0,0.0,0.0,,,,,,,,,,,,,,True,,successful_trials_only,False,0.5813688476480564,1.3580431415617997,1.978608656779627,2.06661427857598,0.5,0.04383502557488923,4.450163188659458e-13,True
spherical_model,deterministic_multisine,evaluation,tetrahedral,az45_el30,45.0,30.0,20.0,20.0,2048,all_6,1000,2000,1669755524,spherical_signal_plane_model,spherical,20.0,2000,0,1.0,-0.003779970095268607,0.009491174323582862,0.010048438009317153,0.06271807313589582,0.05205449311977609,0.11182299408023116,0.13275580794220854,0.1567226387419874,0.13275580794220854,0.1567226387419874,0.0,0.0,0.0,1.0,0.0,0.0,0.0,0.0,,,,,,,,,,,,,,True,,successful_trials_only,False,0.5848879729496883,0.6804083188951588,0.9911492847730109,1.0320466769623573,0.5,0.02192368309658593,1.341538208561124e-12,False
spherical_model,deterministic_multisine,evaluation,tetrahedral,az45_el30,45.0,30.0,20.0,20.0,2048,all_6,1000,2000,1669755524,spherical_signal_exact_known_range,spherical,20.0,2000,0,1.0,0.000942481259250237,-0.009305424549312043,0.009332059269298783,0.06281183866578169,0.05144904845276562,0.10937659040151149,0.1339520035978258,0.16391182123030512,0.1339520035978258,0.16391182123030512,0.0,0.0,0.0,1.0,0.0,0.0,0.0,0.0,,,,,,,,,,,,,,True,,successful_trials_only,False,0.5848879729496883,0.6804083188951588,0.9911492847730109,1.0320466769623573,0.5,0.02192368309658593,1.341538208561124e-12,True
spherical_model,deterministic_multisine,evaluation,tetrahedral,az45_el30,45.0,30.0,20.0,20.0,2048,all_6,1000,2000,4278566455,spherical_signal_plane_model,spherical,50.0,2000,0,1.0,0.0011520091117180233,-0.0014895483199378347,0.0017847955823310363,0.061938363243448535,0.05163869748917564,0.1077893280373106,0.13112038021366915,0.148686973138379,0.13112038021366915,0.148686973138379,0.0,0.0,0.0,1.0,0.0,0.0,0.0,0.0,,,,,,,,,,,,,,True,,successful_trials_only,False,0.5835655389407479,0.27249496346671953,0.3969003173295328,0.41251269562373033,0.5,0.00877078524315455,6.653139597772057e-13,False
spherical_model,deterministic_multisine,evaluation,tetrahedral,az45_el30,45.0,30.0,20.0,20.0,2048,all_6,1000,2000,4278566455,spherical_signal_exact_known_range,spherical,50.0,2000,0,1.0,0.0027664785007898715,-0.009501707795246552,0.009789980320572043,0.06276517592902331,0.051292896995205756,0.10997036721811605,0.1337492538366893,0.14704950823148283,0.1337492538366893,0.14704950823148283,0.0,0.0,0.0,1.0,0.0,0.0,0.0,0.0,,,,,,,,,,,,,,True,,successful_trials_only,False,0.5835655389407479,0.27249496346671953,0.3969003173295328,0.41251269562373033,0.5,0.00877078524315455,6.653139597772057e-13,True
