study_type,signal_model,split,geometry,direction,azimuth_deg,elevation_deg,SNR,snr_db,frame_length,pair,calibration_trial_count,evaluation_trial_count,seed,estimator_variant,propagation_model,distance_m,pair_bias_vector_us,covariance_matrix_us2,correlation_matrix,eigenvalues_us2,condition_number,rank,confidence_threshold_vector,confidence_thresholds_by_percentile,confidence_error_spearman_vector,mean_confidence_error_spearman,complete_calibration_fraction,relative_error_vs_independent_tdoa_covariance,relative_error_vs_independent_toa_covariance,independent_tdoa_covariance_us2,independent_toa_covariance_us2,benchmark_name,exact_crlb_claimed
fine_snr,deterministic_multisine,calibration,square,az45_el30,45.0,30.0,-10.0,-10.0,2048,all_6,1000,2000,3545294353,gaussian_covariance_benchmark,plane,20.0,"[-29.112558061273113,-92.1127254500994,-29.76566459470522,-34.317775824985304,1.2493352141592555,29.25442623199189]","[[15700.975352661382,457.3220479391968,-674.8171115523396,1113.295397326094,-948.8826788673628,-82.5207701756121],[457.3220479391968,63431.13457857031,563.1210883156662,-169.13896091798298,-1140.5694450440087,-127.32103324907236],[-674.8171115523396,563.1210883156662,14943.926249524511,-23.950157790931367,-22.568770088978972,-41.55587395853143],[1113.295397326094,-169.13896091798298,-23.950157790931367,16910.878391126116,124.71767363427634,-76.9652280292354],[-948.8826788673628,-1140.5694450440087,-22.568770088978972,124.71767363427634,15099.756964935508,118.7460369442503],[-82.5207701756121,-127.32103324907236,-41.55587395853143,-76.9652280292354,118.7460369442503,15098.955582188202]]","[[1.0000000000000002,0.014491307894145166,-0.04405451383012952,0.06832254170631902,-0.06162603474278405,-0.005359527491450654],[0.014491307894145166,1.0,0.01829018902961212,-0.005164274698120197,-0.03685407493674148,-0.004114105845888236],[-0.04405451383012952,0.01829018902961212,1.0,-0.0015065825676577398,-0.0015024172314133779,-0.0027664741009166636],[0.06832254170631902,-0.005164274698120197,-0.0015065825676577398,1.0000000000000002,0.007804766948191983,-0.004816571631274365],[-0.06162603474278405,-0.03685407493674148,-0.0015024172314133779,0.007804766948191983,1.0,0.007864311221928003],[-0.005359527491450654,-0.004114105845888236,-0.0027664741009166636,-0.004816571631274365,0.007864311221928003,1.0]]","[13947.308511734202,14924.996297182452,15148.58725181641,15996.283175433426,17698.296586365956,63470.1552964736]",4.5507099267987545,6,"[1.148566424566552,1.136556386557378,1.1409104292725731,1.1738114158827264,1.128059511552403,1.1569721992317166]","{""p05"":[1.0995751792219721,1.0698264313561379,1.0720686042798113,1.108280493844675,1.085398666349489,1.0901621829852304],""p10"":[1.148566424566552,1.136556386557378,1.1409104292725731,1.1738114158827264,1.128059511552403,1.1569721992317166],""p25"":[1.296652473248102,1.2710687540792254,1.2770219400449336,1.3040461441995896,1.2565599929467803,1.2919994289228456],""p50"":[1.4538580724826804,1.4360195552847803,1.454112285272339,1.4617370455160121,1.4301433391026568,1.444959787156034]}","[-0.3365227748672365,-0.3385464377184704,-0.3322985192954149,-0.3826764862291942,-0.29156038305910764,-0.3161665159605142]",-0.33296185285498964,1.0,0.605401156467367,0.9982229459478399,"[[23530.93785316767,0.0,0.0,0.0,0.0,0.0],[0.0,23530.93785316767,0.0,0.0,0.0,0.0],[0.0,0.0,23530.93785316767,0.0,0.0,0.0],[0.0,0.0,0.0,23530.93785316767,0.0,0.0],[0.0,0.0,0.0,0.0,23530.93785316767,0.0],[0.0,0.0,0.0,0.0,0.0,23530.93785316767]]","[[23530.937853167674,11765.468926583837,11765.468926583837,-11765.468926583837,-11765.468926583837,0.0],[11765.468926583837,23530.937853167674,11765.468926583837,11765.468926583837,0.0,-11765.468926583837],[11765.468926583837,11765.468926583837,23530.937853167674,0.0,11765.468926583837,11765.468926583837],[-11765.468926583837,11765.468926583837,0.0,23530.937853167674,11765.468926583837,-11765.468926583837],[-11765.468926583837,0.0,11765.468926583837,11765.468926583837,23530.937853167674,11765.468926583837],[0.0,-11765.468926583837,11765.468926583837,-11765.468926583837,11765.468926583837,23530.937853167674]]",Gaussian covariance benchmark,False
fine_snr,deterministic_multisine,calibration,square,az45_el30,45.0,30.0,-8.0,-8.0,2048,all_6,1000,2000,2028066019,gaussian_covariance_benchmark,plane,20.0,"[-6.020661840057485,-18.627485568494084,-6.506946810353901,-7.535032903549706,2.109112711279042,6.618709058152229]","[[2691.855318982017,-231.47182498334533,-56.967292414480724,-61.47507085780205,6.315753931030591,20.326982257717233],[-231.47182498334533,15490.323487549707,-23.757077993812985,656.3314435464847,217.5768571805581,41.72386625463905],[-56.967292414480724,-23.757077993812985,4483.804912182906,-69.23287941613955,92.3339092536139,104.5880854511721],[-61.47507085780205,656.3314435464847,-69.23287941613955,4166.726283821817,50.81501121439673,-299.975067979023],[6.315753931030591,217.5768571805581,92.3339092536139,50.81501121439673,4587.923958193065,-213.01323130895696],[20.326982257717233,41.72386625463905,104.5880854511721,-299.975067979023,-213.01323130895696,3644.08670782602]]","[[1.0000000000000002,-0.03584611016511882,-0.01639745196418339,-0.01835590050346929,0.0017971785999689308,0.006490119601108288],[-0.03584611016511882,1.0,-0.002850620641695466,0.08169500076979051,0.02580918852750037,0.00555341271011986],[-0.01639745196418339,-0.002850620641695466,0.9999999999999998,-0.016017382770496028,0.020357749373793303,0.025874055643830173],[-0.01835590050346929,0.08169500076979051,-0.016017382770496028,1.0000000000000002,0.011622148870257004,-0.07698273267561],[0.0017971785999689308,0.02580918852750037,0.020357749373793303,0.011622148870257004,0.9999999999999998,-0.05209596940870296],[0.006490119601108288,0.00555341271011986,0.025874055643830173,-0.07698273267561,-0.05209596940870296,1.0]]","[2683.6014523901827,3464.3176989347476,4185.442085515898,4527.478313261589,4666.847463335964,15537.033655117148]",5.789620377973375,6,"[1.2174986269789616,1.2284408277461047,1.228137473051812,1.2513380877019589,1.2245960040067376,1.2430067262135245]","{""p05"":[1.1608041569002556,1.152693093497653,1.1651440319149462,1.1661887056172042,1.1384134348977848,1.1673370053189986],""p10"":[1.2174986269789616,1.2284408277461047,1.228137473051812,1.2513380877019589,1.2245960040067376,1.2430067262135245],""p25"":[1.3733237792009765,1.349226494943631,1.3620008057627282,1.3724699611826285,1.3501673082099463,1.3674970520126424],""p50"":[1.5335281753458545,1.498374439828175,1.500103671311063,1.5194381960453245,1.5012936305254048,1.5149988504915322]}","[-0.1800834360834361,-0.2278063024897214,-0.2078867865104469,-0.2342186469213029,-0.26899175299175304,-0.18325967125967127]",-0.21704109937605523,1.0,0.6003440863455248,0.9872921308008703,"[[5844.120111425921,0.0,0.0,0.0,0.0,0.0],[0.0,5844.120111425921,0.0,0.0,0.0,0.0],[0.0,0.0,5844.120111425921,0.0,0.0,0.0],[0.0,0.0,0.0,5844.120111425921,0.0,0.0],[0.0,0.0,0.0,0.0,5844.120111425921,0.0],[0.0,0.0,0.0,0.0,0.0,5844.120111425921]]","[[5844.12011142592,2922.06005571296,2922.06005571296,-2922.06005571296,-2922.06005571296,0.0],[2922.06005571296,5844.12011142592,2922.06005571296,2922.06005571296,0.0,-2922.06005571296],[2922.06005571296,2922.06005571296,5844.12011142592,0.0,2922.06005571296,2922.06005571296],[-2922.06005571296,2922.06005571296,0.0,5844.12011142592,2922.06005571296,-2922.06005571296],[-2922.06005571296,0.0,2922.06005571296,2922.06005571296,5844.12011142592,2922.06005571296],[0.0,-2922.06005571296,2922.06005571296,-2922.06005571296,2922.06005571296,5844.12011142592]]",Gaussian covariance benchmark,False
fine_snr,deterministic_multisine,calibration,square,az45_el30,45.0,30.0,-6.0,-6.0,2048,all_6,1000,2000,3690967975,gaussian_covariance_benchmark,plane,20.0,"[-1.1273381010215477,-1.9793223435623415,-0.6281391545659207,-0.009230078818810763,1.1180523284581556,-0.27447883518140687]","[[164.14193082195803,1.7178867034124878,-3.223214265072825,-3.44770298258052,-5.591415548811432,-4.793615282283333],[1.7178867034124878,1397.2877874695762,3.8376693261289554,11.677375186787222,1.0638029928042692,1.9058789974099268],[-3.223214265072825,3.8376693261289554,498.5442553314858,-0.1922516610250258,-1.8839480891035987,-5.926109055851783],[-3.44770298258052,11.677375186787222,-0.1922516610250258,69.24286252947168,0.851307116457774,-4.035049301447494],[-5.591415548811432,1.0638029928042692,-1.8839480891035987,0.851307116457774,413.20974320742107,-0.7933844568484903],[-4.793615282283333,1.9058789974099268,-5.926109055851783,-4.035049301447494,-0.7933844568484903,87.1912307958759]]","[[1.0,0.0035870862373676518,-0.011267499550516466,-0.03233944548658986,-0.021469736990817622,-0.040069784175411946],[0.0035870862373676518,1.0,0.004598040170362761,0.037541774408985935,0.0014000160015240615,0.005460293513323931],[-0.011267499550516466,0.004598040170362761,1.0000000000000002,-0.0010347388036533217,-0.004150799895402765,-0.02842375015889728],[-0.03233944548658986,0.037541774408985935,-0.0010347388036533217,0.9999999999999998,0.005032844132212788,-0.05193079062125174],[-0.021469736990817622,0.0014000160015240615,-0.004150799895402765,0.005032844132212788,1.0,-0.0041798626122201595],[-0.040069784175411946,0.005460293513323931,-0.02842375015889728,-0.05193079062125174,-0.0041798626122201595,1.0]]","[68.06321043327303,87.7634213407434,164.39600891374099,413.2999921366782,498.6823689870643,1397.4128083442897]",20.531103358902943,6,"[1.3128500272598125,1.328950184310734,1.3246032016540084,1.3201150788003544,1.3269707729813653,1.3118584012478691]","{""p05"":[1.2539999313528702,1.2633379843437471,1.2554215488212646,1.2698763642718265,1.2574280222904342,1.2384736281839746],""p10"":[1.3128500272598125,1.328950184310734,1.3246032016540084,1.3201150788003544,1.3269707729813653,1.3118584012478691],""p25"":[1.4135630621610233,1.427379231267561,1.4352894732238077,1.4304420075674158,1.4271031662801392,1.4291701024663714],""p50"":[1.541580442897351,1.5636062123506214,1.5602778240913504,1.5585562642446469,1.5581592545800858,1.556573690469821]}","[-0.21090550290550292,-0.056862212862212866,-0.17093227493227495,-0.16485935685935688,-0.2213032013032013,-0.06781054381054381]",-0.1487788487788488,1.0,0.7225745640394935,0.9968281292161347,"[[438.26963502596476,0.0,0.0,0.0,0.0,0.0],[0.0,438.26963502596476,0.0,0.0,0.0,0.0],[0.0,0.0,438.26963502596476,0.0,0.0,0.0],[0.0,0.0,0.0,438.26963502596476,0.0,0.0],[0.0,0.0,0.0,0.0,438.26963502596476,0.0],[0.0,0.0,0.0,0.0,0.0,438.26963502596476]]","[[438.2696350259647,219.13481751298235,219.13481751298235,-219.13481751298235,-219.13481751298235,0.0],[219.13481751298235,438.2696350259647,219.13481751298235,219.13481751298235,0.0,-219.13481751298235],[219.13481751298235,219.13481751298235,438.2696350259647,0.0,219.13481751298235,219.13481751298235],[-219.13481751298235,219.13481751298235,0.0,438.2696350259647,219.13481751298235,-219.13481751298235],[-219.13481751298235,0.0,219.13481751298235,219.13481751298235,438.2696350259647,219.13481751298235],[0.0,-219.13481751298235,219.13481751298235,-219.13481751298235,219.13481751298235,438.2696350259647]]",Gaussian covariance benchmark,False
fine_snr,deterministic_multisine,calibration,square,az45_el30,45.0,30.0,-4.0,-4.0,2048,all_6,1000,2000,4177773225,gaussian_covariance_benchmark,plane,20.0,"[0.25570453833166473,0.03627814460656494,-0.04244042555751689,0.04739523131462733,-0.27061700536928823,-0.0007369693269682618]","[[41.44926465613827,3.1587891120361395,1.6256789713284965,-1.4485674788958143,-4.190296109413626,-0.7157937800825306],[3.1587891120361395,42.633344531603655,1.719647794623204,1.2389652458397078,-1.4179717112289005,-2.8157380071561495],[1.6256789713284965,1.719647794623204,42.62331242284478,2.6754829244474663,4.223439347518309,1.0256274733293833],[-1.4485674788958143,1.2389652458397078,2.6754829244474663,40.4742001403287,3.3855338406952797,-3.7592295062979435],[-4.190296109413626,-1.4179717112289005,4.223439347518309,3.3855338406952797,60.2288791556385,1.1770770124813648],[-0.7157937800825306,-2.8157380071561495,1.0256274733293833,-3.7592295062979435,1.1770770124813648,38.764834962748296]]","[[0.9999999999999999,0.07514282447954077,0.03867699944494171,-0.03536642636156976,-0.08386560958142275,-0.017857083749777364],[0.07514282447954077,1.0000000000000002,0.04034049346896651,0.02982601863113345,-0.027982755266301663,-0.06926256511315822],[0.03867699944494171,0.04034049346896651,1.0,0.06441536135233013,0.08335665381510743,0.02523173282554646],[-0.03536642636156976,0.02982601863113345,0.06441536135233013,1.0,0.06857023395029994,-0.09490535842501024],[-0.08386560958142275,-0.027982755266301663,0.08335665381510743,0.06857023395029994,0.9999999999999998,0.024360349679630255],[-0.017857083749777364,-0.06926256511315822,0.02523173282554646,-0.09490535842501024,0.024360349679630255,1.0]]","[34.279425794079785,37.6555459077662,40.642555488264236,42.97016837004603,47.865442577095564,62.76069773205035]",1.8308561557903753,6,"[1.360587117519204,1.3660504358850813,1.3782101412585044,1.3889483171511903,1.3818015826241488,1.3657827839765635]","{""p05"":[1.3077577846516835,1.308147289224286,1.3160596392156645,1.332242995442211,1.3343786521139096,1.303857330494337],""p10"":[1.360587117519204,1.3660504358850813,1.3782101412585044,1.3889483171511903,1.3818015826241488,1.3657827839765635],""p25"":[1.457732489799647,1.4678101417820923,1.4626698012285275,1.4713212128449482,1.4544739746539364,1.460452154546487],""p50"":[1.578156352116304,1.5870783761652434,1.5802969070000108,1.5831503966704827,1.5701440572571284,1.5779481633160777]}","[-0.08807870807870809,0.062211494211494224,-0.08142359742359742,-0.15117696717696716,-0.22149248949248954,-0.09076468276468277]",-0.09512082512082513,1.0,0.20408555648607887,0.8863625547735408,"[[44.36230597821704,0.0,0.0,0.0,0.0,0.0],[0.0,44.36230597821704,0.0,0.0,0.0,0.0],[0.0,0.0,44.36230597821704,0.0,0.0,0.0],[0.0,0.0,0.0,44.36230597821704,0.0,0.0],[0.0,0.0,0.0,0.0,44.36230597821704,0.0],[0.0,0.0,0.0,0.0,0.0,44.36230597821704]]","[[44.36230597821703,22.181152989108515,22.181152989108515,-22.181152989108515,-22.181152989108515,0.0],[22.181152989108515,44.36230597821703,22.181152989108515,22.181152989108515,0.0,-22.181152989108515],[22.181152989108515,22.181152989108515,44.36230597821703,0.0,22.181152989108515,22.181152989108515],[-22.181152989108515,22.181152989108515,0.0,44.36230597821703,22.181152989108515,-22.181152989108515],[-22.181152989108515,0.0,22.181152989108515,22.181152989108515,44.36230597821703,22.181152989108515],[0.0,-22.181152989108515,22.181152989108515,-22.181152989108515,22.181152989108515,44.36230597821703]]",Gaussian covariance benchmark,False
fine_snr,deterministic_multisine,calibration,square,az45_el30,45.0,30.0,-2.0,-2.0,2048,all_6,1000,2000,623499171,gaussian_covariance_benchmark,plane,20.0,"[-0.10600787235942846,0.15906662845473798,-0.17489426484705559,-0.09303231895396469,-0.06858424056521559,0.057288558078591865]","[[26.150979675894693,2.131473680627552,0.020361297753603406,-2.5902298493164486,-3.3391929584580495,-0.6275651537625541],[2.131473680627552,26.791503442225483,0.470776818382215,0.28152066163718054,0.8065021544943493,-1.953125752113811],[0.020361297753603406,0.470776818382215,24.699442965051308,1.0025660890033943,0.8428431452359826,0.9925978191172552],[-2.5902298493164486,0.28152066163718054,1.0025660890033943,26.8146314418895,1.5215202180023149,-1.8066610624778732],[-3.3391929584580495,0.8065021544943493,0.8428431452359826,1.5215202180023149,25.35089582796005,1.1659500268625345],[-0.6275651537625541,-1.953125752113811,0.9925978191172552,-1.8066610624778732,1.1659500268625345,23.902678874144236]]","[[0.9999999999999999,0.08052624537554125,0.0008011574836548704,-0.09781566372229632,-0.1296883243599574,-0.025101030468970848],[0.08052624537554125,1.0,0.01830092104591205,0.010503301103403518,0.030946414191887907,-0.07718063993452542],[0.0008011574836548704,0.01830092104591205,0.9999999999999999,0.03895682149294556,0.0336826710782288,0.04085135335450123],[-0.09781566372229632,0.010503301103403518,0.03895682149294556,1.0000000000000002,0.05835729542500447,-0.0713620767408597],[-0.1296883243599574,0.030946414191887907,0.0336826710782288,0.05835729542500447,1.0000000000000002,0.047365267349600254],[-0.025101030468970848,-0.07718063993452542,0.04085135335450123,-0.0713620767408597,0.047365267349600254,1.0000000000000002]]","[21.02880513043176,21.655789234304358,24.76120188792946,26.084878703127462,28.73873718312448,31.440720088247744]",1.4951263228336458,6,"[1.4018999150403215,1.4095446032151062,1.411304340446987,1.4085286648479431,1.393827918947789,1.40294389599231]","{""p05"":[1.3623158488384797,1.3717799752786315,1.3757562282401277,1.359357891906324,1.3511805884223909,1.3595465712995711],""p10"":[1.4018999150403215,1.4095446032151062,1.411304340446987,1.4085286648479431,1.393827918947789,1.40294389599231],""p25"":[1.4961533324908258,1.4890223304533792,1.4848335345111074,1.4840652064482196,1.4638632032301322,1.4830763495617119],""p50"":[1.5950385831645473,1.5991911053816956,1.5890086555288865,1.5925640324640076,1.5699667758031155,1.5877195255734708]}","[-0.09763474963474965,0.20116954516954522,-0.10623332223332224,-0.14492426492426494,-0.4273390153390153,-0.09426455826455828]",-0.11153772753772755,1.0,0.1422737012114665,0.8841944458323154,"[[25.61835537119421,0.0,0.0,0.0,0.0,0.0],[0.0,25.61835537119421,0.0,0.0,0.0,0.0],[0.0,0.0,25.61835537119421,0.0,0.0,0.0],[0.0,0.0,0.0,25.61835537119421,0.0,0.0],[0.0,0.0,0.0,0.0,25.61835537119421,0.0],[0.0,0.0,0.0,0.0,0.0,25.61835537119421]]","[[25.61835537119421,12.809177685597104,12.809177685597104,-12.809177685597104,-12.809177685597104,0.0],[12.809177685597104,25.61835537119421,12.809177685597104,12.809177685597104,0.0,-12.809177685597104],[12.809177685597104,12.809177685597104,25.61835537119421,0.0,12.809177685597104,12.809177685597104],[-12.809177685597104,12.809177685597104,0.0,25.61835537119421,12.809177685597104,-12.809177685597104],[-12.809177685597104,0.0,12.809177685597104,12.809177685597104,25.61835537119421,12.809177685597104],[0.0,-12.809177685597104,12.809177685597104,-12.809177685597104,12.809177685597104,25.61835537119421]]",Gaussian covariance benchmark,False
fine_snr,deterministic_multisine,calibration,square,az45_el30,45.0,30.0,0.0,0.0,2048,all_6,1000,2000,26834054,gaussian_covariance_benchmark,plane,20.0,"[-0.03997862585890076,-0.1037650742626298,0.15134769645136578,-0.15255764967950777,0.10292277767448896,0.29424395191298014]","[[17.239831330969327,0.8661951755392419,1.4687391851511478,-1.4564539754632708,-2.5723897196768135,-0.24750381506222047],[0.8661951755392419,16.970929943720634,0.7486390058948645,0.8120625427314802,-0.1965329462710349,-1.4574688797891595],[1.4687391851511478,0.7486390058948645,16.631260354117185,0.34962878879367953,1.2224245137040417,1.528038795128647],[-1.4564539754632708,0.8120625427314802,0.34962878879367953,16.182923272113758,1.6247943575500552,-1.3586054909781466],[-2.5723897196768135,-0.1965329462710349,1.2224245137040417,1.6247943575500552,16.436503202194427,1.9262524600680364],[-0.24750381506222047,-1.4574688797891595,1.528038795128647,-1.3586054909781466,1.9262524600680364,16.18033228304314]]","[[0.9999999999999998,0.05064031913091166,0.08673923636169327,-0.08719704581414447,-0.15281484480132154,-0.014819094697238609],[0.05064031913091166,1.0,0.044561217660933225,0.04900136417963989,-0.011767327216111833,-0.08795342417934855],[0.08673923636169327,0.044561217660933225,1.0,0.021311602983617225,0.07393579634154794,0.09314897522948089],[-0.08719704581414447,0.04900136417963989,0.021311602983617225,0.9999999999999998,0.09962428106996411,-0.08395975448246755],[-0.15281484480132154,-0.011767327216111833,0.07393579634154794,0.09962428106996411,1.0000000000000002,0.11811764348768518],[-0.014819094697238609,-0.08795342417934855,0.09314897522948089,-0.08395975448246755,0.11811764348768518,1.0]]","[12.802032595499483,13.368432186781224,14.989297215891241,18.525512203335776,19.140023169227018,20.81648301542374]",1.6260295277440329,6,"[1.4253510457207608,1.4271573235984973,1.4240905247412352,1.4291993798590115,1.4292308686880961,1.425599024041332]","{""p05"":[1.3894172965490732,1.380942411606549,1.383005657493012,1.385941015234131,1.3929849107928431,1.3973422944829832],""p10"":[1.4253510457207608,1.4271573235984973,1.4240905247412352,1.4291993798590115,1.4292308686880961,1.425599024041332],""p25"":[1.5007103968549749,1.5002613102741993,1.4932362990887342,1.5008632753717803,1.4931606567022424,1.494768859896489],""p50"":[1.596403990054475,1.5894792521033687,1.5838871802425571,1.5929050284785444,1.5923428820165564,1.5867350596179153]}","[-0.10695538695538696,0.442022818022818,-0.09732008532008533,-0.08536470136470137,-0.5792942672942674,-0.06306065106065106]",-0.08166204566204568,1.0,0.17998527890358576,0.8179330744803965,"[[16.606963397693075,0.0,0.0,0.0,0.0,0.0],[0.0,16.606963397693075,0.0,0.0,0.0,0.0],[0.0,0.0,16.606963397693075,0.0,0.0,0.0],[0.0,0.0,0.0,16.606963397693075,0.0,0.0],[0.0,0.0,0.0,0.0,16.606963397693075,0.0],[0.0,0.0,0.0,0.0,0.0,16.606963397693075]]","[[16.606963397693075,8.303481698846538,8.303481698846538,-8.303481698846538,-8.303481698846538,0.0],[8.303481698846538,16.606963397693075,8.303481698846538,8.303481698846538,0.0,-8.303481698846538],[8.303481698846538,8.303481698846538,16.606963397693075,0.0,8.303481698846538,8.303481698846538],[-8.303481698846538,8.303481698846538,0.0,16.606963397693075,8.303481698846538,-8.303481698846538],[-8.303481698846538,0.0,8.303481698846538,8.303481698846538,16.606963397693075,8.303481698846538],[0.0,-8.303481698846538,8.303481698846538,-8.303481698846538,8.303481698846538,16.606963397693075]]",Gaussian covariance benchmark,False
fine_snr,deterministic_multisine,calibration,square,az45_el30,45.0,30.0,2.0,2.0,2048,all_6,1000,2000,420905120,gaussian_covariance_benchmark,plane,20.0,"[0.15920324698115115,-0.2069812906426348,-0.13150566004021524,-0.4232225241449338,-0.11941238506533669,0.283116722392717]","[[10.870043481978039,0.5058565475365718,0.5343515508394259,-1.346156953677165,-0.9192537418056147,0.4105004579224679],[0.5058565475365718,10.808292235257628,1.1251974564958287,0.8533744499586124,-0.22984251800461036,-1.0552886823513448],[0.5343515508394259,1.1251974564958287,10.381948959935961,-0.07386176720598145,0.31972925597355545,0.2801366091443103],[-1.346156953677165,0.8533744499586124,-0.07386176720598145,11.415016910671982,1.0259166952705716,-0.6121089516132875],[-0.9192537418056147,-0.22984251800461036,0.31972925597355545,1.0259166952705716,10.591353705406618,0.7499894252479811],[0.4105004579224679,-1.0552886823513448,0.2801366091443103,-0.6121089516132875,0.7499894252479811,12.164657918037584]]","[[1.0000000000000002,0.046669505115979504,0.05030046371311191,-0.12084864314954975,-0.08567301083894449,0.035698342742552014],[0.046669505115979504,0.9999999999999999,0.10622109099052622,0.07682858188930332,-0.02148206842701351,-0.09203283298618713],[0.05030046371311191,0.10622109099052622,1.0,-0.006784876859981517,0.030490686061607382,0.024927600304623158],[-0.12084864314954975,0.07682858188930332,-0.006784876859981517,1.0,0.09330353148383914,-0.05194461130294447],[-0.08567301083894449,-0.02148206842701351,0.030490686061607382,0.09330353148383914,1.0,0.0660738257514988],[0.035698342742552014,-0.09203283298618713,0.024927600304623158,-0.05194461130294447,0.0660738257514988,0.9999999999999999]]","[8.87944989538305,9.325823341042884,9.773144087430909,11.806201296486465,12.909172942846341,13.537521648098155]",1.5245901274961988,6,"[1.4350324200384765,1.4472333235324275,1.4372725297570106,1.4608798893664787,1.457476862079889,1.4406685258747898]","{""p05"":[1.4017374976241734,1.4163164435715494,1.4056271652493995,1.4281697218858127,1.4235664191932111,1.4100909535118442],""p10"":[1.4350324200384765,1.4472333235324275,1.4372725297570106,1.4608798893664787,1.457476862079889,1.4406685258747898],""p25"":[1.507774876293231,1.510269447246619,1.4965030923309537,1.5175179387442375,1.5240020740064244,1.5129223689723685],""p50"":[1.5859527317244095,1.587074637905153,1.5804005155500123,1.611893378578547,1.6040640925643568,1.6063612618536043]}","[-0.11708166908166909,0.6103332343332344,-0.13623451623451624,-0.11367876567876568,-0.6406882126882127,-0.09191805191805193]",-0.08154466354466354,1.0,0.16130074418079948,0.851861537111491,"[[11.0385522018813,0.0,0.0,0.0,0.0,0.0],[0.0,11.0385522018813,0.0,0.0,0.0,0.0],[0.0,0.0,11.0385522018813,0.0,0.0,0.0],[0.0,0.0,0.0,11.0385522018813,0.0,0.0],[0.0,0.0,0.0,0.0,11.0385522018813,0.0],[0.0,0.0,0.0,0.0,0.0,11.0385522018813]]","[[11.038552201881302,5.519276100940651,5.519276100940651,-5.519276100940651,-5.519276100940651,0.0],[5.519276100940651,11.038552201881302,5.519276100940651,5.519276100940651,0.0,-5.519276100940651],[5.519276100940651,5.519276100940651,11.038552201881302,0.0,5.519276100940651,5.519276100940651],[-5.519276100940651,5.519276100940651,0.0,11.038552201881302,5.519276100940651,-5.519276100940651],[-5.519276100940651,0.0,5.519276100940651,5.519276100940651,11.038552201881302,5.519276100940651],[0.0,-5.519276100940651,5.519276100940651,-5.519276100940651,5.519276100940651,11.038552201881302]]",Gaussian covariance benchmark,False
fine_snr,deterministic_multisine,calibration,square,az45_el30,45.0,30.0,5.0,5.0,2048,all_6,1000,2000,3567022621,gaussian_covariance_benchmark,plane,20.0,"[-0.051498624143118996,0.010538959161722093,-0.14639938925839815,-0.3627744282554027,-0.03992603941379489,0.4356454942604848]","[[5.016697688051203,0.797715125748773,0.8370480130055088,-0.9749137658943484,-0.6362238373647738,0.38003455563304306],[0.797715125748773,5.812389606394571,0.6775289915121362,0.621760876626546,0.11162155033391274,-0.765670105898742],[0.8370480130055088,0.6775289915121362,5.7058390577686415,0.12307536655464565,0.6911786815157641,0.48434865281910844],[-0.9749137658943484,0.621760876626546,0.12307536655464565,6.260695147262848,0.721949184169639,-1.0371759248844192],[-0.6362238373647738,0.11162155033391274,0.6911786815157641,0.721949184169639,5.206631172735658,0.5158116218321196],[0.38003455563304306,-0.765670105898742,0.48434865281910844,-1.0371759248844192,0.5158116218321196,5.6922735003952445]]","[[1.0000000000000002,0.1477275525590515,0.15645218961902285,-0.17395862200156817,-0.12448658816576277,0.07111664219483815],[0.1477275525590515,1.0,0.11764968424194368,0.10307058806659873,0.02029047828808047,-0.13311330091664075],[0.15645218961902285,0.11764968424194368,1.0000000000000002,0.02059207448899761,0.12680961049082648,0.08498757901926897],[-0.17395862200156817,0.10307058806659873,0.02059207448899761,1.0000000000000002,0.12644944987967002,-0.17373938078904583],[-0.12448658816576277,0.02029047828808047,0.12680961049082648,0.12644944987967002,1.0000000000000002,0.09474795314012457],[0.07111664219483815,-0.13311330091664075,0.08498757901926897,-0.17373938078904583,0.09474795314012457,1.0]]","[3.6250629678938937,4.234153656887388,4.493216228068602,6.456592777660507,7.108689233146805,7.77681130895097]",2.145289992981606,6,"[1.4734704089113262,1.4650931752300478,1.474213004379334,1.4849609429260109,1.5030949859489904,1.4927532003314627]","{""p05"":[1.4437558660989385,1.4374569676886682,1.4459998574502866,1.4500364678838173,1.4610417793679351,1.460342059951167],""p10"":[1.4734704089113262,1.4650931752300478,1.474213004379334,1.4849609429260109,1.5030949859489904,1.4927532003314627],""p25"":[1.525001391905164,1.5102226398804062,1.5272590322013322,1.5434640236787298,1.5752999766139038,1.547857840078616],""p50"":[1.6009204044893908,1.5706484549524236,1.610104451835212,1.628320772532458,1.65708477694165,1.639845357156399]}","[-0.07996026796026796,0.7032560352560352,-0.03228615228615229,-0.004806544806544807,-0.7321150441150441,-0.021466449466449468]",-0.027896403896403923,1.0,0.26881030536372463,0.7193979985770325,"[[5.61575436210136,0.0,0.0,0.0,0.0,0.0],[0.0,5.61575436210136,0.0,0.0,0.0,0.0],[0.0,0.0,5.61575436210136,0.0,0.0,0.0],[0.0,0.0,0.0,5.61575436210136,0.0,0.0],[0.0,0.0,0.0,0.0,5.61575436210136,0.0],[0.0,0.0,0.0,0.0,0.0,5.61575436210136]]","[[5.6157543621013595,2.8078771810506797,2.8078771810506797,-2.8078771810506797,-2.8078771810506797,0.0],[2.8078771810506797,5.6157543621013595,2.8078771810506797,2.8078771810506797,0.0,-2.8078771810506797],[2.8078771810506797,2.8078771810506797,5.6157543621013595,0.0,2.8078771810506797,2.8078771810506797],[-2.8078771810506797,2.8078771810506797,0.0,5.6157543621013595,2.8078771810506797,-2.8078771810506797],[-2.8078771810506797,0.0,2.8078771810506797,2.8078771810506797,5.6157543621013595,2.8078771810506797],[0.0,-2.8078771810506797,2.8078771810506797,-2.8078771810506797,2.8078771810506797,5.6157543621013595]]",Gaussian covariance benchmark,False
fine_snr,deterministic_multisine,calibration,square,az45_el30,45.0,30.0,10.0,10.0,2048,all_6,1000,2000,37622513,gaussian_covariance_benchmark,plane,20.0,"[-0.06828864734559555,-0.23090026389234672,-0.0795323245591003,-0.7589880920154191,-0.07538848524254425,0.6583242468854068]","[[1.8299424647719678,0.3569332843527213,0.42482924358216906,-0.21057794674647737,-0.29781127433602445,0.006215640758851535],[0.3569332843527213,2.1184806483682346,0.4212496303082112,0.44942327432171086,0.056995495912365995,-0.3502945899353061],[0.42482924358216906,0.4212496303082112,1.8684306997715094,0.05699594642068095,0.408726525792886,0.3521182292314321],[-0.21057794674647737,0.44942327432171086,0.05699594642068095,2.166430757372072,0.31189878294321743,-0.3843159890487967],[-0.29781127433602445,0.056995495912365995,0.408726525792886,0.31189878294321743,1.7541793132282566,0.2729992003910266],[0.006215640758851535,-0.3502945899353061,0.3521182292314321,-0.3843159890487967,0.2729992003910266,2.068002179943587]]","[[1.0,0.18128258272807712,0.22975088309065775,-0.10576007806060223,-0.1662208216457083,0.0031951532423538835],[0.18128258272807712,1.0000000000000002,0.2117331140389572,0.20978329501362328,0.029565912929696063,-0.16735769404671766],[0.22975088309065775,0.2117331140389572,1.0,0.02832911881501967,0.2257653738399192,0.17913255312344875],[-0.10576007806060223,0.20978329501362328,0.02832911881501967,1.0,0.15999421544448622,-0.1815685187818496],[-0.1662208216457083,0.029565912929696063,0.2257653738399192,0.15999421544448622,1.0000000000000002,0.14333388960022211],[0.0031951532423538835,-0.16735769404671766,0.17913255312344875,-0.1815685187818496,0.14333388960022211,1.0]]","[1.055923086037234,1.3223355228311005,1.389251143444476,2.3989241090977407,2.665524005753092,2.9735081962919834]",2.8160272614658335,6,"[1.5478403924606192,1.511674728368707,1.5443168016800997,1.5980337854284257,1.6535351410284616,1.5940301367717389]","{""p05"":[1.5213539243974836,1.4972052038731345,1.5177569105377593,1.5663181306851361,1.6239210149372445,1.5578959911411665],""p10"":[1.5478403924606192,1.511674728368707,1.5443168016800997,1.5980337854284257,1.6535351410284616,1.5940301367717389],""p25"":[1.5974996581378078,1.5433059003840413,1.593675358755425,1.6572162075221781,1.7082259584256412,1.6592365810267942],""p50"":[1.6623866524268611,1.5837107302427664,1.661269321755205,1.7353724602681972,1.7598068050081612,1.7347410908521286]}","[0.04188040188040189,0.7682154602154603,0.03163728763728764,0.4538638658638659,-0.7304801984801985,0.4223931623931624]",0.16458499658499662,1.0,0.3511487214862592,0.6083464468070917,"[[1.9675776772426048,0.0,0.0,0.0,0.0,0.0],[0.0,1.9675776772426048,0.0,0.0,0.0,0.0],[0.0,0.0,1.9675776772426048,0.0,0.0,0.0],[0.0,0.0,0.0,1.9675776772426048,0.0,0.0],[0.0,0.0,0.0,0.0,1.9675776772426048,0.0],[0.0,0.0,0.0,0.0,0.0,1.9675776772426048]]","[[1.9675776772426048,0.9837888386213024,0.9837888386213024,-0.9837888386213024,-0.9837888386213024,0.0],[0.9837888386213024,1.9675776772426048,0.9837888386213024,0.9837888386213024,0.0,-0.9837888386213024],[0.9837888386213024,0.9837888386213024,1.9675776772426048,0.0,0.9837888386213024,0.9837888386213024],[-0.9837888386213024,0.9837888386213024,0.0,1.9675776772426048,0.9837888386213024,-0.9837888386213024],[-0.9837888386213024,0.0,0.9837888386213024,0.9837888386213024,1.9675776772426048,0.9837888386213024],[0.0,-0.9837888386213024,0.9837888386213024,-0.9837888386213024,0.9837888386213024,1.9675776772426048]]",Gaussian covariance benchmark,False
fine_snr,deterministic_multisine,calibration,square,az45_el30,45.0,30.0,20.0,20.0,2048,all_6,1000,2000,2946174688,gaussian_covariance_benchmark,plane,20.0,"[-0.021610253763603964,-0.22699022287357445,-0.02540024259741375,-1.06825135148836,-0.02674190740801133,1.0570743428319727]","[[0.21866486210669062,0.07405408042299201,0.09882885076251523,-0.065574463922897,-0.08076341954734235,-0.002569534322617636],[0.07405408042299201,0.3604424795857206,0.07452497901472828,0.14123333424982396,0.01052589338201933,-0.14690204175597601],[0.09882885076251523,0.07452497901472828,0.2243629945892341,-0.0063439761775122274,0.08661923198590903,0.06059809551925888],[-0.065574463922897,0.14123333424982396,-0.0063439761775122274,0.28983186906006275,0.06668260392938369,-0.14103980618106274],[-0.08076341954734235,0.01052589338201933,0.08661923198590903,0.06668260392938369,0.1932554584161713,0.050651960803311274],[-0.002569534322617636,-0.14690204175597601,0.06059809551925888,-0.14103980618106274,0.050651960803311274,0.3056095932053053]]","[[1.0,0.2637797842866039,0.4461887653319546,-0.2604786784655031,-0.39287945068952757,-0.009939886639397844],[0.2637797842866039,1.0,0.2620645422061451,0.4369645037165531,0.039881831818401506,-0.4426152327722979],[0.4461887653319546,0.2620645422061451,1.0000000000000002,-0.024877850906640516,0.41598036354808116,0.23141945686952978],[-0.2604786784655031,0.4369645037165531,-0.024877850906640516,1.0,0.2817562750936804,-0.4738982907878065],[-0.39287945068952757,0.039881831818401506,0.41598036354808116,0.2817562750936804,1.0,0.20842359670552094],[-0.009939886639397844,-0.4426152327722979,0.23141945686952978,-0.4738982907878065,0.20842359670552094,1.0000000000000002]]","[0.03426900738134937,0.09693199383613013,0.11907772529142176,0.33941628428679166,0.39359114773869935,0.6088810984287925]",17.767689961167974,6,"[1.7613911813627496,1.6170174159591442,1.759225306337845,1.8569572472339564,1.9803701254094874,1.861290967066214]","{""p05"":[1.7466149518147243,1.6099021153358861,1.7467766043798072,1.8378305922889562,1.9671570605083848,1.8330984342326417],""p10"":[1.7613911813627496,1.6170174159591442,1.759225306337845,1.8569572472339564,1.9803701254094874,1.861290967066214],""p25"":[1.7861235064804584,1.6336434941329379,1.786287647395228,1.897458302237825,2.0036740100650654,1.8917378907615077],""p50"":[1.8146733239727615,1.6582755218340004,1.8177141763263038,1.9347988147269664,2.028389098532105,1.9342189423166478]}","[0.0675845715845716,0.7465943785943787,0.043866967866967865,0.8836142716142716,-0.7615549015549017,0.8965910845910848]",0.3127827287827288,1.0,0.6043495342357059,0.36455116746149097,"[[0.26536120949386416,0.0,0.0,0.0,0.0,0.0],[0.0,0.26536120949386416,0.0,0.0,0.0,0.0],[0.0,0.0,0.26536120949386416,0.0,0.0,0.0],[0.0,0.0,0.0,0.26536120949386416,0.0,0.0],[0.0,0.0,0.0,0.0,0.26536120949386416,0.0],[0.0,0.0,0.0,0.0,0.0,0.26536120949386416]]","[[0.26536120949386416,0.13268060474693208,0.13268060474693208,-0.13268060474693208,-0.13268060474693208,0.0],[0.13268060474693208,0.26536120949386416,0.13268060474693208,0.13268060474693208,0.0,-0.13268060474693208],[0.13268060474693208,0.13268060474693208,0.26536120949386416,0.0,0.13268060474693208,0.13268060474693208],[-0.13268060474693208,0.13268060474693208,0.0,0.26536120949386416,0.13268060474693208,-0.13268060474693208],[-0.13268060474693208,0.0,0.13268060474693208,0.13268060474693208,0.26536120949386416,0.13268060474693208],[0.0,-0.13268060474693208,0.13268060474693208,-0.13268060474693208,0.13268060474693208,0.26536120949386416]]",Gaussian covariance benchmark,False
fine_snr,deterministic_multisine,calibration,square,az45_el30,45.0,30.0,30.0,30.0,2048,all_6,1000,2000,4069462911,gaussian_covariance_benchmark,plane,20.0,"[0.05953572263732931,-0.3642792685032994,0.05229263112379592,-1.1058144803750312,-0.0067787479114103264,1.1075547654568814]","[[0.03584090537816724,0.013220420800629708,0.021344339830666043,-0.008488450543458296,-0.012796291244544138,7.673202430795736e-05],[0.013220420800629708,0.07222088427054515,0.01353039533209389,0.040805558943917,0.00032542078587598726,-0.04018544189049489],[0.021344339830666043,0.01353039533209389,0.034816260860921454,0.0001332086237863992,0.011904992023593814,0.008067536272763864],[-0.008488450543458296,0.040805558943917,0.0001332086237863992,0.056410124108275686,0.008484358717315765,-0.040042325259635254],[-0.012796291244544138,0.00032542078587598726,0.011904992023593814,0.008484358717315765,0.026546310646508996,0.008522039689252374],[7.673202430795736e-05,-0.04018544189049489,0.008067536272763864,-0.040042325259635254,0.008522039689252374,0.053632613758632465]]","[[1.0,0.2598509997425367,0.6042298510136468,-0.18878192450479261,-0.41485138472976196,0.0017501395874217037],[0.2598509997425367,1.0000000000000002,0.2698286256962997,0.639306916039199,0.007432104416923881,-0.6456882245204009],[0.6042298510136468,0.2698286256962997,0.9999999999999998,0.003005818479178489,0.3915939367912052,0.18669615837039788],[-0.18878192450479261,0.639306916039199,0.003005818479178489,0.9999999999999999,0.21924939740714244,-0.7279914523779718],[-0.41485138472976196,0.007432104416923881,0.3915939367912052,0.21924939740714244,0.9999999999999999,0.2258535831862616],[0.0017501395874217037,-0.6456882245204009,0.18669615837039788,-0.7279914523779718,0.2258535831862616,1.0]]","[0.0016996957868152666,0.007986288769592247,0.01563544029360958,0.045730285100064244,0.06597647866011827,0.14243891041285145]",83.80259074462988,6,"[1.850851548250639,1.6716494130534185,1.8509662140907117,1.9628561556041988,2.1291379269614588,1.96337654603057]","{""p05"":[1.844425260140245,1.6633478105225583,1.844041540258835,1.9539011574032614,2.1225027781905106,1.9525272585082267],""p10"":[1.850851548250639,1.6716494130534185,1.8509662140907117,1.9628561556041988,2.1291379269614588,1.96337654603057],""p25"":[1.8623648245067685,1.6859082930535392,1.8628959273236763,1.981007237525638,2.1405029854797615,1.9806553761309882],""p50"":[1.8752047541800279,1.7020252276879237,1.875216226039735,1.9998176843216546,2.1502851428623617,1.9999492143047752]}","[-0.3550782790782791,0.8975624255624257,-0.3341969741969742,0.8962138522138523,-0.8834677754677754,0.8915111795111796]",0.1854240714240715,1.0,0.7201920135843752,0.46554207790967594,"[[0.04657784983717516,0.0,0.0,0.0,0.0,0.0],[0.0,0.04657784983717516,0.0,0.0,0.0,0.0],[0.0,0.0,0.04657784983717516,0.0,0.0,0.0],[0.0,0.0,0.0,0.04657784983717516,0.0,0.0],[0.0,0.0,0.0,0.0,0.04657784983717516,0.0],[0.0,0.0,0.0,0.0,0.0,0.04657784983717516]]","[[0.04657784983717515,0.023288924918587577,0.023288924918587577,-0.023288924918587577,-0.023288924918587577,0.0],[0.023288924918587577,0.04657784983717515,0.023288924918587577,0.023288924918587577,0.0,-0.023288924918587577],[0.023288924918587577,0.023288924918587577,0.04657784983717515,0.0,0.023288924918587577,0.023288924918587577],[-0.023288924918587577,0.023288924918587577,0.0,0.04657784983717515,0.023288924918587577,-0.023288924918587577],[-0.023288924918587577,0.0,0.023288924918587577,0.023288924918587577,0.04657784983717515,0.023288924918587577],[0.0,-0.023288924918587577,0.023288924918587577,-0.023288924918587577,0.023288924918587577,0.04657784983717515]]",Gaussian covariance benchmark,False
signal_comparison,deterministic_multisine,calibration,square,az45_el30,45.0,30.0,-10.0,-10.0,2048,all_6,1000,2000,3046600117,gaussian_covariance_benchmark,plane,20.0,"[-31.797317002951964,-70.83450069958026,-36.14828310664475,-30.658605015802706,-0.33144080710561563,23.527569087790138]","[[16717.930032188477,-127.56599818529197,352.59411597771447,39.90471931055046,231.7747679615699,102.33789690827385],[-127.56599818529197,52523.08858669614,-440.3495481045332,-593.3009065052271,-209.36115511892666,-21.308623053303528],[352.59411597771447,-440.3495481045332,18721.40846934563,264.00081444653733,497.16638232451425,-218.67885947589218],[39.90471931055046,-593.3009065052271,264.00081444653733,16191.012749823525,393.78787717466355,722.6046044845368],[231.7747679615699,-209.36115511892666,497.16638232451425,393.78787717466355,17394.588809782847,410.76674688791985],[102.33789690827385,-21.308623053303528,-218.67885947589218,722.6046044845368,410.76674688791985,13750.983988177295]]","[[0.9999999999999998,-0.004304954362124869,0.019930332744969966,0.002425470524846641,0.013591513469289905,0.006749604846491874],[-0.004304954362124869,1.0,-0.014042782430681881,-0.020345242759347442,-0.006926500884890404,-0.0007928907847720076],[0.019930332744969966,-0.014042782430681881,1.0,0.015163484086205423,0.027550241595940266,-0.013629209035394763],[0.002425470524846641,-0.020345242759347442,0.015163484086205423,0.9999999999999998,0.023464875340805904,0.04842803292652303],[0.013591513469289905,-0.006926500884890404,0.027550241595940266,0.023464875340805904,1.0,0.026559586353656774],[0.006749604846491874,-0.0007928907847720076,-0.013629209035394763,0.04842803292652303,0.026559586353656774,1.0]]","[13508.161119064707,16187.450170717435,16634.729391965306,17424.265683520138,19003.84703200112,52540.55923874522]",3.889541942507055,6,"[1.1693119969578654,1.1330324156598794,1.1448649099984187,1.1382313854393604,1.1507059821241028,1.1645444114473633]","{""p05"":[1.0959364874635926,1.0749964255066138,1.066921619901747,1.0745937956447595,1.0780243604399806,1.0971274055817248],""p10"":[1.1693119969578654,1.1330324156598794,1.1448649099984187,1.1382313854393604,1.1507059821241028,1.1645444114473633],""p25"":[1.3051250794578055,1.2710883976097924,1.291644040405955,1.2843926082149988,1.2761126055001126,1.2946558551641425],""p50"":[1.4700831349039603,1.4472793111309576,1.461477850241423,1.432906088039499,1.4244966638780052,1.4475718488356097]}","[-0.338610556927191,-0.2760921773039437,-0.3352405772977948,-0.2733597025813644,-0.3222747112415354,-0.2918792775112939]",-0.30624283381052053,1.0,0.5140060856191494,1.0037917722705723,"[[22549.835439335653,0.0,0.0,0.0,0.0,0.0],[0.0,22549.835439335653,0.0,0.0,0.0,0.0],[0.0,0.0,22549.835439335653,0.0,0.0,0.0],[0.0,0.0,0.0,22549.835439335653,0.0,0.0],[0.0,0.0,0.0,0.0,22549.835439335653,0.0],[0.0,0.0,0.0,0.0,0.0,22549.835439335653]]","[[22549.835439335653,11274.917719667827,11274.917719667827,-11274.917719667827,-11274.917719667827,0.0],[11274.917719667827,22549.835439335653,11274.917719667827,11274.917719667827,0.0,-11274.917719667827],[11274.917719667827,11274.917719667827,22549.835439335653,0.0,11274.917719667827,11274.917719667827],[-11274.917719667827,11274.917719667827,0.0,22549.835439335653,11274.917719667827,-11274.917719667827],[-11274.917719667827,0.0,11274.917719667827,11274.917719667827,22549.835439335653,11274.917719667827],[0.0,-11274.917719667827,11274.917719667827,-11274.917719667827,11274.917719667827,22549.835439335653]]",Gaussian covariance benchmark,False
signal_comparison,deterministic_multisine,calibration,square,az45_el30,45.0,30.0,0.0,0.0,2048,all_6,1000,2000,3346631107,gaussian_covariance_benchmark,plane,20.0,"[-0.0353946633345329,-0.07076123642764061,0.03756008907834156,-0.20123015291626903,0.029317208312230118,0.22214991784402252]","[[16.25472505447945,0.4295260639305445,1.4398668815248261,-2.6565922004269718,-1.2229110322655476,0.29972243979745844],[0.4295260639305445,17.099982856646665,1.0692167747824115,0.23222548108201563,-0.04068967355745157,-1.5685733622754656],[1.4398668815248261,1.0692167747824115,16.437563685762,0.5844792130647933,1.532729744034435,0.46860232985162953],[-2.6565922004269718,0.23222548108201563,0.5844792130647933,19.024419856174447,1.3935276975418438,-1.145696860527313],[-1.2229110322655476,-0.04068967355745157,1.532729744034435,1.3935276975418438,17.3803349087651,1.571697782756257],[0.29972243979745844,-1.5685733622754656,0.46860232985162953,-1.145696860527313,1.571697782756257,16.557823309012313]]","[[1.0,0.025763322550213533,0.08808740262258305,-0.15107039624333432,-0.07275720022280809,0.018269548863906804],[0.025763322550213533,1.0,0.06377481419497,0.012875269336167531,-0.0023602461491996516,-0.0932192009723105],[0.08808740262258305,0.06377481419497,1.0,0.03305176337784128,0.09068131111405768,0.02840430042204165],[-0.15107039624333432,0.012875269336167531,0.03305176337784128,1.0000000000000002,0.07663564619202015,-0.06455239948479816],[-0.07275720022280809,-0.0023602461491996516,0.09068131111405768,0.07663564619202015,1.0,0.09264849056703776],[0.018269548863906804,-0.0932192009723105,0.02840430042204165,-0.06455239948479816,0.09264849056703776,1.0000000000000002]]","[13.377948802969048,14.21332424904937,15.587243958866525,18.7277627351874,19.330458014634853,21.518111910132777]",1.6084761742665017,6,"[1.4177067309391977,1.4221689955174528,1.4235010705723048,1.4286269782251557,1.4280993220133578,1.431628786888314]","{""p05"":[1.3847203504623014,1.3923658334343747,1.3860263521069818,1.385402842385128,1.3869380164206597,1.3889121499749544],""p10"":[1.4177067309391977,1.4221689955174528,1.4235010705723048,1.4286269782251557,1.4280993220133578,1.431628786888314],""p25"":[1.4866992118112539,1.4957972886974895,1.4844680778109098,1.4972317094618586,1.5007092575401297,1.5039929150508367],""p50"":[1.583467377488332,1.5864044580311287,1.5881934372712236,1.590410986669442,1.5925106775936637,1.6075452199267435]}","[-0.11014955014955015,0.43338700938700936,-0.11521011121011122,-0.1373927933927934,-0.5542481782481783,-0.11716070116070117]",-0.10012905412905415,1.0,0.1688048329683678,0.8493796204485821,"[[17.12580827847333,0.0,0.0,0.0,0.0,0.0],[0.0,17.12580827847333,0.0,0.0,0.0,0.0],[0.0,0.0,17.12580827847333,0.0,0.0,0.0],[0.0,0.0,0.0,17.12580827847333,0.0,0.0],[0.0,0.0,0.0,0.0,17.12580827847333,0.0],[0.0,0.0,0.0,0.0,0.0,17.12580827847333]]","[[17.12580827847333,8.562904139236664,8.562904139236664,-8.562904139236664,-8.562904139236664,0.0],[8.562904139236664,17.12580827847333,8.562904139236664,8.562904139236664,0.0,-8.562904139236664],[8.562904139236664,8.562904139236664,17.12580827847333,0.0,8.562904139236664,8.562904139236664],[-8.562904139236664,8.562904139236664,0.0,17.12580827847333,8.562904139236664,-8.562904139236664],[-8.562904139236664,0.0,8.562904139236664,8.562904139236664,17.12580827847333,8.562904139236664],[0.0,-8.562904139236664,8.562904139236664,-8.562904139236664,8.562904139236664,17.12580827847333]]",Gaussian covariance benchmark,False
signal_comparison,deterministic_multisine,calibration,square,az45_el30,45.0,30.0,10.0,10.0,2048,all_6,1000,2000,2897613049,gaussian_covariance_benchmark,plane,20.0,"[-0.0941966076915806,-0.18378857790707176,-0.05850271201033409,-0.7267009680692349,0.01102496149051475,0.6724386226341713]","[[1.7735220266230314,0.23042724545183488,0.31347821455058167,-0.2363159281217535,-0.33283617760464757,-0.06678457735757946],[0.23042724545183488,2.2640259982682736,0.34165580195151163,0.3771830802712982,0.06557491839659348,-0.3407679434864371],[0.31347821455058167,0.34165580195151163,1.863248904299615,0.013476061813082436,0.39646583739520613,0.3612976214639014],[-0.2363159281217535,0.3771830802712982,0.013476061813082436,2.0845013388520357,0.3589245412533367,-0.41352253613993045],[-0.33283617760464757,0.06557491839659348,0.39646583739520613,0.3589245412533367,1.7900995813475027,0.3121184446295932],[-0.06678457735757946,-0.3407679434864371,0.3612976214639014,-0.41352253613993045,0.3121184446295932,2.0276990879467416]]","[[1.0000000000000002,0.11499390711459567,0.17244620206179537,-0.12290614931805277,-0.18679860858985853,-0.03521730638697744],[0.11499390711459567,1.0000000000000002,0.1663461133779776,0.1736242604354134,0.03257305244251221,-0.15904362858365167],[0.17244620206179537,0.1663461133779776,1.0,0.006837958613429205,0.21708596092935686,0.18587796635108422],[-0.12290614931805277,0.1736242604354134,0.006837958613429205,1.0,0.18580759808124545,-0.2011390249950737],[-0.18679860858985853,0.03257305244251221,0.21708596092935686,0.18580759808124545,0.9999999999999999,0.16382458845516948],[-0.03521730638697744,-0.15904362858365167,0.18587796635108422,-0.2011390249950737,0.16382458845516948,1.0]]","[1.1006034403745126,1.2633349599854446,1.5053646615426117,2.4122622066350132,2.6159195323782503,2.9056121364213685]",2.6400173121689035,6,"[1.5494781668589386,1.511376589164694,1.5343351112797112,1.593608671106809,1.6444267239990678,1.584387606336147]","{""p05"":[1.5215864696300452,1.4968051024087021,1.5111643773929164,1.551762768376063,1.6202247268005068,1.5542147443783731],""p10"":[1.5494781668589386,1.511376589164694,1.5343351112797112,1.593608671106809,1.6444267239990678,1.584387606336147],""p25"":[1.5997213610170538,1.542673775477814,1.5941289452915897,1.6583826738388932,1.6975837567226446,1.6517157637943454],""p50"":[1.6640553554282596,1.5888397240801009,1.6588519479240618,1.739979054076505,1.7572369944491704,1.7276258509657507]}","[0.059119619119619125,0.7718951318951319,0.010379734379734381,0.42838925638925646,-0.721004341004341,0.4049039729039729]",0.15894722894722899,1.0,0.3362182346169324,0.6297439222794096,"[[1.9671828228895332,0.0,0.0,0.0,0.0,0.0],[0.0,1.9671828228895332,0.0,0.0,0.0,0.0],[0.0,0.0,1.9671828228895332,0.0,0.0,0.0],[0.0,0.0,0.0,1.9671828228895332,0.0,0.0],[0.0,0.0,0.0,0.0,1.9671828228895332,0.0],[0.0,0.0,0.0,0.0,0.0,1.9671828228895332]]","[[1.9671828228895336,0.9835914114447668,0.9835914114447668,-0.9835914114447668,-0.9835914114447668,0.0],[0.9835914114447668,1.9671828228895336,0.9835914114447668,0.9835914114447668,0.0,-0.9835914114447668],[0.9835914114447668,0.9835914114447668,1.9671828228895336,0.0,0.9835914114447668,0.9835914114447668],[-0.9835914114447668,0.9835914114447668,0.0,1.9671828228895336,0.9835914114447668,-0.9835914114447668],[-0.9835914114447668,0.0,0.9835914114447668,0.9835914114447668,1.9671828228895336,0.9835914114447668],[0.0,-0.9835914114447668,0.9835914114447668,-0.9835914114447668,0.9835914114447668,1.9671828228895336]]",Gaussian covariance benchmark,False
signal_comparison,random_broadband,calibration,square,az45_el30,45.0,30.0,-10.0,-10.0,2048,all_6,1000,2000,2130632120,gaussian_covariance_benchmark,plane,20.0,"[-0.976138301590995,-3.7899170737419676,-1.599115850163409,-1.7564083051965889,-0.47714587793418306,0.12510851295046155]","[[599.8597424464322,0.911873194764325,5.143893712230833,-5.335752599128161,-13.691731494404053,0.8375821385398867],[0.911873194764325,2775.544758538499,18.27642588690446,-7.340025222710878,18.99621751811168,-10.668434686295315],[5.143893712230833,18.27642588690446,669.0794694705723,-1.6914951599408514,9.37625981664473,5.5513363022339535],[-5.335752599128161,-7.340025222710878,-1.6914951599408514,1027.1599450100452,9.213287338351163,-13.909932010130419],[-13.691731494404053,18.99621751811168,9.37625981664473,9.213287338351163,777.0826100526734,-3.5207866550466544],[0.8375821385398867,-10.668434686295315,5.5513363022339535,-13.909932010130419,-3.5207866550466544,78.84353645978611]]","[[0.9999999999999998,0.0007067006219422965,0.008119481113224412,-0.00679754026136514,-0.020053949651005158,0.003851407759904094],[0.0007067006219422965,1.0,0.013411529219820759,-0.004347147708648802,0.01293479116053423,-0.022805706833366905],[0.008119481113224412,0.013411529219820759,0.9999999999999999,-0.002040388512730815,0.0130034079032689,0.024169943653529053],[-0.00679754026136514,-0.004347147708648802,-0.002040388512730815,1.0000000000000002,0.010312453020737989,-0.048879068579222466],[-0.020053949651005158,0.01293479116053423,0.0130034079032689,0.010312453020737989,1.0000000000000002,-0.01422404332209471],[0.003851407759904094,-0.022805706833366905,0.024169943653529053,-0.048879068579222466,-0.01422404332209471,1.0]]","[78.52607560313527,598.2760919241305,668.7356050673619,778.306604998306,1027.7681485665573,2775.9575358185143]",35.35077379707589,6,"[1.4969338686580502,1.464432395468016,1.4934893239733469,1.4965023036241156,1.4655791805785543,1.5145775232615106]","{""p05"":[1.395406593638587,1.3813452431473512,1.4035516437057989,1.4219215662592999,1.3737655197500043,1.4104834277760714],""p10"":[1.4969338686580502,1.464432395468016,1.4934893239733469,1.4965023036241156,1.4655791805785543,1.5145775232615106],""p25"":[1.6376335842479046,1.5950783179019465,1.6549934906544739,1.6290669902382433,1.6227507646633206,1.6384058889875346],""p50"":[1.809012810627416,1.7714140500967925,1.8223478047970163,1.800384946112917,1.8233532793829004,1.799200160145923]}","[-0.16865656865656867,0.02318009918009918,-0.13126781926781927,-0.13062478662478663,-0.26825646425646427,-0.11639692439692441]",-0.132003744003744,1.0,0.6517011472748501,0.9920862636055909,"[[987.9283436630016,0.0,0.0,0.0,0.0,0.0],[0.0,987.9283436630016,0.0,0.0,0.0,0.0],[0.0,0.0,987.9283436630016,0.0,0.0,0.0],[0.0,0.0,0.0,987.9283436630016,0.0,0.0],[0.0,0.0,0.0,0.0,987.9283436630016,0.0],[0.0,0.0,0.0,0.0,0.0,987.9283436630016]]","[[987.9283436630014,493.9641718315007,493.9641718315007,-493.9641718315007,-493.9641718315007,0.0],[493.9641718315007,987.9283436630014,493.9641718315007,493.9641718315007,0.0,-493.9641718315007],[493.9641718315007,493.9641718315007,987.9283436630014,0.0,493.9641718315007,493.9641718315007],[-493.9641718315007,493.9641718315007,0.0,987.9283436630014,493.9641718315007,-493.9641718315007],[-493.9641718315007,0.0,493.9641718315007,493.9641718315007,987.9283436630014,493.9641718315007],[0.0,-493.9641718315007,493.9641718315007,-493.9641718315007,493.9641718315007,987.9283436630014]]",Gaussian covariance benchmark,False
signal_comparison,random_broadband,calibration,square,az45_el30,45.0,30.0,0.0,0.0,2048,all_6,1000,2000,1347336107,gaussian_covariance_benchmark,plane,20.0,"[-0.06849032769438838,0.009526817721766537,-0.03230568388800227,-0.0028784276018422217,0.007830592387045596,-0.008161610466125043]","[[1.2660390378418063,0.5063136850872776,0.49719697971994486,-0.4721267049435151,-0.49469760516749445,-0.03365364233829376],[0.5063136850872776,1.579396292953214,0.6052154507371739,0.6430359904331139,0.036928511604863795,-0.5365391743156025],[0.49719697971994486,0.6052154507371739,1.3966835624048712,0.05390048459230012,0.5411591971977734,0.49022596029230686],[-0.4721267049435151,0.6430359904331139,0.05390048459230012,1.4665886075807502,0.5633748266346524,-0.5097782213601121],[-0.49469760516749445,0.036928511604863795,0.5411591971977734,0.5633748266346524,1.4507800110140856,0.5504397624275549],[-0.03365364233829376,-0.5365391743156025,0.49022596029230686,-0.5097782213601121,0.5504397624275549,1.3619034448223637]]","[[1.0,0.35805567401651706,0.3739003935131195,-0.3464821487202818,-0.36501900569252516,-0.025629218701586503],[0.35805567401651706,1.0000000000000002,0.4074885767976634,0.4225086164296395,0.024395822514448055,-0.3658328666894963],[0.3739003935131195,0.4074885767976634,1.0000000000000002,0.037660796881541364,0.38016773143545346,0.3554464128850065],[-0.3464821487202818,0.4225086164296395,0.037660796881541364,1.0,0.3862268857503008,-0.36070649708683417],[-0.36501900569252516,0.024395822514448055,0.38016773143545346,0.3862268857503008,1.0,0.3915938458258244],[-0.025629218701586503,-0.3658328666894963,0.3554464128850065,-0.36070649708683417,0.3915938458258244,1.0000000000000002]]","[0.3383127474315936,0.34306916862937714,0.3677482048215316,2.295804720642165,2.450612830903596,2.7258432841888265]",8.057169896443197,6,"[1.7481189028231077,1.6384851978861978,1.7383814479779116,1.7401707119255874,1.9249960676042255,1.7379707217638296]","{""p05"":[1.710794594548888,1.622643464915827,1.6910657194935976,1.6966936996402049,1.8775087410148144,1.6920493024942969],""p10"":[1.7481189028231077,1.6384851978861978,1.7383814479779116,1.7401707119255874,1.9249960676042255,1.7379707217638296],""p25"":[1.8172550067141544,1.6716243064014622,1.8081500397368213,1.8034125260743985,1.995377442750089,1.804407967062919],""p50"":[1.8996876485161973,1.717825902129067,1.9008244934885328,1.8947848105942517,2.081270794740835,1.8950586027502943]}","[0.0657984777984778,0.7812011772011772,0.027421383421383425,-0.027173355173355177,-0.7575852735852736,-0.010123066123066123]",0.013256557256557258,1.0,0.6045658557105621,0.2130994056936118,"[[1.4202318261028486,0.0,0.0,0.0,0.0,0.0],[0.0,1.4202318261028486,0.0,0.0,0.0,0.0],[0.0,0.0,1.4202318261028486,0.0,0.0,0.0],[0.0,0.0,0.0,1.4202318261028486,0.0,0.0],[0.0,0.0,0.0,0.0,1.4202318261028486,0.0],[0.0,0.0,0.0,0.0,0.0,1.4202318261028486]]","[[1.4202318261028486,0.7101159130514243,0.7101159130514243,-0.7101159130514243,-0.7101159130514243,0.0],[0.7101159130514243,1.4202318261028486,0.7101159130514243,0.7101159130514243,0.0,-0.7101159130514243],[0.7101159130514243,0.7101159130514243,1.4202318261028486,0.0,0.7101159130514243,0.7101159130514243],[-0.7101159130514243,0.7101159130514243,0.0,1.4202318261028486,0.7101159130514243,-0.7101159130514243],[-0.7101159130514243,0.0,0.7101159130514243,0.7101159130514243,1.4202318261028486,0.7101159130514243],[0.0,-0.7101159130514243,0.7101159130514243,-0.7101159130514243,0.7101159130514243,1.4202318261028486]]",Gaussian covariance benchmark,False
signal_comparison,random_broadband,calibration,square,az45_el30,45.0,30.0,10.0,10.0,2048,all_6,1000,2000,193701757,gaussian_covariance_benchmark,plane,20.0,"[-0.05383396202872072,-0.026987972185801713,-0.0405403999641526,-0.055668987062995126,0.015334411972247806,0.0666925325602655]","[[0.1769707172240403,0.08993046063443182,0.08480764897896603,-0.06708092006344785,-0.06953972051327673,-0.0028294788701701762],[0.08993046063443182,0.1820876539992015,0.07670688456984943,0.07159781072140348,-0.008410853708412153,-0.07770802911667984],[0.08480764897896603,0.07670688456984943,0.16421172361767522,-0.005964478376738564,0.0658425043478409,0.07062618014207794],[-0.06708092006344785,0.07159781072140348,-0.005964478376738564,0.15205145505495113,0.06148793618152345,-0.07214982849180741],[-0.06953972051327673,-0.008410853708412153,0.0658425043478409,0.06148793618152345,0.14848650110162864,0.07126952917156783],[-0.0028294788701701762,-0.07770802911667984,0.07062618014207794,-0.07214982849180741,0.07126952917156783,0.15957201610261662]]","[[1.0,0.5009747787710868,0.49748757517409703,-0.40893380631278026,-0.4289816827733771,-0.016837491268423044],[0.5009747787710868,1.0,0.44360048701424765,0.4302929220670245,-0.051151260711977085,-0.45587657618815136],[0.49748757517409703,0.44360048701424765,1.0000000000000002,-0.037746361808728694,0.4216584174098439,0.4363000592278256],[-0.40893380631278026,0.4302929220670245,-0.037746361808728694,1.0,0.40921461802114495,-0.4631926365843328],[-0.4289816827733771,-0.051151260711977085,0.4216584174098439,0.40921461802114495,1.0,0.4630011148752573],[-0.016837491268423044,-0.45587657618815136,0.4363000592278256,-0.4631926365843328,0.4630011148752573,1.0]]","[0.01591650874969837,0.017308213561279463,0.018836190060993234,0.27747420602039025,0.307558771484552,0.34628617722320004]",21.756415472065285,6,"[1.8361162005902962,1.6414552412761607,1.8372773053581195,1.8428909625918277,2.09736706311235,1.8418982467554654]","{""p05"":[1.8240480268862225,1.6349758962304686,1.8228706535676462,1.829146105806252,2.0815442644693576,1.8276642953895679],""p10"":[1.8361162005902962,1.6414552412761607,1.8372773053581195,1.8428909625918277,2.09736706311235,1.8418982467554654],""p25"":[1.8635814950001814,1.6537083650774917,1.863774485395422,1.8677153069892232,2.127559977447813,1.8666836936363034],""p50"":[1.8965677580951334,1.669735953482673,1.8952817254644982,1.8956510892591243,2.1534274781625315,1.8981988767355553]}","[0.1607818847818848,0.5357227397227398,0.11481515481515482,0.1901750021750022,-0.753015957015957,0.18833402033402033]",0.07280214080214083,1.0,0.6699293249920756,0.12208982779876126,"[[0.1638966778500189,0.0,0.0,0.0,0.0,0.0],[0.0,0.1638966778500189,0.0,0.0,0.0,0.0],[0.0,0.0,0.1638966778500189,0.0,0.0,0.0],[0.0,0.0,0.0,0.1638966778500189,0.0,0.0],[0.0,0.0,0.0,0.0,0.1638966778500189,0.0],[0.0,0.0,0.0,0.0,0.0,0.1638966778500189]]","[[0.1638966778500189,0.08194833892500945,0.08194833892500945,-0.08194833892500945,-0.08194833892500945,0.0],[0.08194833892500945,0.1638966778500189,0.08194833892500945,0.08194833892500945,0.0,-0.08194833892500945],[0.08194833892500945,0.08194833892500945,0.1638966778500189,0.0,0.08194833892500945,0.08194833892500945],[-0.08194833892500945,0.08194833892500945,0.0,0.1638966778500189,0.08194833892500945,-0.08194833892500945],[-0.08194833892500945,0.0,0.08194833892500945,0.08194833892500945,0.1638966778500189,0.08194833892500945],[0.0,-0.08194833892500945,0.08194833892500945,-0.08194833892500945,0.08194833892500945,0.1638966778500189]]",Gaussian covariance benchmark,False
signal_comparison,harmonic_stress,calibration,square,az45_el30,45.0,30.0,-10.0,-10.0,2048,all_6,1000,2000,565139966,gaussian_covariance_benchmark,plane,20.0,"[-64.2682933104535,-166.94927624563607,-68.86226004456587,-67.21690007079485,-2.5214950857168317,60.94390928701322]","[[33926.54524779944,3061.7157455122674,1493.7666279361463,136.57639304549437,246.83881514475354,347.6077785130541],[3061.7157455122674,93396.17526204852,-1118.776139752926,-2209.4612724023164,2441.3603766875785,-1056.1396539112905],[1493.7666279361463,-1118.776139752926,35975.20455286542,-631.8547340807141,-583.0921727634892,636.579364212426],[136.57639304549437,-2209.4612724023164,-631.8547340807141,30724.582292779563,619.5565975264559,408.57163881107545],[246.83881514475354,2441.3603766875785,-583.0921727634892,619.5565975264559,43093.27298829025,684.900675520859],[347.6077785130541,-1056.1396539112905,636.579364212426,408.57163881107545,684.900675520859,31795.097559701942]]","[[1.0000000000000002,0.05439143328010549,0.042757400910548686,0.004230218756090879,0.006455633907938545,0.010583750334118429],[0.05439143328010549,1.0,-0.019300875699987147,-0.041245716680063944,0.03848244042186108,-0.019381024131567986],[0.042757400910548686,-0.019300875699987147,0.9999999999999998,-0.019005207433422027,-0.014809173982241314,0.01882221973568782],[0.004230218756090879,-0.041245716680063944,-0.019005207433422027,0.9999999999999998,0.01702680852253342,0.013072093393121901],[0.006455633907938545,0.03848244042186108,-0.014809173982241314,0.01702680852253342,1.0,0.01850302660674918],[0.010583750334118429,-0.019381024131567986,0.01882221973568782,0.013072093393121901,0.01850302660674918,1.0]]","[30365.298051290752,31717.223807333263,33066.233849939825,36872.2562365667,43107.23566079161,93782.63029756305]",3.088480479893613,6,"[1.1001181188153286,1.042021332455294,1.0544968572283004,1.110427388612933,1.0570446804128266,1.0664321071747904]","{""p05"":[1.0616610327802676,1.0274946624270633,1.0371306483847333,1.0565920827169892,1.0343480167335826,1.0351159871971947],""p10"":[1.1001181188153286,1.042021332455294,1.0544968572283004,1.110427388612933,1.0570446804128266,1.0664321071747904],""p25"":[1.1849681451840712,1.138265910099757,1.1762719997869184,1.1916362532334646,1.126521841012707,1.1541591828791165],""p50"":[1.304017101537246,1.2769840932129548,1.3248871257167747,1.3178492588540829,1.253950868045179,1.2738740352766906]}","[-0.318964766412389,-0.23094648603638412,-0.24749925851109497,-0.26398066569863704,-0.1879777272626865,-0.19210680882301304]",-0.24024595212403413,1.0,0.4453755186741628,0.9914695429315616,"[[44818.479650580855,0.0,0.0,0.0,0.0,0.0],[0.0,44818.479650580855,0.0,0.0,0.0,0.0],[0.0,0.0,44818.479650580855,0.0,0.0,0.0],[0.0,0.0,0.0,44818.479650580855,0.0,0.0],[0.0,0.0,0.0,0.0,44818.479650580855,0.0],[0.0,0.0,0.0,0.0,0.0,44818.479650580855]]","[[44818.479650580855,22409.239825290428,22409.239825290428,-22409.239825290428,-22409.239825290428,0.0],[22409.239825290428,44818.479650580855,22409.239825290428,22409.239825290428,0.0,-22409.239825290428],[22409.239825290428,22409.239825290428,44818.479650580855,0.0,22409.239825290428,22409.239825290428],[-22409.239825290428,22409.239825290428,0.0,44818.479650580855,22409.239825290428,-22409.239825290428],[-22409.239825290428,0.0,22409.239825290428,22409.239825290428,44818.479650580855,22409.239825290428],[0.0,-22409.239825290428,22409.239825290428,-22409.239825290428,22409.239825290428,44818.479650580855]]",Gaussian covariance benchmark,False
signal_comparison,harmonic_stress,calibration,square,az45_el30,45.0,30.0,0.0,0.0,2048,all_6,1000,2000,1508737882,gaussian_covariance_benchmark,plane,20.0,"[-0.09446926621749882,-0.18597704945360297,-0.08084385070064515,-0.46011194581403725,-0.41625170013719587,0.29187322711542696]","[[178.34642074171543,8.64844179220842,0.7257220240525006,-1.7388344382860965,0.2729426799134732,7.6175231713580205],[8.64844179220842,146.14295374982206,3.414263000946755,6.658165590942636,4.717724074524201,-7.840667168852838],[0.7257220240525006,3.414263000946755,158.58624717215665,4.841809796834666,-1.7169733925927968,5.662476105276049],[-1.7388344382860965,6.658165590942636,4.841809796834666,184.26028852282823,-2.7140018194677134,4.223848785470183],[0.2729426799134732,4.717724074524201,-1.7169733925927968,-2.7140018194677134,167.915140676045,3.461077249674904],[7.6175231713580205,-7.840667168852838,5.662476105276049,4.223848785470183,3.461077249674904,159.76434512277385]]","[[1.0,0.0535693932573228,0.00431524385959434,-0.009592021877190405,0.001577227438175471,0.04512753931606736],[0.0535693932573228,1.0,0.022427211073268942,0.0405741824895589,0.030116095628920467,-0.05131261485458257],[0.00431524385959434,0.022427211073268942,0.9999999999999999,0.028324293791407777,-0.010521699042214543,0.03557408100117932],[-0.009592021877190405,0.0405741824895589,0.028324293791407777,1.0,-0.01542941045062586,0.024617988063326667],[0.001577227438175471,0.030116095628920467,-0.010521699042214543,-0.01542941045062586,1.0,0.021131310526283743],[0.04512753931606736,-0.05131261485458257,0.03557408100117932,0.024617988063326667,0.021131310526283743,1.0]]","[135.93769216920322,156.72310497615504,164.05230546109158,168.64827703377756,182.3996145648754,187.2544017802382]",1.3775016979629202,6,"[1.1555745131514072,1.1547263727154806,1.1514592659748075,1.1421766327312577,1.1365537754099766,1.1566355273310291]","{""p05"":[1.1136104426616573,1.1190478573778078,1.1153499918001133,1.1058759420576159,1.0931482463289555,1.1206788489016486],""p10"":[1.1555745131514072,1.1547263727154806,1.1514592659748075,1.1421766327312577,1.1365537754099766,1.1566355273310291],""p25"":[1.221003228936088,1.2239834059205617,1.2133189007776304,1.2048154796564745,1.2038187718709417,1.2204425506168421],""p50"":[1.296708730096958,1.3058958226325985,1.2945195576994029,1.287547476870878,1.2857580805528328,1.2940862583033317]}","[-0.22362346362346364,-0.05573512373512374,-0.1332901572901573,-0.17855323055323055,-0.1739004059004059,-0.17701775701775704]",-0.15702002302002302,1.0,0.1016017901234255,0.9704997645771265,"[[165.83589933089021,0.0,0.0,0.0,0.0,0.0],[0.0,165.83589933089021,0.0,0.0,0.0,0.0],[0.0,0.0,165.83589933089021,0.0,0.0,0.0],[0.0,0.0,0.0,165.83589933089021,0.0,0.0],[0.0,0.0,0.0,0.0,165.83589933089021,0.0],[0.0,0.0,0.0,0.0,0.0,165.83589933089021]]","[[165.83589933089024,82.91794966544512,82.91794966544512,-82.91794966544512,-82.91794966544512,0.0],[82.91794966544512,165.83589933089024,82.91794966544512,82.91794966544512,0.0,-82.91794966544512],[82.91794966544512,82.91794966544512,165.83589933089024,0.0,82.91794966544512,82.91794966544512],[-82.91794966544512,82.91794966544512,0.0,165.83589933089024,82.91794966544512,-82.91794966544512],[-82.91794966544512,0.0,82.91794966544512,82.91794966544512,165.83589933089024,82.91794966544512],[0.0,-82.91794966544512,82.91794966544512,-82.91794966544512,82.91794966544512,165.83589933089024]]",Gaussian covariance benchmark,False
signal_comparison,harmonic_stress,calibration,square,az45_el30,45.0,30.0,10.0,10.0,2048,all_6,1000,2000,3931253105,gaussian_covariance_benchmark,plane,20.0,"[-0.5135631864904625,-0.5222481390915389,-0.537420520813105,-0.6488147580548574,0.004326971511023221,0.6851028782987921]","[[18.317634091316492,1.502366620430381,1.1314765829863453,-1.1721102682183353,-0.3851293173656888,-0.7101885453599514],[1.502366620430381,19.096189741926466,0.7448127837568373,0.9778753485005499,-0.28341052271563727,-1.6516383713130498],[1.1314765829863453,0.7448127837568373,18.24980896167987,-0.005038367378966458,0.7462868055699492,1.2988998377063978],[-1.1721102682183353,0.9778753485005499,-0.005038367378966458,18.831805271761468,0.7026276713698867,-1.306616723445063],[-0.3851293173656888,-0.28341052271563727,0.7462868055699492,0.7026276713698867,15.718128177317748,1.0006104054787694],[-0.7101885453599514,-1.6516383713130498,1.2988998377063978,-1.306616723445063,1.0006104054787694,18.72772383120691]]","[[1.0000000000000002,0.08032817044189015,0.06188447617964392,-0.0631084921198052,-0.022697157805240946,-0.03834391695357539],[0.08032817044189015,1.0000000000000002,0.039897400490845863,0.051566084987104584,-0.01635845175372794,-0.08733716795988918],[0.06188447617964392,0.039897400490845863,1.0000000000000002,-0.00027177824680737556,0.044063215754584974,0.07025932984088132],[-0.0631084921198052,0.051566084987104584,-0.00027177824680737556,1.0,0.040839353561131574,-0.06957604482557754],[-0.022697157805240946,-0.01635845175372794,0.044063215754584974,0.040839353561131574,0.9999999999999998,0.05832061615641171],[-0.03834391695357539,-0.08733716795988918,0.07025932984088132,-0.06957604482557754,0.05832061615641171,0.9999999999999998]]","[15.066363501435932,15.758360684978623,16.51719423920031,19.227023668583694,20.54852540877296,21.823822572237454]",1.4485129454202728,6,"[1.2223786280506088,1.2289018766232436,1.2250403749190308,1.2256308568988692,1.2293497195047414,1.2240620542903262]","{""p05"":[1.203694896908011,1.206489460671388,1.2091145147357665,1.203394462730426,1.2096285292600637,1.2042281770182008],""p10"":[1.2223786280506088,1.2289018766232436,1.2250403749190308,1.2256308568988692,1.2293497195047414,1.2240620542903262],""p25"":[1.2650302929493764,1.266104729304155,1.2644779907228325,1.2683952063995798,1.2699399212337128,1.2628757695576232],""p50"":[1.3120807012700038,1.311290312755339,1.3130472765678942,1.313861650177435,1.3194021718736244,1.3086482585790777]}","[-0.13207420807420805,0.3855844695844696,-0.13390108990108993,-0.15513062313062315,-0.5835648795648796,-0.1418046578046578]",-0.1268151648151648,1.0,0.13782963525784445,0.8790385484488779,"[[18.15688167920149,0.0,0.0,0.0,0.0,0.0],[0.0,18.15688167920149,0.0,0.0,0.0,0.0],[0.0,0.0,18.15688167920149,0.0,0.0,0.0],[0.0,0.0,0.0,18.15688167920149,0.0,0.0],[0.0,0.0,0.0,0.0,18.15688167920149,0.0],[0.0,0.0,0.0,0.0,0.0,18.15688167920149]]","[[18.15688167920149,9.078440839600745,9.078440839600745,-9.078440839600745,-9.078440839600745,0.0],[9.078440839600745,18.15688167920149,9.078440839600745,9.078440839600745,0.0,-9.078440839600745],[9.078440839600745,9.078440839600745,18.15688167920149,0.0,9.078440839600745,9.078440839600745],[-9.078440839600745,9.078440839600745,0.0,18.15688167920149,9.078440839600745,-9.078440839600745],[-9.078440839600745,0.0,9.078440839600745,9.078440839600745,18.15688167920149,9.078440839600745],[0.0,-9.078440839600745,9.078440839600745,-9.078440839600745,9.078440839600745,18.15688167920149]]",Gaussian covariance benchmark,False
direction_check,deterministic_multisine,calibration,square,az20_el10,20.0,10.0,0.0,0.0,2048,all_6,1000,2000,957820793,gaussian_covariance_benchmark,plane,20.0,"[0.031154227464578837,-0.06886947714663952,-0.018701877951970956,-0.5415028210025883,0.12487729031087105,0.15036502525792758]","[[17.80189556070092,1.5698148914347447,0.7768266790100118,-0.5546595797371531,-0.9153764248002841,0.050070688417084404],[1.5698148914347447,18.09392714427364,1.1874681308744612,1.5151178537413568,0.019333813930664447,-1.5005942173765598],[0.7768266790100118,1.1874681308744612,16.29199056095506,0.05696981640482701,1.0405218198359234,1.4845597481841728],[-0.5546595797371531,1.5151178537413568,0.05696981640482701,14.02059187641999,1.2979650554571491,-0.47047900614277377],[-0.9153764248002841,0.019333813930664447,1.0405218198359234,1.2979650554571491,16.159024333799433,2.3561010587404816],[0.050070688417084404,-1.5005942173765598,1.4845597481841728,-0.47047900614277377,2.3561010587404816,17.80387510559635]]","[[1.0,0.08746794062813794,0.04561460653764242,-0.03510833389403205,-0.05397082183043091,0.002812504128262645],[0.08746794062813794,1.0000000000000002,0.06916214743919759,0.09512547170670493,0.0011306899929065175,-0.08360641093193728],[0.04561460653764242,0.06916214743919759,1.0,0.003769420352427106,0.06412930738881623,0.08716724835648539],[-0.03510833389403205,0.09512547170670493,0.003769420352427106,1.0000000000000002,0.08623275453301506,-0.029778293468226778],[-0.05397082183043091,0.0011306899929065175,0.06412930738881623,0.08623275453301506,1.0000000000000002,0.1389085818220226],[0.002812504128262645,-0.08360641093193728,0.08716724835648539,-0.029778293468226778,0.1389085818220226,1.0000000000000002]]","[12.747799319839597,13.969429913062708,15.018694583705317,17.777921788773593,19.851381831326275,20.80607714503789]",1.6321308974998587,6,"[1.4239982592087406,1.4424692299364157,1.4259855176413359,1.4311925639222636,1.4229967326613864,1.4280886187297892]","{""p05"":[1.3853740727943653,1.3990213132529905,1.3932443502161376,1.3974250754013458,1.3852799275543541,1.3982809355662185],""p10"":[1.4239982592087406,1.4424692299364157,1.4259855176413359,1.4311925639222636,1.4229967326613864,1.4280886187297892],""p25"":[1.4941996753632343,1.5189886197251972,1.4870658719056156,1.5028099040178329,1.4909948248122602,1.5003185522061115],""p50"":[1.5765689309202928,1.616637196455776,1.5791927847815337,1.5896359340309378,1.5885120790380358,1.5975549731458414]}","[0.28995706995707,-0.505991257991258,0.2292452172452172,0.17263496863496866,0.05402277002277002,0.3082013482013482]",0.09134501934501933,1.0,0.17663020573030574,0.8463153236030561,"[[16.6952174302909,0.0,0.0,0.0,0.0,0.0],[0.0,16.6952174302909,0.0,0.0,0.0,0.0],[0.0,0.0,16.6952174302909,0.0,0.0,0.0],[0.0,0.0,0.0,16.6952174302909,0.0,0.0],[0.0,0.0,0.0,0.0,16.6952174302909,0.0],[0.0,0.0,0.0,0.0,0.0,16.6952174302909]]","[[16.695217430290903,8.347608715145451,8.347608715145451,-8.347608715145451,-8.347608715145451,0.0],[8.347608715145451,16.695217430290903,8.347608715145451,8.347608715145451,0.0,-8.347608715145451],[8.347608715145451,8.347608715145451,16.695217430290903,0.0,8.347608715145451,8.347608715145451],[-8.347608715145451,8.347608715145451,0.0,16.695217430290903,8.347608715145451,-8.347608715145451],[-8.347608715145451,0.0,8.347608715145451,8.347608715145451,16.695217430290903,8.347608715145451],[0.0,-8.347608715145451,8.347608715145451,-8.347608715145451,8.347608715145451,16.695217430290903]]",Gaussian covariance benchmark,False
direction_check,deterministic_multisine,calibration,square,az45_el30,45.0,30.0,0.0,0.0,2048,all_6,1000,2000,4072657386,gaussian_covariance_benchmark,plane,20.0,"[0.10460730603436723,-0.30025891553316686,-0.14035785006453746,-0.35570812171381117,0.16121324918640373,0.3578909205917562]","[[16.966180606727477,1.9603831708372355,1.6393165784047599,-1.5684541156839982,-1.1491634190702393,-0.22396438363162446],[1.9603831708372355,18.133392655841373,0.7296376848674149,0.9033177335223631,-0.19708885301936013,-2.306769469575791],[1.6393165784047599,0.7296376848674149,17.27397478121586,-0.3873423294911764,1.213120124683824,0.9168707404025541],[-1.5684541156839982,0.9033177335223631,-0.3873423294911764,15.772846641570856,1.6562471794757803,-1.1769316276611768],[-1.1491634190702393,-0.19708885301936013,1.213120124683824,1.6562471794757803,16.205587115309882,0.07394360494901554],[-0.22396438363162446,-2.306769469575791,0.9168707404025541,-1.1769316276611768,0.07394360494901554,16.319585057150043]]","[[1.0,0.11176591806068105,0.09575790752268742,-0.09587927356116478,-0.06930385057173877,-0.013459606410899078],[0.11176591806068105,1.0000000000000002,0.04122603647543803,0.05341287598745983,-0.01149714859154875,-0.13409423465219214],[0.09575790752268742,0.04122603647543803,1.0000000000000002,-0.023466254644601864,0.07250622291026436,0.05460814408793157],[-0.09587927356116478,0.05341287598745983,-0.023466254644601864,1.0,0.10359474517065582,-0.07335701270034942],[-0.06930385057173877,-0.01149714859154875,0.07250622291026436,0.10359474517065582,1.0,0.004546881949674901],[-0.013459606410899078,-0.13409423465219214,0.05460814408793157,-0.07335701270034942,0.004546881949674901,1.0000000000000002]]","[13.636902308268748,13.983962303729147,14.273613076260881,18.337759076348686,19.537719780572193,20.90161031263584]",1.532724209658826,6,"[1.4239292172929934,1.4329425901622281,1.424685733939747,1.425097628168895,1.4217337945033837,1.4304038804980899]","{""p05"":[1.3924048957696225,1.4008824960852868,1.386439665668849,1.3908312685988549,1.3864368536540528,1.3930342102004456],""p10"":[1.4239292172929934,1.4329425901622281,1.424685733939747,1.425097628168895,1.4217337945033837,1.4304038804980899],""p25"":[1.4909981416023919,1.4974481363569567,1.4970570579563716,1.504427264973193,1.492313271039081,1.5017307126341506],""p50"":[1.5800896132904017,1.5917326694490739,1.587434445580707,1.5976153460993334,1.5855427099914885,1.5925454027503392]}","[-0.09786885786885786,0.3888150768150768,-0.16040776040776042,-0.10800548400548401,-0.5518365478365479,-0.12094683694683696]",-0.10837506837506838,1.0,0.171193372498745,0.8396797986667743,"[[16.77859447630258,0.0,0.0,0.0,0.0,0.0],[0.0,16.77859447630258,0.0,0.0,0.0,0.0],[0.0,0.0,16.77859447630258,0.0,0.0,0.0],[0.0,0.0,0.0,16.77859447630258,0.0,0.0],[0.0,0.0,0.0,0.0,16.77859447630258,0.0],[0.0,0.0,0.0,0.0,0.0,16.77859447630258]]","[[16.77859447630258,8.38929723815129,8.38929723815129,-8.38929723815129,-8.38929723815129,0.0],[8.38929723815129,16.77859447630258,8.38929723815129,8.38929723815129,0.0,-8.38929723815129],[8.38929723815129,8.38929723815129,16.77859447630258,0.0,8.38929723815129,8.38929723815129],[-8.38929723815129,8.38929723815129,0.0,16.77859447630258,8.38929723815129,-8.38929723815129],[-8.38929723815129,0.0,8.38929723815129,8.38929723815129,16.77859447630258,8.38929723815129],[0.0,-8.38929723815129,8.38929723815129,-8.38929723815129,8.38929723815129,16.77859447630258]]",Gaussian covariance benchmark,False
direction_check,deterministic_multisine,calibration,square,az120_el50,120.0,50.0,0.0,0.0,2048,all_6,1000,2000,1708601867,gaussian_covariance_benchmark,plane,20.0,"[-0.09086127927986444,-0.121618008628047,-0.23106442145294323,0.05794133330384212,-0.4198057229835415,-0.22771556294684595]","[[16.111604272661076,1.3331538026779854,0.4964644821227611,-0.49198081927091575,-0.8666309669305567,-0.21806002603458216],[1.3331538026779854,16.631006631735133,1.250749708990421,1.150622138704215,-0.10804966356033574,-0.5381299860404194],[0.4964644821227611,1.250749708990421,17.25761597188454,-0.11636702710988388,1.9590947891649562,0.7206883286126285],[-0.49198081927091575,1.150622138704215,-0.11636702710988388,15.915591925248926,0.8238331842712879,-1.156999018320527],[-0.8666309669305567,-0.10804966356033574,1.9590947891649562,0.8238331842712879,17.449034794673416,1.8215027426969854],[-0.21806002603458216,-0.5381299860404194,0.7206883286126285,-1.156999018320527,1.8215027426969854,17.130176764366166]]","[[1.0,0.0814425933376606,0.029773397136507174,-0.030723265968588015,-0.05168673581310193,-0.013125798841110259],[0.0814425933376606,1.0,0.07382793851629056,0.07072322555769803,-0.006342762446963234,-0.031882106060332996],[0.029773397136507174,0.07382793851629056,1.0,-0.007021471564259317,0.11289620538734392,0.04191564623896873],[-0.030723265968588015,0.07072322555769803,-0.007021471564259317,0.9999999999999998,0.0494358697703782,-0.07007137998785512],[-0.05168673581310193,-0.006342762446963234,0.11289620538734392,0.0494358697703782,1.0,0.10535695322916415],[-0.013125798841110259,-0.031882106060332996,0.04191564623896873,-0.07007137998785512,0.10535695322916415,1.0]]","[13.743382110830318,14.578084906260095,15.466378119918357,17.382012444451778,18.90141139188931,20.423761387219415]",1.4860797162239052,6,"[1.424995142954247,1.407008278683114,1.4202380084186816,1.436063374334008,1.417919979608549,1.4129228906658413]","{""p05"":[1.394330827781475,1.370189507998919,1.3866412112931932,1.3973600227565715,1.3839557394789204,1.3787161289870826],""p10"":[1.424995142954247,1.407008278683114,1.4202380084186816,1.436063374334008,1.417919979608549,1.4129228906658413],""p25"":[1.4928920279502702,1.479361254785236,1.495404863711527,1.5082306246428059,1.4865299357976896,1.4784164478542106],""p50"":[1.5953656971063173,1.5676543381695436,1.5846975031827772,1.602001918037228,1.57892745484446,1.5689575849142208]}","[-0.01994956394956395,0.15340308940308942,-0.5152761592761593,-0.5211612771612772,-0.055281883281883284,0.014653430653430654]",-0.1572687272687273,1.0,0.1405672423163176,0.8683340106200538,"[[16.749171726761542,0.0,0.0,0.0,0.0,0.0],[0.0,16.749171726761542,0.0,0.0,0.0,0.0],[0.0,0.0,16.749171726761542,0.0,0.0,0.0],[0.0,0.0,0.0,16.749171726761542,0.0,0.0],[0.0,0.0,0.0,0.0,16.749171726761542,0.0],[0.0,0.0,0.0,0.0,0.0,16.749171726761542]]","[[16.749171726761542,8.374585863380771,8.374585863380771,-8.374585863380771,-8.374585863380771,0.0],[8.374585863380771,16.749171726761542,8.374585863380771,8.374585863380771,0.0,-8.374585863380771],[8.374585863380771,8.374585863380771,16.749171726761542,0.0,8.374585863380771,8.374585863380771],[-8.374585863380771,8.374585863380771,0.0,16.749171726761542,8.374585863380771,-8.374585863380771],[-8.374585863380771,0.0,8.374585863380771,8.374585863380771,16.749171726761542,8.374585863380771],[0.0,-8.374585863380771,8.374585863380771,-8.374585863380771,8.374585863380771,16.749171726761542]]",Gaussian covariance benchmark,False
fine_snr,deterministic_multisine,calibration,tetrahedral,az45_el30,45.0,30.0,-10.0,-10.0,2048,all_6,1000,2000,375796775,gaussian_covariance_benchmark,plane,20.0,"[80.14620101226407,79.93927986898508,90.22873110475767,-4.891674532213409,-0.2532807344413258,5.809603233843705]","[[58134.01439553762,191.17753409182166,375.77510923279766,-1799.3770481199203,435.51052865798454,1699.6403648055077],[191.17753409182166,59179.06850915599,816.348247658579,2176.7620385296673,1574.2408842449577,783.6857922839022],[375.77510923279766,816.348247658579,66883.69849416235,1161.023075988629,-293.3786562847799,-602.1104231022688],[-1799.3770481199203,2176.7620385296673,1161.023075988629,19506.87348124311,-877.3452874139922,-81.10702235128444],[435.51052865798454,1574.2408842449577,-293.3786562847799,-877.3452874139922,18679.888249422325,320.84752288844544],[1699.6403648055077,783.6857922839022,-602.1104231022688,-81.10702235128444,320.84752288844544,17412.337229974102]]","[[0.9999999999999999,0.0032593998118065613,0.006026327262987437,-0.0534334463283804,0.013215888469415607,0.0534211637753953],[0.0032593998118065613,1.0,0.012975713925785119,0.06406680390071277,0.047347819986520136,0.024413462350794005],[0.006026327262987437,0.012975713925785119,1.0,0.0321430347526243,-0.008300060117696744,-0.017643610846236814],[-0.0534334463283804,0.06406680390071277,0.0321430347526243,1.0,-0.04596101141274232,-0.0044008451663473365],[0.013215888469415607,0.047347819986520136,-0.008300060117696744,-0.04596101141274232,1.0,0.01779028964534537],[0.0534211637753953,0.024413462350794005,-0.017643610846236814,-0.0044008451663473365,0.01779028964534537,1.0000000000000002]]","[17249.567244826056,18013.313940781656,19946.690070353718,58272.26825338412,59286.53216064554,67027.5086895043]",3.885750160463241,6,"[1.1643048256617765,1.1250296406551787,1.1255468855777246,1.1394545538726681,1.1549976292355926,1.140445209487365]","{""p05"":[1.0941975159020838,1.069837430920561,1.069593834574419,1.0933451333977071,1.104788590893166,1.0674731195550509],""p10"":[1.1643048256617765,1.1250296406551787,1.1255468855777246,1.1394545538726681,1.1549976292355926,1.140445209487365],""p25"":[1.2882299222105997,1.2672495052404043,1.2949274404850881,1.2571275582271162,1.2730772945818831,1.2791666874279108],""p50"":[1.4305213552126286,1.4316777147875488,1.448542966536801,1.409708391390514,1.4239686463751644,1.4487735280994536]}","[-0.3565007565858261,-0.3358492830077885,-0.3480232390673088,-0.3617869585671727,-0.356989124989125,-0.340083978124482]",-0.34987222339028384,1.0,0.4780816422956697,0.9910507433763694,"[[39965.98005991591,0.0,0.0,0.0,0.0,0.0],[0.0,39965.98005991591,0.0,0.0,0.0,0.0],[0.0,0.0,39965.98005991591,0.0,0.0,0.0],[0.0,0.0,0.0,39965.98005991591,0.0,0.0],[0.0,0.0,0.0,0.0,39965.98005991591,0.0],[0.0,0.0,0.0,0.0,0.0,39965.98005991591]]","[[39965.98005991591,19982.990029957957,19982.990029957957,-19982.990029957957,-19982.990029957957,0.0],[19982.990029957957,39965.98005991591,19982.990029957957,19982.990029957957,0.0,-19982.990029957957],[19982.990029957957,19982.990029957957,39965.98005991591,0.0,19982.990029957957,19982.990029957957],[-19982.990029957957,19982.990029957957,0.0,39965.98005991591,19982.990029957957,-19982.990029957957],[-19982.990029957957,0.0,19982.990029957957,19982.990029957957,39965.98005991591,19982.990029957957],[0.0,-19982.990029957957,19982.990029957957,-19982.990029957957,19982.990029957957,39965.98005991591]]",Gaussian covariance benchmark,False
fine_snr,deterministic_multisine,calibration,tetrahedral,az45_el30,45.0,30.0,-8.0,-8.0,2048,all_6,1000,2000,1960715790,gaussian_covariance_benchmark,plane,20.0,"[20.713400924280975,15.771117583787415,25.805928598430796,-3.387906857237752,1.7202617917950758,5.187769021437763]","[[17168.57114642521,-170.01934881889994,354.7761213138404,-348.6220766939421,59.58129708496327,4.537426866953694],[-170.01934881889994,12492.011517320127,-223.76545353348968,197.89859334870698,-46.68638011373321,168.9610867534358],[354.7761213138404,-223.76545353348968,20628.131663683438,263.6863673707601,-130.92942083119362,-108.43498287576949],[-348.6220766939421,197.89859334870698,263.6863673707601,3828.09205397722,280.2983833035335,-341.9056153834935],[59.58129708496327,-46.68638011373321,-130.92942083119362,280.2983833035335,5667.666673485333,-254.66434952048462],[4.537426866953694,168.9610867534358,-108.43498287576949,-341.9056153834935,-254.66434952048462,5048.375211940197]]","[[1.0,-0.011609541925332926,0.018851996816137657,-0.04300278897780199,0.006040052687536585,0.00048737892889310865],[-0.011609541925332926,1.0000000000000002,-0.013939490576806771,0.028617739952029986,-0.005548452384582057,0.021276230830559253],[0.018851996816137657,-0.013939490576806771,1.0000000000000002,0.02967334756829206,-0.012108912726949502,-0.010625849367414352],[-0.04300278897780199,0.028617739952029986,0.02967334756829206,1.0,0.060176545947113476,-0.07777485935998682],[0.006040052687536585,-0.005548452384582057,-0.012108912726949502,0.060176545947113476,0.9999999999999999,-0.04760912384360847],[0.00048737892889310865,0.021276230830559253,-0.010625849367414352,-0.07777485935998682,-0.04760912384360847,1.0]]","[3697.3034310411585,4990.846157800643,5832.068645903779,12488.351866726765,17148.4137396397,20675.864425719476]",5.592147036711338,6,"[1.2103914383151053,1.2208177709359018,1.2349612174948001,1.2039672634343335,1.2082703149148832,1.225657900907593]","{""p05"":[1.1528703878161155,1.1462609355825724,1.1508128506408108,1.137746371486565,1.1428411862551449,1.1429049983777697],""p10"":[1.2103914383151053,1.2208177709359018,1.2349612174948001,1.2039672634343335,1.2082703149148832,1.225657900907593],""p25"":[1.3354685106153223,1.3452162276355488,1.3567523599031617,1.3500157806711657,1.3511710704768962,1.3626528605106965],""p50"":[1.4993263414868463,1.5129318197793775,1.5115248576693798,1.4904445568122757,1.5094269634278916,1.5033194748690224]}","[-0.24902562977270667,-0.20543049804678953,-0.266797797598191,-0.2500627060627061,-0.2557138477138477,-0.17002142602142603]",-0.23284198420261118,1.0,0.512508195784726,0.9953588255851952,"[[10805.474711138588,0.0,0.0,0.0,0.0,0.0],[0.0,10805.474711138588,0.0,0.0,0.0,0.0],[0.0,0.0,10805.474711138588,0.0,0.0,0.0],[0.0,0.0,0.0,10805.474711138588,0.0,0.0],[0.0,0.0,0.0,0.0,10805.474711138588,0.0],[0.0,0.0,0.0,0.0,0.0,10805.474711138588]]","[[10805.474711138588,5402.737355569294,5402.737355569294,-5402.737355569294,-5402.737355569294,0.0],[5402.737355569294,10805.474711138588,5402.737355569294,5402.737355569294,0.0,-5402.737355569294],[5402.737355569294,5402.737355569294,10805.474711138588,0.0,5402.737355569294,5402.737355569294],[-5402.737355569294,5402.737355569294,0.0,10805.474711138588,5402.737355569294,-5402.737355569294],[-5402.737355569294,0.0,5402.737355569294,5402.737355569294,10805.474711138588,5402.737355569294],[0.0,-5402.737355569294,5402.737355569294,-5402.737355569294,5402.737355569294,10805.474711138588]]",Gaussian covariance benchmark,False
fine_snr,deterministic_multisine,calibration,tetrahedral,az45_el30,45.0,30.0,-6.0,-6.0,2048,all_6,1000,2000,3825347583,gaussian_covariance_benchmark,plane,20.0,"[7.609193707434265,4.117126199690048,1.0341910021387084,1.207187469942512,-0.8056558934021277,0.20857098541576088]","[[6271.375927494207,-53.10302606817661,16.802325486049735,-18.87826787916521,37.30369459805103,19.38221651493738],[-53.10302606817661,2699.952595614251,-16.299032754482756,11.841008996431901,8.402284194886983,-27.67417984595457],[16.802325486049735,-16.299032754482756,260.58446617725366,9.881090323866957,4.47820255168236,11.578956740588936],[-18.87826787916521,11.841008996431901,9.881090323866957,715.4604574066542,13.231518016173158,-17.846893152106848],[37.30369459805103,8.402284194886983,4.47820255168236,13.231518016173158,389.65980107516407,-0.02248364326210694],[19.38221651493738,-27.67417984595457,11.578956740588936,-17.846893152106848,-0.02248364326210694,80.55898777645048]]","[[1.0,-0.012905052721497874,0.01314358125860569,-0.008912261257867761,0.02386314209946978,0.02726873698363853],[-0.012905052721497874,1.0,-0.019431642032627185,0.008519572903401084,0.008191746325930912,-0.05933892702409002],[0.01314358125860569,-0.019431642032627185,1.0,0.022884308284316587,0.014053570259622186,0.07991681541105965],[-0.008912261257867761,0.008519572903401084,0.022884308284316587,1.0000000000000002,0.0250595952557205,-0.07433833082152366],[0.02386314209946978,0.008191746325930912,0.014053570259622186,0.0250595952557205,1.0,-0.0001269015373362789],[0.02726873698363853,-0.05933892702409002,0.07991681541105965,-0.07433833082152366,-0.0001269015373362789,1.0000000000000002]]","[78.97261339998512,260.8333903794543,388.9768457104497,716.5717395926492,2699.6605095364575,6272.577136924982]",79.42724530534738,6,"[1.304642776617493,1.2982327209375435,1.3052100932086244,1.3187310853243421,1.3141590620262633,1.3180199346650694]","{""p05"":[1.2506956593124219,1.2394519503424444,1.2333132176593091,1.2525875822162866,1.2540008870724035,1.2524965122078373],""p10"":[1.304642776617493,1.2982327209375435,1.3052100932086244,1.3187310853243421,1.3141590620262633,1.3180199346650694],""p25"":[1.4238088105112408,1.429252999218569,1.428964195111425,1.4333854044584706,1.4251797304810483,1.426080397736153],""p50"":[1.5447298996785355,1.5538111345810546,1.5613613229300447,1.5739314936891284,1.5634524157870966,1.5549206835393774]}","[-0.12937639576452495,-0.2012685572685573,-0.09405707805707807,-0.23339374139374142,-0.04965362565362565,-0.05153699153699154]",-0.12654773161241983,1.0,0.7862447767351465,0.9994279606373141,"[[1736.265372590663,0.0,0.0,0.0,0.0,0.0],[0.0,1736.265372590663,0.0,0.0,0.0,0.0],[0.0,0.0,1736.265372590663,0.0,0.0,0.0],[0.0,0.0,0.0,1736.265372590663,0.0,0.0],[0.0,0.0,0.0,0.0,1736.265372590663,0.0],[0.0,0.0,0.0,0.0,0.0,1736.265372590663]]","[[1736.2653725906632,868.1326862953316,868.1326862953316,-868.1326862953316,-868.1326862953316,0.0],[868.1326862953316,1736.2653725906632,868.1326862953316,868.1326862953316,0.0,-868.1326862953316],[868.1326862953316,868.1326862953316,1736.2653725906632,0.0,868.1326862953316,868.1326862953316],[-868.1326862953316,868.1326862953316,0.0,1736.2653725906632,868.1326862953316,-868.1326862953316],[-868.1326862953316,0.0,868.1326862953316,868.1326862953316,1736.2653725906632,868.1326862953316],[0.0,-868.1326862953316,868.1326862953316,-868.1326862953316,868.1326862953316,1736.2653725906632]]",Gaussian covariance benchmark,False
fine_snr,deterministic_multisine,calibration,tetrahedral,az45_el30,45.0,30.0,-4.0,-4.0,2048,all_6,1000,2000,881696907,gaussian_covariance_benchmark,plane,20.0,"[0.016442667772931328,0.8592233375512789,0.16040268776463099,-0.036796229898690906,0.06048477715818957,0.05632352665078916]","[[42.298165620665216,1.5165676611961911,3.87787132589712,0.21411980830799662,-2.140555057562766,-0.5084674771503395],[1.5165676611961911,1117.534867829296,11.178989870279057,5.043866887475844,-4.580325743097002,0.22077808609588312],[3.87787132589712,11.178989870279057,42.828058804677326,-1.5901327136644456,2.732127717952653,8.000229698375705],[0.21411980830799662,5.043866887475844,-1.5901327136644456,38.76403120985007,-1.5678611073823725,-3.0955891771025903],[-2.140555057562766,-4.580325743097002,2.732127717952653,-1.5678611073823725,42.64090490081066,4.975625316029929],[-0.5084674771503395,0.22077808609588312,8.000229698375705,-3.0955891771025903,4.975625316029929,51.01163492193835]]","[[0.9999999999999999,0.006975421942386836,0.09111050053605954,0.0052878802553202615,-0.05040254081174037,-0.010946311215789022],[0.006975421942386836,1.0,0.05109846173092992,0.02423363755511805,-0.02098227708263913,0.0009246785889009308],[0.09111050053605954,0.05109846173092992,1.0000000000000002,-0.039026060182216146,0.0639327809694911,0.17116053677817916],[0.0052878802553202615,0.02423363755511805,-0.039026060182216146,1.0,-0.03856380814290326,-0.06961362202622055],[-0.05040254081174037,-0.02098227708263913,0.0639327809694911,-0.03856380814290326,1.0,0.1066841352183513],[-0.010946311215789022,0.0009246785889009308,0.17116053677817916,-0.06961362202622055,0.1066841352183513,0.9999999999999999]]","[35.59907859438253,37.982971272631346,39.64382353073465,45.412920759580516,58.7426251625065,1117.696243967401]",31.39677452617471,6,"[1.3705843999344731,1.3823143890429206,1.3836789825394684,1.382828821999892,1.3690898074300593,1.3774737138595015]","{""p05"":[1.3190774771100855,1.333743732559878,1.3300569038891519,1.3258186561724385,1.3276346866028164,1.3235104117947087],""p10"":[1.3705843999344731,1.3823143890429206,1.3836789825394684,1.382828821999892,1.3690898074300593,1.3774737138595015],""p25"":[1.464519862652663,1.4743697350276819,1.489171514092085,1.473134523744029,1.4610040441991143,1.4608167709317856],""p50"":[1.5951409501548777,1.5918846164623526,1.6031988051055073,1.5884959677788166,1.5756175007555793,1.5749765635190118]}","[-0.2904302304302305,-0.31044232644232644,0.02625858225858226,-0.2957364677364677,0.057860073860073864,0.0647099447099447]",-0.12463007063007064,1.0,0.8740987743787672,0.9928060983768769,"[[222.51294388120624,0.0,0.0,0.0,0.0,0.0],[0.0,222.51294388120624,0.0,0.0,0.0,0.0],[0.0,0.0,222.51294388120624,0.0,0.0,0.0],[0.0,0.0,0.0,222.51294388120624,0.0,0.0],[0.0,0.0,0.0,0.0,222.51294388120624,0.0],[0.0,0.0,0.0,0.0,0.0,222.51294388120624]]","[[222.51294388120624,111.25647194060312,111.25647194060312,-111.25647194060312,-111.25647194060312,0.0],[111.25647194060312,222.51294388120624,111.25647194060312,111.25647194060312,0.0,-111.25647194060312],[111.25647194060312,111.25647194060312,222.51294388120624,0.0,111.25647194060312,111.25647194060312],[-111.25647194060312,111.25647194060312,0.0,222.51294388120624,111.25647194060312,-111.25647194060312],[-111.25647194060312,0.0,111.25647194060312,111.25647194060312,222.51294388120624,111.25647194060312],[0.0,-111.25647194060312,111.25647194060312,-111.25647194060312,111.25647194060312,222.51294388120624]]",Gaussian covariance benchmark,False
fine_snr,deterministic_multisine,calibration,tetrahedral,az45_el30,45.0,30.0,-2.0,-2.0,2048,all_6,1000,2000,2510544605,gaussian_covariance_benchmark,plane,20.0,"[0.31691172584476185,-0.037922230620800086,-0.16922419544559178,0.0396040727523864,-0.15230582514501403,0.1361839984604689]","[[23.240809359577778,2.598862936941719,2.339646518270965,-0.9762693484597116,-1.0151175354217095,-0.9788240540199767],[2.598862936941719,27.908572969987166,2.4281719309692504,2.7870985735255718,-1.096395744064075,-2.080865853528543],[2.339646518270965,2.4281719309692504,25.980207973736444,1.1396653943026984,2.440411330148264,2.488771482888461],[-0.9762693484597116,2.7870985735255718,1.1396653943026984,22.89986761549408,0.9381041974913761,-0.5711598785935076],[-1.0151175354217095,-1.096395744064075,2.440411330148264,0.9381041974913761,25.737679867784756,0.6697728018433986],[-0.9788240540199767,-2.080865853528543,2.488771482888461,-0.5711598785935076,0.6697728018433986,24.021685257851875]]","[[1.0000000000000002,0.10204434353764548,0.09521454839848809,-0.042318234828628,-0.04150553426036422,-0.041426407512988886],[0.10204434353764548,0.9999999999999999,0.09017565541243355,0.11024706281641454,-0.04090852571341441,-0.08036621819163445],[0.09521454839848809,0.09017565541243355,1.0,0.04672395142026685,0.09437501281816751,0.09962354096776706],[-0.042318234828628,0.11024706281641454,0.04672395142026685,0.9999999999999999,0.038641136922155664,-0.02435227114010726],[-0.04150553426036422,-0.04090852571341441,0.09437501281816751,0.038641136922155664,1.0,0.026936494373127756],[-0.041426407512988886,-0.08036621819163445,0.09962354096776706,-0.02435227114010726,0.026936494373127756,1.0000000000000002]]","[19.510337541209033,20.528984144257475,23.337321319201077,25.36706545164344,29.229826638762766,31.815287949358265]",1.6306887506256187,6,"[1.4074931466106584,1.4100502235675714,1.4076985938194102,1.3969712591801706,1.4003498758197706,1.3978064044526306]","{""p05"":[1.3708010169148062,1.3623452751255836,1.3728560835026224,1.3601006140332637,1.3519381171641993,1.3563320378920243],""p10"":[1.4074931466106584,1.4100502235675714,1.4076985938194102,1.3969712591801706,1.4003498758197706,1.3978064044526306],""p25"":[1.492114482389638,1.491158347106008,1.502177503133055,1.4771674226908447,1.4753474120523165,1.4746956483435978],""p50"":[1.599573203994026,1.5914563939606583,1.6024870667981186,1.576849799524345,1.5685958321571551,1.5752021165697123]}","[-0.36495456495456496,-0.38229592629592635,0.2457469977469978,-0.4038019998019999,0.23254687654687656,0.2843963483963484]",-0.06472704472704473,1.0,0.1744383611522228,0.8507703144958642,"[[24.964803840738682,0.0,0.0,0.0,0.0,0.0],[0.0,24.964803840738682,0.0,0.0,0.0,0.0],[0.0,0.0,24.964803840738682,0.0,0.0,0.0],[0.0,0.0,0.0,24.964803840738682,0.0,0.0],[0.0,0.0,0.0,0.0,24.964803840738682,0.0],[0.0,0.0,0.0,0.0,0.0,24.964803840738682]]","[[24.964803840738682,12.482401920369341,12.482401920369341,-12.482401920369341,-12.482401920369341,0.0],[12.482401920369341,24.964803840738682,12.482401920369341,12.482401920369341,0.0,-12.482401920369341],[12.482401920369341,12.482401920369341,24.964803840738682,0.0,12.482401920369341,12.482401920369341],[-12.482401920369341,12.482401920369341,0.0,24.964803840738682,12.482401920369341,-12.482401920369341],[-12.482401920369341,0.0,12.482401920369341,12.482401920369341,24.964803840738682,12.482401920369341],[0.0,-12.482401920369341,12.482401920369341,-12.482401920369341,12.482401920369341,24.964803840738682]]",Gaussian covariance benchmark,False
fine_snr,deterministic_multisine,calibration,tetrahedral,az45_el30,45.0,30.0,0.0,0.0,2048,all_6,1000,2000,4015393800,gaussian_covariance_benchmark,plane,20.0,"[0.1332621148322985,0.1704184621633169,0.10774125881718975,-0.0015375492893373861,0.06447552750379008,-0.10881363283137992]","[[17.306585007734057,1.2111953938109443,0.4964624055551844,-1.8046791834364806,-0.7649683178033584,-0.16355689284067426],[1.2111953938109443,16.617200886095777,1.1505227267891334,0.2684568170670246,-0.3347482469940986,-0.7067002401033567],[0.4964624055551844,1.1505227267891334,16.542505456082214,0.36519270205828247,1.1761883962964308,2.1836886465016123],[-1.8046791834364806,0.2684568170670246,0.36519270205828247,16.437844473388772,1.1399916552167562,-1.3326838082489827],[-0.7649683178033584,-0.3347482469940986,1.1761883962964308,1.1399916552167562,16.440329541714302,2.4601904980964675],[-0.16355689284067426,-0.7067002401033567,2.1836886465016123,-1.3326838082489827,2.4601904980964675,15.017742950804777]]","[[1.0000000000000002,0.07142160171230313,0.029341346089512735,-0.10699707005694221,-0.04535054383217067,-0.01014520502811515],[0.07142160171230313,1.0000000000000002,0.06939299364796742,0.01624325521901719,-0.02025275537313997,-0.04473567251984486],[0.029341346089512735,0.06939299364796742,0.9999999999999998,0.022146189577966425,0.07132158531360946,0.13854400551115634],[-0.10699707005694221,0.01624325521901719,0.022146189577966425,1.0,0.06934640944168301,-0.08482079807642279],[-0.04535054383217067,-0.02025275537313997,0.07132158531360946,0.06934640944168301,1.0,0.15657093470296501],[-0.01014520502811515,-0.04473567251984486,0.13854400551115634,-0.08482079807642279,0.15657093470296501,0.9999999999999998]]","[11.952557595346757,14.457116798916676,14.984979741233895,17.588757722840942,19.37416012505545,20.004636332426184]",1.6736699382410152,6,"[1.4452486591056202,1.4383157598126375,1.428036151674512,1.4248569489256102,1.422829306687482,1.4116662255996488]","{""p05"":[1.4064094501479774,1.3909451557416384,1.3995334598963274,1.3791892459022355,1.3781765257415701,1.3715458682456692],""p10"":[1.4452486591056202,1.4383157598126375,1.428036151674512,1.4248569489256102,1.422829306687482,1.4116662255996488],""p25"":[1.5080570643671622,1.5202917185607498,1.4916006367590573,1.4952038778789183,1.4864115111824465,1.4796111909843637],""p50"":[1.599268068838206,1.6189512928861647,1.5850948999094083,1.5826969023597046,1.5775953606855397,1.5679782367986306]}","[-0.509925533925534,-0.5131721491721492,0.4536585456585457,-0.5517594717594718,0.42176046176046184,0.434937890937891]",-0.04408337608337612,1.0,0.17140402148140021,0.8425973964623472,"[[16.393701385969983,0.0,0.0,0.0,0.0,0.0],[0.0,16.393701385969983,0.0,0.0,0.0,0.0],[0.0,0.0,16.393701385969983,0.0,0.0,0.0],[0.0,0.0,0.0,16.393701385969983,0.0,0.0],[0.0,0.0,0.0,0.0,16.393701385969983,0.0],[0.0,0.0,0.0,0.0,0.0,16.393701385969983]]","[[16.393701385969983,8.196850692984992,8.196850692984992,-8.196850692984992,-8.196850692984992,0.0],[8.196850692984992,16.393701385969983,8.196850692984992,8.196850692984992,0.0,-8.196850692984992],[8.196850692984992,8.196850692984992,16.393701385969983,0.0,8.196850692984992,8.196850692984992],[-8.196850692984992,8.196850692984992,0.0,16.393701385969983,8.196850692984992,-8.196850692984992],[-8.196850692984992,0.0,8.196850692984992,8.196850692984992,16.393701385969983,8.196850692984992],[0.0,-8.196850692984992,8.196850692984992,-8.196850692984992,8.196850692984992,16.393701385969983]]",Gaussian covariance benchmark,False
fine_snr,deterministic_multisine,calibration,tetrahedral,az45_el30,45.0,30.0,2.0,2.0,2048,all_6,1000,2000,2291332626,gaussian_covariance_benchmark,plane,20.0,"[0.024304025072338357,-0.02858712542820038,0.19290909063694198,0.008426333048619315,0.006957662088009385,0.012313347303806843]","[[11.586962753539753,0.316455362876125,1.4869557727086848,-0.8537380244983455,-0.9214543352460822,-0.3170155380226645],[0.316455362876125,11.08473707770022,1.3395738591814426,1.3229316998012544,0.052670500702165,-1.125052396861667],[1.4869557727086848,1.3395738591814426,12.019478603312233,-0.22498358865129575,0.7709250137258096,0.8551581943409425],[-0.8537380244983455,1.3229316998012544,-0.22498358865129575,10.198400713485862,0.6840661199132599,-1.100924819451744],[-0.9214543352460822,0.052670500702165,0.7709250137258096,0.6840661199132599,10.506725007559613,1.0659683655317596],[-0.3170155380226645,-1.125052396861667,0.8551581943409425,-1.100924819451744,1.0659683655317596,10.987794788340157]]","[[1.0000000000000002,0.027923185166947907,0.12599996702760075,-0.07853690514054752,-0.08351323930130002,-0.02809573989616892],[0.027923185166947907,1.0,0.11605427730131297,0.12442529777075834,0.004880575841949494,-0.10194238293345913],[0.12599996702760075,0.11605427730131297,1.0,-0.020320855582196668,0.06860182037609153,0.07441292523553768],[-0.07853690514054752,0.12442529777075834,-0.020320855582196668,1.0,0.0660843104166641,-0.10400072256671392],[-0.08351323930130002,0.004880575841949494,0.06860182037609153,0.0660843104166641,0.9999999999999999,0.09920998037571814],[-0.02809573989616892,-0.10194238293345913,0.07441292523553768,-0.10400072256671392,0.09920998037571814,1.0000000000000002]]","[8.555029299975214,8.876422661979223,9.399838387537743,12.524102146516794,13.158839058224478,13.869867389704348]",1.6212530551759223,6,"[1.4555629238206866,1.467392281478811,1.4444939077886962,1.4637403268311016,1.432719755173206,1.4226261534241]","{""p05"":[1.4220247907623242,1.417181779926561,1.4090740694654027,1.4271671169871682,1.4038050889559086,1.3956839333737423],""p10"":[1.4555629238206866,1.467392281478811,1.4444939077886962,1.4637403268311016,1.432719755173206,1.4226261534241],""p25"":[1.5236492944831035,1.5332836558926473,1.505528087073694,1.5245491057099556,1.4892364077288995,1.482384095310365],""p50"":[1.6306251600124706,1.6208430738916104,1.5811758804649019,1.6108857466964088,1.5644747560498335,1.5652993815402656]}","[-0.6456223896223896,-0.6457734217734218,0.6334700974700975,-0.668000456000456,0.604885132885133,0.6290990450990451]",-0.015323665323665303,1.0,0.19243032163529578,0.8101876054955212,"[[11.064016490656305,0.0,0.0,0.0,0.0,0.0],[0.0,11.064016490656305,0.0,0.0,0.0,0.0],[0.0,0.0,11.064016490656305,0.0,0.0,0.0],[0.0,0.0,0.0,11.064016490656305,0.0,0.0],[0.0,0.0,0.0,0.0,11.064016490656305,0.0],[0.0,0.0,0.0,0.0,0.0,11.064016490656305]]","[[11.064016490656304,5.532008245328152,5.532008245328152,-5.532008245328152,-5.532008245328152,0.0],[5.532008245328152,11.064016490656304,5.532008245328152,5.532008245328152,0.0,-5.532008245328152],[5.532008245328152,5.532008245328152,11.064016490656304,0.0,5.532008245328152,5.532008245328152],[-5.532008245328152,5.532008245328152,0.0,11.064016490656304,5.532008245328152,-5.532008245328152],[-5.532008245328152,0.0,5.532008245328152,5.532008245328152,11.064016490656304,5.532008245328152],[0.0,-5.532008245328152,5.532008245328152,-5.532008245328152,5.532008245328152,11.064016490656304]]",Gaussian covariance benchmark,False
fine_snr,deterministic_multisine,calibration,tetrahedral,az45_el30,45.0,30.0,5.0,5.0,2048,all_6,1000,2000,4245887233,gaussian_covariance_benchmark,plane,20.0,"[0.12196135499235829,0.20153502085670014,0.056423034681493574,-0.14536490718178122,0.0010535512183444317,-0.060248698269112985]","[[6.15224811266607,0.6434355623418616,0.6141170694217686,-0.8838339285519365,-0.5727464192667554,0.3585507795562144],[0.6434355623418616,5.636209837242448,0.6291813708176103,0.6469668126226471,-0.02793603281264622,-0.6587740066299568],[0.6141170694217686,0.6291813708176103,6.0734368532575935,0.27268889651889716,0.6663088960855706,0.5515691549203681],[-0.8838339285519365,0.6469668126226471,0.27268889651889716,5.714475002291077,1.086712915491621,-0.40608633827472806],[-0.5727464192667554,-0.02793603281264622,0.6663088960855706,1.086712915491621,5.2778783070815525,0.5621611906616669],[0.3585507795562144,-0.6587740066299568,0.5515691549203681,-0.40608633827472806,0.5621611906616669,5.553847496780369]]","[[1.0,0.10926839471017734,0.10046550873015454,-0.14906153175622494,-0.10051150494373685,0.061339011809064196],[0.10926839471017734,1.0,0.10753875847548902,0.11399879424231499,-0.0051220223493172855,-0.11774592961892581],[0.10046550873015454,0.10753875847548902,1.0,0.04628731887671606,0.11768704689666094,0.09496984649882678],[-0.14906153175622494,0.11399879424231499,0.04628731887671606,1.0000000000000002,0.19787775469808197,-0.07208306342670193],[-0.10051150494373685,-0.0051220223493172855,0.11768704689666094,0.19787775469808197,1.0,0.10383271237283857],[0.061339011809064196,-0.11774592961892581,0.09496984649882678,-0.07208306342670193,0.10383271237283857,1.0]]","[4.032899209328683,4.282310753168928,4.7689096229973424,6.56069847326835,7.280964370107633,7.4823131804481795]",1.8553186658224683,6,"[1.5224006404860564,1.5297198302462922,1.459446017255759,1.5021320646357175,1.4448135482335982,1.4399139809742538]","{""p05"":[1.4908846840113263,1.4965769691133495,1.4358677061267224,1.4555256640399445,1.4220183923638794,1.4129223028875195],""p10"":[1.5224006404860564,1.5297198302462922,1.459446017255759,1.5021320646357175,1.4448135482335982,1.4399139809742538],""p25"":[1.5972789159564629,1.6067921565409256,1.503429708009117,1.568651054853163,1.483290829578331,1.486001966431986],""p50"":[1.6815568741457523,1.6812046047490687,1.5712079751062227,1.6519641566842647,1.5380905171724537,1.5427332363217743]}","[-0.7236408156408156,-0.6874007914007915,0.7172861252861253,-0.7394882234882235,0.6621184221184221,0.6853245733245734]",-0.014300118300118292,1.0,0.24005058014336392,0.7523743902293033,"[[5.734682601553184,0.0,0.0,0.0,0.0,0.0],[0.0,5.734682601553184,0.0,0.0,0.0,0.0],[0.0,0.0,5.734682601553184,0.0,0.0,0.0],[0.0,0.0,0.0,5.734682601553184,0.0,0.0],[0.0,0.0,0.0,0.0,5.734682601553184,0.0],[0.0,0.0,0.0,0.0,0.0,5.734682601553184]]","[[5.734682601553184,2.867341300776592,2.867341300776592,-2.867341300776592,-2.867341300776592,0.0],[2.867341300776592,5.734682601553184,2.867341300776592,2.867341300776592,0.0,-2.867341300776592],[2.867341300776592,2.867341300776592,5.734682601553184,0.0,2.867341300776592,2.867341300776592],[-2.867341300776592,2.867341300776592,0.0,5.734682601553184,2.867341300776592,-2.867341300776592],[-2.867341300776592,0.0,2.867341300776592,2.867341300776592,5.734682601553184,2.867341300776592],[0.0,-2.867341300776592,2.867341300776592,-2.867341300776592,2.867341300776592,5.734682601553184]]",Gaussian covariance benchmark,False
fine_snr,deterministic_multisine,calibration,tetrahedral,az45_el30,45.0,30.0,10.0,10.0,2048,all_6,1000,2000,106473566,gaussian_covariance_benchmark,plane,20.0,"[0.2021609655535169,0.19380141692701125,0.1055577675106651,-0.04884853585010957,-0.01284754092180816,0.021972401164620164]","[[2.265669249664153,0.5362273264411548,0.4219498848706026,-0.2702241499568825,-0.32184440377204354,-0.10703181373126266],[0.5362273264411548,2.296848996093904,0.48504156637754686,0.36860951875399106,-0.002012461503260723,-0.46653665706441033],[0.4219498848706026,0.48504156637754686,2.173316610097058,-0.07908675736381933,0.32917986626948115,0.3078639284248294],[-0.2702241499568825,0.36860951875399106,-0.07908675736381933,1.660455479014166,0.2746535051490449,-0.45576266831437057],[-0.32184440377204354,-0.002012461503260723,0.32917986626948115,0.2746535051490449,1.7382234200906588,0.3990315984579712],[-0.10703181373126266,-0.46653665706441033,0.3078639284248294,-0.45576266831437057,0.3990315984579712,1.958146306444066]]","[[1.0,0.23506310307277756,0.19015209646294662,-0.1393196216624014,-0.16217910832343627,-0.050815015322681296],[0.23506310307277756,1.0,0.21709570733255207,0.1887498895897253,-0.001007183403753298,-0.21998698231334693],[0.19015209646294662,0.21709570733255207,0.9999999999999998,-0.041632132013243985,0.1693631670514702,0.1492363911322824],[-0.1393196216624014,0.1887498895897253,-0.041632132013243985,1.0000000000000002,0.16166601361413338,-0.2527566335633389],[-0.16217910832343627,-0.001007183403753298,0.1693631670514702,0.16166601361413338,1.0,0.2162877488392653],[-0.050815015322681296,-0.21998698231334693,0.1492363911322824,-0.2527566335633389,0.2162877488392653,1.0000000000000002]]","[1.0220059145684517,1.2999088963483412,1.3620573964465628,2.4081958226138136,2.7342010561286436,3.26629097529819]",3.1959609320631004,6,"[1.6851502152219708,1.6831330067184644,1.5062138416147226,1.6608063570774818,1.4786589537556376,1.479568547763574]","{""p05"":[1.6478250845807465,1.6425175367938327,1.4890166155070859,1.6300628773545096,1.4671260540891302,1.4618395673852995],""p10"":[1.6851502152219708,1.6831330067184644,1.5062138416147226,1.6608063570774818,1.4786589537556376,1.479568547763574],""p25"":[1.7530123871435497,1.742052879662264,1.5397995144771623,1.7151467953748978,1.5027844305982423,1.5069940375136872],""p50"":[1.821153715148871,1.8130013369098426,1.5819623704747392,1.7695720694641353,1.537966152149457,1.5407932079858875]}","[-0.6802645042645042,-0.6923911163911164,0.7521458361458362,-0.7239981759981761,0.5907282387282388,0.6385275625275626]",-0.019208693208693173,1.0,0.38189002055387755,0.5873205711255037,"[[2.015443343567335,0.0,0.0,0.0,0.0,0.0],[0.0,2.015443343567335,0.0,0.0,0.0,0.0],[0.0,0.0,2.015443343567335,0.0,0.0,0.0],[0.0,0.0,0.0,2.015443343567335,0.0,0.0],[0.0,0.0,0.0,0.0,2.015443343567335,0.0],[0.0,0.0,0.0,0.0,0.0,2.015443343567335]]","[[2.015443343567335,1.0077216717836674,1.0077216717836674,-1.0077216717836674,-1.0077216717836674,0.0],[1.0077216717836674,2.015443343567335,1.0077216717836674,1.0077216717836674,0.0,-1.0077216717836674],[1.0077216717836674,1.0077216717836674,2.015443343567335,0.0,1.0077216717836674,1.0077216717836674],[-1.0077216717836674,1.0077216717836674,0.0,2.015443343567335,1.0077216717836674,-1.0077216717836674],[-1.0077216717836674,0.0,1.0077216717836674,1.0077216717836674,2.015443343567335,1.0077216717836674],[0.0,-1.0077216717836674,1.0077216717836674,-1.0077216717836674,1.0077216717836674,2.015443343567335]]",Gaussian covariance benchmark,False
fine_snr,deterministic_multisine,calibration,tetrahedral,az45_el30,45.0,30.0,20.0,20.0,2048,all_6,1000,2000,847159823,gaussian_covariance_benchmark,plane,20.0,"[0.33109575395815255,0.32457751067786494,0.2100761830909324,-0.0076351883318702025,-0.038429591154030704,-0.03397894024910179]","[[0.32117660334562853,0.1532001685795962,0.14609163119619603,-0.057579980157840056,-0.06956578803801115,-0.002718519476121204],[0.1532001685795962,0.31340690659034814,0.16109421935486123,0.06509330508114236,-0.006704807498231043,-0.07476550393256637],[0.14609163119619603,0.16109421935486123,0.3470900217064304,0.024194109566053994,0.06735282761935563,0.052718391043754365],[-0.057579980157840056,0.06509330508114236,0.024194109566053994,0.21087884234065654,0.09683242520098322,-0.08791874432564957],[-0.06956578803801115,-0.006704807498231043,0.06735282761935563,0.09683242520098322,0.2507440722950761,0.10026212806210107],[-0.002718519476121204,-0.07476550393256637,0.052718391043754365,-0.08791874432564957,0.10026212806210107,0.23769446471635222]]","[[1.0,0.48287309893729313,0.4375546701431962,-0.22124988624249198,-0.2451367484930302,-0.009839000081935013],[0.48287309893729313,1.0000000000000002,0.48843256411469815,0.25320107043891305,-0.023917550216527955,-0.27392864504844155],[0.4375546701431962,0.48843256411469815,1.0000000000000002,0.08942770271162875,0.22830710723117253,0.18354034714314713],[-0.22124988624249198,0.25320107043891305,0.08942770271162875,1.0,0.4211036126070518,-0.3926950602332353],[-0.2451367484930302,-0.023917550216527955,0.22830710723117253,0.4211036126070518,1.0000000000000002,0.41068803159997774],[-0.009839000081935013,-0.27392864504844155,0.18354034714314713,-0.3926950602332353,0.41068803159997774,0.9999999999999998]]","[0.04231681226258007,0.10413333756636863,0.1244205762310075,0.36451577013694136,0.4092755972136595,0.6363288175839349]",15.037257854761142,6,"[2.0129955502500065,2.013519683039464,1.6171958797794872,1.9787664982571391,1.5894342614436807,1.5897477211592523]","{""p05"":[1.9909577801787182,1.9885299927707598,1.609202539017315,1.961849653790005,1.5826033667615544,1.5825092074307536],""p10"":[2.0129955502500065,2.013519683039464,1.6171958797794872,1.9787664982571391,1.5894342614436807,1.5897477211592523],""p25"":[2.0490188430798923,2.0505570173984218,1.6328230354043203,2.0061549274360932,1.602638846785547,1.6031196577847102],""p50"":[2.08485232524339,2.088885762716794,1.6553069497526152,2.0315027453104504,1.6227604238429634,1.6240998104152844]}","[-0.3098001458001458,-0.3633786513786514,0.7306210186210187,-0.7440832800832802,0.030512394512394514,0.04107054507054507]",-0.10250968650968652,1.0,0.5982086099685809,0.3671216799436151,"[[0.28016515183241536,0.0,0.0,0.0,0.0,0.0],[0.0,0.28016515183241536,0.0,0.0,0.0,0.0],[0.0,0.0,0.28016515183241536,0.0,0.0,0.0],[0.0,0.0,0.0,0.28016515183241536,0.0,0.0],[0.0,0.0,0.0,0.0,0.28016515183241536,0.0],[0.0,0.0,0.0,0.0,0.0,0.28016515183241536]]","[[0.28016515183241536,0.14008257591620768,0.14008257591620768,-0.14008257591620768,-0.14008257591620768,0.0],[0.14008257591620768,0.28016515183241536,0.14008257591620768,0.14008257591620768,0.0,-0.14008257591620768],[0.14008257591620768,0.14008257591620768,0.28016515183241536,0.0,0.14008257591620768,0.14008257591620768],[-0.14008257591620768,0.14008257591620768,0.0,0.28016515183241536,0.14008257591620768,-0.14008257591620768],[-0.14008257591620768,0.0,0.14008257591620768,0.14008257591620768,0.28016515183241536,0.14008257591620768],[0.0,-0.14008257591620768,0.14008257591620768,-0.14008257591620768,0.14008257591620768,0.28016515183241536]]",Gaussian covariance benchmark,False
fine_snr,deterministic_multisine,calibration,tetrahedral,az45_el30,45.0,30.0,30.0,30.0,2048,all_6,1000,2000,2140681741,gaussian_covariance_benchmark,plane,20.0,"[0.4822192995237892,0.4901749756736123,0.36404249099513103,0.004121876800123375,-0.07767385860381804,-0.08464461119086586]","[[0.05538422381553967,0.03408455439541033,0.035629684958967525,-0.011943363931035468,-0.010620790373100824,0.0012511213482291744],[0.03408455439541033,0.050827095646247565,0.03431722801509038,0.00818100125091329,-0.001576152523235383,-0.011233215561354499],[0.035629684958967525,0.03431722801509038,0.06560196030472716,-0.002844659158384527,0.012318725569115601,0.01382981187953348],[-0.011943363931035468,0.00818100125091329,-0.002844659158384527,0.031158351655548117,0.014109836502544385,-0.015932163342449675],[-0.010620790373100824,-0.001576152523235383,0.012318725569115601,0.014109836502544385,0.038648006020390466,0.02105841488660057],[0.0012511213482291744,-0.011233215561354499,0.01382981187953348,-0.015932163342449675,0.02105841488660057,0.03851737964246308]]","[[0.9999999999999999,0.6424168695529041,0.5910994250682986,-0.28750565544457274,-0.2295621344792276,0.027088067983691577],[0.6424168695529041,1.0,0.5943005672308758,0.20557560394328864,-0.03556207131129212,-0.25387975984008065],[0.5910994250682986,0.5943005672308758,1.0,-0.06291940278179321,0.24464921450939406,0.27512464616570775],[-0.28750565544457274,0.20557560394328864,-0.06291940278179321,1.0000000000000002,0.4066035799703353,-0.45989548504780625],[-0.2295621344792276,-0.03556207131129212,0.24464921450939406,0.4066035799703353,1.0,0.5458002931845295],[0.027088067983691577,-0.25387975984008065,0.27512464616570775,-0.45989548504780625,0.5458002931845295,1.0]]","[0.0019995031624789276,0.009989056011026669,0.01571830220009285,0.05497855352915965,0.06997285686879647,0.12747874531336142]",63.75521064708738,6,"[2.1693380978132795,2.1693311880269612,1.673845324849929,2.1301809832565772,1.6446130242830086,1.6430410085426248]","{""p05"":[2.159304203267177,2.1597124258988107,1.6653932973335035,2.122692165857626,1.6383742694294028,1.6383640197523828],""p10"":[2.1693380978132795,2.1693311880269612,1.673845324849929,2.1301809832565772,1.6446130242830086,1.6430410085426248],""p25"":[2.1871714224801955,2.186108019430792,1.6865469229241652,2.142305631326166,1.654132765899192,1.6542895263990989],""p50"":[2.2039688602328207,2.20418852595804,1.701387135000016,2.152966139663602,1.6650240476200677,1.665150645236818]}","[-0.2184507504507505,-0.2682666642666643,0.8996770556770558,-0.8057867657867658,-0.45383069783069785,-0.4947091947091947]",-0.22356116956116956,1.0,0.68307485470543,0.3870221113133524,"[[0.04668950284748601,0.0,0.0,0.0,0.0,0.0],[0.0,0.04668950284748601,0.0,0.0,0.0,0.0],[0.0,0.0,0.04668950284748601,0.0,0.0,0.0],[0.0,0.0,0.0,0.04668950284748601,0.0,0.0],[0.0,0.0,0.0,0.0,0.04668950284748601,0.0],[0.0,0.0,0.0,0.0,0.0,0.04668950284748601]]","[[0.04668950284748602,0.02334475142374301,0.02334475142374301,-0.02334475142374301,-0.02334475142374301,0.0],[0.02334475142374301,0.04668950284748602,0.02334475142374301,0.02334475142374301,0.0,-0.02334475142374301],[0.02334475142374301,0.02334475142374301,0.04668950284748602,0.0,0.02334475142374301,0.02334475142374301],[-0.02334475142374301,0.02334475142374301,0.0,0.04668950284748602,0.02334475142374301,-0.02334475142374301],[-0.02334475142374301,0.0,0.02334475142374301,0.02334475142374301,0.04668950284748602,0.02334475142374301],[0.0,-0.02334475142374301,0.02334475142374301,-0.02334475142374301,0.02334475142374301,0.04668950284748602]]",Gaussian covariance benchmark,False
signal_comparison,deterministic_multisine,calibration,tetrahedral,az45_el30,45.0,30.0,-10.0,-10.0,2048,all_6,1000,2000,2445867202,gaussian_covariance_benchmark,plane,20.0,"[83.91608597434795,81.86785101984216,69.14992839843713,3.4305373511769757,10.964314896948483,7.980655636540426]","[[60271.98171207701,-2032.4715181059669,1026.2096412357553,-9.316432624129268,309.9885033238541,-1330.3374481063054],[-2032.4715181059669,60474.10090531846,-366.8131537414421,472.194198800877,-210.34530409742482,-791.6078464127667],[1026.2096412357553,-366.8131537414421,51271.01012494957,1750.6899596409519,1964.0760623725068,-250.92681803205411],[-9.316432624129268,472.194198800877,1750.6899596409519,19545.0573691544,-162.739355139589,-597.6690037700799],[309.9885033238541,-210.34530409742482,1964.0760623725068,-162.739355139589,18750.834255985876,594.9997132818369],[-1330.3374481063054,-791.6078464127667,-250.92681803205411,-597.6690037700799,594.9997132818369,18605.55729827857]]","[[1.0,-0.03366526385871366,0.018460455725362254,-0.00027143974410770156,0.009220990067878009,-0.039726722729596556],[-0.03366526385871366,1.0000000000000002,-0.006587554994335305,0.013734645747799973,-0.006246515376014371,-0.023599567212271265],[0.018460455725362254,-0.006587554994335305,1.0,0.05530378166875588,0.06334496028475237,-0.008124372003687076],[-0.00027143974410770156,0.013734645747799973,0.05530378166875588,0.9999999999999998,-0.008500878685891161,-0.03134158218837755],[0.009220990067878009,-0.006246515376014371,0.06334496028475237,-0.008500878685891161,1.0000000000000002,0.031855550706762895],[-0.039726722729596556,-0.023599567212271265,-0.008124372003687076,-0.03134158218837755,0.031855550706762895,0.9999999999999998]]","[17926.435912542704,18752.425724854507,19940.068705071302,51361.03879793342,58435.10137863567,62503.47114672632]",3.4866646918361566,6,"[1.1347498412739405,1.1422867990370726,1.13346888310397,1.1616439721652814,1.1384622767231105,1.1465186469279283]","{""p05"":[1.0748293399936593,1.0841974748304655,1.0668225029893845,1.099647915879817,1.0782781715182088,1.0936818075905852],""p10"":[1.1347498412739405,1.1422867990370726,1.13346888310397,1.1616439721652814,1.1384622767231105,1.1465186469279283],""p25"":[1.2607691957003333,1.2675857284775742,1.25352478288295,1.2758816353529392,1.2742786226553513,1.2765327021810524],""p50"":[1.4187173624700222,1.4401601380962032,1.4296585277079543,1.4454769663288547,1.4296054399600748,1.456251886920987]}","[-0.3401060903092732,-0.39420466077876637,-0.2951212222041316,-0.3428825271690031,-0.34211657514292493,-0.36084955993210865]",-0.3458801059227013,1.0,0.4562436244720592,0.9918967319750908,"[[38153.090277627314,0.0,0.0,0.0,0.0,0.0],[0.0,38153.090277627314,0.0,0.0,0.0,0.0],[0.0,0.0,38153.090277627314,0.0,0.0,0.0],[0.0,0.0,0.0,38153.090277627314,0.0,0.0],[0.0,0.0,0.0,0.0,38153.090277627314,0.0],[0.0,0.0,0.0,0.0,0.0,38153.090277627314]]","[[38153.09027762731,19076.545138813653,19076.545138813653,-19076.545138813653,-19076.545138813653,0.0],[19076.545138813653,38153.09027762731,19076.545138813653,19076.545138813653,0.0,-19076.545138813653],[19076.545138813653,19076.545138813653,38153.09027762731,0.0,19076.545138813653,19076.545138813653],[-19076.545138813653,19076.545138813653,0.0,38153.09027762731,19076.545138813653,-19076.545138813653],[-19076.545138813653,0.0,19076.545138813653,19076.545138813653,38153.09027762731,19076.545138813653],[0.0,-19076.545138813653,19076.545138813653,-19076.545138813653,19076.545138813653,38153.09027762731]]",Gaussian covariance benchmark,False
signal_comparison,deterministic_multisine,calibration,tetrahedral,az45_el30,45.0,30.0,0.0,0.0,2048,all_6,1000,2000,1593969034,gaussian_covariance_benchmark,plane,20.0,"[0.10952528459893927,0.008417733070144828,0.015259986285357744,-0.01850898653725288,0.15784165758446952,0.019508591535700087]","[[16.97589435144609,1.5787986971214616,1.2288614602616277,-1.0344253486731512,-1.5102446979667896,0.23226566458350545],[1.5787986971214616,16.256336721221746,1.3458464501360943,1.3971015211273834,0.027740625525499878,-2.0775909970931035],[1.2288614602616277,1.3458464501360943,18.182586048735345,0.7219345487183579,1.2842538352108825,1.2799967153231884],[-1.0344253486731512,1.3971015211273834,0.7219345487183579,16.94259916139349,1.4607685226427445,-1.3288989499819843],[-1.5102446979667896,0.027740625525499878,1.2842538352108825,1.4607685226427445,16.301478165710883,2.3268527739600486],[0.23226566458350545,-2.0775909970931035,1.2799967153231884,-1.3288989499819843,2.3268527739600486,17.788474453855827]]","[[1.0000000000000002,0.095038393010564,0.06994533690568253,-0.06099479899719882,-0.09078571003328659,0.013365934529371244],[0.095038393010564,1.0,0.07828099630171124,0.08418342756398846,0.001704085626505339,-0.12217415931060456],[0.06994533690568253,0.07828099630171124,1.0,0.041132014663051567,0.07459497148418993,0.07117241086647948],[-0.06099479899719882,0.08418342756398846,0.041132014663051567,1.0000000000000002,0.08789777678383891,-0.07654777787645217],[-0.09078571003328659,0.001704085626505339,0.07459497148418993,0.08789777678383891,1.0000000000000002,0.13664258194752849],[0.013365934529371244,-0.12217415931060456,0.07117241086647948,-0.07654777787645217,0.13664258194752849,0.9999999999999998]]","[12.874001507694818,14.151503775777842,14.985576835705375,19.230439770335288,20.325409857151755,20.880437155698313]",1.621907310110072,6,"[1.4345946462949744,1.4262529339310703,1.418544295990032,1.4264852454009185,1.4177766132873038,1.4228090524111827]","{""p05"":[1.3920116202740773,1.3870861347310295,1.3788209432820153,1.3826560112131008,1.38714766593215,1.385235936907862],""p10"":[1.4345946462949744,1.4262529339310703,1.418544295990032,1.4264852454009185,1.4177766132873038,1.4228090524111827],""p25"":[1.5114784959305063,1.5039648707230873,1.4954292182034257,1.5043266772277275,1.4885792025790774,1.4845381140090894],""p50"":[1.6072261174517175,1.6038281117401116,1.580468178175876,1.5947565557832206,1.5690864476232114,1.5773506379416649]}","[-0.5060319860319861,-0.5745103065103064,0.4322301002301002,-0.5416375576375577,0.43087429087429086,0.3862160422160422]",-0.06214323614323616,1.0,0.1824784620848296,0.8142869489507903,"[[17.074561483727233,0.0,0.0,0.0,0.0,0.0],[0.0,17.074561483727233,0.0,0.0,0.0,0.0],[0.0,0.0,17.074561483727233,0.0,0.0,0.0],[0.0,0.0,0.0,17.074561483727233,0.0,0.0],[0.0,0.0,0.0,0.0,17.074561483727233,0.0],[0.0,0.0,0.0,0.0,0.0,17.074561483727233]]","[[17.074561483727233,8.537280741863617,8.537280741863617,-8.537280741863617,-8.537280741863617,0.0],[8.537280741863617,17.074561483727233,8.537280741863617,8.537280741863617,0.0,-8.537280741863617],[8.537280741863617,8.537280741863617,17.074561483727233,0.0,8.537280741863617,8.537280741863617],[-8.537280741863617,8.537280741863617,0.0,17.074561483727233,8.537280741863617,-8.537280741863617],[-8.537280741863617,0.0,8.537280741863617,8.537280741863617,17.074561483727233,8.537280741863617],[0.0,-8.537280741863617,8.537280741863617,-8.537280741863617,8.537280741863617,17.074561483727233]]",Gaussian covariance benchmark,False
signal_comparison,deterministic_multisine,calibration,tetrahedral,az45_el30,45.0,30.0,10.0,10.0,2048,all_6,1000,2000,4088761407,gaussian_covariance_benchmark,plane,20.0,"[0.1700019532616161,0.2352397085844763,0.16284777918249774,0.009194120680573136,0.10604484341581148,0.03885920330760669]","[[2.3046656394016414,0.3843980585679324,0.49994802001077965,-0.3274445298724392,-0.3457657194563874,-0.0029548875887376504],[0.3843980585679324,2.098387284840822,0.32000465105406894,0.39148669868307684,0.0021109347746689753,-0.41358243830272423],[0.49994802001077965,0.32000465105406894,2.4314567253029087,0.02162923382398251,0.32509073798796956,0.2810167490459919],[-0.3274445298724392,0.39148669868307684,0.02162923382398251,1.7302431144434145,0.3341966925908627,-0.42769731026171154],[-0.3457657194563874,0.0021109347746689753,0.32509073798796956,0.3341966925908627,1.6944916734968427,0.3004384320625764],[-0.0029548875887376504,-0.41358243830272423,0.2810167490459919,-0.42769731026171154,0.3004384320625764,1.82655580010715]]","[[1.0,0.17479717083456608,0.21119693784861465,-0.1639759710558034,-0.17496784805801247,-0.0014401924449858993],[0.17479717083456608,1.0000000000000002,0.1416707507404914,0.2054568489132645,0.0011194695156929643,-0.21125295580623416],[0.21119693784861465,0.1416707507404914,1.0,0.010545187315638275,0.16015909444390397,0.13334675789423117],[-0.1639759710558034,0.2054568489132645,0.010545187315638275,0.9999999999999999,0.19517710104971694,-0.24058385644570568],[-0.17496784805801247,0.0011194695156929643,0.16015909444390397,0.19517710104971694,0.9999999999999999,0.1707730343462216],[-0.0014401924449858993,-0.21125295580623416,0.13334675789423117,-0.24058385644570568,0.1707730343462216,1.0]]","[1.038869083156513,1.3029146997796037,1.4238247807726256,2.510468410661431,2.6957472124220057,3.113976050800596]",2.9974672471136126,6,"[1.6825518772206403,1.6916396520184525,1.5168584342000253,1.6619568535567386,1.4826974326201077,1.481971668853287]","{""p05"":[1.6359243653361548,1.656840414155504,1.5007649763960238,1.6323060367646374,1.4666950796984215,1.4689839321833817],""p10"":[1.6825518772206403,1.6916396520184525,1.5168584342000253,1.6619568535567386,1.4826974326201077,1.481971668853287],""p25"":[1.7485061455363518,1.755819584054298,1.5446165115659838,1.7116368097023824,1.5093398059439758,1.5052714899068391],""p50"":[1.811308673293364,1.8152984928869613,1.5891063717613472,1.7628630393451732,1.5433928250016584,1.5429277848995513]}","[-0.6662343422343423,-0.6573801573801574,0.7886385326385328,-0.6945557865557865,0.599905715905716,0.6065011745011746]",-0.0038541438541438064,1.0,0.36433319663559194,0.6128178644202378,"[[2.0143000395987967,0.0,0.0,0.0,0.0,0.0],[0.0,2.0143000395987967,0.0,0.0,0.0,0.0],[0.0,0.0,2.0143000395987967,0.0,0.0,0.0],[0.0,0.0,0.0,2.0143000395987967,0.0,0.0],[0.0,0.0,0.0,0.0,2.0143000395987967,0.0],[0.0,0.0,0.0,0.0,0.0,2.0143000395987967]]","[[2.0143000395987967,1.0071500197993983,1.0071500197993983,-1.0071500197993983,-1.0071500197993983,0.0],[1.0071500197993983,2.0143000395987967,1.0071500197993983,1.0071500197993983,0.0,-1.0071500197993983],[1.0071500197993983,1.0071500197993983,2.0143000395987967,0.0,1.0071500197993983,1.0071500197993983],[-1.0071500197993983,1.0071500197993983,0.0,2.0143000395987967,1.0071500197993983,-1.0071500197993983],[-1.0071500197993983,0.0,1.0071500197993983,1.0071500197993983,2.0143000395987967,1.0071500197993983],[0.0,-1.0071500197993983,1.0071500197993983,-1.0071500197993983,1.0071500197993983,2.0143000395987967]]",Gaussian covariance benchmark,False
signal_comparison,random_broadband,calibration,tetrahedral,az45_el30,45.0,30.0,-10.0,-10.0,2048,all_6,1000,2000,1854386018,gaussian_covariance_benchmark,plane,20.0,"[1.5518959396625716,3.632382687240854,3.5477102908424603,-0.17114486424204542,1.5130591148926276,0.20848088154324798]","[[772.6028299870538,-16.027454802882254,7.202532218842505,-6.509308946944839,-19.15467125386751,-11.280741397554788],[-16.027454802882254,2586.8489293992734,0.7406700996321731,13.150325726393211,-8.486381592780802,13.973983300450247],[7.202532218842505,0.7406700996321731,2958.411694005053,-15.077428007489473,11.503734698170993,33.31304960609518],[-6.509308946944839,13.150325726393211,-15.077428007489473,748.9400984793267,20.443854443261017,11.051481566763169],[-19.15467125386751,-8.486381592780802,11.503734698170993,20.443854443261017,1533.462572136569,-20.535512704707457],[-11.280741397554788,13.973983300450247,33.31304960609518,11.051481566763169,-20.535512704707457,1382.7957006001757]]","[[1.0,-0.01133707135592325,0.0047640658648496065,-0.008557229814251369,-0.017597864329554843,-0.01091391295963836],[-0.01133707135592325,1.0,0.0002677379748707022,0.009447729165291558,-0.00426089107803441,0.007388489767466932],[0.0047640658648496065,0.0002677379748707022,1.0000000000000002,-0.010129182977614217,0.005400984885026651,0.01647047317236297],[-0.008557229814251369,0.009447729165291558,-0.010129182977614217,1.0000000000000002,0.019076673565170642,0.010859703091387007],[-0.017597864329554843,-0.00426089107803441,0.005400984885026651,0.019076673565170642,0.9999999999999999,-0.014102300016219038],[-0.01091391295963836,0.007388489767466932,0.01647047317236297,0.010859703091387007,-0.014102300016219038,1.0000000000000002]]","[746.7244045073866,772.9719408699037,1379.773375068318,1536.9527503212994,2587.316786853474,2959.3225669870694]",3.963071983618015,6,"[1.4545860899500944,1.468455182214684,1.4978977368226452,1.4604667833452902,1.467876640903005,1.4774211176572853]","{""p05"":[1.3563395197377908,1.3836524625717692,1.419150691136136,1.3747780506411118,1.3751640533680116,1.370344080486493],""p10"":[1.4545860899500944,1.468455182214684,1.4978977368226452,1.4604667833452902,1.467876640903005,1.4774211176572853],""p25"":[1.6049205695439746,1.6226069344441352,1.6443089393888592,1.6280934001434166,1.6191524482333113,1.6141629962511803],""p50"":[1.7852676495020137,1.8021543460187397,1.8106632314611135,1.8008841146345183,1.7971798385176059,1.7858573106357136]}","[-0.2538018978018978,-0.26425252825252826,0.12005164805164806,-0.304939504939505,0.07708327708327709,0.09307661707661709]",-0.08879706479706483,1.0,0.4519052754152294,0.9959719744962447,"[[1663.8436374345752,0.0,0.0,0.0,0.0,0.0],[0.0,1663.8436374345752,0.0,0.0,0.0,0.0],[0.0,0.0,1663.8436374345752,0.0,0.0,0.0],[0.0,0.0,0.0,1663.8436374345752,0.0,0.0],[0.0,0.0,0.0,0.0,1663.8436374345752,0.0],[0.0,0.0,0.0,0.0,0.0,1663.8436374345752]]","[[1663.8436374345752,831.9218187172876,831.9218187172876,-831.9218187172876,-831.9218187172876,0.0],[831.9218187172876,1663.8436374345752,831.9218187172876,831.9218187172876,0.0,-831.9218187172876],[831.9218187172876,831.9218187172876,1663.8436374345752,0.0,831.9218187172876,831.9218187172876],[-831.9218187172876,831.9218187172876,0.0,1663.8436374345752,831.9218187172876,-831.9218187172876],[-831.9218187172876,0.0,831.9218187172876,831.9218187172876,1663.8436374345752,831.9218187172876],[0.0,-831.9218187172876,831.9218187172876,-831.9218187172876,831.9218187172876,1663.8436374345752]]",Gaussian covariance benchmark,False
signal_comparison,random_broadband,calibration,tetrahedral,az45_el30,45.0,30.0,0.0,0.0,2048,all_6,1000,2000,130469907,gaussian_covariance_benchmark,plane,20.0,"[0.059919973429352826,0.032717021646329995,0.012180400460393235,-0.07867282441857491,-0.013282840758013035,-0.013124175926377496]","[[1.3105613306317634,0.43151235499896395,0.4781142488645491,-0.5099600904017014,-0.5226120503803121,0.07178537614869451],[0.43151235499896395,1.2543739678188799,0.4651512349176845,0.43331494137220733,0.042846671132169674,-0.4780467449554764],[0.4781142488645491,0.4651512349176845,1.3458470033471495,-0.020483777331896904,0.48775116363387677,0.46656614889340037],[-0.5099600904017014,0.43331494137220733,-0.020483777331896904,1.2577110186312241,0.5204404214003291,-0.49272493983563936],[-0.5226120503803121,0.042846671132169674,0.48775116363387677,0.5204404214003291,1.4385848210354553,0.4441225100064869],[0.07178537614869451,-0.4780467449554764,0.46656614889340037,-0.49272493983563936,0.4441225100064869,1.33923607746473]]","[[0.9999999999999999,0.33655112287722405,0.3600022094115351,-0.3972071722399755,-0.38061246555041867,0.05418495730755013],[0.33655112287722405,1.0000000000000002,0.35799982647093115,0.3449846052447793,0.03189597138834459,-0.3688317329143758],[0.3600022094115351,0.35799982647093115,1.0,-0.015744242394064124,0.3505360846375993,0.34752560646918385],[-0.3972071722399755,0.3449846052447793,-0.015744242394064124,1.0,0.38691257969646875,-0.3796518689651786],[-0.38061246555041867,0.03189597138834459,0.3505360846375993,0.38691257969646875,1.0000000000000002,0.31996794990733135],[0.05418495730755013,-0.3688317329143758,0.34752560646918385,-0.3796518689651786,0.31996794990733135,0.9999999999999999]]","[0.3371999658273964,0.37369206052665077,0.3886862359440649,2.1580460111962108,2.307134871710452,2.3815550737244298]",7.062738182314893,6,"[1.9252860706209618,1.9375435213345893,1.6371151884934032,1.938240004956323,1.638221680669051,1.6405241688209045]","{""p05"":[1.883066608096388,1.895095859262876,1.6204246407213192,1.8999942493675452,1.6246764634659847,1.6262027773039436],""p10"":[1.9252860706209618,1.9375435213345893,1.6371151884934032,1.938240004956323,1.638221680669051,1.6405241688209045],""p25"":[2.0068052579471223,2.00819896104355,1.670796298858517,2.008166268941432,1.674614213318904,1.6760341287030607],""p50"":[2.0854475849268677,2.086118945841515,1.7107375273193441,2.090168734509745,1.7171298791796212,1.7216989506802172]}","[-0.6457756657756658,-0.6417851697851699,0.7293671253671254,-0.7139459339459341,0.5622385422385423,0.5564521724521726]",-0.025574821574821587,1.0,0.5869888011884042,0.23383875463101142,"[[1.324385703154867,0.0,0.0,0.0,0.0,0.0],[0.0,1.324385703154867,0.0,0.0,0.0,0.0],[0.0,0.0,1.324385703154867,0.0,0.0,0.0],[0.0,0.0,0.0,1.324385703154867,0.0,0.0],[0.0,0.0,0.0,0.0,1.324385703154867,0.0],[0.0,0.0,0.0,0.0,0.0,1.324385703154867]]","[[1.3243857031548671,0.6621928515774336,0.6621928515774336,-0.6621928515774336,-0.6621928515774336,0.0],[0.6621928515774336,1.3243857031548671,0.6621928515774336,0.6621928515774336,0.0,-0.6621928515774336],[0.6621928515774336,0.6621928515774336,1.3243857031548671,0.0,0.6621928515774336,0.6621928515774336],[-0.6621928515774336,0.6621928515774336,0.0,1.3243857031548671,0.6621928515774336,-0.6621928515774336],[-0.6621928515774336,0.0,0.6621928515774336,0.6621928515774336,1.3243857031548671,0.6621928515774336],[0.0,-0.6621928515774336,0.6621928515774336,-0.6621928515774336,0.6621928515774336,1.3243857031548671]]",Gaussian covariance benchmark,False
signal_comparison,random_broadband,calibration,tetrahedral,az45_el30,45.0,30.0,10.0,10.0,2048,all_6,1000,2000,649647601,gaussian_covariance_benchmark,plane,20.0,"[0.04216521271457858,0.031207735261953966,0.044110301975611596,0.002450201701409399,0.0265172156239863,0.016427490495855353]","[[0.17312536524524968,0.083239621285105,0.08683226284985246,-0.07029626815790045,-0.07782798156309093,-0.002401580881128835],[0.083239621285105,0.1644601100562022,0.08582451460725876,0.06718660107092839,-4.284282368856851e-05,-0.07163928272235004],[0.08683226284985246,0.08582451460725876,0.19014746626813755,0.001262877474779572,0.07883658887890337,0.07905513660842448],[-0.07029626815790045,0.06718660107092839,0.001262877474779572,0.15760568900891303,0.0775423521697961,-0.07481673191266588],[-0.07782798156309093,-4.284282368856851e-05,0.07883658887890337,0.0775423521697961,0.17694363691026593,0.08021809528280865],[-0.002401580881128835,-0.07163928272235004,0.07905513660842448,-0.07481673191266588,0.08021809528280865,0.1777143223757092]]","[[1.0,0.4933094738600425,0.4785810477749048,-0.42556506956253937,-0.4446701134681276,-0.013691645665098603],[0.4933094738600425,0.9999999999999999,0.48532850116232157,0.4173173469228959,-0.0002511483467079704,-0.41904409549712146],[0.4785810477749048,0.48532850116232157,0.9999999999999999,0.0072950790231592726,0.42979868133061944,0.4300546096474997],[-0.42556506956253937,0.4173173469228959,0.0072950790231592726,1.0,0.4643394162041562,-0.4470453417174014],[-0.4446701134681276,-0.0002511483467079704,0.42979868133061944,0.4643394162041562,1.0,0.4523698542889025],[-0.013691645665098603,-0.41904409549712146,0.4300546096474997,-0.4470453417174014,0.4523698542889025,0.9999999999999999]]","[0.015435834820678746,0.0175369273846038,0.01969873568293066,0.3053056911021665,0.33151981665410113,0.35049958421999716]",22.706875805022705,6,"[2.081120705352069,2.081643769842069,1.642967948885863,2.0980593125671603,1.6485770080638227,1.6454548451425295]","{""p05"":[2.0590340916563994,2.055766615648345,1.6354335180061559,2.0780280892640626,1.6402589137133055,1.6374527104336374],""p10"":[2.081120705352069,2.081643769842069,1.642967948885863,2.0980593125671603,1.6485770080638227,1.6454548451425295],""p25"":[2.113614942437697,2.114371529512602,1.6551604210124018,2.1240514982354695,1.664311513247648,1.6619102087101174],""p50"":[2.1452814828999056,2.145676200599233,1.671484984824934,2.150826605573928,1.6858480374780647,1.6859156381982003]}","[-0.2990975270975271,-0.30962123762123767,0.5470255510255511,-0.774055422055422,0.14621663021663023,0.0792092952092952]",-0.10172045172045173,1.0,0.669747753833186,0.10126853666041988,"[[0.17333276497741293,0.0,0.0,0.0,0.0,0.0],[0.0,0.17333276497741293,0.0,0.0,0.0,0.0],[0.0,0.0,0.17333276497741293,0.0,0.0,0.0],[0.0,0.0,0.0,0.17333276497741293,0.0,0.0],[0.0,0.0,0.0,0.0,0.17333276497741293,0.0],[0.0,0.0,0.0,0.0,0.0,0.17333276497741293]]","[[0.17333276497741293,0.08666638248870646,0.08666638248870646,-0.08666638248870646,-0.08666638248870646,0.0],[0.08666638248870646,0.17333276497741293,0.08666638248870646,0.08666638248870646,0.0,-0.08666638248870646],[0.08666638248870646,0.08666638248870646,0.17333276497741293,0.0,0.08666638248870646,0.08666638248870646],[-0.08666638248870646,0.08666638248870646,0.0,0.17333276497741293,0.08666638248870646,-0.08666638248870646],[-0.08666638248870646,0.0,0.08666638248870646,0.08666638248870646,0.17333276497741293,0.08666638248870646],[0.0,-0.08666638248870646,0.08666638248870646,-0.08666638248870646,0.08666638248870646,0.17333276497741293]]",Gaussian covariance benchmark,False
signal_comparison,harmonic_stress,calibration,tetrahedral,az45_el30,45.0,30.0,-10.0,-10.0,2048,all_6,1000,2000,1956694198,gaussian_covariance_benchmark,plane,20.0,"[142.52099821179843,143.05719711189403,162.31181804539852,-1.2421147930669976,3.228096165084427,8.573477470446866]","[[85649.51360845033,-5745.996212803661,-2346.085236501344,2248.4390451979093,-2.004533418652365,-1147.2093538050276],[-5745.996212803661,81772.06116321175,-756.2812236235675,-1190.826454608811,-73.44041696791749,3729.258014187727],[-2346.085236501344,-756.2812236235675,86545.28191117088,-4489.62607651167,152.38339325092562,-1275.753229089936],[2248.4390451979093,-1190.826454608811,-4489.62607651167,45603.07844297164,2035.0162257406596,1948.427015724985],[-2.004533418652365,-73.44041696791749,152.38339325092562,2035.0162257406596,40127.21685079539,763.6661116626613],[-1147.2093538050276,3729.258014187727,-1275.753229089936,1948.427015724985,763.6661116626613,46320.87773009339]]","[[1.0000000000000002,-0.06865946459808155,-0.02724956900491972,0.03597672176989901,-3.419253743226754e-05,-0.018213434102037414],[-0.06865946459808155,1.0,-0.008989988730720705,-0.019500642532238502,-0.00128207414513569,0.06059427159764365],[-0.02724956900491972,-0.008989988730720705,0.9999999999999999,-0.07146467005560578,0.0025858088781072343,-0.020149143398761896],[0.03597672176989901,-0.019500642532238502,-0.07146467005560578,1.0,0.047571985351055175,0.042393441313758],[-3.419253743226754e-05,-0.00128207414513569,0.0025858088781072343,0.047571985351055175,1.0,0.017713142205936443],[-0.018213434102037414,0.06059427159764365,-0.020149143398761896,0.042393441313758,0.017713142205936443,0.9999999999999999]]","[39387.14397138922,43718.641239676006,47900.469520999475,77342.15405796363,86819.61479496773,90850.00612169746]",2.306590348050897,6,"[1.078424992725743,1.075103149083263,1.0734537548916878,1.0516325649886151,1.0786027329482808,1.059178127946304]","{""p05"":[1.0444563654433476,1.0507366588212053,1.042485511679479,1.0244129017252666,1.0415762769337586,1.0377608822087754],""p10"":[1.078424992725743,1.075103149083263,1.0734537548916878,1.0516325649886151,1.0786027329482808,1.059178127946304],""p25"":[1.1662907447443842,1.1508978354673591,1.1604875160820027,1.1245010269471214,1.162446754183056,1.1516365140840064],""p50"":[1.2898032169148026,1.2876806986720295,1.2953599782758856,1.3028142596498649,1.2998446625621645,1.2516107105001462]}","[-0.2786573734787336,-0.24597863275813453,-0.2642197304580049,-0.25746494834612343,-0.2983472802481176,-0.22359276371611334]",-0.2613767881675379,1.0,0.31289537150854385,1.037365779654849,"[[64336.33828444891,0.0,0.0,0.0,0.0,0.0],[0.0,64336.33828444891,0.0,0.0,0.0,0.0],[0.0,0.0,64336.33828444891,0.0,0.0,0.0],[0.0,0.0,0.0,64336.33828444891,0.0,0.0],[0.0,0.0,0.0,0.0,64336.33828444891,0.0],[0.0,0.0,0.0,0.0,0.0,64336.33828444891]]","[[64336.33828444891,32168.169142224455,32168.169142224455,-32168.169142224455,-32168.169142224455,0.0],[32168.169142224455,64336.33828444891,32168.169142224455,32168.169142224455,0.0,-32168.169142224455],[32168.169142224455,32168.169142224455,64336.33828444891,0.0,32168.169142224455,32168.169142224455],[-32168.169142224455,32168.169142224455,0.0,64336.33828444891,32168.169142224455,-32168.169142224455],[-32168.169142224455,0.0,32168.169142224455,32168.169142224455,64336.33828444891,32168.169142224455],[0.0,-32168.169142224455,32168.169142224455,-32168.169142224455,32168.169142224455,64336.33828444891]]",Gaussian covariance benchmark,False
signal_comparison,harmonic_stress,calibration,tetrahedral,az45_el30,45.0,30.0,0.0,0.0,2048,all_6,1000,2000,147511145,gaussian_covariance_benchmark,plane,20.0,"[0.2497867378110146,0.09547139984698687,-0.40784884487193,-0.045624958218791686,-0.16781353482685676,0.46187585779004336]","[[158.2492920113178,10.043418090166677,4.254506875311745,-9.974555192883686,-5.721287156621852,-1.5996815752211648],[10.043418090166677,157.86078069816674,6.7227844596344575,-4.093516828596626,-1.4575323437776702,3.577689428585021],[4.254506875311745,6.7227844596344575,167.66162381606978,-4.415320845601087,-0.4296844863592987,4.077534780409285],[-9.974555192883686,-4.093516828596626,-4.415320845601087,143.64465813631094,3.081084114318316,-0.4561509449661553],[-5.721287156621852,-1.4575323437776702,-0.4296844863592987,3.081084114318316,167.10557828563518,2.0420029950792937],[-1.5996815752211648,3.577689428585021,4.077534780409285,-0.4561509449661553,2.0420029950792937,161.48369358323893]]","[[1.0,0.06354385097288967,0.026119298456143004,-0.06615732092113372,-0.035182555728933314,-0.010006871378157652],[0.06354385097288967,1.0,0.041323322282230825,-0.027184084841556322,-0.008973990468052837,0.022407901016258565],[0.026119298456143004,0.041323322282230825,1.0,-0.028451206884008925,-0.0025670679588068296,0.024780867350035277],[-0.06615732092113372,-0.027184084841556322,-0.028451206884008925,0.9999999999999998,0.0198867283306816,-0.0029950184470931332],[-0.035182555728933314,-0.008973990468052837,-0.0025670679588068296,0.0198867283306816,1.0,0.012430728002139508],[-0.010006871378157652,0.022407901016258565,0.024780867350035277,-0.0029950184470931332,0.012430728002139508,1.0000000000000002]]","[138.28231740696316,148.26170321195804,158.5666088993328,160.0006803332994,169.99657207129735,180.8977446078887]",1.308176981699756,6,"[1.1336208708778128,1.1510757422646294,1.1505610950718452,1.1368604420481427,1.1499078196326376,1.1487144151937754]","{""p05"":[1.09571820833095,1.1153472637140676,1.1085470747714743,1.1021341506092885,1.1093693844331984,1.1152933300125656],""p10"":[1.1336208708778128,1.1510757422646294,1.1505610950718452,1.1368604420481427,1.1499078196326376,1.1487144151937754],""p25"":[1.2008432351329115,1.2199214475153237,1.2245970154539487,1.2131105198485348,1.2136043270476646,1.2107806958016671],""p50"":[1.2817174738318486,1.3016935648762937,1.300761607397258,1.282706201463312,1.2919913795200355,1.293110941439696]}","[-0.12640055440055442,-0.2049005409005409,-0.1163826443826444,-0.1938956778956779,-0.16636444636444636,-0.10894419694419695]",-0.15281467681467684,1.0,0.08639400241423084,0.9594426688378959,"[[159.33427108845655,0.0,0.0,0.0,0.0,0.0],[0.0,159.33427108845655,0.0,0.0,0.0,0.0],[0.0,0.0,159.33427108845655,0.0,0.0,0.0],[0.0,0.0,0.0,159.33427108845655,0.0,0.0],[0.0,0.0,0.0,0.0,159.33427108845655,0.0],[0.0,0.0,0.0,0.0,0.0,159.33427108845655]]","[[159.33427108845655,79.66713554422827,79.66713554422827,-79.66713554422827,-79.66713554422827,0.0],[79.66713554422827,159.33427108845655,79.66713554422827,79.66713554422827,0.0,-79.66713554422827],[79.66713554422827,79.66713554422827,159.33427108845655,0.0,79.66713554422827,79.66713554422827],[-79.66713554422827,79.66713554422827,0.0,159.33427108845655,79.66713554422827,-79.66713554422827],[-79.66713554422827,0.0,79.66713554422827,79.66713554422827,159.33427108845655,79.66713554422827],[0.0,-79.66713554422827,79.66713554422827,-79.66713554422827,79.66713554422827,159.33427108845655]]",Gaussian covariance benchmark,False
signal_comparison,harmonic_stress,calibration,tetrahedral,az45_el30,45.0,30.0,10.0,10.0,2048,all_6,1000,2000,2820965030,gaussian_covariance_benchmark,plane,20.0,"[0.45312258941680095,0.7259651389553521,0.41146717652365106,0.006599816207995694,0.9882894702845445,0.771178226192997]","[[20.51204090810328,0.5907296578999247,0.570241714944273,0.4208689317839659,-0.17964418209344052,0.3079108011519339],[0.5907296578999247,18.83387888597642,0.3025937014814275,0.5654566750003407,0.32532381279739897,-1.2670690945083698],[0.570241714944273,0.3025937014814275,20.70802769132073,-0.5432210994410378,1.1793022212583977,1.8612739498498918],[0.4208689317839659,0.5654566750003407,-0.5432210994410378,16.379350336747724,0.6805666176252206,-0.12654336322186244],[-0.17964418209344052,0.32532381279739897,1.1793022212583977,0.6805666176252206,17.76822954570225,1.1818078794993248],[0.3079108011519339,-1.2670690945083698,1.8612739498498918,-0.12654336322186244,1.1818078794993248,18.943861781980484]]","[[1.0,0.03005484217697766,0.02766847218143884,0.022961174260876484,-0.009409935395316716,0.015620186990581294],[0.03005484217697766,1.0,0.0153221824249798,0.0321944575817913,0.017783772289816115,-0.06708047870634953],[0.02766847218143884,0.0153221824249798,1.0,-0.029495714817984037,0.06147997325928395,0.09397377482570203],[0.022961174260876484,0.0321944575817913,-0.029495714817984037,0.9999999999999998,0.039893324407110485,-0.0071838421088948265],[-0.009409935395316716,0.017783772289816115,0.06147997325928395,0.039893324407110485,1.0,0.06441552414493629],[0.015620186990581294,-0.06708047870634953,0.09397377482570203,-0.0071838421088948265,0.06441552414493629,1.0]]","[15.784829113119455,16.505098616664764,18.06491945841809,19.38173367385995,20.792301794177785,22.616506493590872]",1.4328002116154248,6,"[1.225079843641981,1.2223004810070068,1.2247053674239747,1.2327821359564803,1.2125890150551686,1.2181434057252003]","{""p05"":[1.198682487386661,1.1925619451704974,1.1930025274846232,1.2104529515600315,1.195740416618647,1.1969351463842774],""p10"":[1.225079843641981,1.2223004810070068,1.2247053674239747,1.2327821359564803,1.2125890150551686,1.2181434057252003],""p25"":[1.26882032811102,1.2664481011755573,1.263873712355169,1.2716048364054833,1.2489052502361955,1.252303375575336],""p50"":[1.3230864190374958,1.3184543706342382,1.3151731277020795,1.3168993266032931,1.2902554167505396,1.2963691565057438]}","[-0.5013625413625414,-0.533012105012105,0.3718935838935839,-0.5701737901737902,0.38469754869754874,0.41370605370605373]",-0.07237520837520835,1.0,0.1247896065071184,0.9269968599461931,"[[18.85756485830515,0.0,0.0,0.0,0.0,0.0],[0.0,18.85756485830515,0.0,0.0,0.0,0.0],[0.0,0.0,18.85756485830515,0.0,0.0,0.0],[0.0,0.0,0.0,18.85756485830515,0.0,0.0],[0.0,0.0,0.0,0.0,18.85756485830515,0.0],[0.0,0.0,0.0,0.0,0.0,18.85756485830515]]","[[18.857564858305153,9.428782429152577,9.428782429152577,-9.428782429152577,-9.428782429152577,0.0],[9.428782429152577,18.857564858305153,9.428782429152577,9.428782429152577,0.0,-9.428782429152577],[9.428782429152577,9.428782429152577,18.857564858305153,0.0,9.428782429152577,9.428782429152577],[-9.428782429152577,9.428782429152577,0.0,18.857564858305153,9.428782429152577,-9.428782429152577],[-9.428782429152577,0.0,9.428782429152577,9.428782429152577,18.857564858305153,9.428782429152577],[0.0,-9.428782429152577,9.428782429152577,-9.428782429152577,9.428782429152577,18.857564858305153]]",Gaussian covariance benchmark,False
direction_check,deterministic_multisine,calibration,tetrahedral,az20_el10,20.0,10.0,0.0,0.0,2048,all_6,1000,2000,298098001,gaussian_covariance_benchmark,plane,20.0,"[0.2843231689358809,0.35166474014668664,0.050841307506372294,0.0945325290253996,0.13079535076922671,-0.10487216115626793]","[[16.654411067568304,1.4120290304859107,1.4850736300445448,-0.9126430800815266,-0.8157651321818269,0.015934428456937415],[1.4120290304859107,16.03469949520457,1.5663572818803948,0.9646797694800884,0.2804718232227938,-1.765944912182155],[1.4850736300445448,1.5663572818803948,17.608411177263065,-0.3326905810010696,0.9173433029542424,0.358166523328825],[-0.9126430800815266,0.9646797694800884,-0.3326905810010696,15.054961335615014,0.06658478447537326,-1.342814533705758],[-0.8157651321818269,0.2804718232227938,0.9173433029542424,0.06658478447537326,16.910604835311087,0.6899364309719846],[0.015934428456937415,-1.765944912182155,0.358166523328825,-1.342814533705758,0.6899364309719846,16.937130824406392]]","[[1.0,0.0864069296008708,0.08672079711968617,-0.05763635439111772,-0.048609474724036435,0.0009487503075439403],[0.0864069296008708,0.9999999999999998,0.09321811836255052,0.06208875279349334,0.017032533604923527,-0.10715854747855505],[0.08672079711968617,0.09321811836255052,1.0,-0.0204333981655583,0.05316088945915108,0.020739820092579447],[-0.05763635439111772,0.06208875279349334,-0.0204333981655583,0.9999999999999998,0.004173069383191461,-0.08409231139223836],[-0.048609474724036435,0.017032533604923527,0.05316088945915108,0.004173069383191461,1.0,0.040767078174746854],[0.0009487503075439403,-0.10715854747855505,0.020739820092579447,-0.08409231139223836,0.040767078174746854,1.0000000000000002]]","[13.506283886752104,14.254712419846987,14.99820462767895,17.60473383468784,18.829600505405445,20.00668346099709]",1.4812870534004565,6,"[1.4451457853344465,1.4312604170217995,1.4337925084790313,1.423638366709964,1.4310957586905564,1.4334453485644296]","{""p05"":[1.4097218759315078,1.391493701362819,1.3965400983615714,1.3829132598757337,1.3890697610794551,1.3908023815927886],""p10"":[1.4451457853344465,1.4312604170217995,1.4337925084790313,1.423638366709964,1.4310957586905564,1.4334453485644296],""p25"":[1.5120381617288134,1.4998501033399718,1.51082292120387,1.4901257895010924,1.5006050036035736,1.4880411268623503],""p50"":[1.604338900690578,1.5908001371998637,1.6211936600522183,1.5768275384590313,1.5920237198323433,1.5794946725337335]}","[-0.200005412005412,0.5058010098010098,-0.5098372978372979,0.10185696585696588,-0.09843650643650645,0.4392707352707353]",0.03977491577491577,1.0,0.14494495129024884,0.8702178466964324,"[[16.53336978922807,0.0,0.0,0.0,0.0,0.0],[0.0,16.53336978922807,0.0,0.0,0.0,0.0],[0.0,0.0,16.53336978922807,0.0,0.0,0.0],[0.0,0.0,0.0,16.53336978922807,0.0,0.0],[0.0,0.0,0.0,0.0,16.53336978922807,0.0],[0.0,0.0,0.0,0.0,0.0,16.53336978922807]]","[[16.533369789228075,8.266684894614038,8.266684894614038,-8.266684894614038,-8.266684894614038,0.0],[8.266684894614038,16.533369789228075,8.266684894614038,8.266684894614038,0.0,-8.266684894614038],[8.266684894614038,8.266684894614038,16.533369789228075,0.0,8.266684894614038,8.266684894614038],[-8.266684894614038,8.266684894614038,0.0,16.533369789228075,8.266684894614038,-8.266684894614038],[-8.266684894614038,0.0,8.266684894614038,8.266684894614038,16.533369789228075,8.266684894614038],[0.0,-8.266684894614038,8.266684894614038,-8.266684894614038,8.266684894614038,16.533369789228075]]",Gaussian covariance benchmark,False
direction_check,deterministic_multisine,calibration,tetrahedral,az45_el30,45.0,30.0,0.0,0.0,2048,all_6,1000,2000,1006989111,gaussian_covariance_benchmark,plane,20.0,"[0.13513146295327497,-0.01571408463261001,0.2716469029160636,0.012043562909860885,0.32701846257006456,-0.10575246559115983]","[[17.019688485994934,1.1950079075954423,0.8233734433193304,-1.4012220758596086,-0.9211665461337704,-0.7586716613085751],[1.1950079075954423,16.44475828639711,1.2158830566754053,0.5215025703488567,0.5065316620561271,-1.4759307996598912],[0.8233734433193304,1.2158830566754053,17.208610429711115,-0.08338219838256214,0.6788045048971826,1.6831831658332483],[-1.4012220758596086,0.5215025703488567,-0.08338219838256214,15.141546167924185,0.7784604325038659,-1.0822634029807838],[-0.9211665461337704,0.5065316620561271,0.6788045048971826,0.7784604325038659,15.368219808823996,1.3686161327871158],[-0.7586716613085751,-1.4759307996598912,1.6831831658332483,-1.0822634029807838,1.3686161327871158,16.87165398910116]]","[[1.0,0.07143009512469523,0.04811141724964776,-0.08728629405898239,-0.05695745453625906,-0.044771250899635205],[0.07143009512469523,0.9999999999999998,0.07227783875892632,0.03304894448350272,0.03186258949197535,-0.0886080988222058],[0.04811141724964776,0.07227783875892632,1.0000000000000002,-0.0051655352206120475,0.041740729270486394,0.09878241679487837],[-0.08728629405898239,0.03304894448350272,-0.0051655352206120475,1.0,0.05103165450452204,-0.0677125283306647],[-0.05695745453625906,0.03186258949197535,0.041740729270486394,0.05103165450452204,1.0,0.08499454301229785],[-0.044771250899635205,-0.0886080988222058,0.09878241679487837,-0.0677125283306647,0.08499454301229785,1.0]]","[13.12753186083622,13.985990706369785,14.788596233906578,17.59600635938041,19.137835223368253,19.41851678409129]",1.479220693573265,6,"[1.4304142409480929,1.4432146446497403,1.4242786708652062,1.4189245559308505,1.4190795368385833,1.4239584367954914]","{""p05"":[1.3956444798638612,1.3999595957641904,1.384944548265003,1.382245551832194,1.3865628202937337,1.385975107365065],""p10"":[1.4304142409480929,1.4432146446497403,1.4242786708652062,1.4189245559308505,1.4190795368385833,1.4239584367954914],""p25"":[1.4986931076117749,1.5183535066744844,1.495644855420418,1.4989369707867604,1.4887632929790175,1.4950975500014683],""p50"":[1.605038881914095,1.6112804853329799,1.5920558600778674,1.5878114076932002,1.5796720045986827,1.573696753954025]}","[-0.5422257022257022,-0.5206907446907447,0.456978312978313,-0.6207155007155007,0.4826672906672907,0.40176446976446983]",-0.057036979036979046,1.0,0.15052742191967536,0.8590405093975276,"[[16.342412861325418,0.0,0.0,0.0,0.0,0.0],[0.0,16.342412861325418,0.0,0.0,0.0,0.0],[0.0,0.0,16.342412861325418,0.0,0.0,0.0],[0.0,0.0,0.0,16.342412861325418,0.0,0.0],[0.0,0.0,0.0,0.0,16.342412861325418,0.0],[0.0,0.0,0.0,0.0,0.0,16.342412861325418]]","[[16.342412861325414,8.171206430662707,8.171206430662707,-8.171206430662707,-8.171206430662707,0.0],[8.171206430662707,16.342412861325414,8.171206430662707,8.171206430662707,0.0,-8.171206430662707],[8.171206430662707,8.171206430662707,16.342412861325414,0.0,8.171206430662707,8.171206430662707],[-8.171206430662707,8.171206430662707,0.0,16.342412861325414,8.171206430662707,-8.171206430662707],[-8.171206430662707,0.0,8.171206430662707,8.171206430662707,16.342412861325414,8.171206430662707],[0.0,-8.171206430662707,8.171206430662707,-8.171206430662707,8.171206430662707,16.342412861325414]]",Gaussian covariance benchmark,False
direction_check,deterministic_multisine,calibration,tetrahedral,az120_el50,120.0,50.0,0.0,0.0,2048,all_6,1000,2000,2257351274,gaussian_covariance_benchmark,plane,20.0,"[-0.018433523507078175,0.3817552926275887,0.14958157507546088,-0.36958198689666055,-0.024720548674891322,-0.6103135712043476]","[[17.06429459432948,1.2717505031626406,2.161111955889363,-1.7740442383236428,-2.0862173758100946,0.24167602699145818],[1.2717505031626406,13.515068149907712,0.4005693063179558,0.9838361744884132,-0.846340346231138,-0.9584498199501419],[2.161111955889363,0.4005693063179558,13.97343480868212,-0.39847688136903553,1.2664133330964127,0.9872567777868199],[-1.7740442383236428,0.9838361744884132,-0.39847688136903553,16.56883938636104,0.7911450157196273,-0.6361218999982998],[-2.0862173758100946,-0.846340346231138,1.2664133330964127,0.7911450157196273,17.063160024888422,0.7277857090946506],[0.24167602699145818,-0.9584498199501419,0.9872567777868199,-0.6361218999982998,0.7277857090946506,13.644207397203703]]","[[0.9999999999999998,0.08374302181899977,0.13995277347285878,-0.10550528897207449,-0.12226035608223652,0.015838543679506833],[0.08374302181899977,1.0,0.029148550418247775,0.06574574076792948,-0.055732200766479896,-0.07058072320353076],[0.13995277347285878,0.029148550418247775,1.0000000000000002,-0.02618819096842458,0.08201516364551106,0.07149972662309435],[-0.10550528897207449,0.06574574076792948,-0.02618819096842458,0.9999999999999998,0.047052241827031785,-0.042307771227960776],[-0.12226035608223652,-0.055732200766479896,0.08201516364551106,0.047052241827031785,0.9999999999999998,0.04769794137521967],[0.015838543679506833,-0.07058072320353076,0.07149972662309435,-0.042307771227960776,0.04769794137521967,1.0]]","[11.800543727009535,12.180977819568916,13.548360930511079,16.301908535546723,17.597554647281036,20.399658701455177]",1.7287049794801965,6,"[1.4279972507669922,1.4345864139914328,1.4200975704072782,1.4216200807834851,1.4342700551121257,1.4261784831786282]","{""p05"":[1.394975065625584,1.4035874062125655,1.3938466240698089,1.377794269142424,1.3933650662098687,1.391201455750112],""p10"":[1.4279972507669922,1.4345864139914328,1.4200975704072782,1.4216200807834851,1.4342700551121257,1.4261784831786282],""p25"":[1.5018769761510482,1.4897714941818725,1.4819089008695567,1.4883200247296238,1.5041867124058577,1.4909720758226945],""p50"":[1.604197559413135,1.5796308068140292,1.5597027297012451,1.5828496170114796,1.6054552178162838,1.5834261580956186]}","[0.24822059622059625,0.44574145374145374,0.15856494256494258,-0.10958430158430159,-0.5117157917157917,0.05034134634134634]",0.04692804092804095,1.0,0.19797526253065462,0.8402980977954235,"[[15.304834060228746,0.0,0.0,0.0,0.0,0.0],[0.0,15.304834060228746,0.0,0.0,0.0,0.0],[0.0,0.0,15.304834060228746,0.0,0.0,0.0],[0.0,0.0,0.0,15.304834060228746,0.0,0.0],[0.0,0.0,0.0,0.0,15.304834060228746,0.0],[0.0,0.0,0.0,0.0,0.0,15.304834060228746]]","[[15.304834060228746,7.652417030114373,7.652417030114373,-7.652417030114373,-7.652417030114373,0.0],[7.652417030114373,15.304834060228746,7.652417030114373,7.652417030114373,0.0,-7.652417030114373],[7.652417030114373,7.652417030114373,15.304834060228746,0.0,7.652417030114373,7.652417030114373],[-7.652417030114373,7.652417030114373,0.0,15.304834060228746,7.652417030114373,-7.652417030114373],[-7.652417030114373,0.0,7.652417030114373,7.652417030114373,15.304834060228746,7.652417030114373],[0.0,-7.652417030114373,7.652417030114373,-7.652417030114373,7.652417030114373,15.304834060228746]]",Gaussian covariance benchmark,False
frame_length,deterministic_multisine,calibration,tetrahedral,az45_el30,45.0,30.0,-5.0,-5.0,1024,all_6,1000,2000,3344009262,gaussian_covariance_benchmark,plane,20.0,"[0.08906818417200439,3.9629247112123065,0.42809995700184644,0.02615570536283038,-0.1670811823778511,0.21604128044145257]","[[106.07508990552742,37.514265536161304,4.510076706103665,-5.455514669274221,-6.081613241362002,-1.5568790091956521],[37.514265536161304,3880.068551966368,-5.733499599536985,19.124197404849177,20.07761947932358,1.054547793133605],[4.510076706103665,-5.733499599536985,89.84301172641243,3.4020307788434585,5.977696633039944,5.753525874624766],[-5.455514669274221,19.124197404849177,3.4020307788434585,54.56198810969539,3.668269937991627,-9.886575800185653],[-6.081613241362002,20.07761947932358,5.977696633039944,3.668269937991627,61.59010205649006,5.739356621621513],[-1.5568790091956521,1.054547793133605,5.753525874624766,-9.886575800185653,5.739356621621513,53.28899592273005]]","[[1.0000000000000002,0.058474974965277315,0.046199265721368586,-0.07171069479084133,-0.07524135910186444,-0.020707582025987912],[0.058474974965277315,0.9999999999999998,-0.009710865437810596,0.04156410423854098,0.04107116839126005,0.002319144446227099],[0.046199265721368586,-0.009710865437810596,0.9999999999999999,0.048590458172535995,0.08035932091798965,0.08315208643255254],[-0.07171069479084133,0.04156410423854098,0.048590458172535995,1.0,0.06327916379959227,-0.18335047461142015],[-0.07524135910186444,0.04107116839126005,0.08035932091798965,0.06327916379959227,1.0000000000000002,0.10018183458566994],[-0.020707582025987912,0.002319144446227099,0.08315208643255254,-0.18335047461142015,0.10018183458566994,0.9999999999999999]]","[41.15032450278009,59.63697570916658,64.01592633057874,92.07304843317634,107.90125192709822,3880.650212784424]",94.30424327570613,6,"[1.3268477829370453,1.3273935168655053,1.312565800419157,1.3335562805938956,1.331366702155117,1.3240183229048437]","{""p05"":[1.2592323107057941,1.2650637343652869,1.2526394822391929,1.2822845122111486,1.2792033790682744,1.2693269530837694],""p10"":[1.3268477829370453,1.3273935168655053,1.312565800419157,1.3335562805938956,1.331366702155117,1.3240183229048437],""p25"":[1.440085873774845,1.4281343398034514,1.4122752039027544,1.4197779407195807,1.424929189262033,1.417033228293892],""p50"":[1.5790136141032542,1.5720148353238497,1.5503231504986454,1.5348196867739308,1.537599589903533,1.5414827813819114]}","[-0.19970035970035968,-0.2343563583563584,-0.10444436044436045,-0.16567782967782968,0.01159057159057159,-0.011071283071283073]",-0.11727660327660328,1.0,0.8949397929214433,0.9954445677417622,"[[707.5712899478706,0.0,0.0,0.0,0.0,0.0],[0.0,707.5712899478706,0.0,0.0,0.0,0.0],[0.0,0.0,707.5712899478706,0.0,0.0,0.0],[0.0,0.0,0.0,707.5712899478706,0.0,0.0],[0.0,0.0,0.0,0.0,707.5712899478706,0.0],[0.0,0.0,0.0,0.0,0.0,707.5712899478706]]","[[707.5712899478706,353.7856449739353,353.7856449739353,-353.7856449739353,-353.7856449739353,0.0],[353.7856449739353,707.5712899478706,353.7856449739353,353.7856449739353,0.0,-353.7856449739353],[353.7856449739353,353.7856449739353,707.5712899478706,0.0,353.7856449739353,353.7856449739353],[-353.7856449739353,353.7856449739353,0.0,707.5712899478706,353.7856449739353,-353.7856449739353],[-353.7856449739353,0.0,353.7856449739353,353.7856449739353,707.5712899478706,353.7856449739353],[0.0,-353.7856449739353,353.7856449739353,-353.7856449739353,353.7856449739353,707.5712899478706]]",Gaussian covariance benchmark,False
frame_length,deterministic_multisine,calibration,tetrahedral,az45_el30,45.0,30.0,0.0,0.0,1024,all_6,1000,2000,972128729,gaussian_covariance_benchmark,plane,20.0,"[0.1124877715273343,0.04003904191135304,-0.010182334899210974,-0.10093263410604084,0.11464605563391807,0.13344483752849884]","[[18.418378678980268,2.833049217839417,2.6738583809891465,-1.1332870989397152,-1.5118165443892002,0.5617987194878816],[2.833049217839417,19.208821886249204,2.2562181448249987,1.4342140594203034,-0.08609057581263728,-1.681040109750225],[2.6738583809891465,2.2562181448249987,20.004795595644513,-0.6621441368217595,1.278808724944074,3.2535775031517447],[-1.1332870989397152,1.4342140594203034,-0.6621441368217595,12.970458578812563,2.0713518974883836,-1.5632926274123788],[-1.5118165443892002,-0.08609057581263728,1.278808724944074,2.0713518974883836,14.006184068049096,2.1803639598426954],[0.5617987194878816,-1.681040109750225,3.2535775031517447,-1.5632926274123788,2.1803639598426954,12.25589540074235]]","[[1.0000000000000002,0.15061840900938978,0.13929824455453338,-0.07332238455970946,-0.09412684024540541,0.03739232959989654],[0.15061840900938978,1.0,0.11509690983030141,0.09086276430942866,-0.005248622441892681,-0.10956079834350105],[0.13929824455453338,0.11509690983030141,1.0,-0.04110624563930032,0.07639740670986825,0.20778853182315196],[-0.07332238455970946,0.09086276430942866,-0.04110624563930032,1.0,0.1536796299837956,-0.12399097962786837],[-0.09412684024540541,-0.005248622441892681,0.07639740670986825,0.1536796299837956,0.9999999999999999,0.16641656639176217],[0.03739232959989654,-0.10956079834350105,0.20778853182315196,-0.12399097962786837,0.16641656639176217,1.0]]","[8.948678327905823,11.790155303103175,13.730289145174137,17.831657709453033,19.951566794979808,24.612186927861984]",2.750371175049461,6,"[1.4991281890560764,1.4885846906688638,1.492508022308322,1.4399001758401366,1.4325576940849194,1.4234196898948503]","{""p05"":[1.4523249631302007,1.4366388636669933,1.438149980402969,1.4053122124967967,1.3899204658628097,1.3991117280932448],""p10"":[1.4991281890560764,1.4885846906688638,1.492508022308322,1.4399001758401366,1.4325576940849194,1.4234196898948503],""p25"":[1.5805039438104977,1.5765793522479175,1.5810186462290319,1.5129520925511377,1.4958271385893884,1.494384521847624],""p50"":[1.697404448832181,1.6831948386616755,1.6900806478506092,1.6030851806518527,1.571738936091719,1.569904985713598]}","[-0.4711042951042952,-0.4594606114606115,0.4290144690144691,-0.5986496386496387,0.5536413616413617,0.5664579984579985]",0.00331654731654731,1.0,0.30945411236738485,0.7445313257605153,"[[16.144089034746333,0.0,0.0,0.0,0.0,0.0],[0.0,16.144089034746333,0.0,0.0,0.0,0.0],[0.0,0.0,16.144089034746333,0.0,0.0,0.0],[0.0,0.0,0.0,16.144089034746333,0.0,0.0],[0.0,0.0,0.0,0.0,16.144089034746333,0.0],[0.0,0.0,0.0,0.0,0.0,16.144089034746333]]","[[16.144089034746333,8.072044517373167,8.072044517373167,-8.072044517373167,-8.072044517373167,0.0],[8.072044517373167,16.144089034746333,8.072044517373167,8.072044517373167,0.0,-8.072044517373167],[8.072044517373167,8.072044517373167,16.144089034746333,0.0,8.072044517373167,8.072044517373167],[-8.072044517373167,8.072044517373167,0.0,16.144089034746333,8.072044517373167,-8.072044517373167],[-8.072044517373167,0.0,8.072044517373167,8.072044517373167,16.144089034746333,8.072044517373167],[0.0,-8.072044517373167,8.072044517373167,-8.072044517373167,8.072044517373167,16.144089034746333]]",Gaussian covariance benchmark,False
frame_length,deterministic_multisine,calibration,tetrahedral,az45_el30,45.0,30.0,5.0,5.0,1024,all_6,1000,2000,3789449718,gaussian_covariance_benchmark,plane,20.0,"[0.08928727968726273,0.2145499536852746,0.04159778421010537,-0.13597813125128771,0.07542504618394116,0.21684538514642784]","[[7.875942913828987,1.064600702584702,1.2566672016138727,-0.2572798367833942,-0.25655299451246755,-0.04504928679718191],[1.064600702584702,7.878638489866015,1.3097315364449087,0.3047647834322822,0.4045575580701458,-0.29190945146897435],[1.2566672016138727,1.3097315364449087,8.45859371348414,0.11378213908911647,0.5074023124852101,0.4764001799209255],[-0.2572798367833942,0.3047647834322822,0.11378213908911647,4.332226631305325,1.1384924857668917,-0.858479075923788],[-0.25655299451246755,0.4045575580701458,0.5074023124852101,1.1384924857668917,4.296785508412837,0.617287877982475],[-0.04504928679718191,-0.29190945146897435,0.4764001799209255,-0.858479075923788,0.617287877982475,4.182169281186859]]","[[1.0,0.13514808053457278,0.15396425962235105,-0.044045230577028985,-0.044101561930990796,-0.007849388705848127],[0.13514808053457278,1.0000000000000002,0.16043813890776293,0.05216552840091892,0.06953170760241012,-0.050853607446538045],[0.15396425962235105,0.16043813890776293,1.0000000000000002,0.018796172743291355,0.0841649989297812,0.08009806606322481],[-0.044045230577028985,0.05216552840091892,0.018796172743291355,1.0000000000000002,0.2638777348195249,-0.20168487330790666],[-0.044101561930990796,0.06953170760241012,0.0841649989297812,0.2638777348195249,1.0,0.14561801524912793],[-0.007849388705848127,-0.050853607446538045,0.08009806606322481,-0.20168487330790666,0.14561801524912793,1.0]]","[2.509739308088273,4.632454925752557,5.2266374444689765,6.970573763251776,7.116325231350482,10.56862586517211]",4.211045279129999,6,"[1.597774888389529,1.600946183643463,1.5568515427996747,1.555448426456807,1.463267789052868,1.4652221963425107]","{""p05"":[1.547500078200884,1.5548623842594393,1.5241673155801556,1.521301061080539,1.4405513489316448,1.4482778214148728],""p10"":[1.597774888389529,1.600946183643463,1.5568515427996747,1.555448426456807,1.463267789052868,1.4652221963425107],""p25"":[1.6934532996591003,1.6971776957352671,1.6194283828735865,1.6286534436655944,1.5002437569087248,1.5080094030793485],""p50"":[1.8135282144743368,1.8143061102723856,1.711885189436744,1.70683670907188,1.5545504579485834,1.5603195720260947]}","[-0.724985272985273,-0.7466479586479587,0.709074901074901,-0.7474199074199074,0.6779022419022419,0.6872751152751153]",-0.024133480133480174,1.0,0.3756469015923149,0.7829930468675308,"[[6.170726089680694,0.0,0.0,0.0,0.0,0.0],[0.0,6.170726089680694,0.0,0.0,0.0,0.0],[0.0,0.0,6.170726089680694,0.0,0.0,0.0],[0.0,0.0,0.0,6.170726089680694,0.0,0.0],[0.0,0.0,0.0,0.0,6.170726089680694,0.0],[0.0,0.0,0.0,0.0,0.0,6.170726089680694]]","[[6.170726089680694,3.085363044840347,3.085363044840347,-3.085363044840347,-3.085363044840347,0.0],[3.085363044840347,6.170726089680694,3.085363044840347,3.085363044840347,0.0,-3.085363044840347],[3.085363044840347,3.085363044840347,6.170726089680694,0.0,3.085363044840347,3.085363044840347],[-3.085363044840347,3.085363044840347,0.0,6.170726089680694,3.085363044840347,-3.085363044840347],[-3.085363044840347,0.0,3.085363044840347,3.085363044840347,6.170726089680694,3.085363044840347],[0.0,-3.085363044840347,3.085363044840347,-3.085363044840347,3.085363044840347,6.170726089680694]]",Gaussian covariance benchmark,False
frame_length,deterministic_multisine,calibration,tetrahedral,az45_el30,45.0,30.0,10.0,10.0,1024,all_6,1000,2000,1572318745,gaussian_covariance_benchmark,plane,20.0,"[0.42339842554100604,0.42928180441506014,0.46085834656553015,0.012343931466947466,0.2243308438443739,0.23784812183047638]","[[3.6623575993840283,1.002777636744513,0.78759794195905,-0.13793800122200672,-0.05607638897771807,0.10710280488402325],[1.002777636744513,3.5469733905876435,1.1626858167296734,0.13610877641839833,0.05925454209669148,0.039547218215043485],[0.78759794195905,1.1626858167296734,3.9367840957369054,0.13732812724298926,0.24824432004934321,0.07801304303832671],[-0.13793800122200672,0.13610877641839833,0.13732812724298926,1.363009598527793,0.3687177288568481,-0.41192829181824187],[-0.05607638897771807,0.05925454209669148,0.24824432004934321,0.3687177288568481,1.5356381323983537,0.4072880860648451],[0.10710280488402325,0.039547218215043485,0.07801304303832671,-0.41192829181824187,0.4072880860648451,1.464122041649061]]","[[1.0,0.27822445551948527,0.20742132309019823,-0.06173821911938589,-0.023645865884523047,0.04625213999934541],[0.27822445551948527,1.0,0.311144845463659,0.06190243139340474,0.025389154432410712,0.01735394975391112],[0.20742132309019823,0.311144845463659,0.9999999999999998,0.05928423794644688,0.10096342568483459,0.03249434450277789],[-0.06173821911938589,0.06190243139340474,0.05928423794644688,1.0000000000000002,0.254859084693881,-0.29159731749945816],[-0.023645865884523047,0.025389154432410712,0.10096342568483459,0.254859084693881,0.9999999999999999,0.2716243018371738],[0.04625213999934541,0.01735394975391112,0.03249434450277789,-0.29159731749945816,0.2716243018371738,0.9999999999999999]]","[0.6552876565465406,1.7296183881656157,1.882801052620125,2.468447070183531,3.06380643210638,5.70892425866159]",8.71208880806398,6,"[1.7329932604036844,1.742004655119957,1.6033861880671898,1.730777272945278,1.513713304588763,1.5156600821803958]","{""p05"":[1.685727851326424,1.7003969466221416,1.5729732708113966,1.6910169953584362,1.4992240468874596,1.5019574569626775],""p10"":[1.7329932604036844,1.742004655119957,1.6033861880671898,1.730777272945278,1.513713304588763,1.5156600821803958],""p25"":[1.8394948588422597,1.844887988184624,1.65095359981352,1.7851292495235234,1.5428491578767307,1.5438287030248543],""p50"":[1.9493431741694738,1.9500746304861167,1.7183824573823043,1.83637416138388,1.5833371138074652,1.5790054159170515]}","[-0.7135379575379576,-0.7027130347130348,0.758972306972307,-0.7141388101388101,0.6115696915696917,0.6097611937611938]",-0.025014435014434993,1.0,0.521187531616198,0.7437096368813212,"[[2.5848141430472973,0.0,0.0,0.0,0.0,0.0],[0.0,2.5848141430472973,0.0,0.0,0.0,0.0],[0.0,0.0,2.5848141430472973,0.0,0.0,0.0],[0.0,0.0,0.0,2.5848141430472973,0.0,0.0],[0.0,0.0,0.0,0.0,2.5848141430472973,0.0],[0.0,0.0,0.0,0.0,0.0,2.5848141430472973]]","[[2.5848141430472973,1.2924070715236486,1.2924070715236486,-1.2924070715236486,-1.2924070715236486,0.0],[1.2924070715236486,2.5848141430472973,1.2924070715236486,1.2924070715236486,0.0,-1.2924070715236486],[1.2924070715236486,1.2924070715236486,2.5848141430472973,0.0,1.2924070715236486,1.2924070715236486],[-1.2924070715236486,1.2924070715236486,0.0,2.5848141430472973,1.2924070715236486,-1.2924070715236486],[-1.2924070715236486,0.0,1.2924070715236486,1.2924070715236486,2.5848141430472973,1.2924070715236486],[0.0,-1.2924070715236486,1.2924070715236486,-1.2924070715236486,1.2924070715236486,2.5848141430472973]]",Gaussian covariance benchmark,False
frame_length,deterministic_multisine,calibration,tetrahedral,az45_el30,45.0,30.0,-5.0,-5.0,2048,all_6,1000,2000,589463171,gaussian_covariance_benchmark,plane,20.0,"[0.8911381604815459,0.23291182508707406,0.056580891564029394,0.2891100851440409,0.540752080763708,0.11006339764965185]","[[1187.4690088734546,13.697570704786855,12.325870340002327,-0.4913756461538441,-13.851376035045192,6.233393596524096],[13.697570704786855,53.94125378990948,4.503023400192823,3.1067698960035544,-1.8933090743443977,-3.3508437027248186],[12.325870340002327,4.503023400192823,49.039665613692286,-1.5142140179596046,4.0928632320447935,1.172687627579144],[-0.4913756461538441,3.1067698960035544,-1.5142140179596046,56.27046239253034,3.254424141746662,-3.30734375676283],[-13.851376035045192,-1.8933090743443977,4.0928632320447935,3.254424141746662,407.74783557200453,-8.707128659400102],[6.233393596524096,-3.3508437027248186,1.172687627579144,-3.30734375676283,-8.707128659400102,211.17772251727814]]","[[1.0,0.05412175742850325,0.051077861105846896,-0.0019009130140109816,-0.01990608918000807,0.012447707012543835],[0.05412175742850325,1.0,0.08755277895590635,0.05639080935834347,-0.012766303526147191,-0.0313956588756251],[0.051077861105846896,0.08755277895590635,1.0,-0.028825262460240114,0.028943940059380596,0.011523503608115871],[-0.0019009130140109816,0.05639080935834347,-0.028825262460240114,1.0,0.021485134598657505,-0.03033996279094409],[-0.01990608918000807,-0.012766303526147191,0.028943940059380596,0.021485134598657505,1.0,-0.02967256423524396],[0.012447707012543835,-0.0313956588756251,0.011523503608115871,-0.03033996279094409,-0.02967256423524396,1.0]]","[45.45697918594399,54.808712694576705,58.44332710336481,210.91533584498183,407.9657889307901,1188.0558049992117]",26.13582834308922,6,"[1.3321116080827644,1.3484763427108188,1.3684310557681338,1.3488699593752131,1.3516475027878248,1.3505742525960125]","{""p05"":[1.2679154860603459,1.280852891331967,1.3010426140160465,1.294150635497647,1.291003553422187,1.273544164308003],""p10"":[1.3321116080827644,1.3484763427108188,1.3684310557681338,1.3488699593752131,1.3516475027878248,1.3505742525960125],""p25"":[1.440718781833297,1.4432001651146282,1.453178935281311,1.440629113575302,1.4490089171002054,1.4459805850515657],""p50"":[1.571553316782101,1.5780627562483618,1.5776522484219275,1.5651439746780378,1.5708288575315486,1.5704963878741225]}","[-0.17281340881340884,-0.20614352614352613,0.039085047085047085,-0.24507294507294508,-0.06845458445458447,0.03477715077715078]",-0.10310371110371112,1.0,0.777911452220905,0.9890023521687163,"[[327.6076581264782,0.0,0.0,0.0,0.0,0.0],[0.0,327.6076581264782,0.0,0.0,0.0,0.0],[0.0,0.0,327.6076581264782,0.0,0.0,0.0],[0.0,0.0,0.0,327.6076581264782,0.0,0.0],[0.0,0.0,0.0,0.0,327.6076581264782,0.0],[0.0,0.0,0.0,0.0,0.0,327.6076581264782]]","[[327.6076581264782,163.8038290632391,163.8038290632391,-163.8038290632391,-163.8038290632391,0.0],[163.8038290632391,327.6076581264782,163.8038290632391,163.8038290632391,0.0,-163.8038290632391],[163.8038290632391,163.8038290632391,327.6076581264782,0.0,163.8038290632391,163.8038290632391],[-163.8038290632391,163.8038290632391,0.0,327.6076581264782,163.8038290632391,-163.8038290632391],[-163.8038290632391,0.0,163.8038290632391,163.8038290632391,327.6076581264782,163.8038290632391],[0.0,-163.8038290632391,163.8038290632391,-163.8038290632391,163.8038290632391,327.6076581264782]]",Gaussian covariance benchmark,False
frame_length,deterministic_multisine,calibration,tetrahedral,az45_el30,45.0,30.0,0.0,0.0,2048,all_6,1000,2000,636966474,gaussian_covariance_benchmark,plane,20.0,"[0.3283061693263925,0.08146139429042275,0.013339938698423044,0.05189980810347764,-0.01875881162521183,-0.058873575020146326]","[[18.150664495606634,1.1402035872921539,1.4924398847572604,-1.991486613533038,-1.5797438214674913,0.2616085262735578],[1.1402035872921539,17.419804472303635,1.50853095851105,0.5509783175948828,0.2979252926949613,-0.5960941564279815],[1.4924398847572604,1.50853095851105,16.009521876502017,-0.4087253404005124,1.3531055011022324,1.625255671718501],[-1.991486613533038,0.5509783175948828,-0.4087253404005124,15.322449523281836,1.7245779545812543,-2.0817227598194683],[-1.5797438214674913,0.2979252926949613,1.3531055011022324,1.7245779545812543,15.314427252784272,1.766514921404334],[0.2616085262735578,-0.5960941564279815,1.625255671718501,-2.0817227598194683,1.766514921404334,17.340657101802357]]","[[1.0000000000000002,0.06412309859966828,0.08755105853537663,-0.11941723939406174,-0.09475235684278262,0.01474595330980665],[0.06412309859966828,0.9999999999999998,0.09033237075684221,0.03372475248353501,0.018240441967123613,-0.034297340981538894],[0.08755105853537663,0.09033237075684221,0.9999999999999998,-0.026096260776556638,0.08641558994109919,0.09754381431815444],[-0.11941723939406174,0.03372475248353501,-0.026096260776556638,1.0000000000000002,0.11258184222301602,-0.12771032660072065],[-0.09475235684278262,0.018240441967123613,0.08641558994109919,0.11258184222301602,0.9999999999999998,0.10840121634671873],[0.01474595330980665,-0.034297340981538894,0.09754381431815444,-0.12771032660072065,0.10840121634671873,1.0]]","[12.125864973037194,13.629592333591182,14.770991283482081,18.642222818429655,19.37015969395185,21.018693619788806]",1.7333768491176103,6,"[1.4330884274295859,1.4422109818574596,1.4310007474936977,1.4191210757054213,1.4140667908707727,1.4139577050303016]","{""p05"":[1.398620463836547,1.403962801646513,1.394126944002851,1.3821431647154672,1.3782725217365654,1.3827858607481935],""p10"":[1.4330884274295859,1.4422109818574596,1.4310007474936977,1.4191210757054213,1.4140667908707727,1.4139577050303016],""p25"":[1.5085362135602252,1.5190815153048076,1.5094031480810775,1.5031576709413708,1.4820989063206347,1.4839285276389669],""p50"":[1.6124048652046499,1.6142307301960548,1.6017722191031245,1.6020842476014172,1.572784858843547,1.5762675963090804]}","[-0.5100895980895982,-0.5151958911958913,0.45954270354270355,-0.5688252768252768,0.4516576996576997,0.45819860619860625]",-0.037451959451959456,1.0,0.19247771970148547,0.8143691619259932,"[[16.59292078704679,0.0,0.0,0.0,0.0,0.0],[0.0,16.59292078704679,0.0,0.0,0.0,0.0],[0.0,0.0,16.59292078704679,0.0,0.0,0.0],[0.0,0.0,0.0,16.59292078704679,0.0,0.0],[0.0,0.0,0.0,0.0,16.59292078704679,0.0],[0.0,0.0,0.0,0.0,0.0,16.59292078704679]]","[[16.592920787046793,8.296460393523397,8.296460393523397,-8.296460393523397,-8.296460393523397,0.0],[8.296460393523397,16.592920787046793,8.296460393523397,8.296460393523397,0.0,-8.296460393523397],[8.296460393523397,8.296460393523397,16.592920787046793,0.0,8.296460393523397,8.296460393523397],[-8.296460393523397,8.296460393523397,0.0,16.592920787046793,8.296460393523397,-8.296460393523397],[-8.296460393523397,0.0,8.296460393523397,8.296460393523397,16.592920787046793,8.296460393523397],[0.0,-8.296460393523397,8.296460393523397,-8.296460393523397,8.296460393523397,16.592920787046793]]",Gaussian covariance benchmark,False
frame_length,deterministic_multisine,calibration,tetrahedral,az45_el30,45.0,30.0,5.0,5.0,2048,all_6,1000,2000,3986042890,gaussian_covariance_benchmark,plane,20.0,"[0.2213076286637952,0.1604188425565605,0.17531019720777063,-0.02509561860838229,0.0550554994721283,0.05518154967379843]","[[6.379157846819973,0.7936043300742224,0.7098427528763438,-0.5825072911462235,-0.5876010685624005,-0.12432775380619333],[0.7936043300742224,5.963362565603995,0.5970419185206538,0.5410047001262968,-0.0071566543905812316,-0.40304465700624353],[0.7098427528763438,0.5970419185206538,6.308604167420058,-0.15987892723510022,0.4975655256297037,0.696651495919316],[-0.5825072911462235,0.5410047001262968,-0.15987892723510022,5.519105534323751,0.5698707745171798,-0.6021638892285127],[-0.5876010685624005,-0.0071566543905812316,0.4975655256297037,0.5698707745171798,5.582734364833714,0.7229844424801063],[-0.12432775380619333,-0.40304465700624353,0.696651495919316,-0.6021638892285127,0.7229844424801063,5.240488531981388]]","[[1.0000000000000002,0.12866983591033346,0.11189581381747445,-0.0981714808714565,-0.09846398777746555,-0.021503072822934073],[0.12866983591033346,0.9999999999999999,0.09734027694609047,0.09430203864275473,-0.0012403405878334132,-0.07209774365749437],[0.11189581381747445,0.09734027694609047,1.0,-0.027095067483181957,0.0838417164710689,0.12116105528645266],[-0.0981714808714565,0.09430203864275473,-0.027095067483181957,1.0,0.10266408805683389,-0.11196814192373264],[-0.09846398777746555,-0.0012403405878334132,0.0838417164710689,0.10266408805683389,1.0,0.13366557858244987],[-0.021503072822934073,-0.07209774365749437,0.12116105528645266,-0.11196814192373264,0.13366557858244987,1.0]]","[4.149147236533955,4.714538879468813,4.880969631432404,6.606025830362926,6.960370733277429,7.682400699907337]",1.8515613599494558,6,"[1.52341654168446,1.5158257098071162,1.4619265325894246,1.4996054277722537,1.4451904072737929,1.4419150454442147]","{""p05"":[1.4819819380194998,1.4786481166107996,1.4416613895374346,1.4542574488261066,1.4224814279884348,1.4191996494354255],""p10"":[1.52341654168446,1.5158257098071162,1.4619265325894246,1.4996054277722537,1.4451904072737929,1.4419150454442147],""p25"":[1.594970121339421,1.5935497345986425,1.507892961711804,1.5757242703353087,1.488281186073661,1.4875755577404843],""p50"":[1.6947036809444218,1.689085950193836,1.5737572784539366,1.6614765271886764,1.5477696415600017,1.538229928827775]}","[-0.6912044592044593,-0.7008013728013729,0.7565154485154486,-0.7091815091815092,0.6676183996183996,0.6676144036144036]",-0.0015731815731815924,1.0,0.21900005715908796,0.7762590842812459,"[[5.832242168497147,0.0,0.0,0.0,0.0,0.0],[0.0,5.832242168497147,0.0,0.0,0.0,0.0],[0.0,0.0,5.832242168497147,0.0,0.0,0.0],[0.0,0.0,0.0,5.832242168497147,0.0,0.0],[0.0,0.0,0.0,0.0,5.832242168497147,0.0],[0.0,0.0,0.0,0.0,0.0,5.832242168497147]]","[[5.832242168497147,2.9161210842485734,2.9161210842485734,-2.9161210842485734,-2.9161210842485734,0.0],[2.9161210842485734,5.832242168497147,2.9161210842485734,2.9161210842485734,0.0,-2.9161210842485734],[2.9161210842485734,2.9161210842485734,5.832242168497147,0.0,2.9161210842485734,2.9161210842485734],[-2.9161210842485734,2.9161210842485734,0.0,5.832242168497147,2.9161210842485734,-2.9161210842485734],[-2.9161210842485734,0.0,2.9161210842485734,2.9161210842485734,5.832242168497147,2.9161210842485734],[0.0,-2.9161210842485734,2.9161210842485734,-2.9161210842485734,2.9161210842485734,5.832242168497147]]",Gaussian covariance benchmark,False
frame_length,deterministic_multisine,calibration,tetrahedral,az45_el30,45.0,30.0,10.0,10.0,2048,all_6,1000,2000,1574725518,gaussian_covariance_benchmark,plane,20.0,"[0.2497002326261697,0.3043206952314981,0.1659154934075968,0.021160795644567052,-0.018281638731130753,-0.04292246264288624]","[[2.0448917561600406,0.4073734819314032,0.4556275746715121,-0.19908433403694933,-0.32857601586996243,8.60932702810306e-05],[0.4073734819314032,2.033803621859685,0.5082263157911094,0.2741323803254012,-0.024106475652240392,-0.24754649044757687],[0.4556275746715121,0.5082263157911094,2.2929773688442916,0.02880059290057236,0.33643962442926967,0.38976689416698473],[-0.19908433403694933,0.2741323803254012,0.02880059290057236,1.7075866161640945,0.3140535683339277,-0.3428006521497498],[-0.32857601586996243,-0.024106475652240392,0.33643962442926967,0.3140535683339277,1.8505834785939717,0.44013607020448053],[8.60932702810306e-05,-0.24754649044757687,0.38976689416698473,-0.3428006521497498,0.44013607020448053,1.9373810321214429]]","[[1.0000000000000002,0.1997574957345534,0.21041415557833248,-0.10653947529173267,-0.16890649773067842,4.325402442620923e-05],[0.1997574957345534,1.0,0.23534379728383295,0.14710060463276126,-0.012425814702659792,-0.12470812328238509],[0.21041415557833248,0.23534379728383295,1.0,0.014554931743714349,0.1633250933208737,0.1849258154872735],[-0.10653947529173267,0.14710060463276126,0.014554931743714349,0.9999999999999999,0.17666805220463952,-0.18847022395691948],[-0.16890649773067842,-0.012425814702659792,0.1633250933208737,0.17666805220463952,1.0,0.23244761764168942],[4.325402442620923e-05,-0.12470812328238509,0.1849258154872735,-0.18847022395691948,0.23244761764168942,1.0000000000000002]]","[1.0928083539613673,1.3400082530530704,1.362333801892951,2.3304715957091955,2.653726662291434,3.087875206835507]",2.8256328711636742,6,"[1.6937132225399476,1.6925339285992813,1.5100581563111994,1.6601092376122244,1.4805923211013365,1.4792551087330454]","{""p05"":[1.660155022186467,1.6503411670128314,1.4916722559485174,1.6299440945979635,1.467395974288081,1.4613159449433348],""p10"":[1.6937132225399476,1.6925339285992813,1.5100581563111994,1.6601092376122244,1.4805923211013365,1.4792551087330454],""p25"":[1.75161456257593,1.7540610765882905,1.5412110093143188,1.7164996807493216,1.504979619495057,1.5031381474641816],""p50"":[1.8121186403133334,1.817825620712362,1.5852632490905014,1.7679602373589483,1.5425803229136914,1.5395202063056708]}","[-0.6588605748605749,-0.6466383826383827,0.7710373710373711,-0.6930770610770611,0.5724406524406525,0.6103449703449704]",-0.007458837458837464,1.0,0.3548958734984305,0.6122693119601578,"[[1.9778706456239208,0.0,0.0,0.0,0.0,0.0],[0.0,1.9778706456239208,0.0,0.0,0.0,0.0],[0.0,0.0,1.9778706456239208,0.0,0.0,0.0],[0.0,0.0,0.0,1.9778706456239208,0.0,0.0],[0.0,0.0,0.0,0.0,1.9778706456239208,0.0],[0.0,0.0,0.0,0.0,0.0,1.9778706456239208]]","[[1.9778706456239212,0.9889353228119606,0.9889353228119606,-0.9889353228119606,-0.9889353228119606,0.0],[0.9889353228119606,1.9778706456239212,0.9889353228119606,0.9889353228119606,0.0,-0.9889353228119606],[0.9889353228119606,0.9889353228119606,1.9778706456239212,0.0,0.9889353228119606,0.9889353228119606],[-0.9889353228119606,0.9889353228119606,0.0,1.9778706456239212,0.9889353228119606,-0.9889353228119606],[-0.9889353228119606,0.0,0.9889353228119606,0.9889353228119606,1.9778706456239212,0.9889353228119606],[0.0,-0.9889353228119606,0.9889353228119606,-0.9889353228119606,0.9889353228119606,1.9778706456239212]]",Gaussian covariance benchmark,False
frame_length,deterministic_multisine,calibration,tetrahedral,az45_el30,45.0,30.0,-5.0,-5.0,4096,all_6,1000,2000,1969021531,gaussian_covariance_benchmark,plane,20.0,"[-0.3652735337092436,0.8114706891587252,0.4864833518011307,-0.15228929105297112,1.4632212611793867,0.06465579011671754]","[[150.05524312099286,3.251174056017509,6.993664090423652,-1.1677779461431401,-4.350445308938351,6.225767233599068],[3.251174056017509,499.2839202734549,13.058132205751011,-3.375123432994163,13.24884561297891,-3.0871735392443505],[6.993664090423652,13.058132205751011,283.127890475546,1.0346572529217422,0.3163051531815957,-2.008777841569735],[-1.1677779461431401,-3.375123432994163,1.0346572529217422,54.2203086688781,-4.606889707961401,-1.1531310373854897],[-4.350445308938351,13.24884561297891,0.3163051531815957,-4.606889707961401,739.0433057526717,-9.389824802248466],[6.225767233599068,-3.0871735392443505,-2.008777841569735,-1.1531310373854897,-9.389824802248466,51.188923551134934]]","[[0.9999999999999998,0.011877932240867797,0.03393031215251725,-0.012946539150340943,-0.013063910071751885,0.07103613003608857],[0.011877932240867797,1.0000000000000002,0.034730892590953404,-0.020513269115441483,0.0218106850143972,-0.019310755045981048],[0.03393031215251725,0.034730892590953404,1.0,0.00835072509733549,0.0006914805951132299,-0.01668601324973486],[-0.012946539150340943,-0.020513269115441483,0.00835072509733549,0.9999999999999999,-0.023013987798408724,-0.021888180950983164],[-0.013063910071751885,0.0218106850143972,0.0006914805951132299,-0.023013987798408724,1.0,-0.0482763633089782],[0.07103613003608857,-0.019310755045981048,-0.01668601324973486,-0.021888180950983164,-0.0482763633089782,1.0]]","[50.289962224563624,54.48539240322182,150.05119455537601,282.7037349713161,499.4179012802605,739.9714064079403]",14.714097479407307,6,"[1.3479043008151659,1.337710019865333,1.3253416241872815,1.341978851056582,1.3396875509009307,1.3400182135499874]","{""p05"":[1.2873578263322285,1.2740608723661329,1.2693802134609897,1.2920918927638094,1.285174445377191,1.2936342303233979],""p10"":[1.3479043008151659,1.337710019865333,1.3253416241872815,1.341978851056582,1.3396875509009307,1.3400182135499874],""p25"":[1.4421469332701775,1.4389903622870737,1.4359956222080377,1.437498731678218,1.4412160273195516,1.44115580082478],""p50"":[1.5666197293830484,1.559314763942758,1.5620259561490746,1.5629841712866224,1.5719259101276375,1.5587275536249003]}","[-0.19179442779442782,-0.2515573555573556,-0.020572748572748573,-0.20624288624288625,-0.008221760221760221,-0.015448479448479449]",-0.11563960963960966,1.0,0.6468857554550682,0.9954085497444772,"[[296.1532653071131,0.0,0.0,0.0,0.0,0.0],[0.0,296.1532653071131,0.0,0.0,0.0,0.0],[0.0,0.0,296.1532653071131,0.0,0.0,0.0],[0.0,0.0,0.0,296.1532653071131,0.0,0.0],[0.0,0.0,0.0,0.0,296.1532653071131,0.0],[0.0,0.0,0.0,0.0,0.0,296.1532653071131]]","[[296.15326530711303,148.07663265355652,148.07663265355652,-148.07663265355652,-148.07663265355652,0.0],[148.07663265355652,296.15326530711303,148.07663265355652,148.07663265355652,0.0,-148.07663265355652],[148.07663265355652,148.07663265355652,296.15326530711303,0.0,148.07663265355652,148.07663265355652],[-148.07663265355652,148.07663265355652,0.0,296.15326530711303,148.07663265355652,-148.07663265355652],[-148.07663265355652,0.0,148.07663265355652,148.07663265355652,296.15326530711303,148.07663265355652],[0.0,-148.07663265355652,148.07663265355652,-148.07663265355652,148.07663265355652,296.15326530711303]]",Gaussian covariance benchmark,False
frame_length,deterministic_multisine,calibration,tetrahedral,az45_el30,45.0,30.0,0.0,0.0,4096,all_6,1000,2000,1357511772,gaussian_covariance_benchmark,plane,20.0,"[0.2331279725347611,0.10510840025194246,0.05312780627524246,-0.016649791842810006,0.055914489809996415,0.2595279169287254]","[[17.056328019769776,1.1163329486405467,1.2392468075945917,-2.1786651624219755,-0.6329839735152101,-1.057885219860574],[1.1163329486405467,16.47424949148694,0.6832183151761545,0.4412909435811402,0.6742182458502434,-0.5870496794796901],[1.2392468075945917,0.6832183151761545,18.039974837114432,-0.029732221371193912,1.8511508527151521,0.49878902166417494],[-2.1786651624219755,0.4412909435811402,-0.029732221371193912,18.362736107806494,0.21641460322429223,0.11094712840773856],[-0.6329839735152101,0.6742182458502434,1.8511508527151521,0.21641460322429223,18.03966096611995,0.29706456579305257],[-1.057885219860574,-0.5870496794796901,0.49878902166417494,0.11094712840773856,0.29706456579305257,15.909466191723979]]","[[1.0000000000000002,0.06659600143139989,0.07064754509131392,-0.12310594397658667,-0.03608575189769288,-0.06421965611202182],[0.06659600143139989,0.9999999999999998,0.03963133636437816,0.025371929666121496,0.03910961099999385,-0.036261371968808645],[0.07064754509131392,0.03963133636437816,1.0000000000000002,-0.0016335810900108708,0.10261471944344026,0.029442258290363406],[-0.12310594397658667,0.025371929666121496,-0.0016335810900108708,0.9999999999999998,0.01189059756192068,0.006491118918340805],[-0.03608575189769288,0.03910961099999385,0.10261471944344026,0.01189059756192068,1.0,0.017535124837429465],[-0.06421965611202182,-0.036261371968808645,0.029442258290363406,0.006491118918340805,0.017535124837429465,1.0000000000000002]]","[14.097040766946824,15.279044902103836,16.381671577673217,17.48247865651623,20.108020960587627,20.534158750193825]",1.4566290251738536,6,"[1.399388599657039,1.396978418614673,1.3963612702208066,1.3957861417961712,1.3955091498798573,1.398938984194555]","{""p05"":[1.3634212240572743,1.3674904322361183,1.36143353480642,1.3651282622698047,1.3597007920923532,1.3631512661590814],""p10"":[1.399388599657039,1.396978418614673,1.3963612702208066,1.3957861417961712,1.3955091498798573,1.398938984194555],""p25"":[1.4769568650051774,1.470090957986373,1.4641065515976783,1.4814867638302223,1.4584018350071877,1.4597842798413403],""p50"":[1.5679605808517878,1.5596192374683255,1.5436268023532635,1.5676070688137176,1.5410671172178727,1.5371174754086265]}","[-0.5200703200703201,-0.5231699831699832,0.4232500352500353,-0.4736499296499297,0.3653787893787894,0.4286459486459486]",-0.04993590993590994,1.0,0.13534809632749661,0.9044173052960747,"[[17.313735935670262,0.0,0.0,0.0,0.0,0.0],[0.0,17.313735935670262,0.0,0.0,0.0,0.0],[0.0,0.0,17.313735935670262,0.0,0.0,0.0],[0.0,0.0,0.0,17.313735935670262,0.0,0.0],[0.0,0.0,0.0,0.0,17.313735935670262,0.0],[0.0,0.0,0.0,0.0,0.0,17.313735935670262]]","[[17.313735935670262,8.656867967835131,8.656867967835131,-8.656867967835131,-8.656867967835131,0.0],[8.656867967835131,17.313735935670262,8.656867967835131,8.656867967835131,0.0,-8.656867967835131],[8.656867967835131,8.656867967835131,17.313735935670262,0.0,8.656867967835131,8.656867967835131],[-8.656867967835131,8.656867967835131,0.0,17.313735935670262,8.656867967835131,-8.656867967835131],[-8.656867967835131,0.0,8.656867967835131,8.656867967835131,17.313735935670262,8.656867967835131],[0.0,-8.656867967835131,8.656867967835131,-8.656867967835131,8.656867967835131,17.313735935670262]]",Gaussian covariance benchmark,False
frame_length,deterministic_multisine,calibration,tetrahedral,az45_el30,45.0,30.0,5.0,5.0,4096,all_6,1000,2000,3779034794,gaussian_covariance_benchmark,plane,20.0,"[0.03338751426401322,0.03304176292664963,0.049505536650484176,-0.005874744816505344,-0.12524691841935673,-0.05045201761598377]","[[5.31022186776328,0.593011431842093,0.4022325609202344,-0.8846994709151577,-0.7826580979724028,0.18191780315701894],[0.593011431842093,4.952323060445449,0.44765837796711305,0.25459389233306406,-0.277885389063326,-0.5323492356860552],[0.4022325609202344,0.44765837796711305,5.40047517723021,-0.2092708812314722,0.375368960515073,0.5539163138073745],[-0.8846994709151577,0.25459389233306406,-0.2092708812314722,5.282173846504821,0.770733064884263,-0.767043402338025],[-0.7826580979724028,-0.277885389063326,0.375368960515073,0.770733064884263,5.560349545943599,0.5557109673601042],[0.18191780315701894,-0.5323492356860552,0.5539163138073745,-0.767043402338025,0.5557109673601042,5.862665402342556]]","[[1.0000000000000002,0.11563844640254692,0.07511123511643805,-0.16704484922358454,-0.14403389420735255,0.032604032331211175],[0.11563844640254692,1.0000000000000002,0.08656179342844657,0.04977796656061965,-0.05295539133282206,-0.09879719095410881],[0.07511123511643805,0.08656179342844657,1.0000000000000002,-0.03918198830985398,0.06850011863045245,0.0984420422049223],[-0.16704484922358454,0.04977796656061965,-0.03918198830985398,1.0000000000000002,0.14221539065523206,-0.13783707203679535],[-0.14403389420735255,-0.05295539133282206,0.06850011863045245,0.14221539065523206,1.0,0.0973308165185954],[0.032604032331211175,-0.09879719095410881,0.0984420422049223,-0.13783707203679535,0.0973308165185954,0.9999999999999999]]","[3.973946804218326,4.206513957915166,4.427603489217334,5.827591692859398,6.779259813716412,7.1532931423032835]",1.8000475332760106,6,"[1.4849291269673854,1.4972482676249053,1.4304009971446843,1.4893007165002825,1.4249942907537367,1.4279642275951205]","{""p05"":[1.445132428728075,1.4592198603297306,1.4070657583210804,1.4614280558555766,1.4035284528675416,1.4059888931857427],""p10"":[1.4849291269673854,1.4972482676249053,1.4304009971446843,1.4893007165002825,1.4249942907537367,1.4279642275951205],""p25"":[1.5479507157356724,1.5588443639394325,1.4699715838353464,1.5570385048705162,1.4653752569697547,1.4674828545377934],""p50"":[1.6255632005304737,1.6332020386343054,1.5210599425219111,1.6201256596357578,1.5199199030007988,1.5209907193436507]}","[-0.6787676587676588,-0.6731190491190492,0.7352300192300193,-0.7242885522885524,0.6577019977019978,0.6957840597840599]",0.0020901360901361223,1.0,0.2278602477241659,0.7711170218729063,"[[5.394701483371653,0.0,0.0,0.0,0.0,0.0],[0.0,5.394701483371653,0.0,0.0,0.0,0.0],[0.0,0.0,5.394701483371653,0.0,0.0,0.0],[0.0,0.0,0.0,5.394701483371653,0.0,0.0],[0.0,0.0,0.0,0.0,5.394701483371653,0.0],[0.0,0.0,0.0,0.0,0.0,5.394701483371653]]","[[5.394701483371653,2.6973507416858267,2.6973507416858267,-2.6973507416858267,-2.6973507416858267,0.0],[2.6973507416858267,5.394701483371653,2.6973507416858267,2.6973507416858267,0.0,-2.6973507416858267],[2.6973507416858267,2.6973507416858267,5.394701483371653,0.0,2.6973507416858267,2.6973507416858267],[-2.6973507416858267,2.6973507416858267,0.0,5.394701483371653,2.6973507416858267,-2.6973507416858267],[-2.6973507416858267,0.0,2.6973507416858267,2.6973507416858267,5.394701483371653,2.6973507416858267],[0.0,-2.6973507416858267,2.6973507416858267,-2.6973507416858267,2.6973507416858267,5.394701483371653]]",Gaussian covariance benchmark,False
frame_length,deterministic_multisine,calibration,tetrahedral,az45_el30,45.0,30.0,10.0,10.0,4096,all_6,1000,2000,251973819,gaussian_covariance_benchmark,plane,20.0,"[0.09152027014037425,0.06053084745217343,0.13637783878928286,-0.046041719771867565,0.1343914980249982,0.06199172447591023]","[[1.6468126287476086,0.3460282230502268,0.20455463789131945,-0.2762311833361455,-0.3594655054706836,-0.06656075980111376],[0.3460282230502268,1.5907504459038844,0.2979120937284299,0.268244335214153,-0.08335487458742352,-0.2477367398950187],[0.20455463789131945,0.2979120937284299,1.7876292155820133,0.019784937121254963,0.32952417901626935,0.30219750184351124],[-0.2762311833361455,0.268244335214153,0.019784937121254963,1.662762113951863,0.2945042690459042,-0.33411006100243384],[-0.3594655054706836,-0.08335487458742352,0.32952417901626935,0.2945042690459042,1.9079478591674426,0.32793442965852426],[-0.06656075980111376,-0.2477367398950187,0.30219750184351124,-0.33411006100243384,0.32793442965852426,1.9204537348777713]]","[[0.9999999999999999,0.21379049918653498,0.11921983446088624,-0.16693044427292386,-0.2027924939187081,-0.03742779584425516],[0.21379049918653498,1.0,0.17666413243604362,0.1649356256474318,-0.047846119935430656,-0.14173838068238998],[0.11921983446088624,0.17666413243604362,1.0,0.01147574507590867,0.1784289475239173,0.16309859632187523],[-0.16693044427292386,0.1649356256474318,0.01147574507590867,1.0000000000000002,0.16534584398991287,-0.18697027586868295],[-0.2027924939187081,-0.047846119935430656,0.1784289475239173,0.16534584398991287,1.0,0.17131754402615051],[-0.03742779584425516,-0.14173838068238998,0.16309859632187523,-0.18697027586868295,0.17131754402615051,1.0]]","[1.0250597370284227,1.180964448406207,1.2266561830163298,2.2409736459499703,2.2683012826941704,2.5744007011354797]",2.5114640719364214,6,"[1.6396144104304544,1.647758558875264,1.4698714558071115,1.6317846400673843,1.4649751986205197,1.4603845860800417]","{""p05"":[1.610483314815319,1.621234721164551,1.4569807069990721,1.6053808292155203,1.4512143440161893,1.4490521602758255],""p10"":[1.6396144104304544,1.647758558875264,1.4698714558071115,1.6317846400673843,1.4649751986205197,1.4603845860800417],""p25"":[1.6865583400266342,1.690891159488435,1.4936094660555737,1.68486799170922,1.4906989780345619,1.4864803491686311],""p50"":[1.7382334470249479,1.7385860119289864,1.523585548875476,1.7351244655917046,1.5249683041952005,1.5219764365551844]}","[-0.6560926880926882,-0.6135498735498737,0.7536205416205416,-0.6936523056523056,0.6149781149781149,0.6073240033240034]",0.002104632104632076,1.0,0.33387763854515834,0.6273959603372563,"[[1.752725999705097,0.0,0.0,0.0,0.0,0.0],[0.0,1.752725999705097,0.0,0.0,0.0,0.0],[0.0,0.0,1.752725999705097,0.0,0.0,0.0],[0.0,0.0,0.0,1.752725999705097,0.0,0.0],[0.0,0.0,0.0,0.0,1.752725999705097,0.0],[0.0,0.0,0.0,0.0,0.0,1.752725999705097]]","[[1.752725999705097,0.8763629998525485,0.8763629998525485,-0.8763629998525485,-0.8763629998525485,0.0],[0.8763629998525485,1.752725999705097,0.8763629998525485,0.8763629998525485,0.0,-0.8763629998525485],[0.8763629998525485,0.8763629998525485,1.752725999705097,0.0,0.8763629998525485,0.8763629998525485],[-0.8763629998525485,0.8763629998525485,0.0,1.752725999705097,0.8763629998525485,-0.8763629998525485],[-0.8763629998525485,0.0,0.8763629998525485,0.8763629998525485,1.752725999705097,0.8763629998525485],[0.0,-0.8763629998525485,0.8763629998525485,-0.8763629998525485,0.8763629998525485,1.752725999705097]]",Gaussian covariance benchmark,False
frame_length,deterministic_multisine,calibration,tetrahedral,az45_el30,45.0,30.0,-5.0,-5.0,8192,all_6,1000,2000,2342662325,gaussian_covariance_benchmark,plane,20.0,"[3.673118594133235,1.5665854601195826,5.272612872264506,-1.4298672248754845,0.47428900232644716,0.3185976877336387]","[[3263.4091995444046,-2.8553474248778277,12.55770752551222,0.5907570245201956,-13.73355252557149,-19.76406395337222],[-2.8553474248778277,1274.8432063728724,-3.242094270993363,-11.413847811135769,10.748792146960886,-12.9044809206141],[12.55770752551222,-3.242094270993363,3636.6226850745998,-19.205234870436446,25.240620649017966,-21.198344778871906],[0.5907570245201956,-11.413847811135769,-19.205234870436446,2105.4273161014457,7.990038446114436,-0.9162324542488609],[-13.73355252557149,10.748792146960886,25.240620649017966,7.990038446114436,655.4514720074619,7.58548539809993],[-19.76406395337222,-12.9044809206141,-21.198344778871906,-0.9162324542488609,7.58548539809993,285.5544513215804]]","[[1.0000000000000002,-0.0013998928808472704,0.003645234529180624,0.00022537357878013727,-0.009390243508142562,-0.020473684972994104],[-0.0013998928808472704,0.9999999999999999,-0.0015057335596654735,-0.0069668035410103525,0.011758745919473968,-0.02138787738354753],[0.003645234529180624,-0.0015057335596654735,0.9999999999999999,-0.006940653672878381,0.01634860256980096,-0.020802156646839338],[0.00022537357878013727,-0.0069668035410103525,-0.006940653672878381,0.9999999999999998,0.006801559018221361,-0.0011816560345146278],[-0.009390243508142562,0.011758745919473968,0.01634860256980096,0.006801559018221361,1.0,0.017533500814764683],[-0.020473684972994104,-0.02138787738354753,-0.020802156646839338,-0.0011816560345146278,0.017533500814764683,1.0]]","[284.95587164532105,655.09767703346,1275.0345044859278,2105.3903590342056,3263.1958862152824,3637.6340320081717]",12.765604761904548,6,"[1.3389510006597856,1.3273299339473532,1.3316121289073701,1.3367460222727596,1.3138185847559964,1.3165732896232238]","{""p05"":[1.27089863635559,1.251822678370416,1.2652191796091312,1.2687415408768787,1.2530871709018498,1.2478530760387094],""p10"":[1.3389510006597856,1.3273299339473532,1.3316121289073701,1.3367460222727596,1.3138185847559964,1.3165732896232238],""p25"":[1.445833892326486,1.429383909230726,1.4425380206042018,1.4482802182111207,1.439737520442401,1.4338365805677824],""p50"":[1.5832169826295772,1.5587652609850238,1.5788452419680008,1.5820054252305582,1.5638604780636207,1.5556126571722606]}","[-0.2262798582798583,-0.21001767001767002,-0.02894927294927295,-0.22104055704055708,-0.05106901506901507,-0.06338618738618738]",-0.13345709345709347,1.0,0.5574810061024045,0.9974399400274312,"[[1870.2180550703943,0.0,0.0,0.0,0.0,0.0],[0.0,1870.2180550703943,0.0,0.0,0.0,0.0],[0.0,0.0,1870.2180550703943,0.0,0.0,0.0],[0.0,0.0,0.0,1870.2180550703943,0.0,0.0],[0.0,0.0,0.0,0.0,1870.2180550703943,0.0],[0.0,0.0,0.0,0.0,0.0,1870.2180550703943]]","[[1870.2180550703943,935.1090275351971,935.1090275351971,-935.1090275351971,-935.1090275351971,0.0],[935.1090275351971,1870.2180550703943,935.1090275351971,935.1090275351971,0.0,-935.1090275351971],[935.1090275351971,935.1090275351971,1870.2180550703943,0.0,935.1090275351971,935.1090275351971],[-935.1090275351971,935.1090275351971,0.0,1870.2180550703943,935.1090275351971,-935.1090275351971],[-935.1090275351971,0.0,935.1090275351971,935.1090275351971,1870.2180550703943,935.1090275351971],[0.0,-935.1090275351971,935.1090275351971,-935.1090275351971,935.1090275351971,1870.2180550703943]]",Gaussian covariance benchmark,False
frame_length,deterministic_multisine,calibration,tetrahedral,az45_el30,45.0,30.0,0.0,0.0,8192,all_6,1000,2000,1392432923,gaussian_covariance_benchmark,plane,20.0,"[-0.036045308433623434,-0.20271774316465735,-0.01769109285990457,-0.1540525547577429,-0.20121749839447736,-0.1810192803956306]","[[20.52782110719149,-0.5440382164642366,0.22956137411200941,-0.7762698201881669,-0.6627244995222118,-0.2660316538243756],[-0.5440382164642366,19.261479982139086,1.2033166868003806,0.18023836254949752,-1.0047058670782327,-0.4673212696698351],[0.22956137411200941,1.2033166868003806,21.898135646958192,1.0933361447956806,-0.5772120271767487,1.8156144863745225],[-0.7762698201881669,0.18023836254949752,1.0933361447956806,20.208057108040816,0.22637083223390908,-0.8161730656747257],[-0.6627244995222118,-1.0047058670782327,-0.5772120271767487,0.22637083223390908,21.342761193027705,0.67518531560057],[-0.2660316538243756,-0.4673212696698351,1.8156144863745225,-0.8161730656747257,0.67518531560057,19.49318644635948]]","[[1.0,-0.02735981485586982,0.01082739093379492,-0.03811351424136769,-0.0316618506628486,-0.013299045405908422],[-0.02735981485586982,1.0000000000000002,0.05859108515642188,0.00913566416391427,-0.049552869546717455,-0.024117334267616003],[0.01082739093379492,0.05859108515642188,1.0000000000000002,0.051974204952454736,-0.026699707180665028,0.08787769358950938],[-0.03811351424136769,0.00913566416391427,0.051974204952454736,0.9999999999999999,0.010900160297683079,-0.04112241011618322],[-0.0316618506628486,-0.049552869546717455,-0.026699707180665028,0.010900160297683079,1.0,0.03310215496926957],[-0.013299045405908422,-0.024117334267616003,0.08787769358950938,-0.04112241011618322,0.03310215496926957,0.9999999999999999]]","[17.222215172746065,18.721678173697814,19.994366568257966,21.314054781145856,22.11574610267414,23.363380685194915]",1.3565839499071621,6,"[1.417798759884287,1.4084805279835577,1.408013638262821,1.399612774878024,1.4222478476095683,1.4069160176356725]","{""p05"":[1.3686382795571959,1.3661873740062407,1.3678408668248987,1.3597783998047557,1.3868126691983438,1.3650924243606584],""p10"":[1.417798759884287,1.4084805279835577,1.408013638262821,1.399612774878024,1.4222478476095683,1.4069160176356725],""p25"":[1.4812423225832685,1.4747697816785736,1.4800567367132165,1.4783969076952288,1.4802718046073262,1.4710981486722807],""p50"":[1.5821300113468375,1.5782997544319954,1.5763204608396828,1.5700824367648596,1.5715525954319487,1.56488804329102]}","[-0.5028462228462228,-0.5073913713913715,0.28190635790635793,-0.4653395133395134,0.3288025608025608,0.3571221331221332]",-0.08462434262434264,1.0,0.10051321378052062,0.9509563184658578,"[[20.455240247286127,0.0,0.0,0.0,0.0,0.0],[0.0,20.455240247286127,0.0,0.0,0.0,0.0],[0.0,0.0,20.455240247286127,0.0,0.0,0.0],[0.0,0.0,0.0,20.455240247286127,0.0,0.0],[0.0,0.0,0.0,0.0,20.455240247286127,0.0],[0.0,0.0,0.0,0.0,0.0,20.455240247286127]]","[[20.45524024728613,10.227620123643065,10.227620123643065,-10.227620123643065,-10.227620123643065,0.0],[10.227620123643065,20.45524024728613,10.227620123643065,10.227620123643065,0.0,-10.227620123643065],[10.227620123643065,10.227620123643065,20.45524024728613,0.0,10.227620123643065,10.227620123643065],[-10.227620123643065,10.227620123643065,0.0,20.45524024728613,10.227620123643065,-10.227620123643065],[-10.227620123643065,0.0,10.227620123643065,10.227620123643065,20.45524024728613,10.227620123643065],[0.0,-10.227620123643065,10.227620123643065,-10.227620123643065,10.227620123643065,20.45524024728613]]",Gaussian covariance benchmark,False
frame_length,deterministic_multisine,calibration,tetrahedral,az45_el30,45.0,30.0,5.0,5.0,8192,all_6,1000,2000,2963735999,gaussian_covariance_benchmark,plane,20.0,"[-0.13345805955531548,0.150891225999851,-0.019927410429545697,-0.05846121739725026,0.1340561862784756,-0.010563187042297362]","[[6.78263038230461,0.3403125480960237,0.22422684650645405,-0.3459268059016599,-0.5278079649519704,0.48966308314624696],[0.3403125480960237,6.842198793619711,0.2044389876877824,0.31346728886826236,0.3327954237065249,0.12029299502094075],[0.22422684650645405,0.2044389876877824,6.858245871059108,-0.10366969033751275,0.24295133615342682,0.28752367418104574],[-0.3459268059016599,0.31346728886826236,-0.10366969033751275,7.070931191528903,0.3893617095245571,-0.4121449148783785],[-0.5278079649519704,0.3327954237065249,0.24295133615342682,0.3893617095245571,7.20416897817866,0.17716515749904752],[0.48966308314624696,0.12029299502094075,0.28752367418104574,-0.4121449148783785,0.17716515749904752,6.852650758168754]]","[[0.9999999999999999,0.049955239255144564,0.0328762298643688,-0.04995130465347524,-0.07550660069484333,0.07182390074599658],[0.049955239255144564,1.0,0.029844159503808348,0.04506673321652408,0.04740100570376742,0.017567630750555143],[0.0328762298643688,0.029844159503808348,0.9999999999999999,-0.01488699252866776,0.034563747283031125,0.041940903778448495],[-0.04995130465347524,0.04506673321652408,-0.01488699252866776,1.0,0.05455354649213354,-0.05920826580289797],[-0.07550660069484333,0.04740100570376742,0.034563747283031125,0.05455354649213354,1.0000000000000002,0.02521488953060828],[0.07182390074599658,0.017567630750555143,0.041940903778448495,-0.05920826580289797,0.02521488953060828,1.0000000000000002]]","[5.949829524285966,6.323248404079075,6.579677004008017,7.018865981084528,7.696767159045956,8.04243790235621]",1.351708964017986,6,"[1.4775153020224299,1.4750741665654223,1.4344810141958528,1.4921929689260198,1.4339020048203317,1.4368073894201878]","{""p05"":[1.4402285591206776,1.441679474456067,1.4114257253341198,1.4510718989434999,1.408561755086182,1.405389122662102],""p10"":[1.4775153020224299,1.4750741665654223,1.4344810141958528,1.4921929689260198,1.4339020048203317,1.4368073894201878],""p25"":[1.555717653630916,1.5498621106944734,1.478801283862981,1.554207329212629,1.4845128388514977,1.4853545101312822],""p50"":[1.6410193927837284,1.6378519131062586,1.546569332042163,1.639288652935595,1.5453293034002094,1.5481367014242196]}","[-0.6934451974451975,-0.7135548175548176,0.7017940857940859,-0.697936561936562,0.6860473820473821,0.664993648993649]",-0.008683576683576647,1.0,0.10608787747512022,0.9170781727632549,"[[6.935137662476624,0.0,0.0,0.0,0.0,0.0],[0.0,6.935137662476624,0.0,0.0,0.0,0.0],[0.0,0.0,6.935137662476624,0.0,0.0,0.0],[0.0,0.0,0.0,6.935137662476624,0.0,0.0],[0.0,0.0,0.0,0.0,6.935137662476624,0.0],[0.0,0.0,0.0,0.0,0.0,6.935137662476624]]","[[6.935137662476623,3.4675688312383115,3.4675688312383115,-3.4675688312383115,-3.4675688312383115,0.0],[3.4675688312383115,6.935137662476623,3.4675688312383115,3.4675688312383115,0.0,-3.4675688312383115],[3.4675688312383115,3.4675688312383115,6.935137662476623,0.0,3.4675688312383115,3.4675688312383115],[-3.4675688312383115,3.4675688312383115,0.0,6.935137662476623,3.4675688312383115,-3.4675688312383115],[-3.4675688312383115,0.0,3.4675688312383115,3.4675688312383115,6.935137662476623,3.4675688312383115],[0.0,-3.4675688312383115,3.4675688312383115,-3.4675688312383115,3.4675688312383115,6.935137662476623]]",Gaussian covariance benchmark,False
frame_length,deterministic_multisine,calibration,tetrahedral,az45_el30,45.0,30.0,10.0,10.0,8192,all_6,1000,2000,1530495675,gaussian_covariance_benchmark,plane,20.0,"[0.05764835334863468,0.01807983863391893,0.017679871872517586,-0.09713699474898861,0.07118078308688444,-0.04303313347987104]","[[2.4467557593524583,0.14971456889900106,0.1152547246716427,-0.3336050180066179,-0.18939581235557537,0.24068080249528873],[0.14971456889900106,2.57438741903195,0.1499906209002276,0.1728597442658353,0.02299975048586028,-0.2201607813803922],[0.1152547246716427,0.1499906209002276,2.58709464647054,0.006012286412046754,0.28601063356382395,0.430948634679669],[-0.3336050180066179,0.1728597442658353,0.006012286412046754,2.365588056436361,0.3206715144225244,-0.1723944142510368],[-0.18939581235557537,0.02299975048586028,0.28601063356382395,0.3206715144225244,2.9311998610204393,0.24432991031857373],[0.24068080249528873,-0.2201607813803922,0.430948634679669,-0.1723944142510368,0.24432991031857373,2.8236549308924856]]","[[1.0,0.059652933064688426,0.045809681188454604,-0.13866527124591332,-0.07072164386883083,0.09156728349107163],[0.059652933064688426,1.0,0.058119382593705006,0.07004664753057885,0.008372660021396599,-0.08165770967910904],[0.045809681188454604,0.058119382593705006,0.9999999999999999,0.0024303226990436654,0.10386119273389406,0.1594459672759827],[-0.13866527124591332,0.07004664753057885,0.0024303226990436654,1.0,0.1217777954435474,-0.06670337672121017],[-0.07072164386883083,0.008372660021396599,0.10386119273389406,0.1217777954435474,0.9999999999999999,0.08492745480485919],[0.09156728349107163,-0.08165770967910904,0.1594459672759827,-0.06670337672121017,0.08492745480485919,1.0]]","[1.9543515545905326,2.1184505474995534,2.2642192242170336,2.760165153892236,3.1909173190750293,3.4405768739298472]",1.7604697915522687,6,"[1.5979696771722485,1.594684138845651,1.4570549104134827,1.6019404925126741,1.459276227972175,1.4604842344410562]","{""p05"":[1.5722644517459428,1.5649844178907935,1.4393761952220463,1.576224626387762,1.4418567243240796,1.4449182739344626],""p10"":[1.5979696771722485,1.594684138845651,1.4570549104134827,1.6019404925126741,1.459276227972175,1.4604842344410562],""p25"":[1.650536480596815,1.6580432646549574,1.484557413128023,1.657411398261976,1.4895167971830257,1.4878545389900832],""p50"":[1.70954581514976,1.7195712538372718,1.5233296685865003,1.714337682810465,1.5337568359227745,1.5318323932197084]}","[-0.6618262698262699,-0.6940925860925862,0.7312251952251954,-0.6876650196650197,0.664854868854869,0.6878013638013638]",0.006716258716258694,1.0,0.20669426906483207,0.8129933827224601,"[[2.6214467788673725,0.0,0.0,0.0,0.0,0.0],[0.0,2.6214467788673725,0.0,0.0,0.0,0.0],[0.0,0.0,2.6214467788673725,0.0,0.0,0.0],[0.0,0.0,0.0,2.6214467788673725,0.0,0.0],[0.0,0.0,0.0,0.0,2.6214467788673725,0.0],[0.0,0.0,0.0,0.0,0.0,2.6214467788673725]]","[[2.621446778867372,1.310723389433686,1.310723389433686,-1.310723389433686,-1.310723389433686,0.0],[1.310723389433686,2.621446778867372,1.310723389433686,1.310723389433686,0.0,-1.310723389433686],[1.310723389433686,1.310723389433686,2.621446778867372,0.0,1.310723389433686,1.310723389433686],[-1.310723389433686,1.310723389433686,0.0,2.621446778867372,1.310723389433686,-1.310723389433686],[-1.310723389433686,0.0,1.310723389433686,1.310723389433686,2.621446778867372,1.310723389433686],[0.0,-1.310723389433686,1.310723389433686,-1.310723389433686,1.310723389433686,2.621446778867372]]",Gaussian covariance benchmark,False
spherical_model,deterministic_multisine,calibration,square,az45_el30,45.0,30.0,20.0,20.0,2048,all_6,1000,2000,2409078046,gaussian_covariance_benchmark,spherical,5.0,"[0.022089108126229526,-0.2537008768109023,0.027440534265090768,-0.9994567503909864,0.016237589170719248,1.022986518242452]","[[0.23455295666372136,0.0773990606584018,0.10100249067986265,-0.05208485813051323,-0.08613794280048144,-0.012155649041532005],[0.0773990606584018,0.36815200193669206,0.07136587478494952,0.1669163033440659,-0.0006014966034112219,-0.16787519725070643],[0.10100249067986265,0.07136587478494952,0.21345712224005603,0.0017855560045301553,0.08476289380379273,0.055426831466707176],[-0.05208485813051323,0.1669163033440659,0.0017855560045301553,0.32529265567068266,0.05492182918276326,-0.15531295983507548],[-0.08613794280048144,-0.0006014966034112219,0.08476289380379273,0.05492182918276326,0.20462910790119418,0.06840326125434515],[-0.012155649041532005,-0.16787519725070643,0.055426831466707176,-0.15531295983507548,0.06840326125434515,0.3158171415523477]]","[[1.0,0.2633914364767185,0.45139454088807257,-0.18856188046641875,-0.3931790183991619,-0.04466217279504614],[0.2633914364767185,1.0,0.2545784777895091,0.4823341877128184,-0.0021914718207037024,-0.49232864342378396],[0.45139454088807257,0.2545784777895091,0.9999999999999999,0.006776118970525649,0.4055708608542688,0.21347492916654248],[-0.18856188046641875,0.4823341877128184,0.006776118970525649,1.0000000000000002,0.21287475374985912,-0.48456575427125653],[-0.3931790183991619,-0.0021914718207037024,0.4055708608542688,0.21287475374985912,0.9999999999999999,0.2690761799078584],[-0.04466217279504614,-0.49232864342378396,0.21347492916654248,-0.48456575427125653,0.2690761799078584,1.0]]","[0.036010750552471264,0.10310509273737066,0.12003656617570319,0.3510595703374092,0.38387066802488745,0.6678183381368528]",18.544971373583973,6,"[1.966803438185252,1.618124905554082,1.9714009514904511,1.6582076205229037,1.9793734252288075,1.6599730209050163]","{""p05"":[1.9429617771230794,1.6085573338488648,1.9508164604580502,1.640148071645291,1.9638787009218899,1.6415702680804585],""p10"":[1.966803438185252,1.618124905554082,1.9714009514904511,1.6582076205229037,1.9793734252288075,1.6599730209050163],""p25"":[1.9974529501939824,1.6342221860460298,2.000676055852947,1.6854939265785345,1.9999396968425356,1.6904952487851876],""p50"":[2.030588341661196,1.6580734697807922,2.0298371431591775,1.7184097548073853,2.0258434327979917,1.722657557050494]}","[-0.5070418470418471,0.7613194733194732,-0.4791951591951593,0.9273168033168034,-0.7771818931818932,0.9231200391200393]",0.1413895693895694,1.0,0.6167573117826952,0.38567102022251387,"[[0.27698349766078234,0.0,0.0,0.0,0.0,0.0],[0.0,0.27698349766078234,0.0,0.0,0.0,0.0],[0.0,0.0,0.27698349766078234,0.0,0.0,0.0],[0.0,0.0,0.0,0.27698349766078234,0.0,0.0],[0.0,0.0,0.0,0.0,0.27698349766078234,0.0],[0.0,0.0,0.0,0.0,0.0,0.27698349766078234]]","[[0.27698349766078234,0.13849174883039117,0.13849174883039117,-0.13849174883039117,-0.13849174883039117,0.0],[0.13849174883039117,0.27698349766078234,0.13849174883039117,0.13849174883039117,0.0,-0.13849174883039117],[0.13849174883039117,0.13849174883039117,0.27698349766078234,0.0,0.13849174883039117,0.13849174883039117],[-0.13849174883039117,0.13849174883039117,0.0,0.27698349766078234,0.13849174883039117,-0.13849174883039117],[-0.13849174883039117,0.0,0.13849174883039117,0.13849174883039117,0.27698349766078234,0.13849174883039117],[0.0,-0.13849174883039117,0.13849174883039117,-0.13849174883039117,0.13849174883039117,0.27698349766078234]]",Gaussian covariance benchmark,False
spherical_model,deterministic_multisine,calibration,square,az45_el30,45.0,30.0,20.0,20.0,2048,all_6,1000,2000,3345139515,gaussian_covariance_benchmark,spherical,10.0,"[0.01912652906294884,-0.25902091874535127,-0.015328954344331099,-1.0922006456500655,-0.035958099021369413,1.0467881412829225]","[[0.21808049601221144,0.06727275397936296,0.09219197446947126,-0.06024294697855967,-0.08870891656600724,-0.000844029676434959],[0.06727275397936296,0.3676540846397381,0.0650574935704268,0.15573584839225704,-0.003855345234354248,-0.16765350001093726],[0.09219197446947126,0.0650574935704268,0.21045104924014427,-0.0077676243294143,0.08510468004239327,0.07030110013252933],[-0.06024294697855967,0.15573584839225704,-0.0077676243294143,0.301954884846281,0.06603516822119812,-0.15054084904101023],[-0.08870891656600724,-0.003855345234354248,0.08510468004239327,0.06603516822119812,0.21135877536263661,0.07164569488108113],[-0.000844029676434959,-0.16765350001093726,0.07030110013252933,-0.15054084904101023,0.07164569488108113,0.3385769672703391]]","[[0.9999999999999999,0.23758066640261993,0.43033746331750194,-0.23476144046152633,-0.41318897037141067,-0.0031061369394854805],[0.23758066640261993,1.0000000000000002,0.23388484517312205,0.4674098556402406,-0.013830358389367033,-0.47518663955060064],[0.43033746331750194,0.23388484517312205,1.0000000000000002,-0.030813542900673334,0.4035224982433281,0.2633648845475871],[-0.23476144046152633,0.4674098556402406,-0.030813542900673334,1.0000000000000002,0.2613930984143276,-0.47081969963902937],[-0.41318897037141067,-0.013830358389367033,0.4035224982433281,0.2613930984143276,1.0000000000000002,0.2678250853242443],[-0.0031061369394854805,-0.47518663955060064,0.2633648845475871,-0.47081969963902937,0.2678250853242443,1.0000000000000002]]","[0.03533822759813517,0.10182008351874272,0.1148292993516546,0.3643456657844439,0.37663322362684365,0.6551097574915303]",18.538274328339575,6,"[1.85723479385003,1.6187557991877513,1.8627552180176137,1.7599635049236704,1.974638679579592,1.7495888602852718]","{""p05"":[1.8411232140625875,1.6084899399777726,1.8454161625344672,1.7356800946137547,1.9582566917816768,1.7354847441746695],""p10"":[1.85723479385003,1.6187557991877513,1.8627552180176137,1.7599635049236704,1.974638679579592,1.7495888602852718],""p25"":[1.8885137019029963,1.6334112078779581,1.8920477468768637,1.789772769003761,1.9993997558230248,1.7831919221756891],""p50"":[1.919398572689263,1.6560569628259973,1.9243422662476817,1.8256790997887653,2.0257351224279976,1.8197018387747352]}","[-0.051229023229023236,0.7433691113691114,0.0295935415935416,0.9020755340755342,-0.7847228567228568,0.9099612699612699]",0.29150792950792953,1.0,0.615351065763168,0.37422518700458546,"[[0.2746793762285584,0.0,0.0,0.0,0.0,0.0],[0.0,0.2746793762285584,0.0,0.0,0.0,0.0],[0.0,0.0,0.2746793762285584,0.0,0.0,0.0],[0.0,0.0,0.0,0.2746793762285584,0.0,0.0],[0.0,0.0,0.0,0.0,0.2746793762285584,0.0],[0.0,0.0,0.0,0.0,0.0,0.2746793762285584]]","[[0.2746793762285584,0.1373396881142792,0.1373396881142792,-0.1373396881142792,-0.1373396881142792,0.0],[0.1373396881142792,0.2746793762285584,0.1373396881142792,0.1373396881142792,0.0,-0.1373396881142792],[0.1373396881142792,0.1373396881142792,0.2746793762285584,0.0,0.1373396881142792,0.1373396881142792],[-0.1373396881142792,0.1373396881142792,0.0,0.2746793762285584,0.1373396881142792,-0.1373396881142792],[-0.1373396881142792,0.0,0.1373396881142792,0.1373396881142792,0.2746793762285584,0.1373396881142792],[0.0,-0.1373396881142792,0.1373396881142792,-0.1373396881142792,0.1373396881142792,0.2746793762285584]]",Gaussian covariance benchmark,False
spherical_model,deterministic_multisine,calibration,square,az45_el30,45.0,30.0,20.0,20.0,2048,all_6,1000,2000,4204251355,gaussian_covariance_benchmark,spherical,20.0,"[-0.025895214503250837,-0.2532645817432364,-0.025858168116170636,-1.0532659555620478,-0.005421313619808816,1.0755926659628514]","[[0.23041732860719422,0.07650988190891118,0.09826255197384655,-0.06877657622393742,-0.08998779195249534,-0.0013327263177623824],[0.07650988190891118,0.3520000831545208,0.07595050427481988,0.14642469791667087,0.015259830960634078,-0.13251659740936167],[0.09826255197384655,0.07595050427481988,0.20966795853334672,-0.00408047933607615,0.08046804146833506,0.053842889132794655],[-0.06877657622393742,0.14642469791667087,-0.00408047933607615,0.3036375628619392,0.06675528024916799,-0.14345908677843786],[-0.08998779195249534,0.015259830960634078,0.08046804146833506,0.06675528024916799,0.20337920197744921,0.04955365913106979],[-0.0013327263177623824,-0.13251659740936167,0.053842889132794655,-0.14345908677843786,0.04955365913106979,0.2818351267468423]]","[[0.9999999999999998,0.2686510733072222,0.4470585828157111,-0.2600190907427659,-0.4156930442009821,-0.0052298092027140974],[0.2686510733072222,1.0000000000000002,0.2795717245086142,0.4478836463108362,0.057032849468500006,-0.42072791942020327],[0.4470585828157111,0.2795717245086142,0.9999999999999999,-0.016172136604273336,0.38967642144559855,0.22149542575397718],[-0.2600190907427659,0.4478836463108362,-0.016172136604273336,0.9999999999999999,0.268630057825308,-0.4904025875919955],[-0.4156930442009821,0.057032849468500006,0.38967642144559855,0.268630057825308,0.9999999999999999,0.2069783398705822],[-0.0052298092027140974,-0.42072791942020327,0.22149542575397718,-0.4904025875919955,0.2069783398705822,0.9999999999999998]]","[0.035029240620895755,0.09561535652429244,0.11660597410896284,0.3385260689135747,0.3959508716516107,0.5992097500619559]",17.105987439091482,6,"[1.8107433204115229,1.6177428232121085,1.8143735435250687,1.801252556532907,1.9796778931634564,1.8094030477208376]","{""p05"":[1.7925198605732768,1.6096980161223478,1.7929047276739307,1.7857567985262515,1.9638055923123936,1.7914855823986349],""p10"":[1.8107433204115229,1.6177428232121085,1.8143735435250687,1.801252556532907,1.9796778931634564,1.8094030477208376],""p25"":[1.838819808868374,1.633444861368568,1.8409582023371907,1.8352643590820494,2.001805485950219,1.84047470222257],""p50"":[1.869822393550513,1.658058463777893,1.871569338445834,1.8742340011849064,2.0262902834057375,1.8777068230002554]}","[0.053649977649977657,0.7468424308424308,0.0508949308949309,0.9008058608058608,-0.7911088911088913,0.8904894744894746]",0.3085956305956306,1.0,0.6028619224229105,0.35814255994665994,"[[0.2634895436468821,0.0,0.0,0.0,0.0,0.0],[0.0,0.2634895436468821,0.0,0.0,0.0,0.0],[0.0,0.0,0.2634895436468821,0.0,0.0,0.0],[0.0,0.0,0.0,0.2634895436468821,0.0,0.0],[0.0,0.0,0.0,0.0,0.2634895436468821,0.0],[0.0,0.0,0.0,0.0,0.0,0.2634895436468821]]","[[0.2634895436468821,0.13174477182344105,0.13174477182344105,-0.13174477182344105,-0.13174477182344105,0.0],[0.13174477182344105,0.2634895436468821,0.13174477182344105,0.13174477182344105,0.0,-0.13174477182344105],[0.13174477182344105,0.13174477182344105,0.2634895436468821,0.0,0.13174477182344105,0.13174477182344105],[-0.13174477182344105,0.13174477182344105,0.0,0.2634895436468821,0.13174477182344105,-0.13174477182344105],[-0.13174477182344105,0.0,0.13174477182344105,0.13174477182344105,0.2634895436468821,0.13174477182344105],[0.0,-0.13174477182344105,0.13174477182344105,-0.13174477182344105,0.13174477182344105,0.2634895436468821]]",Gaussian covariance benchmark,False
spherical_model,deterministic_multisine,calibration,square,az45_el30,45.0,30.0,20.0,20.0,2048,all_6,1000,2000,2387267956,gaussian_covariance_benchmark,spherical,50.0,"[-0.021919084023190333,-0.2523214714241289,-0.029167268850326847,-1.0540079562974638,0.016593720018435645,1.0764486293629167]","[[0.22558452279280852,0.0864285322934109,0.1042559777850065,-0.050695966706152486,-0.0886966260189552,0.0019564576967945942],[0.0864285322934109,0.353442252706976,0.07629742719138488,0.12305436339976948,-0.0035999085492942466,-0.13243398626073138],[0.1042559777850065,0.07629742719138488,0.21157235017419487,-0.011584905445638245,0.07449491572370777,0.06811313658065274],[-0.050695966706152486,0.12305436339976948,-0.011584905445638245,0.2679346322835513,0.05393515476772024,-0.12534072720679246],[-0.0886966260189552,-0.0035999085492942466,0.07449491572370777,0.05393515476772024,0.1984919544793975,0.06293468783766996],[0.0019564576967945942,-0.13243398626073138,0.06811313658065274,-0.12534072720679246,0.06293468783766996,0.2748761950623994]]","[[1.0,0.3060858512315501,0.4772180488787504,-0.2062074410026145,-0.4191611236342542,0.007856828018190792],[0.3060858512315501,0.9999999999999999,0.2790109225027586,0.3998741762420054,-0.013591293183593183,-0.42488524828813634],[0.4772180488787504,0.2790109225027586,1.0,-0.04865736787683853,0.3635178356712227,0.2824443290927659],[-0.2062074410026145,0.3998741762420054,-0.04865736787683853,0.9999999999999998,0.2338762108186729,-0.4618587953933613],[-0.4191611236342542,-0.013591293183593183,0.3635178356712227,0.2338762108186729,1.0,0.26943255102049224],[0.007856828018190792,-0.42488524828813634,0.2824443290927659,-0.4618587953933613,0.26943255102049224,1.0]]","[0.03318315149818407,0.09117122217895204,0.11535978152873677,0.32968709420242653,0.4003287107753006,0.5621719473157275]",16.941487530094662,6,"[1.7815625351994375,1.6198957392232087,1.7833721645490386,1.840273200624135,1.9764816593346375,1.8392937029934755]","{""p05"":[1.7639264183821917,1.6111925327282204,1.768880970876146,1.819489380973428,1.961555331197194,1.8205760243154803],""p10"":[1.7815625351994375,1.6198957392232087,1.7833721645490386,1.840273200624135,1.9764816593346375,1.8392937029934755],""p25"":[1.8064663881303,1.6362445099681286,1.8072160252873988,1.8739642569983823,2.003173395923767,1.8739823594090756],""p50"":[1.83776776041816,1.6603011671718004,1.838073501701369,1.9126576115515876,2.028759033314058,1.9133084374231615]}","[0.05512546312546313,0.7427865827865827,0.07296888096888098,0.8873215913215914,-0.7828196308196308,0.8929417129417129]",0.3113874333874334,1.0,0.5969992059877037,0.3471650916649815,"[[0.2553169845832213,0.0,0.0,0.0,0.0,0.0],[0.0,0.2553169845832213,0.0,0.0,0.0,0.0],[0.0,0.0,0.2553169845832213,0.0,0.0,0.0],[0.0,0.0,0.0,0.2553169845832213,0.0,0.0],[0.0,0.0,0.0,0.0,0.2553169845832213,0.0],[0.0,0.0,0.0,0.0,0.0,0.2553169845832213]]","[[0.2553169845832213,0.12765849229161064,0.12765849229161064,-0.12765849229161064,-0.12765849229161064,0.0],[0.12765849229161064,0.2553169845832213,0.12765849229161064,0.12765849229161064,0.0,-0.12765849229161064],[0.12765849229161064,0.12765849229161064,0.2553169845832213,0.0,0.12765849229161064,0.12765849229161064],[-0.12765849229161064,0.12765849229161064,0.0,0.2553169845832213,0.12765849229161064,-0.12765849229161064],[-0.12765849229161064,0.0,0.12765849229161064,0.12765849229161064,0.2553169845832213,0.12765849229161064],[0.0,-0.12765849229161064,0.12765849229161064,-0.12765849229161064,0.12765849229161064,0.2553169845832213]]",Gaussian covariance benchmark,False
spherical_model,deterministic_multisine,calibration,tetrahedral,az45_el30,45.0,30.0,20.0,20.0,2048,all_6,1000,2000,2637546124,gaussian_covariance_benchmark,spherical,5.0,"[0.3822687339226404,0.37526977262639744,0.19042358254013148,0.010672161552851599,-0.015758548452239028,-0.030199913247056457]","[[0.3503892711984706,0.16424612119374132,0.16771044362075838,-0.07547378482855638,-0.0774435081955993,0.009505543816133187],[0.16424612119374132,0.3571946298983699,0.1525680589848865,0.06284849217321006,-0.008595758073730657,-0.062123564943962324],[0.16771044362075838,0.1525680589848865,0.3472766575632084,-0.01720408446858879,0.06326142623907285,0.08843429242731339],[-0.07547378482855638,0.06284849217321006,-0.01720408446858879,0.22608389558419578,0.0875646488482266,-0.10091043654270802],[-0.0774435081955993,-0.008595758073730657,0.06326142623907285,0.0875646488482266,0.2320273909007794,0.10026680755167194],[0.009505543816133187,-0.062123564943962324,0.08843429242731339,-0.10091043654270802,0.10026680755167194,0.24229148083065172]]","[[1.0,0.4642664083415314,0.48078057374965094,-0.26815501012712833,-0.271606394342172,0.03262364601211681],[0.4642664083415314,0.9999999999999999,0.43318495440298205,0.22116051286683366,-0.029858094969959226,-0.21117127252260925],[0.48078057374965094,0.43318495440298205,0.9999999999999999,-0.06139866889334807,0.22285970650019588,0.3048694004984761],[-0.26815501012712833,0.22116051286683366,-0.06139866889334807,0.9999999999999999,0.38231766781269444,-0.43115378094847906],[-0.271606394342172,-0.029858094969959226,0.22285970650019588,0.38231766781269444,1.0,0.4228813060109549],[0.03262364601211681,-0.21117127252260925,0.3048694004984761,-0.43115378094847906,0.4228813060109549,0.9999999999999998]]","[0.04080451773940047,0.11178304451652206,0.12288267308414245,0.38280239954831646,0.4195267501225644,0.6774639409647302]",16.60266996148265,6,"[1.6543692268887147,1.6520313400020719,1.8214096031914015,1.978143523908671,1.6077529260377839,1.606740753568414]","{""p05"":[1.6355476496958028,1.6362221301318804,1.8007890264920507,1.9613704316817404,1.5974297160952007,1.5940559504870433],""p10"":[1.6543692268887147,1.6520313400020719,1.8214096031914015,1.978143523908671,1.6077529260377839,1.606740753568414],""p25"":[1.6859771162572366,1.6810681759094002,1.8568046062991868,2.0020650102589554,1.63185683208131,1.6288768207406426],""p50"":[1.720225077522561,1.7198891536666663,1.8977253310762032,2.031358393485755,1.6563530190729012,1.6550468795282256]}","[0.6594152634152635,0.6424737064737065,-0.3474766314766315,-0.7475580155580156,-0.03245238845238845,-0.07002673002673002]",0.01739586739586739,1.0,0.60551860768438,0.3632577927763473,"[[0.2925438876626126,0.0,0.0,0.0,0.0,0.0],[0.0,0.2925438876626126,0.0,0.0,0.0,0.0],[0.0,0.0,0.2925438876626126,0.0,0.0,0.0],[0.0,0.0,0.0,0.2925438876626126,0.0,0.0],[0.0,0.0,0.0,0.0,0.2925438876626126,0.0],[0.0,0.0,0.0,0.0,0.0,0.2925438876626126]]","[[0.2925438876626125,0.14627194383130626,0.14627194383130626,-0.14627194383130626,-0.14627194383130626,0.0],[0.14627194383130626,0.2925438876626125,0.14627194383130626,0.14627194383130626,0.0,-0.14627194383130626],[0.14627194383130626,0.14627194383130626,0.2925438876626125,0.0,0.14627194383130626,0.14627194383130626],[-0.14627194383130626,0.14627194383130626,0.0,0.2925438876626125,0.14627194383130626,-0.14627194383130626],[-0.14627194383130626,0.0,0.14627194383130626,0.14627194383130626,0.2925438876626125,0.14627194383130626],[0.0,-0.14627194383130626,0.14627194383130626,-0.14627194383130626,0.14627194383130626,0.2925438876626125]]",Gaussian covariance benchmark,False
spherical_model,deterministic_multisine,calibration,tetrahedral,az45_el30,45.0,30.0,20.0,20.0,2048,all_6,1000,2000,2889038815,gaussian_covariance_benchmark,spherical,10.0,"[0.4048906811568867,0.46237410072863416,0.21963016624258597,0.02228554196276265,-0.012734342179459852,-0.038562987392822524]","[[0.3275385841742032,0.16607738324598523,0.16112936290149138,-0.062226835168016276,-0.061307223090592645,-0.007663370658367529],[0.16607738324598523,0.34968636732762903,0.1794634658622489,0.06701754605315001,-0.003435383602466404,-0.07820621498882493],[0.16112936290149138,0.1794634658622489,0.3761539899346755,0.002394220126157351,0.07670687131181629,0.061505163057870384],[-0.062226835168016276,0.06701754605315001,0.002394220126157351,0.22445417404228526,0.0910667440358067,-0.10312630010265654],[-0.061307223090592645,-0.003435383602466404,0.07670687131181629,0.0910667440358067,0.23686384153073395,0.09659023773451898],[-0.007663370658367529,-0.07820621498882493,0.061505163057870384,-0.10312630010265654,0.09659023773451898,0.237013391791096]]","[[1.0,0.4907269494193951,0.4590506638793654,-0.22949997191950472,-0.22010556710376983,-0.027504398737725887],[0.4907269494193951,1.0,0.4948275411124059,0.23921330295034526,-0.011936761135900581,-0.27165360583648357],[0.4590506638793654,0.4948275411124059,0.9999999999999999,0.008239813799072163,0.25698161174585055,0.20598817748944784],[-0.22949997191950472,0.23921330295034526,0.008239813799072163,0.9999999999999999,0.3949540594018601,-0.4471149083393374],[-0.22010556710376983,-0.011936761135900581,0.25698161174585055,0.3949540594018601,1.0,0.40765935036566714],[-0.027504398737725887,-0.27165360583648357,0.20598817748944784,-0.4471149083393374,0.40765935036566714,0.9999999999999998]]","[0.03847710824825544,0.11212634361252916,0.12133910581573965,0.38195450757389393,0.40672239348174577,0.691090890068459]",17.96109223202326,6,"[1.8316154504385576,1.8343814365794946,1.6582679411128487,1.9784065869455858,1.597005893207,1.5964147312787333]","{""p05"":[1.811549069804964,1.8119135598468556,1.6436731566185954,1.9600152467843364,1.59068598216801,1.587603286489712],""p10"":[1.8316154504385576,1.8343814365794946,1.6582679411128487,1.9784065869455858,1.597005893207,1.5964147312787333],""p25"":[1.8644908652755596,1.8699606217103262,1.6892881112797506,2.0043894386571757,1.6148768774231168,1.612259179772976],""p50"":[1.9077484968228284,1.9161482766583267,1.7251471834836707,2.0307389257608053,1.640352318636089,1.6377774422680726]}","[0.6656832056832057,0.7349302229302229,-0.4197054837054837,-0.7784782184782185,0.009583941583941585,-0.06552532152532153]",0.024414724414724417,1.0,0.61201734166914,0.3740851819892026,"[[0.29195172480010384,0.0,0.0,0.0,0.0,0.0],[0.0,0.29195172480010384,0.0,0.0,0.0,0.0],[0.0,0.0,0.29195172480010384,0.0,0.0,0.0],[0.0,0.0,0.0,0.29195172480010384,0.0,0.0],[0.0,0.0,0.0,0.0,0.29195172480010384,0.0],[0.0,0.0,0.0,0.0,0.0,0.29195172480010384]]","[[0.29195172480010384,0.14597586240005192,0.14597586240005192,-0.14597586240005192,-0.14597586240005192,0.0],[0.14597586240005192,0.29195172480010384,0.14597586240005192,0.14597586240005192,0.0,-0.14597586240005192],[0.14597586240005192,0.14597586240005192,0.29195172480010384,0.0,0.14597586240005192,0.14597586240005192],[-0.14597586240005192,0.14597586240005192,0.0,0.29195172480010384,0.14597586240005192,-0.14597586240005192],[-0.14597586240005192,0.0,0.14597586240005192,0.14597586240005192,0.29195172480010384,0.14597586240005192],[0.0,-0.14597586240005192,0.14597586240005192,-0.14597586240005192,0.14597586240005192,0.29195172480010384]]",Gaussian covariance benchmark,False
spherical_model,deterministic_multisine,calibration,tetrahedral,az45_el30,45.0,30.0,20.0,20.0,2048,all_6,1000,2000,116426895,gaussian_covariance_benchmark,spherical,20.0,"[0.3846866158455377,0.3925855394856358,0.23016372740748398,-0.0035186019416013304,-0.026665790226657448,-0.03333920745142359]","[[0.331749572305828,0.14985899441521633,0.16033314025664472,-0.06380010902036595,-0.07483091765597169,0.00019523753280430799],[0.14985899441521633,0.308253642794389,0.12256358654276286,0.06255997028779356,-0.01096277436650001,-0.07347772193725834],[0.16033314025664472,0.12256358654276286,0.34590669037235927,-0.006928393548080908,0.06659136867135133,0.08215183079881427],[-0.06380010902036595,0.06255997028779356,-0.006928393548080908,0.21946947390059676,0.09155692168331357,-0.09934581369470753],[-0.07483091765597169,-0.01096277436650001,0.06659136867135133,0.09155692168331357,0.24434767554391157,0.10496315161231896],[0.00019523753280430799,-0.07347772193725834,0.08215183079881427,-0.09934581369470753,0.10496315161231896,0.249569359493942]]","[[0.9999999999999999,0.46862291315063864,0.4733023184384991,-0.23644447686065484,-0.26282809013468494,0.0006785197491494014],[0.46862291315063864,0.9999999999999999,0.3753426114710475,0.24052230861870114,-0.03994498485754139,-0.2649146295075135],[0.4733023184384991,0.3753426114710475,1.0,-0.025145831803181917,0.2290521402527368,0.27960319718913207],[-0.23644447686065484,0.24052230861870114,-0.025145831803181917,0.9999999999999999,0.3953666338744686,-0.4244894272157156],[-0.26282809013468494,-0.03994498485754139,0.2290521402527368,0.3953666338744686,1.0,0.42504716525256686],[0.0006785197491494014,-0.2649146295075135,0.27960319718913207,-0.4244894272157156,0.42504716525256686,1.0]]","[0.0401896172002984,0.1059070609300067,0.1257969418026218,0.3762922737664051,0.4312194417959489,0.6198910789157458]",15.424159822829644,6,"[1.9357207105637415,1.9359978290656195,1.6175971072834847,1.977305277149196,1.5919904508859117,1.592987561672097]","{""p05"":[1.9092889145372627,1.9079706619912418,1.6091956160262624,1.9604317467618202,1.5858699707110797,1.5852415094609025],""p10"":[1.9357207105637415,1.9359978290656195,1.6175971072834847,1.977305277149196,1.5919904508859117,1.592987561672097],""p25"":[1.9724672393103717,1.9710218142074232,1.633484928333285,2.0030032615778572,1.6075607902670184,1.608302254512434],""p50"":[2.0168165867163266,2.0175324578580396,1.6565257545066672,2.031648109039311,1.6324539953169301,1.631362076127911]}","[0.6098422658422659,0.631019887019887,-0.1318825798825799,-0.7824740664740665,0.00019305619305619306,-0.02028428028428029]",0.051069047069047045,1.0,0.59164880184142,0.3445778889601881,"[[0.28321606906850444,0.0,0.0,0.0,0.0,0.0],[0.0,0.28321606906850444,0.0,0.0,0.0,0.0],[0.0,0.0,0.28321606906850444,0.0,0.0,0.0],[0.0,0.0,0.0,0.28321606906850444,0.0,0.0],[0.0,0.0,0.0,0.0,0.28321606906850444,0.0],[0.0,0.0,0.0,0.0,0.0,0.28321606906850444]]","[[0.28321606906850444,0.14160803453425222,0.14160803453425222,-0.14160803453425222,-0.14160803453425222,0.0],[0.14160803453425222,0.28321606906850444,0.14160803453425222,0.14160803453425222,0.0,-0.14160803453425222],[0.14160803453425222,0.14160803453425222,0.28321606906850444,0.0,0.14160803453425222,0.14160803453425222],[-0.14160803453425222,0.14160803453425222,0.0,0.28321606906850444,0.14160803453425222,-0.14160803453425222],[-0.14160803453425222,0.0,0.14160803453425222,0.14160803453425222,0.28321606906850444,0.14160803453425222],[0.0,-0.14160803453425222,0.14160803453425222,-0.14160803453425222,0.14160803453425222,0.28321606906850444]]",Gaussian covariance benchmark,False
spherical_model,deterministic_multisine,calibration,tetrahedral,az45_el30,45.0,30.0,20.0,20.0,2048,all_6,1000,2000,153694836,gaussian_covariance_benchmark,spherical,50.0,"[0.37407087697032637,0.37187696947455556,0.25071922136912217,0.0034521278921722715,-0.00173080015936126,-0.005227959926636289]","[[0.33329001651857615,0.1356879668358879,0.14505076413844029,-0.06724137243419051,-0.08326909927548547,0.00029345495396986384],[0.1356879668358879,0.2973638722087959,0.12373481286619786,0.06261044959075698,0.0016287633643445774,-0.07196434528054653],[0.14505076413844029,0.12373481286619786,0.3364848721633119,-0.005697637043309694,0.07903444559100888,0.07343155406374459],[-0.06724137243419051,0.06261044959075698,-0.005697637043309694,0.2246057594429368,0.10080688773110366,-0.09865533077021317],[-0.08326909927548547,0.0016287633643445774,0.07903444559100888,0.10080688773110366,0.25659151523784535,0.10112728157088183],[0.00029345495396986384,-0.07196434528054653,0.07343155406374459,-0.09865533077021317,0.10112728157088183,0.24891875721075912]]","[[0.9999999999999999,0.43100874395406397,0.43313781036260296,-0.2457621356825817,-0.28474202467725623,0.0010188294288335756],[0.43100874395406397,1.0,0.3911695426159524,0.24226589267430015,0.005896478845982047,-0.2645114430986916],[0.43313781036260296,0.3911695426159524,1.0,-0.020725335222870185,0.2689753575994378,0.25372960044657733],[-0.2457621356825817,0.24226589267430015,-0.020725335222870185,1.0000000000000002,0.4199123200262077,-0.41723554613788616],[-0.28474202467725623,0.005896478845982047,0.2689753575994378,0.4199123200262077,1.0,0.4001459036588555],[0.0010188294288335756,-0.2645114430986916,0.25372960044657733,-0.41723554613788616,0.4001459036588555,1.0]]","[0.04164374178813748,0.11192310511763848,0.12192033749951481,0.3974840021503306,0.42997993755473984,0.5943036686718636]",14.271139987741334,6,"[1.9878461587560396,1.9921813027152686,1.6123415629234057,1.9788989882735581,1.590179120831655,1.5900286476477878]","{""p05"":[1.9669339610852568,1.9694654013031883,1.604426615416825,1.9624279901096315,1.585051316224887,1.583545363666917],""p10"":[1.9878461587560396,1.9921813027152686,1.6123415629234057,1.9788989882735581,1.590179120831655,1.5900286476477878],""p25"":[2.028994147402604,2.0343867599323775,1.6272262040588399,2.005230715437357,1.6056307221839703,1.605559617491809],""p50"":[2.072077090247482,2.0747562684687395,1.6463683799533757,2.0304935261946624,1.6293921852562911,1.6288915208162562]}","[0.30550345750345753,0.3235279195279195,0.7483143283143284,-0.777903525903526,0.09659886059886061,0.08506593706593708]",0.1301844961844962,1.0,0.5813411720120945,0.3295581803504241,"[[0.2828757987970375,0.0,0.0,0.0,0.0,0.0],[0.0,0.2828757987970375,0.0,0.0,0.0,0.0],[0.0,0.0,0.2828757987970375,0.0,0.0,0.0],[0.0,0.0,0.0,0.2828757987970375,0.0,0.0],[0.0,0.0,0.0,0.0,0.2828757987970375,0.0],[0.0,0.0,0.0,0.0,0.0,0.2828757987970375]]","[[0.28287579879703756,0.14143789939851878,0.14143789939851878,-0.14143789939851878,-0.14143789939851878,0.0],[0.14143789939851878,0.28287579879703756,0.14143789939851878,0.14143789939851878,0.0,-0.14143789939851878],[0.14143789939851878,0.14143789939851878,0.28287579879703756,0.0,0.14143789939851878,0.14143789939851878],[-0.14143789939851878,0.14143789939851878,0.0,0.28287579879703756,0.14143789939851878,-0.14143789939851878],[-0.14143789939851878,0.0,0.14143789939851878,0.14143789939851878,0.28287579879703756,0.14143789939851878],[0.0,-0.14143789939851878,0.14143789939851878,-0.14143789939851878,0.14143789939851878,0.28287579879703756]]",Gaussian covariance benchmark,False
