configuration,physical_configuration,scenario,split,station_count,contributing_station_ids_json,station_geometry,orientation_mode,baseline_m,target_coordinates_world_m_json,target_x_m,target_y_m,target_z_m,target_range_over_baseline,target_horizontal_range_over_baseline,target_altitude_over_baseline,minimum_ray_intersection_angle_deg,maximum_ray_intersection_angle_deg,true_angular_bias_and_covariance_json,calibrated_bearing_statistics_json,bearing_covariance_source_split,evaluation_residual_used_to_fit_bearing_covariance,pose_mismatch_kind,position_pose_mismatch_max_m,orientation_pose_mismatch_max_deg,bearing_covariance_mismatch,erroneous_bearing_station_id,erroneous_bearing_offset_az_el_deg_json,independent_realization_count,dependent_residual_component_count,residual_components_are_independent_trials,base_seed,split_bearing_noise_seed,calibration_bearing_noise_seed,evaluation_bearing_noise_seed,calibration_evaluation_seed_overlap_count,seed_scope,position_bias_centering_source_split,evaluation_mean_used_for_position_error_centering,local_gaussian_covariance_benchmark,exact_position_crlb_claimed,truth_used_online,dynamic_tracking_implemented,retarded_time_fusion_implemented,mean_runtime_per_estimate_s,coverage,failure_fraction,position_rmse_m,position_error_p50_m,position_error_p95_m,position_error_p99_m,horizontal_rmse_m,horizontal_error_p95_m,vertical_rmse_m,vertical_error_p95_m,bias_x_m,bias_y_m,bias_z_m,empirical_position_covariance_m2_json,mean_predicted_position_covariance_m2_json,predicted_empirical_covariance_relative_frobenius,predicted_empirical_covariance_trace_ratio,normalized_position_error_p50,normalized_position_error_p95,position_ellipsoid_p95_coverage,information_rank_min,information_condition_median,information_condition_max,information_eigenvalue_median_json
equilateral_near__ideal_three,equilateral_near,ideal_three,calibration,3,"[""station_0"", ""station_1"", ""station_2""]",equilateral,aligned,20.0,"[16.383040885779835,11.471528727020921,15.0]",16.383040885779835,11.471528727020921,15.0,1.25,1.0,0.75,32.22489923748369,51.481686771202966,"[{""station_id"":""station_0"",""mu_rad"":[0.0013962634015954637,-0.0008726646259971648],""R_rad2"":[[3.73156339238718e-05,-1.1727770661788283e-05],[-1.1727770661788283e-05,9.214676948547937e-05]]},{""station_id"":""station_1"",""mu_rad"":[-0.0008377580409572782,0.0006981317007977319],""R_rad2"":[[4.633230954955836e-05,1.5444103183186123e-05],[1.5444103183186123e-05,8.236855031032602e-05]]},{""station_id"":""station_2"",""mu_rad"":[0.0005585053606381855,0.0004363323129985824],""R_rad2"":[[5.6323760918562415e-05,6.418289034905951e-06],[6.418289034905951e-06,7.313864249078874e-05]]}]","[{""station_id"":""station_0"",""mu_cal_rad"":[0.0014707863593766309,-0.001067169686552394],""R_cal_rad2"":[[3.717693867077774e-05,-9.669637090492934e-06],[-9.669637090492934e-06,7.91115053505583e-05]],""R_rank"":2,""R_condition"":2.317348229793602},{""station_id"":""station_1"",""mu_cal_rad"":[-0.0005748129847407475,0.0022704576889952493],""R_cal_rad2"":[[4.663596422002944e-05,1.5203362876112734e-05],[1.5203362876112734e-05,9.39471157049773e-05]],""R_rank"":2,""R_condition"":2.3335925297659514},{""station_id"":""station_2"",""mu_cal_rad"":[-0.0007011896052294903,-0.00041389897108626137],""R_cal_rad2"":[[5.4237482018859474e-05,-3.65215706738042e-07],[-3.65215706738042e-07,6.77506018999512e-05]],""R_rank"":2,""R_condition"":1.2495563517691732}]",calibration,False,none,0.0,0.0,False,,,128,768,False,20260831,1243961589,1243961589,337055381,0,independent_bearing_level_realizations,calibration,False,True,False,False,False,False,0.0028873343749751257,1.0,0.0,0.29213603241280306,0.24713712748591865,0.5037898591883957,0.5827166208624964,0.22341925288675352,0.37549748120448617,0.18822140917924085,0.3214790555088275,0.001152269475147294,0.0009016504218614524,0.00133400456324137,"[[0.027134047857588935,0.013788696564774649,0.019321590467570482],[0.013788696564774649,0.023172997798648953,0.014370032820792819],[0.019321590467570482,0.014370032820792819,0.03570446040213614]]","[[0.02929007908853104,0.013246118073671279,0.018489618982760126],[0.013246118073671279,0.021572872661149288,0.0129438002377147],[0.018489618982760126,0.0129438002377147,0.04006373836233411]]",0.08882518216470521,0.9459434402859569,2.1273334216678865,6.2921266800624585,0.984375,3,5.3691865569208534,5.669197787415728,"[16.076450134543325,58.42183235004744,86.28577279126787]"
equilateral_near__ideal_three,equilateral_near,ideal_three,evaluation,3,"[""station_0"", ""station_1"", ""station_2""]",equilateral,aligned,20.0,"[16.383040885779835,11.471528727020921,15.0]",16.383040885779835,11.471528727020921,15.0,1.25,1.0,0.75,32.22489923748369,51.481686771202966,"[{""station_id"":""station_0"",""mu_rad"":[0.0013962634015954637,-0.0008726646259971648],""R_rad2"":[[3.73156339238718e-05,-1.1727770661788283e-05],[-1.1727770661788283e-05,9.214676948547937e-05]]},{""station_id"":""station_1"",""mu_rad"":[-0.0008377580409572782,0.0006981317007977319],""R_rad2"":[[4.633230954955836e-05,1.5444103183186123e-05],[1.5444103183186123e-05,8.236855031032602e-05]]},{""station_id"":""station_2"",""mu_rad"":[0.0005585053606381855,0.0004363323129985824],""R_rad2"":[[5.6323760918562415e-05,6.418289034905951e-06],[6.418289034905951e-06,7.313864249078874e-05]]}]","[{""station_id"":""station_0"",""mu_cal_rad"":[0.0014707863593766309,-0.001067169686552394],""R_cal_rad2"":[[3.717693867077774e-05,-9.669637090492934e-06],[-9.669637090492934e-06,7.91115053505583e-05]],""R_rank"":2,""R_condition"":2.317348229793602},{""station_id"":""station_1"",""mu_cal_rad"":[-0.0005748129847407475,0.0022704576889952493],""R_cal_rad2"":[[4.663596422002944e-05,1.5203362876112734e-05],[1.5203362876112734e-05,9.39471157049773e-05]],""R_rank"":2,""R_condition"":2.3335925297659514},{""station_id"":""station_2"",""mu_cal_rad"":[-0.0007011896052294903,-0.00041389897108626137],""R_cal_rad2"":[[5.4237482018859474e-05,-3.65215706738042e-07],[-3.65215706738042e-07,6.77506018999512e-05]],""R_rank"":2,""R_condition"":1.2495563517691732}]",calibration,False,none,0.0,0.0,False,,,256,1536,False,20260831,337055381,1243961589,337055381,0,independent_bearing_level_realizations,calibration,False,True,False,False,False,False,0.002911276953113884,1.0,0.0,0.29635358299537384,0.24394441017084512,0.5040148769297706,0.639018121136782,0.22000102245276876,0.3862128666032756,0.1985572871337949,0.39268380424684457,0.0008961610382848192,0.01811646616250421,-0.008849463523958503,"[[0.027247467593418336,0.011511338126422884,0.018437017009244442],[0.011511338126422884,0.021012488288686102,0.012636823857785626],[0.018437017009244442,0.012636823857785626,0.03950098398797341]]","[[0.029264463859012282,0.01327198771506974,0.01846519573123277],[0.01327198771506974,0.0216200083817434,0.012963577647362683],[0.01846519573123277,0.012963577647362683,0.040024470999002124]]",0.05268450954884632,0.9653719066849387,2.335376714345402,7.890077531349823,0.9453125,3,5.371264567300241,5.658775259160917,"[16.100894005110497,58.38967448355726,86.46217644655354]"
equilateral_near__ideal_two,equilateral_near,ideal_two,calibration,2,"[""station_0"", ""station_1""]",equilateral,aligned,20.0,"[16.383040885779835,11.471528727020921,15.0]",16.383040885779835,11.471528727020921,15.0,1.25,1.0,0.75,32.22489923748369,51.481686771202966,"[{""station_id"":""station_0"",""mu_rad"":[0.0013962634015954637,-0.0008726646259971648],""R_rad2"":[[3.73156339238718e-05,-1.1727770661788283e-05],[-1.1727770661788283e-05,9.214676948547937e-05]]},{""station_id"":""station_1"",""mu_rad"":[-0.0008377580409572782,0.0006981317007977319],""R_rad2"":[[4.633230954955836e-05,1.5444103183186123e-05],[1.5444103183186123e-05,8.236855031032602e-05]]}]","[{""station_id"":""station_0"",""mu_cal_rad"":[0.0014707863593766309,-0.001067169686552394],""R_cal_rad2"":[[3.717693867077774e-05,-9.669637090492934e-06],[-9.669637090492934e-06,7.91115053505583e-05]],""R_rank"":2,""R_condition"":2.317348229793602},{""station_id"":""station_1"",""mu_cal_rad"":[-0.0005748129847407475,0.0022704576889952493],""R_cal_rad2"":[[4.663596422002944e-05,1.5203362876112734e-05],[1.5203362876112734e-05,9.39471157049773e-05]],""R_rank"":2,""R_condition"":2.3335925297659514}]",calibration,False,none,0.0,0.0,False,,,128,512,False,20260831,1243961589,1243961589,337055381,0,independent_bearing_level_realizations,calibration,False,True,False,False,False,False,0.0022384968750088774,1.0,0.0,0.5521031783326951,0.4070866488466587,0.9320337726888459,1.2723398674118511,0.45227990882303226,0.8189692208897391,0.31663986419920875,0.5971316719638524,0.00410536677889306,0.00514426729827247,0.004104999908812759,"[[0.07454722442419566,0.08410035221086508,0.05786147837525245],[0.08410035221086508,0.13157691884766073,0.08365885294019863],[0.05786147837525245,0.08365885294019863,0.1010332750370691]]","[[0.06570729019141237,0.06954038996773934,0.04838297545684988],[0.06954038996773934,0.11517094289174358,0.0734274065580194],[0.04838297545684988,0.0734274065580194,0.09583038804023702]]",0.13222419276487943,1.1100392068086467,2.5106443845600968,8.224970484818856,0.9375,3,13.721002234987493,15.052413245544535,"[4.458729856289965,27.735466363083876,61.20037295293457]"
equilateral_near__ideal_two,equilateral_near,ideal_two,evaluation,2,"[""station_0"", ""station_1""]",equilateral,aligned,20.0,"[16.383040885779835,11.471528727020921,15.0]",16.383040885779835,11.471528727020921,15.0,1.25,1.0,0.75,32.22489923748369,51.481686771202966,"[{""station_id"":""station_0"",""mu_rad"":[0.0013962634015954637,-0.0008726646259971648],""R_rad2"":[[3.73156339238718e-05,-1.1727770661788283e-05],[-1.1727770661788283e-05,9.214676948547937e-05]]},{""station_id"":""station_1"",""mu_rad"":[-0.0008377580409572782,0.0006981317007977319],""R_rad2"":[[4.633230954955836e-05,1.5444103183186123e-05],[1.5444103183186123e-05,8.236855031032602e-05]]}]","[{""station_id"":""station_0"",""mu_cal_rad"":[0.0014707863593766309,-0.001067169686552394],""R_cal_rad2"":[[3.717693867077774e-05,-9.669637090492934e-06],[-9.669637090492934e-06,7.91115053505583e-05]],""R_rank"":2,""R_condition"":2.317348229793602},{""station_id"":""station_1"",""mu_cal_rad"":[-0.0005748129847407475,0.0022704576889952493],""R_cal_rad2"":[[4.663596422002944e-05,1.5203362876112734e-05],[1.5203362876112734e-05,9.39471157049773e-05]],""R_rank"":2,""R_condition"":2.3335925297659514}]",calibration,False,none,0.0,0.0,False,,,256,1024,False,20260831,337055381,1243961589,337055381,0,independent_bearing_level_realizations,calibration,False,True,False,False,False,False,0.002186475390629994,1.0,0.0,0.5111179107716656,0.3987550269608672,0.9098401458125462,1.1293762148058506,0.4123796490746815,0.7693770483479874,0.3019677859319349,0.5770171406734139,0.005272429454299989,0.01180137508063684,-0.03369395872856821,"[[0.06267242625143142,0.06400599316000695,0.043261799423024536],[0.06400599316000695,0.10788371267104747,0.06700487787404608],[0.043261799423024536,0.06700487787404608,0.09040239524224748]]","[[0.0655534283518366,0.06946264057750141,0.0481632710735307],[0.06946264057750141,0.1151775106035303,0.07321775438307136],[0.0481632710735307,0.07321775438307136,0.09540394727563394]]",0.07794696588647754,0.9450400770673406,2.3143607921686318,7.835847318186114,0.94921875,3,13.696562770645972,14.768268246617247,"[4.481026205648272,27.84874708942734,61.32978337692869]"
equilateral_near__one_station_failure,equilateral_near,one_station_failure,calibration,2,"[""station_0"", ""station_2""]",equilateral,aligned,20.0,"[16.383040885779835,11.471528727020921,15.0]",16.383040885779835,11.471528727020921,15.0,1.25,1.0,0.75,32.22489923748369,51.481686771202966,"[{""station_id"":""station_0"",""mu_rad"":[0.0013962634015954637,-0.0008726646259971648],""R_rad2"":[[3.73156339238718e-05,-1.1727770661788283e-05],[-1.1727770661788283e-05,9.214676948547937e-05]]},{""station_id"":""station_2"",""mu_rad"":[0.0005585053606381855,0.0004363323129985824],""R_rad2"":[[5.6323760918562415e-05,6.418289034905951e-06],[6.418289034905951e-06,7.313864249078874e-05]]}]","[{""station_id"":""station_0"",""mu_cal_rad"":[0.0014707863593766309,-0.001067169686552394],""R_cal_rad2"":[[3.717693867077774e-05,-9.669637090492934e-06],[-9.669637090492934e-06,7.91115053505583e-05]],""R_rank"":2,""R_condition"":2.317348229793602},{""station_id"":""station_2"",""mu_cal_rad"":[-0.0007011896052294903,-0.00041389897108626137],""R_cal_rad2"":[[5.4237482018859474e-05,-3.65215706738042e-07],[-3.65215706738042e-07,6.77506018999512e-05]],""R_rank"":2,""R_condition"":1.2495563517691732}]",calibration,False,none,0.0,0.0,False,,,128,512,False,20260831,1243961589,1243961589,337055381,0,independent_bearing_level_realizations,calibration,False,True,False,False,False,False,0.0022061242187874086,1.0,0.0,0.5877776960577566,0.44068519039908427,1.115244546111604,1.4064925790170404,0.4566365264754903,0.9048550834683057,0.37008877674331514,0.7006738823202255,0.006984159462380804,0.0018315219288621981,0.005726929960734206,"[[0.18408111018465645,0.03287041251878201,0.1391691178458664],[0.03287041251878201,0.02602512916589907,0.026224603296723648],[0.1391691178458664,0.026224603296723648,0.13801111679454559]]","[[0.1839536414620694,0.03488729661370411,0.14527705989128795],[0.03488729661370411,0.02555971760688398,0.027524181534404224],[0.14527705989128795,0.027524181534404224,0.15478052141213774]]",0.06191583731411004,0.9555948501944992,2.280837175334934,6.926219337958068,0.9765625,3,18.459158006910258,20.19880181096381,"[3.135075787663107,40.374939997202915,57.447253528213665]"
equilateral_near__one_station_failure,equilateral_near,one_station_failure,evaluation,2,"[""station_0"", ""station_2""]",equilateral,aligned,20.0,"[16.383040885779835,11.471528727020921,15.0]",16.383040885779835,11.471528727020921,15.0,1.25,1.0,0.75,32.22489923748369,51.481686771202966,"[{""station_id"":""station_0"",""mu_rad"":[0.0013962634015954637,-0.0008726646259971648],""R_rad2"":[[3.73156339238718e-05,-1.1727770661788283e-05],[-1.1727770661788283e-05,9.214676948547937e-05]]},{""station_id"":""station_2"",""mu_rad"":[0.0005585053606381855,0.0004363323129985824],""R_rad2"":[[5.6323760918562415e-05,6.418289034905951e-06],[6.418289034905951e-06,7.313864249078874e-05]]}]","[{""station_id"":""station_0"",""mu_cal_rad"":[0.0014707863593766309,-0.001067169686552394],""R_cal_rad2"":[[3.717693867077774e-05,-9.669637090492934e-06],[-9.669637090492934e-06,7.91115053505583e-05]],""R_rank"":2,""R_condition"":2.317348229793602},{""station_id"":""station_2"",""mu_cal_rad"":[-0.0007011896052294903,-0.00041389897108626137],""R_cal_rad2"":[[5.4237482018859474e-05,-3.65215706738042e-07],[-3.65215706738042e-07,6.77506018999512e-05]],""R_rank"":2,""R_condition"":1.2495563517691732}]",calibration,False,none,0.0,0.0,False,,,256,1024,False,20260831,337055381,1243961589,337055381,0,independent_bearing_level_realizations,calibration,False,True,False,False,False,False,0.0022006472656244114,1.0,0.0,0.59426894382874,0.42960480017241076,1.1074162057381285,1.375774976882864,0.44840487902046555,0.8533335200880786,0.38998543827938975,0.7486968128024536,0.029447321060281556,0.0170770232233967,0.03208962018379927,"[[0.1768160700784668,0.02999593931253259,0.1407377542965735],[0.02999593931253259,0.023876049603600017,0.025045321677034174],[0.1407377542965735,0.025045321677034174,0.1516512861830797]]","[[0.18479971740237291,0.035225748611123146,0.14602280834853362],[0.035225748611123146,0.025718024719558887,0.027817202554312293],[0.14602280834853362,0.027817202554312293,0.15555757455823332]]",0.046223739292983484,0.9624888371618455,2.531275861944822,7.392778134241231,0.95703125,3,18.474169492928254,20.40016411147206,"[3.1006572230963894,40.145170868269645,57.19867547210633]"
equilateral_near__position_calibration_mismatch,equilateral_near,position_calibration_mismatch,calibration,3,"[""station_0"", ""station_1"", ""station_2""]",equilateral,aligned,20.0,"[16.383040885779835,11.471528727020921,15.0]",16.383040885779835,11.471528727020921,15.0,1.25,1.0,0.75,32.22489923748369,51.481686771202966,"[{""station_id"":""station_0"",""mu_rad"":[0.0013962634015954637,-0.0008726646259971648],""R_rad2"":[[3.73156339238718e-05,-1.1727770661788283e-05],[-1.1727770661788283e-05,9.214676948547937e-05]]},{""station_id"":""station_1"",""mu_rad"":[-0.0008377580409572782,0.0006981317007977319],""R_rad2"":[[4.633230954955836e-05,1.5444103183186123e-05],[1.5444103183186123e-05,8.236855031032602e-05]]},{""station_id"":""station_2"",""mu_rad"":[0.0005585053606381855,0.0004363323129985824],""R_rad2"":[[5.6323760918562415e-05,6.418289034905951e-06],[6.418289034905951e-06,7.313864249078874e-05]]}]","[{""station_id"":""station_0"",""mu_cal_rad"":[0.0014707863593766309,-0.001067169686552394],""R_cal_rad2"":[[3.717693867077774e-05,-9.669637090492934e-06],[-9.669637090492934e-06,7.91115053505583e-05]],""R_rank"":2,""R_condition"":2.317348229793602},{""station_id"":""station_1"",""mu_cal_rad"":[-0.0005748129847407475,0.0022704576889952493],""R_cal_rad2"":[[4.663596422002944e-05,1.5203362876112734e-05],[1.5203362876112734e-05,9.39471157049773e-05]],""R_rank"":2,""R_condition"":2.3335925297659514},{""station_id"":""station_2"",""mu_cal_rad"":[-0.0007011896052294903,-0.00041389897108626137],""R_cal_rad2"":[[5.4237482018859474e-05,-3.65215706738042e-07],[-3.65215706738042e-07,6.77506018999512e-05]],""R_rank"":2,""R_condition"":1.2495563517691732}]",calibration,False,position,0.09433981132056604,0.0,False,,,128,768,False,20260831,1243961589,1243961589,337055381,0,independent_bearing_level_realizations,calibration,False,True,False,False,False,False,0.002899795312544029,1.0,0.0,0.29691207915478424,0.25678757351261816,0.48857170671888833,0.6147942602641463,0.22733095307318327,0.36990422574738857,0.190990629411118,0.35906559535147486,-0.0476030400482234,-0.0003522342279585894,-0.03752743203261116,"[[0.02690556735418151,0.013605962561416884,0.019140283501972395],[0.013605962561416884,0.02289670160645119,0.014154692759075462],[0.019140283501972395,0.014154692759075462,0.035345247110947026]]","[[0.02908411727221269,0.013114877482834153,0.018364360850775894],[0.013114877482834153,0.0213594874351533,0.01278952389716267],[0.018364360850775894,0.01278952389716267,0.039715373571916714]]",0.08889902326207272,0.9444152728508176,2.1255369995246793,6.295395626655231,0.984375,3,5.364259473539846,5.66305318581163,"[16.21534162049323,58.927839207739424,86.94386370926767]"
equilateral_near__position_calibration_mismatch,equilateral_near,position_calibration_mismatch,evaluation,3,"[""station_0"", ""station_1"", ""station_2""]",equilateral,aligned,20.0,"[16.383040885779835,11.471528727020921,15.0]",16.383040885779835,11.471528727020921,15.0,1.25,1.0,0.75,32.22489923748369,51.481686771202966,"[{""station_id"":""station_0"",""mu_rad"":[0.0013962634015954637,-0.0008726646259971648],""R_rad2"":[[3.73156339238718e-05,-1.1727770661788283e-05],[-1.1727770661788283e-05,9.214676948547937e-05]]},{""station_id"":""station_1"",""mu_rad"":[-0.0008377580409572782,0.0006981317007977319],""R_rad2"":[[4.633230954955836e-05,1.5444103183186123e-05],[1.5444103183186123e-05,8.236855031032602e-05]]},{""station_id"":""station_2"",""mu_rad"":[0.0005585053606381855,0.0004363323129985824],""R_rad2"":[[5.6323760918562415e-05,6.418289034905951e-06],[6.418289034905951e-06,7.313864249078874e-05]]}]","[{""station_id"":""station_0"",""mu_cal_rad"":[0.0014707863593766309,-0.001067169686552394],""R_cal_rad2"":[[3.717693867077774e-05,-9.669637090492934e-06],[-9.669637090492934e-06,7.91115053505583e-05]],""R_rank"":2,""R_condition"":2.317348229793602},{""station_id"":""station_1"",""mu_cal_rad"":[-0.0005748129847407475,0.0022704576889952493],""R_cal_rad2"":[[4.663596422002944e-05,1.5203362876112734e-05],[1.5203362876112734e-05,9.39471157049773e-05]],""R_rank"":2,""R_condition"":2.3335925297659514},{""station_id"":""station_2"",""mu_cal_rad"":[-0.0007011896052294903,-0.00041389897108626137],""R_cal_rad2"":[[5.4237482018859474e-05,-3.65215706738042e-07],[-3.65215706738042e-07,6.77506018999512e-05]],""R_rank"":2,""R_condition"":1.2495563517691732}]",calibration,False,position,0.09433981132056604,0.0,False,,,256,1536,False,20260831,337055381,1243961589,337055381,0,independent_bearing_level_realizations,calibration,False,True,False,False,False,False,0.0028811550781142614,1.0,0.0,0.302489960072213,0.2569014855004622,0.5259038653242663,0.6872026089550036,0.22409906211849223,0.38126743712365163,0.20317427568986482,0.4019960929469226,-0.04785299427283243,0.016839480959730875,-0.04758750031143759,"[[0.027059147605362148,0.0113780359876323,0.01831704154127017],[0.0113780359876323,0.02077461549426476,0.012467320080391442],[0.01831704154127017,0.012467320080391442,0.03916821696372464]]","[[0.029059004525877813,0.013140810752330897,0.018340451944245165],[0.013140810752330897,0.02140628741850792,0.012809458651344906],[0.018340451944245165,0.012809458651344906,0.03967694758393422]]",0.05310353146538797,0.965163285476374,2.3274271011413585,7.892793349955179,0.9453125,3,5.3659365541896324,5.654170839481573,"[16.24293761644996,58.88837212127561,87.11490174527358]"
equilateral_near__orientation_calibration_mismatch,equilateral_near,orientation_calibration_mismatch,calibration,3,"[""station_0"", ""station_1"", ""station_2""]",equilateral,aligned,20.0,"[16.383040885779835,11.471528727020921,15.0]",16.383040885779835,11.471528727020921,15.0,1.25,1.0,0.75,32.22489923748369,51.481686771202966,"[{""station_id"":""station_0"",""mu_rad"":[0.0013962634015954637,-0.0008726646259971648],""R_rad2"":[[3.73156339238718e-05,-1.1727770661788283e-05],[-1.1727770661788283e-05,9.214676948547937e-05]]},{""station_id"":""station_1"",""mu_rad"":[-0.0008377580409572782,0.0006981317007977319],""R_rad2"":[[4.633230954955836e-05,1.5444103183186123e-05],[1.5444103183186123e-05,8.236855031032602e-05]]},{""station_id"":""station_2"",""mu_rad"":[0.0005585053606381855,0.0004363323129985824],""R_rad2"":[[5.6323760918562415e-05,6.418289034905951e-06],[6.418289034905951e-06,7.313864249078874e-05]]}]","[{""station_id"":""station_0"",""mu_cal_rad"":[0.0014707863593766309,-0.001067169686552394],""R_cal_rad2"":[[3.717693867077774e-05,-9.669637090492934e-06],[-9.669637090492934e-06,7.91115053505583e-05]],""R_rank"":2,""R_condition"":2.317348229793602},{""station_id"":""station_1"",""mu_cal_rad"":[-0.0005748129847407475,0.0022704576889952493],""R_cal_rad2"":[[4.663596422002944e-05,1.5203362876112734e-05],[1.5203362876112734e-05,9.39471157049773e-05]],""R_rank"":2,""R_condition"":2.3335925297659514},{""station_id"":""station_2"",""mu_cal_rad"":[-0.0007011896052294903,-0.00041389897108626137],""R_cal_rad2"":[[5.4237482018859474e-05,-3.65215706738042e-07],[-3.65215706738042e-07,6.77506018999512e-05]],""R_rank"":2,""R_condition"":1.2495563517691732}]",calibration,False,orientation,0.0,0.2569046515733026,False,,,128,768,False,20260831,1243961589,1243961589,337055381,0,independent_bearing_level_realizations,calibration,False,True,False,False,False,False,0.0028640054687230077,1.0,0.0,0.2949303580159937,0.2573337273356294,0.4817446777220583,0.5919905110660962,0.2263389259567324,0.3784469921989141,0.189088885649567,0.34253882341407305,0.004001675327052617,-0.0391661463666827,-0.020106476578804003,"[[0.027003132184250118,0.013714213092847684,0.019225568993402196],[0.013714213092847684,0.023067352453590654,0.014314810353913356],[0.019225568993402196,0.014314810353913356,0.03562868538031476]]","[[0.029034388036703454,0.013120173688849424,0.018317855890209303],[0.013120173688849424,0.021472124201864395,0.012832763192421095],[0.018317855890209303,0.012832763192421095,0.03987870278610906]]",0.0880994577913833,0.9481547396303476,2.1229566546058027,6.283568491077813,0.984375,3,5.347142546867579,5.646693262261462,"[16.198544201842118,58.58388500292503,86.57280309174676]"
equilateral_near__orientation_calibration_mismatch,equilateral_near,orientation_calibration_mismatch,evaluation,3,"[""station_0"", ""station_1"", ""station_2""]",equilateral,aligned,20.0,"[16.383040885779835,11.471528727020921,15.0]",16.383040885779835,11.471528727020921,15.0,1.25,1.0,0.75,32.22489923748369,51.481686771202966,"[{""station_id"":""station_0"",""mu_rad"":[0.0013962634015954637,-0.0008726646259971648],""R_rad2"":[[3.73156339238718e-05,-1.1727770661788283e-05],[-1.1727770661788283e-05,9.214676948547937e-05]]},{""station_id"":""station_1"",""mu_rad"":[-0.0008377580409572782,0.0006981317007977319],""R_rad2"":[[4.633230954955836e-05,1.5444103183186123e-05],[1.5444103183186123e-05,8.236855031032602e-05]]},{""station_id"":""station_2"",""mu_rad"":[0.0005585053606381855,0.0004363323129985824],""R_rad2"":[[5.6323760918562415e-05,6.418289034905951e-06],[6.418289034905951e-06,7.313864249078874e-05]]}]","[{""station_id"":""station_0"",""mu_cal_rad"":[0.0014707863593766309,-0.001067169686552394],""R_cal_rad2"":[[3.717693867077774e-05,-9.669637090492934e-06],[-9.669637090492934e-06,7.91115053505583e-05]],""R_rank"":2,""R_condition"":2.317348229793602},{""station_id"":""station_1"",""mu_cal_rad"":[-0.0005748129847407475,0.0022704576889952493],""R_cal_rad2"":[[4.663596422002944e-05,1.5203362876112734e-05],[1.5203362876112734e-05,9.39471157049773e-05]],""R_rank"":2,""R_condition"":2.3335925297659514},{""station_id"":""station_2"",""mu_cal_rad"":[-0.0007011896052294903,-0.00041389897108626137],""R_cal_rad2"":[[5.4237482018859474e-05,-3.65215706738042e-07],[-3.65215706738042e-07,6.77506018999512e-05]],""R_rank"":2,""R_condition"":1.2495563517691732}]",calibration,False,orientation,0.0,0.2569046515733026,False,,,256,1536,False,20260831,337055381,1243961589,337055381,0,independent_bearing_level_realizations,calibration,False,True,False,False,False,False,0.002892646874983029,1.0,0.0,0.29755083632228346,0.24726125449707076,0.5163127090390826,0.6730603100485594,0.21988460716100194,0.3710921556608193,0.20046760269365768,0.391923055947212,0.00380003943855009,-0.021937584375474155,-0.030245652821713147,"[[0.02711485458451743,0.01144713584384382,0.01834429464049621],[0.01144713584384382,0.020926348925074476,0.012593615382576522],[0.01834429464049621,0.012593615382576522,0.03942646986303305]]","[[0.029009397723713467,0.013146023088266066,0.018294107638293266],[0.013146023088266066,0.021519074866773635,0.012852641854161307],[0.018294107638293266,0.012852641854161307,0.03984024820270934]]",0.05018512046307841,0.967897659775329,2.346217644215865,7.886810275924005,0.9453125,3,5.3492548620504135,5.636153434304414,"[16.217098404702387,58.548574223585035,86.74465038937234]"
equilateral_near__bearing_covariance_mismatch,equilateral_near,bearing_covariance_mismatch,calibration,3,"[""station_0"", ""station_1"", ""station_2""]",equilateral,aligned,20.0,"[16.383040885779835,11.471528727020921,15.0]",16.383040885779835,11.471528727020921,15.0,1.25,1.0,0.75,32.22489923748369,51.481686771202966,"[{""station_id"":""station_0"",""mu_rad"":[0.0013962634015954637,-0.0008726646259971648],""R_rad2"":[[3.73156339238718e-05,-1.1727770661788283e-05],[-1.1727770661788283e-05,9.214676948547937e-05]]},{""station_id"":""station_1"",""mu_rad"":[-0.0008377580409572782,0.0006981317007977319],""R_rad2"":[[4.633230954955836e-05,1.5444103183186123e-05],[1.5444103183186123e-05,8.236855031032602e-05]]},{""station_id"":""station_2"",""mu_rad"":[0.0005585053606381855,0.0004363323129985824],""R_rad2"":[[5.6323760918562415e-05,6.418289034905951e-06],[6.418289034905951e-06,7.313864249078874e-05]]}]","[{""station_id"":""station_0"",""mu_cal_rad"":[0.0014707863593766309,-0.001067169686552394],""R_cal_rad2"":[[3.717693867077774e-05,-9.669637090492934e-06],[-9.669637090492934e-06,7.91115053505583e-05]],""R_rank"":2,""R_condition"":2.317348229793602},{""station_id"":""station_1"",""mu_cal_rad"":[-0.0005748129847407475,0.0022704576889952493],""R_cal_rad2"":[[4.663596422002944e-05,1.5203362876112734e-05],[1.5203362876112734e-05,9.39471157049773e-05]],""R_rank"":2,""R_condition"":2.3335925297659514},{""station_id"":""station_2"",""mu_cal_rad"":[-0.0007011896052294903,-0.00041389897108626137],""R_cal_rad2"":[[5.4237482018859474e-05,-3.65215706738042e-07],[-3.65215706738042e-07,6.77506018999512e-05]],""R_rank"":2,""R_condition"":1.2495563517691732}]",calibration,False,none,0.0,0.0,True,,,128,768,False,20260831,1243961589,1243961589,337055381,0,independent_bearing_level_realizations,calibration,False,True,False,False,False,False,0.0028503968750328568,1.0,0.0,0.30361840236325927,0.2550709087278676,0.524283556105016,0.6522459103253396,0.22719237783061585,0.38393260667682005,0.2014143930042952,0.3891782065566608,0.001001181628823039,0.0009111438031234459,0.001254925381578162,"[[0.028440914310180497,0.013570462125224142,0.021179569107557826],[0.013570462125224142,0.023580043418722028,0.01506931815567605],[0.021179569107557826,0.01506931815567605,0.040885601634343655]]","[[0.009257193489369726,0.0038202946932666014,0.0037167853971558423],[0.0038202946932666014,0.00669129675221696,0.0028779739022415556],[0.0037167853971558423,0.0028779739022415556,0.08946651014048353]]",0.9296638142218305,0.8813409763934169,4.361090932035074,17.340754391129412,0.6484375,3,22.793621381577708,23.492961227798798,"[11.136530411660814,85.24207628914806,253.36683496545746]"
equilateral_near__bearing_covariance_mismatch,equilateral_near,bearing_covariance_mismatch,evaluation,3,"[""station_0"", ""station_1"", ""station_2""]",equilateral,aligned,20.0,"[16.383040885779835,11.471528727020921,15.0]",16.383040885779835,11.471528727020921,15.0,1.25,1.0,0.75,32.22489923748369,51.481686771202966,"[{""station_id"":""station_0"",""mu_rad"":[0.0013962634015954637,-0.0008726646259971648],""R_rad2"":[[3.73156339238718e-05,-1.1727770661788283e-05],[-1.1727770661788283e-05,9.214676948547937e-05]]},{""station_id"":""station_1"",""mu_rad"":[-0.0008377580409572782,0.0006981317007977319],""R_rad2"":[[4.633230954955836e-05,1.5444103183186123e-05],[1.5444103183186123e-05,8.236855031032602e-05]]},{""station_id"":""station_2"",""mu_rad"":[0.0005585053606381855,0.0004363323129985824],""R_rad2"":[[5.6323760918562415e-05,6.418289034905951e-06],[6.418289034905951e-06,7.313864249078874e-05]]}]","[{""station_id"":""station_0"",""mu_cal_rad"":[0.0014707863593766309,-0.001067169686552394],""R_cal_rad2"":[[3.717693867077774e-05,-9.669637090492934e-06],[-9.669637090492934e-06,7.91115053505583e-05]],""R_rank"":2,""R_condition"":2.317348229793602},{""station_id"":""station_1"",""mu_cal_rad"":[-0.0005748129847407475,0.0022704576889952493],""R_cal_rad2"":[[4.663596422002944e-05,1.5203362876112734e-05],[1.5203362876112734e-05,9.39471157049773e-05]],""R_rank"":2,""R_condition"":2.3335925297659514},{""station_id"":""station_2"",""mu_cal_rad"":[-0.0007011896052294903,-0.00041389897108626137],""R_cal_rad2"":[[5.4237482018859474e-05,-3.65215706738042e-07],[-3.65215706738042e-07,6.77506018999512e-05]],""R_rank"":2,""R_condition"":1.2495563517691732}]",calibration,False,none,0.0,0.0,True,,,256,1536,False,20260831,337055381,1243961589,337055381,0,independent_bearing_level_realizations,calibration,False,True,False,False,False,False,0.002843342578131569,1.0,0.0,0.30695059983931045,0.26345373441118713,0.530625012923386,0.6657049164440256,0.2283172416974946,0.38597027630298797,0.20515825083422876,0.40756639268318295,0.00816999074547492,0.01470490111416816,-0.008969163468819277,"[[0.030815919610598652,0.010945038632294514,0.020272689767926153],[0.010945038632294514,0.021233177164472528,0.012216254234785904],[0.020272689767926153,0.012216254234785904,0.04217420498023395]]","[[0.009256453598562085,0.003833269713198319,0.0037124714115341433],[0.003833269713198319,0.006708987119735561,0.0028840627046303777],[0.0037124714115341433,0.0028840627046303777,0.08939960247611674]]",0.9064755740579304,0.8942558072267757,5.0840602115568885,20.353781837712614,0.65234375,3,22.76458174633943,23.461278825346096,"[11.135446744757804,85.25183223846409,253.72790787338124]"
equilateral_near__one_erroneous_bearing,equilateral_near,one_erroneous_bearing,calibration,3,"[""station_0"", ""station_1"", ""station_2""]",equilateral,aligned,20.0,"[16.383040885779835,11.471528727020921,15.0]",16.383040885779835,11.471528727020921,15.0,1.25,1.0,0.75,32.22489923748369,51.481686771202966,"[{""station_id"":""station_0"",""mu_rad"":[0.0013962634015954637,-0.0008726646259971648],""R_rad2"":[[3.73156339238718e-05,-1.1727770661788283e-05],[-1.1727770661788283e-05,9.214676948547937e-05]]},{""station_id"":""station_1"",""mu_rad"":[-0.0008377580409572782,0.0006981317007977319],""R_rad2"":[[4.633230954955836e-05,1.5444103183186123e-05],[1.5444103183186123e-05,8.236855031032602e-05]]},{""station_id"":""station_2"",""mu_rad"":[0.0005585053606381855,0.0004363323129985824],""R_rad2"":[[5.6323760918562415e-05,6.418289034905951e-06],[6.418289034905951e-06,7.313864249078874e-05]]}]","[{""station_id"":""station_0"",""mu_cal_rad"":[0.0014707863593766309,-0.001067169686552394],""R_cal_rad2"":[[3.717693867077774e-05,-9.669637090492934e-06],[-9.669637090492934e-06,7.91115053505583e-05]],""R_rank"":2,""R_condition"":2.317348229793602},{""station_id"":""station_1"",""mu_cal_rad"":[-0.0005748129847407475,0.0022704576889952493],""R_cal_rad2"":[[4.663596422002944e-05,1.5203362876112734e-05],[1.5203362876112734e-05,9.39471157049773e-05]],""R_rank"":2,""R_condition"":2.3335925297659514},{""station_id"":""station_2"",""mu_cal_rad"":[-0.0007011896052294903,-0.00041389897108626137],""R_cal_rad2"":[[5.4237482018859474e-05,-3.65215706738042e-07],[-3.65215706738042e-07,6.77506018999512e-05]],""R_rank"":2,""R_condition"":1.2495563517691732}]",calibration,False,none,0.0,0.0,False,station_2,"[5.0,-2.0]",128,768,False,20260831,1243961589,1243961589,337055381,0,independent_bearing_level_realizations,calibration,False,True,False,False,False,False,0.002841396874998736,1.0,0.0,0.29213603241280306,0.24713712748591865,0.5037898591883957,0.5827166208624964,0.22341925288675352,0.37549748120448617,0.18822140917924085,0.3214790555088275,0.001152269475147294,0.0009016504218614524,0.00133400456324137,"[[0.027134047857588935,0.013788696564774649,0.019321590467570482],[0.013788696564774649,0.023172997798648953,0.014370032820792819],[0.019321590467570482,0.014370032820792819,0.03570446040213614]]","[[0.02929007908853104,0.013246118073671279,0.018489618982760126],[0.013246118073671279,0.021572872661149288,0.0129438002377147],[0.018489618982760126,0.0129438002377147,0.04006373836233411]]",0.08882518216470521,0.9459434402859569,2.1273334216678865,6.2921266800624585,0.984375,3,5.3691865569208534,5.669197787415728,"[16.076450134543325,58.42183235004744,86.28577279126787]"
equilateral_near__one_erroneous_bearing,equilateral_near,one_erroneous_bearing,evaluation,3,"[""station_0"", ""station_1"", ""station_2""]",equilateral,aligned,20.0,"[16.383040885779835,11.471528727020921,15.0]",16.383040885779835,11.471528727020921,15.0,1.25,1.0,0.75,32.22489923748369,51.481686771202966,"[{""station_id"":""station_0"",""mu_rad"":[0.0013962634015954637,-0.0008726646259971648],""R_rad2"":[[3.73156339238718e-05,-1.1727770661788283e-05],[-1.1727770661788283e-05,9.214676948547937e-05]]},{""station_id"":""station_1"",""mu_rad"":[-0.0008377580409572782,0.0006981317007977319],""R_rad2"":[[4.633230954955836e-05,1.5444103183186123e-05],[1.5444103183186123e-05,8.236855031032602e-05]]},{""station_id"":""station_2"",""mu_rad"":[0.0005585053606381855,0.0004363323129985824],""R_rad2"":[[5.6323760918562415e-05,6.418289034905951e-06],[6.418289034905951e-06,7.313864249078874e-05]]}]","[{""station_id"":""station_0"",""mu_cal_rad"":[0.0014707863593766309,-0.001067169686552394],""R_cal_rad2"":[[3.717693867077774e-05,-9.669637090492934e-06],[-9.669637090492934e-06,7.91115053505583e-05]],""R_rank"":2,""R_condition"":2.317348229793602},{""station_id"":""station_1"",""mu_cal_rad"":[-0.0005748129847407475,0.0022704576889952493],""R_cal_rad2"":[[4.663596422002944e-05,1.5203362876112734e-05],[1.5203362876112734e-05,9.39471157049773e-05]],""R_rank"":2,""R_condition"":2.3335925297659514},{""station_id"":""station_2"",""mu_cal_rad"":[-0.0007011896052294903,-0.00041389897108626137],""R_cal_rad2"":[[5.4237482018859474e-05,-3.65215706738042e-07],[-3.65215706738042e-07,6.77506018999512e-05]],""R_rank"":2,""R_condition"":1.2495563517691732}]",calibration,False,none,0.0,0.0,False,station_2,"[5.0,-2.0]",256,1536,False,20260831,337055381,1243961589,337055381,0,independent_bearing_level_realizations,calibration,False,True,False,False,False,False,0.0031943277343486898,1.0,0.0,2.1460363261084647,2.127296603346399,2.528179479491474,2.620199054577148,2.058327887087128,2.398355630102918,0.6072546601027913,0.9315291684513931,1.1823907124327029,1.6662004542275093,0.5666463424860633,"[[0.035879028696606564,0.017059390175382418,0.025323451044284948],[0.017059390175382418,0.026807781902792593,0.017689390636227723],[0.025323451044284948,0.017689390636227723,0.04785708650789469]]","[[0.039541138502386775,0.01946532205416661,0.025577050118054702],[0.01946532205416661,0.027262877700835214,0.017980010465609552],[0.025577050118054702,0.017980010465609552,0.04789743888718957]]",0.06129046457336339,0.9637532237072268,113.12366147519899,146.83201394386975,0.0,3,6.342881395374734,6.699589576732936,"[12.177183475819042,51.342668237196946,77.25284016703318]"
equilateral_mid__ideal_three,equilateral_mid,ideal_three,calibration,3,"[""station_0"", ""station_1"", ""station_2""]",equilateral,aligned,20.0,"[49.14912265733951,34.41458618106276,20.0]",49.14912265733951,34.41458618106276,20.0,3.162277660168379,3.0,1.0,9.932267300320632,19.550231351684154,"[{""station_id"":""station_0"",""mu_rad"":[0.0013962634015954637,-0.0008726646259971648],""R_rad2"":[[3.73156339238718e-05,-1.1727770661788283e-05],[-1.1727770661788283e-05,9.214676948547937e-05]]},{""station_id"":""station_1"",""mu_rad"":[-0.0008377580409572782,0.0006981317007977319],""R_rad2"":[[4.633230954955836e-05,1.5444103183186123e-05],[1.5444103183186123e-05,8.236855031032602e-05]]},{""station_id"":""station_2"",""mu_rad"":[0.0005585053606381855,0.0004363323129985824],""R_rad2"":[[5.6323760918562415e-05,6.418289034905951e-06],[6.418289034905951e-06,7.313864249078874e-05]]}]","[{""station_id"":""station_0"",""mu_cal_rad"":[0.0012514413038031895,0.00019694831017321338],""R_cal_rad2"":[[4.070699217608994e-05,-5.9238060711848815e-06],[-5.9238060711848815e-06,8.88052632038545e-05]],""R_rank"":2,""R_condition"":2.238765343195152},{""station_id"":""station_1"",""mu_cal_rad"":[-0.0007328043039026037,0.00112917961329176],""R_cal_rad2"":[[5.2209476422191575e-05,1.1619699578414992e-05],[1.1619699578414992e-05,9.445320972656072e-05]],""R_rank"":2,""R_condition"":1.9794787697483152},{""station_id"":""station_2"",""mu_cal_rad"":[0.0006990088171012094,0.0012509443473602076],""R_cal_rad2"":[[5.499792793947646e-05,1.4609694998223555e-05],[1.4609694998223555e-05,9.058839425650996e-05]],""R_rank"":2,""R_condition"":1.925242993710832}]",calibration,False,none,0.0,0.0,False,,,128,768,False,20260831,3944497683,3944497683,1365328682,0,independent_bearing_level_realizations,calibration,False,True,False,False,False,False,0.002913965624998127,1.0,0.0,1.7870984683297018,1.143902153898381,3.327469747877345,4.510310224039538,1.650370423437476,3.118085446219968,0.6855642938114352,1.290391006499308,0.03719751923019998,0.025945568186611867,0.016479935239778448,"[[1.82909925618906,1.2264686195112096,0.7630111656766649],[1.2264686195112096,0.913996889057466,0.5368120755521759],[0.7630111656766649,0.5368120755521759,0.4734254490040084]]","[[1.8065135851922796,1.2107009813543157,0.7351534195464109],[1.2107009813543157,0.9082158834789408,0.5236906860679074],[0.7351534195464109,0.5236906860679074,0.439803634372215]]",0.021079455212462163,1.0196506072950364,2.522664887804963,8.084430975208315,0.9453125,3,45.812519167792004,55.84904770456063,"[0.3406883782542851,8.39919120503765,15.60935561155145]"
equilateral_mid__ideal_three,equilateral_mid,ideal_three,evaluation,3,"[""station_0"", ""station_1"", ""station_2""]",equilateral,aligned,20.0,"[49.14912265733951,34.41458618106276,20.0]",49.14912265733951,34.41458618106276,20.0,3.162277660168379,3.0,1.0,9.932267300320632,19.550231351684154,"[{""station_id"":""station_0"",""mu_rad"":[0.0013962634015954637,-0.0008726646259971648],""R_rad2"":[[3.73156339238718e-05,-1.1727770661788283e-05],[-1.1727770661788283e-05,9.214676948547937e-05]]},{""station_id"":""station_1"",""mu_rad"":[-0.0008377580409572782,0.0006981317007977319],""R_rad2"":[[4.633230954955836e-05,1.5444103183186123e-05],[1.5444103183186123e-05,8.236855031032602e-05]]},{""station_id"":""station_2"",""mu_rad"":[0.0005585053606381855,0.0004363323129985824],""R_rad2"":[[5.6323760918562415e-05,6.418289034905951e-06],[6.418289034905951e-06,7.313864249078874e-05]]}]","[{""station_id"":""station_0"",""mu_cal_rad"":[0.0012514413038031895,0.00019694831017321338],""R_cal_rad2"":[[4.070699217608994e-05,-5.9238060711848815e-06],[-5.9238060711848815e-06,8.88052632038545e-05]],""R_rank"":2,""R_condition"":2.238765343195152},{""station_id"":""station_1"",""mu_cal_rad"":[-0.0007328043039026037,0.00112917961329176],""R_cal_rad2"":[[5.2209476422191575e-05,1.1619699578414992e-05],[1.1619699578414992e-05,9.445320972656072e-05]],""R_rank"":2,""R_condition"":1.9794787697483152},{""station_id"":""station_2"",""mu_cal_rad"":[0.0006990088171012094,0.0012509443473602076],""R_cal_rad2"":[[5.499792793947646e-05,1.4609694998223555e-05],[1.4609694998223555e-05,9.058839425650996e-05]],""R_rank"":2,""R_condition"":1.925242993710832}]",calibration,False,none,0.0,0.0,False,,,256,1536,False,20260831,1365328682,3944497683,1365328682,0,independent_bearing_level_realizations,calibration,False,True,False,False,False,False,0.0029275335937484215,1.0,0.0,1.8222560741026028,1.3849840159167897,3.4464831679034704,4.256056481235603,1.7063125297187678,3.2514315595629375,0.6396207865044491,1.1947113352842234,-0.06105119521570082,-0.071531756038375,-0.04696365083242786,"[[1.9340419594604192,1.3105712990383498,0.7557357191920786],[1.3105712990383498,0.979999423206684,0.5420193531642924],[0.7557357191920786,0.5420193531642924,0.4085048882487816]]","[[1.7903292961651753,1.1985684981992029,0.7275843692320706],[1.1985684981992029,0.8987197338851154,0.5179187999110841],[0.7275843692320706,0.5179187999110841,0.4355855365783454]]",0.07459645703528693,1.0633391521686928,2.2095726361085117,7.241681967468244,0.96484375,3,45.40884408166815,54.99488635750755,"[0.34697730825658174,8.477521388971152,15.745920528248593]"
equilateral_mid__ideal_two,equilateral_mid,ideal_two,calibration,2,"[""station_0"", ""station_1""]",equilateral,aligned,20.0,"[49.14912265733951,34.41458618106276,20.0]",49.14912265733951,34.41458618106276,20.0,3.162277660168379,3.0,1.0,9.932267300320632,19.550231351684154,"[{""station_id"":""station_0"",""mu_rad"":[0.0013962634015954637,-0.0008726646259971648],""R_rad2"":[[3.73156339238718e-05,-1.1727770661788283e-05],[-1.1727770661788283e-05,9.214676948547937e-05]]},{""station_id"":""station_1"",""mu_rad"":[-0.0008377580409572782,0.0006981317007977319],""R_rad2"":[[4.633230954955836e-05,1.5444103183186123e-05],[1.5444103183186123e-05,8.236855031032602e-05]]}]","[{""station_id"":""station_0"",""mu_cal_rad"":[0.0012514413038031895,0.00019694831017321338],""R_cal_rad2"":[[4.070699217608994e-05,-5.9238060711848815e-06],[-5.9238060711848815e-06,8.88052632038545e-05]],""R_rank"":2,""R_condition"":2.238765343195152},{""station_id"":""station_1"",""mu_cal_rad"":[-0.0007328043039026037,0.00112917961329176],""R_cal_rad2"":[[5.2209476422191575e-05,1.1619699578414992e-05],[1.1619699578414992e-05,9.445320972656072e-05]],""R_rank"":2,""R_condition"":1.9794787697483152}]",calibration,False,none,0.0,0.0,False,,,128,512,False,20260831,3944497683,3944497683,1365328682,0,independent_bearing_level_realizations,calibration,False,True,False,False,False,False,0.002231179687498752,1.0,0.0,3.2785774279669977,1.9639118160494817,6.844794839073954,8.52234641688984,3.0999475846427513,6.446531399555095,1.0674244346286377,2.2467523880551767,0.11098141998104688,0.09208747582748225,0.04502806552698191,"[[5.608866867828227,4.664475802478586,2.2518434800820906],[4.664475802478586,4.055514157680705,1.919324775762785],[2.2518434800820906,1.919324775762785,1.146323045752103]]","[[5.732476020422982,4.775755261319487,2.2580284735103224],[4.775755261319487,4.151415908168934,1.9260182413173996],[2.2580284735103224,1.9260182413173996,1.118940522660525]]",0.02133014701600959,0.9825382799526738,2.2021047385195907,8.624309302572007,0.9375,3,105.33900739832771,148.21115448010875,"[0.09425663866126235,4.975567617507394,9.916879412526425]"
equilateral_mid__ideal_two,equilateral_mid,ideal_two,evaluation,2,"[""station_0"", ""station_1""]",equilateral,aligned,20.0,"[49.14912265733951,34.41458618106276,20.0]",49.14912265733951,34.41458618106276,20.0,3.162277660168379,3.0,1.0,9.932267300320632,19.550231351684154,"[{""station_id"":""station_0"",""mu_rad"":[0.0013962634015954637,-0.0008726646259971648],""R_rad2"":[[3.73156339238718e-05,-1.1727770661788283e-05],[-1.1727770661788283e-05,9.214676948547937e-05]]},{""station_id"":""station_1"",""mu_rad"":[-0.0008377580409572782,0.0006981317007977319],""R_rad2"":[[4.633230954955836e-05,1.5444103183186123e-05],[1.5444103183186123e-05,8.236855031032602e-05]]}]","[{""station_id"":""station_0"",""mu_cal_rad"":[0.0012514413038031895,0.00019694831017321338],""R_cal_rad2"":[[4.070699217608994e-05,-5.9238060711848815e-06],[-5.9238060711848815e-06,8.88052632038545e-05]],""R_rank"":2,""R_condition"":2.238765343195152},{""station_id"":""station_1"",""mu_cal_rad"":[-0.0007328043039026037,0.00112917961329176],""R_cal_rad2"":[[5.2209476422191575e-05,1.1619699578414992e-05],[1.1619699578414992e-05,9.445320972656072e-05]],""R_rank"":2,""R_condition"":1.9794787697483152}]",calibration,False,none,0.0,0.0,False,,,256,1024,False,20260831,1365328682,3944497683,1365328682,0,independent_bearing_level_realizations,calibration,False,True,False,False,False,False,0.0022739886718738944,1.0,0.0,3.1532385924751796,2.445451011025642,5.841666922016275,7.211404086968731,2.9964193281123825,5.60166659914446,0.9820309726222435,1.8065222319670564,-0.034181129138655036,-0.041382093107420664,-0.00805773965227305,"[[5.264378681189199,4.343983969866119,2.0117897128385076],[4.343983969866119,3.7464679009385553,1.7037435379739891],[2.0117897128385076,1.7037435379739891,0.9681015507035207]]","[[5.6588774660801215,4.713815425462951,2.2292552106256815],[4.713815425462951,4.098153138589887,1.9015654525310917],[2.2292552106256815,1.9015654525310917,1.1061716947616789]]",0.08885741972091918,0.9186009666185935,2.3576470239848253,6.799012425872847,0.9609375,3,104.77518302118798,140.3403187118101,"[0.09575144981829103,5.037445308805294,10.037315153154104]"
equilateral_mid__one_station_failure,equilateral_mid,one_station_failure,calibration,2,"[""station_0"", ""station_2""]",equilateral,aligned,20.0,"[49.14912265733951,34.41458618106276,20.0]",49.14912265733951,34.41458618106276,20.0,3.162277660168379,3.0,1.0,9.932267300320632,19.550231351684154,"[{""station_id"":""station_0"",""mu_rad"":[0.0013962634015954637,-0.0008726646259971648],""R_rad2"":[[3.73156339238718e-05,-1.1727770661788283e-05],[-1.1727770661788283e-05,9.214676948547937e-05]]},{""station_id"":""station_2"",""mu_rad"":[0.0005585053606381855,0.0004363323129985824],""R_rad2"":[[5.6323760918562415e-05,6.418289034905951e-06],[6.418289034905951e-06,7.313864249078874e-05]]}]","[{""station_id"":""station_0"",""mu_cal_rad"":[0.0012514413038031895,0.00019694831017321338],""R_cal_rad2"":[[4.070699217608994e-05,-5.9238060711848815e-06],[-5.9238060711848815e-06,8.88052632038545e-05]],""R_rank"":2,""R_condition"":2.238765343195152},{""station_id"":""station_2"",""mu_cal_rad"":[0.0006990088171012094,0.0012509443473602076],""R_cal_rad2"":[[5.499792793947646e-05,1.4609694998223555e-05],[1.4609694998223555e-05,9.058839425650996e-05]],""R_rank"":2,""R_condition"":1.925242993710832}]",calibration,False,none,0.0,0.0,False,,,128,512,False,20260831,3944497683,3944497683,1365328682,0,independent_bearing_level_realizations,calibration,False,True,False,False,False,False,0.0023105593750187836,1.0,0.0,4.1992677752686545,3.0707386229931712,8.456096750896489,10.624958121339784,3.918509938975455,7.731417174304875,1.5096786765932457,3.2210432995608675,0.20754729730458488,0.11919001413581548,0.08797634364719506,"[[11.656448854300372,6.515680365040511,4.903711278319671],[6.515680365040511,3.761441415191329,2.7756632139893136],[4.903711278319671,2.7756632139893136,2.289274829121314]]","[[10.736942129423774,5.8693537461429885,4.287931606237209],[5.8693537461429885,3.3406777516619286,2.379041307005453],[4.287931606237209,2.379041307005453,1.9269596778035771]]",0.10041987563798851,1.1063811475621104,2.4060058051736375,8.402482528360615,0.9296875,3,152.42078344894526,203.54044402842155,"[0.06684033111670278,5.497539133325279,10.135095103701556]"
equilateral_mid__one_station_failure,equilateral_mid,one_station_failure,evaluation,2,"[""station_0"", ""station_2""]",equilateral,aligned,20.0,"[49.14912265733951,34.41458618106276,20.0]",49.14912265733951,34.41458618106276,20.0,3.162277660168379,3.0,1.0,9.932267300320632,19.550231351684154,"[{""station_id"":""station_0"",""mu_rad"":[0.0013962634015954637,-0.0008726646259971648],""R_rad2"":[[3.73156339238718e-05,-1.1727770661788283e-05],[-1.1727770661788283e-05,9.214676948547937e-05]]},{""station_id"":""station_2"",""mu_rad"":[0.0005585053606381855,0.0004363323129985824],""R_rad2"":[[5.6323760918562415e-05,6.418289034905951e-06],[6.418289034905951e-06,7.313864249078874e-05]]}]","[{""station_id"":""station_0"",""mu_cal_rad"":[0.0012514413038031895,0.00019694831017321338],""R_cal_rad2"":[[4.070699217608994e-05,-5.9238060711848815e-06],[-5.9238060711848815e-06,8.88052632038545e-05]],""R_rank"":2,""R_condition"":2.238765343195152},{""station_id"":""station_2"",""mu_cal_rad"":[0.0006990088171012094,0.0012509443473602076],""R_cal_rad2"":[[5.499792793947646e-05,1.4609694998223555e-05],[1.4609694998223555e-05,9.058839425650996e-05]],""R_rank"":2,""R_condition"":1.925242993710832}]",calibration,False,none,0.0,0.0,False,,,256,1024,False,20260831,1365328682,3944497683,1365328682,0,independent_bearing_level_realizations,calibration,False,True,False,False,False,False,0.0022684917968547325,1.0,0.0,4.140359638571895,2.679995302960416,8.33160479121543,13.039018237676105,3.884439063010295,7.821514874638877,1.4330774935344177,2.8704199198445233,0.23666027314985794,0.0851962218599055,0.06625653744724128,"[[11.47453015525506,6.319141190773085,4.638039228478821],[6.319141190773085,3.609994120832135,2.5752282327223837],[4.638039228478821,2.5752282327223837,2.057357727342825]]","[[10.732539858111746,5.8556485319442375,4.277634609237414],[5.8556485319442375,3.3269020582895634,2.368737279283126],[4.277634609237414,2.368737279283126,1.9191388931140738]]",0.07068860961588615,1.0728037870060325,2.293256971659898,7.78532038481366,0.94921875,3,151.39510257534155,224.374018550629,"[0.06783168221185709,5.571581671388639,10.260248498869917]"
equilateral_mid__position_calibration_mismatch,equilateral_mid,position_calibration_mismatch,calibration,3,"[""station_0"", ""station_1"", ""station_2""]",equilateral,aligned,20.0,"[49.14912265733951,34.41458618106276,20.0]",49.14912265733951,34.41458618106276,20.0,3.162277660168379,3.0,1.0,9.932267300320632,19.550231351684154,"[{""station_id"":""station_0"",""mu_rad"":[0.0013962634015954637,-0.0008726646259971648],""R_rad2"":[[3.73156339238718e-05,-1.1727770661788283e-05],[-1.1727770661788283e-05,9.214676948547937e-05]]},{""station_id"":""station_1"",""mu_rad"":[-0.0008377580409572782,0.0006981317007977319],""R_rad2"":[[4.633230954955836e-05,1.5444103183186123e-05],[1.5444103183186123e-05,8.236855031032602e-05]]},{""station_id"":""station_2"",""mu_rad"":[0.0005585053606381855,0.0004363323129985824],""R_rad2"":[[5.6323760918562415e-05,6.418289034905951e-06],[6.418289034905951e-06,7.313864249078874e-05]]}]","[{""station_id"":""station_0"",""mu_cal_rad"":[0.0012514413038031895,0.00019694831017321338],""R_cal_rad2"":[[4.070699217608994e-05,-5.9238060711848815e-06],[-5.9238060711848815e-06,8.88052632038545e-05]],""R_rank"":2,""R_condition"":2.238765343195152},{""station_id"":""station_1"",""mu_cal_rad"":[-0.0007328043039026037,0.00112917961329176],""R_cal_rad2"":[[5.2209476422191575e-05,1.1619699578414992e-05],[1.1619699578414992e-05,9.445320972656072e-05]],""R_rank"":2,""R_condition"":1.9794787697483152},{""station_id"":""station_2"",""mu_cal_rad"":[0.0006990088171012094,0.0012509443473602076],""R_cal_rad2"":[[5.499792793947646e-05,1.4609694998223555e-05],[1.4609694998223555e-05,9.058839425650996e-05]],""R_rank"":2,""R_condition"":1.925242993710832}]",calibration,False,position,0.09433981132056604,0.0,False,,,128,768,False,20260831,3944497683,3944497683,1365328682,0,independent_bearing_level_realizations,calibration,False,True,False,False,False,False,0.0029533781249710955,1.0,0.0,1.7892812124626616,1.188641219415536,3.3922502313543696,4.394491117123487,1.6531034597839491,3.065162308283702,0.6846723366123313,1.2927209133931663,-0.15468087106867046,-0.09706829814142015,-0.053480615763385114,"[[1.8148819215614167,1.2161784832921891,0.7570988476391672],[1.2161784832921891,0.9057758395684389,0.532309079345287],[0.7570988476391672,0.532309079345287,0.46958466243503233]]","[[1.790635175475702,1.1995637038672073,0.7286811757153927],[1.1995637038672073,0.8995648375344685,0.5188772784667717],[0.7286811757153927,0.5188772784667717,0.4359029517974241]]",0.021822843994714725,1.0205173852171057,2.5192995352280656,8.055864426497223,0.9453125,3,45.81921540319232,55.78428557201573,"[0.34343523869143383,8.476359965781928,15.74263862353519]"
equilateral_mid__position_calibration_mismatch,equilateral_mid,position_calibration_mismatch,evaluation,3,"[""station_0"", ""station_1"", ""station_2""]",equilateral,aligned,20.0,"[49.14912265733951,34.41458618106276,20.0]",49.14912265733951,34.41458618106276,20.0,3.162277660168379,3.0,1.0,9.932267300320632,19.550231351684154,"[{""station_id"":""station_0"",""mu_rad"":[0.0013962634015954637,-0.0008726646259971648],""R_rad2"":[[3.73156339238718e-05,-1.1727770661788283e-05],[-1.1727770661788283e-05,9.214676948547937e-05]]},{""station_id"":""station_1"",""mu_rad"":[-0.0008377580409572782,0.0006981317007977319],""R_rad2"":[[4.633230954955836e-05,1.5444103183186123e-05],[1.5444103183186123e-05,8.236855031032602e-05]]},{""station_id"":""station_2"",""mu_rad"":[0.0005585053606381855,0.0004363323129985824],""R_rad2"":[[5.6323760918562415e-05,6.418289034905951e-06],[6.418289034905951e-06,7.313864249078874e-05]]}]","[{""station_id"":""station_0"",""mu_cal_rad"":[0.0012514413038031895,0.00019694831017321338],""R_cal_rad2"":[[4.070699217608994e-05,-5.9238060711848815e-06],[-5.9238060711848815e-06,8.88052632038545e-05]],""R_rank"":2,""R_condition"":2.238765343195152},{""station_id"":""station_1"",""mu_cal_rad"":[-0.0007328043039026037,0.00112917961329176],""R_cal_rad2"":[[5.2209476422191575e-05,1.1619699578414992e-05],[1.1619699578414992e-05,9.445320972656072e-05]],""R_rank"":2,""R_condition"":1.9794787697483152},{""station_id"":""station_2"",""mu_cal_rad"":[0.0006990088171012094,0.0012509443473602076],""R_cal_rad2"":[[5.499792793947646e-05,1.4609694998223555e-05],[1.4609694998223555e-05,9.058839425650996e-05]],""R_rank"":2,""R_condition"":1.925242993710832}]",calibration,False,position,0.09433981132056604,0.0,False,,,256,1536,False,20260831,1365328682,3944497683,1365328682,0,independent_bearing_level_realizations,calibration,False,True,False,False,False,False,0.0029059292968725003,1.0,0.0,1.8427304977501648,1.3764364925504713,3.349997892903801,4.25868789894421,1.7258768218311098,3.186541488980317,0.6457591526294602,1.1631634861494096,-0.2524389215485614,-0.19403576400478098,-0.11664135971374477,"[[1.918174026236014,1.2987241913618408,0.7494265763962301],[1.2987241913618408,0.9703849244735276,0.5370381982498812],[0.7494265763962301,0.5370381982498812,0.4049816359241762]]","[[1.774589484516714,1.1875363073567708,0.7211755605536455],[1.1875363073567708,0.8901525363951527,0.5131547023009366],[0.7211755605536455,0.5131547023009366,0.43172037108315064]]",0.0748491332124355,1.0636462419657309,2.210697369283281,7.243370882159489,0.96875,3,45.38767185561952,54.99527200142686,"[0.35008514333185836,8.553249682864877,15.883503375137874]"
equilateral_mid__orientation_calibration_mismatch,equilateral_mid,orientation_calibration_mismatch,calibration,3,"[""station_0"", ""station_1"", ""station_2""]",equilateral,aligned,20.0,"[49.14912265733951,34.41458618106276,20.0]",49.14912265733951,34.41458618106276,20.0,3.162277660168379,3.0,1.0,9.932267300320632,19.550231351684154,"[{""station_id"":""station_0"",""mu_rad"":[0.0013962634015954637,-0.0008726646259971648],""R_rad2"":[[3.73156339238718e-05,-1.1727770661788283e-05],[-1.1727770661788283e-05,9.214676948547937e-05]]},{""station_id"":""station_1"",""mu_rad"":[-0.0008377580409572782,0.0006981317007977319],""R_rad2"":[[4.633230954955836e-05,1.5444103183186123e-05],[1.5444103183186123e-05,8.236855031032602e-05]]},{""station_id"":""station_2"",""mu_rad"":[0.0005585053606381855,0.0004363323129985824],""R_rad2"":[[5.6323760918562415e-05,6.418289034905951e-06],[6.418289034905951e-06,7.313864249078874e-05]]}]","[{""station_id"":""station_0"",""mu_cal_rad"":[0.0012514413038031895,0.00019694831017321338],""R_cal_rad2"":[[4.070699217608994e-05,-5.9238060711848815e-06],[-5.9238060711848815e-06,8.88052632038545e-05]],""R_rank"":2,""R_condition"":2.238765343195152},{""station_id"":""station_1"",""mu_cal_rad"":[-0.0007328043039026037,0.00112917961329176],""R_cal_rad2"":[[5.2209476422191575e-05,1.1619699578414992e-05],[1.1619699578414992e-05,9.445320972656072e-05]],""R_rank"":2,""R_condition"":1.9794787697483152},{""station_id"":""station_2"",""mu_cal_rad"":[0.0006990088171012094,0.0012509443473602076],""R_cal_rad2"":[[5.499792793947646e-05,1.4609694998223555e-05],[1.4609694998223555e-05,9.058839425650996e-05]],""R_rank"":2,""R_condition"":1.925242993710832}]",calibration,False,orientation,0.0,0.2569046515733026,False,,,128,768,False,20260831,3944497683,3944497683,1365328682,0,independent_bearing_level_realizations,calibration,False,True,False,False,False,False,0.0029046132812595715,1.0,0.0,1.7970156380735418,1.2674478124770858,3.404990069427977,4.42271041409114,1.6598857960351963,3.084053544683808,0.6885087854206816,1.2729696298675446,-0.20923155637431579,-0.23130099056205586,-0.11428560819689415,"[[1.7878018465863057,1.1964481811719365,0.7459936148466776],[1.1964481811719365,0.8910697008395477,0.5240578075779605],[0.7459936148466776,0.5240578075779605,0.4646129359224219]]","[[1.7607784014317913,1.176953133952364,0.7154029956500895],[1.176953133952364,0.8821713600249032,0.5086748154085484],[0.7154029956500895,0.5086748154085484,0.42960476035494116]]",0.02426271924064606,1.0230850131488696,2.519544672313528,8.104451347733397,0.9453125,3,45.140492310948844,54.95708034742819,"[0.35001626976820316,8.498175741874741,15.802034206984299]"
equilateral_mid__orientation_calibration_mismatch,equilateral_mid,orientation_calibration_mismatch,evaluation,3,"[""station_0"", ""station_1"", ""station_2""]",equilateral,aligned,20.0,"[49.14912265733951,34.41458618106276,20.0]",49.14912265733951,34.41458618106276,20.0,3.162277660168379,3.0,1.0,9.932267300320632,19.550231351684154,"[{""station_id"":""station_0"",""mu_rad"":[0.0013962634015954637,-0.0008726646259971648],""R_rad2"":[[3.73156339238718e-05,-1.1727770661788283e-05],[-1.1727770661788283e-05,9.214676948547937e-05]]},{""station_id"":""station_1"",""mu_rad"":[-0.0008377580409572782,0.0006981317007977319],""R_rad2"":[[4.633230954955836e-05,1.5444103183186123e-05],[1.5444103183186123e-05,8.236855031032602e-05]]},{""station_id"":""station_2"",""mu_rad"":[0.0005585053606381855,0.0004363323129985824],""R_rad2"":[[5.6323760918562415e-05,6.418289034905951e-06],[6.418289034905951e-06,7.313864249078874e-05]]}]","[{""station_id"":""station_0"",""mu_cal_rad"":[0.0012514413038031895,0.00019694831017321338],""R_cal_rad2"":[[4.070699217608994e-05,-5.9238060711848815e-06],[-5.9238060711848815e-06,8.88052632038545e-05]],""R_rank"":2,""R_condition"":2.238765343195152},{""station_id"":""station_1"",""mu_cal_rad"":[-0.0007328043039026037,0.00112917961329176],""R_cal_rad2"":[[5.2209476422191575e-05,1.1619699578414992e-05],[1.1619699578414992e-05,9.445320972656072e-05]],""R_rank"":2,""R_condition"":1.9794787697483152},{""station_id"":""station_2"",""mu_cal_rad"":[0.0006990088171012094,0.0012509443473602076],""R_cal_rad2"":[[5.499792793947646e-05,1.4609694998223555e-05],[1.4609694998223555e-05,9.058839425650996e-05]],""R_rank"":2,""R_condition"":1.925242993710832}]",calibration,False,orientation,0.0,0.2569046515733026,False,,,256,1536,False,20260831,1365328682,3944497683,1365328682,0,independent_bearing_level_realizations,calibration,False,True,False,False,False,False,0.002911909375001187,1.0,0.0,1.8618433725610024,1.3793531374712114,3.4205103550573575,4.371720355953493,1.7424536224131413,3.262802135757471,0.6559848456242334,1.1856543403647581,-0.30667695123501104,-0.32790585430670527,-0.17731346107642407,"[[1.890144719114741,1.2785471455195943,0.7384565362182102],[1.2785471455195943,0.9555428725936369,0.5290709229458074],[0.7384565362182102,0.5290709229458074,0.4004402740301794]]","[[1.7450437937999812,1.1651812485778652,0.7080486989529923],[1.1651812485778652,0.8729691277823363,0.5030764570779226],[0.7080486989529923,0.5030764570779226,0.4254989280827625]]",0.07746615549990876,1.0665730991307867,2.2077545096477844,7.244159306449875,0.96484375,3,44.74095537040078,54.123667334796544,"[0.35648093424823546,8.577219806406106,15.940904414493163]"
equilateral_mid__bearing_covariance_mismatch,equilateral_mid,bearing_covariance_mismatch,calibration,3,"[""station_0"", ""station_1"", ""station_2""]",equilateral,aligned,20.0,"[49.14912265733951,34.41458618106276,20.0]",49.14912265733951,34.41458618106276,20.0,3.162277660168379,3.0,1.0,9.932267300320632,19.550231351684154,"[{""station_id"":""station_0"",""mu_rad"":[0.0013962634015954637,-0.0008726646259971648],""R_rad2"":[[3.73156339238718e-05,-1.1727770661788283e-05],[-1.1727770661788283e-05,9.214676948547937e-05]]},{""station_id"":""station_1"",""mu_rad"":[-0.0008377580409572782,0.0006981317007977319],""R_rad2"":[[4.633230954955836e-05,1.5444103183186123e-05],[1.5444103183186123e-05,8.236855031032602e-05]]},{""station_id"":""station_2"",""mu_rad"":[0.0005585053606381855,0.0004363323129985824],""R_rad2"":[[5.6323760918562415e-05,6.418289034905951e-06],[6.418289034905951e-06,7.313864249078874e-05]]}]","[{""station_id"":""station_0"",""mu_cal_rad"":[0.0012514413038031895,0.00019694831017321338],""R_cal_rad2"":[[4.070699217608994e-05,-5.9238060711848815e-06],[-5.9238060711848815e-06,8.88052632038545e-05]],""R_rank"":2,""R_condition"":2.238765343195152},{""station_id"":""station_1"",""mu_cal_rad"":[-0.0007328043039026037,0.00112917961329176],""R_cal_rad2"":[[5.2209476422191575e-05,1.1619699578414992e-05],[1.1619699578414992e-05,9.445320972656072e-05]],""R_rank"":2,""R_condition"":1.9794787697483152},{""station_id"":""station_2"",""mu_cal_rad"":[0.0006990088171012094,0.0012509443473602076],""R_cal_rad2"":[[5.499792793947646e-05,1.4609694998223555e-05],[1.4609694998223555e-05,9.058839425650996e-05]],""R_rank"":2,""R_condition"":1.925242993710832}]",calibration,False,none,0.0,0.0,True,,,128,768,False,20260831,3944497683,3944497683,1365328682,0,independent_bearing_level_realizations,calibration,False,True,False,False,False,False,0.0029186515625383436,1.0,0.0,1.8184903218792763,1.2113692589372889,3.5541730464582098,4.6749475178623205,1.6811618726607032,3.3794736232570175,0.6932545049839575,1.2951322678834594,0.03827812554595944,0.02650382150879471,0.01640795386547894,"[[1.911251917853692,1.2712634012895996,0.78143559683745],[1.2712634012895996,0.9351229605217762,0.5427470786964793],[0.78143559683745,0.5427470786964793,0.4841147340905828]]","[[0.5626268484140023,0.37843008767342584,0.2301291365885307],[0.37843008767342584,0.2839074882181118,0.1727894707868708],[0.2301291365885307,0.1727894707868708,0.5283732955772326]]",0.6938982324808843,2.4223369879140675,5.272260192021847,21.353248306263286,0.6640625,3,50.38035860318513,60.94708201033129,"[1.0084068351571895,2.8372470392773947,50.82890593282858]"
equilateral_mid__bearing_covariance_mismatch,equilateral_mid,bearing_covariance_mismatch,evaluation,3,"[""station_0"", ""station_1"", ""station_2""]",equilateral,aligned,20.0,"[49.14912265733951,34.41458618106276,20.0]",49.14912265733951,34.41458618106276,20.0,3.162277660168379,3.0,1.0,9.932267300320632,19.550231351684154,"[{""station_id"":""station_0"",""mu_rad"":[0.0013962634015954637,-0.0008726646259971648],""R_rad2"":[[3.73156339238718e-05,-1.1727770661788283e-05],[-1.1727770661788283e-05,9.214676948547937e-05]]},{""station_id"":""station_1"",""mu_rad"":[-0.0008377580409572782,0.0006981317007977319],""R_rad2"":[[4.633230954955836e-05,1.5444103183186123e-05],[1.5444103183186123e-05,8.236855031032602e-05]]},{""station_id"":""station_2"",""mu_rad"":[0.0005585053606381855,0.0004363323129985824],""R_rad2"":[[5.6323760918562415e-05,6.418289034905951e-06],[6.418289034905951e-06,7.313864249078874e-05]]}]","[{""station_id"":""station_0"",""mu_cal_rad"":[0.0012514413038031895,0.00019694831017321338],""R_cal_rad2"":[[4.070699217608994e-05,-5.9238060711848815e-06],[-5.9238060711848815e-06,8.88052632038545e-05]],""R_rank"":2,""R_condition"":2.238765343195152},{""station_id"":""station_1"",""mu_cal_rad"":[-0.0007328043039026037,0.00112917961329176],""R_cal_rad2"":[[5.2209476422191575e-05,1.1619699578414992e-05],[1.1619699578414992e-05,9.445320972656072e-05]],""R_rank"":2,""R_condition"":1.9794787697483152},{""station_id"":""station_2"",""mu_cal_rad"":[0.0006990088171012094,0.0012509443473602076],""R_cal_rad2"":[[5.499792793947646e-05,1.4609694998223555e-05],[1.4609694998223555e-05,9.058839425650996e-05]],""R_rank"":2,""R_condition"":1.925242993710832}]",calibration,False,none,0.0,0.0,True,,,256,1536,False,20260831,1365328682,3944497683,1365328682,0,independent_bearing_level_realizations,calibration,False,True,False,False,False,False,0.0029600992187397424,1.0,0.0,1.8342884390889802,1.3322123923176807,3.4501899590917513,4.26729283130917,1.718845016896388,3.2739214169352637,0.6404575596133935,1.2476700621095747,-0.09161668714678325,-0.09469611733648224,-0.06199016048552314,"[[1.9566209851582343,1.3251616040949272,0.7497085286642745],[1.3251616040949272,0.9919641456160411,0.5379047928591892],[0.7497085286642745,0.5379047928591892,0.4079366080440946]]","[[0.555887588269139,0.37346195805560284,0.2270416092515183],[0.37346195805560284,0.28008186656092804,0.17042111449252867],[0.2270416092515183,0.17042111449252867,0.5242245286885295]]",0.7080373902580753,2.4676787131020856,4.838953555804739,22.19534092754105,0.63671875,3,49.868761376693385,60.30928209080021,"[1.0299611598423755,2.872696454887499,51.37286968991529]"
equilateral_mid__one_erroneous_bearing,equilateral_mid,one_erroneous_bearing,calibration,3,"[""station_0"", ""station_1"", ""station_2""]",equilateral,aligned,20.0,"[49.14912265733951,34.41458618106276,20.0]",49.14912265733951,34.41458618106276,20.0,3.162277660168379,3.0,1.0,9.932267300320632,19.550231351684154,"[{""station_id"":""station_0"",""mu_rad"":[0.0013962634015954637,-0.0008726646259971648],""R_rad2"":[[3.73156339238718e-05,-1.1727770661788283e-05],[-1.1727770661788283e-05,9.214676948547937e-05]]},{""station_id"":""station_1"",""mu_rad"":[-0.0008377580409572782,0.0006981317007977319],""R_rad2"":[[4.633230954955836e-05,1.5444103183186123e-05],[1.5444103183186123e-05,8.236855031032602e-05]]},{""station_id"":""station_2"",""mu_rad"":[0.0005585053606381855,0.0004363323129985824],""R_rad2"":[[5.6323760918562415e-05,6.418289034905951e-06],[6.418289034905951e-06,7.313864249078874e-05]]}]","[{""station_id"":""station_0"",""mu_cal_rad"":[0.0012514413038031895,0.00019694831017321338],""R_cal_rad2"":[[4.070699217608994e-05,-5.9238060711848815e-06],[-5.9238060711848815e-06,8.88052632038545e-05]],""R_rank"":2,""R_condition"":2.238765343195152},{""station_id"":""station_1"",""mu_cal_rad"":[-0.0007328043039026037,0.00112917961329176],""R_cal_rad2"":[[5.2209476422191575e-05,1.1619699578414992e-05],[1.1619699578414992e-05,9.445320972656072e-05]],""R_rank"":2,""R_condition"":1.9794787697483152},{""station_id"":""station_2"",""mu_cal_rad"":[0.0006990088171012094,0.0012509443473602076],""R_cal_rad2"":[[5.499792793947646e-05,1.4609694998223555e-05],[1.4609694998223555e-05,9.058839425650996e-05]],""R_rank"":2,""R_condition"":1.925242993710832}]",calibration,False,none,0.0,0.0,False,station_2,"[5.0,-2.0]",128,768,False,20260831,3944497683,3944497683,1365328682,0,independent_bearing_level_realizations,calibration,False,True,False,False,False,False,0.002914680468734332,1.0,0.0,1.7870984683297018,1.143902153898381,3.327469747877345,4.510310224039538,1.650370423437476,3.118085446219968,0.6855642938114352,1.290391006499308,0.03719751923019998,0.025945568186611867,0.016479935239778448,"[[1.82909925618906,1.2264686195112096,0.7630111656766649],[1.2264686195112096,0.913996889057466,0.5368120755521759],[0.7630111656766649,0.5368120755521759,0.4734254490040084]]","[[1.8065135851922796,1.2107009813543157,0.7351534195464109],[1.2107009813543157,0.9082158834789408,0.5236906860679074],[0.7351534195464109,0.5236906860679074,0.439803634372215]]",0.021079455212462163,1.0196506072950364,2.522664887804963,8.084430975208315,0.9453125,3,45.812519167792004,55.84904770456063,"[0.3406883782542851,8.39919120503765,15.60935561155145]"
equilateral_mid__one_erroneous_bearing,equilateral_mid,one_erroneous_bearing,evaluation,3,"[""station_0"", ""station_1"", ""station_2""]",equilateral,aligned,20.0,"[49.14912265733951,34.41458618106276,20.0]",49.14912265733951,34.41458618106276,20.0,3.162277660168379,3.0,1.0,9.932267300320632,19.550231351684154,"[{""station_id"":""station_0"",""mu_rad"":[0.0013962634015954637,-0.0008726646259971648],""R_rad2"":[[3.73156339238718e-05,-1.1727770661788283e-05],[-1.1727770661788283e-05,9.214676948547937e-05]]},{""station_id"":""station_1"",""mu_rad"":[-0.0008377580409572782,0.0006981317007977319],""R_rad2"":[[4.633230954955836e-05,1.5444103183186123e-05],[1.5444103183186123e-05,8.236855031032602e-05]]},{""station_id"":""station_2"",""mu_rad"":[0.0005585053606381855,0.0004363323129985824],""R_rad2"":[[5.6323760918562415e-05,6.418289034905951e-06],[6.418289034905951e-06,7.313864249078874e-05]]}]","[{""station_id"":""station_0"",""mu_cal_rad"":[0.0012514413038031895,0.00019694831017321338],""R_cal_rad2"":[[4.070699217608994e-05,-5.9238060711848815e-06],[-5.9238060711848815e-06,8.88052632038545e-05]],""R_rank"":2,""R_condition"":2.238765343195152},{""station_id"":""station_1"",""mu_cal_rad"":[-0.0007328043039026037,0.00112917961329176],""R_cal_rad2"":[[5.2209476422191575e-05,1.1619699578414992e-05],[1.1619699578414992e-05,9.445320972656072e-05]],""R_rank"":2,""R_condition"":1.9794787697483152},{""station_id"":""station_2"",""mu_cal_rad"":[0.0006990088171012094,0.0012509443473602076],""R_cal_rad2"":[[5.499792793947646e-05,1.4609694998223555e-05],[1.4609694998223555e-05,9.058839425650996e-05]],""R_rank"":2,""R_condition"":1.925242993710832}]",calibration,False,none,0.0,0.0,False,station_2,"[5.0,-2.0]",256,1536,False,20260831,1365328682,3944497683,1365328682,0,independent_bearing_level_realizations,calibration,False,True,False,False,False,False,0.0032781976562432646,1.0,0.0,19.661515967991622,18.992984963425712,25.133735921817916,27.026622911712504,19.03487048236234,24.41892108291223,4.924318823886262,6.726828111199726,13.993891531916944,12.55110096449922,4.818529069100474,"[[5.793379029069971,4.200643194047929,2.2100416829115077],[4.200643194047929,3.2089449511770045,1.6529365587223759],[2.2100416829115077,1.6529365587223759,1.0347354247673086]]","[[5.421761948517217,3.917977334661356,2.1313272504857017],[3.917977334661356,3.002273834705776,1.592703841135445],[2.1313272504857017,1.592703841135445,1.0745417729636708]]",0.061568939018771834,1.056690788240908,80.14632596599513,98.7105398217138,0.0,3,82.79440254617614,106.74485133505122,"[0.11240923050511786,4.961183483196103,9.302528386150318]"
equilateral_far__ideal_three,equilateral_far,ideal_three,calibration,3,"[""station_0"", ""station_1"", ""station_2""]",equilateral,aligned,20.0,"[163.83040885779835,114.71528727020922,40.0]",163.83040885779835,114.71528727020922,40.0,10.198039027185569,10.0,2.0,2.6603456576214666,5.75089379153613,"[{""station_id"":""station_0"",""mu_rad"":[0.0013962634015954637,-0.0008726646259971648],""R_rad2"":[[3.73156339238718e-05,-1.1727770661788283e-05],[-1.1727770661788283e-05,9.214676948547937e-05]]},{""station_id"":""station_1"",""mu_rad"":[-0.0008377580409572782,0.0006981317007977319],""R_rad2"":[[4.633230954955836e-05,1.5444103183186123e-05],[1.5444103183186123e-05,8.236855031032602e-05]]},{""station_id"":""station_2"",""mu_rad"":[0.0005585053606381855,0.0004363323129985824],""R_rad2"":[[5.6323760918562415e-05,6.418289034905951e-06],[6.418289034905951e-06,7.313864249078874e-05]]}]","[{""station_id"":""station_0"",""mu_cal_rad"":[0.0008935640393449683,-0.00014142077105626995],""R_cal_rad2"":[[3.914791774557788e-05,-8.342367212608204e-06],[-8.342367212608204e-06,9.544894225232853e-05]],""R_rank"":2,""R_condition"":2.5478296090924486},{""station_id"":""station_1"",""mu_cal_rad"":[-0.0005158103681620074,0.002075307367962936],""R_cal_rad2"":[[4.334038490990919e-05,1.7457373158884542e-05],[1.7457373158884542e-05,8.390467406557342e-05]],""R_rank"":2,""R_condition"":2.451929239382948},{""station_id"":""station_2"",""mu_cal_rad"":[0.0007405877276388713,0.001025087851056534],""R_cal_rad2"":[[6.559265987083808e-05,4.21370779840488e-06],[4.21370779840488e-06,8.44375371432912e-05]],""R_rank"":2,""R_condition"":1.3190962615631259}]",calibration,False,none,0.0,0.0,False,,,128,768,False,20260831,4020043064,4020043064,1513437661,0,independent_bearing_level_realizations,calibration,False,True,False,False,False,False,0.00297515703124418,1.0,0.0,20.868187900787106,12.762257034103673,42.213169292331926,61.65490655507521,20.439976563327086,41.40797776709988,4.20578462991113,7.34181824723932,1.6354590672939782,1.156766699568286,0.3971593223511443,"[[277.8706097080677,195.88028421521187,67.31726074018594],[195.88028421521187,139.1673053546965,47.71787198238143],[67.31726074018594,47.71787198238143,17.668927320558144]]","[[278.1661129373991,196.97792289410128,66.23415077995749],[196.97792289410128,140.48166999599965,47.11185411794837],[66.23415077995749,47.11185411794837,17.07325313652139]]",0.006396014309201484,0.9976723784195837,2.4826972033044585,9.394158978774977,0.921875,3,626.7182047694469,1116.6811362243427,"[0.0025348897597800065,0.8405708939250883,1.5898514006585183]"
equilateral_far__ideal_three,equilateral_far,ideal_three,evaluation,3,"[""station_0"", ""station_1"", ""station_2""]",equilateral,aligned,20.0,"[163.83040885779835,114.71528727020922,40.0]",163.83040885779835,114.71528727020922,40.0,10.198039027185569,10.0,2.0,2.6603456576214666,5.75089379153613,"[{""station_id"":""station_0"",""mu_rad"":[0.0013962634015954637,-0.0008726646259971648],""R_rad2"":[[3.73156339238718e-05,-1.1727770661788283e-05],[-1.1727770661788283e-05,9.214676948547937e-05]]},{""station_id"":""station_1"",""mu_rad"":[-0.0008377580409572782,0.0006981317007977319],""R_rad2"":[[4.633230954955836e-05,1.5444103183186123e-05],[1.5444103183186123e-05,8.236855031032602e-05]]},{""station_id"":""station_2"",""mu_rad"":[0.0005585053606381855,0.0004363323129985824],""R_rad2"":[[5.6323760918562415e-05,6.418289034905951e-06],[6.418289034905951e-06,7.313864249078874e-05]]}]","[{""station_id"":""station_0"",""mu_cal_rad"":[0.0008935640393449683,-0.00014142077105626995],""R_cal_rad2"":[[3.914791774557788e-05,-8.342367212608204e-06],[-8.342367212608204e-06,9.544894225232853e-05]],""R_rank"":2,""R_condition"":2.5478296090924486},{""station_id"":""station_1"",""mu_cal_rad"":[-0.0005158103681620074,0.002075307367962936],""R_cal_rad2"":[[4.334038490990919e-05,1.7457373158884542e-05],[1.7457373158884542e-05,8.390467406557342e-05]],""R_rank"":2,""R_condition"":2.451929239382948},{""station_id"":""station_2"",""mu_cal_rad"":[0.0007405877276388713,0.001025087851056534],""R_cal_rad2"":[[6.559265987083808e-05,4.21370779840488e-06],[4.21370779840488e-06,8.44375371432912e-05]],""R_rank"":2,""R_condition"":1.3190962615631259}]",calibration,False,none,0.0,0.0,False,,,256,1536,False,20260831,1513437661,4020043064,1513437661,0,independent_bearing_level_realizations,calibration,False,True,False,False,False,False,0.0029980195312475644,1.0,0.0,20.21263520300645,13.85897762917719,36.603165621478894,56.753818911951626,19.8031237440004,35.90607203250935,4.048075077073433,7.484006229282302,0.5507565257156178,0.40295157035615514,-0.14441412679039833,"[[261.8332630952244,184.99203979135163,63.19299524353975],[184.99203979135163,131.400814823166,44.77732888570852],[63.19299524353975,44.77732888570852,16.430237002899034]]","[[270.1072991448293,191.31218969086473,63.85041362060352],[191.31218969086473,136.48027966342468,45.42802700826796],[63.85041362060352,45.42802700826796,16.374792514521936]]",0.032496523981610535,0.968559717594031,2.214650203590967,7.297397116951135,0.9609375,3,614.8572209653811,1359.8504042294046,"[0.002640655733302649,0.8583042821689103,1.6236218420144346]"
equilateral_far__ideal_two,equilateral_far,ideal_two,calibration,2,"[""station_0"", ""station_1""]",equilateral,aligned,20.0,"[163.83040885779835,114.71528727020922,40.0]",163.83040885779835,114.71528727020922,40.0,10.198039027185569,10.0,2.0,2.6603456576214666,5.75089379153613,"[{""station_id"":""station_0"",""mu_rad"":[0.0013962634015954637,-0.0008726646259971648],""R_rad2"":[[3.73156339238718e-05,-1.1727770661788283e-05],[-1.1727770661788283e-05,9.214676948547937e-05]]},{""station_id"":""station_1"",""mu_rad"":[-0.0008377580409572782,0.0006981317007977319],""R_rad2"":[[4.633230954955836e-05,1.5444103183186123e-05],[1.5444103183186123e-05,8.236855031032602e-05]]}]","[{""station_id"":""station_0"",""mu_cal_rad"":[0.0008935640393449683,-0.00014142077105626995],""R_cal_rad2"":[[3.914791774557788e-05,-8.342367212608204e-06],[-8.342367212608204e-06,9.544894225232853e-05]],""R_rank"":2,""R_condition"":2.5478296090924486},{""station_id"":""station_1"",""mu_cal_rad"":[-0.0005158103681620074,0.002075307367962936],""R_cal_rad2"":[[4.334038490990919e-05,1.7457373158884542e-05],[1.7457373158884542e-05,8.390467406557342e-05]],""R_rank"":2,""R_condition"":2.451929239382948}]",calibration,False,none,0.0,0.0,False,,,128,512,False,20260831,4020043064,4020043064,1513437661,0,independent_bearing_level_realizations,calibration,False,True,False,False,False,False,0.00226677187504265,1.0,0.0,36.582901537747084,20.31459943988376,66.0748549727938,131.2910490207072,35.94332422659302,64.8530274055907,6.810736264348329,13.17480566209834,4.2162900238949135,3.107607253468353,0.9739540361989669,"[[824.1004090224525,608.0947381780495,189.6452094471125],[608.0947381780495,450.34442328049784,140.1647029024263],[189.6452094471125,140.1647029024263,45.79531791912434]]","[[886.9334985826727,652.898168650698,207.02822173904224],[652.898168650698,482.08384541607927,152.73365947845352],[207.02822173904224,152.73365947845352,50.48457655087808]]",0.0755892823729012,0.9300728171687704,1.9383778360639705,10.805813428138292,0.9140625,3,1280.622306348796,3646.2234156948007,"[0.0009497671986145015,0.5454596258201445,1.2072550938393103]"
equilateral_far__ideal_two,equilateral_far,ideal_two,evaluation,2,"[""station_0"", ""station_1""]",equilateral,aligned,20.0,"[163.83040885779835,114.71528727020922,40.0]",163.83040885779835,114.71528727020922,40.0,10.198039027185569,10.0,2.0,2.6603456576214666,5.75089379153613,"[{""station_id"":""station_0"",""mu_rad"":[0.0013962634015954637,-0.0008726646259971648],""R_rad2"":[[3.73156339238718e-05,-1.1727770661788283e-05],[-1.1727770661788283e-05,9.214676948547937e-05]]},{""station_id"":""station_1"",""mu_rad"":[-0.0008377580409572782,0.0006981317007977319],""R_rad2"":[[4.633230954955836e-05,1.5444103183186123e-05],[1.5444103183186123e-05,8.236855031032602e-05]]}]","[{""station_id"":""station_0"",""mu_cal_rad"":[0.0008935640393449683,-0.00014142077105626995],""R_cal_rad2"":[[3.914791774557788e-05,-8.342367212608204e-06],[-8.342367212608204e-06,9.544894225232853e-05]],""R_rank"":2,""R_condition"":2.5478296090924486},{""station_id"":""station_1"",""mu_cal_rad"":[-0.0005158103681620074,0.002075307367962936],""R_cal_rad2"":[[4.334038490990919e-05,1.7457373158884542e-05],[1.7457373158884542e-05,8.390467406557342e-05]],""R_rank"":2,""R_condition"":2.451929239382948}]",calibration,False,none,0.0,0.0,False,,,256,1024,False,20260831,1513437661,4020043064,1513437661,0,independent_bearing_level_realizations,calibration,False,True,False,False,False,False,0.0023027269531326056,1.0,0.0,38.386528358998135,22.522431011721032,79.03218887213413,139.0999351014457,37.71496875647573,78.10636913266381,7.148894400830647,13.203745095221935,6.31137787327985,4.709839089309585,1.1442323367702152,"[[887.2666409577859,650.8326333257188,206.23309206463142],[650.8326333257188,478.47106535291516,151.4971047448979],[206.23309206463142,151.4971047448979,49.9927075274964]]","[[939.733418027857,691.7524347098255,217.89696540861303],[691.7524347098255,510.6921212389526,160.73721808927039],[217.89696540861303,160.73721808927039,52.7377432916204]]",0.06165360958455743,0.9418340843375185,2.214720452776015,8.903376779821778,0.91796875,3,1292.7235366010382,4224.4487719373265,"[0.0009236124806414263,0.5384781099447478,1.1914905560286533]"
equilateral_far__one_station_failure,equilateral_far,one_station_failure,calibration,2,"[""station_0"", ""station_2""]",equilateral,aligned,20.0,"[163.83040885779835,114.71528727020922,40.0]",163.83040885779835,114.71528727020922,40.0,10.198039027185569,10.0,2.0,2.6603456576214666,5.75089379153613,"[{""station_id"":""station_0"",""mu_rad"":[0.0013962634015954637,-0.0008726646259971648],""R_rad2"":[[3.73156339238718e-05,-1.1727770661788283e-05],[-1.1727770661788283e-05,9.214676948547937e-05]]},{""station_id"":""station_2"",""mu_rad"":[0.0005585053606381855,0.0004363323129985824],""R_rad2"":[[5.6323760918562415e-05,6.418289034905951e-06],[6.418289034905951e-06,7.313864249078874e-05]]}]","[{""station_id"":""station_0"",""mu_cal_rad"":[0.0008935640393449683,-0.00014142077105626995],""R_cal_rad2"":[[3.914791774557788e-05,-8.342367212608204e-06],[-8.342367212608204e-06,9.544894225232853e-05]],""R_rank"":2,""R_condition"":2.5478296090924486},{""station_id"":""station_2"",""mu_cal_rad"":[0.0007405877276388713,0.001025087851056534],""R_cal_rad2"":[[6.559265987083808e-05,4.21370779840488e-06],[4.21370779840488e-06,8.44375371432912e-05]],""R_rank"":2,""R_condition"":1.3190962615631259}]",calibration,False,none,0.0,0.0,False,,,128,512,False,20260831,4020043064,4020043064,1513437661,0,independent_bearing_level_realizations,calibration,False,True,False,False,False,False,0.0023940046875168264,1.0,0.0,86.65612427734284,28.077633001880663,179.24883543943116,352.7840741935991,84.83983804318036,176.19665110876772,17.648959050811257,32.89149508645836,14.28395449603519,9.555765252379537,3.5096207763190432,"[[4798.811532194708,3216.627983543888,1196.4659910066298],[3216.627983543888,2157.9926137854486,802.5756168566209],[1196.4659910066298,802.5756168566209,301.5239736276079]]","[[6071.541061689482,4066.537184682997,1502.0256468163686],[4066.537184682997,2725.9437005049726,1006.3016420036238],[1502.0256468163686,1006.3016420036238,374.8002870809235]]",0.26381018190854094,0.7913325938536092,2.4192472807015046,15.179895825612814,0.8515625,3,1989.6324083280854,30100.212783739735,"[0.000494568303371849,0.5497868258733472,0.9839986746622191]"
equilateral_far__one_station_failure,equilateral_far,one_station_failure,evaluation,2,"[""station_0"", ""station_2""]",equilateral,aligned,20.0,"[163.83040885779835,114.71528727020922,40.0]",163.83040885779835,114.71528727020922,40.0,10.198039027185569,10.0,2.0,2.6603456576214666,5.75089379153613,"[{""station_id"":""station_0"",""mu_rad"":[0.0013962634015954637,-0.0008726646259971648],""R_rad2"":[[3.73156339238718e-05,-1.1727770661788283e-05],[-1.1727770661788283e-05,9.214676948547937e-05]]},{""station_id"":""station_2"",""mu_rad"":[0.0005585053606381855,0.0004363323129985824],""R_rad2"":[[5.6323760918562415e-05,6.418289034905951e-06],[6.418289034905951e-06,7.313864249078874e-05]]}]","[{""station_id"":""station_0"",""mu_cal_rad"":[0.0008935640393449683,-0.00014142077105626995],""R_cal_rad2"":[[3.914791774557788e-05,-8.342367212608204e-06],[-8.342367212608204e-06,9.544894225232853e-05]],""R_rank"":2,""R_condition"":2.5478296090924486},{""station_id"":""station_2"",""mu_cal_rad"":[0.0007405877276388713,0.001025087851056534],""R_cal_rad2"":[[6.559265987083808e-05,4.21370779840488e-06],[4.21370779840488e-06,8.44375371432912e-05]],""R_rank"":2,""R_condition"":1.3190962615631259}]",calibration,False,none,0.0,0.0,False,,,256,1024,False,20260831,1513437661,4020043064,1513437661,0,independent_bearing_level_realizations,calibration,False,True,False,False,False,False,0.0023687812499986194,1.0,0.0,43.355041394093625,28.187049814611765,72.43674066657687,143.07380927619596,42.505931477344426,71.02928009559366,8.53846611089325,15.231902207307183,0.8459901516666524,0.5978994085391605,-0.06466195817065631,"[[1253.1733162376606,836.437589483281,299.04645717559674],[836.437589483281,559.5888135490693,199.6225741005174],[299.04645717559674,199.6225741005174,73.18710950454013]]","[[1971.2812926900365,1313.3104047431484,473.0596801646266],[1313.3104047431484,876.6488297221955,315.2501316184537],[473.0596801646266,315.2501316184537,115.7173157334546]]",0.5719237919556233,0.6363608622998971,2.4177627843777,14.590294538133467,0.86328125,3,2049.328063691107,8237.89463861354,"[0.0004714557844561169,0.5432620864473334,0.9724070793528918]"
equilateral_far__position_calibration_mismatch,equilateral_far,position_calibration_mismatch,calibration,3,"[""station_0"", ""station_1"", ""station_2""]",equilateral,aligned,20.0,"[163.83040885779835,114.71528727020922,40.0]",163.83040885779835,114.71528727020922,40.0,10.198039027185569,10.0,2.0,2.6603456576214666,5.75089379153613,"[{""station_id"":""station_0"",""mu_rad"":[0.0013962634015954637,-0.0008726646259971648],""R_rad2"":[[3.73156339238718e-05,-1.1727770661788283e-05],[-1.1727770661788283e-05,9.214676948547937e-05]]},{""station_id"":""station_1"",""mu_rad"":[-0.0008377580409572782,0.0006981317007977319],""R_rad2"":[[4.633230954955836e-05,1.5444103183186123e-05],[1.5444103183186123e-05,8.236855031032602e-05]]},{""station_id"":""station_2"",""mu_rad"":[0.0005585053606381855,0.0004363323129985824],""R_rad2"":[[5.6323760918562415e-05,6.418289034905951e-06],[6.418289034905951e-06,7.313864249078874e-05]]}]","[{""station_id"":""station_0"",""mu_cal_rad"":[0.0008935640393449683,-0.00014142077105626995],""R_cal_rad2"":[[3.914791774557788e-05,-8.342367212608204e-06],[-8.342367212608204e-06,9.544894225232853e-05]],""R_rank"":2,""R_condition"":2.5478296090924486},{""station_id"":""station_1"",""mu_cal_rad"":[-0.0005158103681620074,0.002075307367962936],""R_cal_rad2"":[[4.334038490990919e-05,1.7457373158884542e-05],[1.7457373158884542e-05,8.390467406557342e-05]],""R_rank"":2,""R_condition"":2.451929239382948},{""station_id"":""station_2"",""mu_cal_rad"":[0.0007405877276388713,0.001025087851056534],""R_cal_rad2"":[[6.559265987083808e-05,4.21370779840488e-06],[4.21370779840488e-06,8.44375371432912e-05]],""R_rank"":2,""R_condition"":1.3190962615631259}]",calibration,False,position,0.09433981132056604,0.0,False,,,128,768,False,20260831,4020043064,4020043064,1513437661,0,independent_bearing_level_realizations,calibration,False,True,False,False,False,False,0.0029922304687488577,1.0,0.0,20.68760308339001,13.122934373937118,40.93696010287134,60.469471570074234,20.26277097975613,40.15461368862435,4.170975132728638,7.313443102722362,0.7322584114362245,0.523182179430738,0.18625562053978356,"[[275.1928373037108,193.9777708155554,66.67373699882464],[193.9777708155554,137.80366366415473,47.257860062692245],[66.67373699882464,47.257860062692245,17.499053759151384]]","[[275.02864656199966,194.7494684128725,65.48743151441037],[194.7494684128725,138.88781335070777,46.57915022333689],[65.48743151441037,46.57915022333689,16.880904160229655]]",0.005954632597638351,0.9992994169159561,2.4878119456773775,9.402785180094867,0.921875,3,625.6024318986506,1115.2431418622534,"[0.0025709701793844852,0.8512212945186042,1.6097431958632225]"
equilateral_far__position_calibration_mismatch,equilateral_far,position_calibration_mismatch,evaluation,3,"[""station_0"", ""station_1"", ""station_2""]",equilateral,aligned,20.0,"[163.83040885779835,114.71528727020922,40.0]",163.83040885779835,114.71528727020922,40.0,10.198039027185569,10.0,2.0,2.6603456576214666,5.75089379153613,"[{""station_id"":""station_0"",""mu_rad"":[0.0013962634015954637,-0.0008726646259971648],""R_rad2"":[[3.73156339238718e-05,-1.1727770661788283e-05],[-1.1727770661788283e-05,9.214676948547937e-05]]},{""station_id"":""station_1"",""mu_rad"":[-0.0008377580409572782,0.0006981317007977319],""R_rad2"":[[4.633230954955836e-05,1.5444103183186123e-05],[1.5444103183186123e-05,8.236855031032602e-05]]},{""station_id"":""station_2"",""mu_rad"":[0.0005585053606381855,0.0004363323129985824],""R_rad2"":[[5.6323760918562415e-05,6.418289034905951e-06],[6.418289034905951e-06,7.313864249078874e-05]]}]","[{""station_id"":""station_0"",""mu_cal_rad"":[0.0008935640393449683,-0.00014142077105626995],""R_cal_rad2"":[[3.914791774557788e-05,-8.342367212608204e-06],[-8.342367212608204e-06,9.544894225232853e-05]],""R_rank"":2,""R_condition"":2.5478296090924486},{""station_id"":""station_1"",""mu_cal_rad"":[-0.0005158103681620074,0.002075307367962936],""R_cal_rad2"":[[4.334038490990919e-05,1.7457373158884542e-05],[1.7457373158884542e-05,8.390467406557342e-05]],""R_rank"":2,""R_condition"":2.451929239382948},{""station_id"":""station_2"",""mu_cal_rad"":[0.0007405877276388713,0.001025087851056534],""R_cal_rad2"":[[6.559265987083808e-05,4.21370779840488e-06],[4.21370779840488e-06,8.44375371432912e-05]],""R_rank"":2,""R_condition"":1.3190962615631259}]",calibration,False,position,0.09433981132056604,0.0,False,,,256,1536,False,20260831,1513437661,4020043064,1513437661,0,independent_bearing_level_realizations,calibration,False,True,False,False,False,False,0.003013583984369461,1.0,0.0,20.069709046659437,14.074826102854828,36.370796217621304,55.45223863515237,19.660169613506245,35.81014589091507,4.033726810993684,7.355107230435648,-0.3631651030261617,-0.2382796091697642,-0.35629853947915996,"[[258.25647431636133,182.45405603324366,62.32728139365809],[182.45405603324366,129.59216258918326,44.16152379709267],[62.32728139365809,44.16152379709267,16.207313153500163]]","[[266.8751645035938,189.01642235120198,63.08608221108544],[189.01642235120198,134.83852623169528,44.8828056992308],[63.08608221108544,44.8828056992308,16.179332617262254]]",0.03425808901749407,0.9668884797776748,2.2122893599533544,7.32656955589633,0.9609375,3,614.483737216357,1357.3814519424175,"[0.002672326920403487,0.8683091852921935,1.6420938566438772]"
equilateral_far__orientation_calibration_mismatch,equilateral_far,orientation_calibration_mismatch,calibration,3,"[""station_0"", ""station_1"", ""station_2""]",equilateral,aligned,20.0,"[163.83040885779835,114.71528727020922,40.0]",163.83040885779835,114.71528727020922,40.0,10.198039027185569,10.0,2.0,2.6603456576214666,5.75089379153613,"[{""station_id"":""station_0"",""mu_rad"":[0.0013962634015954637,-0.0008726646259971648],""R_rad2"":[[3.73156339238718e-05,-1.1727770661788283e-05],[-1.1727770661788283e-05,9.214676948547937e-05]]},{""station_id"":""station_1"",""mu_rad"":[-0.0008377580409572782,0.0006981317007977319],""R_rad2"":[[4.633230954955836e-05,1.5444103183186123e-05],[1.5444103183186123e-05,8.236855031032602e-05]]},{""station_id"":""station_2"",""mu_rad"":[0.0005585053606381855,0.0004363323129985824],""R_rad2"":[[5.6323760918562415e-05,6.418289034905951e-06],[6.418289034905951e-06,7.313864249078874e-05]]}]","[{""station_id"":""station_0"",""mu_cal_rad"":[0.0008935640393449683,-0.00014142077105626995],""R_cal_rad2"":[[3.914791774557788e-05,-8.342367212608204e-06],[-8.342367212608204e-06,9.544894225232853e-05]],""R_rank"":2,""R_condition"":2.5478296090924486},{""station_id"":""station_1"",""mu_cal_rad"":[-0.0005158103681620074,0.002075307367962936],""R_cal_rad2"":[[4.334038490990919e-05,1.7457373158884542e-05],[1.7457373158884542e-05,8.390467406557342e-05]],""R_rank"":2,""R_condition"":2.451929239382948},{""station_id"":""station_2"",""mu_cal_rad"":[0.0007405877276388713,0.001025087851056534],""R_cal_rad2"":[[6.559265987083808e-05,4.21370779840488e-06],[4.21370779840488e-06,8.44375371432912e-05]],""R_rank"":2,""R_condition"":1.3190962615631259}]",calibration,False,orientation,0.0,0.2569046515733026,False,,,128,768,False,20260831,4020043064,4020043064,1513437661,0,independent_bearing_level_realizations,calibration,False,True,False,False,False,False,0.0031042820312450203,1.0,0.0,20.131149488870903,12.644898799936698,38.6132472481349,56.19274031380693,19.716610597766515,38.00397069186582,4.064289148093217,7.6477521179945676,-1.0533104390656032,-0.8650803987478582,-0.327609893841559,"[[259.90181488918176,183.0936497918464,62.906869625786214],[183.0936497918464,130.03144519181754,44.569689221474086],[62.906869625786214,44.569689221474086,16.54033943862971]]","[[259.0476598779393,183.26597915238153,61.544428675023724],[183.26597915238153,130.6145169913498,43.74186232099028],[61.544428675023724,43.74186232099028,15.879325960206673]]",0.006373818641244643,1.0022984002466577,2.488300689114742,9.426672588742502,0.921875,3,605.1144476773025,1066.2642105860537,"[0.002713018782146995,0.868811876826872,1.6431126677833765]"
equilateral_far__orientation_calibration_mismatch,equilateral_far,orientation_calibration_mismatch,evaluation,3,"[""station_0"", ""station_1"", ""station_2""]",equilateral,aligned,20.0,"[163.83040885779835,114.71528727020922,40.0]",163.83040885779835,114.71528727020922,40.0,10.198039027185569,10.0,2.0,2.6603456576214666,5.75089379153613,"[{""station_id"":""station_0"",""mu_rad"":[0.0013962634015954637,-0.0008726646259971648],""R_rad2"":[[3.73156339238718e-05,-1.1727770661788283e-05],[-1.1727770661788283e-05,9.214676948547937e-05]]},{""station_id"":""station_1"",""mu_rad"":[-0.0008377580409572782,0.0006981317007977319],""R_rad2"":[[4.633230954955836e-05,1.5444103183186123e-05],[1.5444103183186123e-05,8.236855031032602e-05]]},{""station_id"":""station_2"",""mu_rad"":[0.0005585053606381855,0.0004363323129985824],""R_rad2"":[[5.6323760918562415e-05,6.418289034905951e-06],[6.418289034905951e-06,7.313864249078874e-05]]}]","[{""station_id"":""station_0"",""mu_cal_rad"":[0.0008935640393449683,-0.00014142077105626995],""R_cal_rad2"":[[3.914791774557788e-05,-8.342367212608204e-06],[-8.342367212608204e-06,9.544894225232853e-05]],""R_rank"":2,""R_condition"":2.5478296090924486},{""station_id"":""station_1"",""mu_cal_rad"":[-0.0005158103681620074,0.002075307367962936],""R_cal_rad2"":[[4.334038490990919e-05,1.7457373158884542e-05],[1.7457373158884542e-05,8.390467406557342e-05]],""R_rank"":2,""R_condition"":2.451929239382948},{""station_id"":""station_2"",""mu_cal_rad"":[0.0007405877276388713,0.001025087851056534],""R_cal_rad2"":[[6.559265987083808e-05,4.21370779840488e-06],[4.21370779840488e-06,8.44375371432912e-05]],""R_rank"":2,""R_condition"":1.3190962615631259}]",calibration,False,orientation,0.0,0.2569046515733026,False,,,256,1536,False,20260831,1513437661,4020043064,1513437661,0,independent_bearing_level_realizations,calibration,False,True,False,False,False,False,0.003051101171877235,1.0,0.0,19.73026166834557,13.913847398043792,34.812673569841365,53.279778235325495,19.319177538607583,34.13115525352854,4.0065701957093856,7.421657974294517,-2.105056215963562,-1.5950583937496043,-0.8560775738870612,"[[244.92828271395305,172.9237891455719,59.05997942567647],[172.9237891455719,122.76315979976802,41.82232389876783],[59.05997942567647,41.82232389876783,15.379813316401576]]","[[251.64875480576157,178.06854356146414,59.353353558229436],[178.06854356146414,126.9464100519256,42.19529866885932],[59.353353558229436,42.19529866885932,15.23663958217398]]",0.02823695865752445,0.9726772990692232,2.208026842634456,7.278242068655609,0.9609375,3,593.6651895628731,1294.6521172602909,"[0.0028245095862032494,0.8868073153438649,1.677329521652611]"
equilateral_far__bearing_covariance_mismatch,equilateral_far,bearing_covariance_mismatch,calibration,3,"[""station_0"", ""station_1"", ""station_2""]",equilateral,aligned,20.0,"[163.83040885779835,114.71528727020922,40.0]",163.83040885779835,114.71528727020922,40.0,10.198039027185569,10.0,2.0,2.6603456576214666,5.75089379153613,"[{""station_id"":""station_0"",""mu_rad"":[0.0013962634015954637,-0.0008726646259971648],""R_rad2"":[[3.73156339238718e-05,-1.1727770661788283e-05],[-1.1727770661788283e-05,9.214676948547937e-05]]},{""station_id"":""station_1"",""mu_rad"":[-0.0008377580409572782,0.0006981317007977319],""R_rad2"":[[4.633230954955836e-05,1.5444103183186123e-05],[1.5444103183186123e-05,8.236855031032602e-05]]},{""station_id"":""station_2"",""mu_rad"":[0.0005585053606381855,0.0004363323129985824],""R_rad2"":[[5.6323760918562415e-05,6.418289034905951e-06],[6.418289034905951e-06,7.313864249078874e-05]]}]","[{""station_id"":""station_0"",""mu_cal_rad"":[0.0008935640393449683,-0.00014142077105626995],""R_cal_rad2"":[[3.914791774557788e-05,-8.342367212608204e-06],[-8.342367212608204e-06,9.544894225232853e-05]],""R_rank"":2,""R_condition"":2.5478296090924486},{""station_id"":""station_1"",""mu_cal_rad"":[-0.0005158103681620074,0.002075307367962936],""R_cal_rad2"":[[4.334038490990919e-05,1.7457373158884542e-05],[1.7457373158884542e-05,8.390467406557342e-05]],""R_rank"":2,""R_condition"":2.451929239382948},{""station_id"":""station_2"",""mu_cal_rad"":[0.0007405877276388713,0.001025087851056534],""R_cal_rad2"":[[6.559265987083808e-05,4.21370779840488e-06],[4.21370779840488e-06,8.44375371432912e-05]],""R_rank"":2,""R_condition"":1.3190962615631259}]",calibration,False,none,0.0,0.0,True,,,128,768,False,20260831,4020043064,4020043064,1513437661,0,independent_bearing_level_realizations,calibration,False,True,False,False,False,False,0.003028907031250583,1.0,0.0,21.14721091104348,12.932829365410676,36.29739609408515,59.94562243339288,20.71827734588814,35.509098288810584,4.237630603888775,7.561926714235904,1.6750838434183524,1.1843988323029615,0.40334298796207996,"[[285.55781458143235,201.18347107049004,68.63896149452611],[201.18347107049004,142.82725346739895,48.6299988383574],[68.63896149452611,48.6299988383574,17.934944321588972]]","[[85.20872333723497,60.39581755359282,18.752479648369352],[60.39581755359282,43.11043206288175,13.419021048272986],[18.752479648369352,13.419021048272986,8.222227159377113]]",0.7020498533388606,3.268752696098925,4.936572550398955,24.65938010312489,0.6953125,3,611.4375913041306,1168.3425630177712,"[0.008685136798941145,0.26574314647578734,5.309780939349924]"
equilateral_far__bearing_covariance_mismatch,equilateral_far,bearing_covariance_mismatch,evaluation,3,"[""station_0"", ""station_1"", ""station_2""]",equilateral,aligned,20.0,"[163.83040885779835,114.71528727020922,40.0]",163.83040885779835,114.71528727020922,40.0,10.198039027185569,10.0,2.0,2.6603456576214666,5.75089379153613,"[{""station_id"":""station_0"",""mu_rad"":[0.0013962634015954637,-0.0008726646259971648],""R_rad2"":[[3.73156339238718e-05,-1.1727770661788283e-05],[-1.1727770661788283e-05,9.214676948547937e-05]]},{""station_id"":""station_1"",""mu_rad"":[-0.0008377580409572782,0.0006981317007977319],""R_rad2"":[[4.633230954955836e-05,1.5444103183186123e-05],[1.5444103183186123e-05,8.236855031032602e-05]]},{""station_id"":""station_2"",""mu_rad"":[0.0005585053606381855,0.0004363323129985824],""R_rad2"":[[5.6323760918562415e-05,6.418289034905951e-06],[6.418289034905951e-06,7.313864249078874e-05]]}]","[{""station_id"":""station_0"",""mu_cal_rad"":[0.0008935640393449683,-0.00014142077105626995],""R_cal_rad2"":[[3.914791774557788e-05,-8.342367212608204e-06],[-8.342367212608204e-06,9.544894225232853e-05]],""R_rank"":2,""R_condition"":2.5478296090924486},{""station_id"":""station_1"",""mu_cal_rad"":[-0.0005158103681620074,0.002075307367962936],""R_cal_rad2"":[[4.334038490990919e-05,1.7457373158884542e-05],[1.7457373158884542e-05,8.390467406557342e-05]],""R_rank"":2,""R_condition"":2.451929239382948},{""station_id"":""station_2"",""mu_cal_rad"":[0.0007405877276388713,0.001025087851056534],""R_cal_rad2"":[[6.559265987083808e-05,4.21370779840488e-06],[4.21370779840488e-06,8.44375371432912e-05]],""R_rank"":2,""R_condition"":1.3190962615631259}]",calibration,False,none,0.0,0.0,True,,,256,1536,False,20260831,1513437661,4020043064,1513437661,0,independent_bearing_level_realizations,calibration,False,True,False,False,False,False,0.003039903515627884,1.0,0.0,20.400339434802135,14.149158048108273,37.07717374307771,57.825927444706586,19.980188987416206,36.57413537472685,4.118967963249439,7.702823180383966,0.7575569417182615,0.5505800579881909,-0.048026256804783604,"[[266.3711864193141,188.0794251365767,64.7728633674466],[188.0794251365767,133.5218166766976,45.85348221654942],[64.7728633674466,45.85348221654942,17.03011444548522]]","[[82.9425011765059,58.80362360587303,18.1341543899779],[58.80362360587303,41.98694210892972,12.98157895211032],[18.1341543899779,12.98157895211032,8.00868810024897]]",0.6898107279304752,3.136219181025687,4.564808818976758,18.765332939707896,0.70703125,3,617.3938829232502,1233.071196452181,"[0.008531357076872189,0.26371857477651306,5.267203061882614]"
equilateral_far__one_erroneous_bearing,equilateral_far,one_erroneous_bearing,calibration,3,"[""station_0"", ""station_1"", ""station_2""]",equilateral,aligned,20.0,"[163.83040885779835,114.71528727020922,40.0]",163.83040885779835,114.71528727020922,40.0,10.198039027185569,10.0,2.0,2.6603456576214666,5.75089379153613,"[{""station_id"":""station_0"",""mu_rad"":[0.0013962634015954637,-0.0008726646259971648],""R_rad2"":[[3.73156339238718e-05,-1.1727770661788283e-05],[-1.1727770661788283e-05,9.214676948547937e-05]]},{""station_id"":""station_1"",""mu_rad"":[-0.0008377580409572782,0.0006981317007977319],""R_rad2"":[[4.633230954955836e-05,1.5444103183186123e-05],[1.5444103183186123e-05,8.236855031032602e-05]]},{""station_id"":""station_2"",""mu_rad"":[0.0005585053606381855,0.0004363323129985824],""R_rad2"":[[5.6323760918562415e-05,6.418289034905951e-06],[6.418289034905951e-06,7.313864249078874e-05]]}]","[{""station_id"":""station_0"",""mu_cal_rad"":[0.0008935640393449683,-0.00014142077105626995],""R_cal_rad2"":[[3.914791774557788e-05,-8.342367212608204e-06],[-8.342367212608204e-06,9.544894225232853e-05]],""R_rank"":2,""R_condition"":2.5478296090924486},{""station_id"":""station_1"",""mu_cal_rad"":[-0.0005158103681620074,0.002075307367962936],""R_cal_rad2"":[[4.334038490990919e-05,1.7457373158884542e-05],[1.7457373158884542e-05,8.390467406557342e-05]],""R_rank"":2,""R_condition"":2.451929239382948},{""station_id"":""station_2"",""mu_cal_rad"":[0.0007405877276388713,0.001025087851056534],""R_cal_rad2"":[[6.559265987083808e-05,4.21370779840488e-06],[4.21370779840488e-06,8.44375371432912e-05]],""R_rank"":2,""R_condition"":1.3190962615631259}]",calibration,False,none,0.0,0.0,False,station_2,"[5.0,-2.0]",128,768,False,20260831,4020043064,4020043064,1513437661,0,independent_bearing_level_realizations,calibration,False,True,False,False,False,False,0.003081182031280605,1.0,0.0,20.868187900787106,12.762257034103673,42.213169292331926,61.65490655507521,20.439976563327086,41.40797776709988,4.20578462991113,7.34181824723932,1.6354590672939782,1.156766699568286,0.3971593223511443,"[[277.8706097080677,195.88028421521187,67.31726074018594],[195.88028421521187,139.1673053546965,47.71787198238143],[67.31726074018594,47.71787198238143,17.668927320558144]]","[[278.1661129373991,196.97792289410128,66.23415077995749],[196.97792289410128,140.48166999599965,47.11185411794837],[66.23415077995749,47.11185411794837,17.07325313652139]]",0.006396014309201484,0.9976723784195837,2.4826972033044585,9.394158978774977,0.921875,3,626.7182047694469,1116.6811362243427,"[0.0025348897597800065,0.8405708939250883,1.5898514006585183]"
equilateral_far__one_erroneous_bearing,equilateral_far,one_erroneous_bearing,evaluation,3,"[""station_0"", ""station_1"", ""station_2""]",equilateral,aligned,20.0,"[163.83040885779835,114.71528727020922,40.0]",163.83040885779835,114.71528727020922,40.0,10.198039027185569,10.0,2.0,2.6603456576214666,5.75089379153613,"[{""station_id"":""station_0"",""mu_rad"":[0.0013962634015954637,-0.0008726646259971648],""R_rad2"":[[3.73156339238718e-05,-1.1727770661788283e-05],[-1.1727770661788283e-05,9.214676948547937e-05]]},{""station_id"":""station_1"",""mu_rad"":[-0.0008377580409572782,0.0006981317007977319],""R_rad2"":[[4.633230954955836e-05,1.5444103183186123e-05],[1.5444103183186123e-05,8.236855031032602e-05]]},{""station_id"":""station_2"",""mu_rad"":[0.0005585053606381855,0.0004363323129985824],""R_rad2"":[[5.6323760918562415e-05,6.418289034905951e-06],[6.418289034905951e-06,7.313864249078874e-05]]}]","[{""station_id"":""station_0"",""mu_cal_rad"":[0.0008935640393449683,-0.00014142077105626995],""R_cal_rad2"":[[3.914791774557788e-05,-8.342367212608204e-06],[-8.342367212608204e-06,9.544894225232853e-05]],""R_rank"":2,""R_condition"":2.5478296090924486},{""station_id"":""station_1"",""mu_cal_rad"":[-0.0005158103681620074,0.002075307367962936],""R_cal_rad2"":[[4.334038490990919e-05,1.7457373158884542e-05],[1.7457373158884542e-05,8.390467406557342e-05]],""R_rank"":2,""R_condition"":2.451929239382948},{""station_id"":""station_2"",""mu_cal_rad"":[0.0007405877276388713,0.001025087851056534],""R_cal_rad2"":[[6.559265987083808e-05,4.21370779840488e-06],[4.21370779840488e-06,8.44375371432912e-05]],""R_rank"":2,""R_condition"":1.3190962615631259}]",calibration,False,none,0.0,0.0,False,station_2,"[5.0,-2.0]",256,1536,False,20260831,1513437661,4020043064,1513437661,0,independent_bearing_level_realizations,calibration,False,True,False,False,False,False,0.00483534492187232,0.9453125,0.0546875,815.5854182954872,601.218412324832,1489.0621455399216,2144.3203811144926,802.9621578077788,1465.5621819828978,142.93826522279048,260.67266822848137,556.3665558207231,416.96777347525244,122.8549275097943,"[[104917.51623070113,77384.7333721973,23652.082526948878],[77384.7333721973,57094.312454367326,17448.544785860828],[23652.082526948878,17448.544785860828,5360.163889021915]]","[[353368.3109229211,260911.35796980452,79564.51418400736],[260911.35796980452,192677.41674776305,58753.73107667971],[79564.51418400736,58753.73107667971,17958.646587344374]]",2.370156363903998,0.29675655050419647,5.771310249687991,12.136028598501587,0.6611570247933884,3,10444.354623401927,167013.69161933093,"[9.83443556319813e-06,0.05418153135884482,0.10270988940922068]"
equilateral_scale_small__ideal_three,equilateral_scale_small,ideal_three,calibration,3,"[""station_0"", ""station_1"", ""station_2""]",equilateral,aligned,10.0,"[24.574561328669756,17.20729309053138,10.0]",24.574561328669756,17.20729309053138,10.0,3.162277660168379,3.0,1.0,9.932267300320632,19.550231351684154,"[{""station_id"":""station_0"",""mu_rad"":[0.0013962634015954637,-0.0008726646259971648],""R_rad2"":[[3.73156339238718e-05,-1.1727770661788283e-05],[-1.1727770661788283e-05,9.214676948547937e-05]]},{""station_id"":""station_1"",""mu_rad"":[-0.0008377580409572782,0.0006981317007977319],""R_rad2"":[[4.633230954955836e-05,1.5444103183186123e-05],[1.5444103183186123e-05,8.236855031032602e-05]]},{""station_id"":""station_2"",""mu_rad"":[0.0005585053606381855,0.0004363323129985824],""R_rad2"":[[5.6323760918562415e-05,6.418289034905951e-06],[6.418289034905951e-06,7.313864249078874e-05]]}]","[{""station_id"":""station_0"",""mu_cal_rad"":[0.002044891826904743,-0.0007670317460374007],""R_cal_rad2"":[[4.158996312260653e-05,-1.9737480591348507e-05],[-1.9737480591348507e-05,0.00010208258501752107]],""R_rank"":2,""R_condition"":3.0222224263476},{""station_id"":""station_1"",""mu_cal_rad"":[-0.000995971279738918,0.0014194107894736924],""R_cal_rad2"":[[4.622422619124228e-05,2.2058483285636002e-05],[2.2058483285636002e-05,9.99777378466604e-05]],""R_rank"":2,""R_condition"":2.8141750397606113},{""station_id"":""station_2"",""mu_cal_rad"":[0.0009105376958340994,0.0009052611607745002],""R_cal_rad2"":[[4.829032929225551e-05,-4.0345169426700134e-07],[-4.0345169426700134e-07,9.386623862471336e-05]],""R_rank"":2,""R_condition"":1.9440072914877897}]",calibration,False,none,0.0,0.0,False,,,128,768,False,20260831,1637861180,1637861180,1234708937,0,independent_bearing_level_realizations,calibration,False,True,False,False,False,False,0.002922670312500486,1.0,0.0,0.8499841508868305,0.693273734559134,1.583709241921655,1.8951896310913872,0.7946227915253692,1.5546969727094764,0.3017410743455981,0.5868898081901742,0.016741002589173354,0.01217583546636719,0.006647723554791429,"[[0.41310008383523616,0.28884218956752,0.15450672696618103],[0.28884218956752,0.22286526412024157,0.11341129833352517],[0.15450672696618103,0.11341129833352517,0.09172004658270218]]","[[0.4066564763642091,0.2764196037210557,0.1470870585959013],[0.2764196037210557,0.20898448068758713,0.10470165346302512],[0.1470870585959013,0.10470165346302512,0.08805021259508729]]",0.04176327752258409,1.0340976637568677,2.304468881740554,7.818032701483867,0.9453125,3,45.93998801542895,53.62936636140248,"[1.5373211950929417,32.45098793218047,70.6237695099156]"
equilateral_scale_small__ideal_three,equilateral_scale_small,ideal_three,evaluation,3,"[""station_0"", ""station_1"", ""station_2""]",equilateral,aligned,10.0,"[24.574561328669756,17.20729309053138,10.0]",24.574561328669756,17.20729309053138,10.0,3.162277660168379,3.0,1.0,9.932267300320632,19.550231351684154,"[{""station_id"":""station_0"",""mu_rad"":[0.0013962634015954637,-0.0008726646259971648],""R_rad2"":[[3.73156339238718e-05,-1.1727770661788283e-05],[-1.1727770661788283e-05,9.214676948547937e-05]]},{""station_id"":""station_1"",""mu_rad"":[-0.0008377580409572782,0.0006981317007977319],""R_rad2"":[[4.633230954955836e-05,1.5444103183186123e-05],[1.5444103183186123e-05,8.236855031032602e-05]]},{""station_id"":""station_2"",""mu_rad"":[0.0005585053606381855,0.0004363323129985824],""R_rad2"":[[5.6323760918562415e-05,6.418289034905951e-06],[6.418289034905951e-06,7.313864249078874e-05]]}]","[{""station_id"":""station_0"",""mu_cal_rad"":[0.002044891826904743,-0.0007670317460374007],""R_cal_rad2"":[[4.158996312260653e-05,-1.9737480591348507e-05],[-1.9737480591348507e-05,0.00010208258501752107]],""R_rank"":2,""R_condition"":3.0222224263476},{""station_id"":""station_1"",""mu_cal_rad"":[-0.000995971279738918,0.0014194107894736924],""R_cal_rad2"":[[4.622422619124228e-05,2.2058483285636002e-05],[2.2058483285636002e-05,9.99777378466604e-05]],""R_rank"":2,""R_condition"":2.8141750397606113},{""station_id"":""station_2"",""mu_cal_rad"":[0.0009105376958340994,0.0009052611607745002],""R_cal_rad2"":[[4.829032929225551e-05,-4.0345169426700134e-07],[-4.0345169426700134e-07,9.386623862471336e-05]],""R_rank"":2,""R_condition"":1.9440072914877897}]",calibration,False,none,0.0,0.0,False,,,256,1536,False,20260831,1234708937,1637861180,1234708937,0,independent_bearing_level_realizations,calibration,False,True,False,False,False,False,0.002910632812501035,1.0,0.0,0.8543329071346983,0.6622758030698628,1.550630860194135,1.9000895581277668,0.7973010549510704,1.4533174590112736,0.30691325156652194,0.5997850676295062,-0.029552612600015557,-0.03877199511272801,-0.03479190291279393,"[[0.424626559396425,0.2828830211359166,0.1640367579811945],[0.2828830211359166,0.2111693661473122,0.11699037363402259],[0.1640367579811945,0.11699037363402259,0.09334991558660205]]","[[0.40302812668776106,0.27360857013826734,0.14538251646023365],[0.27360857013826734,0.2067278264970307,0.10338557457898938],[0.14538251646023365,0.10338557457898938,0.08710121265805552]]",0.06093996516769012,1.046334710856333,2.585320297739852,7.499530158539503,0.953125,3,45.85715653469194,53.93022094727675,"[1.5452302966317117,32.546797873634944,70.84724888705959]"
equilateral_scale_small__ideal_two,equilateral_scale_small,ideal_two,calibration,2,"[""station_0"", ""station_1""]",equilateral,aligned,10.0,"[24.574561328669756,17.20729309053138,10.0]",24.574561328669756,17.20729309053138,10.0,3.162277660168379,3.0,1.0,9.932267300320632,19.550231351684154,"[{""station_id"":""station_0"",""mu_rad"":[0.0013962634015954637,-0.0008726646259971648],""R_rad2"":[[3.73156339238718e-05,-1.1727770661788283e-05],[-1.1727770661788283e-05,9.214676948547937e-05]]},{""station_id"":""station_1"",""mu_rad"":[-0.0008377580409572782,0.0006981317007977319],""R_rad2"":[[4.633230954955836e-05,1.5444103183186123e-05],[1.5444103183186123e-05,8.236855031032602e-05]]}]","[{""station_id"":""station_0"",""mu_cal_rad"":[0.002044891826904743,-0.0007670317460374007],""R_cal_rad2"":[[4.158996312260653e-05,-1.9737480591348507e-05],[-1.9737480591348507e-05,0.00010208258501752107]],""R_rank"":2,""R_condition"":3.0222224263476},{""station_id"":""station_1"",""mu_cal_rad"":[-0.000995971279738918,0.0014194107894736924],""R_cal_rad2"":[[4.622422619124228e-05,2.2058483285636002e-05],[2.2058483285636002e-05,9.99777378466604e-05]],""R_rank"":2,""R_condition"":2.8141750397606113}]",calibration,False,none,0.0,0.0,False,,,128,512,False,20260831,1637861180,1637861180,1234708937,0,independent_bearing_level_realizations,calibration,False,True,False,False,False,False,0.0022484179687580763,1.0,0.0,1.6280906353636115,1.175115032567506,3.1962588900225635,4.071561125025222,1.5471099617252506,3.0011279706790686,0.5070797602835105,0.9532567899210184,0.055235812202005685,0.04564630772437084,0.021108032143022246,"[[1.4058999522708404,1.1672388956769246,0.5337418767061017],[1.1672388956769246,1.0013211156331818,0.45488174699891887],[0.5337418767061017,0.45488174699891887,0.25870547075853284]]","[[1.3406558841580043,1.1216861091962018,0.47920932976046043],[1.1216861091962018,0.9757646989351851,0.41100541927896744],[0.47920932976046043,0.41100541927896744,0.2287374419355078]]",0.05408152267980931,1.0474503007067688,2.105102622294263,7.99639260027256,0.9453125,3,112.79604066854341,147.15771697269832,"[0.4174085855395432,19.69322864729534,46.83950661088158]"
equilateral_scale_small__ideal_two,equilateral_scale_small,ideal_two,evaluation,2,"[""station_0"", ""station_1""]",equilateral,aligned,10.0,"[24.574561328669756,17.20729309053138,10.0]",24.574561328669756,17.20729309053138,10.0,3.162277660168379,3.0,1.0,9.932267300320632,19.550231351684154,"[{""station_id"":""station_0"",""mu_rad"":[0.0013962634015954637,-0.0008726646259971648],""R_rad2"":[[3.73156339238718e-05,-1.1727770661788283e-05],[-1.1727770661788283e-05,9.214676948547937e-05]]},{""station_id"":""station_1"",""mu_rad"":[-0.0008377580409572782,0.0006981317007977319],""R_rad2"":[[4.633230954955836e-05,1.5444103183186123e-05],[1.5444103183186123e-05,8.236855031032602e-05]]}]","[{""station_id"":""station_0"",""mu_cal_rad"":[0.002044891826904743,-0.0007670317460374007],""R_cal_rad2"":[[4.158996312260653e-05,-1.9737480591348507e-05],[-1.9737480591348507e-05,0.00010208258501752107]],""R_rank"":2,""R_condition"":3.0222224263476},{""station_id"":""station_1"",""mu_cal_rad"":[-0.000995971279738918,0.0014194107894736924],""R_cal_rad2"":[[4.622422619124228e-05,2.2058483285636002e-05],[2.2058483285636002e-05,9.99777378466604e-05]],""R_rank"":2,""R_condition"":2.8141750397606113}]",calibration,False,none,0.0,0.0,False,,,256,1024,False,20260831,1234708937,1637861180,1234708937,0,independent_bearing_level_realizations,calibration,False,True,False,False,False,False,0.002236247656242085,1.0,0.0,1.474686375037615,1.027545256445232,2.75427568935096,3.478398112026618,1.4016925827907625,2.6332544912211673,0.458211532014354,0.8806647533158438,-0.1399780974865611,-0.14139463074696326,-0.08147740616243725,"[[1.142068493194447,0.9266497274543252,0.41444886712198203],[0.9266497274543252,0.7906369246144805,0.3486319003165318],[0.41444886712198203,0.3486319003165318,0.2041165707103198]]","[[1.294348205396007,1.0821596102860171,0.46108252352949863],[1.0821596102860171,0.9413763294933546,0.3953948208397815],[0.46108252352949863,0.3953948208397815,0.2206466542479767]]",0.15542622897705508,0.8699100518556747,2.423178468837283,8.415397887241058,0.94140625,3,111.23600997573735,139.20768191501594,"[0.4275213581723074,20.03085528825764,47.68098862310708]"
equilateral_scale_small__one_station_failure,equilateral_scale_small,one_station_failure,calibration,2,"[""station_0"", ""station_2""]",equilateral,aligned,10.0,"[24.574561328669756,17.20729309053138,10.0]",24.574561328669756,17.20729309053138,10.0,3.162277660168379,3.0,1.0,9.932267300320632,19.550231351684154,"[{""station_id"":""station_0"",""mu_rad"":[0.0013962634015954637,-0.0008726646259971648],""R_rad2"":[[3.73156339238718e-05,-1.1727770661788283e-05],[-1.1727770661788283e-05,9.214676948547937e-05]]},{""station_id"":""station_2"",""mu_rad"":[0.0005585053606381855,0.0004363323129985824],""R_rad2"":[[5.6323760918562415e-05,6.418289034905951e-06],[6.418289034905951e-06,7.313864249078874e-05]]}]","[{""station_id"":""station_0"",""mu_cal_rad"":[0.002044891826904743,-0.0007670317460374007],""R_cal_rad2"":[[4.158996312260653e-05,-1.9737480591348507e-05],[-1.9737480591348507e-05,0.00010208258501752107]],""R_rank"":2,""R_condition"":3.0222224263476},{""station_id"":""station_2"",""mu_cal_rad"":[0.0009105376958340994,0.0009052611607745002],""R_cal_rad2"":[[4.829032929225551e-05,-4.0345169426700134e-07],[-4.0345169426700134e-07,9.386623862471336e-05]],""R_rank"":2,""R_condition"":1.9440072914877897}]",calibration,False,none,0.0,0.0,False,,,128,512,False,20260831,1637861180,1637861180,1234708937,0,independent_bearing_level_realizations,calibration,False,True,False,False,False,False,0.0023046679687581673,1.0,0.0,2.0539308569181634,1.4723270471511256,3.529275236608416,5.699023758679135,1.9239999582517369,3.281177965021435,0.7189270655969883,1.3515622309080595,0.09720472059871565,0.054153025911376565,0.039625654006816086,"[[2.8521549920581744,1.5414417312686688,1.1546963946970565],[1.5414417312686688,0.8662898900136663,0.6250138359662046],[1.1546963946970565,0.6250138359662046,0.5193433027451246]]","[[2.922085948025175,1.5853512410120858,1.1698718161292763],[1.5853512410120858,0.8909050129027855,0.6344180918035175],[1.1698718161292763,0.6344180918035175,0.5232853443675228]]",0.024010645935235175,0.9772873974017192,2.1523718975242376,7.525369800820049,0.9609375,3,181.04544151003418,259.93279568661586,"[0.2467650666296217,20.323719430258414,44.62502726501015]"
equilateral_scale_small__one_station_failure,equilateral_scale_small,one_station_failure,evaluation,2,"[""station_0"", ""station_2""]",equilateral,aligned,10.0,"[24.574561328669756,17.20729309053138,10.0]",24.574561328669756,17.20729309053138,10.0,3.162277660168379,3.0,1.0,9.932267300320632,19.550231351684154,"[{""station_id"":""station_0"",""mu_rad"":[0.0013962634015954637,-0.0008726646259971648],""R_rad2"":[[3.73156339238718e-05,-1.1727770661788283e-05],[-1.1727770661788283e-05,9.214676948547937e-05]]},{""station_id"":""station_2"",""mu_rad"":[0.0005585053606381855,0.0004363323129985824],""R_rad2"":[[5.6323760918562415e-05,6.418289034905951e-06],[6.418289034905951e-06,7.313864249078874e-05]]}]","[{""station_id"":""station_0"",""mu_cal_rad"":[0.002044891826904743,-0.0007670317460374007],""R_cal_rad2"":[[4.158996312260653e-05,-1.9737480591348507e-05],[-1.9737480591348507e-05,0.00010208258501752107]],""R_rank"":2,""R_condition"":3.0222224263476},{""station_id"":""station_2"",""mu_cal_rad"":[0.0009105376958340994,0.0009052611607745002],""R_cal_rad2"":[[4.829032929225551e-05,-4.0345169426700134e-07],[-4.0345169426700134e-07,9.386623862471336e-05]],""R_rank"":2,""R_condition"":1.9440072914877897}]",calibration,False,none,0.0,0.0,False,,,256,1024,False,20260831,1234708937,1637861180,1234708937,0,independent_bearing_level_realizations,calibration,False,True,False,False,False,False,0.0023081121093753154,1.0,0.0,1.9703058931325674,1.3591980177362846,3.6491104854608767,5.294090410126451,1.8477113792203879,3.432706408099907,0.6841549324622427,1.387516308954416,0.2922922418964112,0.12927651396758216,0.09681090809882731,"[[2.527378630453657,1.39281902825657,1.0249890391218328],[1.39281902825657,0.797499343295368,0.5722794065560212],[1.0249890391218328,0.5722794065560212,0.46049442603720403]]","[[2.984904746907955,1.6171720984211306,1.1927247025745689],[1.6171720984211306,0.9073168408020891,0.6459101121315359],[1.1927247025745689,0.6459101121315359,0.5321878961385046]]",0.168598432908734,0.855565564987792,2.103149658006897,6.867927583873956,0.96484375,3,184.22764910650505,290.0600906854436,"[0.23666601016154953,19.75436245705242,43.4167475228795]"
equilateral_scale_small__position_calibration_mismatch,equilateral_scale_small,position_calibration_mismatch,calibration,3,"[""station_0"", ""station_1"", ""station_2""]",equilateral,aligned,10.0,"[24.574561328669756,17.20729309053138,10.0]",24.574561328669756,17.20729309053138,10.0,3.162277660168379,3.0,1.0,9.932267300320632,19.550231351684154,"[{""station_id"":""station_0"",""mu_rad"":[0.0013962634015954637,-0.0008726646259971648],""R_rad2"":[[3.73156339238718e-05,-1.1727770661788283e-05],[-1.1727770661788283e-05,9.214676948547937e-05]]},{""station_id"":""station_1"",""mu_rad"":[-0.0008377580409572782,0.0006981317007977319],""R_rad2"":[[4.633230954955836e-05,1.5444103183186123e-05],[1.5444103183186123e-05,8.236855031032602e-05]]},{""station_id"":""station_2"",""mu_rad"":[0.0005585053606381855,0.0004363323129985824],""R_rad2"":[[5.6323760918562415e-05,6.418289034905951e-06],[6.418289034905951e-06,7.313864249078874e-05]]}]","[{""station_id"":""station_0"",""mu_cal_rad"":[0.002044891826904743,-0.0007670317460374007],""R_cal_rad2"":[[4.158996312260653e-05,-1.9737480591348507e-05],[-1.9737480591348507e-05,0.00010208258501752107]],""R_rank"":2,""R_condition"":3.0222224263476},{""station_id"":""station_1"",""mu_cal_rad"":[-0.000995971279738918,0.0014194107894736924],""R_cal_rad2"":[[4.622422619124228e-05,2.2058483285636002e-05],[2.2058483285636002e-05,9.99777378466604e-05]],""R_rank"":2,""R_condition"":2.8141750397606113},{""station_id"":""station_2"",""mu_cal_rad"":[0.0009105376958340994,0.0009052611607745002],""R_cal_rad2"":[[4.829032929225551e-05,-4.0345169426700134e-07],[-4.0345169426700134e-07,9.386623862471336e-05]],""R_rank"":2,""R_condition"":1.9440072914877897}]",calibration,False,position,0.09433981132056604,0.0,False,,,128,768,False,20260831,1637861180,1637861180,1234708937,0,independent_bearing_level_realizations,calibration,False,True,False,False,False,False,0.0028817765625035463,1.0,0.0,0.8694887225577388,0.6825067271331625,1.5673373888308426,1.836872218072556,0.8136473688533085,1.4378940517783856,0.3065755988547957,0.590255483741216,-0.1818102794305312,-0.10852386781734433,-0.07065921358751788,"[[0.4044244049028467,0.28233268487699403,0.15100968537833376],[0.28233268487699403,0.21762498923814713,0.11069442334935085],[0.15100968537833376,0.11069442334935085,0.08969662825662501]]","[[0.3992919248741757,0.27117429615929173,0.14440663438507634],[0.27117429615929173,0.2048785413400867,0.10270353543956266],[0.14440663438507634,0.10270353543956266,0.08643385356091145]]",0.03845928693288308,1.030613336779196,2.3154647918688953,7.8131847238862315,0.9453125,3,45.899512099315984,53.52646516410053,"[1.566926742163841,33.06586870616098,71.88713859857998]"
equilateral_scale_small__position_calibration_mismatch,equilateral_scale_small,position_calibration_mismatch,evaluation,3,"[""station_0"", ""station_1"", ""station_2""]",equilateral,aligned,10.0,"[24.574561328669756,17.20729309053138,10.0]",24.574561328669756,17.20729309053138,10.0,3.162277660168379,3.0,1.0,9.932267300320632,19.550231351684154,"[{""station_id"":""station_0"",""mu_rad"":[0.0013962634015954637,-0.0008726646259971648],""R_rad2"":[[3.73156339238718e-05,-1.1727770661788283e-05],[-1.1727770661788283e-05,9.214676948547937e-05]]},{""station_id"":""station_1"",""mu_rad"":[-0.0008377580409572782,0.0006981317007977319],""R_rad2"":[[4.633230954955836e-05,1.5444103183186123e-05],[1.5444103183186123e-05,8.236855031032602e-05]]},{""station_id"":""station_2"",""mu_rad"":[0.0005585053606381855,0.0004363323129985824],""R_rad2"":[[5.6323760918562415e-05,6.418289034905951e-06],[6.418289034905951e-06,7.313864249078874e-05]]}]","[{""station_id"":""station_0"",""mu_cal_rad"":[0.002044891826904743,-0.0007670317460374007],""R_cal_rad2"":[[4.158996312260653e-05,-1.9737480591348507e-05],[-1.9737480591348507e-05,0.00010208258501752107]],""R_rank"":2,""R_condition"":3.0222224263476},{""station_id"":""station_1"",""mu_cal_rad"":[-0.000995971279738918,0.0014194107894736924],""R_cal_rad2"":[[4.622422619124228e-05,2.2058483285636002e-05],[2.2058483285636002e-05,9.99777378466604e-05]],""R_rank"":2,""R_condition"":2.8141750397606113},{""station_id"":""station_2"",""mu_cal_rad"":[0.0009105376958340994,0.0009052611607745002],""R_cal_rad2"":[[4.829032929225551e-05,-4.0345169426700134e-07],[-4.0345169426700134e-07,9.386623862471336e-05]],""R_rank"":2,""R_condition"":1.9440072914877897}]",calibration,False,position,0.09433981132056604,0.0,False,,,256,1536,False,20260831,1234708937,1637861180,1234708937,0,independent_bearing_level_realizations,calibration,False,True,False,False,False,False,0.0029084128906333717,1.0,0.0,0.8953780125189844,0.6648739782874835,1.6458948859555498,1.8929444130972632,0.835538310645595,1.5219801601838285,0.3218346108577382,0.6122555185369816,-0.2262936998229534,-0.15796939728899972,-0.11117773514615681,"[[0.4173668713302748,0.27766832180947776,0.16104877121687455],[0.27766832180947776,0.20703329130209203,0.1147139736507025],[0.16104877121687455,0.1147139736507025,0.09157474178883536]]","[[0.39582874394648854,0.26848456421176137,0.14276998555783071],[0.26848456421176137,0.20271534279088965,0.10143824862958314],[0.14276998555783071,0.10143824862958314,0.08551997827003194]]",0.061089298188359314,1.046648904753455,2.5987927272971323,7.50568344415849,0.95703125,3,45.78729305006312,53.84282110124198,"[1.5755069271114026,33.16309151069484,72.10384001240222]"
equilateral_scale_small__orientation_calibration_mismatch,equilateral_scale_small,orientation_calibration_mismatch,calibration,3,"[""station_0"", ""station_1"", ""station_2""]",equilateral,aligned,10.0,"[24.574561328669756,17.20729309053138,10.0]",24.574561328669756,17.20729309053138,10.0,3.162277660168379,3.0,1.0,9.932267300320632,19.550231351684154,"[{""station_id"":""station_0"",""mu_rad"":[0.0013962634015954637,-0.0008726646259971648],""R_rad2"":[[3.73156339238718e-05,-1.1727770661788283e-05],[-1.1727770661788283e-05,9.214676948547937e-05]]},{""station_id"":""station_1"",""mu_rad"":[-0.0008377580409572782,0.0006981317007977319],""R_rad2"":[[4.633230954955836e-05,1.5444103183186123e-05],[1.5444103183186123e-05,8.236855031032602e-05]]},{""station_id"":""station_2"",""mu_rad"":[0.0005585053606381855,0.0004363323129985824],""R_rad2"":[[5.6323760918562415e-05,6.418289034905951e-06],[6.418289034905951e-06,7.313864249078874e-05]]}]","[{""station_id"":""station_0"",""mu_cal_rad"":[0.002044891826904743,-0.0007670317460374007],""R_cal_rad2"":[[4.158996312260653e-05,-1.9737480591348507e-05],[-1.9737480591348507e-05,0.00010208258501752107]],""R_rank"":2,""R_condition"":3.0222224263476},{""station_id"":""station_1"",""mu_cal_rad"":[-0.000995971279738918,0.0014194107894736924],""R_cal_rad2"":[[4.622422619124228e-05,2.2058483285636002e-05],[2.2058483285636002e-05,9.99777378466604e-05]],""R_rank"":2,""R_condition"":2.8141750397606113},{""station_id"":""station_2"",""mu_cal_rad"":[0.0009105376958340994,0.0009052611607745002],""R_cal_rad2"":[[4.829032929225551e-05,-4.0345169426700134e-07],[-4.0345169426700134e-07,9.386623862471336e-05]],""R_rank"":2,""R_condition"":1.9440072914877897}]",calibration,False,orientation,0.0,0.2569046515733026,False,,,128,768,False,20260831,1637861180,1637861180,1234708937,0,independent_bearing_level_realizations,calibration,False,True,False,False,False,False,0.0028906679687565884,1.0,0.0,0.8598376459567671,0.7023106785577312,1.5553687587972345,1.8534837645259068,0.8039361401532917,1.4357536104876647,0.3049712444803635,0.5833709714604733,-0.12897937759016023,-0.12424492349870908,-0.06269118567382329,"[[0.40223935293110397,0.2809535403536226,0.15046761219120788],[0.2809535403536226,0.21683802567508464,0.11040120715973464],[0.15046761219120788,0.11040120715973464,0.08977867106641824]]","[[0.3950067731350802,0.2679911358615054,0.1425523664811853],[0.2679911358615054,0.20259413018645037,0.1013423872274901],[0.1425523664811853,0.1013423872274901,0.0858131424168835]]",0.04491196774163948,1.0372278036906648,2.312863817513202,7.831815046654063,0.9453125,3,45.19701879116214,52.72251818050128,"[1.5844285313509934,32.888159574640305,71.61064987243121]"
equilateral_scale_small__orientation_calibration_mismatch,equilateral_scale_small,orientation_calibration_mismatch,evaluation,3,"[""station_0"", ""station_1"", ""station_2""]",equilateral,aligned,10.0,"[24.574561328669756,17.20729309053138,10.0]",24.574561328669756,17.20729309053138,10.0,3.162277660168379,3.0,1.0,9.932267300320632,19.550231351684154,"[{""station_id"":""station_0"",""mu_rad"":[0.0013962634015954637,-0.0008726646259971648],""R_rad2"":[[3.73156339238718e-05,-1.1727770661788283e-05],[-1.1727770661788283e-05,9.214676948547937e-05]]},{""station_id"":""station_1"",""mu_rad"":[-0.0008377580409572782,0.0006981317007977319],""R_rad2"":[[4.633230954955836e-05,1.5444103183186123e-05],[1.5444103183186123e-05,8.236855031032602e-05]]},{""station_id"":""station_2"",""mu_rad"":[0.0005585053606381855,0.0004363323129985824],""R_rad2"":[[5.6323760918562415e-05,6.418289034905951e-06],[6.418289034905951e-06,7.313864249078874e-05]]}]","[{""station_id"":""station_0"",""mu_cal_rad"":[0.002044891826904743,-0.0007670317460374007],""R_cal_rad2"":[[4.158996312260653e-05,-1.9737480591348507e-05],[-1.9737480591348507e-05,0.00010208258501752107]],""R_rank"":2,""R_condition"":3.0222224263476},{""station_id"":""station_1"",""mu_cal_rad"":[-0.000995971279738918,0.0014194107894736924],""R_cal_rad2"":[[4.622422619124228e-05,2.2058483285636002e-05],[2.2058483285636002e-05,9.99777378466604e-05]],""R_rank"":2,""R_condition"":2.8141750397606113},{""station_id"":""station_2"",""mu_cal_rad"":[0.0009105376958340994,0.0009052611607745002],""R_cal_rad2"":[[4.829032929225551e-05,-4.0345169426700134e-07],[-4.0345169426700134e-07,9.386623862471336e-05]],""R_rank"":2,""R_condition"":1.9440072914877897}]",calibration,False,orientation,0.0,0.2569046515733026,False,,,256,1536,False,20260831,1234708937,1637861180,1234708937,0,independent_bearing_level_realizations,calibration,False,True,False,False,False,False,0.0029359558593853308,1.0,0.0,0.882732358375899,0.6535022256969292,1.6084642044908382,1.8692317587382388,0.823088895658971,1.487209352658655,0.3189687858815847,0.6028898999683401,-0.1747961780136132,-0.17463710993905476,-0.1038209463674776,"[[0.41343485931698637,0.2750759549587302,0.1597607169053276],[0.2750759549587302,0.20540599390699196,0.11389657031832291],[0.1597607169053276,0.11389657031832291,0.09131901235414198]]","[[0.39149663678124413,0.26527582844364667,0.14090374020861154],[0.26527582844364667,0.2004159503483651,0.10007129215026878],[0.14090374020861154,0.10007129215026878,0.08489290326822628]]",0.06383819370529147,1.0492820694475729,2.585617595854444,7.502772341950425,0.953125,3,45.11850520159255,53.00642717536369,"[1.5925241447435003,32.98381327946713,71.83762517526281]"
equilateral_scale_small__bearing_covariance_mismatch,equilateral_scale_small,bearing_covariance_mismatch,calibration,3,"[""station_0"", ""station_1"", ""station_2""]",equilateral,aligned,10.0,"[24.574561328669756,17.20729309053138,10.0]",24.574561328669756,17.20729309053138,10.0,3.162277660168379,3.0,1.0,9.932267300320632,19.550231351684154,"[{""station_id"":""station_0"",""mu_rad"":[0.0013962634015954637,-0.0008726646259971648],""R_rad2"":[[3.73156339238718e-05,-1.1727770661788283e-05],[-1.1727770661788283e-05,9.214676948547937e-05]]},{""station_id"":""station_1"",""mu_rad"":[-0.0008377580409572782,0.0006981317007977319],""R_rad2"":[[4.633230954955836e-05,1.5444103183186123e-05],[1.5444103183186123e-05,8.236855031032602e-05]]},{""station_id"":""station_2"",""mu_rad"":[0.0005585053606381855,0.0004363323129985824],""R_rad2"":[[5.6323760918562415e-05,6.418289034905951e-06],[6.418289034905951e-06,7.313864249078874e-05]]}]","[{""station_id"":""station_0"",""mu_cal_rad"":[0.002044891826904743,-0.0007670317460374007],""R_cal_rad2"":[[4.158996312260653e-05,-1.9737480591348507e-05],[-1.9737480591348507e-05,0.00010208258501752107]],""R_rank"":2,""R_condition"":3.0222224263476},{""station_id"":""station_1"",""mu_cal_rad"":[-0.000995971279738918,0.0014194107894736924],""R_cal_rad2"":[[4.622422619124228e-05,2.2058483285636002e-05],[2.2058483285636002e-05,9.99777378466604e-05]],""R_rank"":2,""R_condition"":2.8141750397606113},{""station_id"":""station_2"",""mu_cal_rad"":[0.0009105376958340994,0.0009052611607745002],""R_cal_rad2"":[[4.829032929225551e-05,-4.0345169426700134e-07],[-4.0345169426700134e-07,9.386623862471336e-05]],""R_rank"":2,""R_condition"":1.9440072914877897}]",calibration,False,none,0.0,0.0,True,,,128,768,False,20260831,1637861180,1637861180,1234708937,0,independent_bearing_level_realizations,calibration,False,True,False,False,False,False,0.002912120312487332,1.0,0.0,0.8680322306545198,0.6981016512306637,1.593338976616326,2.050146991071808,0.8039733803447083,1.5351738303577367,0.3272716870616286,0.6330512747416278,0.01725994370932621,0.01253097473487147,0.007050428624363225,"[[0.4247470758025958,0.294490397617234,0.1641407429642825],[0.294490397617234,0.22625716010870303,0.11982190831207404],[0.1641407429642825,0.11982190831207404,0.1079000174950575]]","[[0.12395111058796518,0.08461091600682936,0.031781455235001886],[0.08461091600682936,0.06421325155578941,0.023585935156707042],[0.031781455235001886,0.023585935156707042,0.11814210259446252]]",0.7195372071690196,2.47759789874154,5.2042709626330055,18.48826826858696,0.703125,3,46.416968141638634,53.61236157154997,"[4.958256880365628,10.07450592716129,230.14685605181427]"
equilateral_scale_small__bearing_covariance_mismatch,equilateral_scale_small,bearing_covariance_mismatch,evaluation,3,"[""station_0"", ""station_1"", ""station_2""]",equilateral,aligned,10.0,"[24.574561328669756,17.20729309053138,10.0]",24.574561328669756,17.20729309053138,10.0,3.162277660168379,3.0,1.0,9.932267300320632,19.550231351684154,"[{""station_id"":""station_0"",""mu_rad"":[0.0013962634015954637,-0.0008726646259971648],""R_rad2"":[[3.73156339238718e-05,-1.1727770661788283e-05],[-1.1727770661788283e-05,9.214676948547937e-05]]},{""station_id"":""station_1"",""mu_rad"":[-0.0008377580409572782,0.0006981317007977319],""R_rad2"":[[4.633230954955836e-05,1.5444103183186123e-05],[1.5444103183186123e-05,8.236855031032602e-05]]},{""station_id"":""station_2"",""mu_rad"":[0.0005585053606381855,0.0004363323129985824],""R_rad2"":[[5.6323760918562415e-05,6.418289034905951e-06],[6.418289034905951e-06,7.313864249078874e-05]]}]","[{""station_id"":""station_0"",""mu_cal_rad"":[0.002044891826904743,-0.0007670317460374007],""R_cal_rad2"":[[4.158996312260653e-05,-1.9737480591348507e-05],[-1.9737480591348507e-05,0.00010208258501752107]],""R_rank"":2,""R_condition"":3.0222224263476},{""station_id"":""station_1"",""mu_cal_rad"":[-0.000995971279738918,0.0014194107894736924],""R_cal_rad2"":[[4.622422619124228e-05,2.2058483285636002e-05],[2.2058483285636002e-05,9.99777378466604e-05]],""R_rank"":2,""R_condition"":2.8141750397606113},{""station_id"":""station_2"",""mu_cal_rad"":[0.0009105376958340994,0.0009052611607745002],""R_cal_rad2"":[[4.829032929225551e-05,-4.0345169426700134e-07],[-4.0345169426700134e-07,9.386623862471336e-05]],""R_rank"":2,""R_condition"":1.9440072914877897}]",calibration,False,none,0.0,0.0,True,,,256,1536,False,20260831,1234708937,1637861180,1234708937,0,independent_bearing_level_realizations,calibration,False,True,False,False,False,False,0.0029612406249839296,1.0,0.0,0.8789661381308986,0.6493831395020437,1.6525572771774124,2.0008637358754244,0.8189058677437406,1.5646483389506685,0.31933470177169476,0.6145457459483827,-0.026063678390030195,-0.036925060414020744,-0.04734075695070454,"[[0.4484069100714358,0.29963870912091733,0.17028161020315746],[0.29963870912091733,0.22277895451945326,0.12031508280937123],[0.17028161020315746,0.12031508280937123,0.1001246162692533]]","[[0.12290482381366827,0.0837900731083311,0.031304888545086944],[0.0837900731083311,0.06354708436164401,0.023220509803044978],[0.031304888545086944,0.023220509803044978,0.11734005392800244]]",0.7316931422997655,2.538943017188296,5.128907357017704,20.676141152528047,0.63671875,3,46.21974729866763,54.429208615238984,"[5.007341915326984,10.10314905440795,231.48242308491137]"
equilateral_scale_small__one_erroneous_bearing,equilateral_scale_small,one_erroneous_bearing,calibration,3,"[""station_0"", ""station_1"", ""station_2""]",equilateral,aligned,10.0,"[24.574561328669756,17.20729309053138,10.0]",24.574561328669756,17.20729309053138,10.0,3.162277660168379,3.0,1.0,9.932267300320632,19.550231351684154,"[{""station_id"":""station_0"",""mu_rad"":[0.0013962634015954637,-0.0008726646259971648],""R_rad2"":[[3.73156339238718e-05,-1.1727770661788283e-05],[-1.1727770661788283e-05,9.214676948547937e-05]]},{""station_id"":""station_1"",""mu_rad"":[-0.0008377580409572782,0.0006981317007977319],""R_rad2"":[[4.633230954955836e-05,1.5444103183186123e-05],[1.5444103183186123e-05,8.236855031032602e-05]]},{""station_id"":""station_2"",""mu_rad"":[0.0005585053606381855,0.0004363323129985824],""R_rad2"":[[5.6323760918562415e-05,6.418289034905951e-06],[6.418289034905951e-06,7.313864249078874e-05]]}]","[{""station_id"":""station_0"",""mu_cal_rad"":[0.002044891826904743,-0.0007670317460374007],""R_cal_rad2"":[[4.158996312260653e-05,-1.9737480591348507e-05],[-1.9737480591348507e-05,0.00010208258501752107]],""R_rank"":2,""R_condition"":3.0222224263476},{""station_id"":""station_1"",""mu_cal_rad"":[-0.000995971279738918,0.0014194107894736924],""R_cal_rad2"":[[4.622422619124228e-05,2.2058483285636002e-05],[2.2058483285636002e-05,9.99777378466604e-05]],""R_rank"":2,""R_condition"":2.8141750397606113},{""station_id"":""station_2"",""mu_cal_rad"":[0.0009105376958340994,0.0009052611607745002],""R_cal_rad2"":[[4.829032929225551e-05,-4.0345169426700134e-07],[-4.0345169426700134e-07,9.386623862471336e-05]],""R_rank"":2,""R_condition"":1.9440072914877897}]",calibration,False,none,0.0,0.0,False,station_2,"[5.0,-2.0]",128,768,False,20260831,1637861180,1637861180,1234708937,0,independent_bearing_level_realizations,calibration,False,True,False,False,False,False,0.0029543046874778156,1.0,0.0,0.8499841508868305,0.693273734559134,1.583709241921655,1.8951896310913872,0.7946227915253692,1.5546969727094764,0.3017410743455981,0.5868898081901742,0.016741002589173354,0.01217583546636719,0.006647723554791429,"[[0.41310008383523616,0.28884218956752,0.15450672696618103],[0.28884218956752,0.22286526412024157,0.11341129833352517],[0.15450672696618103,0.11341129833352517,0.09172004658270218]]","[[0.4066564763642091,0.2764196037210557,0.1470870585959013],[0.2764196037210557,0.20898448068758713,0.10470165346302512],[0.1470870585959013,0.10470165346302512,0.08805021259508729]]",0.04176327752258409,1.0340976637568677,2.304468881740554,7.818032701483867,0.9453125,3,45.93998801542895,53.62936636140248,"[1.5373211950929417,32.45098793218047,70.6237695099156]"
equilateral_scale_small__one_erroneous_bearing,equilateral_scale_small,one_erroneous_bearing,evaluation,3,"[""station_0"", ""station_1"", ""station_2""]",equilateral,aligned,10.0,"[24.574561328669756,17.20729309053138,10.0]",24.574561328669756,17.20729309053138,10.0,3.162277660168379,3.0,1.0,9.932267300320632,19.550231351684154,"[{""station_id"":""station_0"",""mu_rad"":[0.0013962634015954637,-0.0008726646259971648],""R_rad2"":[[3.73156339238718e-05,-1.1727770661788283e-05],[-1.1727770661788283e-05,9.214676948547937e-05]]},{""station_id"":""station_1"",""mu_rad"":[-0.0008377580409572782,0.0006981317007977319],""R_rad2"":[[4.633230954955836e-05,1.5444103183186123e-05],[1.5444103183186123e-05,8.236855031032602e-05]]},{""station_id"":""station_2"",""mu_rad"":[0.0005585053606381855,0.0004363323129985824],""R_rad2"":[[5.6323760918562415e-05,6.418289034905951e-06],[6.418289034905951e-06,7.313864249078874e-05]]}]","[{""station_id"":""station_0"",""mu_cal_rad"":[0.002044891826904743,-0.0007670317460374007],""R_cal_rad2"":[[4.158996312260653e-05,-1.9737480591348507e-05],[-1.9737480591348507e-05,0.00010208258501752107]],""R_rank"":2,""R_condition"":3.0222224263476},{""station_id"":""station_1"",""mu_cal_rad"":[-0.000995971279738918,0.0014194107894736924],""R_cal_rad2"":[[4.622422619124228e-05,2.2058483285636002e-05],[2.2058483285636002e-05,9.99777378466604e-05]],""R_rank"":2,""R_condition"":2.8141750397606113},{""station_id"":""station_2"",""mu_cal_rad"":[0.0009105376958340994,0.0009052611607745002],""R_cal_rad2"":[[4.829032929225551e-05,-4.0345169426700134e-07],[-4.0345169426700134e-07,9.386623862471336e-05]],""R_rank"":2,""R_condition"":1.9440072914877897}]",calibration,False,none,0.0,0.0,False,station_2,"[5.0,-2.0]",256,1536,False,20260831,1234708937,1637861180,1234708937,0,independent_bearing_level_realizations,calibration,False,True,False,False,False,False,0.003267045312497885,1.0,0.0,9.49086079479416,9.343640571729445,11.814902235159037,12.774611765667478,9.214359634653906,11.46561107436003,2.2742064878593555,3.036787961865001,6.782762488168513,6.083272036830148,2.224947405081943,"[[1.2302407350645097,0.880281741090366,0.46036919980677266],[0.880281741090366,0.6695381077942111,0.3424253122882107],[0.46036919980677266,0.3424253122882107,0.22249330852715363]]","[[1.1871269648530425,0.8651322001919911,0.42226118916562916],[0.8651322001919911,0.6673236909453597,0.3154854125495823],[0.42226118916562916,0.3154854125495823,0.20789953267350011]]",0.04041414188461461,1.0290551833771602,78.53088742816624,94.98809700735265,0.0,3,82.66041801221131,102.18872547016706,"[0.5096312297116199,19.408239776819666,42.12185820667234]"
equilateral_scale_large__ideal_three,equilateral_scale_large,ideal_three,calibration,3,"[""station_0"", ""station_1"", ""station_2""]",equilateral,aligned,50.0,"[122.87280664334877,86.03646545265691,50.0]",122.87280664334877,86.03646545265691,50.0,3.1622776601683795,3.0,1.0,9.932267300320595,19.550231351684154,"[{""station_id"":""station_0"",""mu_rad"":[0.0013962634015954637,-0.0008726646259971648],""R_rad2"":[[3.73156339238718e-05,-1.1727770661788283e-05],[-1.1727770661788283e-05,9.214676948547937e-05]]},{""station_id"":""station_1"",""mu_rad"":[-0.0008377580409572782,0.0006981317007977319],""R_rad2"":[[4.633230954955836e-05,1.5444103183186123e-05],[1.5444103183186123e-05,8.236855031032602e-05]]},{""station_id"":""station_2"",""mu_rad"":[0.0005585053606381855,0.0004363323129985824],""R_rad2"":[[5.6323760918562415e-05,6.418289034905951e-06],[6.418289034905951e-06,7.313864249078874e-05]]}]","[{""station_id"":""station_0"",""mu_cal_rad"":[0.0014275628949862176,-9.032333159669517e-05],""R_cal_rad2"":[[4.162669925948351e-05,-1.1230694238441336e-05],[-1.1230694238441336e-05,7.037030550322027e-05]],""R_rank"":2,""R_condition"":1.9660961232442633},{""station_id"":""station_1"",""mu_cal_rad"":[-0.0014425136059187148,0.0014266435246311378],""R_cal_rad2"":[[4.45212832207368e-05,7.0740516202906035e-06],[7.0740516202906035e-06,6.41383761155839e-05]],""R_rank"":2,""R_condition"":1.5726512257188272},{""station_id"":""station_2"",""mu_cal_rad"":[0.0009523642806243985,0.0011723581802082952],""R_cal_rad2"":[[6.602602742189351e-05,1.441448726651476e-05],[1.441448726651476e-05,7.263241518585284e-05]],""R_rank"":2,""R_condition"":1.5422744080666675}]",calibration,False,none,0.0,0.0,False,,,128,768,False,20260831,285938025,285938025,682591365,0,independent_bearing_level_realizations,calibration,False,True,False,False,False,False,0.0029426632812601383,1.0,0.0,3.978659175259766,3.1883179779245516,7.448291520177351,8.113496828561082,3.722121322293545,7.029170736027914,1.4055396454765934,2.7586903577540163,0.07431642468084043,0.052056819907195684,0.030275244725724237,"[[9.241574621371532,6.169036779079222,3.6052960897985487],[6.169036779079222,4.713402935185121,2.519457583183965],[3.6052960897985487,2.519457583183965,1.990173333733054]]","[[10.924102583699675,7.630455843105466,4.524823568946634],[7.630455843105466,5.9464910393318755,3.321823655125256],[4.524823568946634,3.321823655125256,2.5270610039978747]]",0.2291707121725507,0.8220143721948286,2.228523728866257,6.534307783179756,0.96875,3,45.55338414757463,50.93044657893236,"[0.05445983184892988,1.8080120024355426,2.480827750940832]"
equilateral_scale_large__ideal_three,equilateral_scale_large,ideal_three,evaluation,3,"[""station_0"", ""station_1"", ""station_2""]",equilateral,aligned,50.0,"[122.87280664334877,86.03646545265691,50.0]",122.87280664334877,86.03646545265691,50.0,3.1622776601683795,3.0,1.0,9.932267300320595,19.550231351684154,"[{""station_id"":""station_0"",""mu_rad"":[0.0013962634015954637,-0.0008726646259971648],""R_rad2"":[[3.73156339238718e-05,-1.1727770661788283e-05],[-1.1727770661788283e-05,9.214676948547937e-05]]},{""station_id"":""station_1"",""mu_rad"":[-0.0008377580409572782,0.0006981317007977319],""R_rad2"":[[4.633230954955836e-05,1.5444103183186123e-05],[1.5444103183186123e-05,8.236855031032602e-05]]},{""station_id"":""station_2"",""mu_rad"":[0.0005585053606381855,0.0004363323129985824],""R_rad2"":[[5.6323760918562415e-05,6.418289034905951e-06],[6.418289034905951e-06,7.313864249078874e-05]]}]","[{""station_id"":""station_0"",""mu_cal_rad"":[0.0014275628949862176,-9.032333159669517e-05],""R_cal_rad2"":[[4.162669925948351e-05,-1.1230694238441336e-05],[-1.1230694238441336e-05,7.037030550322027e-05]],""R_rank"":2,""R_condition"":1.9660961232442633},{""station_id"":""station_1"",""mu_cal_rad"":[-0.0014425136059187148,0.0014266435246311378],""R_cal_rad2"":[[4.45212832207368e-05,7.0740516202906035e-06],[7.0740516202906035e-06,6.41383761155839e-05]],""R_rank"":2,""R_condition"":1.5726512257188272},{""station_id"":""station_2"",""mu_cal_rad"":[0.0009523642806243985,0.0011723581802082952],""R_cal_rad2"":[[6.602602742189351e-05,1.441448726651476e-05],[1.441448726651476e-05,7.263241518585284e-05]],""R_rank"":2,""R_condition"":1.5422744080666675}]",calibration,False,none,0.0,0.0,False,,,256,1536,False,20260831,682591365,285938025,682591365,0,independent_bearing_level_realizations,calibration,False,True,False,False,False,False,0.002922664062509739,1.0,0.0,4.3419504987493385,3.213085972149151,8.28573971360003,10.579501261001713,4.022417916803106,7.973220741966799,1.6348358437993051,3.1131866654137994,-0.34338506524707046,-0.24547233135469748,-0.18705622155601934,"[[10.592472072368194,7.1987686657965435,4.4234867583795285],[7.1987686657965435,5.471955526864498,3.1757843823196614],[4.4234867583795285,3.1757843823196614,2.6480421206820886]]","[[10.774717351507702,7.523749960337657,4.459459073481224],[7.523749960337657,5.866105600925807,3.2740864334409685],[4.459459073481224,3.2740864334409685,2.4940387637644337]]",0.03777781403117123,0.9779255265834715,2.548939406990211,8.624995826669332,0.92578125,3,45.10502988563269,52.860463258453386,"[0.055608996664169554,1.8287424626692337,2.5103481835215287]"
equilateral_scale_large__ideal_two,equilateral_scale_large,ideal_two,calibration,2,"[""station_0"", ""station_1""]",equilateral,aligned,50.0,"[122.87280664334877,86.03646545265691,50.0]",122.87280664334877,86.03646545265691,50.0,3.1622776601683795,3.0,1.0,9.932267300320595,19.550231351684154,"[{""station_id"":""station_0"",""mu_rad"":[0.0013962634015954637,-0.0008726646259971648],""R_rad2"":[[3.73156339238718e-05,-1.1727770661788283e-05],[-1.1727770661788283e-05,9.214676948547937e-05]]},{""station_id"":""station_1"",""mu_rad"":[-0.0008377580409572782,0.0006981317007977319],""R_rad2"":[[4.633230954955836e-05,1.5444103183186123e-05],[1.5444103183186123e-05,8.236855031032602e-05]]}]","[{""station_id"":""station_0"",""mu_cal_rad"":[0.0014275628949862176,-9.032333159669517e-05],""R_cal_rad2"":[[4.162669925948351e-05,-1.1230694238441336e-05],[-1.1230694238441336e-05,7.037030550322027e-05]],""R_rank"":2,""R_condition"":1.9660961232442633},{""station_id"":""station_1"",""mu_cal_rad"":[-0.0014425136059187148,0.0014266435246311378],""R_cal_rad2"":[[4.45212832207368e-05,7.0740516202906035e-06],[7.0740516202906035e-06,6.41383761155839e-05]],""R_rank"":2,""R_condition"":1.5726512257188272}]",calibration,False,none,0.0,0.0,False,,,128,512,False,20260831,285938025,285938025,682591365,0,independent_bearing_level_realizations,calibration,False,True,False,False,False,False,0.002220239843722993,1.0,0.0,7.747880161043565,4.21331941021642,15.23906159192612,22.634751721532783,7.3672232635041865,14.449906556503375,2.398680548879981,4.839547732693001,0.2429269873777936,0.2050243839342757,0.09634659502792425,"[[31.1910843897981,26.39741536409064,12.389556405873305],[26.39741536409064,23.410419958032513,10.692818201289121],[12.389556405873305,10.692818201289121,5.789617092738714]]","[[31.250286836365675,26.325158876075086,12.411247368703194],[26.325158876075086,23.165977197207205,10.653007446737645],[12.411247368703194,10.653007446737645,5.9431782115452]]",0.0053947927308200935,1.0005248424152529,2.1235170344662064,7.466540256634228,0.9609375,3,100.68429336302722,134.84374308250105,"[0.017568999565791124,1.1402192217109355,1.7697933641541344]"
equilateral_scale_large__ideal_two,equilateral_scale_large,ideal_two,evaluation,2,"[""station_0"", ""station_1""]",equilateral,aligned,50.0,"[122.87280664334877,86.03646545265691,50.0]",122.87280664334877,86.03646545265691,50.0,3.1622776601683795,3.0,1.0,9.932267300320595,19.550231351684154,"[{""station_id"":""station_0"",""mu_rad"":[0.0013962634015954637,-0.0008726646259971648],""R_rad2"":[[3.73156339238718e-05,-1.1727770661788283e-05],[-1.1727770661788283e-05,9.214676948547937e-05]]},{""station_id"":""station_1"",""mu_rad"":[-0.0008377580409572782,0.0006981317007977319],""R_rad2"":[[4.633230954955836e-05,1.5444103183186123e-05],[1.5444103183186123e-05,8.236855031032602e-05]]}]","[{""station_id"":""station_0"",""mu_cal_rad"":[0.0014275628949862176,-9.032333159669517e-05],""R_cal_rad2"":[[4.162669925948351e-05,-1.1230694238441336e-05],[-1.1230694238441336e-05,7.037030550322027e-05]],""R_rank"":2,""R_condition"":1.9660961232442633},{""station_id"":""station_1"",""mu_cal_rad"":[-0.0014425136059187148,0.0014266435246311378],""R_cal_rad2"":[[4.45212832207368e-05,7.0740516202906035e-06],[7.0740516202906035e-06,6.41383761155839e-05]],""R_rank"":2,""R_condition"":1.5726512257188272}]",calibration,False,none,0.0,0.0,False,,,256,1024,False,20260831,682591365,285938025,682591365,0,independent_bearing_level_realizations,calibration,False,True,False,False,False,False,0.0022998316406415142,1.0,0.0,7.603472900224384,4.670876769556186,14.073553674714805,20.62210657157361,7.223923749615717,13.466321287408583,2.372282825504707,4.402479343934491,-0.41560200214601356,-0.30511750187449566,-0.16010578258904617,"[[30.585396288090514,25.104013938461026,11.525216332158116],[25.104013938461026,21.537461250292885,9.645060069980229],[11.525216332158116,9.645060069980229,5.6240609305762135]]","[[30.568565469662875,25.762812484688418,12.140305059321118],[25.762812484688418,22.692182676095392,10.427832214270271],[12.140305059321118,10.427832214270271,5.825749806493541]]",0.03666140464557657,0.977328500931385,2.4085685644274784,8.923879871993442,0.93359375,3,99.90806602640927,140.3954435136609,"[0.017762326422752647,1.1446092038070466,1.7752704966461645]"
equilateral_scale_large__one_station_failure,equilateral_scale_large,one_station_failure,calibration,2,"[""station_0"", ""station_2""]",equilateral,aligned,50.0,"[122.87280664334877,86.03646545265691,50.0]",122.87280664334877,86.03646545265691,50.0,3.1622776601683795,3.0,1.0,9.932267300320595,19.550231351684154,"[{""station_id"":""station_0"",""mu_rad"":[0.0013962634015954637,-0.0008726646259971648],""R_rad2"":[[3.73156339238718e-05,-1.1727770661788283e-05],[-1.1727770661788283e-05,9.214676948547937e-05]]},{""station_id"":""station_2"",""mu_rad"":[0.0005585053606381855,0.0004363323129985824],""R_rad2"":[[5.6323760918562415e-05,6.418289034905951e-06],[6.418289034905951e-06,7.313864249078874e-05]]}]","[{""station_id"":""station_0"",""mu_cal_rad"":[0.0014275628949862176,-9.032333159669517e-05],""R_cal_rad2"":[[4.162669925948351e-05,-1.1230694238441336e-05],[-1.1230694238441336e-05,7.037030550322027e-05]],""R_rank"":2,""R_condition"":1.9660961232442633},{""station_id"":""station_2"",""mu_cal_rad"":[0.0009523642806243985,0.0011723581802082952],""R_cal_rad2"":[[6.602602742189351e-05,1.441448726651476e-05],[1.441448726651476e-05,7.263241518585284e-05]],""R_rank"":2,""R_condition"":1.5422744080666675}]",calibration,False,none,0.0,0.0,False,,,128,512,False,20260831,285938025,285938025,682591365,0,independent_bearing_level_realizations,calibration,False,True,False,False,False,False,0.002270162499996786,1.0,0.0,10.820720290557777,8.044405939760361,20.24353056817589,24.13561333320753,10.149030719227772,18.93590023259313,3.7530205257445393,7.290401784374976,0.5543341982416453,0.31578166128498864,0.22539689535139124,"[[78.52149296775063,43.564650213395254,32.01172908075485],[43.564650213395254,24.882168214117605,17.831823607937704],[32.01172908075485,17.831823607937704,14.144866072416523]]","[[73.16917080139712,40.40591263988596,29.446690628116],[40.40591263988596,23.22076649699086,16.43381593559312],[29.446690628116,16.43381593559312,12.894420402139454]]",0.07209598924870872,1.0756207908217175,2.2643008994174,8.365594306347537,0.9296875,3,151.49482416677967,201.9710824442483,"[0.009780903071752937,1.1369612609083473,1.4727589449626672]"
equilateral_scale_large__one_station_failure,equilateral_scale_large,one_station_failure,evaluation,2,"[""station_0"", ""station_2""]",equilateral,aligned,50.0,"[122.87280664334877,86.03646545265691,50.0]",122.87280664334877,86.03646545265691,50.0,3.1622776601683795,3.0,1.0,9.932267300320595,19.550231351684154,"[{""station_id"":""station_0"",""mu_rad"":[0.0013962634015954637,-0.0008726646259971648],""R_rad2"":[[3.73156339238718e-05,-1.1727770661788283e-05],[-1.1727770661788283e-05,9.214676948547937e-05]]},{""station_id"":""station_2"",""mu_rad"":[0.0005585053606381855,0.0004363323129985824],""R_rad2"":[[5.6323760918562415e-05,6.418289034905951e-06],[6.418289034905951e-06,7.313864249078874e-05]]}]","[{""station_id"":""station_0"",""mu_cal_rad"":[0.0014275628949862176,-9.032333159669517e-05],""R_cal_rad2"":[[4.162669925948351e-05,-1.1230694238441336e-05],[-1.1230694238441336e-05,7.037030550322027e-05]],""R_rank"":2,""R_condition"":1.9660961232442633},{""station_id"":""station_2"",""mu_cal_rad"":[0.0009523642806243985,0.0011723581802082952],""R_cal_rad2"":[[6.602602742189351e-05,1.441448726651476e-05],[1.441448726651476e-05,7.263241518585284e-05]],""R_rank"":2,""R_condition"":1.5422744080666675}]",calibration,False,none,0.0,0.0,False,,,256,1024,False,20260831,682591365,285938025,682591365,0,independent_bearing_level_realizations,calibration,False,True,False,False,False,False,0.0022734242187709697,1.0,0.0,9.521893430471957,6.530851419222791,17.916248817416797,26.875161351119946,8.891987062660478,16.83981762255939,3.4057334861588475,6.278264414943257,0.1902028785219505,0.04415269745360495,-0.03597100090065447,"[[59.690788059924664,33.56192421222841,24.836083403167304],[33.56192421222841,19.648438119168272,14.060133299326683],[24.836083403167304,14.060133299326683,11.643207946880407]]","[[71.94291572865087,39.68128112809264,28.89912812427961],[39.68128112809264,22.78784221483606,16.11110838616363],[28.89912812427961,16.11110838616363,12.645073819449566]]",0.18656918369371994,0.8473269322545843,2.299446465304767,7.78224589270678,0.94921875,3,150.80321405993678,222.27937259526254,"[0.009728530152670943,1.1344719842681898,1.470022551485038]"
equilateral_scale_large__position_calibration_mismatch,equilateral_scale_large,position_calibration_mismatch,calibration,3,"[""station_0"", ""station_1"", ""station_2""]",equilateral,aligned,50.0,"[122.87280664334877,86.03646545265691,50.0]",122.87280664334877,86.03646545265691,50.0,3.1622776601683795,3.0,1.0,9.932267300320595,19.550231351684154,"[{""station_id"":""station_0"",""mu_rad"":[0.0013962634015954637,-0.0008726646259971648],""R_rad2"":[[3.73156339238718e-05,-1.1727770661788283e-05],[-1.1727770661788283e-05,9.214676948547937e-05]]},{""station_id"":""station_1"",""mu_rad"":[-0.0008377580409572782,0.0006981317007977319],""R_rad2"":[[4.633230954955836e-05,1.5444103183186123e-05],[1.5444103183186123e-05,8.236855031032602e-05]]},{""station_id"":""station_2"",""mu_rad"":[0.0005585053606381855,0.0004363323129985824],""R_rad2"":[[5.6323760918562415e-05,6.418289034905951e-06],[6.418289034905951e-06,7.313864249078874e-05]]}]","[{""station_id"":""station_0"",""mu_cal_rad"":[0.0014275628949862176,-9.032333159669517e-05],""R_cal_rad2"":[[4.162669925948351e-05,-1.1230694238441336e-05],[-1.1230694238441336e-05,7.037030550322027e-05]],""R_rank"":2,""R_condition"":1.9660961232442633},{""station_id"":""station_1"",""mu_cal_rad"":[-0.0014425136059187148,0.0014266435246311378],""R_cal_rad2"":[[4.45212832207368e-05,7.0740516202906035e-06],[7.0740516202906035e-06,6.41383761155839e-05]],""R_rank"":2,""R_condition"":1.5726512257188272},{""station_id"":""station_2"",""mu_cal_rad"":[0.0009523642806243985,0.0011723581802082952],""R_cal_rad2"":[[6.602602742189351e-05,1.441448726651476e-05],[1.441448726651476e-05,7.263241518585284e-05]],""R_rank"":2,""R_condition"":1.5422744080666675}]",calibration,False,position,0.09433981132056604,0.0,False,,,128,768,False,20260831,285938025,285938025,682591365,0,independent_bearing_level_realizations,calibration,False,True,False,False,False,False,0.002995804687486725,1.0,0.0,3.9739909819726127,2.989390960497267,7.286428551169672,8.22952594345607,3.71783764298106,6.824444599498274,1.40366932902044,2.782285743156639,-0.14575424077078292,-0.09208655846135971,-0.05496945693631888,"[[9.2073372426369,6.1447621169140225,3.5920451953854764],[6.1447621169140225,4.6938583545813986,2.509637742468237],[3.5920451953854764,2.509637742468237,1.9827562270607308]]","[[10.879622405504046,7.598272477984737,4.506361671404966],[7.598272477984737,5.920809138904989,3.3078357195552126],[4.506361671404966,3.3078357195552126,2.516752828496781]]",0.22878056871611846,0.8222705502856709,2.2285919832126124,6.537527692721081,0.96875,3,45.54087936803153,50.92425940390022,"[0.054684537511018504,1.8153277902264704,2.4903791276497684]"
equilateral_scale_large__position_calibration_mismatch,equilateral_scale_large,position_calibration_mismatch,evaluation,3,"[""station_0"", ""station_1"", ""station_2""]",equilateral,aligned,50.0,"[122.87280664334877,86.03646545265691,50.0]",122.87280664334877,86.03646545265691,50.0,3.1622776601683795,3.0,1.0,9.932267300320595,19.550231351684154,"[{""station_id"":""station_0"",""mu_rad"":[0.0013962634015954637,-0.0008726646259971648],""R_rad2"":[[3.73156339238718e-05,-1.1727770661788283e-05],[-1.1727770661788283e-05,9.214676948547937e-05]]},{""station_id"":""station_1"",""mu_rad"":[-0.0008377580409572782,0.0006981317007977319],""R_rad2"":[[4.633230954955836e-05,1.5444103183186123e-05],[1.5444103183186123e-05,8.236855031032602e-05]]},{""station_id"":""station_2"",""mu_rad"":[0.0005585053606381855,0.0004363323129985824],""R_rad2"":[[5.6323760918562415e-05,6.418289034905951e-06],[6.418289034905951e-06,7.313864249078874e-05]]}]","[{""station_id"":""station_0"",""mu_cal_rad"":[0.0014275628949862176,-9.032333159669517e-05],""R_cal_rad2"":[[4.162669925948351e-05,-1.1230694238441336e-05],[-1.1230694238441336e-05,7.037030550322027e-05]],""R_rank"":2,""R_condition"":1.9660961232442633},{""station_id"":""station_1"",""mu_cal_rad"":[-0.0014425136059187148,0.0014266435246311378],""R_cal_rad2"":[[4.45212832207368e-05,7.0740516202906035e-06],[7.0740516202906035e-06,6.41383761155839e-05]],""R_rank"":2,""R_condition"":1.5726512257188272},{""station_id"":""station_2"",""mu_cal_rad"":[0.0009523642806243985,0.0011723581802082952],""R_cal_rad2"":[[6.602602742189351e-05,1.441448726651476e-05],[1.441448726651476e-05,7.263241518585284e-05]],""R_rank"":2,""R_condition"":1.5422744080666675}]",calibration,False,position,0.09433981132056604,0.0,False,,,256,1536,False,20260831,682591365,285938025,682591365,0,independent_bearing_level_realizations,calibration,False,True,False,False,False,False,0.002976745703136885,1.0,0.0,4.370433271255941,3.258448139777859,8.370214182247528,10.540287221028741,4.04968564026058,8.01208116176787,1.6433907610693688,3.1106480895590725,-0.5628978881642639,-0.3891701042522123,-0.2720003613761219,"[[10.548427614573953,7.166262058409649,4.405017296590172],[7.166262058409649,5.445695812452148,3.1614767185058947],[4.405017296590172,3.1614767185058947,2.63704997343816]]","[[10.730704318578292,7.491905497481024,4.441201425426932],[7.491905497481024,5.840683069061054,3.2602502326666625],[4.441201425426932,3.2602502326666625,2.4838344610062366]]",0.038007527781827095,0.9777463389537254,2.5517448365504567,8.62332613395009,0.92578125,3,45.09021996170654,52.85148612551524,"[0.05586107282127519,1.8361787871488557,2.520159782272228]"
equilateral_scale_large__orientation_calibration_mismatch,equilateral_scale_large,orientation_calibration_mismatch,calibration,3,"[""station_0"", ""station_1"", ""station_2""]",equilateral,aligned,50.0,"[122.87280664334877,86.03646545265691,50.0]",122.87280664334877,86.03646545265691,50.0,3.1622776601683795,3.0,1.0,9.932267300320595,19.550231351684154,"[{""station_id"":""station_0"",""mu_rad"":[0.0013962634015954637,-0.0008726646259971648],""R_rad2"":[[3.73156339238718e-05,-1.1727770661788283e-05],[-1.1727770661788283e-05,9.214676948547937e-05]]},{""station_id"":""station_1"",""mu_rad"":[-0.0008377580409572782,0.0006981317007977319],""R_rad2"":[[4.633230954955836e-05,1.5444103183186123e-05],[1.5444103183186123e-05,8.236855031032602e-05]]},{""station_id"":""station_2"",""mu_rad"":[0.0005585053606381855,0.0004363323129985824],""R_rad2"":[[5.6323760918562415e-05,6.418289034905951e-06],[6.418289034905951e-06,7.313864249078874e-05]]}]","[{""station_id"":""station_0"",""mu_cal_rad"":[0.0014275628949862176,-9.032333159669517e-05],""R_cal_rad2"":[[4.162669925948351e-05,-1.1230694238441336e-05],[-1.1230694238441336e-05,7.037030550322027e-05]],""R_rank"":2,""R_condition"":1.9660961232442633},{""station_id"":""station_1"",""mu_cal_rad"":[-0.0014425136059187148,0.0014266435246311378],""R_cal_rad2"":[[4.45212832207368e-05,7.0740516202906035e-06],[7.0740516202906035e-06,6.41383761155839e-05]],""R_rank"":2,""R_condition"":1.5726512257188272},{""station_id"":""station_2"",""mu_cal_rad"":[0.0009523642806243985,0.0011723581802082952],""R_cal_rad2"":[[6.602602742189351e-05,1.441448726651476e-05],[1.441448726651476e-05,7.263241518585284e-05]],""R_rank"":2,""R_condition"":1.5422744080666675}]",calibration,False,orientation,0.0,0.2569046515733026,False,,,128,768,False,20260831,285938025,285938025,682591365,0,independent_bearing_level_realizations,calibration,False,True,False,False,False,False,0.002935596874976909,1.0,0.0,3.982364995935258,2.922974810512354,6.9772041129236415,8.40876769196784,3.7240346569894025,6.608259128870589,1.4109560001616797,2.755664446984853,-0.2604258133954098,-0.3511803686617684,-0.18995480952057403,"[[9.132419049150476,6.090393292545073,3.5630515910242133],[6.090393292545073,4.652560978154949,2.4886842057090557],[3.5630515910242133,2.4886842057090557,1.9701054535884077]]","[[10.756267110809787,7.500660509339783,4.448987259769545],[7.500660509339783,5.841667399908786,3.262105992930677],[4.448987259769545,3.262105992930677,2.488335651234241]]",0.2237954035348152,0.8254669638021015,2.2296019927238895,6.533212333136032,0.96875,3,45.149705017127275,50.459970630981275,"[0.05537719553621541,1.8205265235762513,2.5002618286316087]"
equilateral_scale_large__orientation_calibration_mismatch,equilateral_scale_large,orientation_calibration_mismatch,evaluation,3,"[""station_0"", ""station_1"", ""station_2""]",equilateral,aligned,50.0,"[122.87280664334877,86.03646545265691,50.0]",122.87280664334877,86.03646545265691,50.0,3.1622776601683795,3.0,1.0,9.932267300320595,19.550231351684154,"[{""station_id"":""station_0"",""mu_rad"":[0.0013962634015954637,-0.0008726646259971648],""R_rad2"":[[3.73156339238718e-05,-1.1727770661788283e-05],[-1.1727770661788283e-05,9.214676948547937e-05]]},{""station_id"":""station_1"",""mu_rad"":[-0.0008377580409572782,0.0006981317007977319],""R_rad2"":[[4.633230954955836e-05,1.5444103183186123e-05],[1.5444103183186123e-05,8.236855031032602e-05]]},{""station_id"":""station_2"",""mu_rad"":[0.0005585053606381855,0.0004363323129985824],""R_rad2"":[[5.6323760918562415e-05,6.418289034905951e-06],[6.418289034905951e-06,7.313864249078874e-05]]}]","[{""station_id"":""station_0"",""mu_cal_rad"":[0.0014275628949862176,-9.032333159669517e-05],""R_cal_rad2"":[[4.162669925948351e-05,-1.1230694238441336e-05],[-1.1230694238441336e-05,7.037030550322027e-05]],""R_rank"":2,""R_condition"":1.9660961232442633},{""station_id"":""station_1"",""mu_cal_rad"":[-0.0014425136059187148,0.0014266435246311378],""R_cal_rad2"":[[4.45212832207368e-05,7.0740516202906035e-06],[7.0740516202906035e-06,6.41383761155839e-05]],""R_rank"":2,""R_condition"":1.5726512257188272},{""station_id"":""station_2"",""mu_cal_rad"":[0.0009523642806243985,0.0011723581802082952],""R_cal_rad2"":[[6.602602742189351e-05,1.441448726651476e-05],[1.441448726651476e-05,7.263241518585284e-05]],""R_rank"":2,""R_condition"":1.5422744080666675}]",calibration,False,orientation,0.0,0.2569046515733026,False,,,256,1536,False,20260831,682591365,285938025,682591365,0,independent_bearing_level_realizations,calibration,False,True,False,False,False,False,0.0029644945312554682,1.0,0.0,4.411287210521439,3.163436972048757,8.384987942020894,10.5143891376138,4.0843680527352575,7.9601806560161865,1.6665510683761307,3.1868393229687797,-0.6759583961338235,-0.6467014131685819,-0.40613071659296607,"[[10.468841521874579,7.107173923717963,4.373674316260353],[7.107173923717963,5.40006631848317,3.1377547221430033],[4.373674316260353,3.1377547221430033,2.6226952077003856]]","[[10.609500395492889,7.395979589216206,4.384833132251761],[7.395979589216206,5.762885226581465,3.2153126407880275],[4.384833132251761,3.2153126407880275,2.4559115433677796]]",0.0342984203880376,0.9821176543781147,2.5471553764357946,8.62037965786348,0.92578125,3,44.70266961717923,52.378249753988555,"[0.05655799193582492,1.841384001628966,2.5297234831009376]"
equilateral_scale_large__bearing_covariance_mismatch,equilateral_scale_large,bearing_covariance_mismatch,calibration,3,"[""station_0"", ""station_1"", ""station_2""]",equilateral,aligned,50.0,"[122.87280664334877,86.03646545265691,50.0]",122.87280664334877,86.03646545265691,50.0,3.1622776601683795,3.0,1.0,9.932267300320595,19.550231351684154,"[{""station_id"":""station_0"",""mu_rad"":[0.0013962634015954637,-0.0008726646259971648],""R_rad2"":[[3.73156339238718e-05,-1.1727770661788283e-05],[-1.1727770661788283e-05,9.214676948547937e-05]]},{""station_id"":""station_1"",""mu_rad"":[-0.0008377580409572782,0.0006981317007977319],""R_rad2"":[[4.633230954955836e-05,1.5444103183186123e-05],[1.5444103183186123e-05,8.236855031032602e-05]]},{""station_id"":""station_2"",""mu_rad"":[0.0005585053606381855,0.0004363323129985824],""R_rad2"":[[5.6323760918562415e-05,6.418289034905951e-06],[6.418289034905951e-06,7.313864249078874e-05]]}]","[{""station_id"":""station_0"",""mu_cal_rad"":[0.0014275628949862176,-9.032333159669517e-05],""R_cal_rad2"":[[4.162669925948351e-05,-1.1230694238441336e-05],[-1.1230694238441336e-05,7.037030550322027e-05]],""R_rank"":2,""R_condition"":1.9660961232442633},{""station_id"":""station_1"",""mu_cal_rad"":[-0.0014425136059187148,0.0014266435246311378],""R_cal_rad2"":[[4.45212832207368e-05,7.0740516202906035e-06],[7.0740516202906035e-06,6.41383761155839e-05]],""R_rank"":2,""R_condition"":1.5726512257188272},{""station_id"":""station_2"",""mu_cal_rad"":[0.0009523642806243985,0.0011723581802082952],""R_cal_rad2"":[[6.602602742189351e-05,1.441448726651476e-05],[1.441448726651476e-05,7.263241518585284e-05]],""R_rank"":2,""R_condition"":1.5422744080666675}]",calibration,False,none,0.0,0.0,True,,,128,768,False,20260831,285938025,285938025,682591365,0,independent_bearing_level_realizations,calibration,False,True,False,False,False,False,0.0029762289062205127,1.0,0.0,4.090002484103251,3.062644900595175,7.856607257661517,8.72488947613974,3.826000351233346,7.481989543519874,1.4456284558395636,2.849802853633411,0.0785155127150916,0.05520897920958778,0.03074430759475527,"[[9.736505168921786,6.547685752702338,3.7276897585037037],[6.547685752702338,5.007750297424456,2.598447029619061],[3.7276897585037037,2.598447029619061,2.10534442318977]]","[[3.4355154060640465,2.4148667405672892,1.44613075442417],[2.4148667405672892,1.8848905104291467,1.0940434552415899],[1.44613075442417,1.0940434552415899,2.6184551193907355]]",0.6270102769942287,2.1224203085776705,4.346931584745321,20.844596356672255,0.703125,3,49.40574887566741,55.58072000069416,"[0.1642730814279025,0.5955614424442797,8.121116821349986]"
equilateral_scale_large__bearing_covariance_mismatch,equilateral_scale_large,bearing_covariance_mismatch,evaluation,3,"[""station_0"", ""station_1"", ""station_2""]",equilateral,aligned,50.0,"[122.87280664334877,86.03646545265691,50.0]",122.87280664334877,86.03646545265691,50.0,3.1622776601683795,3.0,1.0,9.932267300320595,19.550231351684154,"[{""station_id"":""station_0"",""mu_rad"":[0.0013962634015954637,-0.0008726646259971648],""R_rad2"":[[3.73156339238718e-05,-1.1727770661788283e-05],[-1.1727770661788283e-05,9.214676948547937e-05]]},{""station_id"":""station_1"",""mu_rad"":[-0.0008377580409572782,0.0006981317007977319],""R_rad2"":[[4.633230954955836e-05,1.5444103183186123e-05],[1.5444103183186123e-05,8.236855031032602e-05]]},{""station_id"":""station_2"",""mu_rad"":[0.0005585053606381855,0.0004363323129985824],""R_rad2"":[[5.6323760918562415e-05,6.418289034905951e-06],[6.418289034905951e-06,7.313864249078874e-05]]}]","[{""station_id"":""station_0"",""mu_cal_rad"":[0.0014275628949862176,-9.032333159669517e-05],""R_cal_rad2"":[[4.162669925948351e-05,-1.1230694238441336e-05],[-1.1230694238441336e-05,7.037030550322027e-05]],""R_rank"":2,""R_condition"":1.9660961232442633},{""station_id"":""station_1"",""mu_cal_rad"":[-0.0014425136059187148,0.0014266435246311378],""R_cal_rad2"":[[4.45212832207368e-05,7.0740516202906035e-06],[7.0740516202906035e-06,6.41383761155839e-05]],""R_rank"":2,""R_condition"":1.5726512257188272},{""station_id"":""station_2"",""mu_cal_rad"":[0.0009523642806243985,0.0011723581802082952],""R_cal_rad2"":[[6.602602742189351e-05,1.441448726651476e-05],[1.441448726651476e-05,7.263241518585284e-05]],""R_rank"":2,""R_condition"":1.5422744080666675}]",calibration,False,none,0.0,0.0,True,,,256,1536,False,20260831,682591365,285938025,682591365,0,independent_bearing_level_realizations,calibration,False,True,False,False,False,False,0.002963656250017266,1.0,0.0,4.318315972866132,3.2020769200646284,8.146681206615003,10.967288179192314,4.002437946764939,7.770164443351963,1.621216618409406,3.10789867555396,-0.4016605835973358,-0.2853566352545463,-0.21565081083472024,"[[10.493986611680358,7.061906927294946,4.3084534805206625],[7.061906927294946,5.3446328797122735,3.0570818951727814],[4.3084534805206625,3.0570818951727814,2.5919629066974443]]","[[3.379746116767042,2.3748231371460764,1.4215881501874785],[2.3748231371460764,1.8546807691361598,1.0758870031344976],[1.4215881501874785,1.0758870031344976,2.591225859259076]]",0.660371147549573,2.3551495317094964,4.86129354991407,20.960900749480796,0.703125,3,48.94613407081398,57.86075499020364,"[0.1675824867950903,0.6012081570444784,8.202110938215991]"
equilateral_scale_large__one_erroneous_bearing,equilateral_scale_large,one_erroneous_bearing,calibration,3,"[""station_0"", ""station_1"", ""station_2""]",equilateral,aligned,50.0,"[122.87280664334877,86.03646545265691,50.0]",122.87280664334877,86.03646545265691,50.0,3.1622776601683795,3.0,1.0,9.932267300320595,19.550231351684154,"[{""station_id"":""station_0"",""mu_rad"":[0.0013962634015954637,-0.0008726646259971648],""R_rad2"":[[3.73156339238718e-05,-1.1727770661788283e-05],[-1.1727770661788283e-05,9.214676948547937e-05]]},{""station_id"":""station_1"",""mu_rad"":[-0.0008377580409572782,0.0006981317007977319],""R_rad2"":[[4.633230954955836e-05,1.5444103183186123e-05],[1.5444103183186123e-05,8.236855031032602e-05]]},{""station_id"":""station_2"",""mu_rad"":[0.0005585053606381855,0.0004363323129985824],""R_rad2"":[[5.6323760918562415e-05,6.418289034905951e-06],[6.418289034905951e-06,7.313864249078874e-05]]}]","[{""station_id"":""station_0"",""mu_cal_rad"":[0.0014275628949862176,-9.032333159669517e-05],""R_cal_rad2"":[[4.162669925948351e-05,-1.1230694238441336e-05],[-1.1230694238441336e-05,7.037030550322027e-05]],""R_rank"":2,""R_condition"":1.9660961232442633},{""station_id"":""station_1"",""mu_cal_rad"":[-0.0014425136059187148,0.0014266435246311378],""R_cal_rad2"":[[4.45212832207368e-05,7.0740516202906035e-06],[7.0740516202906035e-06,6.41383761155839e-05]],""R_rank"":2,""R_condition"":1.5726512257188272},{""station_id"":""station_2"",""mu_cal_rad"":[0.0009523642806243985,0.0011723581802082952],""R_cal_rad2"":[[6.602602742189351e-05,1.441448726651476e-05],[1.441448726651476e-05,7.263241518585284e-05]],""R_rank"":2,""R_condition"":1.5422744080666675}]",calibration,False,none,0.0,0.0,False,station_2,"[5.0,-2.0]",128,768,False,20260831,285938025,285938025,682591365,0,independent_bearing_level_realizations,calibration,False,True,False,False,False,False,0.002935428124999362,1.0,0.0,3.978659175259766,3.1883179779245516,7.448291520177351,8.113496828561082,3.722121322293545,7.029170736027914,1.4055396454765934,2.7586903577540163,0.07431642468084043,0.052056819907195684,0.030275244725724237,"[[9.241574621371532,6.169036779079222,3.6052960897985487],[6.169036779079222,4.713402935185121,2.519457583183965],[3.6052960897985487,2.519457583183965,1.990173333733054]]","[[10.924102583699675,7.630455843105466,4.524823568946634],[7.630455843105466,5.9464910393318755,3.321823655125256],[4.524823568946634,3.321823655125256,2.5270610039978747]]",0.2291707121725507,0.8220143721948286,2.228523728866257,6.534307783179756,0.96875,3,45.55338414757463,50.93044657893236,"[0.05445983184892988,1.8080120024355426,2.480827750940832]"
equilateral_scale_large__one_erroneous_bearing,equilateral_scale_large,one_erroneous_bearing,evaluation,3,"[""station_0"", ""station_1"", ""station_2""]",equilateral,aligned,50.0,"[122.87280664334877,86.03646545265691,50.0]",122.87280664334877,86.03646545265691,50.0,3.1622776601683795,3.0,1.0,9.932267300320595,19.550231351684154,"[{""station_id"":""station_0"",""mu_rad"":[0.0013962634015954637,-0.0008726646259971648],""R_rad2"":[[3.73156339238718e-05,-1.1727770661788283e-05],[-1.1727770661788283e-05,9.214676948547937e-05]]},{""station_id"":""station_1"",""mu_rad"":[-0.0008377580409572782,0.0006981317007977319],""R_rad2"":[[4.633230954955836e-05,1.5444103183186123e-05],[1.5444103183186123e-05,8.236855031032602e-05]]},{""station_id"":""station_2"",""mu_rad"":[0.0005585053606381855,0.0004363323129985824],""R_rad2"":[[5.6323760918562415e-05,6.418289034905951e-06],[6.418289034905951e-06,7.313864249078874e-05]]}]","[{""station_id"":""station_0"",""mu_cal_rad"":[0.0014275628949862176,-9.032333159669517e-05],""R_cal_rad2"":[[4.162669925948351e-05,-1.1230694238441336e-05],[-1.1230694238441336e-05,7.037030550322027e-05]],""R_rank"":2,""R_condition"":1.9660961232442633},{""station_id"":""station_1"",""mu_cal_rad"":[-0.0014425136059187148,0.0014266435246311378],""R_cal_rad2"":[[4.45212832207368e-05,7.0740516202906035e-06],[7.0740516202906035e-06,6.41383761155839e-05]],""R_rank"":2,""R_condition"":1.5726512257188272},{""station_id"":""station_2"",""mu_cal_rad"":[0.0009523642806243985,0.0011723581802082952],""R_cal_rad2"":[[6.602602742189351e-05,1.441448726651476e-05],[1.441448726651476e-05,7.263241518585284e-05]],""R_rank"":2,""R_condition"":1.5422744080666675}]",calibration,False,none,0.0,0.0,False,station_2,"[5.0,-2.0]",256,1536,False,20260831,682591365,285938025,682591365,0,independent_bearing_level_realizations,calibration,False,True,False,False,False,False,0.003235916015626117,1.0,0.0,44.904306723364215,43.87972476762396,57.03045409441793,61.91987183237082,43.499707419992085,55.29778712101226,11.143258799877968,15.01999193301879,31.729639675194463,28.98640211147528,10.870539437700893,"[[29.108329510128012,21.123839922105617,11.72889578756352],[21.123839922105617,16.312098375402435,8.78437103054919],[11.72889578756352,8.78437103054919,6.027132500778322]]","[[29.97928061944059,22.29340614330926,11.958138058668842],[22.29340614330926,17.618965242382107,9.151482386099344],[11.958138058668842,9.151482386099344,5.824814713170332]]",0.047675356959223376,0.9630215834244251,71.50784952422106,90.3018872756563,0.0,3,78.06225199369648,95.78201807129332,"[0.01961053621645406,1.110346770200037,1.5307071542402786]"
elongated_mid__ideal_three,elongated_mid,ideal_three,calibration,3,"[""station_0"", ""station_1"", ""station_2""]",elongated,aligned,20.0,"[49.14912265733951,34.41458618106276,20.0]",49.14912265733951,34.41458618106276,20.0,3.162277660168379,3.0,1.0,5.623858771472359,11.099535862756639,"[{""station_id"":""station_0"",""mu_rad"":[0.0013962634015954637,-0.0008726646259971648],""R_rad2"":[[3.73156339238718e-05,-1.1727770661788283e-05],[-1.1727770661788283e-05,9.214676948547937e-05]]},{""station_id"":""station_1"",""mu_rad"":[-0.0008377580409572782,0.0006981317007977319],""R_rad2"":[[4.633230954955836e-05,1.5444103183186123e-05],[1.5444103183186123e-05,8.236855031032602e-05]]},{""station_id"":""station_2"",""mu_rad"":[0.0005585053606381855,0.0004363323129985824],""R_rad2"":[[5.6323760918562415e-05,6.418289034905951e-06],[6.418289034905951e-06,7.313864249078874e-05]]}]","[{""station_id"":""station_0"",""mu_cal_rad"":[0.0015815598414295764,-0.001323959233566068],""R_cal_rad2"":[[3.919047234460653e-05,-1.5973995445337865e-05],[-1.5973995445337865e-05,9.495284101727398e-05]],""R_rank"":2,""R_condition"":2.8393940460029663},{""station_id"":""station_1"",""mu_cal_rad"":[-0.0011576562177335842,-0.00012640269302191054],""R_cal_rad2"":[[4.5136319035593e-05,1.1639657045075218e-05],[1.1639657045075218e-05,8.001907030779688e-05]],""R_rank"":2,""R_condition"":2.00788717169344},{""station_id"":""station_2"",""mu_cal_rad"":[0.0013648202470032719,0.0006880784120984542],""R_cal_rad2"":[[4.2214497428465164e-05,3.843032890287187e-06],[3.843032890287187e-06,6.573781518958834e-05]],""R_rank"":2,""R_condition"":1.5948469139905987}]",calibration,False,none,0.0,0.0,False,,,128,768,False,20260831,2124078988,2124078988,3312989803,0,independent_bearing_level_realizations,calibration,False,True,False,False,False,False,0.00297667421875758,1.0,0.0,2.988190323664042,1.872228982427753,6.038048691392519,8.755540027799887,2.8218910724485147,5.741935098312592,0.9829609278474845,1.9775355808820723,0.105589804894065,0.07481988327276459,0.04300261392798896,"[[5.264975026293693,3.744798787434705,2.154050635683554],[3.744798787434705,2.7439164412304486,1.543268505106963],[2.154050635683554,1.543268505106963,0.9719563700108578]]","[[5.524205350200532,3.9181017079541083,2.229309358332586],[3.9181017079541083,2.8600454613191983,1.6004982049059078],[2.229309358332586,1.6004982049059078,1.0132987580902983]]",0.045257078979816893,0.9556584693713596,2.125046402413105,8.255097829355222,0.9375,3,171.30833678271216,217.82344485513934,"[0.10986164932655361,10.198831790477067,18.78050225507228]"
elongated_mid__ideal_three,elongated_mid,ideal_three,evaluation,3,"[""station_0"", ""station_1"", ""station_2""]",elongated,aligned,20.0,"[49.14912265733951,34.41458618106276,20.0]",49.14912265733951,34.41458618106276,20.0,3.162277660168379,3.0,1.0,5.623858771472359,11.099535862756639,"[{""station_id"":""station_0"",""mu_rad"":[0.0013962634015954637,-0.0008726646259971648],""R_rad2"":[[3.73156339238718e-05,-1.1727770661788283e-05],[-1.1727770661788283e-05,9.214676948547937e-05]]},{""station_id"":""station_1"",""mu_rad"":[-0.0008377580409572782,0.0006981317007977319],""R_rad2"":[[4.633230954955836e-05,1.5444103183186123e-05],[1.5444103183186123e-05,8.236855031032602e-05]]},{""station_id"":""station_2"",""mu_rad"":[0.0005585053606381855,0.0004363323129985824],""R_rad2"":[[5.6323760918562415e-05,6.418289034905951e-06],[6.418289034905951e-06,7.313864249078874e-05]]}]","[{""station_id"":""station_0"",""mu_cal_rad"":[0.0015815598414295764,-0.001323959233566068],""R_cal_rad2"":[[3.919047234460653e-05,-1.5973995445337865e-05],[-1.5973995445337865e-05,9.495284101727398e-05]],""R_rank"":2,""R_condition"":2.8393940460029663},{""station_id"":""station_1"",""mu_cal_rad"":[-0.0011576562177335842,-0.00012640269302191054],""R_cal_rad2"":[[4.5136319035593e-05,1.1639657045075218e-05],[1.1639657045075218e-05,8.001907030779688e-05]],""R_rank"":2,""R_condition"":2.00788717169344},{""station_id"":""station_2"",""mu_cal_rad"":[0.0013648202470032719,0.0006880784120984542],""R_cal_rad2"":[[4.2214497428465164e-05,3.843032890287187e-06],[3.843032890287187e-06,6.573781518958834e-05]],""R_rank"":2,""R_condition"":1.5948469139905987}]",calibration,False,none,0.0,0.0,False,,,256,1536,False,20260831,3312989803,2124078988,3312989803,0,independent_bearing_level_realizations,calibration,False,True,False,False,False,False,0.003055071093768902,1.0,0.0,3.131055075468036,1.9907774268645733,6.39229665841933,8.978640999149855,2.950170762948421,6.010975519393963,1.048808063974759,2.0537368103602125,-0.2910763427415359,-0.22223797914246593,-0.0820002429178137,"[[5.690021189487726,3.999271643715059,2.337674635296899],[3.999271643715059,2.9129766446805445,1.668394060167765],[2.337674635296899,1.668394060167765,1.0975616654756655]]","[[5.356195141962854,3.7977563129088496,2.1662850321237346],[3.7977563129088496,2.7725969003754445,1.5550975790708075],[2.1662850321237346,1.5550975790708075,0.988141355154727]]",0.05839303574648599,1.064015615416407,2.6490238077108104,10.588392393865494,0.88671875,3,168.11705141599316,229.8516830889987,"[0.11419163162724433,10.403645254958914,19.14058468576676]"
elongated_mid__ideal_two,elongated_mid,ideal_two,calibration,2,"[""station_0"", ""station_1""]",elongated,aligned,20.0,"[49.14912265733951,34.41458618106276,20.0]",49.14912265733951,34.41458618106276,20.0,3.162277660168379,3.0,1.0,5.623858771472359,11.099535862756639,"[{""station_id"":""station_0"",""mu_rad"":[0.0013962634015954637,-0.0008726646259971648],""R_rad2"":[[3.73156339238718e-05,-1.1727770661788283e-05],[-1.1727770661788283e-05,9.214676948547937e-05]]},{""station_id"":""station_1"",""mu_rad"":[-0.0008377580409572782,0.0006981317007977319],""R_rad2"":[[4.633230954955836e-05,1.5444103183186123e-05],[1.5444103183186123e-05,8.236855031032602e-05]]}]","[{""station_id"":""station_0"",""mu_cal_rad"":[0.0015815598414295764,-0.001323959233566068],""R_cal_rad2"":[[3.919047234460653e-05,-1.5973995445337865e-05],[-1.5973995445337865e-05,9.495284101727398e-05]],""R_rank"":2,""R_condition"":2.8393940460029663},{""station_id"":""station_1"",""mu_cal_rad"":[-0.0011576562177335842,-0.00012640269302191054],""R_cal_rad2"":[[4.5136319035593e-05,1.1639657045075218e-05],[1.1639657045075218e-05,8.001907030779688e-05]],""R_rank"":2,""R_condition"":2.00788717169344}]",calibration,False,none,0.0,0.0,False,,,128,512,False,20260831,2124078988,2124078988,3312989803,0,independent_bearing_level_realizations,calibration,False,True,False,False,False,False,0.0022225882812563214,1.0,0.0,3.181632834505431,2.1304711635472326,7.058149542112436,9.102359234388222,3.0169052605698203,6.771432686644679,1.0104801543569317,1.9623146583735864,0.11350348906022978,0.08176094028767744,0.04324001751619888,"[[5.904147704376603,4.290674947217396,2.2486755820440005],[4.290674947217396,3.2495147413489103,1.6597628198257275],[2.2486755820440005,1.6597628198257275,1.0272256435748364]]","[[6.085176143383028,4.406956782692253,2.280686844739913],[4.406956782692253,3.3218136922611574,1.6783304938038628],[2.280686844739913,1.6783304938038628,1.0499496484578243]]",0.026276445694380035,0.9736011291619934,1.9806972663992954,7.561893620430656,0.953125,3,119.12333770494459,151.9221244860908,"[0.09956431113504849,5.807767135385482,11.867413274267008]"
elongated_mid__ideal_two,elongated_mid,ideal_two,evaluation,2,"[""station_0"", ""station_1""]",elongated,aligned,20.0,"[49.14912265733951,34.41458618106276,20.0]",49.14912265733951,34.41458618106276,20.0,3.162277660168379,3.0,1.0,5.623858771472359,11.099535862756639,"[{""station_id"":""station_0"",""mu_rad"":[0.0013962634015954637,-0.0008726646259971648],""R_rad2"":[[3.73156339238718e-05,-1.1727770661788283e-05],[-1.1727770661788283e-05,9.214676948547937e-05]]},{""station_id"":""station_1"",""mu_rad"":[-0.0008377580409572782,0.0006981317007977319],""R_rad2"":[[4.633230954955836e-05,1.5444103183186123e-05],[1.5444103183186123e-05,8.236855031032602e-05]]}]","[{""station_id"":""station_0"",""mu_cal_rad"":[0.0015815598414295764,-0.001323959233566068],""R_cal_rad2"":[[3.919047234460653e-05,-1.5973995445337865e-05],[-1.5973995445337865e-05,9.495284101727398e-05]],""R_rank"":2,""R_condition"":2.8393940460029663},{""station_id"":""station_1"",""mu_cal_rad"":[-0.0011576562177335842,-0.00012640269302191054],""R_cal_rad2"":[[4.5136319035593e-05,1.1639657045075218e-05],[1.1639657045075218e-05,8.001907030779688e-05]],""R_rank"":2,""R_condition"":2.00788717169344}]",calibration,False,none,0.0,0.0,False,,,256,1024,False,20260831,3312989803,2124078988,3312989803,0,independent_bearing_level_realizations,calibration,False,True,False,False,False,False,0.002294855078105229,1.0,0.0,3.273215076429073,1.9977012669777978,6.687753791285733,8.42206135804703,3.1040283377911813,6.482654744894486,1.0387227805107095,2.1453793644114905,-0.24531750256203383,-0.16560116598020214,-0.05942735677275213,"[[6.326790698431155,4.4489584620904825,2.341442039429782],[4.4489584620904825,3.258037535430775,1.6741821859987929],[2.341442039429782,1.6741821859987929,1.079630711485645]]","[[5.919854674798818,4.289147121012903,2.222922321184642],[4.289147121012903,3.2362230884205014,1.637003907643504],[2.222922321184642,1.637003907643504,1.0274332826189334]]",0.04819086460166438,1.0472281021098195,2.452195845807395,9.321134850844803,0.9140625,3,117.56309408282577,161.36476602723957,"[0.10239628927776583,5.893046708282008,12.04025548255389]"
elongated_mid__one_station_failure,elongated_mid,one_station_failure,calibration,2,"[""station_0"", ""station_2""]",elongated,aligned,20.0,"[49.14912265733951,34.41458618106276,20.0]",49.14912265733951,34.41458618106276,20.0,3.162277660168379,3.0,1.0,5.623858771472359,11.099535862756639,"[{""station_id"":""station_0"",""mu_rad"":[0.0013962634015954637,-0.0008726646259971648],""R_rad2"":[[3.73156339238718e-05,-1.1727770661788283e-05],[-1.1727770661788283e-05,9.214676948547937e-05]]},{""station_id"":""station_2"",""mu_rad"":[0.0005585053606381855,0.0004363323129985824],""R_rad2"":[[5.6323760918562415e-05,6.418289034905951e-06],[6.418289034905951e-06,7.313864249078874e-05]]}]","[{""station_id"":""station_0"",""mu_cal_rad"":[0.0015815598414295764,-0.001323959233566068],""R_cal_rad2"":[[3.919047234460653e-05,-1.5973995445337865e-05],[-1.5973995445337865e-05,9.495284101727398e-05]],""R_rank"":2,""R_condition"":2.8393940460029663},{""station_id"":""station_2"",""mu_cal_rad"":[0.0013648202470032719,0.0006880784120984542],""R_cal_rad2"":[[4.2214497428465164e-05,3.843032890287187e-06],[3.843032890287187e-06,6.573781518958834e-05]],""R_rank"":2,""R_condition"":1.5948469139905987}]",calibration,False,none,0.0,0.0,False,,,128,512,False,20260831,2124078988,2124078988,3312989803,0,independent_bearing_level_realizations,calibration,False,True,False,False,False,False,0.0023672835937418313,1.0,0.0,7.1750276197869365,3.8192081847809067,14.316358156264647,19.070326878890278,6.807080447134597,13.654250290079421,2.2681880722160694,4.717300264224867,0.5923561116194414,0.37516710003740994,0.22791867799916987,"[[32.7906919817792,20.883501123327047,12.765112419026956],[20.883501123327047,13.414998069585849,8.142735129627871],[12.765112419026956,8.142735129627871,5.132830445014031]]","[[32.2560239487422,20.529678730216908,12.564369940852579],[20.529678730216908,13.189354185502891,8.011119566959202],[12.564369940852579,8.011119566959202,5.074408282843069]]",0.01643753129696587,1.0162062062680057,2.180207939827402,9.835048827787222,0.8984375,3,539.6337379797524,931.3623875727526,"[0.02212218710972547,6.448619075273543,12.003047210732335]"
elongated_mid__one_station_failure,elongated_mid,one_station_failure,evaluation,2,"[""station_0"", ""station_2""]",elongated,aligned,20.0,"[49.14912265733951,34.41458618106276,20.0]",49.14912265733951,34.41458618106276,20.0,3.162277660168379,3.0,1.0,5.623858771472359,11.099535862756639,"[{""station_id"":""station_0"",""mu_rad"":[0.0013962634015954637,-0.0008726646259971648],""R_rad2"":[[3.73156339238718e-05,-1.1727770661788283e-05],[-1.1727770661788283e-05,9.214676948547937e-05]]},{""station_id"":""station_2"",""mu_rad"":[0.0005585053606381855,0.0004363323129985824],""R_rad2"":[[5.6323760918562415e-05,6.418289034905951e-06],[6.418289034905951e-06,7.313864249078874e-05]]}]","[{""station_id"":""station_0"",""mu_cal_rad"":[0.0015815598414295764,-0.001323959233566068],""R_cal_rad2"":[[3.919047234460653e-05,-1.5973995445337865e-05],[-1.5973995445337865e-05,9.495284101727398e-05]],""R_rank"":2,""R_condition"":2.8393940460029663},{""station_id"":""station_2"",""mu_cal_rad"":[0.0013648202470032719,0.0006880784120984542],""R_cal_rad2"":[[4.2214497428465164e-05,3.843032890287187e-06],[3.843032890287187e-06,6.573781518958834e-05]],""R_rank"":2,""R_condition"":1.5948469139905987}]",calibration,False,none,0.0,0.0,False,,,256,1024,False,20260831,3312989803,2124078988,3312989803,0,independent_bearing_level_realizations,calibration,False,True,False,False,False,False,0.002386285156262602,1.0,0.0,6.780401262477665,4.673165117107628,13.407256846163161,19.732452001069166,6.406291755483664,12.634334001849576,2.2210959510635178,4.328554617199497,0.7226639887271116,0.39266854853032834,0.32926849802620733,"[[29.123280176212027,18.099155991699455,11.605359962945926],[18.099155991699455,11.399152804388523,7.230558824379607],[11.605359962945926,7.230558824379607,4.843770458391409]]","[[32.373610517508574,20.549189310759306,12.651948110361024],[20.549189310759306,13.16750641384161,8.045225047226852],[12.651948110361024,8.045225047226852,5.1260885879996225]]",0.12010938567596212,0.8953760716419737,2.863471685545243,10.497340191742937,0.89453125,3,544.9213037338628,964.4129631330541,"[0.021876091285901587,6.398473923204215,11.899773348418506]"
elongated_mid__position_calibration_mismatch,elongated_mid,position_calibration_mismatch,calibration,3,"[""station_0"", ""station_1"", ""station_2""]",elongated,aligned,20.0,"[49.14912265733951,34.41458618106276,20.0]",49.14912265733951,34.41458618106276,20.0,3.162277660168379,3.0,1.0,5.623858771472359,11.099535862756639,"[{""station_id"":""station_0"",""mu_rad"":[0.0013962634015954637,-0.0008726646259971648],""R_rad2"":[[3.73156339238718e-05,-1.1727770661788283e-05],[-1.1727770661788283e-05,9.214676948547937e-05]]},{""station_id"":""station_1"",""mu_rad"":[-0.0008377580409572782,0.0006981317007977319],""R_rad2"":[[4.633230954955836e-05,1.5444103183186123e-05],[1.5444103183186123e-05,8.236855031032602e-05]]},{""station_id"":""station_2"",""mu_rad"":[0.0005585053606381855,0.0004363323129985824],""R_rad2"":[[5.6323760918562415e-05,6.418289034905951e-06],[6.418289034905951e-06,7.313864249078874e-05]]}]","[{""station_id"":""station_0"",""mu_cal_rad"":[0.0015815598414295764,-0.001323959233566068],""R_cal_rad2"":[[3.919047234460653e-05,-1.5973995445337865e-05],[-1.5973995445337865e-05,9.495284101727398e-05]],""R_rank"":2,""R_condition"":2.8393940460029663},{""station_id"":""station_1"",""mu_cal_rad"":[-0.0011576562177335842,-0.00012640269302191054],""R_cal_rad2"":[[4.5136319035593e-05,1.1639657045075218e-05],[1.1639657045075218e-05,8.001907030779688e-05]],""R_rank"":2,""R_condition"":2.00788717169344},{""station_id"":""station_2"",""mu_cal_rad"":[0.0013648202470032719,0.0006880784120984542],""R_cal_rad2"":[[4.2214497428465164e-05,3.843032890287187e-06],[3.843032890287187e-06,6.573781518958834e-05]],""R_rank"":2,""R_condition"":1.5948469139905987}]",calibration,False,position,0.09433981132056604,0.0,False,,,128,768,False,20260831,2124078988,2124078988,3312989803,0,independent_bearing_level_realizations,calibration,False,True,False,False,False,False,0.0030784992187591342,1.0,0.0,3.0165605725347415,2.1950087195555845,5.629796138930067,8.940389937330437,2.8495311131098413,5.351600380086814,0.9898535867440781,1.8997457515371092,-0.4971583270449753,-0.3448150319861136,-0.19511386770092498,"[[5.136941378126679,3.6542939158530685,2.1028528422427564],[3.6542939158530685,2.6778756359430056,1.5068334315983702],[2.1028528422427564,1.5068334315983702,0.9491559829376023]]","[[5.386274165554403,3.82115248537768,2.17472552775721],[3.82115248537768,2.7898213480653222,1.5616796904650139],[2.17472552775721,1.5616796904650139,0.9887465591915662]]",0.04459994512085434,0.9562601218199672,2.1237582339626773,8.211617466702045,0.9375,3,171.6272663151391,218.1269136337094,"[0.11260818913437613,10.47526459476532,19.290261371535927]"
elongated_mid__position_calibration_mismatch,elongated_mid,position_calibration_mismatch,evaluation,3,"[""station_0"", ""station_1"", ""station_2""]",elongated,aligned,20.0,"[49.14912265733951,34.41458618106276,20.0]",49.14912265733951,34.41458618106276,20.0,3.162277660168379,3.0,1.0,5.623858771472359,11.099535862756639,"[{""station_id"":""station_0"",""mu_rad"":[0.0013962634015954637,-0.0008726646259971648],""R_rad2"":[[3.73156339238718e-05,-1.1727770661788283e-05],[-1.1727770661788283e-05,9.214676948547937e-05]]},{""station_id"":""station_1"",""mu_rad"":[-0.0008377580409572782,0.0006981317007977319],""R_rad2"":[[4.633230954955836e-05,1.5444103183186123e-05],[1.5444103183186123e-05,8.236855031032602e-05]]},{""station_id"":""station_2"",""mu_rad"":[0.0005585053606381855,0.0004363323129985824],""R_rad2"":[[5.6323760918562415e-05,6.418289034905951e-06],[6.418289034905951e-06,7.313864249078874e-05]]}]","[{""station_id"":""station_0"",""mu_cal_rad"":[0.0015815598414295764,-0.001323959233566068],""R_cal_rad2"":[[3.919047234460653e-05,-1.5973995445337865e-05],[-1.5973995445337865e-05,9.495284101727398e-05]],""R_rank"":2,""R_condition"":2.8393940460029663},{""station_id"":""station_1"",""mu_cal_rad"":[-0.0011576562177335842,-0.00012640269302191054],""R_cal_rad2"":[[4.5136319035593e-05,1.1639657045075218e-05],[1.1639657045075218e-05,8.001907030779688e-05]],""R_rank"":2,""R_condition"":2.00788717169344},{""station_id"":""station_2"",""mu_cal_rad"":[0.0013648202470032719,0.0006880784120984542],""R_cal_rad2"":[[4.2214497428465164e-05,3.843032890287187e-06],[3.843032890287187e-06,6.573781518958834e-05]],""R_rank"":2,""R_condition"":1.5948469139905987}]",calibration,False,position,0.09433981132056604,0.0,False,,,256,1536,False,20260831,3312989803,2124078988,3312989803,0,independent_bearing_level_realizations,calibration,False,True,False,False,False,False,0.0031001531249899017,1.0,0.0,3.2754332924461433,2.1373964050482446,6.506910634636927,8.756981294476853,3.091760128609868,6.242743095318851,1.0814261696495397,2.129917004069389,-0.8882946439377716,-0.6377725548480697,-0.31842595585921196,"[[5.55204847681408,3.9034756551059466,2.282907505567662],[3.9034756551059466,2.8439077137510487,1.6297915589938226],[2.282907505567662,1.6297915589938226,1.0722760493558183]]","[[5.222628540691634,3.7039143451116345,2.113326118252752],[3.7039143451116345,2.704617729480103,1.5174423385899556],[2.113326118252752,1.5174423385899556,0.9642358801786411]]",0.05916537499910103,1.0648654611028872,2.643349673238776,10.604604699637834,0.88671875,3,168.23688291536246,229.96008045435295,"[0.1172023224814297,10.688884114138665,19.658903905360233]"
elongated_mid__orientation_calibration_mismatch,elongated_mid,orientation_calibration_mismatch,calibration,3,"[""station_0"", ""station_1"", ""station_2""]",elongated,aligned,20.0,"[49.14912265733951,34.41458618106276,20.0]",49.14912265733951,34.41458618106276,20.0,3.162277660168379,3.0,1.0,5.623858771472359,11.099535862756639,"[{""station_id"":""station_0"",""mu_rad"":[0.0013962634015954637,-0.0008726646259971648],""R_rad2"":[[3.73156339238718e-05,-1.1727770661788283e-05],[-1.1727770661788283e-05,9.214676948547937e-05]]},{""station_id"":""station_1"",""mu_rad"":[-0.0008377580409572782,0.0006981317007977319],""R_rad2"":[[4.633230954955836e-05,1.5444103183186123e-05],[1.5444103183186123e-05,8.236855031032602e-05]]},{""station_id"":""station_2"",""mu_rad"":[0.0005585053606381855,0.0004363323129985824],""R_rad2"":[[5.6323760918562415e-05,6.418289034905951e-06],[6.418289034905951e-06,7.313864249078874e-05]]}]","[{""station_id"":""station_0"",""mu_cal_rad"":[0.0015815598414295764,-0.001323959233566068],""R_cal_rad2"":[[3.919047234460653e-05,-1.5973995445337865e-05],[-1.5973995445337865e-05,9.495284101727398e-05]],""R_rank"":2,""R_condition"":2.8393940460029663},{""station_id"":""station_1"",""mu_cal_rad"":[-0.0011576562177335842,-0.00012640269302191054],""R_cal_rad2"":[[4.5136319035593e-05,1.1639657045075218e-05],[1.1639657045075218e-05,8.001907030779688e-05]],""R_rank"":2,""R_condition"":2.00788717169344},{""station_id"":""station_2"",""mu_cal_rad"":[0.0013648202470032719,0.0006880784120984542],""R_cal_rad2"":[[4.2214497428465164e-05,3.843032890287187e-06],[3.843032890287187e-06,6.573781518958834e-05]],""R_rank"":2,""R_condition"":1.5948469139905987}]",calibration,False,orientation,0.0,0.2569046515733026,False,,,128,768,False,20260831,2124078988,2124078988,3312989803,0,independent_bearing_level_realizations,calibration,False,True,False,False,False,False,0.003092233593747551,1.0,0.0,3.3155976789309967,1.99292662819711,6.916184847197959,8.050245969068301,3.1363565024425757,6.518743603197966,1.0753863762010312,2.2654843105322673,0.9527820277952136,0.5947196724946835,0.347344498718948,"[[5.691659734654917,4.040369532583013,2.3256507650934912],[4.040369532583013,2.951108924567337,1.6623921122790215],[2.3256507650934912,1.6623921122790215,1.0439636231342044]]","[[5.913341894755065,4.183672555071402,2.380509869528376],[4.183672555071402,3.0435794521373176,1.7039851893341649],[2.380509869528376,1.7039851893341649,1.0757051701439115]]",0.03461360119952709,0.9655230627700058,2.1358148732680493,8.300507779327171,0.9375,3,176.92285322114327,226.39215885189546,"[0.10297069405979839,9.869923503820491,18.17650594958938]"
elongated_mid__orientation_calibration_mismatch,elongated_mid,orientation_calibration_mismatch,evaluation,3,"[""station_0"", ""station_1"", ""station_2""]",elongated,aligned,20.0,"[49.14912265733951,34.41458618106276,20.0]",49.14912265733951,34.41458618106276,20.0,3.162277660168379,3.0,1.0,5.623858771472359,11.099535862756639,"[{""station_id"":""station_0"",""mu_rad"":[0.0013962634015954637,-0.0008726646259971648],""R_rad2"":[[3.73156339238718e-05,-1.1727770661788283e-05],[-1.1727770661788283e-05,9.214676948547937e-05]]},{""station_id"":""station_1"",""mu_rad"":[-0.0008377580409572782,0.0006981317007977319],""R_rad2"":[[4.633230954955836e-05,1.5444103183186123e-05],[1.5444103183186123e-05,8.236855031032602e-05]]},{""station_id"":""station_2"",""mu_rad"":[0.0005585053606381855,0.0004363323129985824],""R_rad2"":[[5.6323760918562415e-05,6.418289034905951e-06],[6.418289034905951e-06,7.313864249078874e-05]]}]","[{""station_id"":""station_0"",""mu_cal_rad"":[0.0015815598414295764,-0.001323959233566068],""R_cal_rad2"":[[3.919047234460653e-05,-1.5973995445337865e-05],[-1.5973995445337865e-05,9.495284101727398e-05]],""R_rank"":2,""R_condition"":2.8393940460029663},{""station_id"":""station_1"",""mu_cal_rad"":[-0.0011576562177335842,-0.00012640269302191054],""R_cal_rad2"":[[4.5136319035593e-05,1.1639657045075218e-05],[1.1639657045075218e-05,8.001907030779688e-05]],""R_rank"":2,""R_condition"":2.00788717169344},{""station_id"":""station_2"",""mu_cal_rad"":[0.0013648202470032719,0.0006880784120984542],""R_cal_rad2"":[[4.2214497428465164e-05,3.843032890287187e-06],[3.843032890287187e-06,6.573781518958834e-05]],""R_rank"":2,""R_condition"":1.5948469139905987}]",calibration,False,orientation,0.0,0.2569046515733026,False,,,256,1536,False,20260831,3312989803,2124078988,3312989803,0,independent_bearing_level_realizations,calibration,False,True,False,False,False,False,0.003086180078128109,1.0,0.0,3.2915306661766044,2.118696839300204,6.14659372544665,10.05014754169731,3.100852782754377,5.865377411058024,1.1040317685942918,2.102465662735,0.540631100166657,0.2870369484234523,0.2169449120976926,"[[6.146161778227448,4.312201298018334,2.521851954853437],[4.312201298018334,3.1306917148176656,1.7953439660898676],[2.521851954853437,1.7953439660898676,1.1764164278516593]]","[[5.729872652998921,4.052576000897906,2.3117355656909737],[4.052576000897906,2.9485943044705443,1.6545737195208827],[2.3117355656909737,1.6545737195208827,1.0483238860083575]]",0.0679036214488525,1.0746884649941948,2.656851695954119,10.646036265703346,0.88671875,3,173.55015470907364,239.03749706153957,"[0.10707000996050688,10.070134097431502,18.532432918481845]"
elongated_mid__bearing_covariance_mismatch,elongated_mid,bearing_covariance_mismatch,calibration,3,"[""station_0"", ""station_1"", ""station_2""]",elongated,aligned,20.0,"[49.14912265733951,34.41458618106276,20.0]",49.14912265733951,34.41458618106276,20.0,3.162277660168379,3.0,1.0,5.623858771472359,11.099535862756639,"[{""station_id"":""station_0"",""mu_rad"":[0.0013962634015954637,-0.0008726646259971648],""R_rad2"":[[3.73156339238718e-05,-1.1727770661788283e-05],[-1.1727770661788283e-05,9.214676948547937e-05]]},{""station_id"":""station_1"",""mu_rad"":[-0.0008377580409572782,0.0006981317007977319],""R_rad2"":[[4.633230954955836e-05,1.5444103183186123e-05],[1.5444103183186123e-05,8.236855031032602e-05]]},{""station_id"":""station_2"",""mu_rad"":[0.0005585053606381855,0.0004363323129985824],""R_rad2"":[[5.6323760918562415e-05,6.418289034905951e-06],[6.418289034905951e-06,7.313864249078874e-05]]}]","[{""station_id"":""station_0"",""mu_cal_rad"":[0.0015815598414295764,-0.001323959233566068],""R_cal_rad2"":[[3.919047234460653e-05,-1.5973995445337865e-05],[-1.5973995445337865e-05,9.495284101727398e-05]],""R_rank"":2,""R_condition"":2.8393940460029663},{""station_id"":""station_1"",""mu_cal_rad"":[-0.0011576562177335842,-0.00012640269302191054],""R_cal_rad2"":[[4.5136319035593e-05,1.1639657045075218e-05],[1.1639657045075218e-05,8.001907030779688e-05]],""R_rank"":2,""R_condition"":2.00788717169344},{""station_id"":""station_2"",""mu_cal_rad"":[0.0013648202470032719,0.0006880784120984542],""R_cal_rad2"":[[4.2214497428465164e-05,3.843032890287187e-06],[3.843032890287187e-06,6.573781518958834e-05]],""R_rank"":2,""R_condition"":1.5948469139905987}]",calibration,False,none,0.0,0.0,True,,,128,768,False,20260831,2124078988,2124078988,3312989803,0,independent_bearing_level_realizations,calibration,False,True,False,False,False,False,0.003160357031276817,1.0,0.0,3.1544530449575707,2.0152552318545007,6.559150340746641,8.16665919433994,2.977034412273723,6.144023607856901,1.0429957435100772,2.1410672224850655,0.1165238434512259,0.08300112875065385,0.04708796808683499,"[[5.833852357520963,4.1802192833704686,2.4140405927040565],[4.1802192833704686,3.0780386896807252,1.7423575022367401],[2.4140405927040565,1.7423575022367401,1.094171055613573]]","[[1.8826334202741921,1.345299623197296,0.6735266319083517],[1.345299623197296,0.9860968156305744,0.4890496954571902],[0.6735266319083517,0.4890496954571902,0.5963293412273241]]",0.6836242771290143,2.887702759528577,4.597471611723849,18.861583758808617,0.7109375,3,188.94093281317708,240.41267326278185,"[0.32934635517249494,3.137988349177763,62.10966404190165]"
elongated_mid__bearing_covariance_mismatch,elongated_mid,bearing_covariance_mismatch,evaluation,3,"[""station_0"", ""station_1"", ""station_2""]",elongated,aligned,20.0,"[49.14912265733951,34.41458618106276,20.0]",49.14912265733951,34.41458618106276,20.0,3.162277660168379,3.0,1.0,5.623858771472359,11.099535862756639,"[{""station_id"":""station_0"",""mu_rad"":[0.0013962634015954637,-0.0008726646259971648],""R_rad2"":[[3.73156339238718e-05,-1.1727770661788283e-05],[-1.1727770661788283e-05,9.214676948547937e-05]]},{""station_id"":""station_1"",""mu_rad"":[-0.0008377580409572782,0.0006981317007977319],""R_rad2"":[[4.633230954955836e-05,1.5444103183186123e-05],[1.5444103183186123e-05,8.236855031032602e-05]]},{""station_id"":""station_2"",""mu_rad"":[0.0005585053606381855,0.0004363323129985824],""R_rad2"":[[5.6323760918562415e-05,6.418289034905951e-06],[6.418289034905951e-06,7.313864249078874e-05]]}]","[{""station_id"":""station_0"",""mu_cal_rad"":[0.0015815598414295764,-0.001323959233566068],""R_cal_rad2"":[[3.919047234460653e-05,-1.5973995445337865e-05],[-1.5973995445337865e-05,9.495284101727398e-05]],""R_rank"":2,""R_condition"":2.8393940460029663},{""station_id"":""station_1"",""mu_cal_rad"":[-0.0011576562177335842,-0.00012640269302191054],""R_cal_rad2"":[[4.5136319035593e-05,1.1639657045075218e-05],[1.1639657045075218e-05,8.001907030779688e-05]],""R_rank"":2,""R_condition"":2.00788717169344},{""station_id"":""station_2"",""mu_cal_rad"":[0.0013648202470032719,0.0006880784120984542],""R_cal_rad2"":[[4.2214497428465164e-05,3.843032890287187e-06],[3.843032890287187e-06,6.573781518958834e-05]],""R_rank"":2,""R_condition"":1.5948469139905987}]",calibration,False,none,0.0,0.0,True,,,256,1536,False,20260831,3312989803,2124078988,3312989803,0,independent_bearing_level_realizations,calibration,False,True,False,False,False,False,0.0031784652343560538,1.0,0.0,3.4337128786555082,2.2550665979748485,7.200458998812653,9.231551229394361,3.240377694379863,6.828199120522716,1.1359298089275331,2.4485061824994654,-0.3458421306847188,-0.2656175426322246,-0.10211241912351855,"[[6.829944126439211,4.831612366426925,2.796552827162641],[4.831612366426925,3.52037495138256,1.9992467442041715],[2.796552827162641,1.9992467442041715,1.284928837944103]]","[[1.8185423295409608,1.2990171729011997,0.6517385627392356],[1.2990171729011997,0.9522336890909733,0.47320017726590247],[0.6517385627392356,0.47320017726590247,0.5825126717897946]]",0.7362503350482542,3.4698020331504944,5.427603847636162,30.509304730327255,0.63671875,3,185.90636377877922,255.5878592267437,"[0.3373958956974838,3.166158447136512,62.714497838299806]"
elongated_mid__one_erroneous_bearing,elongated_mid,one_erroneous_bearing,calibration,3,"[""station_0"", ""station_1"", ""station_2""]",elongated,aligned,20.0,"[49.14912265733951,34.41458618106276,20.0]",49.14912265733951,34.41458618106276,20.0,3.162277660168379,3.0,1.0,5.623858771472359,11.099535862756639,"[{""station_id"":""station_0"",""mu_rad"":[0.0013962634015954637,-0.0008726646259971648],""R_rad2"":[[3.73156339238718e-05,-1.1727770661788283e-05],[-1.1727770661788283e-05,9.214676948547937e-05]]},{""station_id"":""station_1"",""mu_rad"":[-0.0008377580409572782,0.0006981317007977319],""R_rad2"":[[4.633230954955836e-05,1.5444103183186123e-05],[1.5444103183186123e-05,8.236855031032602e-05]]},{""station_id"":""station_2"",""mu_rad"":[0.0005585053606381855,0.0004363323129985824],""R_rad2"":[[5.6323760918562415e-05,6.418289034905951e-06],[6.418289034905951e-06,7.313864249078874e-05]]}]","[{""station_id"":""station_0"",""mu_cal_rad"":[0.0015815598414295764,-0.001323959233566068],""R_cal_rad2"":[[3.919047234460653e-05,-1.5973995445337865e-05],[-1.5973995445337865e-05,9.495284101727398e-05]],""R_rank"":2,""R_condition"":2.8393940460029663},{""station_id"":""station_1"",""mu_cal_rad"":[-0.0011576562177335842,-0.00012640269302191054],""R_cal_rad2"":[[4.5136319035593e-05,1.1639657045075218e-05],[1.1639657045075218e-05,8.001907030779688e-05]],""R_rank"":2,""R_condition"":2.00788717169344},{""station_id"":""station_2"",""mu_cal_rad"":[0.0013648202470032719,0.0006880784120984542],""R_cal_rad2"":[[4.2214497428465164e-05,3.843032890287187e-06],[3.843032890287187e-06,6.573781518958834e-05]],""R_rank"":2,""R_condition"":1.5948469139905987}]",calibration,False,none,0.0,0.0,False,station_2,"[5.0,-2.0]",128,768,False,20260831,2124078988,2124078988,3312989803,0,independent_bearing_level_realizations,calibration,False,True,False,False,False,False,0.002993796093733181,1.0,0.0,2.988190323664042,1.872228982427753,6.038048691392519,8.755540027799887,2.8218910724485147,5.741935098312592,0.9829609278474845,1.9775355808820723,0.105589804894065,0.07481988327276459,0.04300261392798896,"[[5.264975026293693,3.744798787434705,2.154050635683554],[3.744798787434705,2.7439164412304486,1.543268505106963],[2.154050635683554,1.543268505106963,0.9719563700108578]]","[[5.524205350200532,3.9181017079541083,2.229309358332586],[3.9181017079541083,2.8600454613191983,1.6004982049059078],[2.229309358332586,1.6004982049059078,1.0132987580902983]]",0.045257078979816893,0.9556584693713596,2.125046402413105,8.255097829355222,0.9375,3,171.30833678271216,217.82344485513934,"[0.10986164932655361,10.198831790477067,18.78050225507228]"
elongated_mid__one_erroneous_bearing,elongated_mid,one_erroneous_bearing,evaluation,3,"[""station_0"", ""station_1"", ""station_2""]",elongated,aligned,20.0,"[49.14912265733951,34.41458618106276,20.0]",49.14912265733951,34.41458618106276,20.0,3.162277660168379,3.0,1.0,5.623858771472359,11.099535862756639,"[{""station_id"":""station_0"",""mu_rad"":[0.0013962634015954637,-0.0008726646259971648],""R_rad2"":[[3.73156339238718e-05,-1.1727770661788283e-05],[-1.1727770661788283e-05,9.214676948547937e-05]]},{""station_id"":""station_1"",""mu_rad"":[-0.0008377580409572782,0.0006981317007977319],""R_rad2"":[[4.633230954955836e-05,1.5444103183186123e-05],[1.5444103183186123e-05,8.236855031032602e-05]]},{""station_id"":""station_2"",""mu_rad"":[0.0005585053606381855,0.0004363323129985824],""R_rad2"":[[5.6323760918562415e-05,6.418289034905951e-06],[6.418289034905951e-06,7.313864249078874e-05]]}]","[{""station_id"":""station_0"",""mu_cal_rad"":[0.0015815598414295764,-0.001323959233566068],""R_cal_rad2"":[[3.919047234460653e-05,-1.5973995445337865e-05],[-1.5973995445337865e-05,9.495284101727398e-05]],""R_rank"":2,""R_condition"":2.8393940460029663},{""station_id"":""station_1"",""mu_cal_rad"":[-0.0011576562177335842,-0.00012640269302191054],""R_cal_rad2"":[[4.5136319035593e-05,1.1639657045075218e-05],[1.1639657045075218e-05,8.001907030779688e-05]],""R_rank"":2,""R_condition"":2.00788717169344},{""station_id"":""station_2"",""mu_cal_rad"":[0.0013648202470032719,0.0006880784120984542],""R_cal_rad2"":[[4.2214497428465164e-05,3.843032890287187e-06],[3.843032890287187e-06,6.573781518958834e-05]],""R_rank"":2,""R_condition"":1.5948469139905987}]",calibration,False,none,0.0,0.0,False,station_2,"[5.0,-2.0]",256,1536,False,20260831,3312989803,2124078988,3312989803,0,independent_bearing_level_realizations,calibration,False,True,False,False,False,False,0.0037966312499975174,1.0,0.0,8.919915644704355,8.0832483738931,13.751945147182838,17.136417076410424,8.731417881057835,13.45404823629086,1.8240715158636174,3.2735446827662376,5.072513035160131,6.229563668037712,1.4166477621082583,"[[7.511277682772757,5.548777590083711,2.9405151196451906],[5.548777590083711,4.234410137928381,2.2047601415732205],[2.9405151196451906,2.2047601415732205,1.3255238406010046]]","[[8.11228535963531,6.130432359957949,3.1500522857838544],[6.130432359957949,4.740330239859211,2.4048613829284573],[3.1500522857838544,2.4048613829284573,1.3655715983646075]]",0.09425868422059512,0.9193303955985551,68.2689974867517,97.72067671121076,0.0,3,204.20619582769248,281.0687651840163,"[0.07269757681008543,8.082732208119191,14.847165584150376]"
near_collinear_far__ideal_three,near_collinear_far,ideal_three,calibration,3,"[""station_0"", ""station_1"", ""station_2""]",near_collinear,aligned,20.0,"[163.83040885779835,114.71528727020922,40.0]",163.83040885779835,114.71528727020922,40.0,10.198039027185569,10.0,2.0,1.6009823458269912,3.350882723634167,"[{""station_id"":""station_0"",""mu_rad"":[0.0013962634015954637,-0.0008726646259971648],""R_rad2"":[[3.73156339238718e-05,-1.1727770661788283e-05],[-1.1727770661788283e-05,9.214676948547937e-05]]},{""station_id"":""station_1"",""mu_rad"":[-0.0008377580409572782,0.0006981317007977319],""R_rad2"":[[4.633230954955836e-05,1.5444103183186123e-05],[1.5444103183186123e-05,8.236855031032602e-05]]},{""station_id"":""station_2"",""mu_rad"":[0.0005585053606381855,0.0004363323129985824],""R_rad2"":[[5.6323760918562415e-05,6.418289034905951e-06],[6.418289034905951e-06,7.313864249078874e-05]]}]","[{""station_id"":""station_0"",""mu_cal_rad"":[0.0027342479414367246,-0.0011141871045627562],""R_cal_rad2"":[[3.586141815112605e-05,-1.1653587012180958e-05],[-1.1653587012180958e-05,8.905621686500888e-05]],""R_rank"":2,""R_condition"":2.737762253241217},{""station_id"":""station_1"",""mu_cal_rad"":[-0.0015347994276165087,0.0011705001255241884],""R_cal_rad2"":[[3.914679277633816e-05,1.0909869982645476e-05],[1.0909869982645476e-05,7.936275289435215e-05]],""R_rank"":2,""R_condition"":2.2577440825606407},{""station_id"":""station_2"",""mu_cal_rad"":[4.3067593745910524e-05,-0.0006026748461105365],""R_cal_rad2"":[[4.949130593382704e-05,4.768418458970688e-06],[4.768418458970688e-06,8.181555324391897e-05]],""R_rank"":2,""R_condition"":1.6905735911327362}]",calibration,False,none,0.0,0.0,False,,,128,768,False,20260831,2328201489,2328201489,1477069488,0,independent_bearing_level_realizations,calibration,False,True,False,False,False,False,0.003188632812509695,1.0,0.0,36.25436321120094,19.828874218303984,77.0399920849129,102.96569929558977,35.559891638422556,75.37753032635578,7.062078908743918,15.175561584143516,4.478493588041417,3.1287300002224008,1.072472726187601,"[[834.8371013275316,584.1786798505934,199.53061055132605],[584.1786798505934,409.544668352024,139.77303665319306],[199.53061055132605,139.77303665319306,49.106404550459914]]","[[890.1515770592373,620.5994598165477,213.38843957682397],[620.5994598165477,433.58320771673914,148.90317901620298],[213.38843957682397,148.90317901620298,52.481090449386535]]",0.06409004505948053,0.9398875550815744,2.1910378122819822,13.596710881250894,0.890625,3,1868.6076149725043,5387.468835197077,"[0.0009621126196062307,0.8860274775911539,1.802722954341724]"
near_collinear_far__ideal_three,near_collinear_far,ideal_three,evaluation,3,"[""station_0"", ""station_1"", ""station_2""]",near_collinear,aligned,20.0,"[163.83040885779835,114.71528727020922,40.0]",163.83040885779835,114.71528727020922,40.0,10.198039027185569,10.0,2.0,1.6009823458269912,3.350882723634167,"[{""station_id"":""station_0"",""mu_rad"":[0.0013962634015954637,-0.0008726646259971648],""R_rad2"":[[3.73156339238718e-05,-1.1727770661788283e-05],[-1.1727770661788283e-05,9.214676948547937e-05]]},{""station_id"":""station_1"",""mu_rad"":[-0.0008377580409572782,0.0006981317007977319],""R_rad2"":[[4.633230954955836e-05,1.5444103183186123e-05],[1.5444103183186123e-05,8.236855031032602e-05]]},{""station_id"":""station_2"",""mu_rad"":[0.0005585053606381855,0.0004363323129985824],""R_rad2"":[[5.6323760918562415e-05,6.418289034905951e-06],[6.418289034905951e-06,7.313864249078874e-05]]}]","[{""station_id"":""station_0"",""mu_cal_rad"":[0.0027342479414367246,-0.0011141871045627562],""R_cal_rad2"":[[3.586141815112605e-05,-1.1653587012180958e-05],[-1.1653587012180958e-05,8.905621686500888e-05]],""R_rank"":2,""R_condition"":2.737762253241217},{""station_id"":""station_1"",""mu_cal_rad"":[-0.0015347994276165087,0.0011705001255241884],""R_cal_rad2"":[[3.914679277633816e-05,1.0909869982645476e-05],[1.0909869982645476e-05,7.936275289435215e-05]],""R_rank"":2,""R_condition"":2.2577440825606407},{""station_id"":""station_2"",""mu_cal_rad"":[4.3067593745910524e-05,-0.0006026748461105365],""R_cal_rad2"":[[4.949130593382704e-05,4.768418458970688e-06],[4.768418458970688e-06,8.181555324391897e-05]],""R_rank"":2,""R_condition"":1.6905735911327362}]",calibration,False,none,0.0,0.0,False,,,256,1536,False,20260831,1477069488,2328201489,1477069488,0,independent_bearing_level_realizations,calibration,False,True,False,False,False,False,0.003213724218767311,1.0,0.0,38.54975669548479,22.42151491449532,64.86760701117626,134.4900174050149,37.837251083981336,63.80148938499369,7.377409551382356,12.599314076203095,-2.3953048088042412,-1.6890954385255055,-0.5197363118560578,"[[959.3119570581339,670.3752519760516,226.0413863371748],[670.3752519760516,469.3357390695829,158.05707597370204],[226.0413863371748,158.05707597370204,54.36842250537749]]","[[802.4885776530856,559.6120661031406,192.25161799522684],[559.6120661031406,391.09476973580615,134.1858617382965],[192.25161799522684,134.1858617382965,47.278267486442395]]",0.16358704858617074,1.1951502898105915,2.763557829909467,16.582273239625636,0.83984375,3,1692.8981979089167,7586.3472367228405,"[0.0012092290638342665,0.99982620181521,2.0323530176733877]"
near_collinear_far__ideal_two,near_collinear_far,ideal_two,calibration,2,"[""station_0"", ""station_1""]",near_collinear,aligned,20.0,"[163.83040885779835,114.71528727020922,40.0]",163.83040885779835,114.71528727020922,40.0,10.198039027185569,10.0,2.0,1.6009823458269912,3.350882723634167,"[{""station_id"":""station_0"",""mu_rad"":[0.0013962634015954637,-0.0008726646259971648],""R_rad2"":[[3.73156339238718e-05,-1.1727770661788283e-05],[-1.1727770661788283e-05,9.214676948547937e-05]]},{""station_id"":""station_1"",""mu_rad"":[-0.0008377580409572782,0.0006981317007977319],""R_rad2"":[[4.633230954955836e-05,1.5444103183186123e-05],[1.5444103183186123e-05,8.236855031032602e-05]]}]","[{""station_id"":""station_0"",""mu_cal_rad"":[0.0027342479414367246,-0.0011141871045627562],""R_cal_rad2"":[[3.586141815112605e-05,-1.1653587012180958e-05],[-1.1653587012180958e-05,8.905621686500888e-05]],""R_rank"":2,""R_condition"":2.737762253241217},{""station_id"":""station_1"",""mu_cal_rad"":[-0.0015347994276165087,0.0011705001255241884],""R_cal_rad2"":[[3.914679277633816e-05,1.0909869982645476e-05],[1.0909869982645476e-05,7.936275289435215e-05]],""R_rank"":2,""R_condition"":2.2577440825606407}]",calibration,False,none,0.0,0.0,False,,,128,512,False,20260831,2328201489,2328201489,1477069488,0,independent_bearing_level_realizations,calibration,False,True,False,False,False,False,0.0025488437500484906,1.0,0.0,154.81281310479403,39.48281469486935,218.28708479354077,659.5515041482896,152.02801941689094,213.7253102955301,29.231633782553427,38.91627817995013,28.243789035614768,19.163013942013286,6.561959365398257,"[[15149.819135376109,10275.164734411717,3514.3165711753477],[10275.164734411717,6970.582467539126,2383.9495328391276],[3514.3165711753477,2383.9495328391276,817.8183084187018]]","[[68340.71041400767,46320.807250273545,15857.931256951431],[46320.807250273545,31398.530242940546,10748.882133173722],[15857.931256951431,10748.882133173722,3683.974523355018]]",3.509210846053934,0.22178985512435004,2.6188157386561324,24.75595332629248,0.8203125,3,5718.966866080867,255659.83393085626,"[0.00021833317491795157,0.5561936073022429,1.245741506206346]"
near_collinear_far__ideal_two,near_collinear_far,ideal_two,evaluation,2,"[""station_0"", ""station_1""]",near_collinear,aligned,20.0,"[163.83040885779835,114.71528727020922,40.0]",163.83040885779835,114.71528727020922,40.0,10.198039027185569,10.0,2.0,1.6009823458269912,3.350882723634167,"[{""station_id"":""station_0"",""mu_rad"":[0.0013962634015954637,-0.0008726646259971648],""R_rad2"":[[3.73156339238718e-05,-1.1727770661788283e-05],[-1.1727770661788283e-05,9.214676948547937e-05]]},{""station_id"":""station_1"",""mu_rad"":[-0.0008377580409572782,0.0006981317007977319],""R_rad2"":[[4.633230954955836e-05,1.5444103183186123e-05],[1.5444103183186123e-05,8.236855031032602e-05]]}]","[{""station_id"":""station_0"",""mu_cal_rad"":[0.0027342479414367246,-0.0011141871045627562],""R_cal_rad2"":[[3.586141815112605e-05,-1.1653587012180958e-05],[-1.1653587012180958e-05,8.905621686500888e-05]],""R_rank"":2,""R_condition"":2.737762253241217},{""station_id"":""station_1"",""mu_cal_rad"":[-0.0015347994276165087,0.0011705001255241884],""R_cal_rad2"":[[3.914679277633816e-05,1.0909869982645476e-05],[1.0909869982645476e-05,7.936275289435215e-05]],""R_rank"":2,""R_condition"":2.2577440825606407}]",calibration,False,none,0.0,0.0,False,,,256,1024,False,20260831,1477069488,2328201489,1477069488,0,independent_bearing_level_realizations,calibration,False,True,False,False,False,False,0.002472677734374429,0.9921875,0.0078125,70.27270373068671,41.40676988548671,110.9989731573431,260.3403213733885,69.0080610866369,109.1421060080701,13.27178943036169,21.406849058821418,-1.631194489330335,-1.2254023122335636,-0.42228903487205294,"[[3273.6521417031768,2217.210482644365,756.2010003325147],[2217.210482644365,1503.1040737775872,512.2091603799125],[756.2010003325147,512.2091603799125,176.65756889462952]]","[[5975.693397181311,4050.170203868736,1384.7387045925052],[4050.170203868736,2746.628727432511,938.694006348],[1384.7387045925052,938.694006348,323.2166624588301]]",0.8265229187367074,0.5476084842457941,4.356136786425755,29.353049497997276,0.6692913385826772,3,4534.556593667856,46302.63932080263,"[0.0003459103707659739,0.7048323960366051,1.5773245344921956]"
near_collinear_far__one_station_failure,near_collinear_far,one_station_failure,calibration,2,"[""station_0"", ""station_2""]",near_collinear,aligned,20.0,"[163.83040885779835,114.71528727020922,40.0]",163.83040885779835,114.71528727020922,40.0,10.198039027185569,10.0,2.0,1.6009823458269912,3.350882723634167,"[{""station_id"":""station_0"",""mu_rad"":[0.0013962634015954637,-0.0008726646259971648],""R_rad2"":[[3.73156339238718e-05,-1.1727770661788283e-05],[-1.1727770661788283e-05,9.214676948547937e-05]]},{""station_id"":""station_2"",""mu_rad"":[0.0005585053606381855,0.0004363323129985824],""R_rad2"":[[5.6323760918562415e-05,6.418289034905951e-06],[6.418289034905951e-06,7.313864249078874e-05]]}]","[{""station_id"":""station_0"",""mu_cal_rad"":[0.0027342479414367246,-0.0011141871045627562],""R_cal_rad2"":[[3.586141815112605e-05,-1.1653587012180958e-05],[-1.1653587012180958e-05,8.905621686500888e-05]],""R_rank"":2,""R_condition"":2.737762253241217},{""station_id"":""station_2"",""mu_cal_rad"":[4.3067593745910524e-05,-0.0006026748461105365],""R_cal_rad2"":[[4.949130593382704e-05,4.768418458970688e-06],[4.768418458970688e-06,8.181555324391897e-05]],""R_rank"":2,""R_condition"":1.6905735911327362}]",calibration,False,none,0.0,0.0,False,,,128,512,False,20260831,2328201489,2328201489,1477069488,0,independent_bearing_level_realizations,calibration,False,True,False,False,False,False,0.002247528124996734,1.0,0.0,36.59213506030476,20.942498439852727,80.15005695635587,103.25506302570598,35.90252981848444,78.69860069328479,7.070551669029888,15.138224771881427,4.5785746210359495,3.189049265002327,1.0825544711884478,"[[851.5301045982695,594.4975812219665,200.65782690759806],[594.4975812219665,416.2325577938262,140.21310278174934],[200.65782690759806,140.21310278174934,49.205192286066136]]","[[902.1736311491122,627.7980790403502,214.47385353561612],[627.7980790403502,438.2782515520343,149.297632939954],[214.47385353561612,149.297632939954,52.999299467910504]]",0.058092825280523556,0.9451123021246854,1.9320256053873024,12.66528126598526,0.875,3,1208.1312525758067,3532.8167315736323,"[0.0009896285601980422,0.578909856376043,1.1902854464776282]"
near_collinear_far__one_station_failure,near_collinear_far,one_station_failure,evaluation,2,"[""station_0"", ""station_2""]",near_collinear,aligned,20.0,"[163.83040885779835,114.71528727020922,40.0]",163.83040885779835,114.71528727020922,40.0,10.198039027185569,10.0,2.0,1.6009823458269912,3.350882723634167,"[{""station_id"":""station_0"",""mu_rad"":[0.0013962634015954637,-0.0008726646259971648],""R_rad2"":[[3.73156339238718e-05,-1.1727770661788283e-05],[-1.1727770661788283e-05,9.214676948547937e-05]]},{""station_id"":""station_2"",""mu_rad"":[0.0005585053606381855,0.0004363323129985824],""R_rad2"":[[5.6323760918562415e-05,6.418289034905951e-06],[6.418289034905951e-06,7.313864249078874e-05]]}]","[{""station_id"":""station_0"",""mu_cal_rad"":[0.0027342479414367246,-0.0011141871045627562],""R_cal_rad2"":[[3.586141815112605e-05,-1.1653587012180958e-05],[-1.1653587012180958e-05,8.905621686500888e-05]],""R_rank"":2,""R_condition"":2.737762253241217},{""station_id"":""station_2"",""mu_cal_rad"":[4.3067593745910524e-05,-0.0006026748461105365],""R_cal_rad2"":[[4.949130593382704e-05,4.768418458970688e-06],[4.768418458970688e-06,8.181555324391897e-05]],""R_rank"":2,""R_condition"":1.6905735911327362}]",calibration,False,none,0.0,0.0,False,,,256,1024,False,20260831,1477069488,2328201489,1477069488,0,independent_bearing_level_realizations,calibration,False,True,False,False,False,False,0.0022671746093578804,1.0,0.0,39.15410246854515,23.275999568621295,67.68602626631609,135.9972627370544,38.423689241758126,66.5745354336031,7.527539117808279,12.618446465818332,-2.1076575530235493,-1.645634890514984,-0.3843641168533859,"[[995.8413666288646,689.7607647228026,233.68706742444635],[689.7607647228026,479.14987831519994,161.90654781421523],[233.68706742444635,161.90654781421523,56.737741197361544]]","[[822.7903175724992,571.5502174516571,195.8918202372402],[571.5502174516571,398.350636569021,136.12296279670235],[195.8918202372402,136.12296279670235,48.514635891996825]]",0.17140030311136145,1.206412981729156,2.8083608457369795,16.427483834065185,0.84375,3,1090.6703891964437,5206.492679785146,"[0.0012241238544921048,0.6441150415875252,1.3231877580862945]"
near_collinear_far__position_calibration_mismatch,near_collinear_far,position_calibration_mismatch,calibration,3,"[""station_0"", ""station_1"", ""station_2""]",near_collinear,aligned,20.0,"[163.83040885779835,114.71528727020922,40.0]",163.83040885779835,114.71528727020922,40.0,10.198039027185569,10.0,2.0,1.6009823458269912,3.350882723634167,"[{""station_id"":""station_0"",""mu_rad"":[0.0013962634015954637,-0.0008726646259971648],""R_rad2"":[[3.73156339238718e-05,-1.1727770661788283e-05],[-1.1727770661788283e-05,9.214676948547937e-05]]},{""station_id"":""station_1"",""mu_rad"":[-0.0008377580409572782,0.0006981317007977319],""R_rad2"":[[4.633230954955836e-05,1.5444103183186123e-05],[1.5444103183186123e-05,8.236855031032602e-05]]},{""station_id"":""station_2"",""mu_rad"":[0.0005585053606381855,0.0004363323129985824],""R_rad2"":[[5.6323760918562415e-05,6.418289034905951e-06],[6.418289034905951e-06,7.313864249078874e-05]]}]","[{""station_id"":""station_0"",""mu_cal_rad"":[0.0027342479414367246,-0.0011141871045627562],""R_cal_rad2"":[[3.586141815112605e-05,-1.1653587012180958e-05],[-1.1653587012180958e-05,8.905621686500888e-05]],""R_rank"":2,""R_condition"":2.737762253241217},{""station_id"":""station_1"",""mu_cal_rad"":[-0.0015347994276165087,0.0011705001255241884],""R_cal_rad2"":[[3.914679277633816e-05,1.0909869982645476e-05],[1.0909869982645476e-05,7.936275289435215e-05]],""R_rank"":2,""R_condition"":2.2577440825606407},{""station_id"":""station_2"",""mu_cal_rad"":[4.3067593745910524e-05,-0.0006026748461105365],""R_cal_rad2"":[[4.949130593382704e-05,4.768418458970688e-06],[4.768418458970688e-06,8.181555324391897e-05]],""R_rank"":2,""R_condition"":1.6905735911327362}]",calibration,False,position,0.09433981132056604,0.0,False,,,128,768,False,20260831,2328201489,2328201489,1477069488,0,independent_bearing_level_realizations,calibration,False,True,False,False,False,False,0.003203119531235643,1.0,0.0,35.77606376537079,20.774111819268985,76.19972521856221,99.98910106285031,35.09071548665804,74.5540821162508,6.969105048590842,14.851806914630192,3.2942645621661297,2.3034417447814706,0.7938944706079627,"[[821.6477760607734,574.9820159698709,196.34692657982959],[574.9820159698709,403.121020651981,137.5508230758737],[196.34692657982959,137.5508230758737,48.3156225489965]]","[[876.8751979030117,611.3585370258718,210.2019004517894],[611.3585370258718,427.1381329075632,146.68333167842104],[210.2019004517894,146.68333167842104,51.696958965073925]]",0.06503584130145953,0.9390534459043081,2.1886685297872743,13.604314246726357,0.890625,3,1870.7446310804503,5394.674187052244,"[0.000976059539615801,0.9000045037907285,1.8310539061042985]"
near_collinear_far__position_calibration_mismatch,near_collinear_far,position_calibration_mismatch,evaluation,3,"[""station_0"", ""station_1"", ""station_2""]",near_collinear,aligned,20.0,"[163.83040885779835,114.71528727020922,40.0]",163.83040885779835,114.71528727020922,40.0,10.198039027185569,10.0,2.0,1.6009823458269912,3.350882723634167,"[{""station_id"":""station_0"",""mu_rad"":[0.0013962634015954637,-0.0008726646259971648],""R_rad2"":[[3.73156339238718e-05,-1.1727770661788283e-05],[-1.1727770661788283e-05,9.214676948547937e-05]]},{""station_id"":""station_1"",""mu_rad"":[-0.0008377580409572782,0.0006981317007977319],""R_rad2"":[[4.633230954955836e-05,1.5444103183186123e-05],[1.5444103183186123e-05,8.236855031032602e-05]]},{""station_id"":""station_2"",""mu_rad"":[0.0005585053606381855,0.0004363323129985824],""R_rad2"":[[5.6323760918562415e-05,6.418289034905951e-06],[6.418289034905951e-06,7.313864249078874e-05]]}]","[{""station_id"":""station_0"",""mu_cal_rad"":[0.0027342479414367246,-0.0011141871045627562],""R_cal_rad2"":[[3.586141815112605e-05,-1.1653587012180958e-05],[-1.1653587012180958e-05,8.905621686500888e-05]],""R_rank"":2,""R_condition"":2.737762253241217},{""station_id"":""station_1"",""mu_cal_rad"":[-0.0015347994276165087,0.0011705001255241884],""R_cal_rad2"":[[3.914679277633816e-05,1.0909869982645476e-05],[1.0909869982645476e-05,7.936275289435215e-05]],""R_rank"":2,""R_condition"":2.2577440825606407},{""station_id"":""station_2"",""mu_cal_rad"":[4.3067593745910524e-05,-0.0006026748461105365],""R_cal_rad2"":[[4.949130593382704e-05,4.768418458970688e-06],[4.768418458970688e-06,8.181555324391897e-05]],""R_rank"":2,""R_condition"":1.6905735911327362}]",calibration,False,position,0.09433981132056604,0.0,False,,,256,1536,False,20260831,1477069488,2328201489,1477069488,0,independent_bearing_level_realizations,calibration,False,True,False,False,False,False,0.0032205386718828777,1.0,0.0,38.50206004534203,23.121200656936335,64.30472680744364,132.79819489072239,37.79102699892325,63.31787816017255,7.365249900836826,12.555751342276956,-3.431134006919364,-2.410981598551719,-0.7631216944590726,"[[950.9032142990209,664.4892092726868,224.03503339179193],[664.4892092726868,465.20466589935603,156.65122961496394],[224.03503339179193,156.65122961496394,53.87500060232561]]","[[793.5159342789133,553.3627960814968,190.0956636191144],[553.3627960814968,386.7314003535718,132.68275839623922],[190.0956636191144,132.68275839623922,46.7444456241258]]",0.16560467552720967,1.1980380834281328,2.7535110456011287,16.703801474084134,0.83984375,3,1698.849500995197,7598.660589400576,"[0.0012131111244844002,1.010245040187026,2.0524743060703043]"
near_collinear_far__orientation_calibration_mismatch,near_collinear_far,orientation_calibration_mismatch,calibration,3,"[""station_0"", ""station_1"", ""station_2""]",near_collinear,aligned,20.0,"[163.83040885779835,114.71528727020922,40.0]",163.83040885779835,114.71528727020922,40.0,10.198039027185569,10.0,2.0,1.6009823458269912,3.350882723634167,"[{""station_id"":""station_0"",""mu_rad"":[0.0013962634015954637,-0.0008726646259971648],""R_rad2"":[[3.73156339238718e-05,-1.1727770661788283e-05],[-1.1727770661788283e-05,9.214676948547937e-05]]},{""station_id"":""station_1"",""mu_rad"":[-0.0008377580409572782,0.0006981317007977319],""R_rad2"":[[4.633230954955836e-05,1.5444103183186123e-05],[1.5444103183186123e-05,8.236855031032602e-05]]},{""station_id"":""station_2"",""mu_rad"":[0.0005585053606381855,0.0004363323129985824],""R_rad2"":[[5.6323760918562415e-05,6.418289034905951e-06],[6.418289034905951e-06,7.313864249078874e-05]]}]","[{""station_id"":""station_0"",""mu_cal_rad"":[0.0027342479414367246,-0.0011141871045627562],""R_cal_rad2"":[[3.586141815112605e-05,-1.1653587012180958e-05],[-1.1653587012180958e-05,8.905621686500888e-05]],""R_rank"":2,""R_condition"":2.737762253241217},{""station_id"":""station_1"",""mu_cal_rad"":[-0.0015347994276165087,0.0011705001255241884],""R_cal_rad2"":[[3.914679277633816e-05,1.0909869982645476e-05],[1.0909869982645476e-05,7.936275289435215e-05]],""R_rank"":2,""R_condition"":2.2577440825606407},{""station_id"":""station_2"",""mu_cal_rad"":[4.3067593745910524e-05,-0.0006026748461105365],""R_cal_rad2"":[[4.949130593382704e-05,4.768418458970688e-06],[4.768418458970688e-06,8.181555324391897e-05]],""R_rank"":2,""R_condition"":1.6905735911327362}]",calibration,False,orientation,0.0,0.2569046515733026,False,,,128,768,False,20260831,2328201489,2328201489,1477069488,0,independent_bearing_level_realizations,calibration,False,True,False,False,False,False,0.0032543062499712505,1.0,0.0,58.51422949026775,28.583014249623854,129.07069412827786,167.50751286803836,57.40841173147128,126.60882870308185,11.322072041353179,24.454380997605192,27.87402900821518,19.2607370243193,6.642613074007272,"[[1454.3373431514444,1015.7104119989451,347.1228665609964],[1015.7104119989451,710.3626290406302,242.62358089907403],[347.1228665609964,242.62358089907403,84.72693604648207]]","[[1602.1672435395697,1115.2520331256028,383.4543957648541],[1115.2520331256028,777.5150411617451,267.0899569021979],[383.4543957648541,267.0899569021979,93.53642634700557]]",0.09960855638481861,0.9095139456085932,2.0452291394121387,14.792374782217406,0.875,3,2392.103456788669,8351.399759706783,"[0.0005909863387586758,0.695343038480491,1.4149169695617778]"
near_collinear_far__orientation_calibration_mismatch,near_collinear_far,orientation_calibration_mismatch,evaluation,3,"[""station_0"", ""station_1"", ""station_2""]",near_collinear,aligned,20.0,"[163.83040885779835,114.71528727020922,40.0]",163.83040885779835,114.71528727020922,40.0,10.198039027185569,10.0,2.0,1.6009823458269912,3.350882723634167,"[{""station_id"":""station_0"",""mu_rad"":[0.0013962634015954637,-0.0008726646259971648],""R_rad2"":[[3.73156339238718e-05,-1.1727770661788283e-05],[-1.1727770661788283e-05,9.214676948547937e-05]]},{""station_id"":""station_1"",""mu_rad"":[-0.0008377580409572782,0.0006981317007977319],""R_rad2"":[[4.633230954955836e-05,1.5444103183186123e-05],[1.5444103183186123e-05,8.236855031032602e-05]]},{""station_id"":""station_2"",""mu_rad"":[0.0005585053606381855,0.0004363323129985824],""R_rad2"":[[5.6323760918562415e-05,6.418289034905951e-06],[6.418289034905951e-06,7.313864249078874e-05]]}]","[{""station_id"":""station_0"",""mu_cal_rad"":[0.0027342479414367246,-0.0011141871045627562],""R_cal_rad2"":[[3.586141815112605e-05,-1.1653587012180958e-05],[-1.1653587012180958e-05,8.905621686500888e-05]],""R_rank"":2,""R_condition"":2.737762253241217},{""station_id"":""station_1"",""mu_cal_rad"":[-0.0015347994276165087,0.0011705001255241884],""R_cal_rad2"":[[3.914679277633816e-05,1.0909869982645476e-05],[1.0909869982645476e-05,7.936275289435215e-05]],""R_rank"":2,""R_condition"":2.2577440825606407},{""station_id"":""station_2"",""mu_cal_rad"":[4.3067593745910524e-05,-0.0006026748461105365],""R_cal_rad2"":[[4.949130593382704e-05,4.768418458970688e-06],[4.768418458970688e-06,8.181555324391897e-05]],""R_rank"":2,""R_condition"":1.6905735911327362}]",calibration,False,orientation,0.0,0.2569046515733026,False,,,256,1536,False,20260831,1477069488,2328201489,1477069488,0,independent_bearing_level_realizations,calibration,False,True,False,False,False,False,0.0032622570312526022,1.0,0.0,56.38791300132187,24.344177397002113,109.33104549960805,213.30824554741838,55.34203691136789,107.50147779425349,10.809980719013227,20.691786602567817,19.174032324946655,13.176142800285593,4.618393151768944,"[[1701.0318801493747,1187.6469533697675,400.85133661822636],[1187.6469533697675,830.343098167264,279.98893571749886],[400.85133661822636,279.98893571749886,95.90074010717504]]","[[1476.06878594608,1028.1896995502557,352.7358714370152],[1028.1896995502557,717.3324648199929,245.85738692664327],[352.7358714370152,245.85738692664327,85.89836543798414]]",0.132668082327974,1.1526679949164718,2.701392705270367,18.235094367939226,0.8203125,3,2137.879507516591,12896.738044994438,"[0.0007618150138100413,0.7959490103784839,1.6194240284807742]"
near_collinear_far__bearing_covariance_mismatch,near_collinear_far,bearing_covariance_mismatch,calibration,3,"[""station_0"", ""station_1"", ""station_2""]",near_collinear,aligned,20.0,"[163.83040885779835,114.71528727020922,40.0]",163.83040885779835,114.71528727020922,40.0,10.198039027185569,10.0,2.0,1.6009823458269912,3.350882723634167,"[{""station_id"":""station_0"",""mu_rad"":[0.0013962634015954637,-0.0008726646259971648],""R_rad2"":[[3.73156339238718e-05,-1.1727770661788283e-05],[-1.1727770661788283e-05,9.214676948547937e-05]]},{""station_id"":""station_1"",""mu_rad"":[-0.0008377580409572782,0.0006981317007977319],""R_rad2"":[[4.633230954955836e-05,1.5444103183186123e-05],[1.5444103183186123e-05,8.236855031032602e-05]]},{""station_id"":""station_2"",""mu_rad"":[0.0005585053606381855,0.0004363323129985824],""R_rad2"":[[5.6323760918562415e-05,6.418289034905951e-06],[6.418289034905951e-06,7.313864249078874e-05]]}]","[{""station_id"":""station_0"",""mu_cal_rad"":[0.0027342479414367246,-0.0011141871045627562],""R_cal_rad2"":[[3.586141815112605e-05,-1.1653587012180958e-05],[-1.1653587012180958e-05,8.905621686500888e-05]],""R_rank"":2,""R_condition"":2.737762253241217},{""station_id"":""station_1"",""mu_cal_rad"":[-0.0015347994276165087,0.0011705001255241884],""R_cal_rad2"":[[3.914679277633816e-05,1.0909869982645476e-05],[1.0909869982645476e-05,7.936275289435215e-05]],""R_rank"":2,""R_condition"":2.2577440825606407},{""station_id"":""station_2"",""mu_cal_rad"":[4.3067593745910524e-05,-0.0006026748461105365],""R_cal_rad2"":[[4.949130593382704e-05,4.768418458970688e-06],[4.768418458970688e-06,8.181555324391897e-05]],""R_rank"":2,""R_condition"":1.6905735911327362}]",calibration,False,none,0.0,0.0,True,,,128,768,False,20260831,2328201489,2328201489,1477069488,0,independent_bearing_level_realizations,calibration,False,True,False,False,False,False,0.003171087499993064,1.0,0.0,39.42374108068602,21.478276253572915,83.60051392630731,124.93985086173163,38.656900270359394,81.99880898274883,7.737921057006077,15.499978307617319,5.029622383565733,3.5194196539538485,1.208587777441087,"[[983.51314536955,689.8249888930777,237.3454318311326],[689.8249888930777,484.62923950287615,166.62259578633675],[237.3454318311326,166.62259578633675,58.87469643457314]]","[[297.4425385579081,207.60138513708907,68.72248252720128],[207.60138513708907,145.17658700345208,48.024204224077],[68.72248252720128,48.024204224077,20.045615263940352]]",0.6993831127964215,3.3004829341071225,4.1073688388629845,27.074820977981354,0.6796875,3,1948.9839114331153,6347.5731757436415,"[0.003085064128303326,0.2760790941836899,6.014931015573474]"
near_collinear_far__bearing_covariance_mismatch,near_collinear_far,bearing_covariance_mismatch,evaluation,3,"[""station_0"", ""station_1"", ""station_2""]",near_collinear,aligned,20.0,"[163.83040885779835,114.71528727020922,40.0]",163.83040885779835,114.71528727020922,40.0,10.198039027185569,10.0,2.0,1.6009823458269912,3.350882723634167,"[{""station_id"":""station_0"",""mu_rad"":[0.0013962634015954637,-0.0008726646259971648],""R_rad2"":[[3.73156339238718e-05,-1.1727770661788283e-05],[-1.1727770661788283e-05,9.214676948547937e-05]]},{""station_id"":""station_1"",""mu_rad"":[-0.0008377580409572782,0.0006981317007977319],""R_rad2"":[[4.633230954955836e-05,1.5444103183186123e-05],[1.5444103183186123e-05,8.236855031032602e-05]]},{""station_id"":""station_2"",""mu_rad"":[0.0005585053606381855,0.0004363323129985824],""R_rad2"":[[5.6323760918562415e-05,6.418289034905951e-06],[6.418289034905951e-06,7.313864249078874e-05]]}]","[{""station_id"":""station_0"",""mu_cal_rad"":[0.0027342479414367246,-0.0011141871045627562],""R_cal_rad2"":[[3.586141815112605e-05,-1.1653587012180958e-05],[-1.1653587012180958e-05,8.905621686500888e-05]],""R_rank"":2,""R_condition"":2.737762253241217},{""station_id"":""station_1"",""mu_cal_rad"":[-0.0015347994276165087,0.0011705001255241884],""R_cal_rad2"":[[3.914679277633816e-05,1.0909869982645476e-05],[1.0909869982645476e-05,7.936275289435215e-05]],""R_rank"":2,""R_condition"":2.2577440825606407},{""station_id"":""station_2"",""mu_cal_rad"":[4.3067593745910524e-05,-0.0006026748461105365],""R_cal_rad2"":[[4.949130593382704e-05,4.768418458970688e-06],[4.768418458970688e-06,8.181555324391897e-05]],""R_rank"":2,""R_condition"":1.6905735911327362}]",calibration,False,none,0.0,0.0,True,,,256,1536,False,20260831,1477069488,2328201489,1477069488,0,independent_bearing_level_realizations,calibration,False,True,False,False,False,False,0.0031575027343535567,1.0,0.0,41.09373513072743,23.352732390970523,69.56775479640875,144.87446670323678,40.344758081084194,68.22563501258112,7.809965580793135,13.598984389730457,-1.8557686163781262,-1.3127169078833418,-0.4581945174761809,"[[1092.3168427289215,764.9291742197676,255.54844306256078],[764.9291742197676,536.5784312183662,179.06230379095524],[255.54844306256078,179.06230379095524,61.023995138337376]]","[[268.71410157243804,187.61053854985153,61.76781835676503],[187.61053854985153,131.2481233184557,43.17877050910138],[61.76781835676503,43.17877050910138,18.052404820698044]]",0.7546854618501183,4.04272757212249,6.087725148391698,52.5524832694942,0.60546875,3,1767.0439256608665,9497.562994568409,"[0.0037762402892799075,0.30589494763682346,6.662982771214626]"
near_collinear_far__one_erroneous_bearing,near_collinear_far,one_erroneous_bearing,calibration,3,"[""station_0"", ""station_1"", ""station_2""]",near_collinear,aligned,20.0,"[163.83040885779835,114.71528727020922,40.0]",163.83040885779835,114.71528727020922,40.0,10.198039027185569,10.0,2.0,1.6009823458269912,3.350882723634167,"[{""station_id"":""station_0"",""mu_rad"":[0.0013962634015954637,-0.0008726646259971648],""R_rad2"":[[3.73156339238718e-05,-1.1727770661788283e-05],[-1.1727770661788283e-05,9.214676948547937e-05]]},{""station_id"":""station_1"",""mu_rad"":[-0.0008377580409572782,0.0006981317007977319],""R_rad2"":[[4.633230954955836e-05,1.5444103183186123e-05],[1.5444103183186123e-05,8.236855031032602e-05]]},{""station_id"":""station_2"",""mu_rad"":[0.0005585053606381855,0.0004363323129985824],""R_rad2"":[[5.6323760918562415e-05,6.418289034905951e-06],[6.418289034905951e-06,7.313864249078874e-05]]}]","[{""station_id"":""station_0"",""mu_cal_rad"":[0.0027342479414367246,-0.0011141871045627562],""R_cal_rad2"":[[3.586141815112605e-05,-1.1653587012180958e-05],[-1.1653587012180958e-05,8.905621686500888e-05]],""R_rank"":2,""R_condition"":2.737762253241217},{""station_id"":""station_1"",""mu_cal_rad"":[-0.0015347994276165087,0.0011705001255241884],""R_cal_rad2"":[[3.914679277633816e-05,1.0909869982645476e-05],[1.0909869982645476e-05,7.936275289435215e-05]],""R_rank"":2,""R_condition"":2.2577440825606407},{""station_id"":""station_2"",""mu_cal_rad"":[4.3067593745910524e-05,-0.0006026748461105365],""R_cal_rad2"":[[4.949130593382704e-05,4.768418458970688e-06],[4.768418458970688e-06,8.181555324391897e-05]],""R_rank"":2,""R_condition"":1.6905735911327362}]",calibration,False,none,0.0,0.0,False,station_2,"[5.0,-2.0]",128,768,False,20260831,2328201489,2328201489,1477069488,0,independent_bearing_level_realizations,calibration,False,True,False,False,False,False,0.003144210937534808,1.0,0.0,36.25436321120094,19.828874218303984,77.0399920849129,102.96569929558977,35.559891638422556,75.37753032635578,7.062078908743918,15.175561584143516,4.478493588041417,3.1287300002224008,1.072472726187601,"[[834.8371013275316,584.1786798505934,199.53061055132605],[584.1786798505934,409.544668352024,139.77303665319306],[199.53061055132605,139.77303665319306,49.106404550459914]]","[[890.1515770592373,620.5994598165477,213.38843957682397],[620.5994598165477,433.58320771673914,148.90317901620298],[213.38843957682397,148.90317901620298,52.481090449386535]]",0.06409004505948053,0.9398875550815744,2.1910378122819822,13.596710881250894,0.890625,3,1868.6076149725043,5387.468835197077,"[0.0009621126196062307,0.8860274775911539,1.802722954341724]"
near_collinear_far__one_erroneous_bearing,near_collinear_far,one_erroneous_bearing,evaluation,3,"[""station_0"", ""station_1"", ""station_2""]",near_collinear,aligned,20.0,"[163.83040885779835,114.71528727020922,40.0]",163.83040885779835,114.71528727020922,40.0,10.198039027185569,10.0,2.0,1.6009823458269912,3.350882723634167,"[{""station_id"":""station_0"",""mu_rad"":[0.0013962634015954637,-0.0008726646259971648],""R_rad2"":[[3.73156339238718e-05,-1.1727770661788283e-05],[-1.1727770661788283e-05,9.214676948547937e-05]]},{""station_id"":""station_1"",""mu_rad"":[-0.0008377580409572782,0.0006981317007977319],""R_rad2"":[[4.633230954955836e-05,1.5444103183186123e-05],[1.5444103183186123e-05,8.236855031032602e-05]]},{""station_id"":""station_2"",""mu_rad"":[0.0005585053606381855,0.0004363323129985824],""R_rad2"":[[5.6323760918562415e-05,6.418289034905951e-06],[6.418289034905951e-06,7.313864249078874e-05]]}]","[{""station_id"":""station_0"",""mu_cal_rad"":[0.0027342479414367246,-0.0011141871045627562],""R_cal_rad2"":[[3.586141815112605e-05,-1.1653587012180958e-05],[-1.1653587012180958e-05,8.905621686500888e-05]],""R_rank"":2,""R_condition"":2.737762253241217},{""station_id"":""station_1"",""mu_cal_rad"":[-0.0015347994276165087,0.0011705001255241884],""R_cal_rad2"":[[3.914679277633816e-05,1.0909869982645476e-05],[1.0909869982645476e-05,7.936275289435215e-05]],""R_rank"":2,""R_condition"":2.2577440825606407},{""station_id"":""station_2"",""mu_cal_rad"":[4.3067593745910524e-05,-0.0006026748461105365],""R_cal_rad2"":[[4.949130593382704e-05,4.768418458970688e-06],[4.768418458970688e-06,8.181555324391897e-05]],""R_rank"":2,""R_condition"":1.6905735911327362}]",calibration,False,none,0.0,0.0,False,station_2,"[5.0,-2.0]",256,1536,False,20260831,1477069488,2328201489,1477069488,0,independent_bearing_level_realizations,calibration,False,True,False,False,False,False,0.003808568359374931,1.0,0.0,117.16054190081331,117.65667468572707,126.65162239785539,129.75703568191608,114.70020059539199,124.04585309094347,23.884232494871465,25.707019506584032,-95.0689827006386,-63.84010768880279,-23.85183444221905,"[[27.4613987625168,20.298390277139358,6.098581217887816],[20.298390277139358,15.170326585522671,4.53140179226763],[6.098581217887816,4.53140179226763,1.5526205340075996]]","[[20.1762030421725,14.953483238106243,4.59770706252779],[14.953483238106243,11.240678491844088,3.431664542746356],[4.59770706252779,3.431664542746356,1.261967231983317]]",0.26243573464611586,1.3520777980409715,890.8273448676678,1453.6576558120325,0.0,3,305.72442970256577,525.0521990907646,"[0.03316175636313487,5.026405335847388,10.117841585473883]"
equilateral_oriented__ideal_three,equilateral_oriented,ideal_three,calibration,3,"[""station_0"", ""station_1"", ""station_2""]",equilateral,varied,20.0,"[49.14912265733951,34.41458618106276,20.0]",49.14912265733951,34.41458618106276,20.0,3.162277660168379,3.0,1.0,9.932267300320632,19.550231351684154,"[{""station_id"":""station_0"",""mu_rad"":[0.0013962634015954637,-0.0008726646259971648],""R_rad2"":[[3.73156339238718e-05,-1.1727770661788283e-05],[-1.1727770661788283e-05,9.214676948547937e-05]]},{""station_id"":""station_1"",""mu_rad"":[-0.0008377580409572782,0.0006981317007977319],""R_rad2"":[[4.633230954955836e-05,1.5444103183186123e-05],[1.5444103183186123e-05,8.236855031032602e-05]]},{""station_id"":""station_2"",""mu_rad"":[0.0005585053606381855,0.0004363323129985824],""R_rad2"":[[5.6323760918562415e-05,6.418289034905951e-06],[6.418289034905951e-06,7.313864249078874e-05]]}]","[{""station_id"":""station_0"",""mu_cal_rad"":[0.0005643616327623167,-0.0003814084924035921],""R_cal_rad2"":[[4.173636417303437e-05,-1.7347981772639397e-05],[-1.7347981772639397e-05,9.591572730706288e-05]],""R_rank"":2,""R_condition"":2.7550675893192675},{""station_id"":""station_1"",""mu_cal_rad"":[3.9102065548434145e-06,0.0012681898149386882],""R_cal_rad2"":[[5.2129479514240294e-05,3.1174429793160714e-05],[3.1174429793160714e-05,9.445099612942991e-05]],""R_rank"":2,""R_condition"":3.1160004945008763},{""station_id"":""station_2"",""mu_cal_rad"":[0.0013439460414978856,-0.00097336663484503],""R_cal_rad2"":[[6.892608398447699e-05,3.954280471044003e-06],[3.954280471044003e-06,7.2457316164441e-05]],""R_rank"":2,""R_condition"":1.1305148785884551}]",calibration,False,none,0.0,0.0,False,,,128,768,False,20260831,1984055189,1984055189,2657629141,0,independent_bearing_level_realizations,calibration,False,True,False,False,False,False,0.0030050515624679974,1.0,0.0,1.7480752247981555,1.1906741536723509,3.5593560046312853,3.8983671494597,1.6428605414927433,3.333974960689555,0.5973074859394378,1.1378966072034786,0.035339050310500886,0.026077124414184638,0.013905883153448234,"[[1.7437330961992012,1.2282608349828996,0.6382038784363533],[1.2282608349828996,0.9745655055260474,0.48765944662796595],[0.6382038784363533,0.48765944662796595,0.3593905982216208]]","[[1.8417220717840994,1.3087909438124217,0.684150813570104],[1.3087909438124217,1.0270880998733147,0.515093314494189],[0.684150813570104,0.515093314494189,0.3793186429013293]]",0.06109553755337153,0.9475268302636488,2.4985498553643466,7.701514515426282,0.9453125,3,49.60164714888059,57.16309259017921,"[0.3257450989277364,9.160408995584909,16.138528834946165]"
equilateral_oriented__ideal_three,equilateral_oriented,ideal_three,evaluation,3,"[""station_0"", ""station_1"", ""station_2""]",equilateral,varied,20.0,"[49.14912265733951,34.41458618106276,20.0]",49.14912265733951,34.41458618106276,20.0,3.162277660168379,3.0,1.0,9.932267300320632,19.550231351684154,"[{""station_id"":""station_0"",""mu_rad"":[0.0013962634015954637,-0.0008726646259971648],""R_rad2"":[[3.73156339238718e-05,-1.1727770661788283e-05],[-1.1727770661788283e-05,9.214676948547937e-05]]},{""station_id"":""station_1"",""mu_rad"":[-0.0008377580409572782,0.0006981317007977319],""R_rad2"":[[4.633230954955836e-05,1.5444103183186123e-05],[1.5444103183186123e-05,8.236855031032602e-05]]},{""station_id"":""station_2"",""mu_rad"":[0.0005585053606381855,0.0004363323129985824],""R_rad2"":[[5.6323760918562415e-05,6.418289034905951e-06],[6.418289034905951e-06,7.313864249078874e-05]]}]","[{""station_id"":""station_0"",""mu_cal_rad"":[0.0005643616327623167,-0.0003814084924035921],""R_cal_rad2"":[[4.173636417303437e-05,-1.7347981772639397e-05],[-1.7347981772639397e-05,9.591572730706288e-05]],""R_rank"":2,""R_condition"":2.7550675893192675},{""station_id"":""station_1"",""mu_cal_rad"":[3.9102065548434145e-06,0.0012681898149386882],""R_cal_rad2"":[[5.2129479514240294e-05,3.1174429793160714e-05],[3.1174429793160714e-05,9.445099612942991e-05]],""R_rank"":2,""R_condition"":3.1160004945008763},{""station_id"":""station_2"",""mu_cal_rad"":[0.0013439460414978856,-0.00097336663484503],""R_cal_rad2"":[[6.892608398447699e-05,3.954280471044003e-06],[3.954280471044003e-06,7.2457316164441e-05]],""R_rank"":2,""R_condition"":1.1305148785884551}]",calibration,False,none,0.0,0.0,False,,,256,1536,False,20260831,2657629141,1984055189,2657629141,0,independent_bearing_level_realizations,calibration,False,True,False,False,False,False,0.0029371253906447237,1.0,0.0,1.6160406198900528,1.1571029918767417,2.913011307839032,3.8365065983739033,1.4943736769083322,2.7398807434189596,0.6151703820065606,1.1614341833885131,-0.0021974679449108248,-0.00662673715477477,0.030422554233931753,"[[1.4309941389526724,0.9975601213992544,0.5822233095360011],[0.9975601213992544,0.810867075140721,0.44264156854785064],[0.5822233095360011,0.44264156854785064,0.37898949480606714]]","[[1.8333087732338555,1.3028272855161462,0.6822843020995477],[1.3028272855161462,1.0226641436231152,0.5137587213911907],[0.6822843020995477,0.5137587213911907,0.3789986569152879]]",0.2676288371524384,0.8101618976031124,2.4803288335863383,7.782190918121952,0.953125,3,49.142548583125546,57.11761624676219,"[0.3298068275959156,9.2172000615878,16.241640651071073]"
equilateral_oriented__ideal_two,equilateral_oriented,ideal_two,calibration,2,"[""station_0"", ""station_1""]",equilateral,varied,20.0,"[49.14912265733951,34.41458618106276,20.0]",49.14912265733951,34.41458618106276,20.0,3.162277660168379,3.0,1.0,9.932267300320632,19.550231351684154,"[{""station_id"":""station_0"",""mu_rad"":[0.0013962634015954637,-0.0008726646259971648],""R_rad2"":[[3.73156339238718e-05,-1.1727770661788283e-05],[-1.1727770661788283e-05,9.214676948547937e-05]]},{""station_id"":""station_1"",""mu_rad"":[-0.0008377580409572782,0.0006981317007977319],""R_rad2"":[[4.633230954955836e-05,1.5444103183186123e-05],[1.5444103183186123e-05,8.236855031032602e-05]]}]","[{""station_id"":""station_0"",""mu_cal_rad"":[0.0005643616327623167,-0.0003814084924035921],""R_cal_rad2"":[[4.173636417303437e-05,-1.7347981772639397e-05],[-1.7347981772639397e-05,9.591572730706288e-05]],""R_rank"":2,""R_condition"":2.7550675893192675},{""station_id"":""station_1"",""mu_cal_rad"":[3.9102065548434145e-06,0.0012681898149386882],""R_cal_rad2"":[[5.2129479514240294e-05,3.1174429793160714e-05],[3.1174429793160714e-05,9.445099612942991e-05]],""R_rank"":2,""R_condition"":3.1160004945008763}]",calibration,False,none,0.0,0.0,False,,,128,512,False,20260831,1984055189,1984055189,2657629141,0,independent_bearing_level_realizations,calibration,False,True,False,False,False,False,0.0022501679687820797,1.0,0.0,3.1374950837766926,2.186876848533963,5.856671427486414,7.4928174285877995,2.992736594007838,5.608326425131566,0.9420207426640237,1.9121019359428755,0.10269683756522419,0.08585041071486499,0.03759134666159758,"[[5.209673925037702,4.356994107128177,1.8847646371356321],[4.356994107128177,3.799263788497116,1.6267025526628065],[1.8847646371356321,1.6267025526628065,0.8929662692439148]]","[[5.63799572282805,4.702516336294859,1.9874224553179105],[4.702516336294859,4.072650089255576,1.712090511144302],[1.9874224553179105,1.712090511144302,0.9234740753959609]]",0.07585202823371515,0.931144663362038,2.184127844299975,7.956293633550516,0.9375,3,121.7004187300322,149.9376446520171,"[0.09832363520305615,5.083380675828959,11.933510771376863]"
equilateral_oriented__ideal_two,equilateral_oriented,ideal_two,evaluation,2,"[""station_0"", ""station_1""]",equilateral,varied,20.0,"[49.14912265733951,34.41458618106276,20.0]",49.14912265733951,34.41458618106276,20.0,3.162277660168379,3.0,1.0,9.932267300320632,19.550231351684154,"[{""station_id"":""station_0"",""mu_rad"":[0.0013962634015954637,-0.0008726646259971648],""R_rad2"":[[3.73156339238718e-05,-1.1727770661788283e-05],[-1.1727770661788283e-05,9.214676948547937e-05]]},{""station_id"":""station_1"",""mu_rad"":[-0.0008377580409572782,0.0006981317007977319],""R_rad2"":[[4.633230954955836e-05,1.5444103183186123e-05],[1.5444103183186123e-05,8.236855031032602e-05]]}]","[{""station_id"":""station_0"",""mu_cal_rad"":[0.0005643616327623167,-0.0003814084924035921],""R_cal_rad2"":[[4.173636417303437e-05,-1.7347981772639397e-05],[-1.7347981772639397e-05,9.591572730706288e-05]],""R_rank"":2,""R_condition"":2.7550675893192675},{""station_id"":""station_1"",""mu_cal_rad"":[3.9102065548434145e-06,0.0012681898149386882],""R_cal_rad2"":[[5.2129479514240294e-05,3.1174429793160714e-05],[3.1174429793160714e-05,9.445099612942991e-05]],""R_rank"":2,""R_condition"":3.1160004945008763}]",calibration,False,none,0.0,0.0,False,,,256,1024,False,20260831,2657629141,1984055189,2657629141,0,independent_bearing_level_realizations,calibration,False,True,False,False,False,False,0.002288742187488424,1.0,0.0,3.1105183059158024,2.132436431903474,5.946251935092043,8.053287685213501,2.9447569326124174,5.786458315106388,1.0018636330700994,1.9685751588390952,0.35762972424486394,0.2995068184704798,0.10954886715264793,"[[4.864262883627553,4.098643176754022,1.9387630930614168],[4.098643176754022,3.6228800566781403,1.6907535981881097],[1.9387630930614168,1.6907535981881097,0.9956189213856537]]","[[5.754159700278305,4.798474167257792,2.0270472341317443],[4.798474167257792,4.153465936906019,1.7452641965861382],[2.0270472341317443,1.7452641965861382,0.9391465416410192]]",0.15670339291977334,0.874247352609031,2.385175161139906,7.509539956089794,0.953125,3,122.65197668868964,159.68033606490152,"[0.09725460258684396,5.068106101820246,11.900669609056319]"
equilateral_oriented__one_station_failure,equilateral_oriented,one_station_failure,calibration,2,"[""station_0"", ""station_2""]",equilateral,varied,20.0,"[49.14912265733951,34.41458618106276,20.0]",49.14912265733951,34.41458618106276,20.0,3.162277660168379,3.0,1.0,9.932267300320632,19.550231351684154,"[{""station_id"":""station_0"",""mu_rad"":[0.0013962634015954637,-0.0008726646259971648],""R_rad2"":[[3.73156339238718e-05,-1.1727770661788283e-05],[-1.1727770661788283e-05,9.214676948547937e-05]]},{""station_id"":""station_2"",""mu_rad"":[0.0005585053606381855,0.0004363323129985824],""R_rad2"":[[5.6323760918562415e-05,6.418289034905951e-06],[6.418289034905951e-06,7.313864249078874e-05]]}]","[{""station_id"":""station_0"",""mu_cal_rad"":[0.0005643616327623167,-0.0003814084924035921],""R_cal_rad2"":[[4.173636417303437e-05,-1.7347981772639397e-05],[-1.7347981772639397e-05,9.591572730706288e-05]],""R_rank"":2,""R_condition"":2.7550675893192675},{""station_id"":""station_2"",""mu_cal_rad"":[0.0013439460414978856,-0.00097336663484503],""R_cal_rad2"":[[6.892608398447699e-05,3.954280471044003e-06],[3.954280471044003e-06,7.2457316164441e-05]],""R_rank"":2,""R_condition"":1.1305148785884551}]",calibration,False,none,0.0,0.0,False,,,128,512,False,20260831,1984055189,1984055189,2657629141,0,independent_bearing_level_realizations,calibration,False,True,False,False,False,False,0.00231327343749399,1.0,0.0,4.494663333954988,3.0104396949391585,9.013429336852072,10.99642701792041,4.2282634745062015,8.401823260277732,1.5243970859838714,3.0661990344695793,0.23929462914017935,0.1386210453516261,0.09637026400378854,"[[13.51675821542245,7.598524404136683,5.407791622462503],[7.598524404136683,4.425147216860802,3.0646004921437586],[5.407791622462503,3.0646004921437586,2.332723651499296]]","[[12.945169251298395,7.240531524763113,5.228616225982909],[7.240531524763113,4.199781084205857,2.935992661228987],[5.228616225982909,2.935992661228987,2.29780905619415]]",0.042762792798521736,1.042785577670592,2.4412810895834767,6.839658309333241,0.9609375,3,165.13892678732114,257.1244921583176,"[0.05626335999425039,6.128521352995179,9.249629541821502]"
equilateral_oriented__one_station_failure,equilateral_oriented,one_station_failure,evaluation,2,"[""station_0"", ""station_2""]",equilateral,varied,20.0,"[49.14912265733951,34.41458618106276,20.0]",49.14912265733951,34.41458618106276,20.0,3.162277660168379,3.0,1.0,9.932267300320632,19.550231351684154,"[{""station_id"":""station_0"",""mu_rad"":[0.0013962634015954637,-0.0008726646259971648],""R_rad2"":[[3.73156339238718e-05,-1.1727770661788283e-05],[-1.1727770661788283e-05,9.214676948547937e-05]]},{""station_id"":""station_2"",""mu_rad"":[0.0005585053606381855,0.0004363323129985824],""R_rad2"":[[5.6323760918562415e-05,6.418289034905951e-06],[6.418289034905951e-06,7.313864249078874e-05]]}]","[{""station_id"":""station_0"",""mu_cal_rad"":[0.0005643616327623167,-0.0003814084924035921],""R_cal_rad2"":[[4.173636417303437e-05,-1.7347981772639397e-05],[-1.7347981772639397e-05,9.591572730706288e-05]],""R_rank"":2,""R_condition"":2.7550675893192675},{""station_id"":""station_2"",""mu_cal_rad"":[0.0013439460414978856,-0.00097336663484503],""R_cal_rad2"":[[6.892608398447699e-05,3.954280471044003e-06],[3.954280471044003e-06,7.2457316164441e-05]],""R_rank"":2,""R_condition"":1.1305148785884551}]",calibration,False,none,0.0,0.0,False,,,256,1024,False,20260831,2657629141,1984055189,2657629141,0,independent_bearing_level_realizations,calibration,False,True,False,False,False,False,0.0022644308593839924,1.0,0.0,3.6305402279392087,2.4976494473823494,7.203600688787491,8.754344879990196,3.42122314155629,6.808826460644479,1.2149298590307946,2.302729451702481,-0.2959563825177073,-0.16719606146077104,-0.06338248779202245,"[[8.83620022712611,4.8362316142338395,3.384117466791359],[4.8362316142338395,2.7984707875242028,1.8837872895262902],[3.384117466791359,1.8837872895262902,1.4778099175964918]]","[[12.327380355071423,6.8849567957469455,4.991764182385508],[6.8849567957469455,3.9920337922718367,2.7993337069117494],[4.991764182385508,2.7993337069117494,2.203428194474813]]",0.42213012035276254,0.7079086832501633,2.3745623132053217,7.483938019078208,0.9609375,3,165.5048846244224,220.51176147658384,"[0.05544742199863194,6.11302651050734,9.218808387822152]"
equilateral_oriented__position_calibration_mismatch,equilateral_oriented,position_calibration_mismatch,calibration,3,"[""station_0"", ""station_1"", ""station_2""]",equilateral,varied,20.0,"[49.14912265733951,34.41458618106276,20.0]",49.14912265733951,34.41458618106276,20.0,3.162277660168379,3.0,1.0,9.932267300320632,19.550231351684154,"[{""station_id"":""station_0"",""mu_rad"":[0.0013962634015954637,-0.0008726646259971648],""R_rad2"":[[3.73156339238718e-05,-1.1727770661788283e-05],[-1.1727770661788283e-05,9.214676948547937e-05]]},{""station_id"":""station_1"",""mu_rad"":[-0.0008377580409572782,0.0006981317007977319],""R_rad2"":[[4.633230954955836e-05,1.5444103183186123e-05],[1.5444103183186123e-05,8.236855031032602e-05]]},{""station_id"":""station_2"",""mu_rad"":[0.0005585053606381855,0.0004363323129985824],""R_rad2"":[[5.6323760918562415e-05,6.418289034905951e-06],[6.418289034905951e-06,7.313864249078874e-05]]}]","[{""station_id"":""station_0"",""mu_cal_rad"":[0.0005643616327623167,-0.0003814084924035921],""R_cal_rad2"":[[4.173636417303437e-05,-1.7347981772639397e-05],[-1.7347981772639397e-05,9.591572730706288e-05]],""R_rank"":2,""R_condition"":2.7550675893192675},{""station_id"":""station_1"",""mu_cal_rad"":[3.9102065548434145e-06,0.0012681898149386882],""R_cal_rad2"":[[5.2129479514240294e-05,3.1174429793160714e-05],[3.1174429793160714e-05,9.445099612942991e-05]],""R_rank"":2,""R_condition"":3.1160004945008763},{""station_id"":""station_2"",""mu_cal_rad"":[0.0013439460414978856,-0.00097336663484503],""R_cal_rad2"":[[6.892608398447699e-05,3.954280471044003e-06],[3.954280471044003e-06,7.2457316164441e-05]],""R_rank"":2,""R_condition"":1.1305148785884551}]",calibration,False,position,0.09433981132056604,0.0,False,,,128,768,False,20260831,1984055189,1984055189,2657629141,0,independent_bearing_level_realizations,calibration,False,True,False,False,False,False,0.0029532585937204203,1.0,0.0,1.7552287897087253,1.187029700720602,3.596764274889912,4.1237265926920585,1.6500375765695736,3.45004097157313,0.598501545637741,1.2073665553079007,-0.20394292757465726,-0.12861075673445527,-0.07740227365532101,"[[1.723471623424449,1.2130485527255668,0.6303566356292002],[1.2130485527255668,0.9619991768386678,0.48137191226627235],[0.6303566356292002,0.48137191226627235,0.3549863187792145]]","[[1.8207448803042479,1.2933564868020557,0.6763316896939428],[1.2933564868020557,1.0147025598647854,0.509019860028524],[0.6763316896939428,0.509019860028524,0.3750201388064428]]",0.0616923946293846,0.947044953499453,2.4991235766148137,7.667496209827883,0.953125,3,49.52972196373402,57.10888556809434,"[0.3297041721204025,9.261356104258265,16.311032791219468]"
equilateral_oriented__position_calibration_mismatch,equilateral_oriented,position_calibration_mismatch,evaluation,3,"[""station_0"", ""station_1"", ""station_2""]",equilateral,varied,20.0,"[49.14912265733951,34.41458618106276,20.0]",49.14912265733951,34.41458618106276,20.0,3.162277660168379,3.0,1.0,9.932267300320632,19.550231351684154,"[{""station_id"":""station_0"",""mu_rad"":[0.0013962634015954637,-0.0008726646259971648],""R_rad2"":[[3.73156339238718e-05,-1.1727770661788283e-05],[-1.1727770661788283e-05,9.214676948547937e-05]]},{""station_id"":""station_1"",""mu_rad"":[-0.0008377580409572782,0.0006981317007977319],""R_rad2"":[[4.633230954955836e-05,1.5444103183186123e-05],[1.5444103183186123e-05,8.236855031032602e-05]]},{""station_id"":""station_2"",""mu_rad"":[0.0005585053606381855,0.0004363323129985824],""R_rad2"":[[5.6323760918562415e-05,6.418289034905951e-06],[6.418289034905951e-06,7.313864249078874e-05]]}]","[{""station_id"":""station_0"",""mu_cal_rad"":[0.0005643616327623167,-0.0003814084924035921],""R_cal_rad2"":[[4.173636417303437e-05,-1.7347981772639397e-05],[-1.7347981772639397e-05,9.591572730706288e-05]],""R_rank"":2,""R_condition"":2.7550675893192675},{""station_id"":""station_1"",""mu_cal_rad"":[3.9102065548434145e-06,0.0012681898149386882],""R_cal_rad2"":[[5.2129479514240294e-05,3.1174429793160714e-05],[3.1174429793160714e-05,9.445099612942991e-05]],""R_rank"":2,""R_condition"":3.1160004945008763},{""station_id"":""station_2"",""mu_cal_rad"":[0.0013439460414978856,-0.00097336663484503],""R_cal_rad2"":[[6.892608398447699e-05,3.954280471044003e-06],[3.954280471044003e-06,7.2457316164441e-05]],""R_rank"":2,""R_condition"":1.1305148785884551}]",calibration,False,position,0.09433981132056604,0.0,False,,,256,1536,False,20260831,2657629141,1984055189,2657629141,0,independent_bearing_level_realizations,calibration,False,True,False,False,False,False,0.0029614499999865984,1.0,0.0,1.6318509739996971,1.1720499400312363,2.9779327319555806,3.8895487730116542,1.5122425079079842,2.7523852765330306,0.6132374732678442,1.1859701767442,-0.24156243412405712,-0.16134710512549486,-0.061050205214772946,"[[1.4122853206140018,0.9833402490322295,0.5739074113207944],[0.9833402490322295,0.7988440081379469,0.435948551553571],[0.5739074113207944,0.435948551553571,0.3737932007536077]]","[[1.8123723026998284,1.2874221829875039,0.6744660363481648],[1.2874221829875039,1.0103005607194584,0.5076853743445333],[0.6744660363481648,0.5076853743445333,0.37469451990096836]]",0.27045367615036603,0.8084533991903317,2.4784489444270186,7.783738998953754,0.953125,3,49.086997234669205,57.066922366197346,"[0.33370108670666687,9.321432328981079,16.41428044446971]"
equilateral_oriented__orientation_calibration_mismatch,equilateral_oriented,orientation_calibration_mismatch,calibration,3,"[""station_0"", ""station_1"", ""station_2""]",equilateral,varied,20.0,"[49.14912265733951,34.41458618106276,20.0]",49.14912265733951,34.41458618106276,20.0,3.162277660168379,3.0,1.0,9.932267300320632,19.550231351684154,"[{""station_id"":""station_0"",""mu_rad"":[0.0013962634015954637,-0.0008726646259971648],""R_rad2"":[[3.73156339238718e-05,-1.1727770661788283e-05],[-1.1727770661788283e-05,9.214676948547937e-05]]},{""station_id"":""station_1"",""mu_rad"":[-0.0008377580409572782,0.0006981317007977319],""R_rad2"":[[4.633230954955836e-05,1.5444103183186123e-05],[1.5444103183186123e-05,8.236855031032602e-05]]},{""station_id"":""station_2"",""mu_rad"":[0.0005585053606381855,0.0004363323129985824],""R_rad2"":[[5.6323760918562415e-05,6.418289034905951e-06],[6.418289034905951e-06,7.313864249078874e-05]]}]","[{""station_id"":""station_0"",""mu_cal_rad"":[0.0005643616327623167,-0.0003814084924035921],""R_cal_rad2"":[[4.173636417303437e-05,-1.7347981772639397e-05],[-1.7347981772639397e-05,9.591572730706288e-05]],""R_rank"":2,""R_condition"":2.7550675893192675},{""station_id"":""station_1"",""mu_cal_rad"":[3.9102065548434145e-06,0.0012681898149386882],""R_cal_rad2"":[[5.2129479514240294e-05,3.1174429793160714e-05],[3.1174429793160714e-05,9.445099612942991e-05]],""R_rank"":2,""R_condition"":3.1160004945008763},{""station_id"":""station_2"",""mu_cal_rad"":[0.0013439460414978856,-0.00097336663484503],""R_cal_rad2"":[[6.892608398447699e-05,3.954280471044003e-06],[3.954280471044003e-06,7.2457316164441e-05]],""R_rank"":2,""R_condition"":1.1305148785884551}]",calibration,False,orientation,0.0,0.2569046515733026,False,,,128,768,False,20260831,1984055189,1984055189,2657629141,0,independent_bearing_level_realizations,calibration,False,True,False,False,False,False,0.0029060632812729636,1.0,0.0,1.7549687027456575,1.147088844280784,3.524638369682414,3.919017381040735,1.6497430485004025,3.33003227961496,0.5985507677226508,1.1432528093778622,0.11943956542818546,0.00749463921600213,0.0027020766365334625,"[[1.7509590404696245,1.2330542949265118,0.6414146182649483],[1.2330542949265118,0.9776886664091154,0.4897908001467253],[0.6414146182649483,0.4897908001467253,0.3610766315068724]]","[[1.8448615441048664,1.3093312965856034,0.6842529406864338],[1.3093312965856034,1.0261363558353842,0.514354463250025],[0.6842529406864338,0.514354463250025,0.3791623908080892]]",0.0574148050496556,0.9506375261492758,2.5065966960546007,7.726559687376349,0.9453125,3,49.62616544870674,57.17665441495716,"[0.3254504186444799,9.143508526750384,16.13311301386986]"
equilateral_oriented__orientation_calibration_mismatch,equilateral_oriented,orientation_calibration_mismatch,evaluation,3,"[""station_0"", ""station_1"", ""station_2""]",equilateral,varied,20.0,"[49.14912265733951,34.41458618106276,20.0]",49.14912265733951,34.41458618106276,20.0,3.162277660168379,3.0,1.0,9.932267300320632,19.550231351684154,"[{""station_id"":""station_0"",""mu_rad"":[0.0013962634015954637,-0.0008726646259971648],""R_rad2"":[[3.73156339238718e-05,-1.1727770661788283e-05],[-1.1727770661788283e-05,9.214676948547937e-05]]},{""station_id"":""station_1"",""mu_rad"":[-0.0008377580409572782,0.0006981317007977319],""R_rad2"":[[4.633230954955836e-05,1.5444103183186123e-05],[1.5444103183186123e-05,8.236855031032602e-05]]},{""station_id"":""station_2"",""mu_rad"":[0.0005585053606381855,0.0004363323129985824],""R_rad2"":[[5.6323760918562415e-05,6.418289034905951e-06],[6.418289034905951e-06,7.313864249078874e-05]]}]","[{""station_id"":""station_0"",""mu_cal_rad"":[0.0005643616327623167,-0.0003814084924035921],""R_cal_rad2"":[[4.173636417303437e-05,-1.7347981772639397e-05],[-1.7347981772639397e-05,9.591572730706288e-05]],""R_rank"":2,""R_condition"":2.7550675893192675},{""station_id"":""station_1"",""mu_cal_rad"":[3.9102065548434145e-06,0.0012681898149386882],""R_cal_rad2"":[[5.2129479514240294e-05,3.1174429793160714e-05],[3.1174429793160714e-05,9.445099612942991e-05]],""R_rank"":2,""R_condition"":3.1160004945008763},{""station_id"":""station_2"",""mu_cal_rad"":[0.0013439460414978856,-0.00097336663484503],""R_cal_rad2"":[[6.892608398447699e-05,3.954280471044003e-06],[3.954280471044003e-06,7.2457316164441e-05]],""R_rank"":2,""R_condition"":1.1305148785884551}]",calibration,False,orientation,0.0,0.2569046515733026,False,,,256,1536,False,20260831,2657629141,1984055189,2657629141,0,independent_bearing_level_realizations,calibration,False,True,False,False,False,False,0.002993028906246309,1.0,0.0,1.622237227992324,1.17598254574271,2.961573459685444,3.78423483680479,1.5005568838296306,2.6956350984344533,0.6164273373851359,1.1744409398601157,0.08214967166910148,-0.025037184722789943,0.019376474576962996,"[[1.4385407090476172,1.0028592070080935,0.5860929620001532],[1.0028592070080935,0.8145559823374127,0.44525975917894006],[0.5860929620001532,0.44525975917894006,0.38109587025186775]]","[[1.8364799462847707,1.3033985118315865,0.682408395385054],[1.3033985118315865,1.021741304947144,0.5130377783357417],[0.682408395385054,0.5130377783357417,0.37885443088856946]]",0.26189039401109493,0.8137568658608992,2.4815181909749375,7.785165435794194,0.953125,3,49.15988069279737,57.152954213944284,"[0.3297697636795011,9.197679724811454,16.23965168436286]"
equilateral_oriented__bearing_covariance_mismatch,equilateral_oriented,bearing_covariance_mismatch,calibration,3,"[""station_0"", ""station_1"", ""station_2""]",equilateral,varied,20.0,"[49.14912265733951,34.41458618106276,20.0]",49.14912265733951,34.41458618106276,20.0,3.162277660168379,3.0,1.0,9.932267300320632,19.550231351684154,"[{""station_id"":""station_0"",""mu_rad"":[0.0013962634015954637,-0.0008726646259971648],""R_rad2"":[[3.73156339238718e-05,-1.1727770661788283e-05],[-1.1727770661788283e-05,9.214676948547937e-05]]},{""station_id"":""station_1"",""mu_rad"":[-0.0008377580409572782,0.0006981317007977319],""R_rad2"":[[4.633230954955836e-05,1.5444103183186123e-05],[1.5444103183186123e-05,8.236855031032602e-05]]},{""station_id"":""station_2"",""mu_rad"":[0.0005585053606381855,0.0004363323129985824],""R_rad2"":[[5.6323760918562415e-05,6.418289034905951e-06],[6.418289034905951e-06,7.313864249078874e-05]]}]","[{""station_id"":""station_0"",""mu_cal_rad"":[0.0005643616327623167,-0.0003814084924035921],""R_cal_rad2"":[[4.173636417303437e-05,-1.7347981772639397e-05],[-1.7347981772639397e-05,9.591572730706288e-05]],""R_rank"":2,""R_condition"":2.7550675893192675},{""station_id"":""station_1"",""mu_cal_rad"":[3.9102065548434145e-06,0.0012681898149386882],""R_cal_rad2"":[[5.2129479514240294e-05,3.1174429793160714e-05],[3.1174429793160714e-05,9.445099612942991e-05]],""R_rank"":2,""R_condition"":3.1160004945008763},{""station_id"":""station_2"",""mu_cal_rad"":[0.0013439460414978856,-0.00097336663484503],""R_cal_rad2"":[[6.892608398447699e-05,3.954280471044003e-06],[3.954280471044003e-06,7.2457316164441e-05]],""R_rank"":2,""R_condition"":1.1305148785884551}]",calibration,False,none,0.0,0.0,True,,,128,768,False,20260831,1984055189,1984055189,2657629141,0,independent_bearing_level_realizations,calibration,False,True,False,False,False,False,0.00302615546877405,1.0,0.0,1.7511467008619028,1.1777761296995193,3.4853421093836148,3.881670455490246,1.643921530200554,3.338686022921717,0.6033545976311074,1.2044600743811713,0.03545736049816006,0.02610307874337925,0.013540999886542088,"[[1.7547756348437493,1.2219200360474947,0.6417540124630446],[1.2219200360474947,0.9670278572618779,0.48947194151920276],[0.6417540124630446,0.48947194151920276,0.3667183992991932]]","[[0.5646456885737243,0.4039001095599374,0.17890189848655],[0.4039001095599374,0.3188352524677414,0.13664891665073503],[0.17890189848655,0.13664891665073503,0.45343466845427194]]",0.6763426113120625,2.310184629058045,5.379241210344966,22.74897967228236,0.625,3,49.20417494001208,55.72669300381325,"[1.0405580580765321,2.82175399691128,51.24439801105874]"
equilateral_oriented__bearing_covariance_mismatch,equilateral_oriented,bearing_covariance_mismatch,evaluation,3,"[""station_0"", ""station_1"", ""station_2""]",equilateral,varied,20.0,"[49.14912265733951,34.41458618106276,20.0]",49.14912265733951,34.41458618106276,20.0,3.162277660168379,3.0,1.0,9.932267300320632,19.550231351684154,"[{""station_id"":""station_0"",""mu_rad"":[0.0013962634015954637,-0.0008726646259971648],""R_rad2"":[[3.73156339238718e-05,-1.1727770661788283e-05],[-1.1727770661788283e-05,9.214676948547937e-05]]},{""station_id"":""station_1"",""mu_rad"":[-0.0008377580409572782,0.0006981317007977319],""R_rad2"":[[4.633230954955836e-05,1.5444103183186123e-05],[1.5444103183186123e-05,8.236855031032602e-05]]},{""station_id"":""station_2"",""mu_rad"":[0.0005585053606381855,0.0004363323129985824],""R_rad2"":[[5.6323760918562415e-05,6.418289034905951e-06],[6.418289034905951e-06,7.313864249078874e-05]]}]","[{""station_id"":""station_0"",""mu_cal_rad"":[0.0005643616327623167,-0.0003814084924035921],""R_cal_rad2"":[[4.173636417303437e-05,-1.7347981772639397e-05],[-1.7347981772639397e-05,9.591572730706288e-05]],""R_rank"":2,""R_condition"":2.7550675893192675},{""station_id"":""station_1"",""mu_cal_rad"":[3.9102065548434145e-06,0.0012681898149386882],""R_cal_rad2"":[[5.2129479514240294e-05,3.1174429793160714e-05],[3.1174429793160714e-05,9.445099612942991e-05]],""R_rank"":2,""R_condition"":3.1160004945008763},{""station_id"":""station_2"",""mu_cal_rad"":[0.0013439460414978856,-0.00097336663484503],""R_cal_rad2"":[[6.892608398447699e-05,3.954280471044003e-06],[3.954280471044003e-06,7.2457316164441e-05]],""R_rank"":2,""R_condition"":1.1305148785884551}]",calibration,False,none,0.0,0.0,True,,,256,1536,False,20260831,2657629141,1984055189,2657629141,0,independent_bearing_level_realizations,calibration,False,True,False,False,False,False,0.0029957039062651347,1.0,0.0,1.6685435595286273,1.1922469577012582,3.0438527341889645,3.7978239799848224,1.5368623237307448,2.7382490305679186,0.6496859302319826,1.1886320249519926,0.07257356662663744,0.042798407195740754,0.06765935278423477,"[[1.506669322652454,1.0548587781262038,0.6319686581755872],[1.0548587781262038,0.8574125480265473,0.4825554757657272],[0.6319686581755872,0.4825554757657272,0.4191513298042628]]","[[0.5658894476959302,0.40478866162537874,0.17983398946188697],[0.40478866162537874,0.31949843420270724,0.13733961795110844],[0.17983398946188697,0.13733961795110844,0.4547826126687587]]",0.6324240269484459,2.076775463842521,5.349847536515119,17.69756023754225,0.67578125,3,49.34978300510573,57.76099357946924,"[1.038925048197462,2.8230810355813105,51.31437595299631]"
equilateral_oriented__one_erroneous_bearing,equilateral_oriented,one_erroneous_bearing,calibration,3,"[""station_0"", ""station_1"", ""station_2""]",equilateral,varied,20.0,"[49.14912265733951,34.41458618106276,20.0]",49.14912265733951,34.41458618106276,20.0,3.162277660168379,3.0,1.0,9.932267300320632,19.550231351684154,"[{""station_id"":""station_0"",""mu_rad"":[0.0013962634015954637,-0.0008726646259971648],""R_rad2"":[[3.73156339238718e-05,-1.1727770661788283e-05],[-1.1727770661788283e-05,9.214676948547937e-05]]},{""station_id"":""station_1"",""mu_rad"":[-0.0008377580409572782,0.0006981317007977319],""R_rad2"":[[4.633230954955836e-05,1.5444103183186123e-05],[1.5444103183186123e-05,8.236855031032602e-05]]},{""station_id"":""station_2"",""mu_rad"":[0.0005585053606381855,0.0004363323129985824],""R_rad2"":[[5.6323760918562415e-05,6.418289034905951e-06],[6.418289034905951e-06,7.313864249078874e-05]]}]","[{""station_id"":""station_0"",""mu_cal_rad"":[0.0005643616327623167,-0.0003814084924035921],""R_cal_rad2"":[[4.173636417303437e-05,-1.7347981772639397e-05],[-1.7347981772639397e-05,9.591572730706288e-05]],""R_rank"":2,""R_condition"":2.7550675893192675},{""station_id"":""station_1"",""mu_cal_rad"":[3.9102065548434145e-06,0.0012681898149386882],""R_cal_rad2"":[[5.2129479514240294e-05,3.1174429793160714e-05],[3.1174429793160714e-05,9.445099612942991e-05]],""R_rank"":2,""R_condition"":3.1160004945008763},{""station_id"":""station_2"",""mu_cal_rad"":[0.0013439460414978856,-0.00097336663484503],""R_cal_rad2"":[[6.892608398447699e-05,3.954280471044003e-06],[3.954280471044003e-06,7.2457316164441e-05]],""R_rank"":2,""R_condition"":1.1305148785884551}]",calibration,False,none,0.0,0.0,False,station_2,"[5.0,-2.0]",128,768,False,20260831,1984055189,1984055189,2657629141,0,independent_bearing_level_realizations,calibration,False,True,False,False,False,False,0.002992974999983744,1.0,0.0,1.7480752247981555,1.1906741536723509,3.5593560046312853,3.8983671494597,1.6428605414927433,3.333974960689555,0.5973074859394378,1.1378966072034786,0.035339050310500886,0.026077124414184638,0.013905883153448234,"[[1.7437330961992012,1.2282608349828996,0.6382038784363533],[1.2282608349828996,0.9745655055260474,0.48765944662796595],[0.6382038784363533,0.48765944662796595,0.3593905982216208]]","[[1.8417220717840994,1.3087909438124217,0.684150813570104],[1.3087909438124217,1.0270880998733147,0.515093314494189],[0.684150813570104,0.515093314494189,0.3793186429013293]]",0.06109553755337153,0.9475268302636488,2.4985498553643466,7.701514515426282,0.9453125,3,49.60164714888059,57.16309259017921,"[0.3257450989277364,9.160408995584909,16.138528834946165]"
equilateral_oriented__one_erroneous_bearing,equilateral_oriented,one_erroneous_bearing,evaluation,3,"[""station_0"", ""station_1"", ""station_2""]",equilateral,varied,20.0,"[49.14912265733951,34.41458618106276,20.0]",49.14912265733951,34.41458618106276,20.0,3.162277660168379,3.0,1.0,9.932267300320632,19.550231351684154,"[{""station_id"":""station_0"",""mu_rad"":[0.0013962634015954637,-0.0008726646259971648],""R_rad2"":[[3.73156339238718e-05,-1.1727770661788283e-05],[-1.1727770661788283e-05,9.214676948547937e-05]]},{""station_id"":""station_1"",""mu_rad"":[-0.0008377580409572782,0.0006981317007977319],""R_rad2"":[[4.633230954955836e-05,1.5444103183186123e-05],[1.5444103183186123e-05,8.236855031032602e-05]]},{""station_id"":""station_2"",""mu_rad"":[0.0005585053606381855,0.0004363323129985824],""R_rad2"":[[5.6323760918562415e-05,6.418289034905951e-06],[6.418289034905951e-06,7.313864249078874e-05]]}]","[{""station_id"":""station_0"",""mu_cal_rad"":[0.0005643616327623167,-0.0003814084924035921],""R_cal_rad2"":[[4.173636417303437e-05,-1.7347981772639397e-05],[-1.7347981772639397e-05,9.591572730706288e-05]],""R_rank"":2,""R_condition"":2.7550675893192675},{""station_id"":""station_1"",""mu_cal_rad"":[3.9102065548434145e-06,0.0012681898149386882],""R_cal_rad2"":[[5.2129479514240294e-05,3.1174429793160714e-05],[3.1174429793160714e-05,9.445099612942991e-05]],""R_rank"":2,""R_condition"":3.1160004945008763},{""station_id"":""station_2"",""mu_cal_rad"":[0.0013439460414978856,-0.00097336663484503],""R_cal_rad2"":[[6.892608398447699e-05,3.954280471044003e-06],[3.954280471044003e-06,7.2457316164441e-05]],""R_rank"":2,""R_condition"":1.1305148785884551}]",calibration,False,none,0.0,0.0,False,station_2,"[5.0,-2.0]",256,1536,False,20260831,2657629141,1984055189,2657629141,0,independent_bearing_level_realizations,calibration,False,True,False,False,False,False,0.0032376968750043034,1.0,0.0,18.57757850901938,18.15917400485445,23.011544657239487,24.23130016852728,18.025122841790868,22.240908335544393,4.496817741150703,5.96030725863453,13.352851325088777,11.838287575715507,4.40104542997491,"[[4.081847442791417,3.000889726967769,1.595364854523007],[3.000889726967769,2.4048534589920747,1.232975875407211],[1.595364854523007,1.232975875407211,0.8555107593282772]]","[[5.324166158322567,3.9836177600427636,1.9368473053054052],[3.9836177600427636,3.147997950519914,1.4970417116915113],[1.9368473053054052,1.4970417116915113,0.9099928926377774]]",0.29878566811160945,0.7825718179682305,59.27210214451084,74.51669469660328,0.0,3,86.60891125817537,105.01063324915044,"[0.11187155170167318,5.584036008193566,9.670940233036777]"
elongated_oriented__ideal_three,elongated_oriented,ideal_three,calibration,3,"[""station_0"", ""station_1"", ""station_2""]",elongated,varied,40.0,"[196.59649062935804,137.65834472425104,20.0]",196.59649062935804,137.65834472425104,20.0,6.020797289396148,6.0,0.5,2.242311788131194,5.420562930970534,"[{""station_id"":""station_0"",""mu_rad"":[0.0013962634015954637,-0.0008726646259971648],""R_rad2"":[[3.73156339238718e-05,-1.1727770661788283e-05],[-1.1727770661788283e-05,9.214676948547937e-05]]},{""station_id"":""station_1"",""mu_rad"":[-0.0008377580409572782,0.0006981317007977319],""R_rad2"":[[4.633230954955836e-05,1.5444103183186123e-05],[1.5444103183186123e-05,8.236855031032602e-05]]},{""station_id"":""station_2"",""mu_rad"":[0.0005585053606381855,0.0004363323129985824],""R_rad2"":[[5.6323760918562415e-05,6.418289034905951e-06],[6.418289034905951e-06,7.313864249078874e-05]]}]","[{""station_id"":""station_0"",""mu_cal_rad"":[0.0016103239781432978,-0.0009766997256953037],""R_cal_rad2"":[[3.105498693261014e-05,-1.6759029891183827e-05],[-1.6759029891183827e-05,8.582748238832308e-05]],""R_rank"":2,""R_condition"":3.4384548851685177},{""station_id"":""station_1"",""mu_cal_rad"":[-0.0008827707863370539,-0.00013206931147446337],""R_cal_rad2"":[[4.607428795275621e-05,2.164141531453457e-05],[2.164141531453457e-05,9.378102704519696e-05]],""R_rank"":2,""R_condition"":2.707724455291728},{""station_id"":""station_2"",""mu_cal_rad"":[-0.00026797355233134485,2.664981572755314e-06],""R_cal_rad2"":[[6.24562855640744e-05,6.298492307995196e-06],[6.298492307995196e-06,8.265651089459864e-05]],""R_rank"":2,""R_condition"":1.3924955377663542}]",calibration,False,none,0.0,0.0,False,,,128,768,False,20260831,518390671,518390671,2351669455,0,independent_bearing_level_realizations,calibration,False,True,False,False,False,False,0.0031076757812229516,1.0,0.0,22.24096448053141,15.420987555170164,42.02135785351846,48.186188398637924,22.14273824660153,41.91057101429011,2.087976045540164,3.8043602769422495,1.605171998244691,1.1141691842406345,0.13516831004109262,"[[329.6217671589487,229.24745016128077,28.112778053448395],[229.24745016128077,160.69171385391414,19.779372383815133],[28.112778053448395,19.779372383815133,4.375557537975614]]","[[345.057260102718,240.66648767802465,29.1615437287384],[240.66648767802465,169.0476827183195,20.432471569166896],[29.1615437287384,20.432471569166896,4.108648080569277]]",0.0486204823847398,0.9546045245362258,2.5170474221761805,8.531278036571457,0.9296875,3,611.4499573943563,942.2898100941715,"[0.0021193323183431754,0.6357993228674621,1.297946147875462]"
elongated_oriented__ideal_three,elongated_oriented,ideal_three,evaluation,3,"[""station_0"", ""station_1"", ""station_2""]",elongated,varied,40.0,"[196.59649062935804,137.65834472425104,20.0]",196.59649062935804,137.65834472425104,20.0,6.020797289396148,6.0,0.5,2.242311788131194,5.420562930970534,"[{""station_id"":""station_0"",""mu_rad"":[0.0013962634015954637,-0.0008726646259971648],""R_rad2"":[[3.73156339238718e-05,-1.1727770661788283e-05],[-1.1727770661788283e-05,9.214676948547937e-05]]},{""station_id"":""station_1"",""mu_rad"":[-0.0008377580409572782,0.0006981317007977319],""R_rad2"":[[4.633230954955836e-05,1.5444103183186123e-05],[1.5444103183186123e-05,8.236855031032602e-05]]},{""station_id"":""station_2"",""mu_rad"":[0.0005585053606381855,0.0004363323129985824],""R_rad2"":[[5.6323760918562415e-05,6.418289034905951e-06],[6.418289034905951e-06,7.313864249078874e-05]]}]","[{""station_id"":""station_0"",""mu_cal_rad"":[0.0016103239781432978,-0.0009766997256953037],""R_cal_rad2"":[[3.105498693261014e-05,-1.6759029891183827e-05],[-1.6759029891183827e-05,8.582748238832308e-05]],""R_rank"":2,""R_condition"":3.4384548851685177},{""station_id"":""station_1"",""mu_cal_rad"":[-0.0008827707863370539,-0.00013206931147446337],""R_cal_rad2"":[[4.607428795275621e-05,2.164141531453457e-05],[2.164141531453457e-05,9.378102704519696e-05]],""R_rank"":2,""R_condition"":2.707724455291728},{""station_id"":""station_2"",""mu_cal_rad"":[-0.00026797355233134485,2.664981572755314e-06],""R_cal_rad2"":[[6.24562855640744e-05,6.298492307995196e-06],[6.298492307995196e-06,8.265651089459864e-05]],""R_rank"":2,""R_condition"":1.3924955377663542}]",calibration,False,none,0.0,0.0,False,,,256,1536,False,20260831,2351669455,518390671,2351669455,0,independent_bearing_level_realizations,calibration,False,True,False,False,False,False,0.003037269921861707,1.0,0.0,23.56112299314204,14.633066296131075,44.05044856920744,58.95523903396461,23.459279782742133,43.95391031312086,2.1883118546022238,4.3284132135913325,1.3212341487160617,0.8983247844737093,0.1985124168433978,"[[369.1650495695102,257.3266577772695,34.646332921814604],[257.3266577772695,180.76828836262808,24.390257201980944],[34.646332921814604,24.390257201980944,4.76792630548241]]","[[345.8877711652356,241.2069509659944,29.4669467890418],[241.2069509659944,169.39733551569262,20.642154733466178],[29.4669467890418,20.642154733466178,4.148118393878755]]",0.0646027615029847,1.0678971568631068,2.2992269586859506,9.97713190939512,0.890625,3,612.7227070073809,1380.6703611745368,"[0.0021104390438250542,0.633372452472416,1.292413948754135]"
elongated_oriented__ideal_two,elongated_oriented,ideal_two,calibration,2,"[""station_0"", ""station_1""]",elongated,varied,40.0,"[196.59649062935804,137.65834472425104,20.0]",196.59649062935804,137.65834472425104,20.0,6.020797289396148,6.0,0.5,2.242311788131194,5.420562930970534,"[{""station_id"":""station_0"",""mu_rad"":[0.0013962634015954637,-0.0008726646259971648],""R_rad2"":[[3.73156339238718e-05,-1.1727770661788283e-05],[-1.1727770661788283e-05,9.214676948547937e-05]]},{""station_id"":""station_1"",""mu_rad"":[-0.0008377580409572782,0.0006981317007977319],""R_rad2"":[[4.633230954955836e-05,1.5444103183186123e-05],[1.5444103183186123e-05,8.236855031032602e-05]]}]","[{""station_id"":""station_0"",""mu_cal_rad"":[0.0016103239781432978,-0.0009766997256953037],""R_cal_rad2"":[[3.105498693261014e-05,-1.6759029891183827e-05],[-1.6759029891183827e-05,8.582748238832308e-05]],""R_rank"":2,""R_condition"":3.4384548851685177},{""station_id"":""station_1"",""mu_cal_rad"":[-0.0008827707863370539,-0.00013206931147446337],""R_cal_rad2"":[[4.607428795275621e-05,2.164141531453457e-05],[2.164141531453457e-05,9.378102704519696e-05]],""R_rank"":2,""R_condition"":2.707724455291728}]",calibration,False,none,0.0,0.0,False,,,128,512,False,20260831,518390671,518390671,2351669455,0,independent_bearing_level_realizations,calibration,False,True,False,False,False,False,0.0022128499999780615,1.0,0.0,23.405500824952526,15.057055475199721,46.243452627264254,55.33064301778027,23.3098632682463,46.14802278026149,2.113703688437733,3.803787281518133,1.7544299360909628,1.2235591829752268,0.12378722801828748,"[[363.58736198121545,254.35824093151754,25.829220985932416],[254.35824093151754,179.42956184562482,18.205347992164814],[25.829220985932416,18.205347992164814,4.487478429928644]]","[[367.8981106176103,257.2606701984724,26.622947893908194],[257.2606701984724,181.45041413323762,18.685963809586667],[26.622947893908194,18.685963809586667,4.486208024369343]]",0.011806987195490079,0.988570000861579,2.5799542321759548,8.081507088596126,0.9453125,3,500.5525616224084,775.8205590470279,"[0.0019849640029884026,0.4077702756394602,0.9956622773173419]"
elongated_oriented__ideal_two,elongated_oriented,ideal_two,evaluation,2,"[""station_0"", ""station_1""]",elongated,varied,40.0,"[196.59649062935804,137.65834472425104,20.0]",196.59649062935804,137.65834472425104,20.0,6.020797289396148,6.0,0.5,2.242311788131194,5.420562930970534,"[{""station_id"":""station_0"",""mu_rad"":[0.0013962634015954637,-0.0008726646259971648],""R_rad2"":[[3.73156339238718e-05,-1.1727770661788283e-05],[-1.1727770661788283e-05,9.214676948547937e-05]]},{""station_id"":""station_1"",""mu_rad"":[-0.0008377580409572782,0.0006981317007977319],""R_rad2"":[[4.633230954955836e-05,1.5444103183186123e-05],[1.5444103183186123e-05,8.236855031032602e-05]]}]","[{""station_id"":""station_0"",""mu_cal_rad"":[0.0016103239781432978,-0.0009766997256953037],""R_cal_rad2"":[[3.105498693261014e-05,-1.6759029891183827e-05],[-1.6759029891183827e-05,8.582748238832308e-05]],""R_rank"":2,""R_condition"":3.4384548851685177},{""station_id"":""station_1"",""mu_cal_rad"":[-0.0008827707863370539,-0.00013206931147446337],""R_cal_rad2"":[[4.607428795275621e-05,2.164141531453457e-05],[2.164141531453457e-05,9.378102704519696e-05]],""R_rank"":2,""R_condition"":2.707724455291728}]",calibration,False,none,0.0,0.0,False,,,256,1024,False,20260831,2351669455,518390671,2351669455,0,independent_bearing_level_realizations,calibration,False,True,False,False,False,False,0.0021991878906248985,1.0,0.0,24.602982202491827,14.533188095983082,48.294380184817534,68.3607426174042,24.502318304277562,48.175198447710926,2.2233153109701225,4.223523164383362,1.107808236824817,0.7414196855677382,0.2310167432681577,"[[400.9859445274122,281.87766694785887,32.034829926758526],[281.87766694785887,199.9481141838397,22.5046683423491],[32.034829926758526,22.5046683423491,4.908937774505611]]","[[366.10321265888524,255.97850722505174,26.868192883349113],[255.97850722505174,180.53015950397221,18.853572369232012],[26.868192883349113,18.853572369232012,4.516231523802162]]",0.09117420209610871,1.0992351122694306,2.275961863528992,10.387745201446974,0.90625,3,496.5385972339966,1100.4803202034832,"[0.0019993452923786053,0.40832900600045696,0.9958071440953749]"
elongated_oriented__one_station_failure,elongated_oriented,one_station_failure,calibration,2,"[""station_0"", ""station_2""]",elongated,varied,40.0,"[196.59649062935804,137.65834472425104,20.0]",196.59649062935804,137.65834472425104,20.0,6.020797289396148,6.0,0.5,2.242311788131194,5.420562930970534,"[{""station_id"":""station_0"",""mu_rad"":[0.0013962634015954637,-0.0008726646259971648],""R_rad2"":[[3.73156339238718e-05,-1.1727770661788283e-05],[-1.1727770661788283e-05,9.214676948547937e-05]]},{""station_id"":""station_2"",""mu_rad"":[0.0005585053606381855,0.0004363323129985824],""R_rad2"":[[5.6323760918562415e-05,6.418289034905951e-06],[6.418289034905951e-06,7.313864249078874e-05]]}]","[{""station_id"":""station_0"",""mu_cal_rad"":[0.0016103239781432978,-0.0009766997256953037],""R_cal_rad2"":[[3.105498693261014e-05,-1.6759029891183827e-05],[-1.6759029891183827e-05,8.582748238832308e-05]],""R_rank"":2,""R_condition"":3.4384548851685177},{""station_id"":""station_2"",""mu_cal_rad"":[-0.00026797355233134485,2.664981572755314e-06],""R_cal_rad2"":[[6.24562855640744e-05,6.298492307995196e-06],[6.298492307995196e-06,8.265651089459864e-05]],""R_rank"":2,""R_condition"":1.3924955377663542}]",calibration,False,none,0.0,0.0,False,,,128,512,False,20260831,518390671,518390671,2351669455,0,independent_bearing_level_realizations,calibration,False,True,False,False,False,False,0.0024816171874704196,1.0,0.0,68.95246040212824,38.02489789311453,146.9950755013545,180.5383416963037,68.7174381327722,146.4035693435891,5.688188813294579,12.191161580126991,12.408572446462612,8.142406542488228,1.161595717324111,"[[3166.0168150151444,2082.1603101815667,298.47649730322547],[2082.1603101815667,1371.2453950702557,196.19705073753147],[298.47649730322547,196.19705073753147,31.250330572783756]]","[[4715.854911804987,3099.787714169445,438.2369148927413],[3099.787714169445,2039.7786013609714,287.7919090695004],[438.2369148927413,287.7919090695004,43.9453947544637]]",0.488752878731384,0.6718816859874365,2.4562747653266452,14.331094927985054,0.890625,3,2955.360391621034,15013.850648809028,"[0.00028556317717427657,0.40213337332290755,0.8397840157648142]"
elongated_oriented__one_station_failure,elongated_oriented,one_station_failure,evaluation,2,"[""station_0"", ""station_2""]",elongated,varied,40.0,"[196.59649062935804,137.65834472425104,20.0]",196.59649062935804,137.65834472425104,20.0,6.020797289396148,6.0,0.5,2.242311788131194,5.420562930970534,"[{""station_id"":""station_0"",""mu_rad"":[0.0013962634015954637,-0.0008726646259971648],""R_rad2"":[[3.73156339238718e-05,-1.1727770661788283e-05],[-1.1727770661788283e-05,9.214676948547937e-05]]},{""station_id"":""station_2"",""mu_rad"":[0.0005585053606381855,0.0004363323129985824],""R_rad2"":[[5.6323760918562415e-05,6.418289034905951e-06],[6.418289034905951e-06,7.313864249078874e-05]]}]","[{""station_id"":""station_0"",""mu_cal_rad"":[0.0016103239781432978,-0.0009766997256953037],""R_cal_rad2"":[[3.105498693261014e-05,-1.6759029891183827e-05],[-1.6759029891183827e-05,8.582748238832308e-05]],""R_rank"":2,""R_condition"":3.4384548851685177},{""station_id"":""station_2"",""mu_cal_rad"":[-0.00026797355233134485,2.664981572755314e-06],""R_cal_rad2"":[[6.24562855640744e-05,6.298492307995196e-06],[6.298492307995196e-06,8.265651089459864e-05]],""R_rank"":2,""R_condition"":1.3924955377663542}]",calibration,False,none,0.0,0.0,False,,,256,1024,False,20260831,2351669455,518390671,2351669455,0,independent_bearing_level_realizations,calibration,False,True,False,False,False,False,0.002437239843743555,1.0,0.0,82.87544668624902,36.6840748436338,168.63148309791288,283.81168326305357,82.63659070819777,168.1289450738857,6.287570243830763,12.243691127205429,14.330694130870897,9.427290450902722,1.2035983277796605,"[[4567.339356225715,3015.0769165334773,402.8853676374226],[3015.0769165334773,1992.849907441424,266.2916231761874],[402.8853676374226,266.2916231761874,38.234243148771945]]","[[6385.17455277895,4203.140344576332,578.351015213392],[4203.140344576332,2769.245330526089,380.4836307502529],[578.351015213392,380.4836307502529,55.74193552687331]]",0.3959912193379097,0.716428618368484,2.254272727103608,14.47074970367986,0.859375,3,2859.206736708554,35659.07173658473,"[0.0002982834096712869,0.41714615031894253,0.8695483003082136]"
elongated_oriented__position_calibration_mismatch,elongated_oriented,position_calibration_mismatch,calibration,3,"[""station_0"", ""station_1"", ""station_2""]",elongated,varied,40.0,"[196.59649062935804,137.65834472425104,20.0]",196.59649062935804,137.65834472425104,20.0,6.020797289396148,6.0,0.5,2.242311788131194,5.420562930970534,"[{""station_id"":""station_0"",""mu_rad"":[0.0013962634015954637,-0.0008726646259971648],""R_rad2"":[[3.73156339238718e-05,-1.1727770661788283e-05],[-1.1727770661788283e-05,9.214676948547937e-05]]},{""station_id"":""station_1"",""mu_rad"":[-0.0008377580409572782,0.0006981317007977319],""R_rad2"":[[4.633230954955836e-05,1.5444103183186123e-05],[1.5444103183186123e-05,8.236855031032602e-05]]},{""station_id"":""station_2"",""mu_rad"":[0.0005585053606381855,0.0004363323129985824],""R_rad2"":[[5.6323760918562415e-05,6.418289034905951e-06],[6.418289034905951e-06,7.313864249078874e-05]]}]","[{""station_id"":""station_0"",""mu_cal_rad"":[0.0016103239781432978,-0.0009766997256953037],""R_cal_rad2"":[[3.105498693261014e-05,-1.6759029891183827e-05],[-1.6759029891183827e-05,8.582748238832308e-05]],""R_rank"":2,""R_condition"":3.4384548851685177},{""station_id"":""station_1"",""mu_cal_rad"":[-0.0008827707863370539,-0.00013206931147446337],""R_cal_rad2"":[[4.607428795275621e-05,2.164141531453457e-05],[2.164141531453457e-05,9.378102704519696e-05]],""R_rank"":2,""R_condition"":2.707724455291728},{""station_id"":""station_2"",""mu_cal_rad"":[-0.00026797355233134485,2.664981572755314e-06],""R_cal_rad2"":[[6.24562855640744e-05,6.298492307995196e-06],[6.298492307995196e-06,8.265651089459864e-05]],""R_rank"":2,""R_condition"":1.3924955377663542}]",calibration,False,position,0.09433981132056604,0.0,False,,,128,768,False,20260831,518390671,518390671,2351669455,0,independent_bearing_level_realizations,calibration,False,True,False,False,False,False,0.00304694687497431,1.0,0.0,21.997779242873502,16.820682477905407,40.14555678173583,46.13332115877312,21.90027848791727,40.091236134404966,2.0688387491209417,3.7088700817850646,0.18996053506529775,0.12388135403851253,0.015577419092472636,"[[324.92379265098185,225.99559309050275,27.717627746535182],[225.99559309050275,158.42312136836543,19.503071775095098],[27.717627746535182,19.503071775095098,4.313550728948632]]","[[340.0866777390685,237.21206566593727,28.746423680508645],[237.21206566593727,166.62988164126415,20.142907606939303],[28.746423680508645,20.142907606939303,4.05007744158552]]",0.0484467423532893,0.954761782763665,2.5212624660012106,8.518320055763526,0.9296875,3,611.7231967132286,942.1533604515686,"[0.0021474808502971016,0.6454030983071792,1.3167048295410413]"
elongated_oriented__position_calibration_mismatch,elongated_oriented,position_calibration_mismatch,evaluation,3,"[""station_0"", ""station_1"", ""station_2""]",elongated,varied,40.0,"[196.59649062935804,137.65834472425104,20.0]",196.59649062935804,137.65834472425104,20.0,6.020797289396148,6.0,0.5,2.242311788131194,5.420562930970534,"[{""station_id"":""station_0"",""mu_rad"":[0.0013962634015954637,-0.0008726646259971648],""R_rad2"":[[3.73156339238718e-05,-1.1727770661788283e-05],[-1.1727770661788283e-05,9.214676948547937e-05]]},{""station_id"":""station_1"",""mu_rad"":[-0.0008377580409572782,0.0006981317007977319],""R_rad2"":[[4.633230954955836e-05,1.5444103183186123e-05],[1.5444103183186123e-05,8.236855031032602e-05]]},{""station_id"":""station_2"",""mu_rad"":[0.0005585053606381855,0.0004363323129985824],""R_rad2"":[[5.6323760918562415e-05,6.418289034905951e-06],[6.418289034905951e-06,7.313864249078874e-05]]}]","[{""station_id"":""station_0"",""mu_cal_rad"":[0.0016103239781432978,-0.0009766997256953037],""R_cal_rad2"":[[3.105498693261014e-05,-1.6759029891183827e-05],[-1.6759029891183827e-05,8.582748238832308e-05]],""R_rank"":2,""R_condition"":3.4384548851685177},{""station_id"":""station_1"",""mu_cal_rad"":[-0.0008827707863370539,-0.00013206931147446337],""R_cal_rad2"":[[4.607428795275621e-05,2.164141531453457e-05],[2.164141531453457e-05,9.378102704519696e-05]],""R_rank"":2,""R_condition"":2.707724455291728},{""station_id"":""station_2"",""mu_cal_rad"":[-0.00026797355233134485,2.664981572755314e-06],""R_cal_rad2"":[[6.24562855640744e-05,6.298492307995196e-06],[6.298492307995196e-06,8.265651089459864e-05]],""R_rank"":2,""R_condition"":1.3924955377663542}]",calibration,False,position,0.09433981132056604,0.0,False,,,256,1536,False,20260831,2351669455,518390671,2351669455,0,independent_bearing_level_realizations,calibration,False,True,False,False,False,False,0.0030696671875034554,1.0,0.0,23.338756122326625,14.674384745610379,45.20663646370849,58.353830641836616,23.238082779859425,45.13808000177232,2.165420525865457,4.4059812297768115,-0.09857397813457791,-0.0950576533050338,0.077931563721232,"[[363.89627274442597,253.6704579867905,34.16323554559198],[253.6704579867905,178.2110725701911,24.051886085812434],[34.16323554559198,24.051886085812434,4.70133732413781]]","[[340.86034294988804,237.71352111492908,29.043922463010276],[237.71352111492908,166.95269562923738,20.347131625751274],[29.043922463010276,20.347131625751274,4.0886035710935005]]",0.06486084020278654,1.0681909132815255,2.303060738951094,9.973774074275616,0.890625,3,612.6993312734348,1380.982530315768,"[0.00213977665313287,0.6428006376311981,1.3112458160165354]"
elongated_oriented__orientation_calibration_mismatch,elongated_oriented,orientation_calibration_mismatch,calibration,3,"[""station_0"", ""station_1"", ""station_2""]",elongated,varied,40.0,"[196.59649062935804,137.65834472425104,20.0]",196.59649062935804,137.65834472425104,20.0,6.020797289396148,6.0,0.5,2.242311788131194,5.420562930970534,"[{""station_id"":""station_0"",""mu_rad"":[0.0013962634015954637,-0.0008726646259971648],""R_rad2"":[[3.73156339238718e-05,-1.1727770661788283e-05],[-1.1727770661788283e-05,9.214676948547937e-05]]},{""station_id"":""station_1"",""mu_rad"":[-0.0008377580409572782,0.0006981317007977319],""R_rad2"":[[4.633230954955836e-05,1.5444103183186123e-05],[1.5444103183186123e-05,8.236855031032602e-05]]},{""station_id"":""station_2"",""mu_rad"":[0.0005585053606381855,0.0004363323129985824],""R_rad2"":[[5.6323760918562415e-05,6.418289034905951e-06],[6.418289034905951e-06,7.313864249078874e-05]]}]","[{""station_id"":""station_0"",""mu_cal_rad"":[0.0016103239781432978,-0.0009766997256953037],""R_cal_rad2"":[[3.105498693261014e-05,-1.6759029891183827e-05],[-1.6759029891183827e-05,8.582748238832308e-05]],""R_rank"":2,""R_condition"":3.4384548851685177},{""station_id"":""station_1"",""mu_cal_rad"":[-0.0008827707863370539,-0.00013206931147446337],""R_cal_rad2"":[[4.607428795275621e-05,2.164141531453457e-05],[2.164141531453457e-05,9.378102704519696e-05]],""R_rank"":2,""R_condition"":2.707724455291728},{""station_id"":""station_2"",""mu_cal_rad"":[-0.00026797355233134485,2.664981572755314e-06],""R_cal_rad2"":[[6.24562855640744e-05,6.298492307995196e-06],[6.298492307995196e-06,8.265651089459864e-05]],""R_rank"":2,""R_condition"":1.3924955377663542}]",calibration,False,orientation,0.0,0.2569046515733026,False,,,128,768,False,20260831,518390671,518390671,2351669455,0,independent_bearing_level_realizations,calibration,False,True,False,False,False,False,0.003133178906239209,1.0,0.0,28.392762989520964,16.595117963564824,57.57629361959043,65.75576267683424,28.28570606185905,57.40435506336526,2.4632951023419594,4.865243105918047,11.721255832737105,8.15743327103815,0.9826386534597588,"[[404.05063382979176,280.9918678404194,34.557009616483455],[280.9918678404194,196.79306914971147,24.27791778590709],[34.557009616483455,24.27791778590709,5.1424191878537835]]","[[422.41528010445904,294.48420749033323,35.645360006023715],[294.48420749033323,206.61253275176267,24.94795896966048],[35.645360006023715,24.94795896966048,4.827822118706886]]",0.04694679072554899,0.9560317661155224,2.5305702091192943,8.61906937747484,0.9296875,3,673.4836335745574,1064.7036822217165,"[0.0017501438406511169,0.5766476292535697,1.17960866188265]"
elongated_oriented__orientation_calibration_mismatch,elongated_oriented,orientation_calibration_mismatch,evaluation,3,"[""station_0"", ""station_1"", ""station_2""]",elongated,varied,40.0,"[196.59649062935804,137.65834472425104,20.0]",196.59649062935804,137.65834472425104,20.0,6.020797289396148,6.0,0.5,2.242311788131194,5.420562930970534,"[{""station_id"":""station_0"",""mu_rad"":[0.0013962634015954637,-0.0008726646259971648],""R_rad2"":[[3.73156339238718e-05,-1.1727770661788283e-05],[-1.1727770661788283e-05,9.214676948547937e-05]]},{""station_id"":""station_1"",""mu_rad"":[-0.0008377580409572782,0.0006981317007977319],""R_rad2"":[[4.633230954955836e-05,1.5444103183186123e-05],[1.5444103183186123e-05,8.236855031032602e-05]]},{""station_id"":""station_2"",""mu_rad"":[0.0005585053606381855,0.0004363323129985824],""R_rad2"":[[5.6323760918562415e-05,6.418289034905951e-06],[6.418289034905951e-06,7.313864249078874e-05]]}]","[{""station_id"":""station_0"",""mu_cal_rad"":[0.0016103239781432978,-0.0009766997256953037],""R_cal_rad2"":[[3.105498693261014e-05,-1.6759029891183827e-05],[-1.6759029891183827e-05,8.582748238832308e-05]],""R_rank"":2,""R_condition"":3.4384548851685177},{""station_id"":""station_1"",""mu_cal_rad"":[-0.0008827707863370539,-0.00013206931147446337],""R_cal_rad2"":[[4.607428795275621e-05,2.164141531453457e-05],[2.164141531453457e-05,9.378102704519696e-05]],""R_rank"":2,""R_condition"":2.707724455291728},{""station_id"":""station_2"",""mu_cal_rad"":[-0.00026797355233134485,2.664981572755314e-06],""R_cal_rad2"":[[6.24562855640744e-05,6.298492307995196e-06],[6.298492307995196e-06,8.265651089459864e-05]],""R_rank"":2,""R_condition"":1.3924955377663542}]",calibration,False,orientation,0.0,0.2569046515733026,False,,,256,1536,False,20260831,2351669455,518390671,2351669455,0,independent_bearing_level_realizations,calibration,False,True,False,False,False,False,0.003128100390625832,1.0,0.0,29.574409412707556,17.552472608970227,59.3063937227647,78.0576903604333,29.460269046128445,58.980317433458204,2.5958119808975555,4.758024329666578,11.429275858121057,7.93493198229101,1.0500927666605258,"[[454.64995712792376,316.8139388595279,42.53701720204247],[316.8139388595279,222.31037925171955,29.90200199065311],[42.53701720204247,29.90200199065311,5.65764519813375]]","[[424.0701309824636,295.5872094744287,36.07991168322087],[295.5872094744287,207.34648816488445,25.246572176747552],[36.07991168322087,25.246572176747552,4.882616490655101]]",0.06878760885832762,1.0727939675950282,2.3165705713652427,10.079515273352737,0.89453125,3,675.6060857527764,1601.2754430741988,"[0.0017403298115595696,0.5743460932577364,1.1736967977353725]"
elongated_oriented__bearing_covariance_mismatch,elongated_oriented,bearing_covariance_mismatch,calibration,3,"[""station_0"", ""station_1"", ""station_2""]",elongated,varied,40.0,"[196.59649062935804,137.65834472425104,20.0]",196.59649062935804,137.65834472425104,20.0,6.020797289396148,6.0,0.5,2.242311788131194,5.420562930970534,"[{""station_id"":""station_0"",""mu_rad"":[0.0013962634015954637,-0.0008726646259971648],""R_rad2"":[[3.73156339238718e-05,-1.1727770661788283e-05],[-1.1727770661788283e-05,9.214676948547937e-05]]},{""station_id"":""station_1"",""mu_rad"":[-0.0008377580409572782,0.0006981317007977319],""R_rad2"":[[4.633230954955836e-05,1.5444103183186123e-05],[1.5444103183186123e-05,8.236855031032602e-05]]},{""station_id"":""station_2"",""mu_rad"":[0.0005585053606381855,0.0004363323129985824],""R_rad2"":[[5.6323760918562415e-05,6.418289034905951e-06],[6.418289034905951e-06,7.313864249078874e-05]]}]","[{""station_id"":""station_0"",""mu_cal_rad"":[0.0016103239781432978,-0.0009766997256953037],""R_cal_rad2"":[[3.105498693261014e-05,-1.6759029891183827e-05],[-1.6759029891183827e-05,8.582748238832308e-05]],""R_rank"":2,""R_condition"":3.4384548851685177},{""station_id"":""station_1"",""mu_cal_rad"":[-0.0008827707863370539,-0.00013206931147446337],""R_cal_rad2"":[[4.607428795275621e-05,2.164141531453457e-05],[2.164141531453457e-05,9.378102704519696e-05]],""R_rank"":2,""R_condition"":2.707724455291728},{""station_id"":""station_2"",""mu_cal_rad"":[-0.00026797355233134485,2.664981572755314e-06],""R_cal_rad2"":[[6.24562855640744e-05,6.298492307995196e-06],[6.298492307995196e-06,8.265651089459864e-05]],""R_rank"":2,""R_condition"":1.3924955377663542}]",calibration,False,none,0.0,0.0,True,,,128,768,False,20260831,518390671,518390671,2351669455,0,independent_bearing_level_realizations,calibration,False,True,False,False,False,False,0.0031541054687522774,1.0,0.0,23.065880120783547,14.639243154507469,43.634357434262014,54.02867851298905,22.96230320215148,43.55992963566865,2.183450800641347,4.03886496434134,1.7169865147280772,1.1952294768090377,0.1452060693747143,"[[353.6353988997501,246.68642855596116,30.746510093801106],[246.68642855596116,173.37260327075174,21.682143760978],[30.746510093801106,21.682143760978,4.783745608806893]]","[[104.29032458886299,72.82942467518271,6.158794444554899],[72.82942467518271,51.22252721808859,4.376436728788622],[6.158794444554899,4.376436728788622,5.746192787617312]]",0.7058820519157271,3.297748347178408,6.09549066691226,20.6324257303938,0.6484375,3,609.485035130957,921.8252854408147,"[0.006925177036159266,0.19054357434282662,4.237651307147615]"
elongated_oriented__bearing_covariance_mismatch,elongated_oriented,bearing_covariance_mismatch,evaluation,3,"[""station_0"", ""station_1"", ""station_2""]",elongated,varied,40.0,"[196.59649062935804,137.65834472425104,20.0]",196.59649062935804,137.65834472425104,20.0,6.020797289396148,6.0,0.5,2.242311788131194,5.420562930970534,"[{""station_id"":""station_0"",""mu_rad"":[0.0013962634015954637,-0.0008726646259971648],""R_rad2"":[[3.73156339238718e-05,-1.1727770661788283e-05],[-1.1727770661788283e-05,9.214676948547937e-05]]},{""station_id"":""station_1"",""mu_rad"":[-0.0008377580409572782,0.0006981317007977319],""R_rad2"":[[4.633230954955836e-05,1.5444103183186123e-05],[1.5444103183186123e-05,8.236855031032602e-05]]},{""station_id"":""station_2"",""mu_rad"":[0.0005585053606381855,0.0004363323129985824],""R_rad2"":[[5.6323760918562415e-05,6.418289034905951e-06],[6.418289034905951e-06,7.313864249078874e-05]]}]","[{""station_id"":""station_0"",""mu_cal_rad"":[0.0016103239781432978,-0.0009766997256953037],""R_cal_rad2"":[[3.105498693261014e-05,-1.6759029891183827e-05],[-1.6759029891183827e-05,8.582748238832308e-05]],""R_rank"":2,""R_condition"":3.4384548851685177},{""station_id"":""station_1"",""mu_cal_rad"":[-0.0008827707863370539,-0.00013206931147446337],""R_cal_rad2"":[[4.607428795275621e-05,2.164141531453457e-05],[2.164141531453457e-05,9.378102704519696e-05]],""R_rank"":2,""R_condition"":2.707724455291728},{""station_id"":""station_2"",""mu_cal_rad"":[-0.00026797355233134485,2.664981572755314e-06],""R_cal_rad2"":[[6.24562855640744e-05,6.298492307995196e-06],[6.298492307995196e-06,8.265651089459864e-05]],""R_rank"":2,""R_condition"":1.3924955377663542}]",calibration,False,none,0.0,0.0,True,,,256,1536,False,20260831,2351669455,518390671,2351669455,0,independent_bearing_level_realizations,calibration,False,True,False,False,False,False,0.0031708156249976582,1.0,0.0,24.226493249185058,14.506136390956726,48.847032036579535,64.87408274515852,24.122409704383035,48.78377389920709,2.24328446851854,4.4301028234149875,1.2794579174931702,0.9030046602742755,0.19312533571211274,"[[389.644643755706,272.5149772582524,37.04070576375333],[272.5149772582524,192.06588295626244,26.16384567993951],[37.04070576375333,26.16384567993951,5.014616155761034]]","[[104.16867766714554,72.75200152089211,6.226846145822201],[72.75200152089211,51.17324166906522,4.424233535989529],[6.226846145822201,4.424233535989529,5.736243632051712]]",0.7341642377459942,3.642487175516975,5.542013788414547,26.72101018615329,0.640625,3,604.9622706257034,1328.457568256966,"[0.00698885179276454,0.19114140654488784,4.240820094415792]"
elongated_oriented__one_erroneous_bearing,elongated_oriented,one_erroneous_bearing,calibration,3,"[""station_0"", ""station_1"", ""station_2""]",elongated,varied,40.0,"[196.59649062935804,137.65834472425104,20.0]",196.59649062935804,137.65834472425104,20.0,6.020797289396148,6.0,0.5,2.242311788131194,5.420562930970534,"[{""station_id"":""station_0"",""mu_rad"":[0.0013962634015954637,-0.0008726646259971648],""R_rad2"":[[3.73156339238718e-05,-1.1727770661788283e-05],[-1.1727770661788283e-05,9.214676948547937e-05]]},{""station_id"":""station_1"",""mu_rad"":[-0.0008377580409572782,0.0006981317007977319],""R_rad2"":[[4.633230954955836e-05,1.5444103183186123e-05],[1.5444103183186123e-05,8.236855031032602e-05]]},{""station_id"":""station_2"",""mu_rad"":[0.0005585053606381855,0.0004363323129985824],""R_rad2"":[[5.6323760918562415e-05,6.418289034905951e-06],[6.418289034905951e-06,7.313864249078874e-05]]}]","[{""station_id"":""station_0"",""mu_cal_rad"":[0.0016103239781432978,-0.0009766997256953037],""R_cal_rad2"":[[3.105498693261014e-05,-1.6759029891183827e-05],[-1.6759029891183827e-05,8.582748238832308e-05]],""R_rank"":2,""R_condition"":3.4384548851685177},{""station_id"":""station_1"",""mu_cal_rad"":[-0.0008827707863370539,-0.00013206931147446337],""R_cal_rad2"":[[4.607428795275621e-05,2.164141531453457e-05],[2.164141531453457e-05,9.378102704519696e-05]],""R_rank"":2,""R_condition"":2.707724455291728},{""station_id"":""station_2"",""mu_cal_rad"":[-0.00026797355233134485,2.664981572755314e-06],""R_cal_rad2"":[[6.24562855640744e-05,6.298492307995196e-06],[6.298492307995196e-06,8.265651089459864e-05]],""R_rank"":2,""R_condition"":1.3924955377663542}]",calibration,False,none,0.0,0.0,False,station_2,"[5.0,-2.0]",128,768,False,20260831,518390671,518390671,2351669455,0,independent_bearing_level_realizations,calibration,False,True,False,False,False,False,0.0031399078125105007,1.0,0.0,22.24096448053141,15.420987555170164,42.02135785351846,48.186188398637924,22.14273824660153,41.91057101429011,2.087976045540164,3.8043602769422495,1.605171998244691,1.1141691842406345,0.13516831004109262,"[[329.6217671589487,229.24745016128077,28.112778053448395],[229.24745016128077,160.69171385391414,19.779372383815133],[28.112778053448395,19.779372383815133,4.375557537975614]]","[[345.057260102718,240.66648767802465,29.1615437287384],[240.66648767802465,169.0476827183195,20.432471569166896],[29.1615437287384,20.432471569166896,4.108648080569277]]",0.0486204823847398,0.9546045245362258,2.5170474221761805,8.531278036571457,0.9296875,3,611.4499573943563,942.2898100941715,"[0.0021193323183431754,0.6357993228674621,1.297946147875462]"
elongated_oriented__one_erroneous_bearing,elongated_oriented,one_erroneous_bearing,evaluation,3,"[""station_0"", ""station_1"", ""station_2""]",elongated,varied,40.0,"[196.59649062935804,137.65834472425104,20.0]",196.59649062935804,137.65834472425104,20.0,6.020797289396148,6.0,0.5,2.242311788131194,5.420562930970534,"[{""station_id"":""station_0"",""mu_rad"":[0.0013962634015954637,-0.0008726646259971648],""R_rad2"":[[3.73156339238718e-05,-1.1727770661788283e-05],[-1.1727770661788283e-05,9.214676948547937e-05]]},{""station_id"":""station_1"",""mu_rad"":[-0.0008377580409572782,0.0006981317007977319],""R_rad2"":[[4.633230954955836e-05,1.5444103183186123e-05],[1.5444103183186123e-05,8.236855031032602e-05]]},{""station_id"":""station_2"",""mu_rad"":[0.0005585053606381855,0.0004363323129985824],""R_rad2"":[[5.6323760918562415e-05,6.418289034905951e-06],[6.418289034905951e-06,7.313864249078874e-05]]}]","[{""station_id"":""station_0"",""mu_cal_rad"":[0.0016103239781432978,-0.0009766997256953037],""R_cal_rad2"":[[3.105498693261014e-05,-1.6759029891183827e-05],[-1.6759029891183827e-05,8.582748238832308e-05]],""R_rank"":2,""R_condition"":3.4384548851685177},{""station_id"":""station_1"",""mu_cal_rad"":[-0.0008827707863370539,-0.00013206931147446337],""R_cal_rad2"":[[4.607428795275621e-05,2.164141531453457e-05],[2.164141531453457e-05,9.378102704519696e-05]],""R_rank"":2,""R_condition"":2.707724455291728},{""station_id"":""station_2"",""mu_cal_rad"":[-0.00026797355233134485,2.664981572755314e-06],""R_cal_rad2"":[[6.24562855640744e-05,6.298492307995196e-06],[6.298492307995196e-06,8.265651089459864e-05]],""R_rank"":2,""R_condition"":1.3924955377663542}]",calibration,False,none,0.0,0.0,False,station_2,"[5.0,-2.0]",256,1536,False,20260831,2351669455,518390671,2351669455,0,independent_bearing_level_realizations,calibration,False,True,False,False,False,False,0.004139228515612103,1.0,0.0,41.05360340626409,28.977126163518776,77.18215189528217,97.8024026498903,40.9545475930399,77.10865959286843,2.850155098981146,5.033443450021968,21.71502099760245,21.620117012339893,-1.8719276763974229,"[[485.80292528423354,351.0047029053247,36.5299784410275],[351.0047029053247,255.39575405391676,26.676904556750824],[36.5299784410275,26.676904556750824,4.637385650281983]]","[[504.64052691136504,366.2651513684143,33.82723120584737],[366.2651513684143,267.3657638634327,24.658727338617318],[33.82723120584737,24.658727338617318,4.317002273439205]]",0.04228949794596888,0.9607286959790987,33.00293997246754,58.29204987764357,0.0,3,724.7810272268339,1706.1612886849198,"[0.0014389772454145846,0.5084289509573545,1.039342112253562]"
