geometry,profile,method,is_causal,evaluation_time_s,independent_sequence_count,valid_count,invalid_count,valid_fraction,valid_fraction_ci95_low,valid_fraction_ci95_high,successful_initialization_count,successful_initialization_fraction,successful_initialization_fraction_ci95_low,successful_initialization_fraction_ci95_high,failure_reason_counts,conditional_position_rmse_m,conditional_position_p95_m,conditional_velocity_rmse_mps,conditional_velocity_p95_mps,conditional_metric_valid_denominator,total_sequence_denominator,conditional_state_95_coverage_fraction,conditional_state_95_coverage_ci95_low,conditional_state_95_coverage_ci95_high,unconditional_valid_and_covered_fraction,unconditional_valid_and_covered_ci95_low,unconditional_valid_and_covered_ci95_high,state_95_covered_count,p95_method,independent_unit,mean_state_nees,state_nees_p95,state_nees_dof,pre_update_nis_defined_count,pre_update_nis_undefined_count,mean_pre_update_nis,pre_update_nis_p95,pre_update_nis_95_coverage_fraction,pre_update_nis_dof,nis_samples_within_sequence_are_dependent,mean_total_runtime_s,mean_measurement_update_runtime_s,maximum_covariance_symmetry_error,minimum_covariance_eigenvalue,median_covariance_condition_number,maximum_covariance_condition_number,maximum_available_timestamp_used_s,epochs_within_sequence_are_dependent,profiles_within_base_block_are_paired,observation_model_is_gaussian,mean_potential_event_count,minimum_potential_event_count,maximum_potential_event_count,mean_profile_delivered_event_count,minimum_profile_delivered_event_count,maximum_profile_delivered_event_count,mean_profile_lost_event_count,minimum_profile_lost_event_count,maximum_profile_lost_event_count,mean_causally_available_event_count,minimum_causally_available_event_count,maximum_causally_available_event_count,mean_method_used_event_count,minimum_method_used_event_count,maximum_method_used_event_count,mean_method_initialization_event_count,minimum_method_initialization_event_count,maximum_method_initialization_event_count,mean_method_update_event_count,minimum_method_update_event_count,maximum_method_update_event_count,mean_method_rejected_event_count,minimum_method_rejected_event_count,maximum_method_rejected_event_count,mean_stream_quarantined_event_count,minimum_stream_quarantined_event_count,maximum_stream_quarantined_event_count,mean_method_remaining_unprocessed_available_count,minimum_method_remaining_unprocessed_available_count,maximum_method_remaining_unprocessed_available_count
informative,all_station_gap,causal_prefix_batch,True,0.0,100,0,100,0.0,0.0,0.03699349820698568,0,0.0,0.0,0.03699349820698568,"{""insufficient_measurements"": 100}",nan,nan,nan,nan,0,100,nan,nan,nan,0.0,0.0,0.03699349820698568,0,linear,whole_base_sequence,nan,nan,6,0,0,nan,nan,nan,2,True,4.540599911706522e-05,0.0,nan,nan,nan,nan,nan,True,True,True,45.0,45,45,29.0,29,29,16.0,16,16,0.0,0,0,0.0,0,0,0.0,0,0,0.0,0,0,0.0,0,0,0.0,0,0,0.0,0,0
informative,all_station_gap,causal_prefix_batch,True,0.5,100,0,100,0.0,0.0,0.03699349820698568,0,0.0,0.0,0.03699349820698568,"{""insufficient_measurements"": 100}",nan,nan,nan,nan,0,100,nan,nan,nan,0.0,0.0,0.03699349820698568,0,linear,whole_base_sequence,nan,nan,6,0,0,nan,nan,nan,2,True,3.442199958954006e-05,0.0,nan,nan,nan,nan,nan,True,True,True,45.0,45,45,29.0,29,29,16.0,16,16,0.0,0,0,0.0,0,0,0.0,0,0,0.0,0,0,0.0,0,0,0.0,0,0,0.0,0,0
informative,all_station_gap,causal_prefix_batch,True,1.0,100,11,89,0.11,0.06254196357064568,0.18631296503080313,11,0.11,0.06254196357064568,0.18631296503080313,"{""insufficient_measurements"": 89}",5.01018644396092,6.973360070392557,10.357899776019337,14.936422463112278,11,100,1.0,0.7411670330319684,1.0,0.11,0.06254196357064568,0.18631296503080313,11,linear,whole_base_sequence,5.2943709493015145,10.699772305639978,6,0,0,nan,nan,nan,2,True,0.002520626000186894,0.0,0.0,0.06645535488864034,3019.3587910002457,4510.252227945805,0.9967749566603704,True,True,True,45.0,45,45,29.0,29,29,16.0,16,16,1.73,0,3,1.73,0,3,0.0,0,0,0.0,0,0,0.0,0,0,0.0,0,0,0.0,0,0
informative,all_station_gap,causal_prefix_batch,True,1.5,100,100,0,1.0,0.9630065017930143,1.0,100,1.0,0.9630065017930143,1.0,{},13.303255718567607,27.419159816265687,13.947731617756364,28.87590205445891,100,100,0.95,0.8882495307680808,0.9784563208456319,0.95,0.8882495307680808,0.9784563208456319,95,linear,whole_base_sequence,5.934861291024157,12.541280053852425,6,0,0,nan,nan,nan,2,True,0.029650406001892407,0.0,0.0,0.04071550337288358,6849.39347805133,17550.48158077679,1.4913231439540178,True,True,True,45.0,45,45,29.0,29,29,16.0,16,16,3.26,3,4,3.26,3,4,0.0,0,0,0.0,0,0,0.0,0,0,0.0,0,0,0.0,0,0
informative,all_station_gap,causal_prefix_batch,True,10.0,100,100,0,1.0,0.9630065017930143,1.0,100,1.0,0.9630065017930143,1.0,{},0.6509661498325422,1.1246179318678386,0.09404570850366117,0.16451935197124712,100,100,0.97,0.9154806357094724,0.9897454759759611,0.97,0.9154806357094724,0.9897454759759611,97,linear,whole_base_sequence,5.776777269882868,11.28088440874777,6,0,0,nan,nan,nan,2,True,0.17419324900052743,0.0,0.0,0.00032139848341994207,1006.0028815203772,1430.1375370970566,9.997820068562422,True,True,True,45.0,45,45,29.0,29,29,16.0,16,16,19.66,19,20,19.66,19,20,0.0,0,0,0.0,0,0,0.0,0,0,0.0,0,0,0.0,0,0
informative,all_station_gap,causal_prefix_batch,True,10.5,100,100,0,1.0,0.9630065017930143,1.0,100,1.0,0.9630065017930143,1.0,{},0.6691405924944809,1.074214165335848,0.0898484606094738,0.14367193223826133,100,100,0.97,0.9154806357094724,0.9897454759759611,0.97,0.9154806357094724,0.9897454759759611,97,linear,whole_base_sequence,5.948004242370248,11.67982613005546,6,0,0,nan,nan,nan,2,True,0.18293634200002998,0.0,0.0,0.00028473399176136136,1140.551893272984,1523.115797123657,10.498689429034023,True,True,True,45.0,45,45,29.0,29,29,16.0,16,16,21.03,20,22,21.03,20,22,0.0,0,0,0.0,0,0,0.0,0,0,0.0,0,0,0.0,0,0
informative,all_station_gap,causal_prefix_batch,True,11.0,100,100,0,1.0,0.9630065017930143,1.0,100,1.0,0.9630065017930143,1.0,{},0.6544070167333502,1.2255063430625512,0.08569060453147578,0.14099503282264636,100,100,0.93,0.8625048526092651,0.9656807389327273,0.93,0.8625048526092651,0.9656807389327273,93,linear,whole_base_sequence,6.089176185050283,13.03918162847725,6,0,0,nan,nan,nan,2,True,0.19915191000007326,0.0,0.0,0.00025311342807651544,1152.4517699041533,1484.3257574526594,10.914528266618438,True,True,True,45.0,45,45,29.0,29,29,16.0,16,16,23.0,23,23,23.0,23,23,0.0,0,0,0.0,0,0,0.0,0,0,0.0,0,0,0.0,0,0
informative,all_station_gap,causal_prefix_batch,True,11.5,100,100,0,1.0,0.9630065017930143,1.0,100,1.0,0.9630065017930143,1.0,{},0.6574435144779793,1.186268074554909,0.08102761601675965,0.13576907177214062,100,100,0.94,0.8752318455410406,0.9722138760368118,0.94,0.8752318455410406,0.9722138760368118,94,linear,whole_base_sequence,6.173031553090758,13.027492480683748,6,0,0,nan,nan,nan,2,True,0.21691708899947115,0.0,0.0,0.0002261825539559116,1267.2714196257746,1619.5047098193502,11.491029988443925,True,True,True,45.0,45,45,29.0,29,29,16.0,16,16,25.23,24,26,25.23,24,26,0.0,0,0,0.0,0,0,0.0,0,0,0.0,0,0,0.0,0,0
informative,all_station_gap,causal_prefix_batch,True,12.0,100,100,0,1.0,0.9630065017930143,1.0,100,1.0,0.9630065017930143,1.0,{},0.6841494711167012,1.1838737231734808,0.07965703960230633,0.1357104382881312,100,100,0.96,0.9016292856411208,0.9843366960084523,0.96,0.9016292856411208,0.9843366960084523,96,linear,whole_base_sequence,6.224978177763652,12.003549404572638,6,0,0,nan,nan,nan,2,True,0.22375382499856641,0.0,0.0,0.0002030565306341058,1378.7087193195916,1713.2331140341535,11.99510352738712,True,True,True,45.0,45,45,29.0,29,29,16.0,16,16,26.5,26,28,26.5,26,28,0.0,0,0,0.0,0,0,0.0,0,0,0.0,0,0,0.0,0,0
informative,all_station_gap,causal_prefix_batch,True,12.5,100,100,0,1.0,0.9630065017930143,1.0,100,1.0,0.9630065017930143,1.0,{},0.6731934329872957,1.1943608344340009,0.07553785234275055,0.13447269916600815,100,100,0.9,0.8256343384950865,0.9447708629393249,0.9,0.8256343384950865,0.9447708629393249,90,linear,whole_base_sequence,6.4717580039659754,13.710067540077516,6,0,0,nan,nan,nan,2,True,0.2518627510013175,0.0,0.0,0.00018318676327987206,1427.4652673319656,1825.9676226531496,12.495613482491581,True,True,True,45.0,45,45,29.0,29,29,16.0,16,16,28.95,28,29,28.95,28,29,0.0,0,0,0.0,0,0,0.0,0,0,0.0,0,0,0.0,0,0
informative,all_station_gap,causal_prefix_batch,True,14.5,100,100,0,1.0,0.9630065017930143,1.0,100,1.0,0.9630065017930143,1.0,{},0.8082232293369701,1.421061851525715,0.07559187327658111,0.13447269916350646,100,100,0.9,0.8256343384950865,0.9447708629393249,0.9,0.8256343384950865,0.9447708629393249,90,linear,whole_base_sequence,6.459798062041909,13.710067541412922,6,0,0,nan,nan,nan,2,True,0.2479037750005955,0.0,0.0,0.00012551904480311937,2981.007792146417,3778.659292621592,12.518057268766759,True,True,True,45.0,45,45,29.0,29,29,16.0,16,16,29.0,29,29,29.0,29,29,0.0,0,0,0.0,0,0,0.0,0,0,0.0,0,0,0.0,0,0
informative,all_station_gap,causal_prefix_batch,True,2.0,100,100,0,1.0,0.9630065017930143,1.0,100,1.0,0.9630065017930143,1.0,{},1.701475029059108,2.923661850142661,1.3776767981425386,2.485935000091907,100,100,0.96,0.9016292856411208,0.9843366960084523,0.96,0.9016292856411208,0.9843366960084523,96,linear,whole_base_sequence,5.988701962706906,12.348891150578286,6,0,0,nan,nan,nan,2,True,0.056662918998335955,0.0,0.0,0.017985419409253366,87.9990000057943,211.6019549000408,1.9921621128694267,True,True,True,45.0,45,45,29.0,29,29,16.0,16,16,5.65,5,6,5.65,5,6,0.0,0,0,0.0,0,0,0.0,0,0,0.0,0,0,0.0,0,0
informative,all_station_gap,causal_prefix_batch,True,2.5,100,100,0,1.0,0.9630065017930143,1.0,100,1.0,0.9630065017930143,1.0,{},1.4200579491648566,2.3520627764671374,0.8889881619670486,1.5536926965439608,100,100,0.98,0.929988209271456,0.9944980324498376,0.98,0.929988209271456,0.9944980324498376,98,linear,whole_base_sequence,5.42903076394834,10.509884395513962,6,0,0,nan,nan,nan,2,True,0.07049173299979884,0.0,0.0,0.010571011901861015,138.445085976126,255.56364381928339,2.499678560387105,True,True,True,45.0,45,45,29.0,29,29,16.0,16,16,7.08,6,8,7.08,6,8,0.0,0,0,0.0,0,0,0.0,0,0,0.0,0,0,0.0,0,0
informative,all_station_gap,causal_prefix_batch,True,3.0,100,100,0,1.0,0.9630065017930143,1.0,100,1.0,0.9630065017930143,1.0,{},1.077607863863991,1.784079484884649,0.5779330514254397,0.9096626961857324,100,100,0.99,0.9455138038212946,0.9982325679358593,0.99,0.9455138038212946,0.9982325679358593,99,linear,whole_base_sequence,5.362114840333016,9.880998803014913,6,0,0,nan,nan,nan,2,True,0.085576133998984,0.0,0.0,0.006433187429260497,122.96234211812497,144.11077648312005,2.903590347337971,True,True,True,45.0,45,45,29.0,29,29,16.0,16,16,9.0,9,9,9.0,9,9,0.0,0,0,0.0,0,0,0.0,0,0,0.0,0,0,0.0,0,0
informative,all_station_gap,causal_prefix_batch,True,3.5,100,100,0,1.0,0.9630065017930143,1.0,100,1.0,0.9630065017930143,1.0,{},1.3501028330163356,2.1940472396352155,0.5779330518358182,0.9096626961785945,100,100,0.99,0.9455138038212946,0.9982325679358593,0.99,0.9455138038212946,0.9982325679358593,99,linear,whole_base_sequence,5.362114844867914,9.88099880286104,6,0,0,nan,nan,nan,2,True,0.08411134999943898,0.0,0.0,0.0043310989220983215,266.47560402806346,311.90857319247675,2.903590347337971,True,True,True,45.0,45,45,29.0,29,29,16.0,16,16,9.0,9,9,9.0,9,9,0.0,0,0,0.0,0,0,0.0,0,0,0.0,0,0,0.0,0,0
informative,all_station_gap,causal_prefix_batch,True,4.0,100,100,0,1.0,0.9630065017930143,1.0,100,1.0,0.9630065017930143,1.0,{},1.628287417430195,2.6882224416296507,0.577933051577255,0.9096626961521229,100,100,0.99,0.9455138038212946,0.9982325679358593,0.99,0.9455138038212946,0.9982325679358593,99,linear,whole_base_sequence,5.362114840660791,9.880998828911844,6,0,0,nan,nan,nan,2,True,0.08496500500215916,0.0,0.0,0.0030702500747696385,522.1825370873719,610.7649504004323,2.903590347337971,True,True,True,45.0,45,45,29.0,29,29,16.0,16,16,9.0,9,9,9.0,9,9,0.0,0,0,0.0,0,0,0.0,0,0,0.0,0,0,0.0,0,0
informative,all_station_gap,causal_prefix_batch,True,4.5,100,100,0,1.0,0.9630065017930143,1.0,100,1.0,0.9630065017930143,1.0,{},1.9096767980953975,3.181608369599438,0.577933051545545,0.9096626961785983,100,100,0.99,0.9455138038212946,0.9982325679358593,0.99,0.9455138038212946,0.9982325679358593,99,linear,whole_base_sequence,5.362114844242325,9.880998828904016,6,0,0,nan,nan,nan,2,True,0.08367133199993987,0.0,0.0,0.0022719038138487267,941.8562971898467,1100.8810025822854,2.903590347337971,True,True,True,45.0,45,45,29.0,29,29,16.0,16,16,9.0,9,9,9.0,9,9,0.0,0,0,0.0,0,0,0.0,0,0,0.0,0,0,0.0,0,0
informative,all_station_gap,causal_prefix_batch,True,5.0,100,100,0,1.0,0.9630065017930143,1.0,100,1.0,0.9630065017930143,1.0,{},2.193037696014859,3.6277704888988347,0.5779330512408875,0.9096626961521198,100,100,0.99,0.9455138038212946,0.9982325679358593,0.99,0.9455138038212946,0.9982325679358593,99,linear,whole_base_sequence,5.362114840346786,9.880998827554627,6,0,0,nan,nan,nan,2,True,0.08253065900004003,0.0,0.0,0.001741000460522321,1588.275518955419,1854.7840378221517,2.903590347337971,True,True,True,45.0,45,45,29.0,29,29,16.0,16,16,9.0,9,9,9.0,9,9,0.0,0,0,0.0,0,0,0.0,0,0,0.0,0,0,0.0,0,0
informative,all_station_gap,causal_prefix_batch,True,5.5,100,100,0,1.0,0.9630065017930143,1.0,100,1.0,0.9630065017930143,1.0,{},2.4776937890575637,4.038060563867811,0.5779330515046025,0.9096627058339469,100,100,0.99,0.9455138038212946,0.9982325679358593,0.99,0.9455138038212946,0.9982325679358593,99,linear,whole_base_sequence,5.362114838443715,9.880998799880986,6,0,0,nan,nan,nan,2,True,0.08668201299966313,0.0,0.0,0.0013727824675804413,2534.8851261390146,2957.3345233349237,2.903590347337971,True,True,True,45.0,45,45,29.0,29,29,16.0,16,16,9.0,9,9,9.0,9,9,0.0,0,0,0.0,0,0,0.0,0,0,0.0,0,0,0.0,0,0
informative,all_station_gap,causal_prefix_batch,True,6.0,100,100,0,1.0,0.9630065017930143,1.0,100,1.0,0.9630065017930143,1.0,{},2.7632448305121295,4.447980583041754,0.5779330515385548,0.9096626961857486,100,100,0.99,0.9455138038212946,0.9982325679358593,0.99,0.9455138038212946,0.9982325679358593,99,linear,whole_base_sequence,5.362114843195429,9.880998825865287,6,0,0,nan,nan,nan,2,True,0.08572827499912819,0.0,0.0,0.0011081611896463649,3865.2224521996836,4505.728392860325,2.903590347337971,True,True,True,45.0,45,45,29.0,29,29,16.0,16,16,9.0,9,9,9.0,9,9,0.0,0,0,0.0,0,0,0.0,0,0,0.0,0,0,0.0,0,0
informative,all_station_gap,causal_prefix_batch,True,6.5,100,100,0,1.0,0.9630065017930143,1.0,100,1.0,0.9630065017930143,1.0,{},3.0494394200849975,4.863830118456909,0.5779330514897694,0.9096626961857519,100,100,0.99,0.9455138038212946,0.9982325679358593,0.99,0.9455138038212946,0.9982325679358593,99,linear,whole_base_sequence,5.362114842616405,9.880998825797448,6,0,0,nan,nan,nan,2,True,0.08602162400056841,0.0,0.0,0.0009121995491346047,5673.777849644203,6609.497888130648,2.903590347337971,True,True,True,45.0,45,45,29.0,29,29,16.0,16,16,9.0,9,9,9.0,9,9,0.0,0,0,0.0,0,0,0.0,0,0,0.0,0,0,0.0,0,0
informative,all_station_gap,causal_prefix_batch,True,7.0,100,100,0,1.0,0.9630065017930143,1.0,100,1.0,0.9630065017930143,1.0,{},3.336111939093702,5.348587866157327,0.5779330516126099,0.9096626961521121,100,100,0.99,0.9455138038212946,0.9982325679358593,0.99,0.9455138038212946,0.9982325679358593,99,linear,whole_base_sequence,5.362114845397044,9.88099882891576,6,0,0,nan,nan,nan,2,True,0.0864657269991585,0.0,0.0,0.0007633417898943543,8065.707511851712,9390.511896022803,2.903590347337971,True,True,True,45.0,45,45,29.0,29,29,16.0,16,16,9.0,9,9,9.0,9,9,0.0,0,0,0.0,0,0,0.0,0,0,0.0,0,0,0.0,0,0
informative,all_station_gap,causal_prefix_batch,True,7.5,100,100,0,1.0,0.9630065017930143,1.0,100,1.0,0.9630065017930143,1.0,{},2.015981676734301,4.7224414252712235,0.32777680155231825,0.7423096635299853,100,100,0.97,0.9154806357094724,0.9897454759759611,0.97,0.9154806357094724,0.9897454759759611,97,linear,whole_base_sequence,5.72970857850031,10.782201736842783,6,0,0,nan,nan,nan,2,True,0.10010470100009115,0.0,0.0,0.000647971849191147,6012.667733155869,11868.498326907242,7.4995130582785885,True,True,True,45.0,45,45,29.0,29,29,16.0,16,16,10.37,9,11,10.37,9,11,0.0,0,0,0.0,0,0,0.0,0,0,0.0,0,0,0.0,0,0
informative,all_station_gap,causal_prefix_batch,True,8.0,100,100,0,1.0,0.9630065017930143,1.0,100,1.0,0.9630065017930143,1.0,{},1.1126453573554635,2.025038134756851,0.17511823028099585,0.29679557230613024,100,100,0.98,0.929988209271456,0.9944980324498376,0.98,0.929988209271456,0.9944980324498376,98,linear,whole_base_sequence,5.755120314280291,11.096140178627534,6,0,0,nan,nan,nan,2,True,0.10916706599993631,0.0,0.0,0.0005549301901509364,1650.8090347836132,2196.821840886165,7.999775122098295,True,True,True,45.0,45,45,29.0,29,29,16.0,16,16,11.56,11,13,11.56,11,13,0.0,0,0,0.0,0,0,0.0,0,0,0.0,0,0,0.0,0,0
informative,all_station_gap,causal_prefix_batch,True,8.5,100,100,0,1.0,0.9630065017930143,1.0,100,1.0,0.9630065017930143,1.0,{},0.8438945620399629,1.4928641252031292,0.1323923135479164,0.22774152735966788,100,100,0.98,0.929988209271456,0.9944980324498376,0.98,0.929988209271456,0.9944980324498376,98,linear,whole_base_sequence,5.982188881920628,11.094530778992636,6,0,0,nan,nan,nan,2,True,0.12565419300139183,0.0,0.0,0.00047943128518941673,1022.1186386678003,1573.88942972557,8.493488506780311,True,True,True,45.0,45,45,29.0,29,29,16.0,16,16,13.94,13,14,13.94,13,14,0.0,0,0,0.0,0,0,0.0,0,0,0.0,0,0,0.0,0,0
informative,all_station_gap,causal_prefix_batch,True,9.0,100,100,0,1.0,0.9630065017930143,1.0,100,1.0,0.9630065017930143,1.0,{},0.7685866731284448,1.1925872298998625,0.11527458569472539,0.18171422353337555,100,100,0.97,0.9154806357094724,0.9897454759759611,0.97,0.9154806357094724,0.9897454759759611,97,linear,whole_base_sequence,6.128059943247922,11.286686970384842,6,0,0,nan,nan,nan,2,True,0.14146406400046543,0.0,0.0,0.0004167228595513066,1071.3394361156788,1490.669424757751,8.999999142164,True,True,True,45.0,45,45,29.0,29,29,16.0,16,16,15.84,14,17,15.84,14,17,0.0,0,0,0.0,0,0,0.0,0,0,0.0,0,0,0.0,0,0
informative,all_station_gap,causal_prefix_batch,True,9.5,100,100,0,1.0,0.9630065017930143,1.0,100,1.0,0.9630065017930143,1.0,{},0.7241599367301649,1.1915840610246313,0.10469431295418133,0.18114407885380374,100,100,0.97,0.9154806357094724,0.9897454759759611,0.97,0.9154806357094724,0.9897454759759611,97,linear,whole_base_sequence,5.927981983278337,11.631978713860768,6,0,0,nan,nan,nan,2,True,0.15286976300063543,0.0,0.0,0.0003648457862365774,1022.1573852288434,1352.694545811327,9.499376430636863,True,True,True,45.0,45,45,29.0,29,29,16.0,16,16,17.29,17,18,17.29,17,18,0.0,0,0,0.0,0,0,0.0,0,0,0.0,0,0,0.0,0,0
informative,all_station_gap,initial_batch_no_updates,True,0.0,100,0,100,0.0,0.0,0.03699349820698568,0,0.0,0.0,0.03699349820698568,"{""not_initialized"": 100}",nan,nan,nan,nan,0,100,nan,nan,nan,0.0,0.0,0.03699349820698568,0,linear,whole_base_sequence,nan,nan,6,0,0,nan,nan,nan,2,True,2.4650004343129696e-06,0.0,nan,nan,nan,nan,nan,True,True,True,45.0,45,45,29.0,29,29,16.0,16,16,0.0,0,0,0.0,0,0,0.0,0,0,0.0,0,0,0.0,0,0,0.0,0,0,0.0,0,0
informative,all_station_gap,initial_batch_no_updates,True,0.5,100,0,100,0.0,0.0,0.03699349820698568,0,0.0,0.0,0.03699349820698568,"{""not_initialized"": 100}",nan,nan,nan,nan,0,100,nan,nan,nan,0.0,0.0,0.03699349820698568,0,linear,whole_base_sequence,nan,nan,6,0,0,nan,nan,nan,2,True,1.9999980577267707e-06,0.0,nan,nan,nan,nan,nan,True,True,True,45.0,45,45,29.0,29,29,16.0,16,16,0.0,0,0,0.0,0,0,0.0,0,0,0.0,0,0,0.0,0,0,0.0,0,0,0.0,0,0
informative,all_station_gap,initial_batch_no_updates,True,1.0,100,0,100,0.0,0.0,0.03699349820698568,0,0.0,0.0,0.03699349820698568,"{""not_initialized"": 100}",nan,nan,nan,nan,0,100,nan,nan,nan,0.0,0.0,0.03699349820698568,0,linear,whole_base_sequence,nan,nan,6,0,0,nan,nan,nan,2,True,2.1549995290115476e-06,0.0,nan,nan,nan,nan,0.9967749566603704,True,True,True,45.0,45,45,29.0,29,29,16.0,16,16,1.73,0,3,0.0,0,0,0.0,0,0,0.0,0,0,0.0,0,0,0.0,0,0,1.73,0,3
informative,all_station_gap,initial_batch_no_updates,True,1.5,100,0,100,0.0,0.0,0.03699349820698568,0,0.0,0.0,0.03699349820698568,"{""not_initialized"": 100}",nan,nan,nan,nan,0,100,nan,nan,nan,0.0,0.0,0.03699349820698568,0,linear,whole_base_sequence,nan,nan,6,0,0,nan,nan,nan,2,True,3.3659982727840545e-06,0.0,nan,nan,nan,nan,1.4913231439540178,True,True,True,45.0,45,45,29.0,29,29,16.0,16,16,3.26,3,4,0.0,0,0,0.0,0,0,0.0,0,0,0.0,0,0,0.0,0,0,3.26,3,4
informative,all_station_gap,initial_batch_no_updates,True,10.0,100,100,0,1.0,0.9630065017930143,1.0,100,1.0,0.9630065017930143,1.0,{},10.861278889690754,18.21553494088657,1.1903986206979118,2.0307151180509293,100,100,0.97,0.9154806357094724,0.9897454759759611,0.97,0.9154806357094724,0.9897454759759611,97,linear,whole_base_sequence,5.821314214932674,11.287952846422987,6,0,0,nan,nan,nan,2,True,0.00013552100019296632,0.0,0.0,0.00046031999011404527,118069.25716806686,137835.50914665163,9.997820068562422,True,True,True,45.0,45,45,29.0,29,29,16.0,16,16,19.66,19,20,6.0,6,6,6.0,6,6,0.0,0,0,0.0,0,0,0.0,0,0,13.66,13,14
informative,all_station_gap,initial_batch_no_updates,True,10.5,100,100,0,1.0,0.9630065017930143,1.0,100,1.0,0.9630065017930143,1.0,{},11.455915890364112,19.230624132787312,1.1903986206979118,2.0307151180509293,100,100,0.97,0.9154806357094724,0.9897454759759611,0.97,0.9154806357094724,0.9897454759759611,97,linear,whole_base_sequence,5.8213142149326575,11.287952846422945,6,0,0,nan,nan,nan,2,True,0.00014316299901111053,0.0,0.0,0.0004137863438894294,145957.01775715547,170346.39713991954,10.498689429034023,True,True,True,45.0,45,45,29.0,29,29,16.0,16,16,21.03,20,22,6.0,6,6,6.0,6,6,0.0,0,0,0.0,0,0,0.0,0,0,15.03,14,16
informative,all_station_gap,initial_batch_no_updates,True,11.0,100,100,0,1.0,0.9630065017930143,1.0,100,1.0,0.9630065017930143,1.0,{},12.050608411720617,20.24574025283856,1.1903986206979118,2.0307151180509293,100,100,0.97,0.9154806357094724,0.9897454759759611,0.97,0.9154806357094724,0.9897454759759611,97,linear,whole_base_sequence,5.8213142149326345,11.287952846422973,6,0,0,nan,nan,nan,2,True,0.00013894599775085225,0.0,0.0,0.00037394355219500853,178538.72914188507,208322.0841304347,10.914528266618438,True,True,True,45.0,45,45,29.0,29,29,16.0,16,16,23.0,23,23,6.0,6,6,6.0,6,6,0.0,0,0,0.0,0,0,0.0,0,0,17.0,17,17
informative,all_station_gap,initial_batch_no_updates,True,11.5,100,100,0,1.0,0.9630065017930143,1.0,100,1.0,0.9630065017930143,1.0,{},12.645348620589555,21.260879441936076,1.1903986206979118,2.0307151180509293,100,100,0.97,0.9154806357094724,0.9897454759759611,0.97,0.9154806357094724,0.9897454759759611,97,linear,whole_base_sequence,5.8213142149326655,11.287952846422975,6,0,0,nan,nan,nan,2,True,0.00013958999974420294,0.0,0.0,0.00033957185903176184,216307.79986360986,252345.72315672823,11.491029988443925,True,True,True,45.0,45,45,29.0,29,29,16.0,16,16,25.23,24,26,6.0,6,6,6.0,6,6,0.0,0,0,0.0,0,0,0.0,0,0,19.23,18,20
informative,all_station_gap,initial_batch_no_updates,True,12.0,100,100,0,1.0,0.9630065017930143,1.0,100,1.0,0.9630065017930143,1.0,{},13.240130090672839,22.27603854471602,1.1903986206979118,2.0307151180509293,100,100,0.97,0.9154806357094724,0.9897454759759611,0.97,0.9154806357094724,0.9897454759759611,97,linear,whole_base_sequence,5.821314214932657,11.287952846422955,6,0,0,nan,nan,nan,2,True,0.00013984500052174553,0.0,0.0,0.0003097164837799895,259776.0848580286,303030.15733115707,11.99510352738712,True,True,True,45.0,45,45,29.0,29,29,16.0,16,16,26.5,26,28,6.0,6,6,6.0,6,6,0.0,0,0,0.0,0,0,0.0,0,0,20.5,20,22
informative,all_station_gap,initial_batch_no_updates,True,12.5,100,100,0,1.0,0.9630065017930143,1.0,100,1.0,0.9630065017930143,1.0,{},13.834947500359887,23.291214956141864,1.1903986206979118,2.0307151180509293,100,100,0.97,0.9154806357094724,0.9897454759759611,0.97,0.9154806357094724,0.9897454759759611,97,linear,whole_base_sequence,5.8213142149326,11.287952846422996,6,0,0,nan,nan,nan,2,True,0.0001428239993401803,0.0,0.0,0.000283621622673563,309510.9117527153,361017.91981102404,12.495613482491581,True,True,True,45.0,45,45,29.0,29,29,16.0,16,16,28.95,28,29,6.0,6,6,6.0,6,6,0.0,0,0,0.0,0,0,0.0,0,0,22.95,22,23
informative,all_station_gap,initial_batch_no_updates,True,14.5,100,100,0,1.0,0.9630065017930143,1.0,100,1.0,0.9630065017930143,1.0,{},16.21449742661201,27.35205512827701,1.1903986206979118,2.0307151180509293,100,100,0.97,0.9154806357094724,0.9897454759759611,0.97,0.9154806357094724,0.9897454759759611,97,linear,whole_base_sequence,5.821314214932617,11.287952846422984,6,0,0,nan,nan,nan,2,True,0.0001407789989025332,0.0,0.0,0.00020635626581501511,583039.2383720782,679892.0687653986,12.518057268766759,True,True,True,45.0,45,45,29.0,29,29,16.0,16,16,29.0,29,29,6.0,6,6,6.0,6,6,0.0,0,0,0.0,0,0,0.0,0,0,23.0,23,23
informative,all_station_gap,initial_batch_no_updates,True,2.0,100,65,35,0.65,0.5525444329688796,0.7363575175690247,65,0.65,0.5525444329688796,0.7363575175690247,"{""not_initialized"": 35}",1.430381711186537,2.3808963863730868,1.2006704051416484,1.9543081185551046,65,100,0.9538461538461539,0.8728615273666118,0.9841801595864874,0.62,0.5220975529551107,0.7090240074752127,62,linear,whole_base_sequence,6.271923756877902,12.145299110377044,6,0,0,nan,nan,nan,2,True,8.868099917890504e-05,0.0,0.0,0.01798541940925372,83.95509041138862,94.62111772447165,1.9921621128694267,True,True,True,45.0,45,45,29.0,29,29,16.0,16,16,5.65,5,6,3.9,0,6,3.9,0,6,0.0,0,0,0.0,0,0,0.0,0,0,1.75,0,5
informative,all_station_gap,initial_batch_no_updates,True,2.5,100,100,0,1.0,0.9630065017930143,1.0,100,1.0,0.9630065017930143,1.0,{},1.9826409602817483,3.4600429895286235,1.1903986206979118,2.0307151180509293,100,100,0.97,0.9154806357094724,0.9897454759759611,0.97,0.9154806357094724,0.9897454759759611,97,linear,whole_base_sequence,5.821314214932645,11.287952846422964,6,0,0,nan,nan,nan,2,True,0.00013397099915891887,0.0,0.0,0.01116008565230574,215.86329445300322,255.56364380724546,2.499678560387105,True,True,True,45.0,45,45,29.0,29,29,16.0,16,16,7.08,6,8,6.0,6,6,6.0,6,6,0.0,0,0,0.0,0,0,0.0,0,0,1.08,0,2
informative,all_station_gap,initial_batch_no_updates,True,3.0,100,100,0,1.0,0.9630065017930143,1.0,100,1.0,0.9630065017930143,1.0,{},2.563908807591588,4.311893107769867,1.1903986206979118,2.0307151180509293,100,100,0.97,0.9154806357094724,0.9897454759759611,0.97,0.9154806357094724,0.9897454759759611,97,linear,whole_base_sequence,5.821314214932644,11.287952846422954,6,0,0,nan,nan,nan,2,True,0.00013814999896567316,0.0,0.0,0.007327903104507694,494.0843085652556,583.6108290820773,2.903590347337971,True,True,True,45.0,45,45,29.0,29,29,16.0,16,16,9.0,9,9,6.0,6,6,6.0,6,6,0.0,0,0,0.0,0,0,0.0,0,0,3.0,3,3
informative,all_station_gap,initial_batch_no_updates,True,3.5,100,100,0,1.0,0.9630065017930143,1.0,100,1.0,0.9630065017930143,1.0,{},3.1503834699896847,5.22195703915654,1.1903986206979118,2.0307151180509293,100,100,0.97,0.9154806357094724,0.9897454759759611,0.97,0.9154806357094724,0.9897454759759611,97,linear,whole_base_sequence,5.821314214932645,11.287952846422964,6,0,0,nan,nan,nan,2,True,0.0001376600010553375,0.0,0.0,0.005093032779967689,1011.0223592193036,1191.9543184155025,2.903590347337971,True,True,True,45.0,45,45,29.0,29,29,16.0,16,16,9.0,9,9,6.0,6,6,6.0,6,6,0.0,0,0,0.0,0,0,0.0,0,0,3.0,3,3
informative,all_station_gap,initial_batch_no_updates,True,4.0,100,100,0,1.0,0.9630065017930143,1.0,100,1.0,0.9630065017930143,1.0,{},3.7396160338198525,6.169290945913918,1.1903986206979118,2.0307151180509293,100,100,0.97,0.9154806357094724,0.9897454759759611,0.97,0.9154806357094724,0.9897454759759611,97,linear,whole_base_sequence,5.821314214932639,11.287952846422954,6,0,0,nan,nan,nan,2,True,0.00013637900061439724,0.0,0.0,0.003713021168760322,1884.4891613671775,2218.405709510712,2.903590347337971,True,True,True,45.0,45,45,29.0,29,29,16.0,16,16,9.0,9,9,6.0,6,6,6.0,6,6,0.0,0,0,0.0,0,0,0.0,0,0,3.0,3,3
informative,all_station_gap,initial_batch_no_updates,True,4.5,100,100,0,1.0,0.9630065017930143,1.0,100,1.0,0.9630065017930143,1.0,{},4.330480872940158,7.163288377442107,1.1903986206979118,2.0307151180509293,100,100,0.97,0.9154806357094724,0.9897454759759611,0.97,0.9154806357094724,0.9897454759759611,97,linear,whole_base_sequence,5.821314214932637,11.287952846422952,6,0,0,nan,nan,nan,2,True,0.00013361599994823336,0.0,0.0,0.0028134575218613104,3257.7596472190007,3830.4604276321156,2.903590347337971,True,True,True,45.0,45,45,29.0,29,29,16.0,16,16,9.0,9,9,6.0,6,6,6.0,6,6,0.0,0,0,0.0,0,0,0.0,0,0,3.0,3,3
informative,all_station_gap,initial_batch_no_updates,True,5.0,100,100,0,1.0,0.9630065017930143,1.0,100,1.0,0.9630065017930143,1.0,{},4.922390226249673,8.155724995839567,1.1903986206979118,2.0307151180509293,100,100,0.97,0.9154806357094724,0.9897454759759611,0.97,0.9154806357094724,0.9897454759759611,97,linear,whole_base_sequence,5.82131421493265,11.287952846422968,6,0,0,nan,nan,nan,2,True,0.00013316199911059812,0.0,0.0,0.0021992278515471976,5301.132573971196,6225.301905593962,2.903590347337971,True,True,True,45.0,45,45,29.0,29,29,16.0,16,16,9.0,9,9,6.0,6,6,6.0,6,6,0.0,0,0,0.0,0,0,0.0,0,0,3.0,3,3
informative,all_station_gap,initial_batch_no_updates,True,5.5,100,100,0,1.0,0.9630065017930143,1.0,100,1.0,0.9630065017930143,1.0,{},5.515007790215335,9.147194370604927,1.1903986206979118,2.0307151180509293,100,100,0.97,0.9154806357094724,0.9897454759759611,0.97,0.9154806357094724,0.9897454759759611,97,linear,whole_base_sequence,5.8213142149326425,11.28795284642295,6,0,0,nan,nan,nan,2,True,0.0001404669976909645,0.0,0.0,0.0017632141094770773,8209.260216127308,9629.80290244486,2.903590347337971,True,True,True,45.0,45,45,29.0,29,29,16.0,16,16,9.0,9,9,6.0,6,6,6.0,6,6,0.0,0,0,0.0,0,0,0.0,0,0,3.0,3,3
informative,all_station_gap,initial_batch_no_updates,True,6.0,100,100,0,1.0,0.9630065017930143,1.0,100,1.0,0.9630065017930143,1.0,{},6.108127434072826,10.138920827258872,1.1903986206979118,2.0307151180509293,100,100,0.97,0.9154806357094724,0.9897454759759611,0.97,0.9154806357094724,0.9897454759759611,97,linear,whole_base_sequence,5.8213142149326265,11.287952846422959,6,0,0,nan,nan,nan,2,True,0.0001380560005782172,0.0,0.0,0.0014434915280990058,12202.116999261936,14300.525953515576,2.903590347337971,True,True,True,45.0,45,45,29.0,29,29,16.0,16,16,9.0,9,9,6.0,6,6,6.0,6,6,0.0,0,0,0.0,0,0,0.0,0,0,3.0,3,3
informative,all_station_gap,initial_batch_no_updates,True,6.5,100,100,0,1.0,0.9630065017930143,1.0,100,1.0,0.9630065017930143,1.0,{},6.701615850948941,11.130835599874944,1.1903986206979118,2.0307151180509293,100,100,0.97,0.9154806357094724,0.9897454759759611,0.97,0.9154806357094724,0.9897454759759611,97,linear,whole_base_sequence,5.821314214932655,11.287952846422952,6,0,0,nan,nan,nan,2,True,0.00013553299941122533,0.0,0.0,0.0012025515923924182,17525.580263076845,20523.72353814715,2.903590347337971,True,True,True,45.0,45,45,29.0,29,29,16.0,16,16,9.0,9,9,6.0,6,6,6.0,6,6,0.0,0,0,0.0,0,0,0.0,0,0,3.0,3,3
informative,all_station_gap,initial_batch_no_updates,True,7.0,100,100,0,1.0,0.9630065017930143,1.0,100,1.0,0.9630065017930143,1.0,{},7.295383040977824,12.12594434224563,1.1903986206979118,2.0307151180509293,100,100,0.97,0.9154806357094724,0.9897454759759611,0.97,0.9154806357094724,0.9897454759759611,97,linear,whole_base_sequence,5.821314214932642,11.287952846422954,6,0,0,nan,nan,nan,2,True,0.00014042899943888187,0.0,0.0,0.0010167250384977911,24451.09283152221,28615.33814711198,2.903590347337971,True,True,True,45.0,45,45,29.0,29,29,16.0,16,16,9.0,9,9,6.0,6,6,6.0,6,6,0.0,0,0,0.0,0,0,0.0,0,0,3.0,3,3
informative,all_station_gap,initial_batch_no_updates,True,7.5,100,100,0,1.0,0.9630065017930143,1.0,100,1.0,0.9630065017930143,1.0,{},7.889366061577023,13.140711504115693,1.1903986206979118,2.0307151180509293,100,100,0.97,0.9154806357094724,0.9897454759759611,0.97,0.9154806357094724,0.9897454759759611,97,linear,whole_base_sequence,5.821314214932637,11.28795284642297,6,0,0,nan,nan,nan,2,True,0.0001423680002335459,0.0,0.0,0.0008705331989888017,33275.66303881814,38921.0023123443,7.4995130582785885,True,True,True,45.0,45,45,29.0,29,29,16.0,16,16,10.37,9,11,6.0,6,6,6.0,6,6,0.0,0,0,0.0,0,0,0.0,0,0,4.37,3,5
informative,all_station_gap,initial_batch_no_updates,True,8.0,100,100,0,1.0,0.9630065017930143,1.0,100,1.0,0.9630065017930143,1.0,{},8.483519578018289,14.15556340623118,1.1903986206979118,2.0307151180509293,100,100,0.97,0.9154806357094724,0.9897454759759611,0.97,0.9154806357094724,0.9897454759759611,97,linear,whole_base_sequence,5.821314214932612,11.28795284642296,6,0,0,nan,nan,nan,2,True,0.00013870499969925731,0.0,0.0,0.0007535341442189833,44321.8647409986,51816.03861891508,7.999775122098295,True,True,True,45.0,45,45,29.0,29,29,16.0,16,16,11.56,11,13,6.0,6,6,6.0,6,6,0.0,0,0,0.0,0,0,0.0,0,0,5.56,5,7
informative,all_station_gap,initial_batch_no_updates,True,8.5,100,100,0,1.0,0.9630065017930143,1.0,100,1.0,0.9630065017930143,1.0,{},9.077810112893724,15.170483028249318,1.1903986206979118,2.0307151180509293,100,100,0.97,0.9154806357094724,0.9897454759759611,0.97,0.9154806357094724,0.9897454759759611,97,linear,whole_base_sequence,5.821314214932637,11.287952846422993,6,0,0,nan,nan,nan,2,True,0.00014280700008384884,0.0,0.0,0.0006584896582533272,57937.837322624095,67705.45971324288,8.493488506780311,True,True,True,45.0,45,45,29.0,29,29,16.0,16,16,13.94,13,14,6.0,6,6,6.0,6,6,0.0,0,0,0.0,0,0,0.0,0,0,7.94,7,8
informative,all_station_gap,initial_batch_no_updates,True,9.0,100,100,0,1.0,0.9630065017930143,1.0,100,1.0,0.9630065017930143,1.0,{},9.672212409731877,16.18545762140918,1.1903986206979118,2.0307151180509293,100,100,0.97,0.9154806357094724,0.9897454759759611,0.97,0.9154806357094724,0.9897454759759611,97,linear,whole_base_sequence,5.821314214932639,11.28795284642297,6,0,0,nan,nan,nan,2,True,0.0001360600022599101,0.0,0.0,0.0005802609987730692,74497.2856998146,87023.96830441226,8.999999142164,True,True,True,45.0,45,45,29.0,29,29,16.0,16,16,15.84,14,17,6.0,6,6,6.0,6,6,0.0,0,0,0.0,0,0,0.0,0,0,9.84,8,11
informative,all_station_gap,initial_batch_no_updates,True,9.5,100,100,0,1.0,0.9630065017930143,1.0,100,1.0,0.9630065017930143,1.0,{},10.266707056805835,17.20047744773835,1.1903986206979118,2.0307151180509293,100,100,0.97,0.9154806357094724,0.9897454759759611,0.97,0.9154806357094724,0.9897454759759611,97,linear,whole_base_sequence,5.821314214932661,11.28795284642298,6,0,0,nan,nan,nan,2,True,0.00013949900050647557,0.0,0.0,0.000515122089547407,94399.48032104503,110235.95716849684,9.499376430636863,True,True,True,45.0,45,45,29.0,29,29,16.0,16,16,17.29,17,18,6.0,6,6,6.0,6,6,0.0,0,0,0.0,0,0,0.0,0,0,11.29,11,12
informative,all_station_gap,offline_full_record_noncausal,False,14.5,100,100,0,1.0,0.9630065017930143,1.0,100,1.0,0.9630065017930143,1.0,{},0.8082232293369701,1.421061851525715,0.07559187327658111,0.13447269916350646,100,100,0.9,0.8256343384950865,0.9447708629393249,0.9,0.8256343384950865,0.9447708629393249,90,linear,whole_base_sequence,6.459798062041909,13.710067541412922,6,0,0,nan,nan,nan,2,True,0.2430915450004977,0.0,0.0,0.00012551904480311937,2981.007792146417,3778.659292621592,12.518057268766759,True,True,True,45.0,45,45,29.0,29,29,16.0,16,16,29.0,29,29,29.0,29,29,0.0,0,0,0.0,0,0,0.0,0,0,0.0,0,0,0.0,0,0
informative,all_station_gap,retarded_ekf,True,0.0,100,0,100,0.0,0.0,0.03699349820698568,0,0.0,0.0,0.03699349820698568,"{""not_initialized"": 100}",nan,nan,nan,nan,0,100,nan,nan,nan,0.0,0.0,0.03699349820698568,0,linear,whole_base_sequence,nan,nan,6,0,0,nan,nan,nan,2,True,2.428200124995783e-05,0.0,nan,nan,nan,nan,nan,True,True,True,45.0,45,45,29.0,29,29,16.0,16,16,0.0,0,0,0.0,0,0,0.0,0,0,0.0,0,0,0.0,0,0,0.0,0,0,0.0,0,0
informative,all_station_gap,retarded_ekf,True,0.5,100,0,100,0.0,0.0,0.03699349820698568,0,0.0,0.0,0.03699349820698568,"{""not_initialized"": 100}",nan,nan,nan,nan,0,100,nan,nan,nan,0.0,0.0,0.03699349820698568,0,linear,whole_base_sequence,nan,nan,6,0,0,nan,nan,nan,2,True,1.3497000327333809e-05,0.0,nan,nan,nan,nan,nan,True,True,True,45.0,45,45,29.0,29,29,16.0,16,16,0.0,0,0,0.0,0,0,0.0,0,0,0.0,0,0,0.0,0,0,0.0,0,0,0.0,0,0
informative,all_station_gap,retarded_ekf,True,1.0,100,0,100,0.0,0.0,0.03699349820698568,0,0.0,0.0,0.03699349820698568,"{""not_initialized"": 100}",nan,nan,nan,nan,0,100,nan,nan,nan,0.0,0.0,0.03699349820698568,0,linear,whole_base_sequence,nan,nan,6,0,0,nan,nan,nan,2,True,0.00016750900103943423,0.0,nan,nan,nan,nan,0.9967749566603704,True,True,True,45.0,45,45,29.0,29,29,16.0,16,16,1.73,0,3,0.0,0,0,0.0,0,0,0.0,0,0,0.0,0,0,0.0,0,0,1.73,0,3
informative,all_station_gap,retarded_ekf,True,1.5,100,0,100,0.0,0.0,0.03699349820698568,0,0.0,0.0,0.03699349820698568,"{""not_initialized"": 100}",nan,nan,nan,nan,0,100,nan,nan,nan,0.0,0.0,0.03699349820698568,0,linear,whole_base_sequence,nan,nan,6,0,0,nan,nan,nan,2,True,0.0002237110005808063,0.0,nan,nan,nan,nan,1.4913231439540178,True,True,True,45.0,45,45,29.0,29,29,16.0,16,16,3.26,3,4,0.0,0,0,0.0,0,0,0.0,0,0,0.0,0,0,0.0,0,0,3.26,3,4
informative,all_station_gap,retarded_ekf,True,10.0,100,100,0,1.0,0.9630065017930143,1.0,100,1.0,0.9630065017930143,1.0,{},0.6486832517577605,1.1214783689351533,0.09383031509627313,0.16216492149046902,100,100,0.98,0.929988209271456,0.9944980324498376,0.98,0.929988209271456,0.9944980324498376,98,linear,whole_base_sequence,5.761096487013777,11.300178148889849,6,237,0,1.8735410331693927,5.560135482228165,0.9620253164556962,2,True,0.004229629999026656,0.0018943390002823435,0.0,0.0003203690843603378,1003.7533978704539,1413.5699334131934,9.997820068562422,True,True,True,45.0,45,45,29.0,29,29,16.0,16,16,19.66,19,20,19.66,19,20,6.0,6,6,13.66,13,14,0.0,0,0,0.0,0,0,0.0,0,0
informative,all_station_gap,retarded_ekf,True,10.5,100,100,0,1.0,0.9630065017930143,1.0,100,1.0,0.9630065017930143,1.0,{},0.669239447120915,1.0559998920335592,0.0898237714602188,0.1361130322710348,100,100,0.97,0.9154806357094724,0.9897454759759611,0.97,0.9154806357094724,0.9897454759759611,97,linear,whole_base_sequence,5.948074932579973,12.00850422286373,6,137,0,1.8798417782623784,5.118729948944971,0.9708029197080292,2,True,0.0026553650017012843,0.0011037319988827221,0.0,0.0002838021320708204,1139.9473513666148,1466.3339790768114,10.498689429034023,True,True,True,45.0,45,45,29.0,29,29,16.0,16,16,21.03,20,22,21.03,20,22,6.0,6,6,15.03,14,16,0.0,0,0,0.0,0,0,0.0,0,0
informative,all_station_gap,retarded_ekf,True,11.0,100,100,0,1.0,0.9630065017930143,1.0,100,1.0,0.9630065017930143,1.0,{},0.6527726263478241,1.2284747744573474,0.0855351198764009,0.1416276729702631,100,100,0.94,0.8752318455410406,0.9722138760368118,0.94,0.8752318455410406,0.9722138760368118,94,linear,whole_base_sequence,6.079401640871891,12.747072629868864,6,197,0,1.8074288384056971,6.212209140853508,0.9289340101522843,2,True,0.003958553997217677,0.0016297609996399841,0.0,0.0002526023222247602,1158.890696232243,1449.3199977265233,10.914528266618438,True,True,True,45.0,45,45,29.0,29,29,16.0,16,16,23.0,23,23,23.0,23,23,6.0,6,6,17.0,17,17,0.0,0,0,0.0,0,0,0.0,0,0
informative,all_station_gap,retarded_ekf,True,11.5,100,100,0,1.0,0.9630065017930143,1.0,100,1.0,0.9630065017930143,1.0,{},0.6561413400891998,1.1955951636503719,0.08087997228520546,0.13585598242547012,100,100,0.94,0.8752318455410406,0.9722138760368118,0.94,0.8752318455410406,0.9722138760368118,94,linear,whole_base_sequence,6.1539327750809525,13.18257052507165,6,223,0,1.9274271364048998,5.590660538172095,0.9641255605381166,2,True,0.00458168800076237,0.0018104619995574468,0.0,0.00022592964581034242,1257.033773421056,1612.9947764647186,11.491029988443925,True,True,True,45.0,45,45,29.0,29,29,16.0,16,16,25.23,24,26,25.23,24,26,6.0,6,6,19.23,18,20,0.0,0,0,0.0,0,0,0.0,0,0
informative,all_station_gap,retarded_ekf,True,12.0,100,100,0,1.0,0.9630065017930143,1.0,100,1.0,0.9630065017930143,1.0,{},0.6823744243825424,1.170230252973957,0.07949717371630977,0.13610706067231507,100,100,0.96,0.9016292856411208,0.9843366960084523,0.96,0.9016292856411208,0.9843366960084523,96,linear,whole_base_sequence,6.208456439200738,12.007035980103224,6,127,0,2.1459363926361243,6.981016227772645,0.9291338582677166,2,True,0.002810577998752706,0.001052086999407038,0.0,0.00020290805862065265,1385.8489546634532,1696.9329954387097,11.99510352738712,True,True,True,45.0,45,45,29.0,29,29,16.0,16,16,26.5,26,28,26.5,26,28,6.0,6,6,20.5,20,22,0.0,0,0,0.0,0,0,0.0,0,0
informative,all_station_gap,retarded_ekf,True,12.5,100,100,0,1.0,0.9630065017930143,1.0,100,1.0,0.9630065017930143,1.0,{},0.670089348881405,1.1921474475300589,0.07532865759893093,0.1340472358179348,100,100,0.9,0.8256343384950865,0.9447708629393249,0.9,0.8256343384950865,0.9447708629393249,90,linear,whole_base_sequence,6.4527716640776225,13.603345773541916,6,245,0,1.968189676438128,6.099515920033431,0.9469387755102041,2,True,0.005307245998701546,0.001988221001229249,0.0,0.0001829247529521645,1440.6167652661184,1802.3441259309461,12.495613482491581,True,True,True,45.0,45,45,29.0,29,29,16.0,16,16,28.95,28,29,28.95,28,29,6.0,6,6,22.95,22,23,0.0,0,0,0.0,0,0,0.0,0,0
informative,all_station_gap,retarded_ekf,True,14.5,100,100,0,1.0,0.9630065017930143,1.0,100,1.0,0.9630065017930143,1.0,{},0.8049177915204729,1.4207016529247158,0.07540282705358348,0.1340472358179348,100,100,0.9,0.8256343384950865,0.9447708629393249,0.9,0.8256343384950865,0.9447708629393249,90,linear,whole_base_sequence,6.442189402797958,13.603345773541493,6,5,0,1.6977085680667081,4.021578401333686,1.0,2,True,0.0002921819980838336,4.3929000094067304e-05,0.0,0.00012538425010768936,2999.5231731237345,3730.4922485833795,12.518057268766759,True,True,True,45.0,45,45,29.0,29,29,16.0,16,16,29.0,29,29,29.0,29,29,6.0,6,6,23.0,23,23,0.0,0,0,0.0,0,0,0.0,0,0
informative,all_station_gap,retarded_ekf,True,2.0,100,65,35,0.65,0.5525444329688796,0.7363575175690247,65,0.65,0.5525444329688796,0.7363575175690247,"{""not_initialized"": 35}",1.430381711186537,2.3808963863730868,1.2006704051416484,1.9543081185551046,65,100,0.9538461538461539,0.8728615273666118,0.9841801595864874,0.62,0.5220975529551107,0.7090240074752127,62,linear,whole_base_sequence,6.271923756877902,12.145299110377044,6,0,0,nan,nan,nan,2,True,0.03948981100023957,0.0,0.0,0.01798541940925372,83.95509041138862,94.62111772447165,1.9921621128694267,True,True,True,45.0,45,45,29.0,29,29,16.0,16,16,5.65,5,6,3.9,0,6,3.9,0,6,0.0,0,0,0.0,0,0,0.0,0,0,1.75,0,5
informative,all_station_gap,retarded_ekf,True,2.5,100,100,0,1.0,0.9630065017930143,1.0,100,1.0,0.9630065017930143,1.0,{},1.419978442021097,2.352753812630994,0.8894315972864973,1.5191051826688249,100,100,0.98,0.929988209271456,0.9944980324498376,0.98,0.929988209271456,0.9944980324498376,98,linear,whole_base_sequence,5.435581048737005,10.466231360056652,6,108,0,2.3143927149812864,6.086787232931047,0.9444444444444444,2,True,0.023680980000062846,0.00084745500003919,0.0,0.010603676761376317,137.85885031141055,255.56364380724546,2.499678560387105,True,True,True,45.0,45,45,29.0,29,29,16.0,16,16,7.08,6,8,7.08,6,8,6.0,6,6,1.08,0,2,0.0,0,0,0.0,0,0,0.0,0,0
informative,all_station_gap,retarded_ekf,True,3.0,100,100,0,1.0,0.9630065017930143,1.0,100,1.0,0.9630065017930143,1.0,{},1.077147469875501,1.775274312754323,0.578000301591469,0.9097209094404449,100,100,0.99,0.9455138038212946,0.9982325679358593,0.99,0.9455138038212946,0.9982325679358593,99,linear,whole_base_sequence,5.355649452246695,9.974218361038966,6,192,0,1.9203227146773525,5.760146801117279,0.953125,2,True,0.0026864820005721413,0.0015603090001968668,0.0,0.006429557646267699,123.17968229130719,145.08142405862372,2.903590347337971,True,True,True,45.0,45,45,29.0,29,29,16.0,16,16,9.0,9,9,9.0,9,9,6.0,6,6,3.0,3,3,0.0,0,0,0.0,0,0,0.0,0,0
informative,all_station_gap,retarded_ekf,True,3.5,100,100,0,1.0,0.9630065017930143,1.0,100,1.0,0.9630065017930143,1.0,{},1.3496650136499748,2.197123463044014,0.578000301591469,0.9097209094404449,100,100,0.99,0.9455138038212946,0.9982325679358593,0.99,0.9455138038212946,0.9982325679358593,99,linear,whole_base_sequence,5.35564945224669,9.97421836103891,6,0,0,nan,nan,nan,2,True,0.0001562219994957559,0.0,0.0,0.004327626317256299,266.9273768032528,314.03809600703323,2.903590347337971,True,True,True,45.0,45,45,29.0,29,29,16.0,16,16,9.0,9,9,9.0,9,9,6.0,6,6,3.0,3,3,0.0,0,0,0.0,0,0,0.0,0,0
informative,all_station_gap,retarded_ekf,True,4.0,100,100,0,1.0,0.9630065017930143,1.0,100,1.0,0.9630065017930143,1.0,{},1.627878005442145,2.691973341326165,0.578000301591469,0.9097209094404449,100,100,0.99,0.9455138038212946,0.9982325679358593,0.99,0.9455138038212946,0.9982325679358593,99,linear,whole_base_sequence,5.355649452246702,9.974218361039124,6,0,0,nan,nan,nan,2,True,0.00015527500014286488,0.0,0.0,0.0030671315063544357,523.6386029616399,614.9719663751536,2.903590347337971,True,True,True,45.0,45,45,29.0,29,29,16.0,16,16,9.0,9,9,9.0,9,9,6.0,6,6,3.0,3,3,0.0,0,0,0.0,0,0,0.0,0,0
informative,all_station_gap,retarded_ekf,True,4.5,100,100,0,1.0,0.9630065017930143,1.0,100,1.0,0.9630065017930143,1.0,{},1.9092983335387166,3.1857118873206685,0.578000301591469,0.9097209094404449,100,100,0.99,0.9455138038212946,0.9982325679358593,0.99,0.9455138038212946,0.9982325679358593,99,linear,whole_base_sequence,5.355649452246691,9.974218361039128,6,0,0,nan,nan,nan,2,True,0.00015538500039838254,0.0,0.0,0.0022691820186924823,945.5648016749633,1108.505708716578,2.903590347337971,True,True,True,45.0,45,45,29.0,29,29,16.0,16,16,9.0,9,9,9.0,9,9,6.0,6,6,3.0,3,3,0.0,0,0,0.0,0,0,0.0,0,0
informative,all_station_gap,retarded_ekf,True,5.0,100,100,0,1.0,0.9630065017930143,1.0,100,1.0,0.9630065017930143,1.0,{},2.1926914116275142,3.6186906610368825,0.578000301591469,0.9097209094404449,100,100,0.99,0.9455138038212946,0.9982325679358593,0.99,0.9455138038212946,0.9982325679358593,99,linear,whole_base_sequence,5.355649452246695,9.97421836103912,6,0,0,nan,nan,nan,2,True,0.0001521170005435124,0.0,0.0,0.0017386486743291806,1595.352434474964,1867.673212112479,2.903590347337971,True,True,True,45.0,45,45,29.0,29,29,16.0,16,16,9.0,9,9,9.0,9,9,6.0,6,6,3.0,3,3,0.0,0,0,0.0,0,0,0.0,0,0
informative,all_station_gap,retarded_ekf,True,5.5,100,100,0,1.0,0.9630065017930143,1.0,100,1.0,0.9630065017930143,1.0,{},2.4773803303320854,4.027286590803069,0.578000301591469,0.9097209094404449,100,100,0.99,0.9455138038212946,0.9982325679358593,0.99,0.9455138038212946,0.9982325679358593,99,linear,whole_base_sequence,5.3556494522466895,9.974218361039028,6,0,0,nan,nan,nan,2,True,0.00015236300096148624,0.0,0.0,0.0013707523897626514,2546.224834565416,2977.9265292208247,2.903590347337971,True,True,True,45.0,45,45,29.0,29,29,16.0,16,16,9.0,9,9,9.0,9,9,6.0,6,6,3.0,3,3,0.0,0,0,0.0,0,0,0.0,0,0
informative,all_station_gap,retarded_ekf,True,6.0,100,100,0,1.0,0.9630065017930143,1.0,100,1.0,0.9630065017930143,1.0,{},2.7629645582105247,4.435885264416029,0.578000301591469,0.9097209094404449,100,100,0.99,0.9455138038212946,0.9982325679358593,0.99,0.9455138038212946,0.9982325679358593,99,linear,whole_base_sequence,5.3556494522466895,9.974218361039005,6,0,0,nan,nan,nan,2,True,0.0001574029994662851,0.0,0.0,0.0011064029881457825,3880.134944277881,4537.138189937068,2.903590347337971,True,True,True,45.0,45,45,29.0,29,29,16.0,16,16,9.0,9,9,9.0,9,9,6.0,6,6,3.0,3,3,0.0,0,0,0.0,0,0,0.0,0,0
informative,all_station_gap,retarded_ekf,True,6.5,100,100,0,1.0,0.9630065017930143,1.0,100,1.0,0.9630065017930143,1.0,{},3.0491925444383736,4.8767590912007766,0.578000301591469,0.9097209094404449,100,100,0.99,0.9455138038212946,0.9982325679358593,0.99,0.9455138038212946,0.9982325679358593,99,linear,whole_base_sequence,5.355649452246699,9.974218361038938,6,0,0,nan,nan,nan,2,True,0.0001583079982083291,0.0,0.0,0.0009106687816263516,5692.008059002751,6655.602047388754,2.903590347337971,True,True,True,45.0,45,45,29.0,29,29,16.0,16,16,9.0,9,9,9.0,9,9,6.0,6,6,3.0,3,3,0.0,0,0,0.0,0,0,0.0,0,0
informative,all_station_gap,retarded_ekf,True,7.0,100,100,0,1.0,0.9630065017930143,1.0,100,1.0,0.9630065017930143,1.0,{},3.3358985851655563,5.362631101872139,0.578000301591469,0.9097209094404449,100,100,0.99,0.9455138038212946,0.9982325679358593,0.99,0.9455138038212946,0.9982325679358593,99,linear,whole_base_sequence,5.35564945224669,9.97421836103892,6,0,0,nan,nan,nan,2,True,0.00015496700099902228,0.0,0.0,0.0007620009949386521,8087.178322307908,9456.03361720848,2.903590347337971,True,True,True,45.0,45,45,29.0,29,29,16.0,16,16,9.0,9,9,9.0,9,9,6.0,6,6,3.0,3,3,0.0,0,0,0.0,0,0,0.0,0,0
informative,all_station_gap,retarded_ekf,True,7.5,100,100,0,1.0,0.9630065017930143,1.0,100,1.0,0.9630065017930143,1.0,{},2.0312683945887122,4.723708437551291,0.33036461146843604,0.7422879510635972,100,100,0.97,0.9154806357094724,0.9897454759759611,0.97,0.9154806357094724,0.9897454759759611,97,linear,whole_base_sequence,5.764844684683531,10.781764173875086,6,137,0,1.7725071231572214,4.8545324073780876,0.9781021897810219,2,True,0.002100570998445619,0.001124523999460507,0.0,0.0006457943926106354,6022.734803546638,11914.904040075988,7.4995130582785885,True,True,True,45.0,45,45,29.0,29,29,16.0,16,16,10.37,9,11,10.37,9,11,6.0,6,6,4.37,3,5,0.0,0,0,0.0,0,0,0.0,0,0
informative,all_station_gap,retarded_ekf,True,8.0,100,100,0,1.0,0.9630065017930143,1.0,100,1.0,0.9630065017930143,1.0,{},1.1093575598608956,1.962765797149455,0.17441880739014143,0.29395665533300747,100,100,0.98,0.929988209271456,0.9944980324498376,0.98,0.929988209271456,0.9944980324498376,98,linear,whole_base_sequence,5.70813535708561,11.275352310757832,6,119,0,1.9955789558748915,6.136623423793348,0.9327731092436975,2,True,0.0018924070012872108,0.0009720440022647381,0.0,0.0005526955908855326,1630.502234495871,2201.198097263366,7.999775122098295,True,True,True,45.0,45,45,29.0,29,29,16.0,16,16,11.56,11,13,11.56,11,13,6.0,6,6,5.56,5,7,0.0,0,0,0.0,0,0,0.0,0,0
informative,all_station_gap,retarded_ekf,True,8.5,100,100,0,1.0,0.9630065017930143,1.0,100,1.0,0.9630065017930143,1.0,{},0.8465171537725932,1.5122517509250972,0.1326075041236953,0.22698953103718383,100,100,0.98,0.929988209271456,0.9944980324498376,0.98,0.929988209271456,0.9944980324498376,98,linear,whole_base_sequence,5.988858592511183,10.746675516375173,6,238,0,1.9177241420390616,6.000512000222165,0.9495798319327731,2,True,0.0036435839987825603,0.001874789001303725,0.0,0.00047737679403259337,1032.941068516654,1720.156344357942,8.493488506780311,True,True,True,45.0,45,45,29.0,29,29,16.0,16,16,13.94,13,14,13.94,13,14,6.0,6,6,7.94,7,8,0.0,0,0,0.0,0,0,0.0,0,0
informative,all_station_gap,retarded_ekf,True,9.0,100,100,0,1.0,0.9630065017930143,1.0,100,1.0,0.9630065017930143,1.0,{},0.7698536811706694,1.1880323334358924,0.11537806213931895,0.18118097196544392,100,100,0.97,0.9154806357094724,0.9897454759759611,0.97,0.9154806357094724,0.9897454759759611,97,linear,whole_base_sequence,6.132449000250287,11.394052311325938,6,190,0,2.0200018785240754,6.3127025090594335,0.9368421052631579,2,True,0.0033274650017847307,0.0015964420000091194,0.0,0.0004151249560123909,1078.6407528715317,1510.1309169919973,8.999999142164,True,True,True,45.0,45,45,29.0,29,29,16.0,16,16,15.84,14,17,15.84,14,17,6.0,6,6,9.84,8,11,0.0,0,0,0.0,0,0,0.0,0,0
informative,all_station_gap,retarded_ekf,True,9.5,100,100,0,1.0,0.9630065017930143,1.0,100,1.0,0.9630065017930143,1.0,{},0.7238261349528856,1.1456670506209843,0.1045987193802559,0.18210307898665826,100,100,0.97,0.9154806357094724,0.9897454759759611,0.97,0.9154806357094724,0.9897454759759611,97,linear,whole_base_sequence,5.94066189870362,11.569688618715753,6,145,0,2.4849930882834688,7.732487236601789,0.9172413793103448,2,True,0.0026053719987976366,0.0011914420017274097,0.0,0.0003635587174644272,1024.3894664863892,1302.8884657734916,9.499376430636863,True,True,True,45.0,45,45,29.0,29,29,16.0,16,16,17.29,17,18,17.29,17,18,6.0,6,6,11.29,11,12,0.0,0,0,0.0,0,0,0.0,0,0
informative,dropout_20,causal_prefix_batch,True,0.0,100,0,100,0.0,0.0,0.03699349820698568,0,0.0,0.0,0.03699349820698568,"{""insufficient_measurements"": 100}",nan,nan,nan,nan,0,100,nan,nan,nan,0.0,0.0,0.03699349820698568,0,linear,whole_base_sequence,nan,nan,6,0,0,nan,nan,nan,2,True,4.6970001130830495e-05,0.0,nan,nan,nan,nan,nan,True,True,True,45.0,45,45,35.89,28,42,9.11,3,17,0.0,0,0,0.0,0,0,0.0,0,0,0.0,0,0,0.0,0,0,0.0,0,0,0.0,0,0
informative,dropout_20,causal_prefix_batch,True,0.5,100,0,100,0.0,0.0,0.03699349820698568,0,0.0,0.0,0.03699349820698568,"{""insufficient_measurements"": 100}",nan,nan,nan,nan,0,100,nan,nan,nan,0.0,0.0,0.03699349820698568,0,linear,whole_base_sequence,nan,nan,6,0,0,nan,nan,nan,2,True,3.526099899318069e-05,0.0,nan,nan,nan,nan,nan,True,True,True,45.0,45,45,35.89,28,42,9.11,3,17,0.0,0,0,0.0,0,0,0.0,0,0,0.0,0,0,0.0,0,0,0.0,0,0,0.0,0,0
informative,dropout_20,causal_prefix_batch,True,1.0,100,4,96,0.04,0.01566330399154762,0.0983707143588792,4,0.04,0.01566330399154762,0.0983707143588792,"{""insufficient_measurements"": 96}",5.138139042437409,6.94564532359613,10.649712687204584,15.109641765019783,4,100,1.0,0.5101091635454027,1.0,0.04,0.01566330399154762,0.0983707143588792,4,linear,whole_base_sequence,4.1036274704788775,6.032641352236209,6,0,0,nan,nan,nan,2,True,0.0010426129988627508,0.0,0.0,0.06645535488864034,3262.7935610134955,4510.252227945805,0.994318013638257,True,True,True,45.0,45,45,35.89,28,42,9.11,3,17,1.32,0,3,1.32,0,3,0.0,0,0,0.0,0,0,0.0,0,0,0.0,0,0,0.0,0,0
informative,dropout_20,causal_prefix_batch,True,1.5,100,58,42,0.58,0.4820648670304296,0.6720161732564526,58,0.58,0.4820648670304296,0.6720161732564526,"{""insufficient_measurements"": 42}",41.1914372017097,56.03678641375407,44.706247980764644,64.26853562166434,58,100,0.9137931034482759,0.8135637093712647,0.962614616873809,0.53,0.4328885697009936,0.6248918204065872,53,linear,whole_base_sequence,6.696012599112054,15.773220722712795,6,0,0,nan,nan,nan,2,True,0.02081923800025834,0.0,0.0,0.025118101108926316,7283.473051057056,20552755.652523518,1.4913231439540178,True,True,True,45.0,45,45,35.89,28,42,9.11,3,17,2.58,0,4,2.58,0,4,0.0,0,0,0.0,0,0,0.0,0,0,0.0,0,0,0.0,0,0
informative,dropout_20,causal_prefix_batch,True,10.0,100,100,0,1.0,0.9630065017930143,1.0,100,1.0,0.9630065017930143,1.0,{},0.6507886108361843,1.2081352229031417,0.10209823396603908,0.19132917934609786,100,100,0.91,0.837737871472837,0.9519274599974348,0.91,0.837737871472837,0.9519274599974348,91,linear,whole_base_sequence,5.773634024468234,12.961847093151494,6,0,0,nan,nan,nan,2,True,0.24965427900024223,0.0,0.0,0.00021419066229308933,1114.5231536064457,1644.9622222116818,9.997820068562422,True,True,True,45.0,45,45,35.89,28,42,9.11,3,17,28.36,22,33,28.36,22,33,0.0,0,0,0.0,0,0,0.0,0,0,0.0,0,0,0.0,0,0
informative,dropout_20,causal_prefix_batch,True,10.5,100,100,0,1.0,0.9630065017930143,1.0,100,1.0,0.9630065017930143,1.0,{},0.6600037788214507,0.9876288567516205,0.09709314436972641,0.16493710333924325,100,100,0.95,0.8882495307680808,0.9784563208456319,0.95,0.8882495307680808,0.9784563208456319,95,linear,whole_base_sequence,5.778342558460036,12.419013313234139,6,0,0,nan,nan,nan,2,True,0.25491372699994824,0.0,0.0,0.00018777820390624008,1319.5838131247378,1929.569544764632,10.498689429034023,True,True,True,45.0,45,45,35.89,28,42,9.11,3,17,29.58,22,36,29.58,22,36,0.0,0,0,0.0,0,0,0.0,0,0,0.0,0,0,0.0,0,0
informative,dropout_20,causal_prefix_batch,True,11.0,100,100,0,1.0,0.9630065017930143,1.0,100,1.0,0.9630065017930143,1.0,{},0.6314445802378421,1.1000807564370085,0.08871559445012732,0.15504940122507674,100,100,0.98,0.929988209271456,0.9944980324498376,0.98,0.929988209271456,0.9944980324498376,98,linear,whole_base_sequence,5.733320046611585,12.105364522379121,6,0,0,nan,nan,nan,2,True,0.2694324730001972,0.0,0.0,0.0001657354107047887,1450.4451225450066,2016.1551174233032,10.914528266618438,True,True,True,45.0,45,45,35.89,28,42,9.11,3,17,31.23,24,37,31.23,24,37,0.0,0,0,0.0,0,0,0.0,0,0,0.0,0,0,0.0,0,0
informative,dropout_20,causal_prefix_batch,True,11.5,100,100,0,1.0,0.9630065017930143,1.0,100,1.0,0.9630065017930143,1.0,{},0.6365397096420237,1.0233571356922582,0.0835781783946389,0.13688031706376785,100,100,0.98,0.929988209271456,0.9944980324498376,0.98,0.929988209271456,0.9944980324498376,98,linear,whole_base_sequence,5.690728512683719,11.114293030468161,6,0,0,nan,nan,nan,2,True,0.2838021190004656,0.0,0.0,0.00014692473864384514,1622.314316355119,2275.856536973705,11.491029988443925,True,True,True,45.0,45,45,35.89,28,42,9.11,3,17,33.0,26,40,33.0,26,40,0.0,0,0,0.0,0,0,0.0,0,0,0.0,0,0,0.0,0,0
informative,dropout_20,causal_prefix_batch,True,12.0,100,100,0,1.0,0.9630065017930143,1.0,100,1.0,0.9630065017930143,1.0,{},0.6643237937442467,1.0872659044411939,0.08149890499228317,0.13765986231429794,100,100,0.98,0.929988209271456,0.9944980324498376,0.98,0.929988209271456,0.9944980324498376,98,linear,whole_base_sequence,5.744998014027755,11.41056812659423,6,0,0,nan,nan,nan,2,True,0.29166084100026635,0.0,0.0,0.00013094072355916366,1920.8494919686195,2703.3421457599825,11.99510352738712,True,True,True,45.0,45,45,35.89,28,42,9.11,3,17,33.97,26,41,33.97,26,41,0.0,0,0,0.0,0,0,0.0,0,0,0.0,0,0,0.0,0,0
informative,dropout_20,causal_prefix_batch,True,12.5,100,100,0,1.0,0.9630065017930143,1.0,100,1.0,0.9630065017930143,1.0,{},0.6785415503396954,1.174334840732769,0.07919644957735329,0.13022685400815137,100,100,0.98,0.929988209271456,0.9944980324498376,0.98,0.929988209271456,0.9944980324498376,98,linear,whole_base_sequence,5.940321472805261,11.820927102580836,6,0,0,nan,nan,nan,2,True,0.30653928500105393,0.0,0.0,0.00011700131574799753,2079.3824640482903,3093.7191190089798,12.495613482491581,True,True,True,45.0,45,45,35.89,28,42,9.11,3,17,35.84,27,42,35.84,27,42,0.0,0,0,0.0,0,0,0.0,0,0,0.0,0,0,0.0,0,0
informative,dropout_20,causal_prefix_batch,True,14.5,100,100,0,1.0,0.9630065017930143,1.0,100,1.0,0.9630065017930143,1.0,{},0.8292965053313741,1.4555762078585768,0.07942282931389459,0.130226854011574,100,100,0.98,0.929988209271456,0.9944980324498376,0.98,0.929988209271456,0.9944980324498376,98,linear,whole_base_sequence,5.949245803438637,11.820927102678388,6,0,0,nan,nan,nan,2,True,0.3051051409984939,0.0,0.0,7.791339816414872e-05,4483.178159544235,6667.427565913553,12.518057268766759,True,True,True,45.0,45,45,35.89,28,42,9.11,3,17,35.89,28,42,35.89,28,42,0.0,0,0,0.0,0,0,0.0,0,0,0.0,0,0,0.0,0,0
informative,dropout_20,causal_prefix_batch,True,2.0,100,93,7,0.93,0.8625048526092651,0.9656807389327273,93,0.93,0.8625048526092651,0.9656807389327273,"{""insufficient_measurements"": 6, ""projected_kkt_not_satisfied"": 1}",30.700455738224615,73.53076290209654,31.718502537867877,83.57775507991948,93,100,0.8924731182795699,0.8132724499022683,0.9405369297680901,0.83,0.7445199523239887,0.8910643388594006,83,linear,whole_base_sequence,13.236212306472494,15.981596380142502,6,0,0,nan,nan,nan,2,True,0.06127944300009403,0.0,0.0,0.00472553584335569,182.32722657486087,11133426.728856469,1.9921621128694267,True,True,True,45.0,45,45,35.89,28,42,9.11,3,17,4.56,2,6,4.56,2,6,0.0,0,0,0.0,0,0,0.0,0,0,0.0,0,0,0.0,0,0
informative,dropout_20,causal_prefix_batch,True,2.5,100,99,1,0.99,0.9455138038212946,0.9982325679358593,99,0.99,0.9455138038212946,0.9982325679358593,"{""insufficient_measurements"": 1}",24.13032148251291,18.125891916453448,17.81970914266279,11.479263649759414,99,100,0.9797979797979798,0.9293096883284993,0.9944422798892423,0.97,0.9154806357094724,0.9897454759759611,97,linear,whole_base_sequence,5.555497970015586,10.758531168288812,6,0,0,nan,nan,nan,2,True,0.058232792000635525,0.0,0.0,0.0030406543915055023,167.47175474471794,28274955.943348166,2.498052907198982,True,True,True,45.0,45,45,35.89,28,42,9.11,3,17,5.73,2,8,5.73,2,8,0.0,0,0,0.0,0,0,0.0,0,0,0.0,0,0,0.0,0,0
informative,dropout_20,causal_prefix_batch,True,3.0,100,100,0,1.0,0.9630065017930143,1.0,100,1.0,0.9630065017930143,1.0,{},3.6921462090093726,2.6302051076583366,1.597466792991563,1.5462261766396959,100,100,0.98,0.929988209271456,0.9944980324498376,0.98,0.929988209271456,0.9944980324498376,98,linear,whole_base_sequence,5.337584550990667,9.679466024595675,6,0,0,nan,nan,nan,2,True,0.0725561689992901,0.0,0.0,0.00647401900955959,158.22509880091286,29878.16944187669,2.892421238481789,True,True,True,45.0,45,45,35.89,28,42,9.11,3,17,7.22,3,9,7.22,3,9,0.0,0,0,0.0,0,0,0.0,0,0,0.0,0,0,0.0,0,0
informative,dropout_20,causal_prefix_batch,True,3.5,100,100,0,1.0,0.9630065017930143,1.0,100,1.0,0.9630065017930143,1.0,{},1.1554619674731672,2.0120124661251624,0.5462221042622227,0.9203377374851169,100,100,0.98,0.929988209271456,0.9944980324498376,0.98,0.929988209271456,0.9944980324498376,98,linear,whole_base_sequence,5.491313205915447,11.051432614432885,6,0,0,nan,nan,nan,2,True,0.08485532400169177,0.0,0.0,0.004171234911417612,154.05944461278585,691.7632571712383,3.4980329770829224,True,True,True,45.0,45,45,35.89,28,42,9.11,3,17,8.99,4,12,8.99,4,12,0.0,0,0,0.0,0,0,0.0,0,0,0.0,0,0,0.0,0,0
informative,dropout_20,causal_prefix_batch,True,4.0,100,100,0,1.0,0.9630065017930143,1.0,100,1.0,0.9630065017930143,1.0,{},1.1318054091253682,2.039488258645401,0.45720732005372106,0.854022256851442,100,100,0.95,0.8882495307680808,0.9784563208456319,0.95,0.8882495307680808,0.9784563208456319,95,linear,whole_base_sequence,5.531684145395714,12.379931224040673,6,0,0,nan,nan,nan,2,True,0.09446359600085998,0.0,0.0,0.0028924640478084794,192.91051935447348,794.3454560952282,3.9962234906126226,True,True,True,45.0,45,45,35.89,28,42,9.11,3,17,9.97,5,13,9.97,5,13,0.0,0,0,0.0,0,0,0.0,0,0,0.0,0,0,0.0,0,0
informative,dropout_20,causal_prefix_batch,True,4.5,100,100,0,1.0,0.9630065017930143,1.0,100,1.0,0.9630065017930143,1.0,{},0.9722384592060775,1.8012597595067408,0.3413179957492186,0.617492649078376,100,100,0.92,0.8500189229905127,0.9589065385156194,0.92,0.8500189229905127,0.9589065385156194,92,linear,whole_base_sequence,5.626010783736828,13.727262213082827,6,0,0,nan,nan,nan,2,True,0.10983930199989117,0.0,0.0,0.002041038176666524,188.03154524323918,1014.2220236165924,4.497433791065652,True,True,True,45.0,45,45,35.89,28,42,9.11,3,17,11.9,6,15,11.9,6,15,0.0,0,0,0.0,0,0,0.0,0,0,0.0,0,0,0.0,0,0
informative,dropout_20,causal_prefix_batch,True,5.0,100,100,0,1.0,0.9630065017930143,1.0,100,1.0,0.9630065017930143,1.0,{},0.8567951945457006,1.3838266643008819,0.26977560854906646,0.42924980700997545,100,100,0.96,0.9016292856411208,0.9843366960084523,0.96,0.9016292856411208,0.9843366960084523,96,linear,whole_base_sequence,5.490385922534605,12.218343303804488,6,0,0,nan,nan,nan,2,True,0.12064637799892808,0.0,0.0,0.0015120727156664984,234.06377332479704,610.5865807582394,4.9983023419214545,True,True,True,45.0,45,45,35.89,28,42,9.11,3,17,13.37,7,17,13.37,7,17,0.0,0,0,0.0,0,0,0.0,0,0,0.0,0,0,0.0,0,0
informative,dropout_20,causal_prefix_batch,True,5.5,100,100,0,1.0,0.9630065017930143,1.0,100,1.0,0.9630065017930143,1.0,{},0.8216968347575985,1.3895415545118988,0.2372682544516727,0.3909728398170003,100,100,0.96,0.9016292856411208,0.9843366960084523,0.96,0.9016292856411208,0.9843366960084523,96,linear,whole_base_sequence,5.609873535936381,11.616955636762645,6,0,0,nan,nan,nan,2,True,0.13014391900098418,0.0,0.0,0.0011358252550150005,285.85332440756537,575.0617011589843,5.496285980305399,True,True,True,45.0,45,45,35.89,28,42,9.11,3,17,14.62,8,18,14.62,8,18,0.0,0,0,0.0,0,0,0.0,0,0,0.0,0,0,0.0,0,0
informative,dropout_20,causal_prefix_batch,True,6.0,100,100,0,1.0,0.9630065017930143,1.0,100,1.0,0.9630065017930143,1.0,{},0.7390282909225981,1.1759662955385053,0.19841879433249096,0.33424996181168576,100,100,0.98,0.929988209271456,0.9944980324498376,0.98,0.929988209271456,0.9944980324498376,98,linear,whole_base_sequence,5.606706317697241,10.031482655751907,6,0,0,nan,nan,nan,2,True,0.1499782149970997,0.0,0.0,0.0008828881181738172,310.4555032837757,756.9954714057216,5.9947520597755535,True,True,True,45.0,45,45,35.89,28,42,9.11,3,17,16.59,10,21,16.59,10,21,0.0,0,0,0.0,0,0,0.0,0,0,0.0,0,0,0.0,0,0
informative,dropout_20,causal_prefix_batch,True,6.5,100,100,0,1.0,0.9630065017930143,1.0,100,1.0,0.9630065017930143,1.0,{},0.7791108864027901,1.2998098851449373,0.1889749851555575,0.3204304891303684,100,100,0.97,0.9154806357094724,0.9897454759759611,0.97,0.9154806357094724,0.9897454759759611,97,linear,whole_base_sequence,5.93436548744171,11.845691593891482,6,0,0,nan,nan,nan,2,True,0.1589572780014714,0.0,0.0,0.0007026719166464245,402.49154659797836,741.9684679223005,6.497660566580254,True,True,True,45.0,45,45,35.89,28,42,9.11,3,17,17.68,11,23,17.68,11,23,0.0,0,0,0.0,0,0,0.0,0,0,0.0,0,0,0.0,0,0
informative,dropout_20,causal_prefix_batch,True,7.0,100,100,0,1.0,0.9630065017930143,1.0,100,1.0,0.9630065017930143,1.0,{},0.7532244333248922,1.2985289425115831,0.16964146112232956,0.2934235480453952,100,100,0.92,0.8500189229905127,0.9589065385156194,0.92,0.8500189229905127,0.9589065385156194,92,linear,whole_base_sequence,5.9386136173817015,13.136165120952418,6,0,0,nan,nan,nan,2,True,0.17094230399874505,0.0,0.0,0.0005705127741095422,459.2009790763391,1031.279417987844,6.915652850238421,True,True,True,45.0,45,45,35.89,28,42,9.11,3,17,19.11,13,24,19.11,13,24,0.0,0,0,0.0,0,0,0.0,0,0,0.0,0,0,0.0,0,0
informative,dropout_20,causal_prefix_batch,True,7.5,100,100,0,1.0,0.9630065017930143,1.0,100,1.0,0.9630065017930143,1.0,{},0.6979001825947407,1.207121850955256,0.14837224393041376,0.26951096466741437,100,100,0.95,0.8882495307680808,0.9784563208456319,0.95,0.8882495307680808,0.9784563208456319,95,linear,whole_base_sequence,5.756879490389007,12.378369238088368,6,0,0,nan,nan,nan,2,True,0.18494697099988117,0.0,0.0,0.00047090591489829604,516.4666522042128,1140.8852239801479,7.4995130582785885,True,True,True,45.0,45,45,35.89,28,42,9.11,3,17,21.13,15,25,21.13,15,25,0.0,0,0,0.0,0,0,0.0,0,0,0.0,0,0,0.0,0,0
informative,dropout_20,causal_prefix_batch,True,8.0,100,100,0,1.0,0.9630065017930143,1.0,100,1.0,0.9630065017930143,1.0,{},0.6958657756989532,1.3290368386246756,0.13748470346476113,0.22732974404663758,100,100,0.96,0.9016292856411208,0.9843366960084523,0.96,0.9016292856411208,0.9843366960084523,96,linear,whole_base_sequence,5.620809491113398,11.89586993920954,6,0,0,nan,nan,nan,2,True,0.18667972900351743,0.0,0.0,0.0003939957486677386,633.9812869409834,1320.3176868607084,7.999775122098295,True,True,True,45.0,45,45,35.89,28,42,9.11,3,17,22.05,16,27,22.05,16,27,0.0,0,0,0.0,0,0,0.0,0,0,0.0,0,0,0.0,0,0
informative,dropout_20,causal_prefix_batch,True,8.5,100,100,0,1.0,0.9630065017930143,1.0,100,1.0,0.9630065017930143,1.0,{},0.6472150090558791,1.1606960921924463,0.12433278607152995,0.19884315352205154,100,100,0.97,0.9154806357094724,0.9897454759759611,0.97,0.9154806357094724,0.9897454759759611,97,linear,whole_base_sequence,5.468365185846732,10.472541430508212,6,0,0,nan,nan,nan,2,True,0.20985877399798483,0.0,0.0,0.0003334944042021904,713.9787561937972,1406.261279811095,8.492090423970865,True,True,True,45.0,45,45,35.89,28,42,9.11,3,17,23.93,18,29,23.93,18,29,0.0,0,0,0.0,0,0,0.0,0,0,0.0,0,0,0.0,0,0
informative,dropout_20,causal_prefix_batch,True,9.0,100,100,0,1.0,0.9630065017930143,1.0,100,1.0,0.9630065017930143,1.0,{},0.656598759936925,1.0708786661168537,0.1170580994417637,0.1875643717585154,100,100,0.97,0.9154806357094724,0.9897454759759611,0.97,0.9154806357094724,0.9897454759759611,97,linear,whole_base_sequence,5.730523662025446,11.725473896890588,6,0,0,nan,nan,nan,2,True,0.22317089900025167,0.0,0.0,0.00028526927971910844,825.1464854029823,1285.6905574567884,8.999999142164,True,True,True,45.0,45,45,35.89,28,42,9.11,3,17,25.42,19,30,25.42,19,30,0.0,0,0,0.0,0,0,0.0,0,0,0.0,0,0,0.0,0,0
informative,dropout_20,causal_prefix_batch,True,9.5,100,100,0,1.0,0.9630065017930143,1.0,100,1.0,0.9630065017930143,1.0,{},0.6561563678396253,1.1067223904164867,0.10955840568114572,0.18715022707978363,100,100,0.98,0.929988209271456,0.9944980324498376,0.98,0.929988209271456,0.9944980324498376,98,linear,whole_base_sequence,5.6708167755288414,11.601068678065248,6,0,0,nan,nan,nan,2,True,0.2324474029999692,0.0,0.0,0.0002462756523972317,1009.4846279585433,1555.810483619653,9.492408158568383,True,True,True,45.0,45,45,35.89,28,42,9.11,3,17,26.52,20,31,26.52,20,31,0.0,0,0,0.0,0,0,0.0,0,0,0.0,0,0,0.0,0,0
informative,dropout_20,initial_batch_no_updates,True,0.0,100,0,100,0.0,0.0,0.03699349820698568,0,0.0,0.0,0.03699349820698568,"{""not_initialized"": 100}",nan,nan,nan,nan,0,100,nan,nan,nan,0.0,0.0,0.03699349820698568,0,linear,whole_base_sequence,nan,nan,6,0,0,nan,nan,nan,2,True,2.416000352241099e-06,0.0,nan,nan,nan,nan,nan,True,True,True,45.0,45,45,35.89,28,42,9.11,3,17,0.0,0,0,0.0,0,0,0.0,0,0,0.0,0,0,0.0,0,0,0.0,0,0,0.0,0,0
informative,dropout_20,initial_batch_no_updates,True,0.5,100,0,100,0.0,0.0,0.03699349820698568,0,0.0,0.0,0.03699349820698568,"{""not_initialized"": 100}",nan,nan,nan,nan,0,100,nan,nan,nan,0.0,0.0,0.03699349820698568,0,linear,whole_base_sequence,nan,nan,6,0,0,nan,nan,nan,2,True,2.037999511230737e-06,0.0,nan,nan,nan,nan,nan,True,True,True,45.0,45,45,35.89,28,42,9.11,3,17,0.0,0,0,0.0,0,0,0.0,0,0,0.0,0,0,0.0,0,0,0.0,0,0,0.0,0,0
informative,dropout_20,initial_batch_no_updates,True,1.0,100,0,100,0.0,0.0,0.03699349820698568,0,0.0,0.0,0.03699349820698568,"{""not_initialized"": 100}",nan,nan,nan,nan,0,100,nan,nan,nan,0.0,0.0,0.03699349820698568,0,linear,whole_base_sequence,nan,nan,6,0,0,nan,nan,nan,2,True,2.0520031102932988e-06,0.0,nan,nan,nan,nan,0.994318013638257,True,True,True,45.0,45,45,35.89,28,42,9.11,3,17,1.32,0,3,0.0,0,0,0.0,0,0,0.0,0,0,0.0,0,0,0.0,0,0,1.32,0,3
informative,dropout_20,initial_batch_no_updates,True,1.5,100,0,100,0.0,0.0,0.03699349820698568,0,0.0,0.0,0.03699349820698568,"{""not_initialized"": 100}",nan,nan,nan,nan,0,100,nan,nan,nan,0.0,0.0,0.03699349820698568,0,linear,whole_base_sequence,nan,nan,6,0,0,nan,nan,nan,2,True,2.728999825194478e-06,0.0,nan,nan,nan,nan,1.4913231439540178,True,True,True,45.0,45,45,35.89,28,42,9.11,3,17,2.58,0,4,0.0,0,0,0.0,0,0,0.0,0,0,0.0,0,0,0.0,0,0,2.58,0,4
informative,dropout_20,initial_batch_no_updates,True,10.0,100,100,0,1.0,0.9630065017930143,1.0,100,1.0,0.9630065017930143,1.0,{},10.970967468878788,18.061145050561564,1.211266635646239,1.9855639313308255,100,100,0.97,0.9154806357094724,0.9897454759759611,0.97,0.9154806357094724,0.9897454759759611,97,linear,whole_base_sequence,5.55796617911496,10.196498653050956,6,0,0,nan,nan,nan,2,True,0.0001372770025045611,0.0,0.0,0.00037985934603837165,105797.84880878351,2889054.605027566,9.997820068562422,True,True,True,45.0,45,45,35.89,28,42,9.11,3,17,28.36,22,33,6.0,6,6,6.0,6,6,0.0,0,0,0.0,0,0,0.0,0,0,22.36,16,27
informative,dropout_20,initial_batch_no_updates,True,10.5,100,100,0,1.0,0.9630065017930143,1.0,100,1.0,0.9630065017930143,1.0,{},11.575680037952012,19.058836100816713,1.211266635646239,1.9855639313308255,100,100,0.97,0.9154806357094724,0.9897454759759611,0.97,0.9154806357094724,0.9897454759759611,97,linear,whole_base_sequence,5.5579661791149535,10.19649865305065,6,0,0,nan,nan,nan,2,True,0.0001395049982238561,0.0,0.0,0.0003402767488871625,130808.66640517255,3568655.808810323,10.498689429034023,True,True,True,45.0,45,45,35.89,28,42,9.11,3,17,29.58,22,36,6.0,6,6,6.0,6,6,0.0,0,0,0.0,0,0,0.0,0,0,23.58,16,30
informative,dropout_20,initial_batch_no_updates,True,11.0,100,100,0,1.0,0.9630065017930143,1.0,100,1.0,0.9630065017930143,1.0,{},12.180484099993715,20.05655549834512,1.211266635646239,1.9855639313308255,100,100,0.97,0.9154806357094724,0.9897454759759611,0.97,0.9154806357094724,0.9897454759759611,97,linear,whole_base_sequence,5.557966179114959,10.196498653051057,6,0,0,nan,nan,nan,2,True,0.00014278700109571218,0.0,0.0,0.0003065460863645237,160249.51791859797,4362538.38591801,10.914528266618438,True,True,True,45.0,45,45,35.89,28,42,9.11,3,17,31.23,24,37,6.0,6,6,6.0,6,6,0.0,0,0,0.0,0,0,0.0,0,0,25.23,18,31
informative,dropout_20,initial_batch_no_updates,True,11.5,100,100,0,1.0,0.9630065017930143,1.0,100,1.0,0.9630065017930143,1.0,{},12.78536667095135,21.054299216115496,1.211266635646239,1.9855639313308255,100,100,0.97,0.9154806357094724,0.9897454759759611,0.97,0.9154806357094724,0.9897454759759611,97,linear,whole_base_sequence,5.557966179114934,10.196498653050176,6,0,0,nan,nan,nan,2,True,0.00013926099985837935,0.0,0.0,0.0002775728802056009,194762.18429917347,5282923.64763862,11.491029988443925,True,True,True,45.0,45,45,35.89,28,42,9.11,3,17,33.0,26,40,6.0,6,6,6.0,6,6,0.0,0,0,0.0,0,0,0.0,0,0,27.0,20,34
informative,dropout_20,initial_batch_no_updates,True,12.0,100,100,0,1.0,0.9630065017930143,1.0,100,1.0,0.9630065017930143,1.0,{},13.390317111348121,22.047052732570155,1.211266635646239,1.9855639313308255,100,100,0.97,0.9154806357094724,0.9897454759759611,0.97,0.9154806357094724,0.9897454759759611,97,linear,whole_base_sequence,5.557966179115008,10.19649865304951,6,0,0,nan,nan,nan,2,True,0.00013818400067975746,0.0,0.0,0.00025250609574702906,234500.05019574467,6342656.836034969,11.99510352738712,True,True,True,45.0,45,45,35.89,28,42,9.11,3,17,33.97,26,41,6.0,6,6,6.0,6,6,0.0,0,0,0.0,0,0,0.0,0,0,27.97,20,35
informative,dropout_20,initial_batch_no_updates,True,12.5,100,100,0,1.0,0.9630065017930143,1.0,100,1.0,0.9630065017930143,1.0,{},13.995326620181675,23.039642234367538,1.211266635646239,1.9855639313308255,100,100,0.97,0.9154806357094724,0.9897454759759611,0.97,0.9154806357094724,0.9897454759759611,97,linear,whole_base_sequence,5.557966179114957,10.196498653051282,6,0,0,nan,nan,nan,2,True,0.00014131999952951446,0.0,0.0,0.0002306761668203965,280053.1772120866,7555207.164233886,12.495613482491581,True,True,True,45.0,45,45,35.89,28,42,9.11,3,17,35.84,27,42,6.0,6,6,6.0,6,6,0.0,0,0,0.0,0,0,0.0,0,0,29.84,21,36
informative,dropout_20,initial_batch_no_updates,True,14.5,100,100,0,1.0,0.9630065017930143,1.0,100,1.0,0.9630065017930143,1.0,{},16.415824711878752,27.010141747283924,1.211266635646239,1.9855639313308255,100,100,0.97,0.9154806357094724,0.9897454759759611,0.97,0.9154806357094724,0.9897454759759611,97,linear,whole_base_sequence,5.557966179114852,10.19649865305105,6,0,0,nan,nan,nan,2,True,0.00014185299922246487,0.0,0.0,0.00016417917017923464,529142.330188361,14224804.48099698,12.518057268766759,True,True,True,45.0,45,45,35.89,28,42,9.11,3,17,35.89,28,42,6.0,6,6,6.0,6,6,0.0,0,0,0.0,0,0,0.0,0,0,29.89,22,36
informative,dropout_20,initial_batch_no_updates,True,2.0,100,20,80,0.2,0.1333669333310325,0.2888291655931589,20,0.2,0.1333669333310325,0.2888291655931589,"{""not_initialized"": 80}",1.66889173530105,2.569489731516106,1.3855359479134133,2.311001065601651,20,100,0.9,0.6989663547715128,0.9721335187862319,0.18,0.1170022549894635,0.2666735838630073,18,linear,whole_base_sequence,7.194737568226752,13.92856772328262,6,0,0,nan,nan,nan,2,True,2.8784999158233405e-05,0.0,0.0,0.017995658221816577,82.53995964954268,94.59100303025957,1.9921621128694267,True,True,True,45.0,45,45,35.89,28,42,9.11,3,17,4.56,2,6,1.2,0,6,1.2,0,6,0.0,0,0,0.0,0,0,0.0,0,0,3.36,0,5
informative,dropout_20,initial_batch_no_updates,True,2.5,100,62,38,0.62,0.5220975529551107,0.7090240074752127,62,0.62,0.5220975529551107,0.7090240074752127,"{""not_initialized"": 38}",1.879047965672793,3.3011763407911556,1.1757235303267066,1.9784619165046946,62,100,0.967741935483871,0.8897953040501456,0.9911086285001833,0.6,0.5020025867910618,0.6905987135675411,60,linear,whole_base_sequence,6.052160715926521,11.195441747546267,6,0,0,nan,nan,nan,2,True,8.25639977119863e-05,0.0,0.0,0.010994944603696941,206.65176100553992,430.1692575016637,2.498052907198982,True,True,True,45.0,45,45,35.89,28,42,9.11,3,17,5.73,2,8,3.72,0,6,3.72,0,6,0.0,0,0,0.0,0,0,0.0,0,0,2.01,0,5
informative,dropout_20,initial_batch_no_updates,True,3.0,100,87,13,0.87,0.7901964855992357,0.9224283257275948,87,0.87,0.7901964855992357,0.9224283257275948,"{""not_initialized"": 13}",2.238608536314321,4.144845861534498,1.1009011675278133,1.9701267801227018,87,100,0.9655172413793104,0.903459176131256,0.9882041794724941,0.84,0.7557973061072976,0.8990471151119521,84,linear,whole_base_sequence,5.702436279338233,10.942193952351065,6,0,0,nan,nan,nan,2,True,0.0001246629990055226,0.0,0.0,0.007043347958296829,388.69025833084174,1058.0876457739353,2.892421238481789,True,True,True,45.0,45,45,35.89,28,42,9.11,3,17,7.22,3,9,5.22,0,6,5.22,0,6,0.0,0,0,0.0,0,0,0.0,0,0,2.0,0,5
informative,dropout_20,initial_batch_no_updates,True,3.5,100,99,1,0.99,0.9455138038212946,0.9982325679358593,99,0.99,0.9455138038212946,0.9982325679358593,"{""not_initialized"": 1}",3.1577335719005246,5.1501725845956186,1.2169512273834042,1.990998918880558,99,100,0.9696969696969697,0.9146631979389799,0.9896413604215459,0.96,0.9016292856411208,0.9843366960084523,96,linear,whole_base_sequence,5.560395333944344,10.25385982991943,6,0,0,nan,nan,nan,2,True,0.00013371200038818641,0.0,0.0,0.0047769199828405,781.0774239312113,27907.02216829974,3.4980329770829224,True,True,True,45.0,45,45,35.89,28,42,9.11,3,17,8.99,4,12,5.94,0,6,5.94,0,6,0.0,0,0,0.0,0,0,0.0,0,0,3.05,0,6
informative,dropout_20,initial_batch_no_updates,True,4.0,100,99,1,0.99,0.9455138038212946,0.9982325679358593,99,0.99,0.9455138038212946,0.9982325679358593,"{""not_initialized"": 1}",3.756248966717856,6.087218482622848,1.2169512273834042,1.990998918880558,99,100,0.9696969696969697,0.9146631979389799,0.9896413604215459,0.96,0.9016292856411208,0.9843366960084523,96,linear,whole_base_sequence,5.560395333944343,10.253859829919447,6,0,0,nan,nan,nan,2,True,0.00013861300016287714,0.0,0.0,0.0034082203596699353,1484.4237061820215,50296.262466631684,3.9962234906126226,True,True,True,45.0,45,45,35.89,28,42,9.11,3,17,9.97,5,13,5.94,0,6,5.94,0,6,0.0,0,0,0.0,0,0,0.0,0,0,4.03,1,7
informative,dropout_20,initial_batch_no_updates,True,4.5,100,100,0,1.0,0.9630065017930143,1.0,100,1.0,0.9630065017930143,1.0,{},4.336125131231083,7.01286475090136,1.211266635646239,1.9855639313308255,100,100,0.97,0.9154806357094724,0.9897454759759611,0.97,0.9154806357094724,0.9897454759759611,97,linear,whole_base_sequence,5.5579661791148975,10.196498653050108,6,0,0,nan,nan,nan,2,True,0.00013868599839042873,0.0,0.0,0.002535659440791111,2600.600863709168,84860.3360572372,4.497433791065652,True,True,True,45.0,45,45,35.89,28,42,9.11,3,17,11.9,6,15,6.0,6,6,6.0,6,6,0.0,0,0,0.0,0,0,0.0,0,0,5.9,0,9
informative,dropout_20,initial_batch_no_updates,True,5.0,100,100,0,1.0,0.9630065017930143,1.0,100,1.0,0.9630065017930143,1.0,{},4.936274358975013,7.941328948934393,1.211266635646239,1.9855639313308255,100,100,0.97,0.9154806357094724,0.9897454759759611,0.97,0.9154806357094724,0.9897454759759611,97,linear,whole_base_sequence,5.55796617911488,10.196498653050169,6,0,0,nan,nan,nan,2,True,0.00013712900079553946,0.0,0.0,0.0019518315041485502,4331.781756600016,135678.48088036434,4.9983023419214545,True,True,True,45.0,45,45,35.89,28,42,9.11,3,17,13.37,7,17,6.0,6,6,6.0,6,6,0.0,0,0,0.0,0,0,0.0,0,0,7.37,1,11
informative,dropout_20,initial_batch_no_updates,True,5.5,100,100,0,1.0,0.9630065017930143,1.0,100,1.0,0.9630065017930143,1.0,{},5.537617842698202,8.869851497530282,1.211266635646239,1.9855639313308255,100,100,0.97,0.9154806357094724,0.9897454759759611,0.97,0.9154806357094724,0.9897454759759611,97,linear,whole_base_sequence,5.557966179114921,10.196498653050368,6,0,0,nan,nan,nan,2,True,0.0001356480023241602,0.0,0.0,0.001544744103413501,6806.642424212872,207478.83535732765,5.496285980305399,True,True,True,45.0,45,45,35.89,28,42,9.11,3,17,14.62,8,18,6.0,6,6,6.0,6,6,0.0,0,0,0.0,0,0,0.0,0,0,8.62,2,12
informative,dropout_20,initial_batch_no_updates,True,6.0,100,100,0,1.0,0.9630065017930143,1.0,100,1.0,0.9630065017930143,1.0,{},6.139804689709571,9.925985460111578,1.211266635646239,1.9855639313308255,100,100,0.97,0.9154806357094724,0.9897454759759611,0.97,0.9154806357094724,0.9897454759759611,97,linear,whole_base_sequence,5.5579661791149215,10.196498653050092,6,0,0,nan,nan,nan,2,True,0.00013699200062546879,0.0,0.0,0.0012508488281380563,10214.240286527182,305626.34858883364,5.9947520597755535,True,True,True,45.0,45,45,35.89,28,42,9.11,3,17,16.59,10,21,6.0,6,6,6.0,6,6,0.0,0,0,0.0,0,0,0.0,0,0,10.59,4,15
informative,dropout_20,initial_batch_no_updates,True,6.5,100,100,0,1.0,0.9630065017930143,1.0,100,1.0,0.9630065017930143,1.0,{},6.7426089398025075,11.06554485034846,1.211266635646239,1.9855639313308255,100,100,0.97,0.9154806357094724,0.9897454759759611,0.97,0.9154806357094724,0.9897454759759611,97,linear,whole_base_sequence,5.557966179114911,10.19649865305021,6,0,0,nan,nan,nan,2,True,0.00014159399957861752,0.0,0.0,0.0010323539621673015,14827.972217004124,436113.3467848334,6.497660566580254,True,True,True,45.0,45,45,35.89,28,42,9.11,3,17,17.68,11,23,6.0,6,6,6.0,6,6,0.0,0,0,0.0,0,0,0.0,0,0,11.68,5,17
informative,dropout_20,initial_batch_no_updates,True,7.0,100,100,0,1.0,0.9630065017930143,1.0,100,1.0,0.9630065017930143,1.0,{},7.345878601892671,12.075987132800512,1.211266635646239,1.9855639313308255,100,100,0.97,0.9154806357094724,0.9897454759759611,0.97,0.9154806357094724,0.9897454759759611,97,linear,whole_base_sequence,5.557966179114918,10.196498653050368,6,0,0,nan,nan,nan,2,True,0.00013744099967880175,0.0,0.0,0.0008658183541088527,20960.81519226526,605554.9782631918,6.915652850238421,True,True,True,45.0,45,45,35.89,28,42,9.11,3,17,19.11,13,24,6.0,6,6,6.0,6,6,0.0,0,0,0.0,0,0,0.0,0,0,13.11,7,18
informative,dropout_20,initial_batch_no_updates,True,7.5,100,100,0,1.0,0.9630065017930143,1.0,100,1.0,0.9630065017930143,1.0,{},7.9495077195823525,13.073341948772962,1.211266635646239,1.9855639313308255,100,100,0.97,0.9154806357094724,0.9897454759759611,0.97,0.9154806357094724,0.9897454759759611,97,linear,whole_base_sequence,5.5579661791149215,10.19649865305059,6,0,0,nan,nan,nan,2,True,0.00013942100020358339,0.0,0.0,0.0007361522832933865,28882.73024108269,821187.9361117891,7.4995130582785885,True,True,True,45.0,45,45,35.89,28,42,9.11,3,17,21.13,15,25,6.0,6,6,6.0,6,6,0.0,0,0,0.0,0,0,0.0,0,0,15.13,9,19
informative,dropout_20,initial_batch_no_updates,True,8.0,100,100,0,1.0,0.9630065017930143,1.0,100,1.0,0.9630065017930143,1.0,{},8.553420191067964,14.070784811889181,1.211266635646239,1.9855639313308255,100,100,0.97,0.9154806357094724,0.9897454759759611,0.97,0.9154806357094724,0.9897454759759611,97,linear,whole_base_sequence,5.557966179114874,10.19649865304994,6,0,0,nan,nan,nan,2,True,0.00014116299978923053,0.0,0.0,0.0006333207419919992,38890.05910402823,1090870.6075049778,7.999775122098295,True,True,True,45.0,45,45,35.89,28,42,9.11,3,17,22.05,16,27,6.0,6,6,6.0,6,6,0.0,0,0,0.0,0,0,0.0,0,0,16.05,10,21
informative,dropout_20,initial_batch_no_updates,True,8.5,100,100,0,1.0,0.9630065017930143,1.0,100,1.0,0.9630065017930143,1.0,{},9.157559957628104,15.06829824142672,1.211266635646239,1.9855639313308255,100,100,0.97,0.9154806357094724,0.9897454759759611,0.97,0.9154806357094724,0.9897454759759611,97,linear,whole_base_sequence,5.557966179114913,10.196498653049723,6,0,0,nan,nan,nan,2,True,0.0001405159995192662,0.0,0.0,0.0005504569105661012,51324.01331504191,1423083.6142980645,8.492090423970865,True,True,True,45.0,45,45,35.89,28,42,9.11,3,17,23.93,18,29,6.0,6,6,6.0,6,6,0.0,0,0,0.0,0,0,0.0,0,0,17.93,12,23
informative,dropout_20,initial_batch_no_updates,True,9.0,100,100,0,1.0,0.9630065017930143,1.0,100,1.0,0.9630065017930143,1.0,{},9.761884819103999,16.065869098375384,1.211266635646239,1.9855639313308255,100,100,0.97,0.9154806357094724,0.9897454759759611,0.97,0.9154806357094724,0.9897454759759611,97,linear,whole_base_sequence,5.557966179114869,10.196498653050652,6,0,0,nan,nan,nan,2,True,0.00013626799947815015,0.0,0.0,0.00048274230160529584,66519.98956147644,1826930.3396051158,8.999999142164,True,True,True,45.0,45,45,35.89,28,42,9.11,3,17,25.42,19,30,6.0,6,6,6.0,6,6,0.0,0,0,0.0,0,0,0.0,0,0,19.42,13,24
informative,dropout_20,initial_batch_no_updates,True,9.5,100,100,0,1.0,0.9630065017930143,1.0,100,1.0,0.9630065017930143,1.0,{},10.366362404270237,17.063487315855486,1.211266635646239,1.9855639313308255,100,100,0.97,0.9154806357094724,0.9897454759759611,0.97,0.9154806357094724,0.9897454759759611,97,linear,whole_base_sequence,5.557966179114942,10.196498653050458,6,0,0,nan,nan,nan,2,True,0.00013993799977470188,0.0,0.0,0.000426719754255793,84573.8566872261,2312137.334420364,9.492408158568383,True,True,True,45.0,45,45,35.89,28,42,9.11,3,17,26.52,20,31,6.0,6,6,6.0,6,6,0.0,0,0,0.0,0,0,0.0,0,0,20.52,14,25
informative,dropout_20,offline_full_record_noncausal,False,14.5,100,100,0,1.0,0.9630065017930143,1.0,100,1.0,0.9630065017930143,1.0,{},0.8292965053313741,1.4555762078585768,0.07942282931389459,0.130226854011574,100,100,0.98,0.929988209271456,0.9944980324498376,0.98,0.929988209271456,0.9944980324498376,98,linear,whole_base_sequence,5.949245803438637,11.820927102678388,6,0,0,nan,nan,nan,2,True,0.30804615600034596,0.0,0.0,7.791339816414872e-05,4483.178159544235,6667.427565913553,12.518057268766759,True,True,True,45.0,45,45,35.89,28,42,9.11,3,17,35.89,28,42,35.89,28,42,0.0,0,0,0.0,0,0,0.0,0,0,0.0,0,0,0.0,0,0
informative,dropout_20,retarded_ekf,True,0.0,100,0,100,0.0,0.0,0.03699349820698568,0,0.0,0.0,0.03699349820698568,"{""not_initialized"": 100}",nan,nan,nan,nan,0,100,nan,nan,nan,0.0,0.0,0.03699349820698568,0,linear,whole_base_sequence,nan,nan,6,0,0,nan,nan,nan,2,True,2.5320999557152392e-05,0.0,nan,nan,nan,nan,nan,True,True,True,45.0,45,45,35.89,28,42,9.11,3,17,0.0,0,0,0.0,0,0,0.0,0,0,0.0,0,0,0.0,0,0,0.0,0,0,0.0,0,0
informative,dropout_20,retarded_ekf,True,0.5,100,0,100,0.0,0.0,0.03699349820698568,0,0.0,0.0,0.03699349820698568,"{""not_initialized"": 100}",nan,nan,nan,nan,0,100,nan,nan,nan,0.0,0.0,0.03699349820698568,0,linear,whole_base_sequence,nan,nan,6,0,0,nan,nan,nan,2,True,1.3623997219838201e-05,0.0,nan,nan,nan,nan,nan,True,True,True,45.0,45,45,35.89,28,42,9.11,3,17,0.0,0,0,0.0,0,0,0.0,0,0,0.0,0,0,0.0,0,0,0.0,0,0,0.0,0,0
informative,dropout_20,retarded_ekf,True,1.0,100,0,100,0.0,0.0,0.03699349820698568,0,0.0,0.0,0.03699349820698568,"{""not_initialized"": 100}",nan,nan,nan,nan,0,100,nan,nan,nan,0.0,0.0,0.03699349820698568,0,linear,whole_base_sequence,nan,nan,6,0,0,nan,nan,nan,2,True,0.00012879500078270213,0.0,nan,nan,nan,nan,0.994318013638257,True,True,True,45.0,45,45,35.89,28,42,9.11,3,17,1.32,0,3,0.0,0,0,0.0,0,0,0.0,0,0,0.0,0,0,0.0,0,0,1.32,0,3
informative,dropout_20,retarded_ekf,True,1.5,100,0,100,0.0,0.0,0.03699349820698568,0,0.0,0.0,0.03699349820698568,"{""not_initialized"": 100}",nan,nan,nan,nan,0,100,nan,nan,nan,0.0,0.0,0.03699349820698568,0,linear,whole_base_sequence,nan,nan,6,0,0,nan,nan,nan,2,True,0.0001731240001390688,0.0,nan,nan,nan,nan,1.4913231439540178,True,True,True,45.0,45,45,35.89,28,42,9.11,3,17,2.58,0,4,0.0,0,0,0.0,0,0,0.0,0,0,0.0,0,0,0.0,0,0,2.58,0,4
informative,dropout_20,retarded_ekf,True,10.0,100,100,0,1.0,0.9630065017930143,1.0,100,1.0,0.9630065017930143,1.0,{},0.6521708609849078,1.2186091987115297,0.10246883049188626,0.1919266921088986,100,100,0.92,0.8500189229905127,0.9589065385156194,0.92,0.8500189229905127,0.9589065385156194,92,linear,whole_base_sequence,5.838892351909813,13.112682306595516,6,184,0,1.6876981533520559,4.918660584230892,0.9782608695652174,2,True,0.00404576599918073,0.0015095620014471934,0.0,0.00021362353977999902,1108.3188960543432,1660.439197326754,9.997820068562422,True,True,True,45.0,45,45,35.89,28,42,9.11,3,17,28.36,22,33,28.36,22,33,6.0,6,6,22.36,16,27,0.0,0,0,0.0,0,0,0.0,0,0
informative,dropout_20,retarded_ekf,True,10.5,100,100,0,1.0,0.9630065017930143,1.0,100,1.0,0.9630065017930143,1.0,{},0.6607877681430189,0.9872557245885981,0.09728599644379388,0.16500721503703913,100,100,0.95,0.8882495307680808,0.9784563208456319,0.95,0.8882495307680808,0.9784563208456319,95,linear,whole_base_sequence,5.8413650462869455,12.50373098460458,6,122,0,2.082596615727551,6.22874641929345,0.9426229508196722,2,True,0.0028089920021011493,0.000990645999845583,0.0,0.00018697626573956495,1327.4204828205466,1943.1560457573107,10.498689429034023,True,True,True,45.0,45,45,35.89,28,42,9.11,3,17,29.58,22,36,29.58,22,36,6.0,6,6,23.58,16,30,0.0,0,0,0.0,0,0,0.0,0,0
informative,dropout_20,retarded_ekf,True,11.0,100,100,0,1.0,0.9630065017930143,1.0,100,1.0,0.9630065017930143,1.0,{},0.632400646404951,1.106826652536758,0.08895269458971353,0.15476595165985338,100,100,0.97,0.9154806357094724,0.9897454759759611,0.97,0.9154806357094724,0.9897454759759611,97,linear,whole_base_sequence,5.795182625530987,11.591265414707497,6,165,0,1.8322295752313842,5.723414822086164,0.9515151515151515,2,True,0.0038149300013901664,0.0013443680011550896,0.0,0.00016477849491286031,1451.1258653147092,2013.1671500669877,10.914528266618438,True,True,True,45.0,45,45,35.89,28,42,9.11,3,17,31.23,24,37,31.23,24,37,6.0,6,6,25.23,18,31,0.0,0,0,0.0,0,0,0.0,0,0
informative,dropout_20,retarded_ekf,True,11.5,100,100,0,1.0,0.9630065017930143,1.0,100,1.0,0.9630065017930143,1.0,{},0.6366281243413974,1.008437822260362,0.08372357005233,0.13349215450336302,100,100,0.98,0.929988209271456,0.9944980324498376,0.98,0.929988209271456,0.9944980324498376,98,linear,whole_base_sequence,5.749020861437073,11.171847521045265,6,177,0,1.920659612656466,6.14615869093425,0.943502824858757,2,True,0.004229451999708545,0.0014356320007937028,0.0,0.00014562229413776865,1632.3768785104853,2275.922271993122,11.491029988443925,True,True,True,45.0,45,45,35.89,28,42,9.11,3,17,33.0,26,40,33.0,26,40,6.0,6,6,27.0,20,34,0.0,0,0,0.0,0,0,0.0,0,0
informative,dropout_20,retarded_ekf,True,12.0,100,100,0,1.0,0.9630065017930143,1.0,100,1.0,0.9630065017930143,1.0,{},0.6642693087623341,1.0709355031694594,0.08145601805982566,0.13389919259369334,100,100,0.98,0.929988209271456,0.9944980324498376,0.98,0.929988209271456,0.9944980324498376,98,linear,whole_base_sequence,5.803125801001797,11.44878634616433,6,97,0,2.2398836786371663,6.900735579769065,0.8865979381443299,2,True,0.002411514000268653,0.0007767040020553395,0.0,0.00012923252933858426,1918.4746227611854,2702.428717040576,11.99510352738712,True,True,True,45.0,45,45,35.89,28,42,9.11,3,17,33.97,26,41,33.97,26,41,6.0,6,6,27.97,20,35,0.0,0,0,0.0,0,0,0.0,0,0
informative,dropout_20,retarded_ekf,True,12.5,100,100,0,1.0,0.9630065017930143,1.0,100,1.0,0.9630065017930143,1.0,{},0.6775862898241388,1.1754188256088565,0.07896541567414925,0.1299156782338863,100,100,0.96,0.9016292856411208,0.9843366960084523,0.96,0.9016292856411208,0.9843366960084523,96,linear,whole_base_sequence,5.996145258542913,11.80208604592905,6,187,0,1.8628843302616105,5.936388364594355,0.9518716577540107,2,True,0.00458943600038765,0.001501379002002068,0.0,0.00011532329142677043,2080.8864486905704,3099.4404310835125,12.495613482491581,True,True,True,45.0,45,45,35.89,28,42,9.11,3,17,35.84,27,42,35.84,27,42,6.0,6,6,29.84,21,36,0.0,0,0,0.0,0,0,0.0,0,0
informative,dropout_20,retarded_ekf,True,14.5,100,100,0,1.0,0.9630065017930143,1.0,100,1.0,0.9630065017930143,1.0,{},0.8276807854850972,1.453568499251466,0.07920200186069722,0.1299156782338863,100,100,0.96,0.9016292856411208,0.9843366960084523,0.96,0.9016292856411208,0.9843366960084523,96,linear,whole_base_sequence,6.005827892710437,11.802086045929272,6,5,0,1.2919232123809181,2.7315503112805537,1.0,2,True,0.0003057920013088733,4.2899000109173355e-05,0.0,7.676636884070662e-05,4500.020703509025,6689.696562826069,12.518057268766759,True,True,True,45.0,45,45,35.89,28,42,9.11,3,17,35.89,28,42,35.89,28,42,6.0,6,6,29.89,22,36,0.0,0,0,0.0,0,0,0.0,0,0
informative,dropout_20,retarded_ekf,True,2.0,100,20,80,0.2,0.1333669333310325,0.2888291655931589,20,0.2,0.1333669333310325,0.2888291655931589,"{""not_initialized"": 80}",1.66889173530105,2.569489731516106,1.3855359479134133,2.311001065601651,20,100,0.9,0.6989663547715128,0.9721335187862319,0.18,0.1170022549894635,0.2666735838630073,18,linear,whole_base_sequence,7.194737568226752,13.92856772328262,6,0,0,nan,nan,nan,2,True,0.01240586599946255,0.0,0.0,0.017995658221816577,82.53995964954268,94.59100303025957,1.9921621128694267,True,True,True,45.0,45,45,35.89,28,42,9.11,3,17,4.56,2,6,1.2,0,6,1.2,0,6,0.0,0,0,0.0,0,0,0.0,0,0,3.36,0,5
informative,dropout_20,retarded_ekf,True,2.5,100,62,38,0.62,0.5220975529551107,0.7090240074752127,62,0.62,0.5220975529551107,0.7090240074752127,"{""not_initialized"": 38}",1.4961771230639318,2.617418233858815,0.9833702820761405,1.5763305177588829,62,100,1.0,0.9416559278986275,1.0,0.62,0.5220975529551107,0.7090240074752127,62,linear,whole_base_sequence,5.565093846638949,9.370470249050625,6,32,0,2.765067411377884,5.87975793214343,0.96875,2,True,0.025801987999875563,0.0002694779995363206,0.0,0.01084458828058105,142.8358231834108,430.1692575016637,2.498052907198982,True,True,True,45.0,45,45,35.89,28,42,9.11,3,17,5.73,2,8,4.04,0,8,3.72,0,6,0.32,0,2,0.0,0,0,0.0,0,0,1.69,0,5
informative,dropout_20,retarded_ekf,True,3.0,100,87,13,0.87,0.7901964855992357,0.9224283257275948,87,0.87,0.7901964855992357,0.9224283257275948,"{""not_initialized"": 13}",1.2745615944748119,2.0958663988185724,0.7216505927662613,1.2059160986561797,87,100,0.9885057471264368,0.9377280216427621,0.9979680922624077,0.86,0.7786281178903616,0.9147365634006086,86,linear,whole_base_sequence,5.30467036941815,9.621061156250915,6,106,0,1.9087651086944075,5.513125742265561,0.9622641509433962,2,True,0.016417110000911634,0.0008673029995406977,0.0,0.006461218707361685,145.08142405862372,1035.0862525680336,2.892421238481789,True,True,True,45.0,45,45,35.89,28,42,9.11,3,17,7.22,3,9,6.6,0,9,5.22,0,6,1.38,0,3,0.0,0,0,0.0,0,0,0.62,0,5
informative,dropout_20,retarded_ekf,True,3.5,100,99,1,0.99,0.9455138038212946,0.9982325679358593,99,0.99,0.9455138038212946,0.9982325679358593,"{""not_initialized"": 1}",1.1594863356223888,2.013749220509085,0.5472009567692678,0.9205801166226296,99,100,0.9797979797979798,0.9293096883284993,0.9944422798892423,0.97,0.9154806357094724,0.9897454759759611,97,linear,whole_base_sequence,5.564495609441581,10.906499012056317,6,163,0,2.0147961902495557,5.935458762707514,0.950920245398773,2,True,0.009447369000699837,0.0013239030007389373,0.0,0.004167296735468017,152.57529220770647,698.1112509145736,3.4980329770829224,True,True,True,45.0,45,45,35.89,28,42,9.11,3,17,8.99,4,12,8.95,0,12,5.94,0,6,3.01,0,6,0.0,0,0,0.0,0,0,0.04,0,4
informative,dropout_20,retarded_ekf,True,4.0,100,99,1,0.99,0.9455138038212946,0.9982325679358593,99,0.99,0.9455138038212946,0.9982325679358593,"{""not_initialized"": 1}",1.136798379641744,2.0434814060336475,0.4567728491933442,0.8578016053250265,99,100,0.9494949494949495,0.8871729731375114,0.9782367655085832,0.94,0.8752318455410406,0.9722138760368118,94,linear,whole_base_sequence,5.598983069605004,12.437664940448999,6,97,0,1.8922883773921233,5.178546700057512,0.9690721649484536,2,True,0.0015023060014937072,0.0007836370007134974,0.0,0.002890438491684988,193.46324751205617,805.5104021038514,3.9962234906126226,True,True,True,45.0,45,45,35.89,28,42,9.11,3,17,9.97,5,13,9.92,0,13,5.94,0,6,3.98,0,7,0.0,0,0,0.0,0,0,0.05,0,5
informative,dropout_20,retarded_ekf,True,4.5,100,100,0,1.0,0.9630065017930143,1.0,100,1.0,0.9630065017930143,1.0,{},0.9680901381016431,1.8052566258732587,0.33982014566580393,0.6186428906399806,100,100,0.91,0.837737871472837,0.9519274599974348,0.91,0.837737871472837,0.9519274599974348,91,linear,whole_base_sequence,5.649857842747524,13.79462329582114,6,192,0,1.9668692467579632,5.492300091544217,0.953125,2,True,0.003560611002612859,0.0015586420017643832,0.0,0.0020393404562215113,187.56287727429176,1010.2239284450683,4.497433791065652,True,True,True,45.0,45,45,35.89,28,42,9.11,3,17,11.9,6,15,11.9,6,15,6.0,6,6,5.9,0,9,0.0,0,0,0.0,0,0,0.0,0,0
informative,dropout_20,retarded_ekf,True,5.0,100,100,0,1.0,0.9630065017930143,1.0,100,1.0,0.9630065017930143,1.0,{},0.8615192338774156,1.3929553706459936,0.27088044026044583,0.42927089483073183,100,100,0.95,0.8882495307680808,0.9784563208456319,0.95,0.8882495307680808,0.9784563208456319,95,linear,whole_base_sequence,5.561372357227367,12.400231547092222,6,147,0,2.026895456469477,6.284797460747326,0.9455782312925171,2,True,0.0024077730003045873,0.0012013560000923463,0.0,0.0015106691431308545,235.74371531948302,609.4082095570936,4.9983023419214545,True,True,True,45.0,45,45,35.89,28,42,9.11,3,17,13.37,7,17,13.37,7,17,6.0,6,6,7.37,1,11,0.0,0,0,0.0,0,0,0.0,0,0
informative,dropout_20,retarded_ekf,True,5.5,100,100,0,1.0,0.9630065017930143,1.0,100,1.0,0.9630065017930143,1.0,{},0.8274373732304047,1.375413095613258,0.23807983166078106,0.3906086582809338,100,100,0.95,0.8882495307680808,0.9784563208456319,0.95,0.8882495307680808,0.9784563208456319,95,linear,whole_base_sequence,5.686212795324512,12.559586578169279,6,125,0,2.099273513673982,5.958931100516385,0.944,2,True,0.002089527997595724,0.0010053930038702674,0.0,0.0011350989051788557,285.0421561295999,574.3349997176239,5.496285980305399,True,True,True,45.0,45,45,35.89,28,42,9.11,3,17,14.62,8,18,14.62,8,18,6.0,6,6,8.62,2,12,0.0,0,0,0.0,0,0,0.0,0,0
informative,dropout_20,retarded_ekf,True,6.0,100,100,0,1.0,0.9630065017930143,1.0,100,1.0,0.9630065017930143,1.0,{},0.7427322903175441,1.1758929023851017,0.19890246444390858,0.3347883512675111,100,100,0.97,0.9154806357094724,0.9897454759759611,0.97,0.9154806357094724,0.9897454759759611,97,linear,whole_base_sequence,5.674863178780785,10.288134359536905,6,197,0,1.8637502016006509,5.482502274851508,0.9644670050761421,2,True,0.0033994919987162574,0.0016142230009427293,0.0,0.0008828357455173838,311.4428529320727,765.6618896028135,5.9947520597755535,True,True,True,45.0,45,45,35.89,28,42,9.11,3,17,16.59,10,21,16.59,10,21,6.0,6,6,10.59,4,15,0.0,0,0,0.0,0,0,0.0,0,0
informative,dropout_20,retarded_ekf,True,6.5,100,100,0,1.0,0.9630065017930143,1.0,100,1.0,0.9630065017930143,1.0,{},0.7809213467033964,1.3000002785118008,0.18944376269898594,0.3201970197971173,100,100,0.96,0.9016292856411208,0.9843366960084523,0.96,0.9016292856411208,0.9843366960084523,96,linear,whole_base_sequence,5.994635847328208,12.365727689553967,6,109,0,1.9226283044067276,5.576064810169654,0.9724770642201835,2,True,0.0019926189992111177,0.0008818509994307533,0.0,0.000702706003092321,405.7500562405653,742.124686321337,6.497660566580254,True,True,True,45.0,45,45,35.89,28,42,9.11,3,17,17.68,11,23,17.68,11,23,6.0,6,6,11.68,5,17,0.0,0,0,0.0,0,0,0.0,0,0
informative,dropout_20,retarded_ekf,True,7.0,100,100,0,1.0,0.9630065017930143,1.0,100,1.0,0.9630065017930143,1.0,{},0.7548631858081516,1.3025612163164282,0.17006773044482343,0.29218527594434157,100,100,0.91,0.837737871472837,0.9519274599974348,0.91,0.837737871472837,0.9519274599974348,91,linear,whole_base_sequence,6.002149819216352,13.334340790634048,6,143,0,2.0599498677243333,5.7302559884111615,0.951048951048951,2,True,0.002683036000235006,0.0011635490003391168,0.0,0.0005706508697536062,461.56557027601275,1044.5083976838307,6.915652850238421,True,True,True,45.0,45,45,35.89,28,42,9.11,3,17,19.11,13,24,19.11,13,24,6.0,6,6,13.11,7,18,0.0,0,0,0.0,0,0,0.0,0,0
informative,dropout_20,retarded_ekf,True,7.5,100,100,0,1.0,0.9630065017930143,1.0,100,1.0,0.9630065017930143,1.0,{},0.6994829730584715,1.20548646389645,0.1488932125177865,0.26968827041904175,100,100,0.95,0.8882495307680808,0.9784563208456319,0.95,0.8882495307680808,0.9784563208456319,95,linear,whole_base_sequence,5.817897132325482,12.33201226086855,6,202,0,2.087454011206323,6.615830895967416,0.9356435643564357,2,True,0.0038043399999151007,0.0016320880013518035,0.0,0.0004708555684300356,517.8452848505906,1143.1565262668028,7.4995130582785885,True,True,True,45.0,45,45,35.89,28,42,9.11,3,17,21.13,15,25,21.13,15,25,6.0,6,6,15.13,9,19,0.0,0,0,0.0,0,0,0.0,0,0
informative,dropout_20,retarded_ekf,True,8.0,100,100,0,1.0,0.9630065017930143,1.0,100,1.0,0.9630065017930143,1.0,{},0.6971029174048186,1.3361534187064166,0.13783646481060563,0.22812146688236093,100,100,0.96,0.9016292856411208,0.9843366960084523,0.96,0.9016292856411208,0.9843366960084523,96,linear,whole_base_sequence,5.684556764859886,12.002189180295595,6,92,0,2.018745959785715,6.273280816028875,0.9239130434782609,2,True,0.001862822999828495,0.000736258001124952,0.0,0.00039381318273620276,637.619802559257,1325.4074935730246,7.999775122098295,True,True,True,45.0,45,45,35.89,28,42,9.11,3,17,22.05,16,27,22.05,16,27,6.0,6,6,16.05,10,21,0.0,0,0,0.0,0,0,0.0,0,0
informative,dropout_20,retarded_ekf,True,8.5,100,100,0,1.0,0.9630065017930143,1.0,100,1.0,0.9630065017930143,1.0,{},0.6483653274049884,1.1713065438589414,0.124737451430104,0.19766292635659538,100,100,0.97,0.9154806357094724,0.9897454759759611,0.97,0.9154806357094724,0.9897454759759611,97,linear,whole_base_sequence,5.536255420765489,10.859649567859437,6,188,0,2.1204424386842358,6.336682694560431,0.9308510638297872,2,True,0.0038253690022975206,0.0015464190018246882,0.0,0.00033314822005757716,715.9363880756107,1419.5334903836338,8.492090423970865,True,True,True,45.0,45,45,35.89,28,42,9.11,3,17,23.93,18,29,23.93,18,29,6.0,6,6,17.93,12,23,0.0,0,0,0.0,0,0,0.0,0,0
informative,dropout_20,retarded_ekf,True,9.0,100,100,0,1.0,0.9630065017930143,1.0,100,1.0,0.9630065017930143,1.0,{},0.65789777606444,1.0754515281223722,0.11751583461284332,0.18771773990838206,100,100,0.97,0.9154806357094724,0.9897454759759611,0.97,0.9154806357094724,0.9897454759759611,97,linear,whole_base_sequence,5.797233317735097,11.702842631987417,6,149,0,1.80852134324995,5.517889648920984,0.9530201342281879,2,True,0.0031591050006682052,0.001209977999678813,0.0,0.0002849655541147638,828.7454328495749,1308.7602925078559,8.999999142164,True,True,True,45.0,45,45,35.89,28,42,9.11,3,17,25.42,19,30,25.42,19,30,6.0,6,6,19.42,13,24,0.0,0,0,0.0,0,0,0.0,0,0
informative,dropout_20,retarded_ekf,True,9.5,100,100,0,1.0,0.9630065017930143,1.0,100,1.0,0.9630065017930143,1.0,{},0.6573448317654957,1.0930392821590136,0.11003628268771648,0.18738061214374058,100,100,0.98,0.929988209271456,0.9944980324498376,0.98,0.929988209271456,0.9944980324498376,98,linear,whole_base_sequence,5.7384392732131255,11.659701910656105,6,110,0,2.3728063095726752,7.563275452109809,0.8909090909090909,2,True,0.002399712000915315,0.0008835660005570389,0.0,0.00024581680672384923,1021.8674591381271,1554.7032005812105,9.492408158568383,True,True,True,45.0,45,45,35.89,28,42,9.11,3,17,26.52,20,31,26.52,20,31,6.0,6,6,20.52,14,25,0.0,0,0,0.0,0,0,0.0,0,0
informative,dropout_50,causal_prefix_batch,True,0.0,100,0,100,0.0,0.0,0.03699349820698568,0,0.0,0.0,0.03699349820698568,"{""insufficient_measurements"": 100}",nan,nan,nan,nan,0,100,nan,nan,nan,0.0,0.0,0.03699349820698568,0,linear,whole_base_sequence,nan,nan,6,0,0,nan,nan,nan,2,True,4.897900013020262e-05,0.0,nan,nan,nan,nan,nan,True,True,True,45.0,45,45,22.34,16,31,22.66,14,29,0.0,0,0,0.0,0,0,0.0,0,0,0.0,0,0,0.0,0,0,0.0,0,0,0.0,0,0
informative,dropout_50,causal_prefix_batch,True,0.5,100,0,100,0.0,0.0,0.03699349820698568,0,0.0,0.0,0.03699349820698568,"{""insufficient_measurements"": 100}",nan,nan,nan,nan,0,100,nan,nan,nan,0.0,0.0,0.03699349820698568,0,linear,whole_base_sequence,nan,nan,6,0,0,nan,nan,nan,2,True,3.5855998867191374e-05,0.0,nan,nan,nan,nan,nan,True,True,True,45.0,45,45,22.34,16,31,22.66,14,29,0.0,0,0,0.0,0,0,0.0,0,0,0.0,0,0,0.0,0,0,0.0,0,0,0.0,0,0
informative,dropout_50,causal_prefix_batch,True,1.0,100,0,100,0.0,0.0,0.03699349820698568,0,0.0,0.0,0.03699349820698568,"{""insufficient_measurements"": 100}",nan,nan,nan,nan,0,100,nan,nan,nan,0.0,0.0,0.03699349820698568,0,linear,whole_base_sequence,nan,nan,6,0,0,nan,nan,nan,2,True,3.7011998356319966e-05,0.0,nan,nan,nan,nan,0.994318013638257,True,True,True,45.0,45,45,22.34,16,31,22.66,14,29,0.82,0,2,0.82,0,2,0.0,0,0,0.0,0,0,0.0,0,0,0.0,0,0,0.0,0,0
informative,dropout_50,causal_prefix_batch,True,1.5,100,12,88,0.12,0.06999406437019488,0.19812099426711421,12,0.12,0.06999406437019488,0.19812099426711421,"{""insufficient_measurements"": 88}",74.43220698518381,154.0351009212784,79.43868321418611,168.01570272089322,12,100,0.9166666666666666,0.646120088858883,0.9851349055950829,0.11,0.06254196357064568,0.18631296503080313,11,linear,whole_base_sequence,6.541601087359914,13.349156320252034,6,0,0,nan,nan,nan,2,True,0.005730581997777335,0.0,0.0,0.03054514824291747,7244.744928611169,12706356.520747496,1.4835300428715121,True,True,True,45.0,45,45,22.34,16,31,22.66,14,29,1.55,0,4,1.55,0,4,0.0,0,0,0.0,0,0,0.0,0,0,0.0,0,0,0.0,0,0
informative,dropout_50,causal_prefix_batch,True,10.0,100,100,0,1.0,0.9630065017930143,1.0,100,1.0,0.9630065017930143,1.0,{},0.8976665635304636,1.7488248624255291,0.13638878978108052,0.25078731245906444,100,100,0.95,0.8882495307680808,0.9784563208456319,0.95,0.8882495307680808,0.9784563208456319,95,linear,whole_base_sequence,5.775310713431849,12.087158903916636,6,0,0,nan,nan,nan,2,True,0.1584570120004355,0.0,0.0,0.00025236135315429253,1182.7110042530735,2931.3432272068812,9.997820068562422,True,True,True,45.0,45,45,22.34,16,31,22.66,14,29,17.63,11,24,17.63,11,24,0.0,0,0,0.0,0,0,0.0,0,0,0.0,0,0,0.0,0,0
informative,dropout_50,causal_prefix_batch,True,10.5,100,100,0,1.0,0.9630065017930143,1.0,100,1.0,0.9630065017930143,1.0,{},0.9510665541337378,1.7990178342376577,0.13594610629629378,0.250882986723076,100,100,0.94,0.8752318455410406,0.9722138760368118,0.94,0.8752318455410406,0.9722138760368118,94,linear,whole_base_sequence,5.897614168429153,12.720080041375974,6,0,0,nan,nan,nan,2,True,0.164556714000355,0.0,0.0,0.00022061852450397414,1320.4507091720152,3583.4939280126614,10.498689429034023,True,True,True,45.0,45,45,22.34,16,31,22.66,14,29,18.47,11,26,18.47,11,26,0.0,0,0,0.0,0,0,0.0,0,0,0.0,0,0,0.0,0,0
informative,dropout_50,causal_prefix_batch,True,11.0,100,100,0,1.0,0.9630065017930143,1.0,100,1.0,0.9630065017930143,1.0,{},0.8834987349883519,1.5680093125688743,0.11978485197522819,0.21945698363490032,100,100,0.96,0.9016292856411208,0.9843366960084523,0.96,0.9016292856411208,0.9843366960084523,96,linear,whole_base_sequence,5.735474128490207,12.01589397014336,6,0,0,nan,nan,nan,2,True,0.1709097510005813,0.0,0.0,0.0001941010744147197,1473.4772986524538,4554.064509360511,10.914528266618438,True,True,True,45.0,45,45,22.34,16,31,22.66,14,29,19.58,13,26,19.58,13,26,0.0,0,0,0.0,0,0,0.0,0,0,0.0,0,0,0.0,0,0
informative,dropout_50,causal_prefix_batch,True,11.5,100,100,0,1.0,0.9630065017930143,1.0,100,1.0,0.9630065017930143,1.0,{},0.8947593133746419,1.5522316157896396,0.11425843984170225,0.19648030523276727,100,100,0.97,0.9154806357094724,0.9897454759759611,0.97,0.9154806357094724,0.9897454759759611,97,linear,whole_base_sequence,5.759803743634616,11.441461794387218,6,0,0,nan,nan,nan,2,True,0.18398748999956296,0.0,0.0,0.0001718236863134966,1683.3261589275714,5469.191812695817,11.491029988443925,True,True,True,45.0,45,45,22.34,16,31,22.66,14,29,20.64,13,28,20.64,13,28,0.0,0,0,0.0,0,0,0.0,0,0,0.0,0,0,0.0,0,0
informative,dropout_50,causal_prefix_batch,True,12.0,100,100,0,1.0,0.9630065017930143,1.0,100,1.0,0.9630065017930143,1.0,{},0.9256807243233306,1.6102122320818055,0.11161743254743633,0.19618752806094322,100,100,0.95,0.8882495307680808,0.9784563208456319,0.95,0.8882495307680808,0.9784563208456319,95,linear,whole_base_sequence,5.8092012956708,12.429472165265773,6,0,0,nan,nan,nan,2,True,0.1872586739997496,0.0,0.0,0.00015327838485737553,1979.0281672697777,6788.989504996608,11.981066171103757,True,True,True,45.0,45,45,22.34,16,31,22.66,14,29,21.18,14,29,21.18,14,29,0.0,0,0,0.0,0,0,0.0,0,0,0.0,0,0,0.0,0,0
informative,dropout_50,causal_prefix_batch,True,12.5,100,100,0,1.0,0.9630065017930143,1.0,100,1.0,0.9630065017930143,1.0,{},0.9643089549789912,1.495195309178122,0.1109494394482275,0.1869314640594739,100,100,0.94,0.8752318455410406,0.9722138760368118,0.94,0.8752318455410406,0.9722138760368118,94,linear,whole_base_sequence,6.084709858167371,12.933366537544527,6,0,0,nan,nan,nan,2,True,0.19667939299863066,0.0,0.0,0.00013755672398724667,2075.3620507825967,5563.0089385176725,12.486840659507104,True,True,True,45.0,45,45,22.34,16,31,22.66,14,29,22.31,16,31,22.31,16,31,0.0,0,0,0.0,0,0,0.0,0,0,0.0,0,0,0.0,0,0
informative,dropout_50,causal_prefix_batch,True,14.5,100,100,0,1.0,0.9630065017930143,1.0,100,1.0,0.9630065017930143,1.0,{},1.175459051596572,1.8651047389592486,0.11102753878563242,0.1869314640606423,100,100,0.94,0.8752318455410406,0.9722138760368118,0.94,0.8752318455410406,0.9722138760368118,94,linear,whole_base_sequence,6.095896936087091,12.933366472770677,6,0,0,nan,nan,nan,2,True,0.19771725899801823,0.0,0.0,9.332467552189057e-05,4642.673476332169,11460.293033235565,12.514118335958992,True,True,True,45.0,45,45,22.34,16,31,22.66,14,29,22.34,16,31,22.34,16,31,0.0,0,0,0.0,0,0,0.0,0,0,0.0,0,0,0.0,0,0
informative,dropout_50,causal_prefix_batch,True,2.0,100,49,51,0.49,0.3942199893044113,0.5865198806597283,49,0.49,0.3942199893044113,0.5865198806597283,"{""insufficient_local_observability"": 5, ""insufficient_measurements"": 41, ""optimization_error:ValueError"": 4, ""projected_kkt_not_satisfied"": 1}",64.58323053010719,109.79074645089248,58.509788489492486,120.45523107948209,49,100,0.8979591836734694,0.7824363845080409,0.9556204532552373,0.44,0.34672026630160796,0.5377189534832302,44,linear,whole_base_sequence,16.48531219220059,38.29633176107917,6,0,0,nan,nan,nan,2,True,0.15353050900128437,0.0,0.0,0.00472553584335569,2756.602524449222,33672864.15844289,1.9921621128694267,True,True,True,45.0,45,45,22.34,16,31,22.66,14,29,2.8,0,6,2.8,0,6,0.0,0,0,0.0,0,0,0.0,0,0,0.0,0,0,0.0,0,0
informative,dropout_50,causal_prefix_batch,True,2.5,100,76,24,0.76,0.6676766365018553,0.8330867444305122,76,0.76,0.6676766365018553,0.8330867444305122,"{""insufficient_local_observability"": 4, ""insufficient_measurements"": 18, ""optimization_error:ValueError"": 1, ""projected_kkt_not_satisfied"": 1}",33.87882385073684,99.04742669599963,27.56586182602027,71.68256845463574,76,100,0.9605263157894737,0.8902521225345447,0.9864853649054605,0.73,0.6356788323205499,0.8073041585042365,73,linear,whole_base_sequence,6.063831359798783,10.798383426107886,6,0,0,nan,nan,nan,2,True,0.0849246299994411,0.0,0.0,0.0030406543915055023,1353.1615650938356,28274955.943348166,2.498052907198982,True,True,True,45.0,45,45,22.34,16,31,22.66,14,29,3.62,0,6,3.62,0,6,0.0,0,0,0.0,0,0,0.0,0,0,0.0,0,0,0.0,0,0
informative,dropout_50,causal_prefix_batch,True,3.0,100,91,9,0.91,0.837737871472837,0.9519274599974348,91,0.91,0.837737871472837,0.9519274599974348,"{""insufficient_local_observability"": 1, ""insufficient_measurements"": 8}",45.52429378567545,27.814967924260444,38.07663500372799,11.480006582795607,91,100,0.9340659340659341,0.8635353380058843,0.9694337135283846,0.85,0.7671644040916763,0.9069401471634337,85,linear,whole_base_sequence,6499.116425617831,13.06907901975444,6,0,0,nan,nan,nan,2,True,0.05022914099972695,0.0,0.0,0.007058958949895705,309.44701704738816,15995348.98231413,2.892421238481789,True,True,True,45.0,45,45,22.34,16,31,22.66,14,29,4.58,1,8,4.58,1,8,0.0,0,0,0.0,0,0,0.0,0,0,0.0,0,0,0.0,0,0
informative,dropout_50,causal_prefix_batch,True,3.5,100,95,5,0.95,0.8882495307680808,0.9784563208456319,95,0.95,0.8882495307680808,0.9784563208456319,"{""insufficient_local_observability"": 1, ""insufficient_measurements"": 4}",62.323490780996615,42.979243196904925,38.02002574877673,20.599198087969235,95,100,0.9473684210526315,0.882651138829621,0.9773118869508504,0.9,0.8256343384950865,0.9447708629393249,90,linear,whole_base_sequence,6225.641516856588,12.220309024335418,6,0,0,nan,nan,nan,2,True,0.059513220000371805,0.0,0.0,0.004691638352383279,276.9694193750052,30659480.4925826,3.480486581347895,True,True,True,45.0,45,45,22.34,16,31,22.66,14,29,5.61,2,10,5.61,2,10,0.0,0,0,0.0,0,0,0.0,0,0,0.0,0,0,0.0,0,0
informative,dropout_50,causal_prefix_batch,True,4.0,100,97,3,0.97,0.9154806357094724,0.9897454759759611,97,0.97,0.9154806357094724,0.9897454759759611,"{""insufficient_measurements"": 3}",74.09352142599069,18.88856090236279,35.46056157478475,6.469941167703786,97,100,0.9484536082474226,0.8849564458853718,0.9777839489624893,0.92,0.8500189229905127,0.9589065385156194,92,linear,whole_base_sequence,6097.064041339789,12.407567048212925,6,0,0,nan,nan,nan,2,True,0.06221918400202412,0.0,0.0,0.00327954683933001,290.6017561560008,32098772.764740847,3.9962234906126226,True,True,True,45.0,45,45,22.34,16,31,22.66,14,29,6.22,2,11,6.22,2,11,0.0,0,0,0.0,0,0,0.0,0,0,0.0,0,0,0.0,0,0
informative,dropout_50,causal_prefix_batch,True,4.5,100,98,2,0.98,0.929988209271456,0.9944980324498376,98,0.98,0.929988209271456,0.9944980324498376,"{""insufficient_measurements"": 2}",12.25579607497954,5.764005204482913,4.647530065834912,1.8762983518844554,98,100,0.9591836734693877,0.8997117888636472,0.9840147508205235,0.94,0.8752318455410406,0.9722138760368118,94,linear,whole_base_sequence,5.521238102687328,11.266102958354265,6,0,0,nan,nan,nan,2,True,0.07171307699958561,0.0,0.0,0.002387689352123729,257.48236542511097,7804366.234647147,4.4905355676984815,True,True,True,45.0,45,45,22.34,16,31,22.66,14,29,7.36,2,12,7.36,2,12,0.0,0,0,0.0,0,0,0.0,0,0,0.0,0,0,0.0,0,0
informative,dropout_50,causal_prefix_batch,True,5.0,100,100,0,1.0,0.9630065017930143,1.0,100,1.0,0.9630065017930143,1.0,{},5.481413271529107,3.1409757185750857,1.7369158809880918,1.1703489155851534,100,100,0.99,0.9455138038212946,0.9982325679358593,0.99,0.9455138038212946,0.9982325679358593,99,linear,whole_base_sequence,5.583696759669358,10.693499094744897,6,0,0,nan,nan,nan,2,True,0.07995433200150728,0.0,0.0,0.0018088263598913287,308.821538952187,347848.71761468233,4.99270526792087,True,True,True,45.0,45,45,22.34,16,31,22.66,14,29,8.31,3,14,8.31,3,14,0.0,0,0,0.0,0,0,0.0,0,0,0.0,0,0,0.0,0,0
informative,dropout_50,causal_prefix_batch,True,5.5,100,100,0,1.0,0.9630065017930143,1.0,100,1.0,0.9630065017930143,1.0,{},4.681785047464115,2.455181675992627,1.4053821002286588,0.716522704996036,100,100,0.97,0.9154806357094724,0.9897454759759611,0.97,0.9154806357094724,0.9897454759759611,97,linear,whole_base_sequence,5.678068523080323,11.578810585635294,6,0,0,nan,nan,nan,2,True,0.08813756400020793,0.0,0.0,0.0014088496432626476,331.6349485814377,379377.95957645297,5.495635049171111,True,True,True,45.0,45,45,22.34,16,31,22.66,14,29,9.12,3,14,9.12,3,14,0.0,0,0,0.0,0,0,0.0,0,0,0.0,0,0,0.0,0,0
informative,dropout_50,causal_prefix_batch,True,6.0,100,100,0,1.0,0.9630065017930143,1.0,100,1.0,0.9630065017930143,1.0,{},1.0029245988256716,1.816788890742151,0.26792108194397224,0.48058207968109645,100,100,0.98,0.929988209271456,0.9944980324498376,0.98,0.929988209271456,0.9944980324498376,98,linear,whole_base_sequence,5.200791015201669,10.891621248363503,6,0,0,nan,nan,nan,2,True,0.09448740899912082,0.0,0.0,0.0011050424434610024,356.62814172046524,2837.026639014918,5.9947520597755535,True,True,True,45.0,45,45,22.34,16,31,22.66,14,29,10.2,5,15,10.2,5,15,0.0,0,0,0.0,0,0,0.0,0,0,0.0,0,0,0.0,0,0
informative,dropout_50,causal_prefix_batch,True,6.5,100,100,0,1.0,0.9630065017930143,1.0,100,1.0,0.9630065017930143,1.0,{},1.016477498566883,1.8095918310656158,0.24388127689386968,0.45018843228354744,100,100,0.97,0.9154806357094724,0.9897454759759611,0.97,0.9154806357094724,0.9897454759759611,97,linear,whole_base_sequence,5.3426680462933245,10.891621296668555,6,0,0,nan,nan,nan,2,True,0.10144278200139524,0.0,0.0,0.0008775605871334805,480.11598732258835,1503.3820875837455,6.497660566580254,True,True,True,45.0,45,45,22.34,16,31,22.66,14,29,10.89,5,17,10.89,5,17,0.0,0,0,0.0,0,0,0.0,0,0,0.0,0,0,0.0,0,0
informative,dropout_50,causal_prefix_batch,True,7.0,100,100,0,1.0,0.9630065017930143,1.0,100,1.0,0.9630065017930143,1.0,{},1.0084615293958379,1.9313734199816608,0.22564903110630058,0.41569227394540287,100,100,0.96,0.9016292856411208,0.9843366960084523,0.96,0.9016292856411208,0.9843366960084523,96,linear,whole_base_sequence,5.493796686286987,11.336895458773334,6,0,0,nan,nan,nan,2,True,0.10860193299944512,0.0,0.0,0.0007038130579431929,517.7552436770898,1965.0197358594044,6.915652850238421,True,True,True,45.0,45,45,22.34,16,31,22.66,14,29,11.78,6,18,11.78,6,18,0.0,0,0,0.0,0,0,0.0,0,0,0.0,0,0,0.0,0,0
informative,dropout_50,causal_prefix_batch,True,7.5,100,100,0,1.0,0.9630065017930143,1.0,100,1.0,0.9630065017930143,1.0,{},0.9169148196562247,1.4241684778712447,0.19378961462300248,0.343384908108011,100,100,0.95,0.8882495307680808,0.9784563208456319,0.95,0.8882495307680808,0.9784563208456319,95,linear,whole_base_sequence,5.487804798923673,12.43409406768591,6,0,0,nan,nan,nan,2,True,0.11960659599950305,0.0,0.0,0.0005736268359892331,576.9491301294668,2077.9333307063844,7.498078110553757,True,True,True,45.0,45,45,22.34,16,31,22.66,14,29,13.0,7,20,13.0,7,20,0.0,0,0,0.0,0,0,0.0,0,0,0.0,0,0,0.0,0,0
informative,dropout_50,causal_prefix_batch,True,8.0,100,100,0,1.0,0.9630065017930143,1.0,100,1.0,0.9630065017930143,1.0,{},0.9547008125413757,1.554098291692658,0.1833086041705294,0.34123748724389585,100,100,0.95,0.8882495307680808,0.9784563208456319,0.95,0.8882495307680808,0.9784563208456319,95,linear,whole_base_sequence,5.485348271609501,12.557790236715864,6,0,0,nan,nan,nan,2,True,0.1251539310021326,0.0,0.0,0.00047486874710548515,677.9379310397657,2113.3980817621214,7.999775122098295,True,True,True,45.0,45,45,22.34,16,31,22.66,14,29,13.63,8,21,13.63,8,21,0.0,0,0,0.0,0,0,0.0,0,0,0.0,0,0,0.0,0,0
informative,dropout_50,causal_prefix_batch,True,8.5,100,100,0,1.0,0.9630065017930143,1.0,100,1.0,0.9630065017930143,1.0,{},0.8861636187441133,1.4603484548692434,0.16562476512815794,0.26660594505006274,100,100,0.97,0.9154806357094724,0.9897454759759611,0.97,0.9154806357094724,0.9897454759759611,97,linear,whole_base_sequence,5.5919756571647214,11.66036993766867,6,0,0,nan,nan,nan,2,True,0.13651909100299237,0.0,0.0,0.00039867834741675896,756.0473909596258,2314.920251099158,8.478690801141395,True,True,True,45.0,45,45,22.34,16,31,22.66,14,29,14.84,8,22,14.84,8,22,0.0,0,0,0.0,0,0,0.0,0,0,0.0,0,0,0.0,0,0
informative,dropout_50,causal_prefix_batch,True,9.0,100,100,0,1.0,0.9630065017930143,1.0,100,1.0,0.9630065017930143,1.0,{},0.8763797045140499,1.5959497296585434,0.15361002646135855,0.27168632993163133,100,100,0.96,0.9016292856411208,0.9843366960084523,0.96,0.9016292856411208,0.9843366960084523,96,linear,whole_base_sequence,5.704264898980383,11.649418309107803,6,0,0,nan,nan,nan,2,True,0.14390728099941044,0.0,0.0,0.0003387946549336159,868.3055341962358,2369.5348712629784,8.999999142164,True,True,True,45.0,45,45,22.34,16,31,22.66,14,29,15.8,8,23,15.8,8,23,0.0,0,0,0.0,0,0,0.0,0,0,0.0,0,0,0.0,0,0
informative,dropout_50,causal_prefix_batch,True,9.5,100,100,0,1.0,0.9630065017930143,1.0,100,1.0,0.9630065017930143,1.0,{},0.8794929741456632,1.432750738634012,0.1416632149138294,0.23680450441601006,100,100,0.96,0.9016292856411208,0.9843366960084523,0.96,0.9016292856411208,0.9843366960084523,96,linear,whole_base_sequence,5.702119129497252,11.341701752811883,6,0,0,nan,nan,nan,2,True,0.14932076099939878,0.0,0.0,0.0002910997079101466,1018.391474407137,3209.947300852688,9.492408158568383,True,True,True,45.0,45,45,22.34,16,31,22.66,14,29,16.49,10,23,16.49,10,23,0.0,0,0,0.0,0,0,0.0,0,0,0.0,0,0,0.0,0,0
informative,dropout_50,initial_batch_no_updates,True,0.0,100,0,100,0.0,0.0,0.03699349820698568,0,0.0,0.0,0.03699349820698568,"{""not_initialized"": 100}",nan,nan,nan,nan,0,100,nan,nan,nan,0.0,0.0,0.03699349820698568,0,linear,whole_base_sequence,nan,nan,6,0,0,nan,nan,nan,2,True,2.480998809915036e-06,0.0,nan,nan,nan,nan,nan,True,True,True,45.0,45,45,22.34,16,31,22.66,14,29,0.0,0,0,0.0,0,0,0.0,0,0,0.0,0,0,0.0,0,0,0.0,0,0,0.0,0,0
informative,dropout_50,initial_batch_no_updates,True,0.5,100,0,100,0.0,0.0,0.03699349820698568,0,0.0,0.0,0.03699349820698568,"{""not_initialized"": 100}",nan,nan,nan,nan,0,100,nan,nan,nan,0.0,0.0,0.03699349820698568,0,linear,whole_base_sequence,nan,nan,6,0,0,nan,nan,nan,2,True,1.9999989308416844e-06,0.0,nan,nan,nan,nan,nan,True,True,True,45.0,45,45,22.34,16,31,22.66,14,29,0.0,0,0,0.0,0,0,0.0,0,0,0.0,0,0,0.0,0,0,0.0,0,0,0.0,0,0
informative,dropout_50,initial_batch_no_updates,True,1.0,100,0,100,0.0,0.0,0.03699349820698568,0,0.0,0.0,0.03699349820698568,"{""not_initialized"": 100}",nan,nan,nan,nan,0,100,nan,nan,nan,0.0,0.0,0.03699349820698568,0,linear,whole_base_sequence,nan,nan,6,0,0,nan,nan,nan,2,True,2.007997827604413e-06,0.0,nan,nan,nan,nan,0.994318013638257,True,True,True,45.0,45,45,22.34,16,31,22.66,14,29,0.82,0,2,0.0,0,0,0.0,0,0,0.0,0,0,0.0,0,0,0.0,0,0,0.82,0,2
informative,dropout_50,initial_batch_no_updates,True,1.5,100,0,100,0.0,0.0,0.03699349820698568,0,0.0,0.0,0.03699349820698568,"{""not_initialized"": 100}",nan,nan,nan,nan,0,100,nan,nan,nan,0.0,0.0,0.03699349820698568,0,linear,whole_base_sequence,nan,nan,6,0,0,nan,nan,nan,2,True,2.2640018141828476e-06,0.0,nan,nan,nan,nan,1.4835300428715121,True,True,True,45.0,45,45,22.34,16,31,22.66,14,29,1.55,0,4,0.0,0,0,0.0,0,0,0.0,0,0,0.0,0,0,0.0,0,0,1.55,0,4
informative,dropout_50,initial_batch_no_updates,True,10.0,100,100,0,1.0,0.9630065017930143,1.0,100,1.0,0.9630065017930143,1.0,{},8.901075483948144,14.993312986042696,1.0777629527725432,1.8042965894466103,100,100,0.97,0.9154806357094724,0.9897454759759611,0.97,0.9154806357094724,0.9897454759759611,97,linear,whole_base_sequence,5.433061808386909,10.408358877700733,6,0,0,nan,nan,nan,2,True,0.0001377600012347102,0.0,0.0,0.00034165050228182733,32922.8105521038,3980114.4063276276,9.997820068562422,True,True,True,45.0,45,45,22.34,16,31,22.66,14,29,17.63,11,24,6.0,6,6,6.0,6,6,0.0,0,0,0.0,0,0,0.0,0,0,11.63,5,18
informative,dropout_50,initial_batch_no_updates,True,10.5,100,100,0,1.0,0.9630065017930143,1.0,100,1.0,0.9630065017930143,1.0,{},9.43839046886011,15.940356267083189,1.0777629527725432,1.8042965894466103,100,100,0.97,0.9154806357094724,0.9897454759759611,0.97,0.9154806357094724,0.9897454759759611,97,linear,whole_base_sequence,5.433061808386931,10.408358877701,6,0,0,nan,nan,nan,2,True,0.00013701499934541062,0.0,0.0,0.0003044342782029927,41470.232912519015,5028831.279784581,10.498689429034023,True,True,True,45.0,45,45,22.34,16,31,22.66,14,29,18.47,11,26,6.0,6,6,6.0,6,6,0.0,0,0,0.0,0,0,0.0,0,0,12.47,5,20
informative,dropout_50,initial_batch_no_updates,True,11.0,100,100,0,1.0,0.9630065017930143,1.0,100,1.0,0.9630065017930143,1.0,{},9.975874448166463,16.887595537258555,1.0777629527725432,1.8042965894466103,100,100,0.97,0.9154806357094724,0.9897454759759611,0.97,0.9154806357094724,0.9897454759759611,97,linear,whole_base_sequence,5.433061808386913,10.40835887770071,6,0,0,nan,nan,nan,2,True,0.00013793599762720987,0.0,0.0,0.0002729436035289717,51596.82758056807,6273485.60576947,10.914528266618438,True,True,True,45.0,45,45,22.34,16,31,22.66,14,29,19.58,13,26,6.0,6,6,6.0,6,6,0.0,0,0,0.0,0,0,0.0,0,0,13.58,7,20
informative,dropout_50,initial_batch_no_updates,True,11.5,100,100,0,1.0,0.9630065017930143,1.0,100,1.0,0.9630065017930143,1.0,{},10.513501503289765,17.834999471343032,1.0777629527725432,1.8042965894466103,100,100,0.97,0.9154806357094724,0.9897454759759611,0.97,0.9154806357094724,0.9897454759759611,97,linear,whole_base_sequence,5.433061808386882,10.408358877700948,6,0,0,nan,nan,nan,2,True,0.00013792199868476018,0.0,0.0,0.00024606859387997114,63487.544066797534,7737212.411940516,11.491029988443925,True,True,True,45.0,45,45,22.34,16,31,22.66,14,29,20.64,13,28,6.0,6,6,6.0,6,6,0.0,0,0,0.0,0,0,0.0,0,0,14.64,7,22
informative,dropout_50,initial_batch_no_updates,True,12.0,100,100,0,1.0,0.9630065017930143,1.0,100,1.0,0.9630065017930143,1.0,{},11.051250752967121,18.782543078277023,1.0777629527725432,1.8042965894466103,100,100,0.97,0.9154806357094724,0.9897454759759611,0.97,0.9154806357094724,0.9897454759759611,97,linear,whole_base_sequence,5.433061808386931,10.408358877701158,6,0,0,nan,nan,nan,2,True,0.00013979499926790594,0.0,0.0,0.00022295432983583915,77337.65164259583,9444444.85463764,11.981066171103757,True,True,True,45.0,45,45,22.34,16,31,22.66,14,29,21.18,14,29,6.0,6,6,6.0,6,6,0.0,0,0,0.0,0,0,0.0,0,0,15.18,8,23
informative,dropout_50,initial_batch_no_updates,True,12.5,100,100,0,1.0,0.9630065017930143,1.0,100,1.0,0.9630065017930143,1.0,{},11.589105187261914,19.730206178036514,1.0777629527725432,1.8042965894466103,100,100,0.97,0.9154806357094724,0.9897454759759611,0.97,0.9154806357094724,0.9897454759759611,97,linear,whole_base_sequence,5.433061808386911,10.408358877700904,6,0,0,nan,nan,nan,2,True,0.00014305899938335642,0.0,0.0,0.00020293403346569616,93352.73933987046,11420914.213376086,12.486840659507104,True,True,True,45.0,45,45,22.34,16,31,22.66,14,29,22.31,16,31,6.0,6,6,6.0,6,6,0.0,0,0,0.0,0,0,0.0,0,0,16.31,10,25
informative,dropout_50,initial_batch_no_updates,True,14.5,100,100,0,1.0,0.9630065017930143,1.0,100,1.0,0.9630065017930143,1.0,{},13.74132771238371,23.52176394603722,1.0777629527725432,1.8042965894466103,100,100,0.97,0.9154806357094724,0.9897454759759611,0.97,0.9154806357094724,0.9897454759759611,97,linear,whole_base_sequence,5.433061808386875,10.40835887770066,6,0,0,nan,nan,nan,2,True,0.0001383560005342588,0.0,0.0,0.00014473098052448157,183535.86356829613,22579220.663129054,12.514118335958992,True,True,True,45.0,45,45,22.34,16,31,22.66,14,29,22.34,16,31,6.0,6,6,6.0,6,6,0.0,0,0,0.0,0,0,0.0,0,0,16.34,10,25
informative,dropout_50,initial_batch_no_updates,True,2.0,100,1,99,0.01,0.0017674320641406505,0.054486196178705315,1,0.01,0.0017674320641406505,0.054486196178705315,"{""not_initialized"": 99}",0.7952651722646379,0.7952651722646379,1.2453309316035088,1.2453309316035088,1,100,1.0,0.20654931437723745,1.0,0.01,0.0017674320641406505,0.054486196178705315,1,linear,whole_base_sequence,8.036691304750981,8.036691304750981,6,0,0,nan,nan,nan,2,True,4.1839995537884535e-06,0.0,0.0,0.019738873636308357,84.74828644048124,84.74828644048124,1.9921621128694267,True,True,True,45.0,45,45,22.34,16,31,22.66,14,29,2.8,0,6,0.06,0,6,0.06,0,6,0.0,0,0,0.0,0,0,0.0,0,0,2.74,0,5
informative,dropout_50,initial_batch_no_updates,True,2.5,100,8,92,0.08,0.041093461484380624,0.14998107700948735,8,0.08,0.041093461484380624,0.14998107700948735,"{""not_initialized"": 92}",1.2447321326156,1.557662526112038,0.9809656709836536,1.247959872057237,8,100,1.0,0.6755924351161198,1.0,0.08,0.041093461484380624,0.14998107700948735,8,linear,whole_base_sequence,4.581939599615398,7.063987352064386,6,0,0,nan,nan,nan,2,True,1.2624997762031853e-05,0.0,0.0,0.012141369736557989,138.93785781207941,224.16417443454029,2.498052907198982,True,True,True,45.0,45,45,22.34,16,31,22.66,14,29,3.62,0,6,0.48,0,6,0.48,0,6,0.0,0,0,0.0,0,0,0.0,0,0,3.14,0,5
informative,dropout_50,initial_batch_no_updates,True,3.0,100,20,80,0.2,0.1333669333310325,0.2888291655931589,20,0.2,0.1333669333310325,0.2888291655931589,"{""not_initialized"": 80}",1.748723690154482,2.6828192842374303,0.9603023409165055,1.3461393660213896,20,100,1.0,0.8388748419471806,1.0,0.2,0.1333669333310325,0.2888291655931589,20,linear,whole_base_sequence,5.1654136149800784,8.706513567968429,6,0,0,nan,nan,nan,2,True,2.8124999662395567e-05,0.0,0.0,0.007771459931166802,232.11516299426984,892.1518016170396,2.892421238481789,True,True,True,45.0,45,45,22.34,16,31,22.66,14,29,4.58,1,8,1.2,0,6,1.2,0,6,0.0,0,0,0.0,0,0,0.0,0,0,3.38,0,5
informative,dropout_50,initial_batch_no_updates,True,3.5,100,55,45,0.55,0.45244602997442135,0.6438546202048803,55,0.55,0.45244602997442135,0.6438546202048803,"{""not_initialized"": 45}",2.0318219439235805,2.99932748822883,1.1527682876705976,1.4653434569312194,55,100,0.9818181818181818,0.903942239378376,0.9967832195451589,0.54,0.44264860323368227,0.6343919169097589,54,linear,whole_base_sequence,4.990303608184824,8.99425821518581,6,0,0,nan,nan,nan,2,True,7.549599889898673e-05,0.0,0.0,0.0050411186630835445,275.49718238122955,13295.285796045595,3.480486581347895,True,True,True,45.0,45,45,22.34,16,31,22.66,14,29,5.61,2,10,3.3,0,6,3.3,0,6,0.0,0,0,0.0,0,0,0.0,0,0,2.31,0,5
informative,dropout_50,initial_batch_no_updates,True,4.0,100,66,34,0.66,0.5627772885472462,0.7453847920265184,66,0.66,0.5627772885472462,0.7453847920265184,"{""not_initialized"": 34}",2.719376276144737,3.9045975147909493,1.1815048591232065,1.7905168876337991,66,100,0.9696969696969697,0.8960747808829028,0.9916500898013463,0.64,0.5423540245160874,0.7272877959859567,64,linear,whole_base_sequence,5.3217751481760205,9.919711004811681,6,0,0,nan,nan,nan,2,True,9.091099782381207e-05,0.0,0.0,0.0035682515972491765,492.150224439696,29455.230418207408,3.9962234906126226,True,True,True,45.0,45,45,22.34,16,31,22.66,14,29,6.22,2,11,3.96,0,6,3.96,0,6,0.0,0,0,0.0,0,0,0.0,0,0,2.26,0,5
informative,dropout_50,initial_batch_no_updates,True,4.5,100,82,18,0.82,0.7333264161369926,0.8829977450105364,82,0.82,0.7333264161369926,0.8829977450105364,"{""not_initialized"": 18}",3.278508270930722,5.602836789763797,1.1709693639512262,1.8975667928681212,82,100,0.9634146341463414,0.8978726535639152,0.9874804269184307,0.79,0.7002003116591013,0.858343459380847,79,linear,whole_base_sequence,5.43526877757974,10.095252181906979,6,0,0,nan,nan,nan,2,True,0.00011135399952763692,0.0,0.0,0.002593869704134146,785.0331168149257,58927.254125139145,4.4905355676984815,True,True,True,45.0,45,45,22.34,16,31,22.66,14,29,7.36,2,12,4.92,0,6,4.92,0,6,0.0,0,0,0.0,0,0,0.0,0,0,2.44,0,6
informative,dropout_50,initial_batch_no_updates,True,5.0,100,90,10,0.9,0.8256343384950865,0.9447708629393249,90,0.9,0.8256343384950865,0.9447708629393249,"{""not_initialized"": 10}",3.732276251323075,6.462287624860922,1.1310332278990844,1.8561133691252272,90,100,0.9666666666666667,0.9065271396961013,0.9885996097771937,0.87,0.7901964855992357,0.9224283257275948,87,linear,whole_base_sequence,5.413771433689604,9.74416982771632,6,0,0,nan,nan,nan,2,True,0.00012317699991399423,0.0,0.0,0.0019553695401461697,1316.1945330266522,107972.58306265748,4.99270526792087,True,True,True,45.0,45,45,22.34,16,31,22.66,14,29,8.31,3,14,5.4,0,6,5.4,0,6,0.0,0,0,0.0,0,0,0.0,0,0,2.91,0,8
informative,dropout_50,initial_batch_no_updates,True,5.5,100,94,6,0.94,0.8752318455410406,0.9722138760368118,94,0.94,0.8752318455410406,0.9722138760368118,"{""not_initialized"": 6}",4.204064775204701,7.307654465958856,1.1085026282953179,1.83538665725378,94,100,0.9680851063829787,0.9103268539187764,0.9890873725316923,0.91,0.837737871472837,0.9519274599974348,91,linear,whole_base_sequence,5.495336572305553,10.459511582668478,6,0,0,nan,nan,nan,2,True,0.00012785199884092437,0.0,0.0,0.0015194413911911277,1870.6054274040093,184148.65135514736,5.495635049171111,True,True,True,45.0,45,45,22.34,16,31,22.66,14,29,9.12,3,14,5.64,0,6,5.64,0,6,0.0,0,0,0.0,0,0,0.0,0,0,3.48,0,8
informative,dropout_50,initial_batch_no_updates,True,6.0,100,99,1,0.99,0.9455138038212946,0.9982325679358593,99,0.99,0.9455138038212946,0.9982325679358593,"{""not_initialized"": 1}",4.638052767313452,8.122107268368222,1.0829091201862036,1.8094782674144716,99,100,0.9696969696969697,0.9146631979389799,0.9896413604215459,0.96,0.9016292856411208,0.9843366960084523,96,linear,whole_base_sequence,5.461499431022955,10.41688432852852,6,0,0,nan,nan,nan,2,True,0.00013622099999338388,0.0,0.0,0.001210912623271906,2835.719294988402,296310.58792040043,5.9947520597755535,True,True,True,45.0,45,45,22.34,16,31,22.66,14,29,10.2,5,15,5.94,0,6,5.94,0,6,0.0,0,0,0.0,0,0,0.0,0,0,4.26,0,9
informative,dropout_50,initial_batch_no_updates,True,6.5,100,99,1,0.99,0.9455138038212946,0.9982325679358593,99,0.99,0.9455138038212946,0.9982325679358593,"{""not_initialized"": 1}",5.173922461992961,8.972331601569437,1.0829091201862036,1.8094782674144716,99,100,0.9696969696969697,0.9146631979389799,0.9896413604215459,0.96,0.9016292856411208,0.9843366960084523,96,linear,whole_base_sequence,5.4614994310229745,10.416884328528507,6,0,0,nan,nan,nan,2,True,0.0001355670008342713,0.0,0.0,0.0009856619199572747,4112.40789445474,454611.64713679993,6.497660566580254,True,True,True,45.0,45,45,22.34,16,31,22.66,14,29,10.89,5,17,5.94,0,6,5.94,0,6,0.0,0,0,0.0,0,0,0.0,0,0,4.95,0,11
informative,dropout_50,initial_batch_no_updates,True,7.0,100,100,0,1.0,0.9630065017930143,1.0,100,1.0,0.9630065017930143,1.0,{},5.6834181489185855,9.807599655912586,1.0777629527725432,1.8042965894466103,100,100,0.97,0.9154806357094724,0.9897454759759611,0.97,0.9154806357094724,0.9897454759759611,97,linear,whole_base_sequence,5.433061808386878,10.408358877700717,6,0,0,nan,nan,nan,2,True,0.00013624999992316588,0.0,0.0,0.0008167589920882705,5850.610747703862,670503.3128192407,6.915652850238421,True,True,True,45.0,45,45,22.34,16,31,22.66,14,29,11.78,6,18,6.0,6,6,6.0,6,6,0.0,0,0,0.0,0,0,0.0,0,0,5.78,0,12
informative,dropout_50,initial_batch_no_updates,True,7.5,100,100,0,1.0,0.9630065017930143,1.0,100,1.0,0.9630065017930143,1.0,{},6.218568386700981,10.655491183447422,1.0777629527725432,1.8042965894466103,100,100,0.97,0.9154806357094724,0.9897454759759611,0.97,0.9154806357094724,0.9897454759759611,97,linear,whole_base_sequence,5.433061808386907,10.408358877700676,6,0,0,nan,nan,nan,2,True,0.00013875699951313437,0.0,0.0,0.0006871595554064488,8177.537793665715,956735.3046876085,7.498078110553757,True,True,True,45.0,45,45,22.34,16,31,22.66,14,29,13.0,7,20,6.0,6,6,6.0,6,6,0.0,0,0,0.0,0,0,0.0,0,0,7.0,1,14
informative,dropout_50,initial_batch_no_updates,True,8.0,100,100,0,1.0,0.9630065017930143,1.0,100,1.0,0.9630065017930143,1.0,{},6.754311970577093,11.503501197612584,1.0777629527725432,1.8042965894466103,100,100,0.97,0.9154806357094724,0.9897454759759611,0.97,0.9154806357094724,0.9897454759759611,97,linear,whole_base_sequence,5.433061808386882,10.408358877700653,6,0,0,nan,nan,nan,2,True,0.00013872099865693598,0.0,0.0,0.0005857169257391463,11303.89248354777,1327355.5595103805,7.999775122098295,True,True,True,45.0,45,45,22.34,16,31,22.66,14,29,13.63,8,21,6.0,6,6,6.0,6,6,0.0,0,0,0.0,0,0,0.0,0,0,7.63,2,15
informative,dropout_50,initial_batch_no_updates,True,8.5,100,100,0,1.0,0.9630065017930143,1.0,100,1.0,0.9630065017930143,1.0,{},7.2905180956410565,12.351605298611759,1.0777629527725432,1.8042965894466103,100,100,0.97,0.9154806357094724,0.9897454759759611,0.97,0.9154806357094724,0.9897454759759611,97,linear,whole_base_sequence,5.433061808386915,10.408358877700612,6,0,0,nan,nan,nan,2,True,0.0001367410013335757,0.0,0.0,0.0005049245942573895,15069.331324739862,1797710.2091960618,8.478690801141395,True,True,True,45.0,45,45,22.34,16,31,22.66,14,29,14.84,8,22,6.0,6,6,6.0,6,6,0.0,0,0,0.0,0,0,0.0,0,0,8.84,2,16
informative,dropout_50,initial_batch_no_updates,True,9.0,100,100,0,1.0,0.9630065017930143,1.0,100,1.0,0.9630065017930143,1.0,{},7.82709170133089,13.19978535416438,1.0777629527725432,1.8042965894466103,100,100,0.97,0.9154806357094724,0.9897454759759611,0.97,0.9154806357094724,0.9897454759759611,97,linear,whole_base_sequence,5.433061808386891,10.40835887770084,6,0,0,nan,nan,nan,2,True,0.00013972399901831522,0.0,0.0,0.0004395937104444603,19892.729300770006,2384443.56199991,8.999999142164,True,True,True,45.0,45,45,22.34,16,31,22.66,14,29,15.8,8,23,6.0,6,6,6.0,6,6,0.0,0,0,0.0,0,0,0.0,0,0,9.8,2,17
informative,dropout_50,initial_batch_no_updates,True,9.5,100,100,0,1.0,0.9630065017930143,1.0,100,1.0,0.9630065017930143,1.0,{},8.363962062946039,14.048027608972824,1.0777629527725432,1.8042965894466103,100,100,0.97,0.9154806357094724,0.9897454759759611,0.97,0.9154806357094724,0.9897454759759611,97,linear,whole_base_sequence,5.433061808386913,10.408358877701053,6,0,0,nan,nan,nan,2,True,0.0001405539980623871,0.0,0.0,0.0003860530335310492,25807.534343920383,3105498.08766252,9.492408158568383,True,True,True,45.0,45,45,22.34,16,31,22.66,14,29,16.49,10,23,6.0,6,6,6.0,6,6,0.0,0,0,0.0,0,0,0.0,0,0,10.49,4,17
informative,dropout_50,offline_full_record_noncausal,False,14.5,100,100,0,1.0,0.9630065017930143,1.0,100,1.0,0.9630065017930143,1.0,{},1.175459051596572,1.8651047389592486,0.11102753878563242,0.1869314640606423,100,100,0.94,0.8752318455410406,0.9722138760368118,0.94,0.8752318455410406,0.9722138760368118,94,linear,whole_base_sequence,6.095896936087091,12.933366472770677,6,0,0,nan,nan,nan,2,True,0.19499245400016663,0.0,0.0,9.332467552189057e-05,4642.673476332169,11460.293033235565,12.514118335958992,True,True,True,45.0,45,45,22.34,16,31,22.66,14,29,22.34,16,31,22.34,16,31,0.0,0,0,0.0,0,0,0.0,0,0,0.0,0,0,0.0,0,0
informative,dropout_50,retarded_ekf,True,0.0,100,0,100,0.0,0.0,0.03699349820698568,0,0.0,0.0,0.03699349820698568,"{""not_initialized"": 100}",nan,nan,nan,nan,0,100,nan,nan,nan,0.0,0.0,0.03699349820698568,0,linear,whole_base_sequence,nan,nan,6,0,0,nan,nan,nan,2,True,2.531100035412237e-05,0.0,nan,nan,nan,nan,nan,True,True,True,45.0,45,45,22.34,16,31,22.66,14,29,0.0,0,0,0.0,0,0,0.0,0,0,0.0,0,0,0.0,0,0,0.0,0,0,0.0,0,0
informative,dropout_50,retarded_ekf,True,0.5,100,0,100,0.0,0.0,0.03699349820698568,0,0.0,0.0,0.03699349820698568,"{""not_initialized"": 100}",nan,nan,nan,nan,0,100,nan,nan,nan,0.0,0.0,0.03699349820698568,0,linear,whole_base_sequence,nan,nan,6,0,0,nan,nan,nan,2,True,1.4095999649725854e-05,0.0,nan,nan,nan,nan,nan,True,True,True,45.0,45,45,22.34,16,31,22.66,14,29,0.0,0,0,0.0,0,0,0.0,0,0,0.0,0,0,0.0,0,0,0.0,0,0,0.0,0,0
informative,dropout_50,retarded_ekf,True,1.0,100,0,100,0.0,0.0,0.03699349820698568,0,0.0,0.0,0.03699349820698568,"{""not_initialized"": 100}",nan,nan,nan,nan,0,100,nan,nan,nan,0.0,0.0,0.03699349820698568,0,linear,whole_base_sequence,nan,nan,6,0,0,nan,nan,nan,2,True,8.221700205467642e-05,0.0,nan,nan,nan,nan,0.994318013638257,True,True,True,45.0,45,45,22.34,16,31,22.66,14,29,0.82,0,2,0.0,0,0,0.0,0,0,0.0,0,0,0.0,0,0,0.0,0,0,0.82,0,2
informative,dropout_50,retarded_ekf,True,1.5,100,0,100,0.0,0.0,0.03699349820698568,0,0.0,0.0,0.03699349820698568,"{""not_initialized"": 100}",nan,nan,nan,nan,0,100,nan,nan,nan,0.0,0.0,0.03699349820698568,0,linear,whole_base_sequence,nan,nan,6,0,0,nan,nan,nan,2,True,8.71070011635311e-05,0.0,nan,nan,nan,nan,1.4835300428715121,True,True,True,45.0,45,45,22.34,16,31,22.66,14,29,1.55,0,4,0.0,0,0,0.0,0,0,0.0,0,0,0.0,0,0,0.0,0,0,1.55,0,4
informative,dropout_50,retarded_ekf,True,10.0,100,100,0,1.0,0.9630065017930143,1.0,100,1.0,0.9630065017930143,1.0,{},0.8992998689220958,1.7443985664301525,0.13695886956953587,0.2575109713528441,100,100,0.95,0.8882495307680808,0.9784563208456319,0.95,0.8882495307680808,0.9784563208456319,95,linear,whole_base_sequence,5.78539956058975,12.070359524994114,6,114,0,1.6574568727369758,4.649804230838654,0.9824561403508771,2,True,0.00211721999978181,0.000935361998854205,0.0,0.00024433388771838134,1171.3773937941523,2915.1441468651133,9.997820068562422,True,True,True,45.0,45,45,22.34,16,31,22.66,14,29,17.63,11,24,17.63,11,24,6.0,6,6,11.63,5,18,0.0,0,0,0.0,0,0,0.0,0,0
informative,dropout_50,retarded_ekf,True,10.5,100,100,0,1.0,0.9630065017930143,1.0,100,1.0,0.9630065017930143,1.0,{},0.9508107390860804,1.7831996953923224,0.13626063913250866,0.258193722248281,100,100,0.94,0.8752318455410406,0.9722138760368118,0.94,0.8752318455410406,0.9722138760368118,94,linear,whole_base_sequence,5.900157336860678,12.654053740442862,6,84,0,2.051304812439088,5.972043947115257,0.9404761904761905,2,True,0.0015559459998621605,0.0006520359995192849,0.0,0.00021355011984911966,1318.7239651867758,3589.806555752323,10.498689429034023,True,True,True,45.0,45,45,22.34,16,31,22.66,14,29,18.47,11,26,18.47,11,26,6.0,6,6,12.47,5,20,0.0,0,0,0.0,0,0,0.0,0,0
informative,dropout_50,retarded_ekf,True,11.0,100,100,0,1.0,0.9630065017930143,1.0,100,1.0,0.9630065017930143,1.0,{},0.8851132981789906,1.5757443898911467,0.12030344334168522,0.21764024276188706,100,100,0.96,0.9016292856411208,0.9843366960084523,0.96,0.9016292856411208,0.9843366960084523,96,linear,whole_base_sequence,5.748702543304754,11.837922985323928,6,111,0,1.9910467801527292,6.688089959947659,0.9279279279279279,2,True,0.0021297040005447345,0.0009080810012528673,0.0,0.00018803285650851196,1470.162431589054,4560.396100259788,10.914528266618438,True,True,True,45.0,45,45,22.34,16,31,22.66,14,29,19.58,13,26,19.58,13,26,6.0,6,6,13.58,7,20,0.0,0,0,0.0,0,0,0.0,0,0
informative,dropout_50,retarded_ekf,True,11.5,100,100,0,1.0,0.9630065017930143,1.0,100,1.0,0.9630065017930143,1.0,{},0.8955820111786683,1.5463389296008236,0.11459740604962333,0.19882548315311213,100,100,0.97,0.9154806357094724,0.9897454759759611,0.97,0.9154806357094724,0.9897454759759611,97,linear,whole_base_sequence,5.767956140248437,11.259493794176406,6,106,0,1.9509148936097067,5.591284163006723,0.9622641509433962,2,True,0.002038684000726789,0.0008358110010158271,0.0,0.00016670178734524963,1685.4503441813895,5495.764335687864,11.491029988443925,True,True,True,45.0,45,45,22.34,16,31,22.66,14,29,20.64,13,28,20.64,13,28,6.0,6,6,14.64,7,22,0.0,0,0,0.0,0,0,0.0,0,0
informative,dropout_50,retarded_ekf,True,12.0,100,100,0,1.0,0.9630065017930143,1.0,100,1.0,0.9630065017930143,1.0,{},0.9257475418519328,1.6030250149949805,0.11191936858755014,0.19872472472553246,100,100,0.95,0.8882495307680808,0.9784563208456319,0.95,0.8882495307680808,0.9784563208456319,95,linear,whole_base_sequence,5.814913147821776,12.429410006402055,6,54,0,2.1894345584525903,6.467794737214765,0.9259259259259259,2,True,0.0011747109991847538,0.00044526100158691405,0.0,0.00014870933524483912,1983.8570624191702,6819.944882083228,11.981066171103757,True,True,True,45.0,45,45,22.34,16,31,22.66,14,29,21.18,14,29,21.18,14,29,6.0,6,6,15.18,8,23,0.0,0,0,0.0,0,0,0.0,0,0
informative,dropout_50,retarded_ekf,True,12.5,100,100,0,1.0,0.9630065017930143,1.0,100,1.0,0.9630065017930143,1.0,{},0.9639941364710813,1.519815713391349,0.11113471759391291,0.19538985327363484,100,100,0.95,0.8882495307680808,0.9784563208456319,0.95,0.8882495307680808,0.9784563208456319,95,linear,whole_base_sequence,6.087294570570424,12.523146757680331,6,113,0,1.9610541555959617,5.673061603981702,0.9557522123893806,2,True,0.002317880000919104,0.0009397759995772503,0.0,0.00013338022471044573,2076.1473824243403,5570.174563954292,12.486840659507104,True,True,True,45.0,45,45,22.34,16,31,22.66,14,29,22.31,16,31,22.31,16,31,6.0,6,6,16.31,10,25,0.0,0,0,0.0,0,0,0.0,0,0
informative,dropout_50,retarded_ekf,True,14.5,100,100,0,1.0,0.9630065017930143,1.0,100,1.0,0.9630065017930143,1.0,{},1.1756643686369972,1.905921803241071,0.11122518974886492,0.19538985327363484,100,100,0.95,0.8882495307680808,0.9784563208456319,0.95,0.8882495307680808,0.9784563208456319,95,linear,whole_base_sequence,6.098886369697345,12.523146757680705,6,3,0,1.4073737368385277,2.9791177443300287,1.0,2,True,0.00023730799730401487,2.7268000412732362e-05,0.0,9.048929132741366e-05,4669.655571241819,11482.608643149006,12.514118335958992,True,True,True,45.0,45,45,22.34,16,31,22.66,14,29,22.34,16,31,22.34,16,31,6.0,6,6,16.34,10,25,0.0,0,0,0.0,0,0,0.0,0,0
informative,dropout_50,retarded_ekf,True,2.0,100,1,99,0.01,0.0017674320641406505,0.054486196178705315,1,0.01,0.0017674320641406505,0.054486196178705315,"{""not_initialized"": 99}",0.7952651722646379,0.7952651722646379,1.2453309316035088,1.2453309316035088,1,100,1.0,0.20654931437723745,1.0,0.01,0.0017674320641406505,0.054486196178705315,1,linear,whole_base_sequence,8.036691304750981,8.036691304750981,6,0,0,nan,nan,nan,2,True,0.0007418730002245866,0.0,0.0,0.019738873636308357,84.74828644048124,84.74828644048124,1.9921621128694267,True,True,True,45.0,45,45,22.34,16,31,22.66,14,29,2.8,0,6,0.06,0,6,0.06,0,6,0.0,0,0,0.0,0,0,0.0,0,0,2.74,0,5
informative,dropout_50,retarded_ekf,True,2.5,100,8,92,0.08,0.041093461484380624,0.14998107700948735,8,0.08,0.041093461484380624,0.14998107700948735,"{""not_initialized"": 92}",1.2447321326156,1.557662526112038,0.9809656709836536,1.247959872057237,8,100,1.0,0.6755924351161198,1.0,0.08,0.041093461484380624,0.14998107700948735,8,linear,whole_base_sequence,4.581939599615398,7.063987352064386,6,0,0,nan,nan,nan,2,True,0.0045363679990987294,0.0,0.0,0.012141369736557989,138.93785781207941,224.16417443454029,2.498052907198982,True,True,True,45.0,45,45,22.34,16,31,22.66,14,29,3.62,0,6,0.48,0,6,0.48,0,6,0.0,0,0,0.0,0,0,0.0,0,0,3.14,0,5
informative,dropout_50,retarded_ekf,True,3.0,100,20,80,0.2,0.1333669333310325,0.2888291655931589,20,0.2,0.1333669333310325,0.2888291655931589,"{""not_initialized"": 80}",1.3996334914892834,2.3405719165377197,0.7591522026269286,1.2530216100015228,20,100,1.0,0.8388748419471806,1.0,0.2,0.1333669333310325,0.2888291655931589,20,linear,whole_base_sequence,5.3436552988889146,9.882047304181997,6,13,0,1.0897762914938185,2.680061054103659,1.0,2,True,0.007733027998474426,8.30000004498288e-05,0.0,0.007151428698353794,152.24933564266263,309.44701704944686,2.892421238481789,True,True,True,45.0,45,45,22.34,16,31,22.66,14,29,4.58,1,8,1.33,0,8,1.2,0,6,0.13,0,2,0.0,0,0,0.0,0,0,3.25,0,5
informative,dropout_50,retarded_ekf,True,3.5,100,55,45,0.55,0.45244602997442135,0.6438546202048803,55,0.55,0.45244602997442135,0.6438546202048803,"{""not_initialized"": 45}",1.670221738817289,2.4368393311032084,1.0509826380273162,1.1753695984426549,55,100,0.9818181818181818,0.903942239378376,0.9967832195451589,0.54,0.44264860323368227,0.6343919169097589,54,linear,whole_base_sequence,5.01658749606323,9.011798019335842,6,30,0,2.326623809206367,6.991450980880459,0.9,2,True,0.021573346999066417,0.00023810300073819234,0.0,0.004675615181924879,163.92596715068115,13295.285796045595,3.480486581347895,True,True,True,45.0,45,45,22.34,16,31,22.66,14,29,5.61,2,10,3.73,0,10,3.3,0,6,0.43,0,4,0.0,0,0,0.0,0,0,1.88,0,5
informative,dropout_50,retarded_ekf,True,4.0,100,66,34,0.66,0.5627772885472462,0.7453847920265184,66,0.66,0.5627772885472462,0.7453847920265184,"{""not_initialized"": 34}",2.165154071022901,3.3340809938109404,0.9664404024111914,1.3785639907334064,66,100,0.9696969696969697,0.8960747808829028,0.9916500898013463,0.64,0.5423540245160874,0.7272877959859567,64,linear,whole_base_sequence,5.449733112181762,10.877232619027138,6,38,0,1.5733764264936436,4.3527842823207825,1.0,2,True,0.007486942998948507,0.0003141100009088404,0.0,0.00326590179056659,243.24404860508884,20861.58904468247,3.9962234906126226,True,True,True,45.0,45,45,22.34,16,31,22.66,14,29,6.22,2,11,4.77,0,11,3.96,0,6,0.81,0,5,0.0,0,0,0.0,0,0,1.45,0,5
informative,dropout_50,retarded_ekf,True,4.5,100,82,18,0.82,0.7333264161369926,0.8829977450105364,82,0.82,0.7333264161369926,0.8829977450105364,"{""not_initialized"": 18}",1.7584401507365905,3.1122086464498278,0.6225742115262316,1.1618211554756055,82,100,0.9634146341463414,0.8978726535639152,0.9874804269184307,0.79,0.7002003116591013,0.858343459380847,79,linear,whole_base_sequence,5.349033571249349,11.084998950312785,6,87,0,2.0335575151305414,5.728224252126609,0.9655172413793104,2,True,0.011498725999845192,0.0006893460015999154,0.0,0.0023795116317876955,247.70959227589992,3979.86503189952,4.4905355676984815,True,True,True,45.0,45,45,22.34,16,31,22.66,14,29,7.36,2,12,6.6,0,12,4.92,0,6,1.68,0,6,0.0,0,0,0.0,0,0,0.76,0,5
informative,dropout_50,retarded_ekf,True,5.0,100,90,10,0.9,0.8256343384950865,0.9447708629393249,90,0.9,0.8256343384950865,0.9447708629393249,"{""not_initialized"": 10}",1.74649034665378,2.471775901792518,0.5329238781016994,0.7732901111166892,90,100,0.9888888888888889,0.9397159168824657,0.9980359158990818,0.89,0.8136870349691969,0.9374580364293543,89,linear,whole_base_sequence,5.522944577324923,11.19235524021672,6,80,0,1.8743375941724003,5.257821965184485,1.0,2,True,0.005831184002745431,0.0006224340008338914,0.0,0.0017982274877540384,299.44925572002296,5475.556835027132,4.99270526792087,True,True,True,45.0,45,45,22.34,16,31,22.66,14,29,8.31,3,14,7.88,0,14,5.4,0,6,2.48,0,8,0.0,0,0,0.0,0,0,0.43,0,5
informative,dropout_50,retarded_ekf,True,5.5,100,94,6,0.94,0.8752318455410406,0.9722138760368118,94,0.94,0.8752318455410406,0.9722138760368118,"{""not_initialized"": 6}",1.428219789647616,2.0907953542829234,0.38751943478165296,0.632281048371981,94,100,0.9680851063829787,0.9103268539187764,0.9890873725316923,0.91,0.837737871472837,0.9519274599974348,91,linear,whole_base_sequence,5.8491363715492435,11.808144244751885,6,73,0,2.211531331288442,6.419777273921428,0.9178082191780822,2,True,0.0035591300003579816,0.0005952500004786998,0.0,0.0014004676508225006,330.66601004928583,7538.847024389691,5.495635049171111,True,True,True,45.0,45,45,22.34,16,31,22.66,14,29,9.12,3,14,8.85,0,14,5.64,0,6,3.21,0,8,0.0,0,0,0.0,0,0,0.27,0,5
informative,dropout_50,retarded_ekf,True,6.0,100,99,1,0.99,0.9455138038212946,0.9982325679358593,99,0.99,0.9455138038212946,0.9982325679358593,"{""not_initialized"": 1}",1.001185647709755,1.7958080162032313,0.2679026708167987,0.48190649729774654,99,100,0.9797979797979798,0.9293096883284993,0.9944422798892423,0.97,0.9154806357094724,0.9897454759759611,97,linear,whole_base_sequence,5.2935603694765225,11.021787860979385,6,100,0,2.1005160539201104,6.05019642176134,0.94,2,True,0.004601020999543835,0.0008275429994682781,0.0,0.0010869333734207735,365.3230125065494,2837.026636127365,5.9947520597755535,True,True,True,45.0,45,45,22.34,16,31,22.66,14,29,10.2,5,15,10.15,0,15,5.94,0,6,4.21,0,9,0.0,0,0,0.0,0,0,0.05,0,5
informative,dropout_50,retarded_ekf,True,6.5,100,99,1,0.99,0.9455138038212946,0.9982325679358593,99,0.99,0.9455138038212946,0.9982325679358593,"{""not_initialized"": 1}",1.013524156637882,1.8093160769057668,0.24312791874031187,0.4500260378903436,99,100,0.9696969696969697,0.9146631979389799,0.9896413604215459,0.96,0.9016292856411208,0.9843366960084523,96,linear,whole_base_sequence,5.438867622657458,10.987247479910135,6,69,0,1.6383816267166391,4.4964714769673035,1.0,2,True,0.0011627890000818297,0.000559625000169035,0.0,0.0008525810381435672,477.60089610537494,1496.4676134878346,6.497660566580254,True,True,True,45.0,45,45,22.34,16,31,22.66,14,29,10.89,5,17,10.84,0,17,5.94,0,6,4.9,0,11,0.0,0,0,0.0,0,0,0.05,0,5
informative,dropout_50,retarded_ekf,True,7.0,100,100,0,1.0,0.9630065017930143,1.0,100,1.0,0.9630065017930143,1.0,{},1.0130439701208416,1.9410255572959647,0.22684070197972106,0.417594557306773,100,100,0.95,0.8882495307680808,0.9784563208456319,0.95,0.8882495307680808,0.9784563208456319,95,linear,whole_base_sequence,5.56958595191348,12.39455407336811,6,88,0,2.031889491461919,6.365530901699713,0.9431818181818182,2,True,0.0020313349991920404,0.0007315789983840659,0.0,0.0006830231000239991,519.952981440205,1989.2199897418225,6.915652850238421,True,True,True,45.0,45,45,22.34,16,31,22.66,14,29,11.78,6,18,11.78,6,18,6.0,6,6,5.78,0,12,0.0,0,0,0.0,0,0,0.0,0,0
informative,dropout_50,retarded_ekf,True,7.5,100,100,0,1.0,0.9630065017930143,1.0,100,1.0,0.9630065017930143,1.0,{},0.9225715298993141,1.4234546190099855,0.19437959925195503,0.3183823317388705,100,100,0.96,0.9016292856411208,0.9843366960084523,0.96,0.9016292856411208,0.9843366960084523,96,linear,whole_base_sequence,5.553762409942858,12.191802296697313,6,122,0,2.0000605649939676,5.619133952310236,0.9672131147540983,2,True,0.001969281998171937,0.000978693999350071,0.0,0.0005565323764562228,586.2438611300691,2090.4700951020254,7.498078110553757,True,True,True,45.0,45,45,22.34,16,31,22.66,14,29,13.0,7,20,13.0,7,20,6.0,6,6,7.0,1,14,0.0,0,0,0.0,0,0,0.0,0,0
informative,dropout_50,retarded_ekf,True,8.0,100,100,0,1.0,0.9630065017930143,1.0,100,1.0,0.9630065017930143,1.0,{},0.9596648916622683,1.5447959381724141,0.18381462103582535,0.3417570358077583,100,100,0.96,0.9016292856411208,0.9843366960084523,0.96,0.9016292856411208,0.9843366960084523,96,linear,whole_base_sequence,5.542614281969098,12.457196477579933,6,63,0,1.8956228277236904,5.628978702083465,0.9523809523809523,2,True,0.0011398269986966625,0.000507545999425929,0.0,0.00046061619164722143,676.5830473623872,2110.3599135630584,7.999775122098295,True,True,True,45.0,45,45,22.34,16,31,22.66,14,29,13.63,8,21,13.63,8,21,6.0,6,6,7.63,2,15,0.0,0,0,0.0,0,0,0.0,0,0
informative,dropout_50,retarded_ekf,True,8.5,100,100,0,1.0,0.9630065017930143,1.0,100,1.0,0.9630065017930143,1.0,{},0.8927760448299472,1.458203108847362,0.16674420904674925,0.26709205292387556,100,100,0.97,0.9154806357094724,0.9897454759759611,0.97,0.9154806357094724,0.9897454759759611,97,linear,whole_base_sequence,5.625865608180163,11.643221730716801,6,121,0,1.918228657909762,5.396335475705826,0.9586776859504132,2,True,0.0020941139981732705,0.000989946000627242,0.0,0.0003865201374743132,755.9228965703062,2302.412085112871,8.478690801141395,True,True,True,45.0,45,45,22.34,16,31,22.66,14,29,14.84,8,22,14.84,8,22,6.0,6,6,8.84,2,16,0.0,0,0,0.0,0,0,0.0,0,0
informative,dropout_50,retarded_ekf,True,9.0,100,100,0,1.0,0.9630065017930143,1.0,100,1.0,0.9630065017930143,1.0,{},0.8805496948768442,1.5976733035241864,0.15460516770561544,0.2734812656513087,100,100,0.96,0.9016292856411208,0.9843366960084523,0.96,0.9016292856411208,0.9843366960084523,96,linear,whole_base_sequence,5.736013959967531,11.659826663810762,6,96,0,1.9019858515948416,5.681633371035718,0.9583333333333334,2,True,0.0017684379997081124,0.0007877489991369658,0.0,0.000328325712669883,874.4316264945396,2395.921255842597,8.999999142164,True,True,True,45.0,45,45,22.34,16,31,22.66,14,29,15.8,8,23,15.8,8,23,6.0,6,6,9.8,2,17,0.0,0,0,0.0,0,0,0.0,0,0
informative,dropout_50,retarded_ekf,True,9.5,100,100,0,1.0,0.9630065017930143,1.0,100,1.0,0.9630065017930143,1.0,{},0.881487400773112,1.4354584432959312,0.14241116867862255,0.23636280254761524,100,100,0.96,0.9016292856411208,0.9843366960084523,0.96,0.9016292856411208,0.9843366960084523,96,linear,whole_base_sequence,5.722139600865659,11.368103062136695,6,69,0,2.3662843812201526,6.6274581003204265,0.9130434782608695,2,True,0.0013672659985604697,0.0005909089991473593,0.0,0.00028194045414059904,1020.7982834255993,3245.7818892674068,9.492408158568383,True,True,True,45.0,45,45,22.34,16,31,22.66,14,29,16.49,10,23,16.49,10,23,6.0,6,6,10.49,4,17,0.0,0,0,0.0,0,0,0.0,0,0
informative,long_delay,causal_prefix_batch,True,0.0,100,0,100,0.0,0.0,0.03699349820698568,0,0.0,0.0,0.03699349820698568,"{""insufficient_measurements"": 100}",nan,nan,nan,nan,0,100,nan,nan,nan,0.0,0.0,0.03699349820698568,0,linear,whole_base_sequence,nan,nan,6,0,0,nan,nan,nan,2,True,4.798700043465942e-05,0.0,nan,nan,nan,nan,nan,True,True,True,45.0,45,45,45.0,45,45,0.0,0,0,0.0,0,0,0.0,0,0,0.0,0,0,0.0,0,0,0.0,0,0,0.0,0,0,0.0,0,0
informative,long_delay,causal_prefix_batch,True,0.5,100,0,100,0.0,0.0,0.03699349820698568,0,0.0,0.0,0.03699349820698568,"{""insufficient_measurements"": 100}",nan,nan,nan,nan,0,100,nan,nan,nan,0.0,0.0,0.03699349820698568,0,linear,whole_base_sequence,nan,nan,6,0,0,nan,nan,nan,2,True,3.6097001284360886e-05,0.0,nan,nan,nan,nan,nan,True,True,True,45.0,45,45,45.0,45,45,0.0,0,0,0.0,0,0,0.0,0,0,0.0,0,0,0.0,0,0,0.0,0,0,0.0,0,0,0.0,0,0
informative,long_delay,causal_prefix_batch,True,1.0,100,0,100,0.0,0.0,0.03699349820698568,0,0.0,0.0,0.03699349820698568,"{""insufficient_measurements"": 100}",nan,nan,nan,nan,0,100,nan,nan,nan,0.0,0.0,0.03699349820698568,0,linear,whole_base_sequence,nan,nan,6,0,0,nan,nan,nan,2,True,3.54260002495721e-05,0.0,nan,nan,nan,nan,0.9988289937019668,True,True,True,45.0,45,45,45.0,45,45,0.0,0,0,0.33,0,2,0.33,0,2,0.0,0,0,0.0,0,0,0.0,0,0,0.0,0,0,0.0,0,0
informative,long_delay,causal_prefix_batch,True,1.5,100,2,98,0.02,0.00550196755016235,0.07001179072854388,2,0.02,0.00550196755016235,0.07001179072854388,"{""insufficient_measurements"": 98}",12.147478897840841,14.624433862168326,12.635695458450051,15.376966685983074,2,100,1.0,0.34238022750665303,1.0,0.02,0.00550196755016235,0.07001179072854388,2,linear,whole_base_sequence,4.574048188158059,5.50978502626333,6,0,0,nan,nan,nan,2,True,0.0004893830005312338,0.0,0.0,0.04234669793625267,6462.376110602014,7502.382232446423,1.4872137021675407,True,True,True,45.0,45,45,45.0,45,45,0.0,0,0,1.19,0,3,1.19,0,3,0.0,0,0,0.0,0,0,0.0,0,0,0.0,0,0,0.0,0,0
informative,long_delay,causal_prefix_batch,True,10.0,100,100,0,1.0,0.9630065017930143,1.0,100,1.0,0.9630065017930143,1.0,{},0.6196183682987718,1.0209305222903455,0.09730870407797917,0.1586587877973062,100,100,0.97,0.9154806357094724,0.9897454759759611,0.97,0.9154806357094724,0.9897454759759611,97,linear,whole_base_sequence,5.736629820545935,11.406809268601343,6,0,0,nan,nan,nan,2,True,0.2747145759995328,0.0,0.0,0.00019819785750526384,1341.2146847227295,1898.2559454864277,9.99858573035365,True,True,True,45.0,45,45,45.0,45,45,0.0,0,0,32.51,30,35,32.51,30,35,0.0,0,0,0.0,0,0,0.0,0,0,0.0,0,0,0.0,0,0
informative,long_delay,causal_prefix_batch,True,10.5,100,100,0,1.0,0.9630065017930143,1.0,100,1.0,0.9630065017930143,1.0,{},0.6213887754113226,0.9484379467815945,0.09026676544834114,0.14325547118996973,100,100,0.99,0.9455138038212946,0.9982325679358593,0.99,0.9455138038212946,0.9982325679358593,99,linear,whole_base_sequence,5.962284729362455,11.32883340938642,6,0,0,nan,nan,nan,2,True,0.2865808670019032,0.0,0.0,0.00017210453484305878,1528.072305351881,1941.859100821405,10.498631349961299,True,True,True,45.0,45,45,45.0,45,45,0.0,0,0,34.25,31,37,34.25,31,37,0.0,0,0,0.0,0,0,0.0,0,0,0.0,0,0,0.0,0,0
informative,long_delay,causal_prefix_batch,True,11.0,100,100,0,1.0,0.9630065017930143,1.0,100,1.0,0.9630065017930143,1.0,{},0.6148876702236267,1.0152405445766155,0.08583930800776736,0.13533625895337623,100,100,0.99,0.9455138038212946,0.9982325679358593,0.99,0.9455138038212946,0.9982325679358593,99,linear,whole_base_sequence,5.86730156096325,10.369150646960518,6,0,0,nan,nan,nan,2,True,0.30421649399882883,0.0,0.0,0.0001509641310584825,1741.0016331871914,2145.286989445297,10.99974922994791,True,True,True,45.0,45,45,45.0,45,45,0.0,0,0,36.09,34,39,36.09,34,39,0.0,0,0,0.0,0,0,0.0,0,0,0.0,0,0,0.0,0,0
informative,long_delay,causal_prefix_batch,True,11.5,100,100,0,1.0,0.9630065017930143,1.0,100,1.0,0.9630065017930143,1.0,{},0.6189273082637865,1.0717499256820031,0.08167397664802772,0.12668859731382381,100,100,0.99,0.9455138038212946,0.9982325679358593,0.99,0.9455138038212946,0.9982325679358593,99,linear,whole_base_sequence,6.012500491625877,10.376402054888487,6,0,0,nan,nan,nan,2,True,0.3176377639992279,0.0,0.0,0.00013325538327041016,1911.2220658358124,2549.909233462776,11.497779965539694,True,True,True,45.0,45,45,45.0,45,45,0.0,0,0,38.15,35,40,38.15,35,40,0.0,0,0,0.0,0,0,0.0,0,0,0.0,0,0,0.0,0,0
informative,long_delay,causal_prefix_batch,True,12.0,100,100,0,1.0,0.9630065017930143,1.0,100,1.0,0.9630065017930143,1.0,{},0.6326158095333626,1.1667745207915197,0.07916785277349567,0.13897852318043494,100,100,0.99,0.9455138038212946,0.9982325679358593,0.99,0.9455138038212946,0.9982325679358593,99,linear,whole_base_sequence,6.016228271464268,10.525701925428896,6,0,0,nan,nan,nan,2,True,0.3375228810007684,0.0,0.0,0.00011828784920789857,2121.5961474836236,2583.6773114572275,11.998349077656059,True,True,True,45.0,45,45,45.0,45,45,0.0,0,0,39.96,38,42,39.96,38,42,0.0,0,0,0.0,0,0,0.0,0,0,0.0,0,0,0.0,0,0
informative,long_delay,causal_prefix_batch,True,12.5,100,100,0,1.0,0.9630065017930143,1.0,100,1.0,0.9630065017930143,1.0,{},0.6436043296826225,1.1609434146298223,0.07669257360673984,0.13086515169099538,100,100,0.98,0.929988209271456,0.9944980324498376,0.98,0.929988209271456,0.9944980324498376,98,linear,whole_base_sequence,6.15571264591033,10.624714374748793,6,0,0,nan,nan,nan,2,True,0.353864327998599,0.0,0.0,0.00010539888626157296,2375.196266592895,2935.8301159108987,12.498412868360912,True,True,True,45.0,45,45,45.0,45,45,0.0,0,0,41.78,39,45,41.78,39,45,0.0,0,0,0.0,0,0,0.0,0,0,0.0,0,0,0.0,0,0
informative,long_delay,causal_prefix_batch,True,14.5,100,100,0,1.0,0.9630065017930143,1.0,100,1.0,0.9630065017930143,1.0,{},0.7559785187307719,1.2699470444179337,0.07298242641144526,0.129656120632694,100,100,0.96,0.9016292856411208,0.9843366960084523,0.96,0.9016292856411208,0.9843366960084523,96,linear,whole_base_sequence,6.409221778658739,12.234877438590962,6,0,0,nan,nan,nan,2,True,0.3793459079990862,0.0,0.0,7.017954396026056e-05,4338.511134714776,5148.902157964758,14.09057064596549,True,True,True,45.0,45,45,45.0,45,45,0.0,0,0,45.0,45,45,45.0,45,45,0.0,0,0,0.0,0,0,0.0,0,0,0.0,0,0,0.0,0,0
informative,long_delay,causal_prefix_batch,True,2.0,100,46,54,0.46,0.36560808309024106,0.5573513967663177,46,0.46,0.36560808309024106,0.5573513967663177,"{""insufficient_local_observability"": 3, ""insufficient_measurements"": 46, ""optimization_error:ValueError"": 5}",131.8595110538255,333.19976811744175,86.54217331201806,229.31780197425763,46,100,0.8695652173913043,0.74334142220927,0.9388215963796489,0.4,0.3094012864324589,0.4979974132089382,40,linear,whole_base_sequence,7.487550811733532,19.234034782353135,6,0,0,nan,nan,nan,2,True,0.11648522999923444,0.0,0.0,0.006173573518361645,18352.687164440707,98101426.91722226,1.992380419750253,True,True,True,45.0,45,45,45.0,45,45,0.0,0,0,2.56,0,6,2.56,0,6,0.0,0,0,0.0,0,0,0.0,0,0,0.0,0,0,0.0,0,0
informative,long_delay,causal_prefix_batch,True,2.5,100,92,8,0.92,0.8500189229905127,0.9589065385156194,92,0.92,0.8500189229905127,0.9589065385156194,"{""insufficient_local_observability"": 4, ""insufficient_measurements"": 3, ""projected_kkt_not_satisfied"": 1}",75.41962868015715,33.17653509946015,35.10768232656405,17.079550074549665,92,100,0.9456521739130435,0.8790146952375347,0.9765649360513676,0.87,0.7901964855992357,0.9224283257275948,87,linear,whole_base_sequence,6.014607515904974,12.625393921770883,6,0,0,nan,nan,nan,2,True,0.07728674000303727,0.0,0.0,0.00871088856733245,465.9531611544297,224586701.454065,2.4974288440626857,True,True,True,45.0,45,45,45.0,45,45,0.0,0,0,4.43,1,6,4.43,1,6,0.0,0,0,0.0,0,0,0.0,0,0,0.0,0,0,0.0,0,0
informative,long_delay,causal_prefix_batch,True,3.0,100,100,0,1.0,0.9630065017930143,1.0,100,1.0,0.9630065017930143,1.0,{},9.525146580890251,7.795752522702935,3.9336546517907927,3.30941521441529,100,100,0.98,0.929988209271456,0.9944980324498376,0.98,0.929988209271456,0.9944980324498376,98,linear,whole_base_sequence,5.66660531229543,10.685796768430357,6,0,0,nan,nan,nan,2,True,0.06183862599689746,0.0,0.0,0.006780119985917777,443.1991548179267,120837.54237481151,2.9970172176770236,True,True,True,45.0,45,45,45.0,45,45,0.0,0,0,6.01,3,8,6.01,3,8,0.0,0,0,0.0,0,0,0.0,0,0,0.0,0,0,0.0,0,0
informative,long_delay,causal_prefix_batch,True,3.5,100,100,0,1.0,0.9630065017930143,1.0,100,1.0,0.9630065017930143,1.0,{},1.8457721210897695,3.0337943003801526,0.7256061941209665,1.1425564583684065,100,100,0.99,0.9455138038212946,0.9982325679358593,0.99,0.9455138038212946,0.9982325679358593,99,linear,whole_base_sequence,5.583054727339098,10.660831555719566,6,0,0,nan,nan,nan,2,True,0.07845588199881603,0.0,0.0,0.004369645044170922,435.80974660537925,2212.7046720667017,3.497754248789989,True,True,True,45.0,45,45,45.0,45,45,0.0,0,0,8.04,5,10,8.04,5,10,0.0,0,0,0.0,0,0,0.0,0,0,0.0,0,0,0.0,0,0
informative,long_delay,causal_prefix_batch,True,4.0,100,100,0,1.0,0.9630065017930143,1.0,100,1.0,0.9630065017930143,1.0,{},1.3125812037184745,2.353178388126429,0.466131514192282,0.8102764612992885,100,100,0.96,0.9016292856411208,0.9843366960084523,0.96,0.9016292856411208,0.9843366960084523,96,linear,whole_base_sequence,5.45138370184145,10.094856528304163,6,0,0,nan,nan,nan,2,True,0.0917605690023629,0.0,0.0,0.00287941271772046,366.14152156721366,1828.8019443992002,3.9988199117806107,True,True,True,45.0,45,45,45.0,45,45,0.0,0,0,9.95,7,12,9.95,7,12,0.0,0,0,0.0,0,0,0.0,0,0,0.0,0,0,0.0,0,0
informative,long_delay,causal_prefix_batch,True,4.5,100,100,0,1.0,0.9630065017930143,1.0,100,1.0,0.9630065017930143,1.0,{},1.2814041632715223,2.318645000863103,0.40752028269256585,0.6738698663913055,100,100,0.94,0.8752318455410406,0.9722138760368118,0.94,0.8752318455410406,0.9722138760368118,94,linear,whole_base_sequence,5.830887433401565,12.716613417045222,6,0,0,nan,nan,nan,2,True,0.10933211800089339,0.0,0.0,0.002086695465293511,386.1086453159693,972.9505136466629,4.49945979675186,True,True,True,45.0,45,45,45.0,45,45,0.0,0,0,11.74,9,14,11.74,9,14,0.0,0,0,0.0,0,0,0.0,0,0,0.0,0,0,0.0,0,0
informative,long_delay,causal_prefix_batch,True,5.0,100,100,0,1.0,0.9630065017930143,1.0,100,1.0,0.9630065017930143,1.0,{},1.0966005409476782,1.8197101895301255,0.32556864776245403,0.5191236266497595,100,100,0.97,0.9154806357094724,0.9897454759759611,0.97,0.9154806357094724,0.9897454759759611,97,linear,whole_base_sequence,5.829156600387616,11.892922237402873,6,0,0,nan,nan,nan,2,True,0.12478029699996114,0.0,0.0,0.0015422724230569607,428.1504495980836,819.4464463900521,4.996966448692182,True,True,True,45.0,45,45,45.0,45,45,0.0,0,0,13.66,11,18,13.66,11,18,0.0,0,0,0.0,0,0,0.0,0,0,0.0,0,0,0.0,0,0
informative,long_delay,causal_prefix_batch,True,5.5,100,100,0,1.0,0.9630065017930143,1.0,100,1.0,0.9630065017930143,1.0,{},0.997619761436717,1.6167603526468193,0.26904570980368764,0.4382707809985601,100,100,0.96,0.9016292856411208,0.9843366960084523,0.96,0.9016292856411208,0.9843366960084523,96,linear,whole_base_sequence,5.835378455103374,11.571314069677303,6,0,0,nan,nan,nan,2,True,0.1397382569985348,0.0,0.0,0.001158565101521113,475.20102254010703,1201.9322507008676,5.499449520235045,True,True,True,45.0,45,45,45.0,45,45,0.0,0,0,15.52,13,18,15.52,13,18,0.0,0,0,0.0,0,0,0.0,0,0,0.0,0,0,0.0,0,0
informative,long_delay,causal_prefix_batch,True,6.0,100,100,0,1.0,0.9630065017930143,1.0,100,1.0,0.9630065017930143,1.0,{},0.9099271995117099,1.5035713008445584,0.23135327565161637,0.3724793235713484,100,100,0.98,0.929988209271456,0.9944980324498376,0.98,0.929988209271456,0.9944980324498376,98,linear,whole_base_sequence,5.573665810289534,11.105223139244917,6,0,0,nan,nan,nan,2,True,0.15154934200021672,0.0,0.0,0.0008830742010277905,542.9667548637287,1215.8501312785145,5.997943753439602,True,True,True,45.0,45,45,45.0,45,45,0.0,0,0,17.28,14,20,17.28,14,20,0.0,0,0,0.0,0,0,0.0,0,0,0.0,0,0,0.0,0,0
informative,long_delay,causal_prefix_batch,True,6.5,100,100,0,1.0,0.9630065017930143,1.0,100,1.0,0.9630065017930143,1.0,{},0.7878988266496432,1.3254293009760703,0.18653809210106506,0.31881924791499805,100,100,0.98,0.929988209271456,0.9944980324498376,0.98,0.929988209271456,0.9944980324498376,98,linear,whole_base_sequence,5.36509172328197,10.955297824291522,6,0,0,nan,nan,nan,2,True,0.17048568500147668,0.0,0.0,0.0006923114409451083,572.6264641011728,995.8044080963559,6.499244815146497,True,True,True,45.0,45,45,45.0,45,45,0.0,0,0,19.32,17,22,19.32,17,22,0.0,0,0,0.0,0,0,0.0,0,0,0.0,0,0,0.0,0,0
informative,long_delay,causal_prefix_batch,True,7.0,100,100,0,1.0,0.9630065017930143,1.0,100,1.0,0.9630065017930143,1.0,{},0.7844887947515105,1.236360482860916,0.17306259526680218,0.29107303262874296,100,100,0.98,0.929988209271456,0.9944980324498376,0.98,0.929988209271456,0.9944980324498376,98,linear,whole_base_sequence,5.618507356633721,10.606694438668578,6,0,0,nan,nan,nan,2,True,0.183930393999035,0.0,0.0,0.0005580535662768006,663.4760408400538,1065.316518109908,6.996862735900991,True,True,True,45.0,45,45,45.0,45,45,0.0,0,0,21.11,19,23,21.11,19,23,0.0,0,0,0.0,0,0,0.0,0,0,0.0,0,0,0.0,0,0
informative,long_delay,causal_prefix_batch,True,7.5,100,100,0,1.0,0.9630065017930143,1.0,100,1.0,0.9630065017930143,1.0,{},0.7818759211313704,1.305046490366105,0.1588533387163981,0.26596326117803115,100,100,0.98,0.929988209271456,0.9944980324498376,0.98,0.929988209271456,0.9944980324498376,98,linear,whole_base_sequence,5.913792549315725,11.449842766583023,6,0,0,nan,nan,nan,2,True,0.20252283299807458,0.0,0.0,0.00045670879442022557,730.0139651441748,1141.6716954288413,7.498680621308876,True,True,True,45.0,45,45,45.0,45,45,0.0,0,0,23.17,21,27,23.17,21,27,0.0,0,0,0.0,0,0,0.0,0,0,0.0,0,0,0.0,0,0
informative,long_delay,causal_prefix_batch,True,8.0,100,100,0,1.0,0.9630065017930143,1.0,100,1.0,0.9630065017930143,1.0,{},0.7670317596656271,1.2176272047019594,0.14496641466994747,0.24165985717080204,100,100,0.96,0.9016292856411208,0.9843366960084523,0.96,0.9016292856411208,0.9843366960084523,96,linear,whole_base_sequence,6.034679892402144,11.93885965744387,6,0,0,nan,nan,nan,2,True,0.21893813399976353,0.0,0.0,0.00037837101277105804,817.205910138543,1208.0060264719489,7.998699869607323,True,True,True,45.0,45,45,45.0,45,45,0.0,0,0,25.01,22,28,25.01,22,28,0.0,0,0,0.0,0,0,0.0,0,0,0.0,0,0,0.0,0,0
informative,long_delay,causal_prefix_batch,True,8.5,100,100,0,1.0,0.9630065017930143,1.0,100,1.0,0.9630065017930143,1.0,{},0.7074260059816985,1.2619104232779255,0.12663326099815866,0.21679983974162087,100,100,0.97,0.9154806357094724,0.9897454759759611,0.97,0.9154806357094724,0.9897454759759611,97,linear,whole_base_sequence,5.7870346433600774,11.332448770986122,6,0,0,nan,nan,nan,2,True,0.23204207800037693,0.0,0.0,0.0003168828267981438,950.6122606062684,1237.6827117863431,8.498805778213853,True,True,True,45.0,45,45,45.0,45,45,0.0,0,0,26.83,25,29,26.83,25,29,0.0,0,0,0.0,0,0,0.0,0,0,0.0,0,0,0.0,0,0
informative,long_delay,causal_prefix_batch,True,9.0,100,100,0,1.0,0.9630065017930143,1.0,100,1.0,0.9630065017930143,1.0,{},0.670150947224682,1.1444926237070905,0.1136374551863823,0.18862158336506815,100,100,0.98,0.929988209271456,0.9944980324498376,0.98,0.929988209271456,0.9944980324498376,98,linear,whole_base_sequence,5.697452083415078,11.215519315982197,6,0,0,nan,nan,nan,2,True,0.25101965700101575,0.0,0.0,0.00026828875039301204,1050.2053586969346,1515.9789077854555,8.997791749042221,True,True,True,45.0,45,45,45.0,45,45,0.0,0,0,28.69,26,31,28.69,26,31,0.0,0,0,0.0,0,0,0.0,0,0,0.0,0,0,0.0,0,0
informative,long_delay,causal_prefix_batch,True,9.5,100,100,0,1.0,0.9630065017930143,1.0,100,1.0,0.9630065017930143,1.0,{},0.6490148101736375,1.0923617874379619,0.1062033549768152,0.17216603433084823,100,100,0.99,0.9455138038212946,0.9982325679358593,0.99,0.9455138038212946,0.9982325679358593,99,linear,whole_base_sequence,5.672466052996939,10.650202940530304,6,0,0,nan,nan,nan,2,True,0.2651237400001264,0.0,0.0,0.000229799675879438,1193.3954982443997,1704.3876243955772,9.499030406636821,True,True,True,45.0,45,45,45.0,45,45,0.0,0,0,30.6,28,33,30.6,28,33,0.0,0,0,0.0,0,0,0.0,0,0,0.0,0,0,0.0,0,0
informative,long_delay,initial_batch_no_updates,True,0.0,100,0,100,0.0,0.0,0.03699349820698568,0,0.0,0.0,0.03699349820698568,"{""not_initialized"": 100}",nan,nan,nan,nan,0,100,nan,nan,nan,0.0,0.0,0.03699349820698568,0,linear,whole_base_sequence,nan,nan,6,0,0,nan,nan,nan,2,True,2.52099969657138e-06,0.0,nan,nan,nan,nan,nan,True,True,True,45.0,45,45,45.0,45,45,0.0,0,0,0.0,0,0,0.0,0,0,0.0,0,0,0.0,0,0,0.0,0,0,0.0,0,0,0.0,0,0
informative,long_delay,initial_batch_no_updates,True,0.5,100,0,100,0.0,0.0,0.03699349820698568,0,0.0,0.0,0.03699349820698568,"{""not_initialized"": 100}",nan,nan,nan,nan,0,100,nan,nan,nan,0.0,0.0,0.03699349820698568,0,linear,whole_base_sequence,nan,nan,6,0,0,nan,nan,nan,2,True,2.0290008978918195e-06,0.0,nan,nan,nan,nan,nan,True,True,True,45.0,45,45,45.0,45,45,0.0,0,0,0.0,0,0,0.0,0,0,0.0,0,0,0.0,0,0,0.0,0,0,0.0,0,0,0.0,0,0
informative,long_delay,initial_batch_no_updates,True,1.0,100,0,100,0.0,0.0,0.03699349820698568,0,0.0,0.0,0.03699349820698568,"{""not_initialized"": 100}",nan,nan,nan,nan,0,100,nan,nan,nan,0.0,0.0,0.03699349820698568,0,linear,whole_base_sequence,nan,nan,6,0,0,nan,nan,nan,2,True,1.9920014892704783e-06,0.0,nan,nan,nan,nan,0.9988289937019668,True,True,True,45.0,45,45,45.0,45,45,0.0,0,0,0.33,0,2,0.0,0,0,0.0,0,0,0.0,0,0,0.0,0,0,0.0,0,0,0.33,0,2
informative,long_delay,initial_batch_no_updates,True,1.5,100,0,100,0.0,0.0,0.03699349820698568,0,0.0,0.0,0.03699349820698568,"{""not_initialized"": 100}",nan,nan,nan,nan,0,100,nan,nan,nan,0.0,0.0,0.03699349820698568,0,linear,whole_base_sequence,nan,nan,6,0,0,nan,nan,nan,2,True,2.111002104356885e-06,0.0,nan,nan,nan,nan,1.4872137021675407,True,True,True,45.0,45,45,45.0,45,45,0.0,0,0,1.19,0,3,0.0,0,0,0.0,0,0,0.0,0,0,0.0,0,0,0.0,0,0,1.19,0,3
informative,long_delay,initial_batch_no_updates,True,10.0,100,100,0,1.0,0.9630065017930143,1.0,100,1.0,0.9630065017930143,1.0,{},9.635701778194678,16.525268663988243,1.0538071671376028,1.8388442747517082,100,100,0.97,0.9154806357094724,0.9897454759759611,0.97,0.9154806357094724,0.9897454759759611,97,linear,whole_base_sequence,5.724217317887852,11.297921711283898,6,0,0,nan,nan,nan,2,True,0.00013973399734823033,0.0,0.0,0.0004038587257819046,109970.12191315455,296333.0287694612,9.99858573035365,True,True,True,45.0,45,45,45.0,45,45,0.0,0,0,32.51,30,35,6.0,6,6,6.0,6,6,0.0,0,0,0.0,0,0,0.0,0,0,26.51,24,29
informative,long_delay,initial_batch_no_updates,True,10.5,100,100,0,1.0,0.9630065017930143,1.0,100,1.0,0.9630065017930143,1.0,{},10.16186495438812,17.410915779054132,1.0538071671376028,1.8388442747517082,100,100,0.97,0.9154806357094724,0.9897454759759611,0.97,0.9154806357094724,0.9897454759759611,97,linear,whole_base_sequence,5.7242173178878355,11.29792171128382,6,0,0,nan,nan,nan,2,True,0.00014298299880465492,0.0,0.0,0.0003615666124959353,135948.30232937192,366685.53284123435,10.498631349961299,True,True,True,45.0,45,45,45.0,45,45,0.0,0,0,34.25,31,37,6.0,6,6,6.0,6,6,0.0,0,0,0.0,0,0,0.0,0,0,28.25,25,31
informative,long_delay,initial_batch_no_updates,True,11.0,100,100,0,1.0,0.9630065017930143,1.0,100,1.0,0.9630065017930143,1.0,{},10.688101080963545,18.302437509501104,1.0538071671376028,1.8388442747517082,100,100,0.97,0.9154806357094724,0.9897454759759611,0.97,0.9154806357094724,0.9897454759759611,97,linear,whole_base_sequence,5.724217317887848,11.297921711283903,6,0,0,nan,nan,nan,2,True,0.00013507099822163582,0.0,0.0,0.0003255547110585271,166299.54711498547,448940.9411369917,10.99974922994791,True,True,True,45.0,45,45,45.0,45,45,0.0,0,0,36.09,34,39,6.0,6,6,6.0,6,6,0.0,0,0,0.0,0,0,0.0,0,0,30.09,28,33
informative,long_delay,initial_batch_no_updates,True,11.5,100,100,0,1.0,0.9630065017930143,1.0,100,1.0,0.9630065017930143,1.0,{},11.214399888327598,19.222551632880034,1.0538071671376028,1.8388442747517082,100,100,0.97,0.9154806357094724,0.9897454759759611,0.97,0.9154806357094724,0.9897454759759611,97,linear,whole_base_sequence,5.724217317887861,11.297921711283813,6,0,0,nan,nan,nan,2,True,0.0001423390011768788,0.0,0.0,0.0002946437880175026,201491.15462700574,544377.5826923045,11.497779965539694,True,True,True,45.0,45,45,45.0,45,45,0.0,0,0,38.15,35,40,6.0,6,6,6.0,6,6,0.0,0,0,0.0,0,0,0.0,0,0,32.15,29,34
informative,long_delay,initial_batch_no_updates,True,12.0,100,100,0,1.0,0.9630065017930143,1.0,100,1.0,0.9630065017930143,1.0,{},11.740752947171032,20.142680268588432,1.0538071671376028,1.8388442747517082,100,100,0.97,0.9154806357094724,0.9897454759759611,0.97,0.9154806357094724,0.9897454759759611,97,linear,whole_base_sequence,5.7242173178878035,11.2979217112837,6,0,0,nan,nan,nan,2,True,0.00014066900039324536,0.0,0.0,0.00026791783595145113,242014.24604621856,654339.2764226691,11.998349077656059,True,True,True,45.0,45,45,45.0,45,45,0.0,0,0,39.96,38,42,6.0,6,6,6.0,6,6,0.0,0,0,0.0,0,0,0.0,0,0,33.96,32,36
informative,long_delay,initial_batch_no_updates,True,12.5,100,100,0,1.0,0.9630065017930143,1.0,100,1.0,0.9630065017930143,1.0,{},12.267153274107395,21.062821514801186,1.0538071671376028,1.8388442747517082,100,100,0.97,0.9154806357094724,0.9897454759759611,0.97,0.9154806357094724,0.9897454759759611,97,linear,whole_base_sequence,5.72421731788788,11.297921711283815,6,0,0,nan,nan,nan,2,True,0.0001401020007324405,0.0,0.0,0.00024465684956154643,288383.7654230511,780235.331155792,12.498412868360912,True,True,True,45.0,45,45,45.0,45,45,0.0,0,0,41.78,39,45,6.0,6,6,6.0,6,6,0.0,0,0,0.0,0,0,0.0,0,0,35.78,33,39
informative,long_delay,initial_batch_no_updates,True,14.5,100,100,0,1.0,0.9630065017930143,1.0,100,1.0,0.9630065017930143,1.0,{},14.373123387550487,24.741527332623846,1.0538071671376028,1.8388442747517082,100,100,0.97,0.9154806357094724,0.9897454759759611,0.97,0.9154806357094724,0.9897454759759611,97,linear,whole_base_sequence,5.724217317887868,11.29792171128332,6,0,0,nan,nan,nan,2,True,0.00013785699935397132,0.0,0.0,0.00017543122406992758,543458.802967069,1473641.486911043,14.09057064596549,True,True,True,45.0,45,45,45.0,45,45,0.0,0,0,45.0,45,45,6.0,6,6,6.0,6,6,0.0,0,0,0.0,0,0,0.0,0,0,39.0,39,39
informative,long_delay,initial_batch_no_updates,True,2.0,100,1,99,0.01,0.0017674320641406505,0.054486196178705315,1,0.01,0.0017674320641406505,0.054486196178705315,"{""not_initialized"": 99}",1.1724956455566744,1.1724956455566744,0.8792202981053995,0.8792202981053995,1,100,1.0,0.20654931437723745,1.0,0.01,0.0017674320641406505,0.054486196178705315,1,linear,whole_base_sequence,3.2276542526709338,3.2276542526709338,6,0,0,nan,nan,nan,2,True,4.199999384582043e-06,0.0,0.0,0.020096781848712133,80.62361297932077,80.62361297932077,1.992380419750253,True,True,True,45.0,45,45,45.0,45,45,0.0,0,0,2.56,0,6,0.06,0,6,0.06,0,6,0.0,0,0,0.0,0,0,0.0,0,0,2.5,0,5
informative,long_delay,initial_batch_no_updates,True,2.5,100,14,86,0.14,0.08526343659939134,0.22137188210963837,14,0.14,0.08526343659939134,0.22137188210963837,"{""not_initialized"": 86}",1.7739219455009212,2.817448857631196,1.0586060308478926,1.727808527307925,14,100,1.0,0.7846891972623643,1.0,0.14,0.08526343659939134,0.22137188210963837,14,linear,whole_base_sequence,5.770750704359192,10.266925996438474,6,0,0,nan,nan,nan,2,True,2.2707999451085926e-05,0.0,0.0,0.011276721257418866,221.96405455704485,448.94580894118263,2.4974288440626857,True,True,True,45.0,45,45,45.0,45,45,0.0,0,0,4.43,1,6,0.84,0,6,0.84,0,6,0.0,0,0,0.0,0,0,0.0,0,0,3.59,0,5
informative,long_delay,initial_batch_no_updates,True,3.0,100,68,32,0.68,0.5833738138954762,0.7633085267500092,68,0.68,0.5833738138954762,0.7633085267500092,"{""not_initialized"": 32}",2.2423083623352422,3.6953086021866723,1.0288406407022235,1.6655063188759034,68,100,0.9852941176470589,0.9212902687183916,0.9973993164238933,0.67,0.5730534379509052,0.7543687726587197,67,linear,whole_base_sequence,5.744341727935987,10.964812752649046,6,0,0,nan,nan,nan,2,True,9.451400168472901e-05,0.0,0.0,0.007369994968873886,474.2451984645958,1202.473554883334,2.9970172176770236,True,True,True,45.0,45,45,45.0,45,45,0.0,0,0,6.01,3,8,4.08,0,6,4.08,0,6,0.0,0,0,0.0,0,0,0.0,0,0,1.93,0,5
informative,long_delay,initial_batch_no_updates,True,3.5,100,99,1,0.99,0.9455138038212946,0.9982325679358593,99,0.99,0.9455138038212946,0.9982325679358593,"{""not_initialized"": 1}",2.771637686864573,4.761546339259659,1.0360463638096675,1.771842652373647,99,100,0.9696969696969697,0.9146631979389799,0.9896413604215459,0.96,0.9016292856411208,0.9843366960084523,96,linear,whole_base_sequence,5.739612902587444,11.32175170228736,6,0,0,nan,nan,nan,2,True,0.00013486300013028086,0.0,0.0,0.00505772030562638,970.1364692395676,2465.2234620515196,3.497754248789989,True,True,True,45.0,45,45,45.0,45,45,0.0,0,0,8.04,5,10,5.94,0,6,5.94,0,6,0.0,0,0,0.0,0,0,0.0,0,0,2.1,0,5
informative,long_delay,initial_batch_no_updates,True,4.0,100,100,0,1.0,0.9630065017930143,1.0,100,1.0,0.9630065017930143,1.0,{},3.3400020835634736,5.885687169629273,1.0538071671376028,1.8388442747517082,100,100,0.97,0.9154806357094724,0.9897454759759611,0.97,0.9154806357094724,0.9897454759759611,97,linear,whole_base_sequence,5.724217317887832,11.297921711283882,6,0,0,nan,nan,nan,2,True,0.00013742799957981334,0.0,0.0,0.0036175790322138125,1808.3257452609,4610.516237761573,3.9988199117806107,True,True,True,45.0,45,45,45.0,45,45,0.0,0,0,9.95,7,12,6.0,6,6,6.0,6,6,0.0,0,0,0.0,0,0,0.0,0,0,3.95,1,6
informative,long_delay,initial_batch_no_updates,True,4.5,100,100,0,1.0,0.9630065017930143,1.0,100,1.0,0.9630065017930143,1.0,{},3.8612572095189717,6.798924772956824,1.0538071671376028,1.8388442747517082,100,100,0.97,0.9154806357094724,0.9897454759759611,0.97,0.9154806357094724,0.9897454759759611,97,linear,whole_base_sequence,5.724217317887823,11.297921711284035,6,0,0,nan,nan,nan,2,True,0.00013914699899032713,0.0,0.0,0.0026967227808043018,3110.641563217714,7999.85602365442,4.49945979675186,True,True,True,45.0,45,45,45.0,45,45,0.0,0,0,11.74,9,14,6.0,6,6,6.0,6,6,0.0,0,0,0.0,0,0,0.0,0,0,5.74,3,8
informative,long_delay,initial_batch_no_updates,True,5.0,100,100,0,1.0,0.9630065017930143,1.0,100,1.0,0.9630065017930143,1.0,{},4.383863060209729,7.680306381731484,1.0538071671376028,1.8388442747517082,100,100,0.97,0.9154806357094724,0.9897454759759611,0.97,0.9154806357094724,0.9897454759759611,97,linear,whole_base_sequence,5.724217317887829,11.297921711283834,6,0,0,nan,nan,nan,2,True,0.00013934699876699596,0.0,0.0,0.0020790539771719995,5037.490159156603,13060.246665849712,4.996966448692182,True,True,True,45.0,45,45,45.0,45,45,0.0,0,0,13.66,11,18,6.0,6,6,6.0,6,6,0.0,0,0,0.0,0,0,0.0,0,0,7.66,5,12
informative,long_delay,initial_batch_no_updates,True,5.5,100,100,0,1.0,0.9630065017930143,1.0,100,1.0,0.9630065017930143,1.0,{},4.907388123639282,8.538564613278519,1.0538071671376028,1.8388442747517082,100,100,0.97,0.9154806357094724,0.9897454759759611,0.97,0.9154806357094724,0.9897454759759611,97,linear,whole_base_sequence,5.724217317887833,11.2979217112839,6,0,0,nan,nan,nan,2,True,0.00013662299956195055,0.0,0.0,0.001647497533337059,7764.68558947834,20284.174432616273,5.499449520235045,True,True,True,45.0,45,45,45.0,45,45,0.0,0,0,15.52,13,18,6.0,6,6,6.0,6,6,0.0,0,0,0.0,0,0,0.0,0,0,9.52,7,12
informative,long_delay,initial_batch_no_updates,True,6.0,100,100,0,1.0,0.9630065017930143,1.0,100,1.0,0.9630065017930143,1.0,{},5.431566609566307,9.391398222291569,1.0538071671376028,1.8388442747517082,100,100,0.97,0.9154806357094724,0.9897454759759611,0.97,0.9154806357094724,0.9897454759759611,97,linear,whole_base_sequence,5.724217317887828,11.297921711284058,6,0,0,nan,nan,nan,2,True,0.00014034399966476486,0.0,0.0,0.0013354183972744931,11511.095996795562,30229.60595234738,5.997943753439602,True,True,True,45.0,45,45,45.0,45,45,0.0,0,0,17.28,14,20,6.0,6,6,6.0,6,6,0.0,0,0,0.0,0,0,0.0,0,0,11.28,8,14
informative,long_delay,initial_batch_no_updates,True,6.5,100,100,0,1.0,0.9630065017930143,1.0,100,1.0,0.9630065017930143,1.0,{},5.956226006879749,10.319975517884245,1.0538071671376028,1.8388442747517082,100,100,0.97,0.9154806357094724,0.9897454759759611,0.97,0.9154806357094724,0.9897454759759611,97,linear,whole_base_sequence,5.72421731788784,11.297921711283864,6,0,0,nan,nan,nan,2,True,0.0001391499990131706,0.0,0.0,0.0011030846764528994,16502.05125424175,43519.98986565904,6.499244815146497,True,True,True,45.0,45,45,45.0,45,45,0.0,0,0,19.32,17,22,6.0,6,6,6.0,6,6,0.0,0,0,0.0,0,0,0.0,0,0,13.32,11,16
informative,long_delay,initial_batch_no_updates,True,7.0,100,100,0,1.0,0.9630065017930143,1.0,100,1.0,0.9630065017930143,1.0,{},6.481249526801217,11.2115490126082,1.0538071671376028,1.8388442747517082,100,100,0.97,0.9154806357094724,0.9897454759759611,0.97,0.9154806357094724,0.9897454759759611,97,linear,whole_base_sequence,5.724217317887829,11.297921711283584,6,0,0,nan,nan,nan,2,True,0.00013241200154880063,0.0,0.0,0.0009252637315358316,22955.91426143639,60844.25888797637,6.996862735900991,True,True,True,45.0,45,45,45.0,45,45,0.0,0,0,21.11,19,23,6.0,6,6,6.0,6,6,0.0,0,0,0.0,0,0,0.0,0,0,15.11,13,17
informative,long_delay,initial_batch_no_updates,True,7.5,100,100,0,1.0,0.9630065017930143,1.0,100,1.0,0.9630065017930143,1.0,{},7.006555315206369,12.097140992533566,1.0538071671376028,1.8388442747517082,100,100,0.97,0.9154806357094724,0.9897454759759611,0.97,0.9154806357094724,0.9897454759759611,97,linear,whole_base_sequence,5.724217317887838,11.297921711283898,6,0,0,nan,nan,nan,2,True,0.00014031799742951988,0.0,0.0,0.0007858086507768194,31164.11681589755,82956.83150047675,7.498680621308876,True,True,True,45.0,45,45,45.0,45,45,0.0,0,0,23.17,21,27,6.0,6,6,6.0,6,6,0.0,0,0,0.0,0,0,0.0,0,0,17.17,15,21
informative,long_delay,initial_batch_no_updates,True,8.0,100,100,0,1.0,0.9630065017930143,1.0,100,1.0,0.9630065017930143,1.0,{},7.532084314065234,12.982747218321249,1.0538071671376028,1.8388442747517082,100,100,0.97,0.9154806357094724,0.9897454759759611,0.97,0.9154806357094724,0.9897454759759611,97,linear,whole_base_sequence,5.7242173178878355,11.297921711283749,6,0,0,nan,nan,nan,2,True,0.00013605300133349375,0.0,0.0,0.0006753681125067038,41422.52592357171,110677.61319599515,7.998699869607323,True,True,True,45.0,45,45,45.0,45,45,0.0,0,0,25.01,22,28,6.0,6,6,6.0,6,6,0.0,0,0,0.0,0,0,0.0,0,0,19.01,16,22
informative,long_delay,initial_batch_no_updates,True,8.5,100,100,0,1.0,0.9630065017930143,1.0,100,1.0,0.9630065017930143,1.0,{},8.057792850159636,13.868364952994217,1.0538071671376028,1.8388442747517082,100,100,0.97,0.9154806357094724,0.9897454759759611,0.97,0.9154806357094724,0.9897454759759611,97,linear,whole_base_sequence,5.724217317887826,11.297921711283783,6,0,0,nan,nan,nan,2,True,0.0001373079980839975,0.0,0.0,0.0005864843344112987,54050.32606471929,144891.99736037018,8.498805778213853,True,True,True,45.0,45,45,45.0,45,45,0.0,0,0,26.83,25,29,6.0,6,6,6.0,6,6,0.0,0,0,0.0,0,0,0.0,0,0,20.83,19,23
informative,long_delay,initial_batch_no_updates,True,9.0,100,100,0,1.0,0.9630065017930143,1.0,100,1.0,0.9630065017930143,1.0,{},8.5836479360896,14.753992118641849,1.0538071671376028,1.8388442747517082,100,100,0.97,0.9154806357094724,0.9897454759759611,0.97,0.9154806357094724,0.9897454759759611,97,linear,whole_base_sequence,5.724217317887828,11.297921711283667,6,0,0,nan,nan,nan,2,True,0.0001418940001167357,0.0,0.0,0.0005139323891406962,69390.01912335547,186550.86589703336,8.997791749042221,True,True,True,45.0,45,45,45.0,45,45,0.0,0,0,28.69,26,31,6.0,6,6,6.0,6,6,0.0,0,0,0.0,0,0,0.0,0,0,22.69,20,25
informative,long_delay,initial_batch_no_updates,True,9.5,100,100,0,1.0,0.9630065017930143,1.0,100,1.0,0.9630065017930143,1.0,{},9.109624193024759,15.639627109266367,1.0538071671376028,1.8388442747517082,100,100,0.97,0.9154806357094724,0.9897454759759611,0.97,0.9154806357094724,0.9897454759759611,97,linear,whole_base_sequence,5.724217317887812,11.297921711283855,6,0,0,nan,nan,nan,2,True,0.00014009799953782932,0.0,0.0,0.00045396902758872246,87921.53036958972,236670.58965756197,9.499030406636821,True,True,True,45.0,45,45,45.0,45,45,0.0,0,0,30.6,28,33,6.0,6,6,6.0,6,6,0.0,0,0,0.0,0,0,0.0,0,0,24.6,22,27
informative,long_delay,offline_full_record_noncausal,False,14.5,100,100,0,1.0,0.9630065017930143,1.0,100,1.0,0.9630065017930143,1.0,{},0.7559785187307719,1.2699470444179337,0.07298242641144526,0.129656120632694,100,100,0.96,0.9016292856411208,0.9843366960084523,0.96,0.9016292856411208,0.9843366960084523,96,linear,whole_base_sequence,6.409221778658739,12.234877438590962,6,0,0,nan,nan,nan,2,True,0.38056425500049956,0.0,0.0,7.017954396026056e-05,4338.511134714776,5148.902157964758,14.09057064596549,True,True,True,45.0,45,45,45.0,45,45,0.0,0,0,45.0,45,45,45.0,45,45,0.0,0,0,0.0,0,0,0.0,0,0,0.0,0,0,0.0,0,0
informative,long_delay,retarded_ekf,True,0.0,100,0,100,0.0,0.0,0.03699349820698568,0,0.0,0.0,0.03699349820698568,"{""not_initialized"": 100}",nan,nan,nan,nan,0,100,nan,nan,nan,0.0,0.0,0.03699349820698568,0,linear,whole_base_sequence,nan,nan,6,0,0,nan,nan,nan,2,True,2.5428001245018094e-05,0.0,nan,nan,nan,nan,nan,True,True,True,45.0,45,45,45.0,45,45,0.0,0,0,0.0,0,0,0.0,0,0,0.0,0,0,0.0,0,0,0.0,0,0,0.0,0,0,0.0,0,0
informative,long_delay,retarded_ekf,True,0.5,100,0,100,0.0,0.0,0.03699349820698568,0,0.0,0.0,0.03699349820698568,"{""not_initialized"": 100}",nan,nan,nan,nan,0,100,nan,nan,nan,0.0,0.0,0.03699349820698568,0,linear,whole_base_sequence,nan,nan,6,0,0,nan,nan,nan,2,True,1.4286998775787651e-05,0.0,nan,nan,nan,nan,nan,True,True,True,45.0,45,45,45.0,45,45,0.0,0,0,0.0,0,0,0.0,0,0,0.0,0,0,0.0,0,0,0.0,0,0,0.0,0,0,0.0,0,0
informative,long_delay,retarded_ekf,True,1.0,100,0,100,0.0,0.0,0.03699349820698568,0,0.0,0.0,0.03699349820698568,"{""not_initialized"": 100}",nan,nan,nan,nan,0,100,nan,nan,nan,0.0,0.0,0.03699349820698568,0,linear,whole_base_sequence,nan,nan,6,0,0,nan,nan,nan,2,True,4.003499925602228e-05,0.0,nan,nan,nan,nan,0.9988289937019668,True,True,True,45.0,45,45,45.0,45,45,0.0,0,0,0.33,0,2,0.0,0,0,0.0,0,0,0.0,0,0,0.0,0,0,0.0,0,0,0.33,0,2
informative,long_delay,retarded_ekf,True,1.5,100,0,100,0.0,0.0,0.03699349820698568,0,0.0,0.0,0.03699349820698568,"{""not_initialized"": 100}",nan,nan,nan,nan,0,100,nan,nan,nan,0.0,0.0,0.03699349820698568,0,linear,whole_base_sequence,nan,nan,6,0,0,nan,nan,nan,2,True,9.424999880138784e-05,0.0,nan,nan,nan,nan,1.4872137021675407,True,True,True,45.0,45,45,45.0,45,45,0.0,0,0,1.19,0,3,0.0,0,0,0.0,0,0,0.0,0,0,0.0,0,0,0.0,0,0,1.19,0,3
informative,long_delay,retarded_ekf,True,10.0,100,100,0,1.0,0.9630065017930143,1.0,100,1.0,0.9630065017930143,1.0,{},0.6201869657528192,1.0235167140020893,0.0973394711313779,0.15932561522241345,100,100,0.97,0.9154806357094724,0.9897454759759611,0.97,0.9154806357094724,0.9897454759759611,97,linear,whole_base_sequence,5.74403911613524,11.379824958335552,6,191,0,2.1263974843897837,6.895874316165325,0.9267015706806283,2,True,0.004442291998711881,0.0015358160011237486,0.0,0.0001965789158989745,1342.6930836882461,1903.8229492633775,9.99858573035365,True,True,True,45.0,45,45,45.0,45,45,0.0,0,0,32.51,30,35,32.51,30,35,6.0,6,6,26.51,24,29,0.0,0,0,0.0,0,0,0.0,0,0
informative,long_delay,retarded_ekf,True,10.5,100,100,0,1.0,0.9630065017930143,1.0,100,1.0,0.9630065017930143,1.0,{},0.6216540777381789,0.9524046894928861,0.09028592095663905,0.14327814299217145,100,100,0.99,0.9455138038212946,0.9982325679358593,0.99,0.9455138038212946,0.9982325679358593,99,linear,whole_base_sequence,5.9665960563275755,11.306414697703994,6,174,0,1.8927819359489368,5.738934772803376,0.9540229885057471,2,True,0.004264261997886934,0.0014198700041742995,0.0,0.00017086804753087452,1524.8447138248935,1950.0814392155921,10.498631349961299,True,True,True,45.0,45,45,45.0,45,45,0.0,0,0,34.25,31,37,34.25,31,37,6.0,6,6,28.25,25,31,0.0,0,0,0.0,0,0,0.0,0,0
informative,long_delay,retarded_ekf,True,11.0,100,100,0,1.0,0.9630065017930143,1.0,100,1.0,0.9630065017930143,1.0,{},0.6155100811414917,1.0170956136930158,0.08588890571713519,0.1349126350942592,100,100,0.99,0.9455138038212946,0.9982325679358593,0.99,0.9455138038212946,0.9982325679358593,99,linear,whole_base_sequence,5.873284240794729,10.464972757723588,6,184,0,1.8985861750558795,4.915386384611591,0.9619565217391305,2,True,0.004640466000128071,0.001495833001099527,0.0,0.00014988792306630327,1733.7751897554438,2164.6649731215593,10.99974922994791,True,True,True,45.0,45,45,45.0,45,45,0.0,0,0,36.09,34,39,36.09,34,39,6.0,6,6,30.09,28,33,0.0,0,0,0.0,0,0,0.0,0,0
informative,long_delay,retarded_ekf,True,11.5,100,100,0,1.0,0.9630065017930143,1.0,100,1.0,0.9630065017930143,1.0,{},0.6196594379177915,1.0667155580964733,0.0816959996915047,0.12543478489319418,100,100,0.99,0.9455138038212946,0.9982325679358593,0.99,0.9455138038212946,0.9982325679358593,99,linear,whole_base_sequence,6.017185909051712,10.356852025206889,6,206,0,1.9170040589372903,5.309686792831693,0.9611650485436893,2,True,0.005081065999984275,0.0015914749982766808,0.0,0.0001323536615024849,1912.6413492490892,2556.8489835194964,11.497779965539694,True,True,True,45.0,45,45,45.0,45,45,0.0,0,0,38.15,35,40,38.15,35,40,6.0,6,6,32.15,29,34,0.0,0,0,0.0,0,0,0.0,0,0
informative,long_delay,retarded_ekf,True,12.0,100,100,0,1.0,0.9630065017930143,1.0,100,1.0,0.9630065017930143,1.0,{},0.6330023463505784,1.1641429109200574,0.07917769452550236,0.1392451722516356,100,100,0.99,0.9455138038212946,0.9982325679358593,0.99,0.9455138038212946,0.9982325679358593,99,linear,whole_base_sequence,6.019293132005434,10.619297242403238,6,181,0,2.0271550093548485,5.855420330168024,0.9502762430939227,2,True,0.00484253200062085,0.001466772999847308,0.0,0.00011749760272770671,2127.855747322841,2587.1586192462537,11.998349077656059,True,True,True,45.0,45,45,45.0,45,45,0.0,0,0,39.96,38,42,39.96,38,42,6.0,6,6,33.96,32,36,0.0,0,0,0.0,0,0,0.0,0,0
informative,long_delay,retarded_ekf,True,12.5,100,100,0,1.0,0.9630065017930143,1.0,100,1.0,0.9630065017930143,1.0,{},0.6436675073592685,1.156711838719485,0.07667540362961835,0.13030576536354482,100,100,0.98,0.929988209271456,0.9944980324498376,0.98,0.929988209271456,0.9944980324498376,98,linear,whole_base_sequence,6.1568495526435925,10.71864900465837,6,182,0,1.9593498093725168,6.340845295966986,0.9395604395604396,2,True,0.004921690998889972,0.0014663930030656047,0.0,0.00010477796574215336,2377.6923608038223,2930.1263238702877,12.498412868360912,True,True,True,45.0,45,45,45.0,45,45,0.0,0,0,41.78,39,45,41.78,39,45,6.0,6,6,35.78,33,39,0.0,0,0,0.0,0,0,0.0,0,0
informative,long_delay,retarded_ekf,True,14.5,100,100,0,1.0,0.9630065017930143,1.0,100,1.0,0.9630065017930143,1.0,{},0.7558658968835037,1.2768116738874813,0.07294816879688845,0.12923263315696706,100,100,0.96,0.9016292856411208,0.9843366960084523,0.96,0.9016292856411208,0.9843366960084523,96,linear,whole_base_sequence,6.412297517271643,12.251848705348028,6,322,0,1.9440125295891315,5.850604524140844,0.9565217391304348,2,True,0.008842212999006734,0.0025800069997785613,0.0,6.979846676046471e-05,4331.509097569551,5129.3464911441815,14.09057064596549,True,True,True,45.0,45,45,45.0,45,45,0.0,0,0,45.0,45,45,45.0,45,45,6.0,6,6,39.0,39,39,0.0,0,0,0.0,0,0,0.0,0,0
informative,long_delay,retarded_ekf,True,2.0,100,1,99,0.01,0.0017674320641406505,0.054486196178705315,1,0.01,0.0017674320641406505,0.054486196178705315,"{""not_initialized"": 99}",1.1724956455566744,1.1724956455566744,0.8792202981053995,0.8792202981053995,1,100,1.0,0.20654931437723745,1.0,0.01,0.0017674320641406505,0.054486196178705315,1,linear,whole_base_sequence,3.2276542526709338,3.2276542526709338,6,0,0,nan,nan,nan,2,True,0.0009754610009258613,0.0,0.0,0.020096781848712133,80.62361297932077,80.62361297932077,1.992380419750253,True,True,True,45.0,45,45,45.0,45,45,0.0,0,0,2.56,0,6,0.06,0,6,0.06,0,6,0.0,0,0,0.0,0,0,0.0,0,0,2.5,0,5
informative,long_delay,retarded_ekf,True,2.5,100,14,86,0.14,0.08526343659939134,0.22137188210963837,14,0.14,0.08526343659939134,0.22137188210963837,"{""not_initialized"": 86}",1.7739219455009212,2.817448857631196,1.0586060308478926,1.727808527307925,14,100,1.0,0.7846891972623643,1.0,0.14,0.08526343659939134,0.22137188210963837,14,linear,whole_base_sequence,5.770750704359192,10.266925996438474,6,0,0,nan,nan,nan,2,True,0.007887928001873662,0.0,0.0,0.011276721257418866,221.96405455704485,448.94580894118263,2.4974288440626857,True,True,True,45.0,45,45,45.0,45,45,0.0,0,0,4.43,1,6,0.84,0,6,0.84,0,6,0.0,0,0,0.0,0,0,0.0,0,0,3.59,0,5
informative,long_delay,retarded_ekf,True,3.0,100,68,32,0.68,0.5833738138954762,0.7633085267500092,68,0.68,0.5833738138954762,0.7633085267500092,"{""not_initialized"": 32}",1.96411263449847,3.3860950560936875,0.9130451877924851,1.6212740384812967,68,100,1.0,0.9465286634799296,1.0,0.68,0.5833738138954762,0.7633085267500092,68,linear,whole_base_sequence,5.650122412962828,10.630849743489891,6,42,0,1.7760027498079178,5.0263289804027025,1.0,2,True,0.03396071700030007,0.00034341599908657374,0.0,0.006778593937251924,330.926524720983,1094.111207956125,2.9970172176770236,True,True,True,45.0,45,45,45.0,45,45,0.0,0,0,6.01,3,8,4.5,0,8,4.08,0,6,0.42,0,2,0.0,0,0,0.0,0,0,1.51,0,5
informative,long_delay,retarded_ekf,True,3.5,100,99,1,0.99,0.9455138038212946,0.9982325679358593,99,0.99,0.9455138038212946,0.9982325679358593,"{""not_initialized"": 1}",1.7123451941469416,2.9763370706117334,0.6812648228729649,1.112264063831263,99,100,0.98989898989899,0.9449846853541274,0.9982146927208301,0.98,0.929988209271456,0.9944980324498376,98,linear,whole_base_sequence,5.567768077403618,10.631671478017203,6,163,0,2.071785505574295,6.781756512794386,0.9386503067484663,2,True,0.020718843999202364,0.001308758000668604,0.0,0.004356749733252887,435.2160686965252,2122.6001448000898,3.497754248789989,True,True,True,45.0,45,45,45.0,45,45,0.0,0,0,8.04,5,10,7.99,0,10,5.94,0,6,2.05,0,4,0.0,0,0,0.0,0,0,0.05,0,5
informative,long_delay,retarded_ekf,True,4.0,100,100,0,1.0,0.9630065017930143,1.0,100,1.0,0.9630065017930143,1.0,{},1.3143015503509112,2.3605594756854793,0.46708462967810205,0.813942670249088,100,100,0.97,0.9154806357094724,0.9897454759759611,0.97,0.9154806357094724,0.9897454759759611,97,linear,whole_base_sequence,5.465523378780245,10.309574473853448,6,190,0,1.93641724073909,5.443438063354704,0.9578947368421052,2,True,0.0033715820015640927,0.0015410250014974735,0.0,0.0028738827542137387,364.76694609773,1843.1000658843973,3.9988199117806107,True,True,True,45.0,45,45,45.0,45,45,0.0,0,0,9.95,7,12,9.95,7,12,6.0,6,6,3.95,1,6,0.0,0,0,0.0,0,0,0.0,0,0
informative,long_delay,retarded_ekf,True,4.5,100,100,0,1.0,0.9630065017930143,1.0,100,1.0,0.9630065017930143,1.0,{},1.28118345708846,2.3253423614164372,0.40774509380635166,0.6732260500556622,100,100,0.94,0.8752318455410406,0.9722138760368118,0.94,0.8752318455410406,0.9722138760368118,94,linear,whole_base_sequence,5.853092109469526,12.7463870387923,6,179,0,1.8351820736676703,5.8915831870209106,0.9497206703910615,2,True,0.002762585000600666,0.0014711659983731805,0.0,0.002081593278479426,384.16766957512453,986.9613225386079,4.49945979675186,True,True,True,45.0,45,45,45.0,45,45,0.0,0,0,11.74,9,14,11.74,9,14,6.0,6,6,5.74,3,8,0.0,0,0,0.0,0,0,0.0,0,0
informative,long_delay,retarded_ekf,True,5.0,100,100,0,1.0,0.9630065017930143,1.0,100,1.0,0.9630065017930143,1.0,{},1.0983043278853035,1.8193320607678836,0.3262190489310083,0.5227567930990697,100,100,0.96,0.9016292856411208,0.9843366960084523,0.96,0.9016292856411208,0.9843366960084523,96,linear,whole_base_sequence,5.852390096194584,11.931453594646046,6,192,0,1.9160336571306296,5.399876686857592,0.96875,2,True,0.003130722998466808,0.001590338002133649,0.0,0.001538008723842198,425.6392530641407,843.2907682288912,4.996966448692182,True,True,True,45.0,45,45,45.0,45,45,0.0,0,0,13.66,11,18,13.66,11,18,6.0,6,6,7.66,5,12,0.0,0,0,0.0,0,0,0.0,0,0
informative,long_delay,retarded_ekf,True,5.5,100,100,0,1.0,0.9630065017930143,1.0,100,1.0,0.9630065017930143,1.0,{},1.000868285819724,1.612291837771471,0.26995137934584057,0.4343328007191043,100,100,0.96,0.9016292856411208,0.9843366960084523,0.96,0.9016292856411208,0.9843366960084523,96,linear,whole_base_sequence,5.852916036367415,11.631444284254686,6,186,0,2.050855571900167,5.5972260016065265,0.9516129032258065,2,True,0.0031706929998472333,0.0015362810002989135,0.0,0.0011616839901941558,476.3516223394212,1201.0105726248269,5.499449520235045,True,True,True,45.0,45,45,45.0,45,45,0.0,0,0,15.52,13,18,15.52,13,18,6.0,6,6,9.52,7,12,0.0,0,0,0.0,0,0,0.0,0,0
informative,long_delay,retarded_ekf,True,6.0,100,100,0,1.0,0.9630065017930143,1.0,100,1.0,0.9630065017930143,1.0,{},0.9119023926027782,1.5020341409330442,0.23178088829398844,0.37277389844709913,100,100,0.98,0.929988209271456,0.9944980324498376,0.98,0.929988209271456,0.9944980324498376,98,linear,whole_base_sequence,5.582629345333642,11.142039473591822,6,176,0,2.0765279300616277,7.004750402393608,0.9261363636363636,2,True,0.0030939650029176845,0.001422078997711651,0.0,0.000880152133900482,546.613476731734,1216.5582350024795,5.997943753439602,True,True,True,45.0,45,45,45.0,45,45,0.0,0,0,17.28,14,20,17.28,14,20,6.0,6,6,11.28,8,14,0.0,0,0,0.0,0,0,0.0,0,0
informative,long_delay,retarded_ekf,True,6.5,100,100,0,1.0,0.9630065017930143,1.0,100,1.0,0.9630065017930143,1.0,{},0.788565809680218,1.3336427605591097,0.18668545727070088,0.31695022213599916,100,100,0.98,0.929988209271456,0.9944980324498376,0.98,0.929988209271456,0.9944980324498376,98,linear,whole_base_sequence,5.373526330091122,10.855237261927206,6,204,0,1.9753228870506385,5.881760269099944,0.9558823529411765,2,True,0.0037065779988188297,0.0016527530003804713,0.0,0.0006888234474561111,574.6947274909503,998.3036450437263,6.499244815146497,True,True,True,45.0,45,45,45.0,45,45,0.0,0,0,19.32,17,22,19.32,17,22,6.0,6,6,13.32,11,16,0.0,0,0,0.0,0,0,0.0,0,0
informative,long_delay,retarded_ekf,True,7.0,100,100,0,1.0,0.9630065017930143,1.0,100,1.0,0.9630065017930143,1.0,{},0.7852665957909905,1.2311733701547305,0.17325657448925796,0.29426362457430133,100,100,0.98,0.929988209271456,0.9944980324498376,0.98,0.929988209271456,0.9944980324498376,98,linear,whole_base_sequence,5.622799476036402,10.599789195293734,6,179,0,1.996450701472507,5.67356848336568,0.9553072625698324,2,True,0.003367850001377519,0.0014421400017454288,0.0,0.00055446798384221,666.9009783613196,1088.8668432799018,6.996862735900991,True,True,True,45.0,45,45,45.0,45,45,0.0,0,0,21.11,19,23,21.11,19,23,6.0,6,6,15.11,13,17,0.0,0,0,0.0,0,0,0.0,0,0
informative,long_delay,retarded_ekf,True,7.5,100,100,0,1.0,0.9630065017930143,1.0,100,1.0,0.9630065017930143,1.0,{},0.7814228629896983,1.3106948697640186,0.15883468249277066,0.2641620825559017,100,100,0.98,0.929988209271456,0.9944980324498376,0.98,0.929988209271456,0.9944980324498376,98,linear,whole_base_sequence,5.9173832146765895,11.554879423961186,6,206,0,1.9133731667641807,5.5199738705714045,0.9611650485436893,2,True,0.003914230999071151,0.0016141609990154393,0.0,0.00045400769030303726,728.3155841423772,1140.1051715240826,7.498680621308876,True,True,True,45.0,45,45,45.0,45,45,0.0,0,0,23.17,21,27,23.17,21,27,6.0,6,6,17.17,15,21,0.0,0,0,0.0,0,0,0.0,0,0
informative,long_delay,retarded_ekf,True,8.0,100,100,0,1.0,0.9630065017930143,1.0,100,1.0,0.9630065017930143,1.0,{},0.7667599553278075,1.2115327122655428,0.14494322752753475,0.24039781536061333,100,100,0.95,0.8882495307680808,0.9784563208456319,0.95,0.8882495307680808,0.9784563208456319,95,linear,whole_base_sequence,6.038139490438371,11.982581641412704,6,184,0,1.8750464728103615,5.567164287620655,0.9728260869565217,2,True,0.0038910549992579035,0.001538159000920132,0.0,0.00037536458152842523,820.1452502319821,1197.231697951739,7.998699869607323,True,True,True,45.0,45,45,45.0,45,45,0.0,0,0,25.01,22,28,25.01,22,28,6.0,6,6,19.01,16,22,0.0,0,0,0.0,0,0,0.0,0,0
informative,long_delay,retarded_ekf,True,8.5,100,100,0,1.0,0.9630065017930143,1.0,100,1.0,0.9630065017930143,1.0,{},0.7077039660192322,1.2802158764435145,0.126667706452136,0.2177584559586124,100,100,0.97,0.9154806357094724,0.9897454759759611,0.97,0.9154806357094724,0.9897454759759611,97,linear,whole_base_sequence,5.795924176551001,11.377920593098962,6,182,0,2.130207785380449,6.471431683675309,0.9285714285714286,2,True,0.0038286620008875618,0.0014695519980159589,0.0,0.0003151686484060964,955.5413233826362,1232.589764987651,8.498805778213853,True,True,True,45.0,45,45,45.0,45,45,0.0,0,0,26.83,25,29,26.83,25,29,6.0,6,6,20.83,19,23,0.0,0,0,0.0,0,0,0.0,0,0
informative,long_delay,retarded_ekf,True,9.0,100,100,0,1.0,0.9630065017930143,1.0,100,1.0,0.9630065017930143,1.0,{},0.6705326645225211,1.1529152887069818,0.11370574194291877,0.187056806964876,100,100,0.98,0.929988209271456,0.9944980324498376,0.98,0.929988209271456,0.9944980324498376,98,linear,whole_base_sequence,5.70280955247227,11.215460018279371,6,186,0,1.9794146451554377,5.928673102384037,0.9516129032258065,2,True,0.0040634389995830135,0.0014901170006487519,0.0,0.00026632901501073684,1052.2224834689996,1512.5491019329259,8.997791749042221,True,True,True,45.0,45,45,45.0,45,45,0.0,0,0,28.69,26,31,28.69,26,31,6.0,6,6,22.69,20,25,0.0,0,0,0.0,0,0,0.0,0,0
informative,long_delay,retarded_ekf,True,9.5,100,100,0,1.0,0.9630065017930143,1.0,100,1.0,0.9630065017930143,1.0,{},0.6491279020729889,1.1060367694924582,0.10622392234923779,0.17082415364626757,100,100,0.99,0.9455138038212946,0.9982325679358593,0.99,0.9455138038212946,0.9982325679358593,99,linear,whole_base_sequence,5.677931288325189,10.666427126841997,6,191,0,2.1258938507797414,7.338294824106149,0.9267015706806283,2,True,0.0044973609995213335,0.0016099670046241955,0.0,0.00022833819934388037,1192.663331985279,1694.645759673014,9.499030406636821,True,True,True,45.0,45,45,45.0,45,45,0.0,0,0,30.6,28,33,30.6,28,33,6.0,6,6,24.6,22,27,0.0,0,0,0.0,0,0,0.0,0,0
informative,mixed,causal_prefix_batch,True,0.0,100,0,100,0.0,0.0,0.03699349820698568,0,0.0,0.0,0.03699349820698568,"{""insufficient_measurements"": 100}",nan,nan,nan,nan,0,100,nan,nan,nan,0.0,0.0,0.03699349820698568,0,linear,whole_base_sequence,nan,nan,6,0,0,nan,nan,nan,2,True,4.751599975861609e-05,0.0,nan,nan,nan,nan,nan,True,True,False,45.0,45,45,35.89,28,42,9.11,3,17,0.0,0,0,0.0,0,0,0.0,0,0,0.0,0,0,0.0,0,0,0.0,0,0,0.0,0,0
informative,mixed,causal_prefix_batch,True,0.5,100,0,100,0.0,0.0,0.03699349820698568,0,0.0,0.0,0.03699349820698568,"{""insufficient_measurements"": 100}",nan,nan,nan,nan,0,100,nan,nan,nan,0.0,0.0,0.03699349820698568,0,linear,whole_base_sequence,nan,nan,6,0,0,nan,nan,nan,2,True,3.543399827321991e-05,0.0,nan,nan,nan,nan,nan,True,True,False,45.0,45,45,35.89,28,42,9.11,3,17,0.0,0,0,0.0,0,0,0.0,0,0,0.0,0,0,0.0,0,0,0.0,0,0,0.0,0,0
informative,mixed,causal_prefix_batch,True,1.0,100,0,100,0.0,0.0,0.03699349820698568,0,0.0,0.0,0.03699349820698568,"{""insufficient_measurements"": 100}",nan,nan,nan,nan,0,100,nan,nan,nan,0.0,0.0,0.03699349820698568,0,linear,whole_base_sequence,nan,nan,6,0,0,nan,nan,nan,2,True,3.486700152279809e-05,0.0,nan,nan,nan,nan,0.9988289937019668,True,True,False,45.0,45,45,35.89,28,42,9.11,3,17,0.25,0,2,0.25,0,2,0.0,0,0,0.0,0,0,0.0,0,0,0.0,0,0,0.0,0,0
informative,mixed,causal_prefix_batch,True,1.5,100,2,98,0.02,0.00550196755016235,0.07001179072854388,2,0.02,0.00550196755016235,0.07001179072854388,"{""insufficient_measurements"": 98}",12.147478897840841,14.624433862168326,12.635695458450051,15.376966685983074,2,100,1.0,0.34238022750665303,1.0,0.02,0.00550196755016235,0.07001179072854388,2,linear,whole_base_sequence,4.574048188158059,5.50978502626333,6,0,0,nan,nan,nan,2,True,0.0005545040007564239,0.0,0.0,0.04234669793625267,6462.376110602014,7502.382232446423,1.4872137021675407,True,True,False,45.0,45,45,35.89,28,42,9.11,3,17,0.91,0,3,0.91,0,3,0.0,0,0,0.0,0,0,0.0,0,0,0.0,0,0,0.0,0,0
informative,mixed,causal_prefix_batch,True,10.0,100,95,5,0.95,0.8882495307680808,0.9784563208456319,95,0.95,0.8882495307680808,0.9784563208456319,"{""projected_kkt_not_satisfied"": 5}",5.604922984550986,12.306527341027802,0.8472986159491789,1.9347009225916107,95,100,0.37894736842105264,0.2878980426320408,0.47940607980383165,0.36,0.2727122040140433,0.4576459754839126,36,linear,whole_base_sequence,421.1199024897681,1657.9500397758168,6,0,0,nan,nan,nan,2,True,0.24827439799933926,0.0,0.0,0.00020344299563145962,1393.3530894974172,2158.3852877948993,9.99858573035365,True,True,False,45.0,45,45,35.89,28,42,9.11,3,17,25.92,19,31,25.92,19,31,0.0,0,0,0.0,0,0,0.0,0,0,0.0,0,0,0.0,0,0
informative,mixed,causal_prefix_batch,True,10.5,100,94,6,0.94,0.8752318455410406,0.9722138760368118,94,0.94,0.8752318455410406,0.9722138760368118,"{""projected_kkt_not_satisfied"": 6}",5.792022495580097,13.089484932133853,0.8228341337775522,1.9613884132322885,94,100,0.35106382978723405,0.26215483168433173,0.4516679144450646,0.33,0.24563122734128034,0.4269465620490947,33,linear,whole_base_sequence,420.4485700737057,1637.9526805931448,6,0,0,nan,nan,nan,2,True,0.26301978200121084,0.0,0.0,0.00017725260135252016,1608.083373669324,2467.1750367688255,10.498631349961299,True,True,False,45.0,45,45,35.89,28,42,9.11,3,17,27.32,21,32,27.32,21,32,0.0,0,0,0.0,0,0,0.0,0,0,0.0,0,0,0.0,0,0
informative,mixed,causal_prefix_batch,True,11.0,100,91,9,0.91,0.837737871472837,0.9519274599974348,91,0.91,0.837737871472837,0.9519274599974348,"{""projected_kkt_not_satisfied"": 9}",6.322424842674612,11.094095077014055,0.8388653148830413,1.8861926131229179,91,100,0.2967032967032967,0.21263490271484697,0.3972403516298626,0.27,0.1926958414957634,0.36432116767944994,27,linear,whole_base_sequence,471.6355937169999,1727.4035453747183,6,0,0,nan,nan,nan,2,True,0.27301770399993985,0.0,0.0,0.0001597300288955488,1787.9065264187432,2637.9532571927816,10.99974922994791,True,True,False,45.0,45,45,35.89,28,42,9.11,3,17,28.77,21,34,28.77,21,34,0.0,0,0,0.0,0,0,0.0,0,0,0.0,0,0,0.0,0,0
informative,mixed,causal_prefix_batch,True,11.5,100,97,3,0.97,0.9154806357094724,0.9897454759759611,97,0.97,0.9154806357094724,0.9897454759759611,"{""projected_kkt_not_satisfied"": 3}",6.09789022213009,11.784167575890391,0.7798232566656723,1.648210034989928,97,100,0.26804123711340205,0.1899755567554991,0.36377941142664155,0.26,0.18404698464748132,0.3537098944918718,26,linear,whole_base_sequence,492.1998542984633,1513.9528781973527,6,0,0,nan,nan,nan,2,True,0.29117011799942705,0.0,0.0,0.00014131339226319616,1934.3399591608083,3163.4090973270722,11.484757126687272,True,True,False,45.0,45,45,35.89,28,42,9.11,3,17,30.44,22,36,30.44,22,36,0.0,0,0,0.0,0,0,0.0,0,0,0.0,0,0,0.0,0,0
informative,mixed,causal_prefix_batch,True,12.0,100,98,2,0.98,0.929988209271456,0.9944980324498376,98,0.98,0.929988209271456,0.9944980324498376,"{""projected_kkt_not_satisfied"": 2}",6.018465404181052,12.287140798996631,0.7293928253649417,1.4304976685547393,98,100,0.24489795918367346,0.17044970160914977,0.3385911096774219,0.24,0.16691325556948772,0.33232336349814473,24,linear,whole_base_sequence,486.2596875704378,1463.827696363197,6,0,0,nan,nan,nan,2,True,0.30290505800017853,0.0,0.0,0.00012577865905400544,2203.2077901897696,3238.469961746908,11.99754071023031,True,True,False,45.0,45,45,35.89,28,42,9.11,3,17,31.96,24,39,31.96,24,39,0.0,0,0,0.0,0,0,0.0,0,0,0.0,0,0,0.0,0,0
informative,mixed,causal_prefix_batch,True,12.5,100,92,8,0.92,0.8500189229905127,0.9589065385156194,92,0.92,0.8500189229905127,0.9589065385156194,"{""projected_kkt_not_satisfied"": 8}",5.8713819378290415,10.981174323970466,0.6867741173510311,1.3140774726296247,92,100,0.22826086956521738,0.15442192005212033,0.3238831828205001,0.21,0.141656540619153,0.29979968834089865,21,linear,whole_base_sequence,464.28593370315576,1470.8082939699864,6,0,0,nan,nan,nan,2,True,0.32093804600066506,0.0,0.0,0.00011239472306033042,2446.8955251315783,3529.0036538738004,12.49017512360599,True,True,False,45.0,45,45,35.89,28,42,9.11,3,17,33.36,25,41,33.36,25,41,0.0,0,0,0.0,0,0,0.0,0,0,0.0,0,0,0.0,0,0
informative,mixed,causal_prefix_batch,True,14.5,100,91,9,0.91,0.837737871472837,0.9519274599974348,91,0.91,0.837737871472837,0.9519274599974348,"{""projected_kkt_not_satisfied"": 9}",6.513422073101618,13.561396268513695,0.6300022239000571,1.285185608112183,91,100,0.2087912087912088,0.1379408066814811,0.3032318549474272,0.19,0.12514751509768735,0.27778845379064376,19,linear,whole_base_sequence,482.8149328994137,1432.8114030076995,6,0,0,nan,nan,nan,2,True,0.3405972099985229,0.0,0.0,7.504171807430084e-05,4460.069999638718,7014.978593972168,14.09057064596549,True,True,False,45.0,45,45,35.89,28,42,9.11,3,17,35.89,28,42,35.89,28,42,0.0,0,0,0.0,0,0,0.0,0,0,0.0,0,0,0.0,0,0
informative,mixed,causal_prefix_batch,True,2.0,100,26,74,0.26,0.18404698464748132,0.3537098944918718,26,0.26,0.18404698464748132,0.3537098944918718,"{""insufficient_local_observability"": 2, ""insufficient_measurements"": 69, ""optimization_error:ValueError"": 1, ""projected_kkt_not_satisfied"": 2}",104.63589392882143,255.645436142711,69.46047638631092,166.63410992871715,26,100,0.6923076923076923,0.5001174167780164,0.8349868440453624,0.18,0.1170022549894635,0.2666735838630073,18,linear,whole_base_sequence,1057.7399486930922,3359.999970473384,6,0,0,nan,nan,nan,2,True,0.05357663499918999,0.0,0.0,0.014125811594235777,24809.308652568485,34456310.26653511,1.992380419750253,True,True,False,45.0,45,45,35.89,28,42,9.11,3,17,2.02,0,6,2.02,0,6,0.0,0,0,0.0,0,0,0.0,0,0,0.0,0,0,0.0,0,0
informative,mixed,causal_prefix_batch,True,2.5,100,68,32,0.68,0.5833738138954762,0.7633085267500092,68,0.68,0.5833738138954762,0.7633085267500092,"{""insufficient_local_observability"": 7, ""insufficient_measurements"": 19, ""projected_kkt_not_satisfied"": 6}",45.92587598912206,119.82073615154168,24.321963929563232,58.64016561481207,68,100,0.8529411764705882,0.7500260574669123,0.9181118226365673,0.58,0.4820648670304296,0.6720161732564526,58,linear,whole_base_sequence,232.03123201301213,1121.152067971596,6,0,0,nan,nan,nan,2,True,0.09096373400068841,0.0,0.0,0.006521927993289971,523.2992936556753,24166970.616441246,2.4974288440626857,True,True,False,45.0,45,45,35.89,28,42,9.11,3,17,3.55,1,6,3.55,1,6,0.0,0,0,0.0,0,0,0.0,0,0,0.0,0,0,0.0,0,0
informative,mixed,causal_prefix_batch,True,3.0,100,89,11,0.89,0.8136870349691969,0.9374580364293543,89,0.89,0.8136870349691969,0.9374580364293543,"{""insufficient_local_observability"": 2, ""insufficient_measurements"": 4, ""optimization_error:ValueError"": 1, ""projected_kkt_not_satisfied"": 4}",63.86869201171374,160.889817392326,31.247051070610063,78.91294336994056,89,100,0.7528089887640449,0.6539796168565029,0.8307176355521335,0.67,0.5730534379509052,0.7543687726587197,67,linear,whole_base_sequence,858.2031006823302,3493.545995995155,6,0,0,nan,nan,nan,2,True,0.08481100800127024,0.0,0.0,0.0020770120775866975,632.9802029685336,66256365.61817963,2.9970172176770236,True,True,False,45.0,45,45,35.89,28,42,9.11,3,17,4.87,1,8,4.87,1,8,0.0,0,0,0.0,0,0,0.0,0,0,0.0,0,0,0.0,0,0
informative,mixed,causal_prefix_batch,True,3.5,100,97,3,0.97,0.9154806357094724,0.9897454759759611,97,0.97,0.9154806357094724,0.9897454759759611,"{""insufficient_measurements"": 1, ""projected_kkt_not_satisfied"": 2}",40.83363569044548,58.13887960839496,18.24107118532257,24.597615705202216,97,100,0.7216494845360825,0.6253236474067843,0.8010882718858368,0.7,0.6041514536665332,0.7810511470506724,70,linear,whole_base_sequence,389.46652865552454,2189.5579163418524,6,0,0,nan,nan,nan,2,True,0.07231321899977047,0.0,0.0,0.001493758726710323,546.4510878146016,138934174.92835882,3.497754248789989,True,True,False,45.0,45,45,35.89,28,42,9.11,3,17,6.5,2,10,6.5,2,10,0.0,0,0,0.0,0,0,0.0,0,0,0.0,0,0,0.0,0,0
informative,mixed,causal_prefix_batch,True,4.0,100,98,2,0.98,0.929988209271456,0.9944980324498376,98,0.98,0.929988209271456,0.9944980324498376,"{""projected_kkt_not_satisfied"": 2}",13.89462676472214,31.69123562173816,4.8390492583338265,9.84478113679005,98,100,0.7040816326530612,0.6073991576853616,0.785368193285381,0.69,0.5937394428051057,0.7722030278762395,69,linear,whole_base_sequence,339.29352888726396,1663.8497441953534,6,0,0,nan,nan,nan,2,True,0.08432904800109099,0.0,0.0,0.0028257883431142003,424.61370926000893,104009.62406334022,3.9988199117806107,True,True,False,45.0,45,45,35.89,28,42,9.11,3,17,7.98,4,12,7.98,4,12,0.0,0,0,0.0,0,0,0.0,0,0,0.0,0,0,0.0,0,0
informative,mixed,causal_prefix_batch,True,4.5,100,93,7,0.93,0.8625048526092651,0.9656807389327273,93,0.93,0.8625048526092651,0.9656807389327273,"{""projected_kkt_not_satisfied"": 7}",9.53505355064982,23.09616258627758,3.2227442792767964,7.462895804140166,93,100,0.6451612903225806,0.5439349596804137,0.7348712492387599,0.6,0.5020025867910618,0.6905987135675411,60,linear,whole_base_sequence,391.0670335051556,1863.6631242086896,6,0,0,nan,nan,nan,2,True,0.09808102699869778,0.0,0.0,0.001978583462642184,444.295234848424,2011.9076785513128,4.49945979675186,True,True,False,45.0,45,45,35.89,28,42,9.11,3,17,9.31,5,13,9.31,5,13,0.0,0,0,0.0,0,0,0.0,0,0,0.0,0,0,0.0,0,0
informative,mixed,causal_prefix_batch,True,5.0,100,94,6,0.94,0.8752318455410406,0.9722138760368118,94,0.94,0.8752318455410406,0.9722138760368118,"{""projected_kkt_not_satisfied"": 6}",8.754497767024713,22.86193259143195,2.573347021386173,6.12691333937322,94,100,0.6170212765957447,0.5159955881639535,0.7088579684486636,0.58,0.4820648670304296,0.6720161732564526,58,linear,whole_base_sequence,417.54808900246024,1961.736677994544,6,0,0,nan,nan,nan,2,True,0.11172117799927946,0.0,0.0,0.001482837437721468,459.53783110208474,2509.571748551328,4.996966448692182,True,True,False,45.0,45,45,35.89,28,42,9.11,3,17,10.85,5,15,10.85,5,15,0.0,0,0,0.0,0,0,0.0,0,0,0.0,0,0,0.0,0,0
informative,mixed,causal_prefix_batch,True,5.5,100,92,8,0.92,0.8500189229905127,0.9589065385156194,92,0.92,0.8500189229905127,0.9589065385156194,"{""projected_kkt_not_satisfied"": 8}",6.8231409675053145,15.626689965900898,1.885961211369486,4.420635401212465,92,100,0.6304347826086957,0.5284298907445389,0.7219836598766033,0.58,0.4820648670304296,0.6720161732564526,58,linear,whole_base_sequence,339.1232964173139,1400.1015350653597,6,0,0,nan,nan,nan,2,True,0.12171884000214049,0.0,0.0,0.0011197272897006377,488.4656421478749,1798.6107953521991,5.499449520235045,True,True,False,45.0,45,45,35.89,28,42,9.11,3,17,12.34,6,16,12.34,6,16,0.0,0,0,0.0,0,0,0.0,0,0,0.0,0,0,0.0,0,0
informative,mixed,causal_prefix_batch,True,6.0,100,98,2,0.98,0.929988209271456,0.9944980324498376,98,0.98,0.929988209271456,0.9944980324498376,"{""projected_kkt_not_satisfied"": 2}",7.21270342264946,15.320331826702013,1.8297309753368756,4.035498235520186,98,100,0.5816326530612245,0.48269880400178744,0.6744081363865095,0.57,0.47215389549212305,0.6626670147588988,57,linear,whole_base_sequence,386.2094017616982,1690.9068321372943,6,0,0,nan,nan,nan,2,True,0.13393345800082898,0.0,0.0,0.000865891130548053,584.473640034626,1464.4464682585942,5.997943753439602,True,True,False,45.0,45,45,35.89,28,42,9.11,3,17,13.77,8,18,13.77,8,18,0.0,0,0,0.0,0,0,0.0,0,0,0.0,0,0,0.0,0,0
informative,mixed,causal_prefix_batch,True,6.5,100,98,2,0.98,0.929988209271456,0.9944980324498376,98,0.98,0.929988209271456,0.9944980324498376,"{""projected_kkt_not_satisfied"": 2}",6.313617408303217,13.625560907816816,1.506105357917819,3.1005310007408413,98,100,0.5306122448979592,0.43252467204457545,0.6263904306010359,0.52,0.4231657776522397,0.615354482419481,52,linear,whole_base_sequence,370.1243798776913,1624.8338727007172,6,0,0,nan,nan,nan,2,True,0.15142734799912433,0.0,0.0,0.0006939957397466356,587.0027122917605,2232.8849788244784,6.499244815146497,True,True,False,45.0,45,45,35.89,28,42,9.11,3,17,15.48,8,20,15.48,8,20,0.0,0,0,0.0,0,0,0.0,0,0,0.0,0,0,0.0,0,0
informative,mixed,causal_prefix_batch,True,7.0,100,97,3,0.97,0.9154806357094724,0.9897454759759611,97,0.97,0.9154806357094724,0.9897454759759611,"{""projected_kkt_not_satisfied"": 3}",6.579981839213275,14.511201407715735,1.4139034167552567,2.9395476292865608,97,100,0.4845360824742268,0.3875815952518113,0.5826687359603313,0.47,0.3751081795934127,0.5671114302990063,47,linear,whole_base_sequence,410.38208031964353,1577.5033930437965,6,0,0,nan,nan,nan,2,True,0.16028315000148724,0.0,0.0,0.0005663212717756291,671.5118846544091,1707.6661701269995,6.996862735900991,True,True,False,45.0,45,45,35.89,28,42,9.11,3,17,16.91,10,23,16.91,10,23,0.0,0,0,0.0,0,0,0.0,0,0,0.0,0,0,0.0,0,0
informative,mixed,causal_prefix_batch,True,7.5,100,95,5,0.95,0.8882495307680808,0.9784563208456319,95,0.95,0.8882495307680808,0.9784563208456319,"{""projected_kkt_not_satisfied"": 5}",5.715984293501638,13.723703291072487,1.1150572150375921,2.3908890169773143,95,100,0.47368421052631576,0.37626742136015695,0.5731465182998152,0.45,0.3561453797951198,0.5475539700255787,45,linear,whole_base_sequence,357.3097228090264,1305.1718411841769,6,0,0,nan,nan,nan,2,True,0.17651235999976053,0.0,0.0,0.00046755095156276474,748.7608146109905,1581.4440523450055,7.498680621308876,True,True,False,45.0,45,45,35.89,28,42,9.11,3,17,18.45,11,24,18.45,11,24,0.0,0,0,0.0,0,0,0.0,0,0,0.0,0,0,0.0,0,0
informative,mixed,causal_prefix_batch,True,8.0,100,94,6,0.94,0.8752318455410406,0.9722138760368118,94,0.94,0.8752318455410406,0.9722138760368118,"{""projected_kkt_not_satisfied"": 6}",5.4519617933010185,11.248406321256278,1.034529504456671,2.1843717821565383,94,100,0.4787234042553192,0.3805716814684006,0.5785458536929418,0.45,0.3561453797951198,0.5475539700255787,45,linear,whole_base_sequence,380.40294119695324,1518.0444778071617,6,0,0,nan,nan,nan,2,True,0.18909596800047437,0.0,0.0,0.00038961837220616996,867.6471813290736,1730.5161232816245,7.998699869607323,True,True,False,45.0,45,45,35.89,28,42,9.11,3,17,19.97,14,25,19.97,14,25,0.0,0,0,0.0,0,0,0.0,0,0,0.0,0,0,0.0,0,0
informative,mixed,causal_prefix_batch,True,8.5,100,94,6,0.94,0.8752318455410406,0.9722138760368118,94,0.94,0.8752318455410406,0.9722138760368118,"{""projected_kkt_not_satisfied"": 6}",5.393945542104611,10.961093549830483,1.002392143238953,2.2295167117535803,94,100,0.4574468085106383,0.36038954698507203,0.5578455233376126,0.43,0.33733298524110106,0.5278461045078768,43,linear,whole_base_sequence,388.33359124538254,1476.1128600196944,6,0,0,nan,nan,nan,2,True,0.20370735400007106,0.0,0.0,0.00032691754247423543,968.6902508515599,1826.2086299973694,8.498805778213853,True,True,False,45.0,45,45,35.89,28,42,9.11,3,17,21.48,16,27,21.48,16,27,0.0,0,0,0.0,0,0,0.0,0,0,0.0,0,0,0.0,0,0
informative,mixed,causal_prefix_batch,True,9.0,100,95,5,0.95,0.8882495307680808,0.9784563208456319,95,0.95,0.8882495307680808,0.9784563208456319,"{""projected_kkt_not_satisfied"": 5}",5.923625193769894,11.830931642084082,1.0040890223022674,2.2723279529277405,95,100,0.4631578947368421,0.3662764282064395,0.5629030873175216,0.44,0.34672026630160796,0.5377189534832302,44,linear,whole_base_sequence,415.1138169978201,1644.4701266180098,6,0,0,nan,nan,nan,2,True,0.21759927500010234,0.0,0.0,0.00027594527784387826,1140.6652380725552,1942.340266497735,8.997791749042221,True,True,False,45.0,45,45,35.89,28,42,9.11,3,17,22.94,18,27,22.94,18,27,0.0,0,0,0.0,0,0,0.0,0,0,0.0,0,0,0.0,0,0
informative,mixed,causal_prefix_batch,True,9.5,100,95,5,0.95,0.8882495307680808,0.9784563208456319,95,0.95,0.8882495307680808,0.9784563208456319,"{""projected_kkt_not_satisfied"": 5}",6.0005534435238514,12.383055085065688,0.933271700131314,2.0178432620806155,95,100,0.42105263157894735,0.3267381838783353,0.5215036351015815,0.4,0.3094012864324589,0.4979974132089382,40,linear,whole_base_sequence,413.73579903950144,1733.8783271525676,6,0,0,nan,nan,nan,2,True,0.23283587300014916,0.0,0.0,0.00023561303466080742,1248.345303899103,2147.6931683914145,9.499030406636821,True,True,False,45.0,45,45,35.89,28,42,9.11,3,17,24.51,18,30,24.51,18,30,0.0,0,0,0.0,0,0,0.0,0,0,0.0,0,0,0.0,0,0
informative,mixed,initial_batch_no_updates,True,0.0,100,0,100,0.0,0.0,0.03699349820698568,0,0.0,0.0,0.03699349820698568,"{""not_initialized"": 100}",nan,nan,nan,nan,0,100,nan,nan,nan,0.0,0.0,0.03699349820698568,0,linear,whole_base_sequence,nan,nan,6,0,0,nan,nan,nan,2,True,2.4580000899732114e-06,0.0,nan,nan,nan,nan,nan,True,True,False,45.0,45,45,35.89,28,42,9.11,3,17,0.0,0,0,0.0,0,0,0.0,0,0,0.0,0,0,0.0,0,0,0.0,0,0,0.0,0,0
informative,mixed,initial_batch_no_updates,True,0.5,100,0,100,0.0,0.0,0.03699349820698568,0,0.0,0.0,0.03699349820698568,"{""not_initialized"": 100}",nan,nan,nan,nan,0,100,nan,nan,nan,0.0,0.0,0.03699349820698568,0,linear,whole_base_sequence,nan,nan,6,0,0,nan,nan,nan,2,True,2.05499934963882e-06,0.0,nan,nan,nan,nan,nan,True,True,False,45.0,45,45,35.89,28,42,9.11,3,17,0.0,0,0,0.0,0,0,0.0,0,0,0.0,0,0,0.0,0,0,0.0,0,0,0.0,0,0
informative,mixed,initial_batch_no_updates,True,1.0,100,0,100,0.0,0.0,0.03699349820698568,0,0.0,0.0,0.03699349820698568,"{""not_initialized"": 100}",nan,nan,nan,nan,0,100,nan,nan,nan,0.0,0.0,0.03699349820698568,0,linear,whole_base_sequence,nan,nan,6,0,0,nan,nan,nan,2,True,1.9449967658147216e-06,0.0,nan,nan,nan,nan,0.9988289937019668,True,True,False,45.0,45,45,35.89,28,42,9.11,3,17,0.25,0,2,0.0,0,0,0.0,0,0,0.0,0,0,0.0,0,0,0.0,0,0,0.25,0,2
informative,mixed,initial_batch_no_updates,True,1.5,100,0,100,0.0,0.0,0.03699349820698568,0,0.0,0.0,0.03699349820698568,"{""not_initialized"": 100}",nan,nan,nan,nan,0,100,nan,nan,nan,0.0,0.0,0.03699349820698568,0,linear,whole_base_sequence,nan,nan,6,0,0,nan,nan,nan,2,True,1.996000064536929e-06,0.0,nan,nan,nan,nan,1.4872137021675407,True,True,False,45.0,45,45,35.89,28,42,9.11,3,17,0.91,0,3,0.0,0,0,0.0,0,0,0.0,0,0,0.0,0,0,0.0,0,0,0.91,0,3
informative,mixed,initial_batch_no_updates,True,10.0,100,100,0,1.0,0.9630065017930143,1.0,100,1.0,0.9630065017930143,1.0,{},79.99158705237146,190.154533084446,8.725315594181486,20.169244778197545,100,100,0.71,0.6146110882442888,0.7898516425087772,0.71,0.6146110882442888,0.7898516425087772,71,linear,whole_base_sequence,417.14091173314955,2401.6077777835526,6,0,0,nan,nan,nan,2,True,0.00014055800187634304,0.0,0.0,0.00026206534129946457,80720.37972390626,296333.0287694612,9.99858573035365,True,True,False,45.0,45,45,35.89,28,42,9.11,3,17,25.92,19,31,6.29,6,14,6.29,6,14,0.0,0,0,0.0,0,0,0.0,0,0,19.63,11,25
informative,mixed,initial_batch_no_updates,True,10.5,100,100,0,1.0,0.9630065017930143,1.0,100,1.0,0.9630065017930143,1.0,{},84.34878176597381,200.23912565443777,8.725315594181486,20.169244778197545,100,100,0.71,0.6146110882442888,0.7898516425087772,0.71,0.6146110882442888,0.7898516425087772,71,linear,whole_base_sequence,417.14091173315586,2401.6077777835744,6,0,0,nan,nan,nan,2,True,0.00014106800081208347,0.0,0.0,0.00023246816867957714,100057.55589383357,366685.53284123435,10.498631349961299,True,True,False,45.0,45,45,35.89,28,42,9.11,3,17,27.32,21,32,6.29,6,14,6.29,6,14,0.0,0,0,0.0,0,0,0.0,0,0,21.03,12,26
informative,mixed,initial_batch_no_updates,True,11.0,100,100,0,1.0,0.9630065017930143,1.0,100,1.0,0.9630065017930143,1.0,{},88.70651350244614,210.32372126319044,8.725315594181486,20.169244778197545,100,100,0.71,0.6146110882442888,0.7898516425087772,0.71,0.6146110882442888,0.7898516425087772,71,linear,whole_base_sequence,417.1409117331601,2401.6077777836385,6,0,0,nan,nan,nan,2,True,0.00014072200021473692,0.0,0.0,0.00020757088007989223,122427.54573326085,448940.9411369917,10.99974922994791,True,True,False,45.0,45,45,35.89,28,42,9.11,3,17,28.77,21,34,6.29,6,14,6.29,6,14,0.0,0,0,0.0,0,0,0.0,0,0,22.48,14,28
informative,mixed,initial_batch_no_updates,True,11.5,100,100,0,1.0,0.9630065017930143,1.0,100,1.0,0.9630065017930143,1.0,{},93.06470682393235,220.40831946805793,8.725315594181486,20.169244778197545,100,100,0.71,0.6146110882442888,0.7898516425087772,0.71,0.6146110882442888,0.7898516425087772,71,linear,whole_base_sequence,417.14091173314415,2401.6077777835576,6,0,0,nan,nan,nan,2,True,0.00014226399944163858,0.0,0.0,0.00018643676186117783,148370.34386154468,544377.5826923045,11.484757126687272,True,True,False,45.0,45,45,35.89,28,42,9.11,3,17,30.44,22,36,6.29,6,14,6.29,6,14,0.0,0,0,0.0,0,0,0.0,0,0,24.15,15,30
informative,mixed,initial_batch_no_updates,True,12.0,100,100,0,1.0,0.9630065017930143,1.0,100,1.0,0.9630065017930143,1.0,{},97.42329978397537,230.49291990849218,8.725315594181486,20.169244778197545,100,100,0.71,0.6146110882442888,0.7898516425087772,0.71,0.6146110882442888,0.7898516425087772,71,linear,whole_base_sequence,417.14091173315234,2401.6077777835267,6,0,0,nan,nan,nan,2,True,0.00013804099697154015,0.0,0.0,0.00016834957902584115,178249.01906686218,654339.2764226691,11.99754071023031,True,True,False,45.0,45,45,35.89,28,42,9.11,3,17,31.96,24,39,6.29,6,14,6.29,6,14,0.0,0,0,0.0,0,0,0.0,0,0,25.67,16,33
informative,mixed,initial_batch_no_updates,True,12.5,100,100,0,1.0,0.9630065017930143,1.0,100,1.0,0.9630065017930143,1.0,{},101.78224104175156,240.5775222878321,8.725315594181486,20.169244778197545,100,100,0.71,0.6146110882442888,0.7898516425087772,0.71,0.6146110882442888,0.7898516425087772,71,linear,whole_base_sequence,417.14091173313506,2401.6077777835535,6,0,0,nan,nan,nan,2,True,0.0001387540006544441,0.0,0.0,0.00015275455247095988,212444.27958342916,780235.331155792,12.49017512360599,True,True,False,45.0,45,45,35.89,28,42,9.11,3,17,33.36,25,41,6.29,6,14,6.29,6,14,0.0,0,0,0.0,0,0,0.0,0,0,27.07,16,35
informative,mixed,initial_batch_no_updates,True,14.5,100,100,0,1.0,0.9630065017930143,1.0,100,1.0,0.9630065017930143,1.0,{},119.22072494035211,280.9159468233553,8.725315594181486,20.169244778197545,100,100,0.71,0.6146110882442888,0.7898516425087772,0.71,0.6146110882442888,0.7898516425087772,71,linear,whole_base_sequence,417.14091173313784,2401.6077777835894,6,0,0,nan,nan,nan,2,True,0.00013713200140045957,0.0,0.0,0.00010783092470368179,400622.7200279492,1473641.486911043,14.09057064596549,True,True,False,45.0,45,45,35.89,28,42,9.11,3,17,35.89,28,42,6.29,6,14,6.29,6,14,0.0,0,0,0.0,0,0,0.0,0,0,29.6,21,36
informative,mixed,initial_batch_no_updates,True,2.0,100,1,99,0.01,0.0017674320641406505,0.054486196178705315,1,0.01,0.0017674320641406505,0.054486196178705315,"{""not_initialized"": 99}",8.44500507879309,8.44500507879309,15.547276295400053,15.547276295400053,1,100,0.0,0.0,0.7934506856227626,0.0,0.0,0.03699349820698568,0,linear,whole_base_sequence,1826.096242369525,1826.096242369525,6,0,0,nan,nan,nan,2,True,3.8120016688480975e-06,0.0,0.0,0.023106390689634392,71.76571380373292,71.76571380373292,1.992380419750253,True,True,False,45.0,45,45,35.89,28,42,9.11,3,17,2.02,0,6,0.06,0,6,0.06,0,6,0.0,0,0,0.0,0,0,0.0,0,0,1.96,0,4
informative,mixed,initial_batch_no_updates,True,2.5,100,2,98,0.02,0.00550196755016235,0.07001179072854388,2,0.02,0.00550196755016235,0.07001179072854388,"{""not_initialized"": 98}",11.566327058080333,15.46122646827208,11.040115625446177,14.841510417767465,2,100,0.5,0.09453120573423074,0.9054687942657693,0.01,0.0017674320641406505,0.054486196178705315,1,linear,whole_base_sequence,917.7821088442333,1735.2648290169902,6,0,0,nan,nan,nan,2,True,6.084999477025121e-06,0.0,0.0,0.011928866169851171,199.95731720545365,214.44304322063874,2.4974288440626857,True,True,False,45.0,45,45,35.89,28,42,9.11,3,17,3.55,1,6,0.12,0,6,0.12,0,6,0.0,0,0,0.0,0,0,0.0,0,0,3.43,0,5
informative,mixed,initial_batch_no_updates,True,3.0,100,32,68,0.32,0.23669147324999093,0.41662618610452384,32,0.32,0.23669147324999093,0.41662618610452384,"{""not_initialized"": 68}",30.602935905061457,78.13326713580815,13.119898839402655,34.104324235627665,32,100,0.71875,0.5462549057408342,0.8443541950225723,0.23,0.15843265880303448,0.3215438302287378,23,linear,whole_base_sequence,540.1994724207561,3322.715065411715,6,0,0,nan,nan,nan,2,True,4.639300139388069e-05,0.0,0.0,0.007284725781281213,340.5629695643697,1202.473554883334,2.9970172176770236,True,True,False,45.0,45,45,35.89,28,42,9.11,3,17,4.87,1,8,1.96,0,8,1.96,0,8,0.0,0,0,0.0,0,0,0.0,0,0,2.91,0,5
informative,mixed,initial_batch_no_updates,True,3.5,100,75,25,0.75,0.656955364519384,0.8245478863771232,75,0.75,0.656955364519384,0.8245478863771232,"{""not_initialized"": 25}",26.90210902774657,61.597876862105295,9.850674554529107,23.286536030226753,75,100,0.72,0.6095930981193548,0.8089684111882106,0.54,0.44264860323368227,0.6343919169097589,54,linear,whole_base_sequence,452.16439353120137,2960.935990520572,6,0,0,nan,nan,nan,2,True,0.00010305399890057742,0.0,0.0,0.004110979947900155,703.3286598417976,2465.2234620515196,3.497754248789989,True,True,False,45.0,45,45,35.89,28,42,9.11,3,17,6.5,2,10,4.61,0,8,4.61,0,8,0.0,0,0,0.0,0,0,0.0,0,0,1.89,0,5
informative,mixed,initial_batch_no_updates,True,4.0,100,93,7,0.93,0.8625048526092651,0.9656807389327273,93,0.93,0.8625048526092651,0.9656807389327273,"{""not_initialized"": 7}",28.85354576160738,62.090753449378255,9.033606027388362,20.926704959446017,93,100,0.7096774193548387,0.6105740949932597,0.7921459845566579,0.66,0.5627772885472462,0.7453847920265184,66,linear,whole_base_sequence,428.26501760930336,2511.4888822148814,6,0,0,nan,nan,nan,2,True,0.00012556500092614442,0.0,0.0,0.0029344546196754316,1189.0540181475585,4610.516237761573,3.9988199117806107,True,True,False,45.0,45,45,35.89,28,42,9.11,3,17,7.98,4,12,5.75,0,8,5.75,0,8,0.0,0,0,0.0,0,0,0.0,0,0,2.23,0,9
informative,mixed,initial_batch_no_updates,True,4.5,100,97,3,0.97,0.9154806357094724,0.9897454759759611,97,0.97,0.9154806357094724,0.9897454759759611,"{""not_initialized"": 3}",32.6484267305531,70.42013173203009,8.84958294829854,20.493870570161164,97,100,0.7216494845360825,0.6253236474067843,0.8010882718858368,0.7,0.6041514536665332,0.7810511470506724,70,linear,whole_base_sequence,410.8358476190188,2448.6996796826925,6,0,0,nan,nan,nan,2,True,0.0001342589993146248,0.0,0.0,0.002184013746402207,1924.8650358716018,7999.85602365442,4.49945979675186,True,True,False,45.0,45,45,35.89,28,42,9.11,3,17,9.31,5,13,5.99,0,8,5.99,0,8,0.0,0,0,0.0,0,0,0.0,0,0,3.32,0,9
informative,mixed,initial_batch_no_updates,True,5.0,100,99,1,0.99,0.9455138038212946,0.9982325679358593,99,0.99,0.9455138038212946,0.9982325679358593,"{""not_initialized"": 1}",36.675267706565144,80.24788903641489,8.769214167386835,20.27745337551875,99,100,0.7070707070707071,0.6110382270180278,0.7876336750548921,0.7,0.6041514536665332,0.7810511470506724,70,linear,whole_base_sequence,421.30074437807923,2417.305078416603,6,0,0,nan,nan,nan,2,True,0.00013816599908750504,0.0,0.0,0.0016361115006810552,3139.796348526768,13060.246665849712,4.996966448692182,True,True,False,45.0,45,45,35.89,28,42,9.11,3,17,10.85,5,15,6.23,0,14,6.23,0,14,0.0,0,0,0.0,0,0,0.0,0,0,4.62,0,9
informative,mixed,initial_batch_no_updates,True,5.5,100,100,0,1.0,0.9630065017930143,1.0,100,1.0,0.9630065017930143,1.0,{},40.82937175420226,90.77122756200035,8.725315594181486,20.169244778197545,100,100,0.71,0.6146110882442888,0.7898516425087772,0.71,0.6146110882442888,0.7898516425087772,71,linear,whole_base_sequence,417.1409117331496,2401.607777783544,6,0,0,nan,nan,nan,2,True,0.00014010999904712663,0.0,0.0,0.0012543692190593219,4935.36524187633,20284.174432616273,5.499449520235045,True,True,False,45.0,45,45,35.89,28,42,9.11,3,17,12.34,6,16,6.29,6,14,6.29,6,14,0.0,0,0,0.0,0,0,0.0,0,0,6.05,0,10
informative,mixed,initial_batch_no_updates,True,6.0,100,100,0,1.0,0.9630065017930143,1.0,100,1.0,0.9630065017930143,1.0,{},45.17201001846499,101.8280466081724,8.725315594181486,20.169244778197545,100,100,0.71,0.6146110882442888,0.7898516425087772,0.71,0.6146110882442888,0.7898516425087772,71,linear,whole_base_sequence,417.1409117331507,2401.6077777835417,6,0,0,nan,nan,nan,2,True,0.0001369010002235882,0.0,0.0,0.000987384158087994,7626.545860766741,30229.60595234738,5.997943753439602,True,True,False,45.0,45,45,35.89,28,42,9.11,3,17,13.77,8,18,6.29,6,14,6.29,6,14,0.0,0,0,0.0,0,0,0.0,0,0,7.48,2,12
informative,mixed,initial_batch_no_updates,True,6.5,100,100,0,1.0,0.9630065017930143,1.0,100,1.0,0.9630065017930143,1.0,{},49.51816784254834,112.88519757681944,8.725315594181486,20.169244778197545,100,100,0.71,0.6146110882442888,0.7898516425087772,0.71,0.6146110882442888,0.7898516425087772,71,linear,whole_base_sequence,417.1409117331496,2401.607777783527,6,0,0,nan,nan,nan,2,True,0.0001377529971068725,0.0,0.0,0.0007948421773733975,11164.494416894853,43519.98986565904,6.499244815146497,True,True,False,45.0,45,45,35.89,28,42,9.11,3,17,15.48,8,20,6.29,6,14,6.29,6,14,0.0,0,0,0.0,0,0,0.0,0,0,9.19,2,14
informative,mixed,initial_batch_no_updates,True,7.0,100,100,0,1.0,0.9630065017930143,1.0,100,1.0,0.9630065017930143,1.0,{},53.86699332584201,123.94259098086346,8.725315594181486,20.169244778197545,100,100,0.71,0.6146110882442888,0.7898516425087772,0.71,0.6146110882442888,0.7898516425087772,71,linear,whole_base_sequence,417.1409117331525,2401.6077777835503,6,0,0,nan,nan,nan,2,True,0.00013728500140132384,0.0,0.0,0.0006521676073852933,15812.471410112283,60844.25888797637,6.996862735900991,True,True,False,45.0,45,45,35.89,28,42,9.11,3,17,16.91,10,23,6.29,6,14,6.29,6,14,0.0,0,0,0.0,0,0,0.0,0,0,10.62,4,17
informative,mixed,initial_batch_no_updates,True,7.5,100,100,0,1.0,0.9630065017930143,1.0,100,1.0,0.9630065017930143,1.0,{},58.21788865596949,135.00016684787047,8.725315594181486,20.169244778197545,100,100,0.71,0.6146110882442888,0.7898516425087772,0.71,0.6146110882442888,0.7898516425087772,71,linear,whole_base_sequence,417.1409117331518,2401.6077777835208,6,0,0,nan,nan,nan,2,True,0.0001368809986161068,0.0,0.0,0.0005439008741716996,21758.917756235554,82956.83150047675,7.498680621308876,True,True,False,45.0,45,45,35.89,28,42,9.11,3,17,18.45,11,24,6.29,6,14,6.29,6,14,0.0,0,0,0.0,0,0,0.0,0,0,12.16,5,18
informative,mixed,initial_batch_no_updates,True,8.0,100,100,0,1.0,0.9630065017930143,1.0,100,1.0,0.9630065017930143,1.0,{},62.57042204796485,146.05788347906264,8.725315594181486,20.169244778197545,100,100,0.71,0.6146110882442888,0.7898516425087772,0.71,0.6146110882442888,0.7898516425087772,71,linear,whole_base_sequence,417.1409117331495,2401.6077777835535,6,0,0,nan,nan,nan,2,True,0.0001409599994076416,0.0,0.0,0.0004600172031938286,29352.137394035628,110677.61319599515,7.998699869607323,True,True,False,45.0,45,45,35.89,28,42,9.11,3,17,19.97,14,25,6.29,6,14,6.29,6,14,0.0,0,0,0.0,0,0,0.0,0,0,13.68,8,19
informative,mixed,initial_batch_no_updates,True,8.5,100,100,0,1.0,0.9630065017930143,1.0,100,1.0,0.9630065017930143,1.0,{},66.9242739002155,157.11571098209944,8.725315594181486,20.169244778197545,100,100,0.71,0.6146110882442888,0.7898516425087772,0.71,0.6146110882442888,0.7898516425087772,71,linear,whole_base_sequence,417.1409117331492,2401.607777783519,6,0,0,nan,nan,nan,2,True,0.00013624999905005098,0.0,0.0,0.00039382972076803906,38754.757733790626,144891.99736037018,8.498805778213853,True,True,False,45.0,45,45,35.89,28,42,9.11,3,17,21.48,16,27,6.29,6,14,6.29,6,14,0.0,0,0,0.0,0,0,0.0,0,0,15.19,8,21
informative,mixed,initial_batch_no_updates,True,9.0,100,100,0,1.0,0.9630065017930143,1.0,100,1.0,0.9630065017930143,1.0,{},71.27920261191701,168.17362736882666,8.725315594181486,20.169244778197545,100,100,0.71,0.6146110882442888,0.7898516425087772,0.71,0.6146110882442888,0.7898516425087772,71,linear,whole_base_sequence,417.1409117331518,2401.6077777835626,6,0,0,nan,nan,nan,2,True,0.00014233300054911524,0.0,0.0,0.000340761356048245,50236.56235965894,186550.86589703336,8.997791749042221,True,True,False,45.0,45,45,35.89,28,42,9.11,3,17,22.94,18,27,6.29,6,14,6.29,6,14,0.0,0,0,0.0,0,0,0.0,0,0,16.65,8,21
informative,mixed,initial_batch_no_updates,True,9.5,100,100,0,1.0,0.9630065017930143,1.0,100,1.0,0.9630065017930143,1.0,{},75.63502217239976,179.23161610475753,8.725315594181486,20.169244778197545,100,100,0.71,0.6146110882442888,0.7898516425087772,0.71,0.6146110882442888,0.7898516425087772,71,linear,whole_base_sequence,417.14091173315006,2401.6077777835385,6,0,0,nan,nan,nan,2,True,0.00014039099944056942,0.0,0.0,0.0002976049760012806,64119.75320130211,236670.58965756197,9.499030406636821,True,True,False,45.0,45,45,35.89,28,42,9.11,3,17,24.51,18,30,6.29,6,14,6.29,6,14,0.0,0,0,0.0,0,0,0.0,0,0,18.22,10,24
informative,mixed,offline_full_record_noncausal,False,14.5,100,91,9,0.91,0.837737871472837,0.9519274599974348,91,0.91,0.837737871472837,0.9519274599974348,"{""projected_kkt_not_satisfied"": 9}",6.513422073101618,13.561396268513695,0.6300022239000571,1.285185608112183,91,100,0.2087912087912088,0.1379408066814811,0.3032318549474272,0.19,0.12514751509768735,0.27778845379064376,19,linear,whole_base_sequence,482.8149328994137,1432.8114030076995,6,0,0,nan,nan,nan,2,True,0.3414711149997311,0.0,0.0,7.504171807430084e-05,4460.069999638718,7014.978593972168,14.09057064596549,True,True,False,45.0,45,45,35.89,28,42,9.11,3,17,35.89,28,42,35.89,28,42,0.0,0,0,0.0,0,0,0.0,0,0,0.0,0,0,0.0,0,0
informative,mixed,retarded_ekf,True,0.0,100,0,100,0.0,0.0,0.03699349820698568,0,0.0,0.0,0.03699349820698568,"{""not_initialized"": 100}",nan,nan,nan,nan,0,100,nan,nan,nan,0.0,0.0,0.03699349820698568,0,linear,whole_base_sequence,nan,nan,6,0,0,nan,nan,nan,2,True,2.5737999530974777e-05,0.0,nan,nan,nan,nan,nan,True,True,False,45.0,45,45,35.89,28,42,9.11,3,17,0.0,0,0,0.0,0,0,0.0,0,0,0.0,0,0,0.0,0,0,0.0,0,0,0.0,0,0
informative,mixed,retarded_ekf,True,0.5,100,0,100,0.0,0.0,0.03699349820698568,0,0.0,0.0,0.03699349820698568,"{""not_initialized"": 100}",nan,nan,nan,nan,0,100,nan,nan,nan,0.0,0.0,0.03699349820698568,0,linear,whole_base_sequence,nan,nan,6,0,0,nan,nan,nan,2,True,1.4200001023709774e-05,0.0,nan,nan,nan,nan,nan,True,True,False,45.0,45,45,35.89,28,42,9.11,3,17,0.0,0,0,0.0,0,0,0.0,0,0,0.0,0,0,0.0,0,0,0.0,0,0,0.0,0,0
informative,mixed,retarded_ekf,True,1.0,100,0,100,0.0,0.0,0.03699349820698568,0,0.0,0.0,0.03699349820698568,"{""not_initialized"": 100}",nan,nan,nan,nan,0,100,nan,nan,nan,0.0,0.0,0.03699349820698568,0,linear,whole_base_sequence,nan,nan,6,0,0,nan,nan,nan,2,True,3.288200037786737e-05,0.0,nan,nan,nan,nan,0.9988289937019668,True,True,False,45.0,45,45,35.89,28,42,9.11,3,17,0.25,0,2,0.0,0,0,0.0,0,0,0.0,0,0,0.0,0,0,0.0,0,0,0.25,0,2
informative,mixed,retarded_ekf,True,1.5,100,0,100,0.0,0.0,0.03699349820698568,0,0.0,0.0,0.03699349820698568,"{""not_initialized"": 100}",nan,nan,nan,nan,0,100,nan,nan,nan,0.0,0.0,0.03699349820698568,0,linear,whole_base_sequence,nan,nan,6,0,0,nan,nan,nan,2,True,7.11650017183274e-05,0.0,nan,nan,nan,nan,1.4872137021675407,True,True,False,45.0,45,45,35.89,28,42,9.11,3,17,0.91,0,3,0.0,0,0,0.0,0,0,0.0,0,0,0.0,0,0,0.0,0,0,0.91,0,3
informative,mixed,retarded_ekf,True,10.0,100,75,25,0.75,0.656955364519384,0.8245478863771232,75,0.75,0.656955364519384,0.8245478863771232,"{""initialization_failed:initialization_quality_gate_failed"": 24, ""initialization_failed:projected_kkt_not_satisfied"": 1}",5.604404860267529,12.00477683074045,0.7286853281842108,1.5024513463264804,75,100,0.48,0.3706911114274907,0.5912578422718215,0.36,0.2727122040140433,0.4576459754839126,36,linear,whole_base_sequence,301.62643616469484,1130.7742131381865,6,101,0,191.2131394304076,1325.1445397353157,0.5346534653465347,2,True,0.10500198600115254,0.0008429510021233,0.0,0.00016968979958292593,1417.4009791062233,2291.9196859807935,9.99858573035365,True,True,False,45.0,45,45,35.89,28,42,9.11,3,17,25.92,19,31,21.15,6,31,6.29,6,14,14.86,0,25,0.0,0,0,0.0,0,0,4.77,0,24
informative,mixed,retarded_ekf,True,10.5,100,75,25,0.75,0.656955364519384,0.8245478863771232,75,0.75,0.656955364519384,0.8245478863771232,"{""initialization_failed:initialization_quality_gate_failed"": 23, ""initialization_failed:projected_kkt_not_satisfied"": 2}",5.4110241098333995,12.038933078216946,0.6660965746423165,1.4777665702109863,75,100,0.44,0.3333145749124916,0.5525322861854451,0.33,0.24563122734128034,0.4269465620490947,33,linear,whole_base_sequence,302.90991159338296,1037.3529142828681,6,107,0,147.74870161649199,343.9182220337146,0.4766355140186916,2,True,0.09322111900080926,0.000837857999431435,0.0,0.00014748952402096857,1640.7694922328556,2500.5575470435588,10.498631349961299,True,True,False,45.0,45,45,35.89,28,42,9.11,3,17,27.32,21,32,22.22,6,32,6.29,6,14,15.93,0,26,0.0,0,0,0.0,0,0,5.1,0,24
informative,mixed,retarded_ekf,True,11.0,100,75,25,0.75,0.656955364519384,0.8245478863771232,75,0.75,0.656955364519384,0.8245478863771232,"{""initialization_failed:initialization_quality_gate_failed"": 24, ""initialization_failed:projected_kkt_not_satisfied"": 1}",6.293908031844043,12.728662565556462,0.7451093116786239,1.4283348240976315,75,100,0.36,0.26064928908616347,0.47299338680902214,0.27,0.1926958414957634,0.36432116767944994,27,linear,whole_base_sequence,394.8762457295384,1593.4619317560218,6,110,0,253.00420483482552,2208.3637397907783,0.509090909090909,2,True,0.1041677339997841,0.000917214002693072,0.0,0.00012921384835049842,1755.7498585748974,2624.0407825016855,10.99974922994791,True,True,False,45.0,45,45,35.89,28,42,9.11,3,17,28.77,21,34,23.32,6,34,6.29,6,14,17.03,0,28,0.0,0,0,0.0,0,0,5.45,0,27
informative,mixed,retarded_ekf,True,11.5,100,75,25,0.75,0.656955364519384,0.8245478863771232,75,0.75,0.656955364519384,0.8245478863771232,"{""initialization_failed:initialization_quality_gate_failed"": 23, ""initialization_failed:projected_kkt_not_satisfied"": 2}",5.745910577479897,10.649992795426625,0.6553855903295401,1.2917206400441892,75,100,0.3466666666666667,0.24882277263674593,0.4594525390579812,0.26,0.18404698464748132,0.3537098944918718,26,linear,whole_base_sequence,387.4245007686339,1445.8207823895893,6,120,0,171.37753793655216,1410.4953861538447,0.5333333333333333,2,True,0.14575909499748377,0.0009877140034222976,0.0,0.00011404490690795186,1938.405943637407,3163.977121450742,11.484757126687272,True,True,False,45.0,45,45,35.89,28,42,9.11,3,17,30.44,22,36,24.52,6,36,6.29,6,14,18.23,0,30,0.0,0,0,0.0,0,0,5.92,0,30
informative,mixed,retarded_ekf,True,12.0,100,75,25,0.75,0.656955364519384,0.8245478863771232,75,0.75,0.656955364519384,0.8245478863771232,"{""initialization_failed:initialization_quality_gate_failed"": 22, ""initialization_failed:projected_kkt_not_satisfied"": 3}",5.47873456216357,10.857786842285027,0.5996110325463015,1.181205161758228,75,100,0.32,0.22542995034772845,0.4321106329460818,0.24,0.16691325556948772,0.33232336349814473,24,linear,whole_base_sequence,361.02511234523,1284.4501366971858,6,113,0,197.12045144272489,196.00255652140368,0.4690265486725664,2,True,0.12934755199676146,0.0009094330010702834,0.0,0.00010125377741671914,2240.089749062625,3114.466563847033,11.99754071023031,True,True,False,45.0,45,45,35.89,28,42,9.11,3,17,31.96,24,39,25.65,6,39,6.29,6,14,19.36,0,33,0.0,0,0,0.0,0,0,6.31,0,32
informative,mixed,retarded_ekf,True,12.5,100,75,25,0.75,0.656955364519384,0.8245478863771232,75,0.75,0.656955364519384,0.8245478863771232,"{""initialization_failed:initialization_quality_gate_failed"": 22, ""initialization_failed:projected_kkt_not_satisfied"": 3}",5.568942217684762,10.808962157661425,0.5802558886510847,1.1192927224780358,75,100,0.28,0.1910315888117894,0.3904069018806452,0.21,0.141656540619153,0.29979968834089865,21,linear,whole_base_sequence,379.33684107785245,1349.8300939752285,6,105,0,210.35919510771683,1586.955329430021,0.4666666666666667,2,True,0.11621585299901199,0.0008501759983482771,0.0,9.04477496299297e-05,2428.4972709206627,3561.580665508428,12.49017512360599,True,True,False,45.0,45,45,35.89,28,42,9.11,3,17,33.36,25,41,26.7,6,41,6.29,6,14,20.41,0,35,0.0,0,0,0.0,0,0,6.66,0,33
informative,mixed,retarded_ekf,True,14.5,100,75,25,0.75,0.656955364519384,0.8245478863771232,75,0.75,0.656955364519384,0.8245478863771232,"{""initialization_failed:initialization_quality_gate_failed"": 23, ""initialization_failed:projected_kkt_not_satisfied"": 2}",5.873202560223494,12.1317570032223,0.520361329687959,1.1147848755026788,75,100,0.25333333333333335,0.16860049363552168,0.36210326865599607,0.19,0.12514751509768735,0.27778845379064376,19,linear,whole_base_sequence,354.2368959837722,1175.4047044293825,6,189,0,138.37195200173562,286.0310988752145,0.5978835978835979,2,True,0.2250690169981681,0.0015392329974565654,0.0,6.057643328076829e-05,4401.185423476546,6166.5533579456915,14.09057064596549,True,True,False,45.0,45,45,35.89,28,42,9.11,3,17,35.89,28,42,28.59,6,42,6.29,6,14,22.3,0,36,0.0,0,0,0.0,0,0,7.3,0,35
informative,mixed,retarded_ekf,True,2.0,100,0,100,0.0,0.0,0.03699349820698568,0,0.0,0.0,0.03699349820698568,"{""initialization_failed:initialization_quality_gate_failed"": 1, ""not_initialized"": 99}",nan,nan,nan,nan,0,100,nan,nan,nan,0.0,0.0,0.03699349820698568,0,linear,whole_base_sequence,nan,nan,6,0,0,nan,nan,nan,2,True,0.0009374419986852444,0.0,nan,nan,nan,nan,1.992380419750253,True,True,False,45.0,45,45,35.89,28,42,9.11,3,17,2.02,0,6,0.06,0,6,0.06,0,6,0.0,0,0,0.0,0,0,0.0,0,0,1.96,0,4
informative,mixed,retarded_ekf,True,2.5,100,1,99,0.01,0.0017674320641406505,0.054486196178705315,1,0.01,0.0017674320641406505,0.054486196178705315,"{""initialization_failed:initialization_quality_gate_failed"": 1, ""not_initialized"": 98}",2.7000945108897545,2.7000945108897545,1.431958742748298,1.431958742748298,1,100,1.0,0.20654931437723745,1.0,0.01,0.0017674320641406505,0.054486196178705315,1,linear,whole_base_sequence,9.467975318947868,9.467975318947868,6,0,0,nan,nan,nan,2,True,0.0008379389988840558,0.0,0.0,0.011928866169851171,214.44304322063874,214.44304322063874,2.4974288440626857,True,True,False,45.0,45,45,35.89,28,42,9.11,3,17,3.55,1,6,0.12,0,6,0.12,0,6,0.0,0,0,0.0,0,0,0.0,0,0,3.43,0,5
informative,mixed,retarded_ekf,True,3.0,100,25,75,0.25,0.17545211362287672,0.34304463548061603,25,0.25,0.17545211362287672,0.34304463548061603,"{""initialization_failed:initialization_quality_gate_failed"": 7, ""not_initialized"": 68}",13.830553766097793,7.326930226973723,5.759611108206926,3.3187077395956237,25,100,0.92,0.7503389104960468,0.9777795987151524,0.23,0.15843265880303448,0.3215438302287378,23,linear,whole_base_sequence,169.25407598271985,12.34808305616804,6,7,0,1.5005259091264214,3.7783925669337832,1.0,2,True,0.02438332699937746,5.263900064164773e-05,0.0,0.006987662386470582,316.60566251569776,1028.2207082451243,2.9970172176770236,True,True,False,45.0,45,45,35.89,28,42,9.11,3,17,4.87,1,8,2.03,0,8,1.96,0,8,0.07,0,1,0.0,0,0,0.0,0,0,2.84,0,5
informative,mixed,retarded_ekf,True,3.5,100,57,43,0.57,0.47215389549212305,0.6626670147588988,57,0.57,0.47215389549212305,0.6626670147588988,"{""initialization_failed:initialization_quality_gate_failed"": 17, ""initialization_failed:projected_kkt_not_satisfied"": 1, ""not_initialized"": 25}",4.54062165795654,4.551167825166922,1.4741226370033857,1.855415134563065,57,100,0.9473684210526315,0.8563044960283646,0.9819397043663383,0.54,0.44264860323368227,0.6343919169097589,54,linear,whole_base_sequence,61.81410910566404,48.247205631322444,6,61,0,80.63135332974711,9.025969881967487,0.8852459016393442,2,True,0.0441925379994791,0.0004971270004170947,0.0,0.004641910096429883,427.4478497100534,2025.2188741017992,3.497754248789989,True,True,False,45.0,45,45,35.89,28,42,9.11,3,17,6.5,2,10,5.29,0,10,4.61,0,8,0.68,0,4,0.0,0,0,0.0,0,0,1.21,0,5
informative,mixed,retarded_ekf,True,4.0,100,70,30,0.7,0.6041514536665332,0.7810511470506724,70,0.7,0.6041514536665332,0.7810511470506724,"{""initialization_failed:initialization_quality_gate_failed"": 23, ""initialization_failed:projected_kkt_not_satisfied"": 1, ""not_initialized"": 6}",6.260770685073606,4.748329134711628,2.0234834347604544,1.5610083039070133,70,100,0.9142857142857143,0.8253432750766051,0.9601233303548878,0.64,0.5423540245160874,0.7272877959859567,64,linear,whole_base_sequence,81.90447122497137,174.45154613833063,6,86,0,31.687108512689758,90.48724061980745,0.8488372093023255,2,True,0.04574587600072846,0.0006941439985530451,0.0,0.0028871785872169892,427.97287162619364,2983.621408392746,3.9988199117806107,True,True,False,45.0,45,45,35.89,28,42,9.11,3,17,7.98,4,12,7.29,0,12,5.75,0,8,1.54,0,6,0.0,0,0,0.0,0,0,0.69,0,9
informative,mixed,retarded_ekf,True,4.5,100,74,26,0.74,0.6462901055081282,0.8159530153525186,74,0.74,0.6462901055081282,0.8159530153525186,"{""initialization_failed:initialization_quality_gate_failed"": 21, ""initialization_failed:projected_kkt_not_satisfied"": 4, ""not_initialized"": 1}",8.470686905460584,21.354845039650623,2.4066545739307883,6.154427048123423,74,100,0.7972972972972973,0.6921222305619936,0.8731292519590741,0.59,0.4920143005341078,0.6813268697886348,59,linear,whole_base_sequence,234.42428789000365,1531.280572236301,6,92,0,171.92014338763437,1322.1360466305166,0.7608695652173914,2,True,0.0450892000013846,0.0007466679997742176,0.0,0.002092779489338289,478.0640411016506,1996.727891062331,4.49945979675186,True,True,False,45.0,45,45,35.89,28,42,9.11,3,17,9.31,5,13,8.45,0,13,5.99,0,8,2.46,0,7,0.0,0,0,0.0,0,0,0.86,0,9
informative,mixed,retarded_ekf,True,5.0,100,74,26,0.74,0.6462901055081282,0.8159530153525186,74,0.74,0.6462901055081282,0.8159530153525186,"{""initialization_failed:initialization_quality_gate_failed"": 19, ""initialization_failed:projected_kkt_not_satisfied"": 6, ""not_initialized"": 1}",8.37027462862331,22.798834754737207,2.1403727227690217,5.84363509477134,74,100,0.7702702702702703,0.6625368552184813,0.8513281288915803,0.57,0.47215389549212305,0.6626670147588988,57,linear,whole_base_sequence,249.34013598796764,1704.3737673045532,6,106,0,107.8627977066142,547.7475549725795,0.7169811320754716,2,True,0.061524954999913464,0.0008725100010633468,0.0,0.0014591249835390107,464.93687813067606,2543.612052179002,4.996966448692182,True,True,False,45.0,45,45,35.89,28,42,9.11,3,17,10.85,5,15,9.75,0,15,6.23,0,14,3.52,0,9,0.0,0,0,0.0,0,0,1.1,0,7
informative,mixed,retarded_ekf,True,5.5,100,75,25,0.75,0.656955364519384,0.8245478863771232,75,0.75,0.656955364519384,0.8245478863771232,"{""initialization_failed:initialization_quality_gate_failed"": 20, ""initialization_failed:projected_kkt_not_satisfied"": 5}",6.365347901386452,14.669167397088199,1.456092202924899,3.2823996433949465,75,100,0.76,0.6522123385089702,0.8424512633999708,0.57,0.47215389549212305,0.6626670147588988,57,linear,whole_base_sequence,210.33600113643394,1236.002144522454,6,112,0,70.02737163960249,264.47914972742234,0.7589285714285714,2,True,0.05196561499935342,0.0008767679979791865,0.0,0.0010838566933626577,494.2422180212079,1777.4946190559494,5.499449520235045,True,True,False,45.0,45,45,35.89,28,42,9.11,3,17,12.34,6,16,10.93,6,16,6.29,6,14,4.64,0,10,0.0,0,0,0.0,0,0,1.41,0,8
informative,mixed,retarded_ekf,True,6.0,100,75,25,0.75,0.656955364519384,0.8245478863771232,75,0.75,0.656955364519384,0.8245478863771232,"{""initialization_failed:initialization_quality_gate_failed"": 22, ""initialization_failed:projected_kkt_not_satisfied"": 3}",6.219803216526503,13.110378614565382,1.298531202746999,2.7056453134886316,75,100,0.7466666666666667,0.6378967313440042,0.8313995063644785,0.56,0.4622810465167699,0.6532797336983921,56,linear,whole_base_sequence,196.30824220895548,872.3088503881393,6,113,0,53.88295532729029,146.28134853855056,0.7522123893805309,2,True,0.047079259000602176,0.0009318999995593913,0.0,0.000830873148692753,560.3724612284185,1456.5687976486122,5.997943753439602,True,True,False,45.0,45,45,35.89,28,42,9.11,3,17,13.77,8,18,12.06,6,18,6.29,6,14,5.77,0,12,0.0,0,0,0.0,0,0,1.71,0,10
informative,mixed,retarded_ekf,True,6.5,100,75,25,0.75,0.656955364519384,0.8245478863771232,75,0.75,0.656955364519384,0.8245478863771232,"{""initialization_failed:initialization_quality_gate_failed"": 22, ""initialization_failed:projected_kkt_not_satisfied"": 3}",5.918510259100158,14.31989018839144,1.1826611218914869,3.033782786582268,75,100,0.68,0.5678893670539183,0.7745700496522717,0.51,0.4134801193402717,0.6057800106955886,51,linear,whole_base_sequence,204.86426251987982,1204.7013316943794,6,128,0,164.17649116925975,1173.0199738888723,0.6953125,2,True,0.06876594800152816,0.0010130700006266125,0.0,0.0006341300025366911,593.4049618860889,2221.2474250807195,6.499244815146497,True,True,False,45.0,45,45,35.89,28,42,9.11,3,17,15.48,8,20,13.34,6,20,6.29,6,14,7.05,0,14,0.0,0,0,0.0,0,0,2.14,0,14
informative,mixed,retarded_ekf,True,7.0,100,75,25,0.75,0.656955364519384,0.8245478863771232,75,0.75,0.656955364519384,0.8245478863771232,"{""initialization_failed:initialization_quality_gate_failed"": 22, ""initialization_failed:projected_kkt_not_satisfied"": 3}",6.4029522965118195,14.33758050563059,1.2097292029949536,2.691425488828736,75,100,0.6266666666666667,0.513549651144567,0.7274403087597889,0.47,0.3751081795934127,0.5671114302990063,47,linear,whole_base_sequence,272.2733667706439,1398.0182285088556,6,102,0,177.05159381244604,1439.4075736558073,0.6764705882352942,2,True,0.07477476500003831,0.0008097220002673566,0.0,0.0005071460889842273,668.186558065431,1733.1322049654314,6.996862735900991,True,True,False,45.0,45,45,35.89,28,42,9.11,3,17,16.91,10,23,14.36,6,23,6.29,6,14,8.07,0,17,0.0,0,0,0.0,0,0,2.55,0,15
informative,mixed,retarded_ekf,True,7.5,100,75,25,0.75,0.656955364519384,0.8245478863771232,75,0.75,0.656955364519384,0.8245478863771232,"{""initialization_failed:initialization_quality_gate_failed"": 22, ""initialization_failed:projected_kkt_not_satisfied"": 3}",5.827887334003197,14.369431941559455,0.9914680799699435,2.3401727931221856,75,100,0.6,0.48688038796210664,0.7033748435413321,0.45,0.3561453797951198,0.5475539700255787,45,linear,whole_base_sequence,243.41698881519807,1095.6584088315967,6,115,0,99.96836644001277,162.43274500623022,0.6695652173913044,2,True,0.07475368500163312,0.0009263420014758594,0.0,0.0004052633557942687,742.8009973394658,1573.7100106397504,7.498680621308876,True,True,False,45.0,45,45,35.89,28,42,9.11,3,17,18.45,11,24,15.51,6,24,6.29,6,14,9.22,0,18,0.0,0,0,0.0,0,0,2.94,0,16
informative,mixed,retarded_ekf,True,8.0,100,75,25,0.75,0.656955364519384,0.8245478863771232,75,0.75,0.656955364519384,0.8245478863771232,"{""initialization_failed:initialization_quality_gate_failed"": 24, ""initialization_failed:projected_kkt_not_satisfied"": 1}",5.708248800058275,12.559838725051408,0.8859437333628254,1.9874912189556497,75,100,0.6,0.48688038796210664,0.7033748435413321,0.45,0.3561453797951198,0.5475539700255787,45,linear,whole_base_sequence,249.22928555519348,1384.0368202900638,6,120,0,48.85732639569508,109.9625808951475,0.6916666666666667,2,True,0.06954980300011812,0.0009872370000812225,0.0,0.0003310203291248882,858.6462654550936,1788.6003439945337,7.998699869607323,True,True,False,45.0,45,45,35.89,28,42,9.11,3,17,19.97,14,25,16.71,6,25,6.29,6,14,10.42,0,19,0.0,0,0,0.0,0,0,3.26,0,18
informative,mixed,retarded_ekf,True,8.5,100,75,25,0.75,0.656955364519384,0.8245478863771232,75,0.75,0.656955364519384,0.8245478863771232,"{""initialization_failed:initialization_quality_gate_failed"": 23, ""initialization_failed:projected_kkt_not_satisfied"": 2}",5.715963030586462,13.461794512558443,0.8642251763904765,2.030660691080634,75,100,0.5733333333333334,0.46052792329276937,0.6789925798097526,0.43,0.33733298524110106,0.5278461045078768,43,linear,whole_base_sequence,275.7488657597952,1211.9865709203737,6,115,0,157.6213041362819,291.6802261907318,0.6260869565217392,2,True,0.08481810600118479,0.0009323609989951364,0.0,0.0002758903348555435,964.6809519827286,1860.6456624248945,8.498805778213853,True,True,False,45.0,45,45,35.89,28,42,9.11,3,17,21.48,16,27,17.86,6,26,6.29,6,14,11.57,0,20,0.0,0,0,0.0,0,0,3.62,0,21
informative,mixed,retarded_ekf,True,9.0,100,75,25,0.75,0.656955364519384,0.8245478863771232,75,0.75,0.656955364519384,0.8245478863771232,"{""initialization_failed:initialization_quality_gate_failed"": 20, ""initialization_failed:projected_kkt_not_satisfied"": 5}",5.4879355772880505,12.413133606604918,0.7927776003857658,1.8805317381965212,75,100,0.5866666666666667,0.47366515860704367,0.6912227086959367,0.44,0.34672026630160796,0.5377189534832302,44,linear,whole_base_sequence,264.3202243716572,1129.5969855581259,6,110,0,98.23395799908386,190.55599726030408,0.6727272727272727,2,True,0.08578060499974527,0.000888747000717558,0.0,0.00023171372808915264,1114.388978675713,1935.3466421205546,8.997791749042221,True,True,False,45.0,45,45,35.89,28,42,9.11,3,17,22.94,18,27,18.96,6,27,6.29,6,14,12.67,0,21,0.0,0,0,0.0,0,0,3.98,0,21
informative,mixed,retarded_ekf,True,9.5,100,75,25,0.75,0.656955364519384,0.8245478863771232,75,0.75,0.656955364519384,0.8245478863771232,"{""initialization_failed:initialization_quality_gate_failed"": 23, ""initialization_failed:projected_kkt_not_satisfied"": 2}",5.935560296703141,13.224211859637474,0.8021719596456743,1.7165531578717594,75,100,0.5333333333333333,0.42157537389084965,0.6418430366102965,0.4,0.3094012864324589,0.4979974132089382,40,linear,whole_base_sequence,306.63579722324033,1106.2153717738238,6,118,0,247.3700042415492,2389.4369699167028,0.6440677966101694,2,True,0.09264045000076294,0.0009737020012107678,0.0,0.0001971674406296559,1231.1175047056695,2301.71079227879,9.499030406636821,True,True,False,45.0,45,45,35.89,28,42,9.11,3,17,24.51,18,30,20.14,6,30,6.29,6,14,13.85,0,24,0.0,0,0,0.0,0,0,4.37,0,21
informative,nominal,causal_prefix_batch,True,0.0,100,0,100,0.0,0.0,0.03699349820698568,0,0.0,0.0,0.03699349820698568,"{""insufficient_measurements"": 100}",nan,nan,nan,nan,0,100,nan,nan,nan,0.0,0.0,0.03699349820698568,0,linear,whole_base_sequence,nan,nan,6,0,0,nan,nan,nan,2,True,4.855800129007548e-05,0.0,nan,nan,nan,nan,nan,True,True,True,45.0,45,45,45.0,45,45,0.0,0,0,0.0,0,0,0.0,0,0,0.0,0,0,0.0,0,0,0.0,0,0,0.0,0,0,0.0,0,0
informative,nominal,causal_prefix_batch,True,0.5,100,0,100,0.0,0.0,0.03699349820698568,0,0.0,0.0,0.03699349820698568,"{""insufficient_measurements"": 100}",nan,nan,nan,nan,0,100,nan,nan,nan,0.0,0.0,0.03699349820698568,0,linear,whole_base_sequence,nan,nan,6,0,0,nan,nan,nan,2,True,3.689799923449755e-05,0.0,nan,nan,nan,nan,nan,True,True,True,45.0,45,45,45.0,45,45,0.0,0,0,0.0,0,0,0.0,0,0,0.0,0,0,0.0,0,0,0.0,0,0,0.0,0,0,0.0,0,0
informative,nominal,causal_prefix_batch,True,1.0,100,11,89,0.11,0.06254196357064568,0.18631296503080313,11,0.11,0.06254196357064568,0.18631296503080313,"{""insufficient_measurements"": 89}",5.01018644396092,6.973360070392557,10.357899776019337,14.936422463112278,11,100,1.0,0.7411670330319684,1.0,0.11,0.06254196357064568,0.18631296503080313,11,linear,whole_base_sequence,5.2943709493015145,10.699772305639978,6,0,0,nan,nan,nan,2,True,0.0026318499995977617,0.0,0.0,0.06645535488864034,3019.3587910002457,4510.252227945805,0.9967749566603704,True,True,True,45.0,45,45,45.0,45,45,0.0,0,0,1.73,0,3,1.73,0,3,0.0,0,0,0.0,0,0,0.0,0,0,0.0,0,0,0.0,0,0
informative,nominal,causal_prefix_batch,True,1.5,100,100,0,1.0,0.9630065017930143,1.0,100,1.0,0.9630065017930143,1.0,{},13.303255718567607,27.419159816265687,13.947731617756364,28.87590205445891,100,100,0.95,0.8882495307680808,0.9784563208456319,0.95,0.8882495307680808,0.9784563208456319,95,linear,whole_base_sequence,5.934861291024157,12.541280053852425,6,0,0,nan,nan,nan,2,True,0.02941603299957933,0.0,0.0,0.04071550337288358,6849.39347805133,17550.48158077679,1.4913231439540178,True,True,True,45.0,45,45,45.0,45,45,0.0,0,0,3.26,3,4,3.26,3,4,0.0,0,0,0.0,0,0,0.0,0,0,0.0,0,0,0.0,0,0
informative,nominal,causal_prefix_batch,True,10.0,100,100,0,1.0,0.9630065017930143,1.0,100,1.0,0.9630065017930143,1.0,{},0.5421827417912004,0.8609119676285508,0.08711111299442144,0.1431457184952415,100,100,0.99,0.9455138038212946,0.9982325679358593,0.99,0.9455138038212946,0.9982325679358593,99,linear,whole_base_sequence,5.777728712191845,10.752931120908444,6,0,0,nan,nan,nan,2,True,0.30562266600027216,0.0,0.0,0.00019768126883635238,1057.2791819007703,1312.7627194965726,9.997820068562422,True,True,True,45.0,45,45,45.0,45,45,0.0,0,0,35.66,35,36,35.66,35,36,0.0,0,0,0.0,0,0,0.0,0,0,0.0,0,0,0.0,0,0
informative,nominal,causal_prefix_batch,True,10.5,100,100,0,1.0,0.9630065017930143,1.0,100,1.0,0.9630065017930143,1.0,{},0.5656299890244826,0.9046060256511849,0.08463977679163083,0.14141070890968163,100,100,0.99,0.9455138038212946,0.9982325679358593,0.99,0.9455138038212946,0.9982325679358593,99,linear,whole_base_sequence,5.88927967907525,10.417854213330825,6,0,0,nan,nan,nan,2,True,0.31763906499923905,0.0,0.0,0.00017208116488819395,1264.1351609872781,1531.0093922785518,10.498689429034023,True,True,True,45.0,45,45,45.0,45,45,0.0,0,0,37.03,36,38,37.03,36,38,0.0,0,0,0.0,0,0,0.0,0,0,0.0,0,0,0.0,0,0
informative,nominal,causal_prefix_batch,True,11.0,100,100,0,1.0,0.9630065017930143,1.0,100,1.0,0.9630065017930143,1.0,{},0.563588548953423,1.0240643575187718,0.08049345049013389,0.13537956932176773,100,100,0.98,0.929988209271456,0.9944980324498376,0.98,0.929988209271456,0.9944980324498376,98,linear,whole_base_sequence,6.013753857742599,10.974984845656902,6,0,0,nan,nan,nan,2,True,0.32829117700195637,0.0,0.0,0.00015069027089573606,1387.964455014033,1668.4992575775982,10.914528266618438,True,True,True,45.0,45,45,45.0,45,45,0.0,0,0,39.0,39,39,39.0,39,39,0.0,0,0,0.0,0,0,0.0,0,0,0.0,0,0,0.0,0,0
informative,nominal,causal_prefix_batch,True,11.5,100,100,0,1.0,0.9630065017930143,1.0,100,1.0,0.9630065017930143,1.0,{},0.5735350387500711,1.032430031832932,0.07613542984032597,0.13301583181248064,100,100,0.98,0.929988209271456,0.9944980324498376,0.98,0.929988209271456,0.9944980324498376,98,linear,whole_base_sequence,6.0479984344358675,10.943216996395025,6,0,0,nan,nan,nan,2,True,0.34635119300248335,0.0,0.0,0.0001329284121197982,1584.6585738550366,1920.056896863948,11.491029988443925,True,True,True,45.0,45,45,45.0,45,45,0.0,0,0,41.23,40,42,41.23,40,42,0.0,0,0,0.0,0,0,0.0,0,0,0.0,0,0,0.0,0,0
informative,nominal,causal_prefix_batch,True,12.0,100,100,0,1.0,0.9630065017930143,1.0,100,1.0,0.9630065017930143,1.0,{},0.6076497228760345,1.063789457897295,0.07520631408666892,0.13295827787897613,100,100,0.97,0.9154806357094724,0.9897454759759611,0.97,0.9154806357094724,0.9897454759759611,97,linear,whole_base_sequence,6.147820719056742,11.309339477570967,6,0,0,nan,nan,nan,2,True,0.35683964000083507,0.0,0.0,0.00011794023688976971,1819.3201142133198,2126.694951283157,11.99510352738712,True,True,True,45.0,45,45,45.0,45,45,0.0,0,0,42.5,42,44,42.5,42,44,0.0,0,0,0.0,0,0,0.0,0,0,0.0,0,0,0.0,0,0
informative,nominal,causal_prefix_batch,True,12.5,100,100,0,1.0,0.9630065017930143,1.0,100,1.0,0.9630065017930143,1.0,{},0.6176101995572645,1.0478034433652363,0.07272065322862746,0.12965612062489426,100,100,0.96,0.9016292856411208,0.9843366960084523,0.96,0.9016292856411208,0.9843366960084523,96,linear,whole_base_sequence,6.407188763554923,12.234877453500445,6,0,0,nan,nan,nan,2,True,0.37896120899968083,0.0,0.0,0.00010534337389767878,1972.4813731561926,2366.9323936042297,12.495613482491581,True,True,True,45.0,45,45,45.0,45,45,0.0,0,0,44.95,44,45,44.95,44,45,0.0,0,0,0.0,0,0,0.0,0,0,0.0,0,0,0.0,0,0
informative,nominal,causal_prefix_batch,True,14.5,100,100,0,1.0,0.9630065017930143,1.0,100,1.0,0.9630065017930143,1.0,{},0.7559785187307719,1.2699470444179337,0.07298242641144526,0.129656120632694,100,100,0.96,0.9016292856411208,0.9843366960084523,0.96,0.9016292856411208,0.9843366960084523,96,linear,whole_base_sequence,6.409221778658739,12.234877438590962,6,0,0,nan,nan,nan,2,True,0.38179101299872853,0.0,0.0,7.017954396026056e-05,4338.511134714776,5148.902157964758,12.518057268766759,True,True,True,45.0,45,45,45.0,45,45,0.0,0,0,45.0,45,45,45.0,45,45,0.0,0,0,0.0,0,0,0.0,0,0,0.0,0,0,0.0,0,0
informative,nominal,causal_prefix_batch,True,2.0,100,100,0,1.0,0.9630065017930143,1.0,100,1.0,0.9630065017930143,1.0,{},1.701475029059108,2.923661850142661,1.3776767981425386,2.485935000091907,100,100,0.96,0.9016292856411208,0.9843366960084523,0.96,0.9016292856411208,0.9843366960084523,96,linear,whole_base_sequence,5.988701962706906,12.348891150578286,6,0,0,nan,nan,nan,2,True,0.05455400799954077,0.0,0.0,0.017985419409253366,87.9990000057943,211.6019549000408,1.9921621128694267,True,True,True,45.0,45,45,45.0,45,45,0.0,0,0,5.65,5,6,5.65,5,6,0.0,0,0,0.0,0,0,0.0,0,0,0.0,0,0,0.0,0,0
informative,nominal,causal_prefix_batch,True,2.5,100,100,0,1.0,0.9630065017930143,1.0,100,1.0,0.9630065017930143,1.0,{},1.4200579491648566,2.3520627764671374,0.8889881619670486,1.5536926965439608,100,100,0.98,0.929988209271456,0.9944980324498376,0.98,0.929988209271456,0.9944980324498376,98,linear,whole_base_sequence,5.42903076394834,10.509884395513962,6,0,0,nan,nan,nan,2,True,0.06802052600018214,0.0,0.0,0.010571011901861015,138.445085976126,255.56364381928339,2.499678560387105,True,True,True,45.0,45,45,45.0,45,45,0.0,0,0,7.08,6,8,7.08,6,8,0.0,0,0,0.0,0,0,0.0,0,0,0.0,0,0,0.0,0,0
informative,nominal,causal_prefix_batch,True,3.0,100,100,0,1.0,0.9630065017930143,1.0,100,1.0,0.9630065017930143,1.0,{},1.077607863863991,1.784079484884649,0.5779330514254397,0.9096626961857324,100,100,0.99,0.9455138038212946,0.9982325679358593,0.99,0.9455138038212946,0.9982325679358593,99,linear,whole_base_sequence,5.362114840333016,9.880998803014913,6,0,0,nan,nan,nan,2,True,0.0815383570000995,0.0,0.0,0.006433187429260497,122.96234211812497,144.11077648312005,2.903590347337971,True,True,True,45.0,45,45,45.0,45,45,0.0,0,0,9.0,9,9,9.0,9,9,0.0,0,0,0.0,0,0,0.0,0,0,0.0,0,0,0.0,0,0
informative,nominal,causal_prefix_batch,True,3.5,100,100,0,1.0,0.9630065017930143,1.0,100,1.0,0.9630065017930143,1.0,{},0.8794607543249057,1.4772591199856473,0.40509762959455664,0.6325177427061613,100,100,0.98,0.929988209271456,0.9944980324498376,0.98,0.929988209271456,0.9944980324498376,98,linear,whole_base_sequence,5.594793662102596,10.094981447866328,6,0,0,nan,nan,nan,2,True,0.10022533999872393,0.0,0.0,0.004143447907934003,138.99697192469833,206.51353369628546,3.4980329770829224,True,True,True,45.0,45,45,45.0,45,45,0.0,0,0,11.37,10,12,11.37,10,12,0.0,0,0,0.0,0,0,0.0,0,0,0.0,0,0,0.0,0,0
informative,nominal,causal_prefix_batch,True,4.0,100,100,0,1.0,0.9630065017930143,1.0,100,1.0,0.9630065017930143,1.0,{},0.8925158783872048,1.3370776309531778,0.3574086446629209,0.557847380155594,100,100,0.95,0.8882495307680808,0.9784563208456319,0.95,0.8882495307680808,0.9784563208456319,95,linear,whole_base_sequence,5.6371195104258796,12.226150720725414,6,0,0,nan,nan,nan,2,True,0.10991548900143243,0.0,0.0,0.0028706964119285814,176.3273656307261,235.02047696074555,3.9963018600094085,True,True,True,45.0,45,45,45.0,45,45,0.0,0,0,12.58,12,14,12.58,12,14,0.0,0,0,0.0,0,0,0.0,0,0,0.0,0,0,0.0,0,0
informative,nominal,causal_prefix_batch,True,4.5,100,100,0,1.0,0.9630065017930143,1.0,100,1.0,0.9630065017930143,1.0,{},0.7939475444202707,1.3183949828483112,0.2859035746933691,0.47698178165930316,100,100,0.95,0.8882495307680808,0.9784563208456319,0.95,0.8882495307680808,0.9784563208456319,95,linear,whole_base_sequence,5.949415581416975,12.574737830941313,6,0,0,nan,nan,nan,2,True,0.13249767400004203,0.0,0.0,0.002026139215966806,175.2283096603188,258.9343705740228,4.497433791065652,True,True,True,45.0,45,45,45.0,45,45,0.0,0,0,14.95,14,15,14.95,14,15,0.0,0,0,0.0,0,0,0.0,0,0,0.0,0,0,0.0,0,0
informative,nominal,causal_prefix_batch,True,5.0,100,100,0,1.0,0.9630065017930143,1.0,100,1.0,0.9630065017930143,1.0,{},0.7227867282222501,1.2029980570327314,0.23478087343729842,0.38846956014338874,100,100,0.99,0.9455138038212946,0.9982325679358593,0.99,0.9455138038212946,0.9982325679358593,99,linear,whole_base_sequence,5.702418056328988,11.444818571641086,6,0,0,nan,nan,nan,2,True,0.14471796500234632,0.0,0.0,0.0014912419534364235,227.87629506900674,354.7409984307173,4.9983023419214545,True,True,True,45.0,45,45,45.0,45,45,0.0,0,0,16.73,15,18,16.73,15,18,0.0,0,0,0.0,0,0,0.0,0,0,0.0,0,0,0.0,0,0
informative,nominal,causal_prefix_batch,True,5.5,100,100,0,1.0,0.9630065017930143,1.0,100,1.0,0.9630065017930143,1.0,{},0.7170799291435113,1.1384274097611158,0.21354928877002105,0.36374871394674024,100,100,1.0,0.9630065017930143,1.0,1.0,0.9630065017930143,1.0,100,linear,whole_base_sequence,5.68535533829219,10.69038390070958,6,0,0,nan,nan,nan,2,True,0.1575521350002964,0.0,0.0,0.0011292082732585918,283.73735381821893,347.57587901979923,5.499394054634216,True,True,True,45.0,45,45,45.0,45,45,0.0,0,0,18.25,18,19,18.25,18,19,0.0,0,0,0.0,0,0,0.0,0,0,0.0,0,0,0.0,0,0
informative,nominal,causal_prefix_batch,True,6.0,100,100,0,1.0,0.9630065017930143,1.0,100,1.0,0.9630065017930143,1.0,{},0.6411659335382631,1.0852047124601647,0.17694174323099443,0.3010717169674749,100,100,0.99,0.9455138038212946,0.9982325679358593,0.99,0.9455138038212946,0.9982325679358593,99,linear,whole_base_sequence,5.503106419974736,10.08290106192106,6,0,0,nan,nan,nan,2,True,0.1788180249981815,0.0,0.0,0.0008744004747120198,291.3827260989269,409.88801977730884,5.9947520597755535,True,True,True,45.0,45,45,45.0,45,45,0.0,0,0,20.73,20,21,20.73,20,21,0.0,0,0,0.0,0,0,0.0,0,0,0.0,0,0,0.0,0,0
informative,nominal,causal_prefix_batch,True,6.5,100,100,0,1.0,0.9630065017930143,1.0,100,1.0,0.9630065017930143,1.0,{},0.6548209072490887,1.0607589308515544,0.16489405226297243,0.2638998461639607,100,100,0.98,0.929988209271456,0.9944980324498376,0.98,0.929988209271456,0.9944980324498376,98,linear,whole_base_sequence,5.752872513052921,10.896198486991764,6,0,0,nan,nan,nan,2,True,0.18911554100050126,0.0,0.0,0.000691088275302694,383.503224632016,478.5510564260441,6.497660566580254,True,True,True,45.0,45,45,45.0,45,45,0.0,0,0,22.12,21,23,22.12,21,23,0.0,0,0,0.0,0,0,0.0,0,0,0.0,0,0,0.0,0,0
informative,nominal,causal_prefix_batch,True,7.0,100,100,0,1.0,0.9630065017930143,1.0,100,1.0,0.9630065017930143,1.0,{},0.6439031368173815,1.0796015006995456,0.1480493858061814,0.25474450838558516,100,100,0.98,0.929988209271456,0.9944980324498376,0.98,0.929988209271456,0.9944980324498376,98,linear,whole_base_sequence,5.892737606327901,12.260048009765084,6,0,0,nan,nan,nan,2,True,0.2019837590010138,0.0,0.0,0.0005562980507983616,444.2702054303486,541.177666654258,6.915652850238421,True,True,True,45.0,45,45,45.0,45,45,0.0,0,0,24.0,24,24,24.0,24,24,0.0,0,0,0.0,0,0,0.0,0,0,0.0,0,0,0.0,0,0
informative,nominal,causal_prefix_batch,True,7.5,100,100,0,1.0,0.9630065017930143,1.0,100,1.0,0.9630065017930143,1.0,{},0.6217483895736861,1.0559178990197244,0.13170233563219286,0.22112352529306312,100,100,0.97,0.9154806357094724,0.9897454759759611,0.97,0.9154806357094724,0.9897454759759611,97,linear,whole_base_sequence,5.818911167278745,11.164517626344907,6,0,0,nan,nan,nan,2,True,0.22496261599764694,0.0,0.0,0.0004546939306847292,514.4600525278474,661.8541147591462,7.4995130582785885,True,True,True,45.0,45,45,45.0,45,45,0.0,0,0,26.37,25,27,26.37,25,27,0.0,0,0,0.0,0,0,0.0,0,0,0.0,0,0,0.0,0,0
informative,nominal,causal_prefix_batch,True,8.0,100,100,0,1.0,0.9630065017930143,1.0,100,1.0,0.9630065017930143,1.0,{},0.6024304003027074,1.0469803920410854,0.11900437365388157,0.20380225406533217,100,100,0.97,0.9154806357094724,0.9897454759759611,0.97,0.9154806357094724,0.9897454759759611,97,linear,whole_base_sequence,5.749325226895451,11.278779902421388,6,0,0,nan,nan,nan,2,True,0.23211546100064878,0.0,0.0,0.0003766851378535108,633.1166364017218,747.6518311015075,7.999775122098295,True,True,True,45.0,45,45,45.0,45,45,0.0,0,0,27.56,27,29,27.56,27,29,0.0,0,0,0.0,0,0,0.0,0,0,0.0,0,0,0.0,0,0
informative,nominal,causal_prefix_batch,True,8.5,100,100,0,1.0,0.9630065017930143,1.0,100,1.0,0.9630065017930143,1.0,{},0.5585576132249543,0.9235646450587789,0.107389286222495,0.16922695698942894,100,100,0.99,0.9455138038212946,0.9982325679358593,0.99,0.9455138038212946,0.9982325679358593,99,linear,whole_base_sequence,5.621190484696114,10.571763582786089,6,0,0,nan,nan,nan,2,True,0.2515794799974537,0.0,0.0,0.00031611090163283543,683.6209719879676,820.6682288088681,8.493488506780311,True,True,True,45.0,45,45,45.0,45,45,0.0,0,0,29.94,29,30,29.94,29,30,0.0,0,0,0.0,0,0,0.0,0,0,0.0,0,0,0.0,0,0
informative,nominal,causal_prefix_batch,True,9.0,100,100,0,1.0,0.9630065017930143,1.0,100,1.0,0.9630065017930143,1.0,{},0.5516639307066745,0.8348572229688127,0.09980441579631716,0.1618769871623912,100,100,0.96,0.9016292856411208,0.9843366960084523,0.96,0.9016292856411208,0.9843366960084523,96,linear,whole_base_sequence,5.797174638098502,11.333968689880422,6,0,0,nan,nan,nan,2,True,0.2676790049977717,0.0,0.0,0.0002676913339174469,815.007047376086,1023.9155105164187,8.999999142164,True,True,True,45.0,45,45,45.0,45,45,0.0,0,0,31.84,30,33,31.84,30,33,0.0,0,0,0.0,0,0,0.0,0,0,0.0,0,0,0.0,0,0
informative,nominal,causal_prefix_batch,True,9.5,100,100,0,1.0,0.9630065017930143,1.0,100,1.0,0.9630065017930143,1.0,{},0.5512525364483774,0.8499645518272835,0.09355488085378495,0.15258451741897722,100,100,0.96,0.9016292856411208,0.9843366960084523,0.96,0.9016292856411208,0.9843366960084523,96,linear,whole_base_sequence,5.690995066523312,11.054824472950783,6,0,0,nan,nan,nan,2,True,0.28297446099924856,0.0,0.0,0.0002289524737089598,943.6268922086012,1157.9223602713578,9.499376430636863,True,True,True,45.0,45,45,45.0,45,45,0.0,0,0,33.29,33,34,33.29,33,34,0.0,0,0,0.0,0,0,0.0,0,0,0.0,0,0,0.0,0,0
informative,nominal,initial_batch_no_updates,True,0.0,100,0,100,0.0,0.0,0.03699349820698568,0,0.0,0.0,0.03699349820698568,"{""not_initialized"": 100}",nan,nan,nan,nan,0,100,nan,nan,nan,0.0,0.0,0.03699349820698568,0,linear,whole_base_sequence,nan,nan,6,0,0,nan,nan,nan,2,True,2.4660013150423766e-06,0.0,nan,nan,nan,nan,nan,True,True,True,45.0,45,45,45.0,45,45,0.0,0,0,0.0,0,0,0.0,0,0,0.0,0,0,0.0,0,0,0.0,0,0,0.0,0,0,0.0,0,0
informative,nominal,initial_batch_no_updates,True,0.5,100,0,100,0.0,0.0,0.03699349820698568,0,0.0,0.0,0.03699349820698568,"{""not_initialized"": 100}",nan,nan,nan,nan,0,100,nan,nan,nan,0.0,0.0,0.03699349820698568,0,linear,whole_base_sequence,nan,nan,6,0,0,nan,nan,nan,2,True,2.068001194857061e-06,0.0,nan,nan,nan,nan,nan,True,True,True,45.0,45,45,45.0,45,45,0.0,0,0,0.0,0,0,0.0,0,0,0.0,0,0,0.0,0,0,0.0,0,0,0.0,0,0,0.0,0,0
informative,nominal,initial_batch_no_updates,True,1.0,100,0,100,0.0,0.0,0.03699349820698568,0,0.0,0.0,0.03699349820698568,"{""not_initialized"": 100}",nan,nan,nan,nan,0,100,nan,nan,nan,0.0,0.0,0.03699349820698568,0,linear,whole_base_sequence,nan,nan,6,0,0,nan,nan,nan,2,True,2.1820023539476096e-06,0.0,nan,nan,nan,nan,0.9967749566603704,True,True,True,45.0,45,45,45.0,45,45,0.0,0,0,1.73,0,3,0.0,0,0,0.0,0,0,0.0,0,0,0.0,0,0,0.0,0,0,1.73,0,3
informative,nominal,initial_batch_no_updates,True,1.5,100,0,100,0.0,0.0,0.03699349820698568,0,0.0,0.0,0.03699349820698568,"{""not_initialized"": 100}",nan,nan,nan,nan,0,100,nan,nan,nan,0.0,0.0,0.03699349820698568,0,linear,whole_base_sequence,nan,nan,6,0,0,nan,nan,nan,2,True,3.241999074816704e-06,0.0,nan,nan,nan,nan,1.4913231439540178,True,True,True,45.0,45,45,45.0,45,45,0.0,0,0,3.26,3,4,0.0,0,0,0.0,0,0,0.0,0,0,0.0,0,0,0.0,0,0,3.26,3,4
informative,nominal,initial_batch_no_updates,True,10.0,100,100,0,1.0,0.9630065017930143,1.0,100,1.0,0.9630065017930143,1.0,{},10.861278889690754,18.21553494088657,1.1903986206979118,2.0307151180509293,100,100,0.97,0.9154806357094724,0.9897454759759611,0.97,0.9154806357094724,0.9897454759759611,97,linear,whole_base_sequence,5.821314214932674,11.287952846422987,6,0,0,nan,nan,nan,2,True,0.0001428130007116124,0.0,0.0,0.00046031999011404527,118069.25716806686,137835.50914665163,9.997820068562422,True,True,True,45.0,45,45,45.0,45,45,0.0,0,0,35.66,35,36,6.0,6,6,6.0,6,6,0.0,0,0,0.0,0,0,0.0,0,0,29.66,29,30
informative,nominal,initial_batch_no_updates,True,10.5,100,100,0,1.0,0.9630065017930143,1.0,100,1.0,0.9630065017930143,1.0,{},11.455915890364112,19.230624132787312,1.1903986206979118,2.0307151180509293,100,100,0.97,0.9154806357094724,0.9897454759759611,0.97,0.9154806357094724,0.9897454759759611,97,linear,whole_base_sequence,5.8213142149326575,11.287952846422945,6,0,0,nan,nan,nan,2,True,0.0001399690005928278,0.0,0.0,0.0004137863438894294,145957.01775715547,170346.39713991954,10.498689429034023,True,True,True,45.0,45,45,45.0,45,45,0.0,0,0,37.03,36,38,6.0,6,6,6.0,6,6,0.0,0,0,0.0,0,0,0.0,0,0,31.03,30,32
informative,nominal,initial_batch_no_updates,True,11.0,100,100,0,1.0,0.9630065017930143,1.0,100,1.0,0.9630065017930143,1.0,{},12.050608411720617,20.24574025283856,1.1903986206979118,2.0307151180509293,100,100,0.97,0.9154806357094724,0.9897454759759611,0.97,0.9154806357094724,0.9897454759759611,97,linear,whole_base_sequence,5.8213142149326345,11.287952846422973,6,0,0,nan,nan,nan,2,True,0.00014164800028083847,0.0,0.0,0.00037394355219500853,178538.72914188507,208322.0841304347,10.914528266618438,True,True,True,45.0,45,45,45.0,45,45,0.0,0,0,39.0,39,39,6.0,6,6,6.0,6,6,0.0,0,0,0.0,0,0,0.0,0,0,33.0,33,33
informative,nominal,initial_batch_no_updates,True,11.5,100,100,0,1.0,0.9630065017930143,1.0,100,1.0,0.9630065017930143,1.0,{},12.645348620589555,21.260879441936076,1.1903986206979118,2.0307151180509293,100,100,0.97,0.9154806357094724,0.9897454759759611,0.97,0.9154806357094724,0.9897454759759611,97,linear,whole_base_sequence,5.8213142149326655,11.287952846422975,6,0,0,nan,nan,nan,2,True,0.00013913400092860684,0.0,0.0,0.00033957185903176184,216307.79986360986,252345.72315672823,11.491029988443925,True,True,True,45.0,45,45,45.0,45,45,0.0,0,0,41.23,40,42,6.0,6,6,6.0,6,6,0.0,0,0,0.0,0,0,0.0,0,0,35.23,34,36
informative,nominal,initial_batch_no_updates,True,12.0,100,100,0,1.0,0.9630065017930143,1.0,100,1.0,0.9630065017930143,1.0,{},13.240130090672839,22.27603854471602,1.1903986206979118,2.0307151180509293,100,100,0.97,0.9154806357094724,0.9897454759759611,0.97,0.9154806357094724,0.9897454759759611,97,linear,whole_base_sequence,5.821314214932657,11.287952846422955,6,0,0,nan,nan,nan,2,True,0.00013993700209539384,0.0,0.0,0.0003097164837799895,259776.0848580286,303030.15733115707,11.99510352738712,True,True,True,45.0,45,45,45.0,45,45,0.0,0,0,42.5,42,44,6.0,6,6,6.0,6,6,0.0,0,0,0.0,0,0,0.0,0,0,36.5,36,38
informative,nominal,initial_batch_no_updates,True,12.5,100,100,0,1.0,0.9630065017930143,1.0,100,1.0,0.9630065017930143,1.0,{},13.834947500359887,23.291214956141864,1.1903986206979118,2.0307151180509293,100,100,0.97,0.9154806357094724,0.9897454759759611,0.97,0.9154806357094724,0.9897454759759611,97,linear,whole_base_sequence,5.8213142149326,11.287952846422996,6,0,0,nan,nan,nan,2,True,0.00014105900016147643,0.0,0.0,0.000283621622673563,309510.9117527153,361017.91981102404,12.495613482491581,True,True,True,45.0,45,45,45.0,45,45,0.0,0,0,44.95,44,45,6.0,6,6,6.0,6,6,0.0,0,0,0.0,0,0,0.0,0,0,38.95,38,39
informative,nominal,initial_batch_no_updates,True,14.5,100,100,0,1.0,0.9630065017930143,1.0,100,1.0,0.9630065017930143,1.0,{},16.21449742661201,27.35205512827701,1.1903986206979118,2.0307151180509293,100,100,0.97,0.9154806357094724,0.9897454759759611,0.97,0.9154806357094724,0.9897454759759611,97,linear,whole_base_sequence,5.821314214932617,11.287952846422984,6,0,0,nan,nan,nan,2,True,0.00013908599939895793,0.0,0.0,0.00020635626581501511,583039.2383720782,679892.0687653986,12.518057268766759,True,True,True,45.0,45,45,45.0,45,45,0.0,0,0,45.0,45,45,6.0,6,6,6.0,6,6,0.0,0,0,0.0,0,0,0.0,0,0,39.0,39,39
informative,nominal,initial_batch_no_updates,True,2.0,100,65,35,0.65,0.5525444329688796,0.7363575175690247,65,0.65,0.5525444329688796,0.7363575175690247,"{""not_initialized"": 35}",1.430381711186537,2.3808963863730868,1.2006704051416484,1.9543081185551046,65,100,0.9538461538461539,0.8728615273666118,0.9841801595864874,0.62,0.5220975529551107,0.7090240074752127,62,linear,whole_base_sequence,6.271923756877902,12.145299110377044,6,0,0,nan,nan,nan,2,True,9.083400131203234e-05,0.0,0.0,0.01798541940925372,83.95509041138862,94.62111772447165,1.9921621128694267,True,True,True,45.0,45,45,45.0,45,45,0.0,0,0,5.65,5,6,3.9,0,6,3.9,0,6,0.0,0,0,0.0,0,0,0.0,0,0,1.75,0,5
informative,nominal,initial_batch_no_updates,True,2.5,100,100,0,1.0,0.9630065017930143,1.0,100,1.0,0.9630065017930143,1.0,{},1.9826409602817483,3.4600429895286235,1.1903986206979118,2.0307151180509293,100,100,0.97,0.9154806357094724,0.9897454759759611,0.97,0.9154806357094724,0.9897454759759611,97,linear,whole_base_sequence,5.821314214932645,11.287952846422964,6,0,0,nan,nan,nan,2,True,0.0001364249992184341,0.0,0.0,0.01116008565230574,215.86329445300322,255.56364380724546,2.499678560387105,True,True,True,45.0,45,45,45.0,45,45,0.0,0,0,7.08,6,8,6.0,6,6,6.0,6,6,0.0,0,0,0.0,0,0,0.0,0,0,1.08,0,2
informative,nominal,initial_batch_no_updates,True,3.0,100,100,0,1.0,0.9630065017930143,1.0,100,1.0,0.9630065017930143,1.0,{},2.563908807591588,4.311893107769867,1.1903986206979118,2.0307151180509293,100,100,0.97,0.9154806357094724,0.9897454759759611,0.97,0.9154806357094724,0.9897454759759611,97,linear,whole_base_sequence,5.821314214932644,11.287952846422954,6,0,0,nan,nan,nan,2,True,0.00013139199989382178,0.0,0.0,0.007327903104507694,494.0843085652556,583.6108290820773,2.903590347337971,True,True,True,45.0,45,45,45.0,45,45,0.0,0,0,9.0,9,9,6.0,6,6,6.0,6,6,0.0,0,0,0.0,0,0,0.0,0,0,3.0,3,3
informative,nominal,initial_batch_no_updates,True,3.5,100,100,0,1.0,0.9630065017930143,1.0,100,1.0,0.9630065017930143,1.0,{},3.1503834699896847,5.22195703915654,1.1903986206979118,2.0307151180509293,100,100,0.97,0.9154806357094724,0.9897454759759611,0.97,0.9154806357094724,0.9897454759759611,97,linear,whole_base_sequence,5.821314214932645,11.287952846422964,6,0,0,nan,nan,nan,2,True,0.00013239299965789542,0.0,0.0,0.005093032779967689,1011.0223592193036,1191.9543184155025,3.4980329770829224,True,True,True,45.0,45,45,45.0,45,45,0.0,0,0,11.37,10,12,6.0,6,6,6.0,6,6,0.0,0,0,0.0,0,0,0.0,0,0,5.37,4,6
informative,nominal,initial_batch_no_updates,True,4.0,100,100,0,1.0,0.9630065017930143,1.0,100,1.0,0.9630065017930143,1.0,{},3.7396160338198525,6.169290945913918,1.1903986206979118,2.0307151180509293,100,100,0.97,0.9154806357094724,0.9897454759759611,0.97,0.9154806357094724,0.9897454759759611,97,linear,whole_base_sequence,5.821314214932639,11.287952846422954,6,0,0,nan,nan,nan,2,True,0.00013781600078800694,0.0,0.0,0.003713021168760322,1884.4891613671775,2218.405709510712,3.9963018600094085,True,True,True,45.0,45,45,45.0,45,45,0.0,0,0,12.58,12,14,6.0,6,6,6.0,6,6,0.0,0,0,0.0,0,0,0.0,0,0,6.58,6,8
informative,nominal,initial_batch_no_updates,True,4.5,100,100,0,1.0,0.9630065017930143,1.0,100,1.0,0.9630065017930143,1.0,{},4.330480872940158,7.163288377442107,1.1903986206979118,2.0307151180509293,100,100,0.97,0.9154806357094724,0.9897454759759611,0.97,0.9154806357094724,0.9897454759759611,97,linear,whole_base_sequence,5.821314214932637,11.287952846422952,6,0,0,nan,nan,nan,2,True,0.00013705700141144916,0.0,0.0,0.0028134575218613104,3257.7596472190007,3830.4604276321156,4.497433791065652,True,True,True,45.0,45,45,45.0,45,45,0.0,0,0,14.95,14,15,6.0,6,6,6.0,6,6,0.0,0,0,0.0,0,0,0.0,0,0,8.95,8,9
informative,nominal,initial_batch_no_updates,True,5.0,100,100,0,1.0,0.9630065017930143,1.0,100,1.0,0.9630065017930143,1.0,{},4.922390226249673,8.155724995839567,1.1903986206979118,2.0307151180509293,100,100,0.97,0.9154806357094724,0.9897454759759611,0.97,0.9154806357094724,0.9897454759759611,97,linear,whole_base_sequence,5.82131421493265,11.287952846422968,6,0,0,nan,nan,nan,2,True,0.00013223100075265392,0.0,0.0,0.0021992278515471976,5301.132573971196,6225.301905593962,4.9983023419214545,True,True,True,45.0,45,45,45.0,45,45,0.0,0,0,16.73,15,18,6.0,6,6,6.0,6,6,0.0,0,0,0.0,0,0,0.0,0,0,10.73,9,12
informative,nominal,initial_batch_no_updates,True,5.5,100,100,0,1.0,0.9630065017930143,1.0,100,1.0,0.9630065017930143,1.0,{},5.515007790215335,9.147194370604927,1.1903986206979118,2.0307151180509293,100,100,0.97,0.9154806357094724,0.9897454759759611,0.97,0.9154806357094724,0.9897454759759611,97,linear,whole_base_sequence,5.8213142149326425,11.28795284642295,6,0,0,nan,nan,nan,2,True,0.0001354889987851493,0.0,0.0,0.0017632141094770773,8209.260216127308,9629.80290244486,5.499394054634216,True,True,True,45.0,45,45,45.0,45,45,0.0,0,0,18.25,18,19,6.0,6,6,6.0,6,6,0.0,0,0,0.0,0,0,0.0,0,0,12.25,12,13
informative,nominal,initial_batch_no_updates,True,6.0,100,100,0,1.0,0.9630065017930143,1.0,100,1.0,0.9630065017930143,1.0,{},6.108127434072826,10.138920827258872,1.1903986206979118,2.0307151180509293,100,100,0.97,0.9154806357094724,0.9897454759759611,0.97,0.9154806357094724,0.9897454759759611,97,linear,whole_base_sequence,5.8213142149326265,11.287952846422959,6,0,0,nan,nan,nan,2,True,0.00013378000032389535,0.0,0.0,0.0014434915280990058,12202.116999261936,14300.525953515576,5.9947520597755535,True,True,True,45.0,45,45,45.0,45,45,0.0,0,0,20.73,20,21,6.0,6,6,6.0,6,6,0.0,0,0,0.0,0,0,0.0,0,0,14.73,14,15
informative,nominal,initial_batch_no_updates,True,6.5,100,100,0,1.0,0.9630065017930143,1.0,100,1.0,0.9630065017930143,1.0,{},6.701615850948941,11.130835599874944,1.1903986206979118,2.0307151180509293,100,100,0.97,0.9154806357094724,0.9897454759759611,0.97,0.9154806357094724,0.9897454759759611,97,linear,whole_base_sequence,5.821314214932655,11.287952846422952,6,0,0,nan,nan,nan,2,True,0.0001368600013665855,0.0,0.0,0.0012025515923924182,17525.580263076845,20523.72353814715,6.497660566580254,True,True,True,45.0,45,45,45.0,45,45,0.0,0,0,22.12,21,23,6.0,6,6,6.0,6,6,0.0,0,0,0.0,0,0,0.0,0,0,16.12,15,17
informative,nominal,initial_batch_no_updates,True,7.0,100,100,0,1.0,0.9630065017930143,1.0,100,1.0,0.9630065017930143,1.0,{},7.295383040977824,12.12594434224563,1.1903986206979118,2.0307151180509293,100,100,0.97,0.9154806357094724,0.9897454759759611,0.97,0.9154806357094724,0.9897454759759611,97,linear,whole_base_sequence,5.821314214932642,11.287952846422954,6,0,0,nan,nan,nan,2,True,0.00013760599918896332,0.0,0.0,0.0010167250384977911,24451.09283152221,28615.33814711198,6.915652850238421,True,True,True,45.0,45,45,45.0,45,45,0.0,0,0,24.0,24,24,6.0,6,6,6.0,6,6,0.0,0,0,0.0,0,0,0.0,0,0,18.0,18,18
informative,nominal,initial_batch_no_updates,True,7.5,100,100,0,1.0,0.9630065017930143,1.0,100,1.0,0.9630065017930143,1.0,{},7.889366061577023,13.140711504115693,1.1903986206979118,2.0307151180509293,100,100,0.97,0.9154806357094724,0.9897454759759611,0.97,0.9154806357094724,0.9897454759759611,97,linear,whole_base_sequence,5.821314214932637,11.28795284642297,6,0,0,nan,nan,nan,2,True,0.00013480600056936965,0.0,0.0,0.0008705331989888017,33275.66303881814,38921.0023123443,7.4995130582785885,True,True,True,45.0,45,45,45.0,45,45,0.0,0,0,26.37,25,27,6.0,6,6,6.0,6,6,0.0,0,0,0.0,0,0,0.0,0,0,20.37,19,21
informative,nominal,initial_batch_no_updates,True,8.0,100,100,0,1.0,0.9630065017930143,1.0,100,1.0,0.9630065017930143,1.0,{},8.483519578018289,14.15556340623118,1.1903986206979118,2.0307151180509293,100,100,0.97,0.9154806357094724,0.9897454759759611,0.97,0.9154806357094724,0.9897454759759611,97,linear,whole_base_sequence,5.821314214932612,11.28795284642296,6,0,0,nan,nan,nan,2,True,0.0001345219975337386,0.0,0.0,0.0007535341442189833,44321.8647409986,51816.03861891508,7.999775122098295,True,True,True,45.0,45,45,45.0,45,45,0.0,0,0,27.56,27,29,6.0,6,6,6.0,6,6,0.0,0,0,0.0,0,0,0.0,0,0,21.56,21,23
informative,nominal,initial_batch_no_updates,True,8.5,100,100,0,1.0,0.9630065017930143,1.0,100,1.0,0.9630065017930143,1.0,{},9.077810112893724,15.170483028249318,1.1903986206979118,2.0307151180509293,100,100,0.97,0.9154806357094724,0.9897454759759611,0.97,0.9154806357094724,0.9897454759759611,97,linear,whole_base_sequence,5.821314214932637,11.287952846422993,6,0,0,nan,nan,nan,2,True,0.00014211699977749958,0.0,0.0,0.0006584896582533272,57937.837322624095,67705.45971324288,8.493488506780311,True,True,True,45.0,45,45,45.0,45,45,0.0,0,0,29.94,29,30,6.0,6,6,6.0,6,6,0.0,0,0,0.0,0,0,0.0,0,0,23.94,23,24
informative,nominal,initial_batch_no_updates,True,9.0,100,100,0,1.0,0.9630065017930143,1.0,100,1.0,0.9630065017930143,1.0,{},9.672212409731877,16.18545762140918,1.1903986206979118,2.0307151180509293,100,100,0.97,0.9154806357094724,0.9897454759759611,0.97,0.9154806357094724,0.9897454759759611,97,linear,whole_base_sequence,5.821314214932639,11.28795284642297,6,0,0,nan,nan,nan,2,True,0.00014126700058113783,0.0,0.0,0.0005802609987730692,74497.2856998146,87023.96830441226,8.999999142164,True,True,True,45.0,45,45,45.0,45,45,0.0,0,0,31.84,30,33,6.0,6,6,6.0,6,6,0.0,0,0,0.0,0,0,0.0,0,0,25.84,24,27
informative,nominal,initial_batch_no_updates,True,9.5,100,100,0,1.0,0.9630065017930143,1.0,100,1.0,0.9630065017930143,1.0,{},10.266707056805835,17.20047744773835,1.1903986206979118,2.0307151180509293,100,100,0.97,0.9154806357094724,0.9897454759759611,0.97,0.9154806357094724,0.9897454759759611,97,linear,whole_base_sequence,5.821314214932661,11.28795284642298,6,0,0,nan,nan,nan,2,True,0.00014107200026046483,0.0,0.0,0.000515122089547407,94399.48032104503,110235.95716849684,9.499376430636863,True,True,True,45.0,45,45,45.0,45,45,0.0,0,0,33.29,33,34,6.0,6,6,6.0,6,6,0.0,0,0,0.0,0,0,0.0,0,0,27.29,27,28
informative,nominal,offline_full_record_noncausal,False,14.5,100,100,0,1.0,0.9630065017930143,1.0,100,1.0,0.9630065017930143,1.0,{},0.7559785187307719,1.2699470444179337,0.07298242641144526,0.129656120632694,100,100,0.96,0.9016292856411208,0.9843366960084523,0.96,0.9016292856411208,0.9843366960084523,96,linear,whole_base_sequence,6.409221778658739,12.234877438590962,6,0,0,nan,nan,nan,2,True,0.38054133700032255,0.0,0.0,7.017954396026056e-05,4338.511134714776,5148.902157964758,12.518057268766759,True,True,True,45.0,45,45,45.0,45,45,0.0,0,0,45.0,45,45,45.0,45,45,0.0,0,0,0.0,0,0,0.0,0,0,0.0,0,0,0.0,0,0
informative,nominal,retarded_ekf,True,0.0,100,0,100,0.0,0.0,0.03699349820698568,0,0.0,0.0,0.03699349820698568,"{""not_initialized"": 100}",nan,nan,nan,nan,0,100,nan,nan,nan,0.0,0.0,0.03699349820698568,0,linear,whole_base_sequence,nan,nan,6,0,0,nan,nan,nan,2,True,2.5773999514058232e-05,0.0,nan,nan,nan,nan,nan,True,True,True,45.0,45,45,45.0,45,45,0.0,0,0,0.0,0,0,0.0,0,0,0.0,0,0,0.0,0,0,0.0,0,0,0.0,0,0,0.0,0,0
informative,nominal,retarded_ekf,True,0.5,100,0,100,0.0,0.0,0.03699349820698568,0,0.0,0.0,0.03699349820698568,"{""not_initialized"": 100}",nan,nan,nan,nan,0,100,nan,nan,nan,0.0,0.0,0.03699349820698568,0,linear,whole_base_sequence,nan,nan,6,0,0,nan,nan,nan,2,True,1.3734997191932052e-05,0.0,nan,nan,nan,nan,nan,True,True,True,45.0,45,45,45.0,45,45,0.0,0,0,0.0,0,0,0.0,0,0,0.0,0,0,0.0,0,0,0.0,0,0,0.0,0,0,0.0,0,0
informative,nominal,retarded_ekf,True,1.0,100,0,100,0.0,0.0,0.03699349820698568,0,0.0,0.0,0.03699349820698568,"{""not_initialized"": 100}",nan,nan,nan,nan,0,100,nan,nan,nan,0.0,0.0,0.03699349820698568,0,linear,whole_base_sequence,nan,nan,6,0,0,nan,nan,nan,2,True,0.00017193500098073856,0.0,nan,nan,nan,nan,0.9967749566603704,True,True,True,45.0,45,45,45.0,45,45,0.0,0,0,1.73,0,3,0.0,0,0,0.0,0,0,0.0,0,0,0.0,0,0,0.0,0,0,1.73,0,3
informative,nominal,retarded_ekf,True,1.5,100,0,100,0.0,0.0,0.03699349820698568,0,0.0,0.0,0.03699349820698568,"{""not_initialized"": 100}",nan,nan,nan,nan,0,100,nan,nan,nan,0.0,0.0,0.03699349820698568,0,linear,whole_base_sequence,nan,nan,6,0,0,nan,nan,nan,2,True,0.00022950400103582068,0.0,nan,nan,nan,nan,1.4913231439540178,True,True,True,45.0,45,45,45.0,45,45,0.0,0,0,3.26,3,4,0.0,0,0,0.0,0,0,0.0,0,0,0.0,0,0,0.0,0,0,3.26,3,4
informative,nominal,retarded_ekf,True,10.0,100,100,0,1.0,0.9630065017930143,1.0,100,1.0,0.9630065017930143,1.0,{},0.542939737011503,0.8551464976553289,0.08720775807654498,0.1421917284942291,100,100,0.99,0.9455138038212946,0.9982325679358593,0.99,0.9455138038212946,0.9982325679358593,99,linear,whole_base_sequence,5.774847397765261,10.852994997732937,6,237,0,1.7603324213867135,5.361245463508454,0.9620253164556962,2,True,0.005733632000337821,0.0018772040007752366,0.0,0.00019595201306859064,1054.1286638588053,1313.3649645545872,9.997820068562422,True,True,True,45.0,45,45,45.0,45,45,0.0,0,0,35.66,35,36,35.66,35,36,6.0,6,6,29.66,29,30,0.0,0,0,0.0,0,0,0.0,0,0
informative,nominal,retarded_ekf,True,10.5,100,100,0,1.0,0.9630065017930143,1.0,100,1.0,0.9630065017930143,1.0,{},0.5661061449790769,0.9066985437972602,0.0846643764024484,0.14053589801782745,100,100,0.99,0.9455138038212946,0.9982325679358593,0.99,0.9455138038212946,0.9982325679358593,99,linear,whole_base_sequence,5.885391464931679,10.472838252576377,6,137,0,1.9360498130849741,4.862756706126161,0.9635036496350365,2,True,0.003566528998489957,0.0011257530003786088,0.0,0.0001705490717349,1266.0518343743447,1522.3804647658822,10.498689429034023,True,True,True,45.0,45,45,45.0,45,45,0.0,0,0,37.03,36,38,37.03,36,38,6.0,6,6,31.03,30,32,0.0,0,0,0.0,0,0,0.0,0,0
informative,nominal,retarded_ekf,True,11.0,100,100,0,1.0,0.9630065017930143,1.0,100,1.0,0.9630065017930143,1.0,{},0.5640537662934222,1.0258957152674761,0.08051353283963295,0.13540739696966278,100,100,0.98,0.929988209271456,0.9944980324498376,0.98,0.929988209271456,0.9944980324498376,98,linear,whole_base_sequence,6.009302596635285,11.095272378084942,6,197,0,1.8107364332313054,5.819256691251591,0.9543147208121827,2,True,0.00509050299966475,0.0015759510014322587,0.0,0.00014950165242496878,1383.8064800277448,1663.4701750009435,10.914528266618438,True,True,True,45.0,45,45,45.0,45,45,0.0,0,0,39.0,39,39,39.0,39,39,6.0,6,6,33.0,33,33,0.0,0,0,0.0,0,0,0.0,0,0
informative,nominal,retarded_ekf,True,11.5,100,100,0,1.0,0.9630065017930143,1.0,100,1.0,0.9630065017930143,1.0,{},0.5733448214730689,1.0393272556050164,0.0760732762951932,0.1327116211027333,100,100,0.98,0.929988209271456,0.9944980324498376,0.98,0.929988209271456,0.9944980324498376,98,linear,whole_base_sequence,6.039187062159658,10.923241282359367,6,223,0,1.9470397019572216,5.426468588191446,0.9641255605381166,2,True,0.0060285409993957725,0.001820119998883456,0.0,0.00013194131055926594,1585.541873746739,1924.8940254355748,11.491029988443925,True,True,True,45.0,45,45,45.0,45,45,0.0,0,0,41.23,40,42,41.23,40,42,6.0,6,6,35.23,34,36,0.0,0,0,0.0,0,0,0.0,0,0
informative,nominal,retarded_ekf,True,12.0,100,100,0,1.0,0.9630065017930143,1.0,100,1.0,0.9630065017930143,1.0,{},0.6074868154603407,1.0566312236209032,0.07515815885698962,0.13265821780627385,100,100,0.97,0.9154806357094724,0.9897454759759611,0.97,0.9154806357094724,0.9897454759759611,97,linear,whole_base_sequence,6.1407527988340735,11.388698747840438,6,127,0,2.1090691088485314,6.5427972291850764,0.9133858267716536,2,True,0.0034822299994993955,0.001010219000163488,0.0,0.00011714399666955263,1829.1770400085657,2123.7783052978725,11.99510352738712,True,True,True,45.0,45,45,45.0,45,45,0.0,0,0,42.5,42,44,42.5,42,44,6.0,6,6,36.5,36,38,0.0,0,0,0.0,0,0,0.0,0,0
informative,nominal,retarded_ekf,True,12.5,100,100,0,1.0,0.9630065017930143,1.0,100,1.0,0.9630065017930143,1.0,{},0.6173819677628797,1.0544587626750674,0.07266782143239263,0.1290657555440433,100,100,0.96,0.9016292856411208,0.9843366960084523,0.96,0.9016292856411208,0.9843366960084523,96,linear,whole_base_sequence,6.399596543609659,12.086613263385185,6,245,0,1.9620862363854643,5.761461152940595,0.963265306122449,2,True,0.007036978999676649,0.0020383719992241823,0.0,0.00010457928107633648,1968.9423932132204,2357.310109724127,12.495613482491581,True,True,True,45.0,45,45,45.0,45,45,0.0,0,0,44.95,44,45,44.95,44,45,6.0,6,6,38.95,38,39,0.0,0,0,0.0,0,0,0.0,0,0
informative,nominal,retarded_ekf,True,14.5,100,100,0,1.0,0.9630065017930143,1.0,100,1.0,0.9630065017930143,1.0,{},0.755710188169777,1.2776987393569743,0.07293629964561978,0.1290657555440433,100,100,0.96,0.9016292856411208,0.9843366960084523,0.96,0.9016292856411208,0.9843366960084523,96,linear,whole_base_sequence,6.4020028348792986,12.0866132633858,6,5,0,1.4378252911888663,3.3199789745908084,1.0,2,True,0.0003271679987665266,4.062699998030439e-05,0.0,6.9703278089293e-05,4325.101312054379,5121.545792223982,12.518057268766759,True,True,True,45.0,45,45,45.0,45,45,0.0,0,0,45.0,45,45,45.0,45,45,6.0,6,6,39.0,39,39,0.0,0,0,0.0,0,0,0.0,0,0
informative,nominal,retarded_ekf,True,2.0,100,65,35,0.65,0.5525444329688796,0.7363575175690247,65,0.65,0.5525444329688796,0.7363575175690247,"{""not_initialized"": 35}",1.430381711186537,2.3808963863730868,1.2006704051416484,1.9543081185551046,65,100,0.9538461538461539,0.8728615273666118,0.9841801595864874,0.62,0.5220975529551107,0.7090240074752127,62,linear,whole_base_sequence,6.271923756877902,12.145299110377044,6,0,0,nan,nan,nan,2,True,0.03869264200126054,0.0,0.0,0.01798541940925372,83.95509041138862,94.62111772447165,1.9921621128694267,True,True,True,45.0,45,45,45.0,45,45,0.0,0,0,5.65,5,6,3.9,0,6,3.9,0,6,0.0,0,0,0.0,0,0,0.0,0,0,1.75,0,5
informative,nominal,retarded_ekf,True,2.5,100,100,0,1.0,0.9630065017930143,1.0,100,1.0,0.9630065017930143,1.0,{},1.419978442021097,2.352753812630994,0.8894315972864973,1.5191051826688249,100,100,0.98,0.929988209271456,0.9944980324498376,0.98,0.929988209271456,0.9944980324498376,98,linear,whole_base_sequence,5.435581048737005,10.466231360056652,6,108,0,2.3143927149812864,6.086787232931047,0.9444444444444444,2,True,0.021323521999875084,0.0008573719998821617,0.0,0.010603676761376317,137.85885031141055,255.56364380724546,2.499678560387105,True,True,True,45.0,45,45,45.0,45,45,0.0,0,0,7.08,6,8,7.08,6,8,6.0,6,6,1.08,0,2,0.0,0,0,0.0,0,0,0.0,0,0
informative,nominal,retarded_ekf,True,3.0,100,100,0,1.0,0.9630065017930143,1.0,100,1.0,0.9630065017930143,1.0,{},1.077147469875501,1.775274312754323,0.578000301591469,0.9097209094404449,100,100,0.99,0.9455138038212946,0.9982325679358593,0.99,0.9455138038212946,0.9982325679358593,99,linear,whole_base_sequence,5.355649452246695,9.974218361038966,6,192,0,1.9203227146773525,5.760146801117279,0.953125,2,True,0.0026000289991497992,0.0014974590015481226,0.0,0.006429557646267699,123.17968229130719,145.08142405862372,2.903590347337971,True,True,True,45.0,45,45,45.0,45,45,0.0,0,0,9.0,9,9,9.0,9,9,6.0,6,6,3.0,3,3,0.0,0,0,0.0,0,0,0.0,0,0
informative,nominal,retarded_ekf,True,3.5,100,100,0,1.0,0.9630065017930143,1.0,100,1.0,0.9630065017930143,1.0,{},0.881123050940978,1.474594731764205,0.40624591211108063,0.6352884677972473,100,100,0.98,0.929988209271456,0.9944980324498376,0.98,0.929988209271456,0.9944980324498376,98,linear,whole_base_sequence,5.600820207026884,10.27349325431243,6,237,0,1.9344616853318317,6.069749449056916,0.9451476793248945,2,True,0.0033233899995684622,0.0018227840002509766,0.0,0.004137323288300522,139.18387889963446,204.26907123035778,3.4980329770829224,True,True,True,45.0,45,45,45.0,45,45,0.0,0,0,11.37,10,12,11.37,10,12,6.0,6,6,5.37,4,6,0.0,0,0,0.0,0,0,0.0,0,0
informative,nominal,retarded_ekf,True,4.0,100,100,0,1.0,0.9630065017930143,1.0,100,1.0,0.9630065017930143,1.0,{},0.8939767274826089,1.3128568941651426,0.3579937546090733,0.5637913011538628,100,100,0.96,0.9016292856411208,0.9843366960084523,0.96,0.9016292856411208,0.9843366960084523,96,linear,whole_base_sequence,5.6412003014052665,12.332294351342235,6,121,0,1.889839508076041,5.17163331672508,0.9669421487603306,2,True,0.001878305999271106,0.0009502250011428259,0.0,0.0028650283834631067,174.87641912467558,233.6377167558436,3.9963018600094085,True,True,True,45.0,45,45,45.0,45,45,0.0,0,0,12.58,12,14,12.58,12,14,6.0,6,6,6.58,6,8,0.0,0,0,0.0,0,0,0.0,0,0
informative,nominal,retarded_ekf,True,4.5,100,100,0,1.0,0.9630065017930143,1.0,100,1.0,0.9630065017930143,1.0,{},0.7948754546265826,1.3182575065578286,0.2863178116409377,0.4804168916964356,100,100,0.95,0.8882495307680808,0.9784563208456319,0.95,0.8882495307680808,0.9784563208456319,95,linear,whole_base_sequence,5.950591188372799,12.57492022988099,6,237,0,1.9689086432257765,5.627858233000651,0.9620253164556962,2,True,0.003765891001385171,0.0018843039986677467,0.0,0.00202014728283337,175.15024160242962,259.7252672278284,4.497433791065652,True,True,True,45.0,45,45,45.0,45,45,0.0,0,0,14.95,14,15,14.95,14,15,6.0,6,6,8.95,8,9,0.0,0,0,0.0,0,0,0.0,0,0
informative,nominal,retarded_ekf,True,5.0,100,100,0,1.0,0.9630065017930143,1.0,100,1.0,0.9630065017930143,1.0,{},0.7243559938333006,1.2021667252487604,0.2353270679679168,0.38918022138955577,100,100,0.99,0.9455138038212946,0.9982325679358593,0.99,0.9455138038212946,0.9982325679358593,99,linear,whole_base_sequence,5.703927246162614,11.462552535443196,6,178,0,2.0831646646826187,6.540367281009428,0.9325842696629213,2,True,0.002992722997732926,0.0013969269962399266,0.0,0.001485785198930712,227.73069815062388,351.075960281458,4.9983023419214545,True,True,True,45.0,45,45,45.0,45,45,0.0,0,0,16.73,15,18,16.73,15,18,6.0,6,6,10.73,9,12,0.0,0,0,0.0,0,0,0.0,0,0
informative,nominal,retarded_ekf,True,5.5,100,100,0,1.0,0.9630065017930143,1.0,100,1.0,0.9630065017930143,1.0,{},0.7177255215313759,1.1408116769253316,0.21377461087180577,0.3633353327018516,100,100,1.0,0.9630065017930143,1.0,1.0,0.9630065017930143,1.0,100,linear,whole_base_sequence,5.680590807355583,10.623092667458963,6,152,0,2.1301557233905712,6.0065837799974835,0.9473684210526315,2,True,0.002599843000934925,0.0011641569997300394,0.0,0.0011236362359182011,284.93881058798013,343.180225280202,5.499394054634216,True,True,True,45.0,45,45,45.0,45,45,0.0,0,0,18.25,18,19,18.25,18,19,6.0,6,6,12.25,12,13,0.0,0,0,0.0,0,0,0.0,0,0
informative,nominal,retarded_ekf,True,6.0,100,100,0,1.0,0.9630065017930143,1.0,100,1.0,0.9630065017930143,1.0,{},0.6412484434262674,1.0930095364643808,0.17701240516206795,0.30036021546920777,100,100,0.99,0.9455138038212946,0.9982325679358593,0.99,0.9455138038212946,0.9982325679358593,99,linear,whole_base_sequence,5.492649563613088,10.134969758467792,6,248,0,1.910029407066537,5.451078979486748,0.9637096774193549,2,True,0.004483179999224376,0.0019673520023934543,0.0,0.0008696251067269998,291.31021998166335,408.81573542741387,5.9947520597755535,True,True,True,45.0,45,45,45.0,45,45,0.0,0,0,20.73,20,21,20.73,20,21,6.0,6,6,14.73,14,15,0.0,0,0,0.0,0,0,0.0,0,0
informative,nominal,retarded_ekf,True,6.5,100,100,0,1.0,0.9630065017930143,1.0,100,1.0,0.9630065017930143,1.0,{},0.6551765121116175,1.0659225116743036,0.16503925413767412,0.26386420846261127,100,100,0.98,0.929988209271456,0.9944980324498376,0.98,0.929988209271456,0.9944980324498376,98,linear,whole_base_sequence,5.74598572000103,10.944596929448801,6,139,0,1.9961105425105046,5.716650244069094,0.9568345323741008,2,True,0.0026651209988631307,0.001086701002495829,0.0,0.0006863307377572424,385.3953755468197,476.93675506774724,6.497660566580254,True,True,True,45.0,45,45,45.0,45,45,0.0,0,0,22.12,21,23,22.12,21,23,6.0,6,6,16.12,15,17,0.0,0,0,0.0,0,0,0.0,0,0
informative,nominal,retarded_ekf,True,7.0,100,100,0,1.0,0.9630065017930143,1.0,100,1.0,0.9630065017930143,1.0,{},0.6440993384398268,1.0749612346330737,0.148128753501399,0.25352906650576307,100,100,0.97,0.9154806357094724,0.9897454759759611,0.97,0.9154806357094724,0.9897454759759611,97,linear,whole_base_sequence,5.888332936112732,12.237360260619809,6,188,0,1.9473177560836228,5.568087391739249,0.9627659574468085,2,True,0.0036770259993500077,0.001471361999574583,0.0,0.0005519094789262059,445.2280938220971,537.9460449783162,6.915652850238421,True,True,True,45.0,45,45,45.0,45,45,0.0,0,0,24.0,24,24,24.0,24,24,6.0,6,6,18.0,18,18,0.0,0,0,0.0,0,0,0.0,0,0
informative,nominal,retarded_ekf,True,7.5,100,100,0,1.0,0.9630065017930143,1.0,100,1.0,0.9630065017930143,1.0,{},0.62206646950809,1.0643392676072596,0.13176330812862372,0.22179151202103262,100,100,0.97,0.9154806357094724,0.9897454759759611,0.97,0.9154806357094724,0.9897454759759611,97,linear,whole_base_sequence,5.81422138744231,11.19509022905348,6,237,0,1.9712655964026036,6.176412810492624,0.9409282700421941,2,True,0.004713186998851597,0.001830169997701887,0.0,0.0004508310585017348,513.7952008519248,661.7495672381119,7.4995130582785885,True,True,True,45.0,45,45,45.0,45,45,0.0,0,0,26.37,25,27,26.37,25,27,6.0,6,6,20.37,19,21,0.0,0,0,0.0,0,0,0.0,0,0
informative,nominal,retarded_ekf,True,8.0,100,100,0,1.0,0.9630065017930143,1.0,100,1.0,0.9630065017930143,1.0,{},0.6026431545284532,1.050897905104787,0.1190750840393997,0.20296600416143323,100,100,0.97,0.9154806357094724,0.9897454759759611,0.97,0.9154806357094724,0.9897454759759611,97,linear,whole_base_sequence,5.745209700814089,11.227571408247845,6,119,0,2.0223666572023298,6.313182044682173,0.9411764705882353,2,True,0.0026098480031942015,0.0009563979992526584,0.0,0.0003733283117746055,632.5097532480868,742.9699005178803,7.999775122098295,True,True,True,45.0,45,45,45.0,45,45,0.0,0,0,27.56,27,29,27.56,27,29,6.0,6,6,21.56,21,23,0.0,0,0,0.0,0,0,0.0,0,0
informative,nominal,retarded_ekf,True,8.5,100,100,0,1.0,0.9630065017930143,1.0,100,1.0,0.9630065017930143,1.0,{},0.5591604719076406,0.9226094108929598,0.10752040865033835,0.16913631458361472,100,100,0.99,0.9455138038212946,0.9982325679358593,0.99,0.9455138038212946,0.9982325679358593,99,linear,whole_base_sequence,5.619399391190195,10.59213540322095,6,238,0,2.0894224477864243,5.869932747022147,0.9495798319327731,2,True,0.004993530999054201,0.0018228850001469254,0.0,0.0003129725464571431,685.3511695178449,819.8960271505902,8.493488506780311,True,True,True,45.0,45,45,45.0,45,45,0.0,0,0,29.94,29,30,29.94,29,30,6.0,6,6,23.94,23,24,0.0,0,0,0.0,0,0,0.0,0,0
informative,nominal,retarded_ekf,True,9.0,100,100,0,1.0,0.9630065017930143,1.0,100,1.0,0.9630065017930143,1.0,{},0.5520775026914917,0.8348018676237323,0.09990521570829118,0.16151860962732684,100,100,0.96,0.9016292856411208,0.9843366960084523,0.96,0.9016292856411208,0.9843366960084523,96,linear,whole_base_sequence,5.793852885216172,11.324671184664798,6,190,0,2.004107172377205,6.308696531577737,0.9368421052631579,2,True,0.004415800000715535,0.0015308849996654317,0.0,0.000265165717975403,815.5207660320943,1023.7076479662418,8.999999142164,True,True,True,45.0,45,45,45.0,45,45,0.0,0,0,31.84,30,33,31.84,30,33,6.0,6,6,25.84,24,27,0.0,0,0,0.0,0,0,0.0,0,0
informative,nominal,retarded_ekf,True,9.5,100,100,0,1.0,0.9630065017930143,1.0,100,1.0,0.9630065017930143,1.0,{},0.5514781903155589,0.8482076851488033,0.09360356026798879,0.15220995861127107,100,100,0.96,0.9016292856411208,0.9843366960084523,0.96,0.9016292856411208,0.9843366960084523,96,linear,whole_base_sequence,5.687472932415638,11.03373231892493,6,145,0,2.425462627126861,7.301180168368883,0.903448275862069,2,True,0.003586102002300322,0.0011967830001958647,0.0,0.00022693400250539686,945.7279902193487,1156.074797028174,9.499376430636863,True,True,True,45.0,45,45,45.0,45,45,0.0,0,0,33.29,33,34,33.29,33,34,6.0,6,6,27.29,27,28,0.0,0,0,0.0,0,0,0.0,0,0
informative,one_station_gap,causal_prefix_batch,True,0.0,100,0,100,0.0,0.0,0.03699349820698568,0,0.0,0.0,0.03699349820698568,"{""insufficient_measurements"": 100}",nan,nan,nan,nan,0,100,nan,nan,nan,0.0,0.0,0.03699349820698568,0,linear,whole_base_sequence,nan,nan,6,0,0,nan,nan,nan,2,True,4.8067000461742284e-05,0.0,nan,nan,nan,nan,nan,True,True,True,45.0,45,45,40.0,40,40,5.0,5,5,0.0,0,0,0.0,0,0,0.0,0,0,0.0,0,0,0.0,0,0,0.0,0,0,0.0,0,0
informative,one_station_gap,causal_prefix_batch,True,0.5,100,0,100,0.0,0.0,0.03699349820698568,0,0.0,0.0,0.03699349820698568,"{""insufficient_measurements"": 100}",nan,nan,nan,nan,0,100,nan,nan,nan,0.0,0.0,0.03699349820698568,0,linear,whole_base_sequence,nan,nan,6,0,0,nan,nan,nan,2,True,3.613899898482487e-05,0.0,nan,nan,nan,nan,nan,True,True,True,45.0,45,45,40.0,40,40,5.0,5,5,0.0,0,0,0.0,0,0,0.0,0,0,0.0,0,0,0.0,0,0,0.0,0,0,0.0,0,0
informative,one_station_gap,causal_prefix_batch,True,1.0,100,11,89,0.11,0.06254196357064568,0.18631296503080313,11,0.11,0.06254196357064568,0.18631296503080313,"{""insufficient_measurements"": 89}",5.01018644396092,6.973360070392557,10.357899776019337,14.936422463112278,11,100,1.0,0.7411670330319684,1.0,0.11,0.06254196357064568,0.18631296503080313,11,linear,whole_base_sequence,5.2943709493015145,10.699772305639978,6,0,0,nan,nan,nan,2,True,0.0027813349993084558,0.0,0.0,0.06645535488864034,3019.3587910002457,4510.252227945805,0.9967749566603704,True,True,True,45.0,45,45,40.0,40,40,5.0,5,5,1.73,0,3,1.73,0,3,0.0,0,0,0.0,0,0,0.0,0,0,0.0,0,0,0.0,0,0
informative,one_station_gap,causal_prefix_batch,True,1.5,100,100,0,1.0,0.9630065017930143,1.0,100,1.0,0.9630065017930143,1.0,{},13.303255718567607,27.419159816265687,13.947731617756364,28.87590205445891,100,100,0.95,0.8882495307680808,0.9784563208456319,0.95,0.8882495307680808,0.9784563208456319,95,linear,whole_base_sequence,5.934861291024157,12.541280053852425,6,0,0,nan,nan,nan,2,True,0.030312339999654797,0.0,0.0,0.04071550337288358,6849.39347805133,17550.48158077679,1.4913231439540178,True,True,True,45.0,45,45,40.0,40,40,5.0,5,5,3.26,3,4,3.26,3,4,0.0,0,0,0.0,0,0,0.0,0,0,0.0,0,0,0.0,0,0
informative,one_station_gap,causal_prefix_batch,True,10.0,100,100,0,1.0,0.9630065017930143,1.0,100,1.0,0.9630065017930143,1.0,{},0.6121416604970623,1.0496834482824648,0.09042145664162965,0.14887275671490224,100,100,0.96,0.9016292856411208,0.9843366960084523,0.96,0.9016292856411208,0.9843366960084523,96,linear,whole_base_sequence,5.928334577737221,11.90626885140415,6,0,0,nan,nan,nan,2,True,0.26446778499957874,0.0,0.0,0.00027550537507165483,933.9976465167013,1222.1432307649839,9.997820068562422,True,True,True,45.0,45,45,40.0,40,40,5.0,5,5,30.66,30,31,30.66,30,31,0.0,0,0,0.0,0,0,0.0,0,0,0.0,0,0,0.0,0,0
informative,one_station_gap,causal_prefix_batch,True,10.5,100,100,0,1.0,0.9630065017930143,1.0,100,1.0,0.9630065017930143,1.0,{},0.6300910100110314,1.0267071940163546,0.08711268787867661,0.13724442311958449,100,100,0.96,0.9016292856411208,0.9843366960084523,0.96,0.9016292856411208,0.9843366960084523,96,linear,whole_base_sequence,6.046740553767294,12.27359327170966,6,0,0,nan,nan,nan,2,True,0.2753727830000571,0.0,0.0,0.00024231728034462903,1106.2883998561656,1409.9577034558874,10.498689429034023,True,True,True,45.0,45,45,40.0,40,40,5.0,5,5,32.03,31,33,32.03,31,33,0.0,0,0,0.0,0,0,0.0,0,0,0.0,0,0,0.0,0,0
informative,one_station_gap,causal_prefix_batch,True,11.0,100,100,0,1.0,0.9630065017930143,1.0,100,1.0,0.9630065017930143,1.0,{},0.6275917085586823,1.1002403438241968,0.08288955971925725,0.14658565991507447,100,100,0.96,0.9016292856411208,0.9843366960084523,0.96,0.9016292856411208,0.9843366960084523,96,linear,whole_base_sequence,6.221304833941343,12.403748634080118,6,0,0,nan,nan,nan,2,True,0.29206105899997054,0.0,0.0,0.00021405698006883459,1178.2208893341246,1471.596605236046,10.914528266618438,True,True,True,45.0,45,45,40.0,40,40,5.0,5,5,34.0,34,34,34.0,34,34,0.0,0,0,0.0,0,0,0.0,0,0,0.0,0,0,0.0,0,0
informative,one_station_gap,causal_prefix_batch,True,11.5,100,100,0,1.0,0.9630065017930143,1.0,100,1.0,0.9630065017930143,1.0,{},0.636586453632048,1.1530139687107264,0.07871421849679527,0.13841012597294422,100,100,0.95,0.8882495307680808,0.9784563208456319,0.95,0.8882495307680808,0.9784563208456319,95,linear,whole_base_sequence,6.284927908079128,12.201305175525421,6,0,0,nan,nan,nan,2,True,0.30540826499869583,0.0,0.0,0.00019010586616481076,1328.122106599403,1649.144107639602,11.491029988443925,True,True,True,45.0,45,45,40.0,40,40,5.0,5,5,36.23,35,37,36.23,35,37,0.0,0,0,0.0,0,0,0.0,0,0,0.0,0,0,0.0,0,0
informative,one_station_gap,causal_prefix_batch,True,12.0,100,100,0,1.0,0.9630065017930143,1.0,100,1.0,0.9630065017930143,1.0,{},0.6639935591003716,1.1818778645381187,0.07738409287344733,0.13723724458094935,100,100,0.94,0.8752318455410406,0.9722138760368118,0.94,0.8752318455410406,0.9722138760368118,94,linear,whole_base_sequence,6.343312081892593,12.634101119688957,6,0,0,nan,nan,nan,2,True,0.31613964100164593,0.0,0.0,0.00016971591936222006,1498.0680114816341,1816.2142578506146,11.99510352738712,True,True,True,45.0,45,45,40.0,40,40,5.0,5,5,37.5,37,39,37.5,37,39,0.0,0,0,0.0,0,0,0.0,0,0,0.0,0,0,0.0,0,0
informative,one_station_gap,causal_prefix_batch,True,12.5,100,100,0,1.0,0.9630065017930143,1.0,100,1.0,0.9630065017930143,1.0,{},0.6641278301962785,1.1195734671565418,0.07414104476800988,0.12898776899537456,100,100,0.92,0.8500189229905127,0.9589065385156194,0.92,0.8500189229905127,0.9589065385156194,92,linear,whole_base_sequence,6.614660098394698,13.590470064258424,6,0,0,nan,nan,nan,2,True,0.33608660999976564,0.0,0.0,0.00015207652463590426,1605.7836917701038,1987.5321060796773,12.495613482491581,True,True,True,45.0,45,45,40.0,40,40,5.0,5,5,39.95,39,40,39.95,39,40,0.0,0,0,0.0,0,0,0.0,0,0,0.0,0,0,0.0,0,0
informative,one_station_gap,causal_prefix_batch,True,14.5,100,100,0,1.0,0.9630065017930143,1.0,100,1.0,0.9630065017930143,1.0,{},0.7993899912852072,1.3535177910402258,0.07423401031805447,0.12898776888069674,100,100,0.93,0.8625048526092651,0.9656807389327273,0.93,0.8625048526092651,0.9656807389327273,93,linear,whole_base_sequence,6.60090285466814,13.59047005749395,6,0,0,nan,nan,nan,2,True,0.33789123899972767,0.0,0.0,0.00010188165533140024,3457.584277685913,4268.5328173988855,12.518057268766759,True,True,True,45.0,45,45,40.0,40,40,5.0,5,5,40.0,40,40,40.0,40,40,0.0,0,0,0.0,0,0,0.0,0,0,0.0,0,0,0.0,0,0
informative,one_station_gap,causal_prefix_batch,True,2.0,100,100,0,1.0,0.9630065017930143,1.0,100,1.0,0.9630065017930143,1.0,{},1.701475029059108,2.923661850142661,1.3776767981425386,2.485935000091907,100,100,0.96,0.9016292856411208,0.9843366960084523,0.96,0.9016292856411208,0.9843366960084523,96,linear,whole_base_sequence,5.988701962706906,12.348891150578286,6,0,0,nan,nan,nan,2,True,0.056698059998161625,0.0,0.0,0.017985419409253366,87.9990000057943,211.6019549000408,1.9921621128694267,True,True,True,45.0,45,45,40.0,40,40,5.0,5,5,5.65,5,6,5.65,5,6,0.0,0,0,0.0,0,0,0.0,0,0,0.0,0,0,0.0,0,0
informative,one_station_gap,causal_prefix_batch,True,2.5,100,100,0,1.0,0.9630065017930143,1.0,100,1.0,0.9630065017930143,1.0,{},1.4200579491648566,2.3520627764671374,0.8889881619670486,1.5536926965439608,100,100,0.98,0.929988209271456,0.9944980324498376,0.98,0.929988209271456,0.9944980324498376,98,linear,whole_base_sequence,5.42903076394834,10.509884395513962,6,0,0,nan,nan,nan,2,True,0.07109105499926954,0.0,0.0,0.010571011901861015,138.445085976126,255.56364381928339,2.499678560387105,True,True,True,45.0,45,45,40.0,40,40,5.0,5,5,7.08,6,8,7.08,6,8,0.0,0,0,0.0,0,0,0.0,0,0,0.0,0,0,0.0,0,0
informative,one_station_gap,causal_prefix_batch,True,3.0,100,100,0,1.0,0.9630065017930143,1.0,100,1.0,0.9630065017930143,1.0,{},1.077607863863991,1.784079484884649,0.5779330514254397,0.9096626961857324,100,100,0.99,0.9455138038212946,0.9982325679358593,0.99,0.9455138038212946,0.9982325679358593,99,linear,whole_base_sequence,5.362114840333016,9.880998803014913,6,0,0,nan,nan,nan,2,True,0.08569410299969604,0.0,0.0,0.006433187429260497,122.96234211812497,144.11077648312005,2.903590347337971,True,True,True,45.0,45,45,40.0,40,40,5.0,5,5,9.0,9,9,9.0,9,9,0.0,0,0,0.0,0,0,0.0,0,0,0.0,0,0,0.0,0,0
informative,one_station_gap,causal_prefix_batch,True,3.5,100,100,0,1.0,0.9630065017930143,1.0,100,1.0,0.9630065017930143,1.0,{},1.0516518170868316,1.7272708874654206,0.468385599587179,0.7712955855564826,100,100,0.98,0.929988209271456,0.9944980324498376,0.98,0.929988209271456,0.9944980324498376,98,linear,whole_base_sequence,5.431784192496539,9.955261995352538,6,0,0,nan,nan,nan,2,True,0.09867661600059364,0.0,0.0,0.004281654204690922,177.6772888816286,206.51353369628546,3.492992137391619,True,True,True,45.0,45,45,40.0,40,40,5.0,5,5,10.48,10,11,10.48,10,11,0.0,0,0,0.0,0,0,0.0,0,0,0.0,0,0,0.0,0,0
informative,one_station_gap,causal_prefix_batch,True,4.0,100,100,0,1.0,0.9630065017930143,1.0,100,1.0,0.9630065017930143,1.0,{},1.1298608186484103,1.7759303606828891,0.43065424021734217,0.6775271931883738,100,100,0.97,0.9154806357094724,0.9897454759759611,0.97,0.9154806357094724,0.9897454759759611,97,linear,whole_base_sequence,5.68908389092739,11.520991133906229,6,0,0,nan,nan,nan,2,True,0.10392900299921166,0.0,0.0,0.0030170265258011803,246.17301389903014,292.3810464907661,3.993721141759229,True,True,True,45.0,45,45,40.0,40,40,5.0,5,5,11.49,11,12,11.49,11,12,0.0,0,0,0.0,0,0,0.0,0,0,0.0,0,0,0.0,0,0
informative,one_station_gap,causal_prefix_batch,True,4.5,100,100,0,1.0,0.9630065017930143,1.0,100,1.0,0.9630065017930143,1.0,{},1.0899110289227685,1.7464771558750756,0.3616803504360835,0.5979487440101731,100,100,0.98,0.929988209271456,0.9944980324498376,0.98,0.929988209271456,0.9944980324498376,98,linear,whole_base_sequence,5.757376677402117,12.332002191142944,6,0,0,nan,nan,nan,2,True,0.11448497300123563,0.0,0.0,0.002204423804539132,306.0943032444625,395.48545135361525,4.497433791065652,True,True,True,45.0,45,45,40.0,40,40,5.0,5,5,12.95,12,13,12.95,12,13,0.0,0,0,0.0,0,0,0.0,0,0,0.0,0,0,0.0,0,0
informative,one_station_gap,causal_prefix_batch,True,5.0,100,100,0,1.0,0.9630065017930143,1.0,100,1.0,0.9630065017930143,1.0,{},1.0891270663004293,1.9385654310336011,0.3180474194380419,0.5403870781039882,100,100,0.98,0.929988209271456,0.9944980324498376,0.98,0.929988209271456,0.9944980324498376,98,linear,whole_base_sequence,5.7662026194718745,11.29347878489324,6,0,0,nan,nan,nan,2,True,0.12292523000010988,0.0,0.0,0.0016720935260418077,423.48895209521567,564.5459508062777,4.9983023419214545,True,True,True,45.0,45,45,40.0,40,40,5.0,5,5,14.15,13,15,14.15,13,15,0.0,0,0,0.0,0,0,0.0,0,0,0.0,0,0,0.0,0,0
informative,one_station_gap,causal_prefix_batch,True,5.5,100,100,0,1.0,0.9630065017930143,1.0,100,1.0,0.9630065017930143,1.0,{},1.1544889916418943,1.785620212756317,0.2989690492410119,0.503207217636434,100,100,0.98,0.929988209271456,0.9944980324498376,0.98,0.929988209271456,0.9944980324498376,98,linear,whole_base_sequence,6.088891532185243,11.699641922866588,6,0,0,nan,nan,nan,2,True,0.1363006919986219,0.0,0.0,0.0013005733063324884,569.8594726956475,628.1218100718751,5.499394054634216,True,True,True,45.0,45,45,40.0,40,40,5.0,5,5,15.25,15,16,15.25,15,16,0.0,0,0,0.0,0,0,0.0,0,0,0.0,0,0,0.0,0,0
informative,one_station_gap,causal_prefix_batch,True,6.0,100,100,0,1.0,0.9630065017930143,1.0,100,1.0,0.9630065017930143,1.0,{},1.091959163798796,1.930300508128628,0.25912462839013645,0.43635860264289134,100,100,0.94,0.8752318455410406,0.9722138760368118,0.94,0.8752318455410406,0.9722138760368118,94,linear,whole_base_sequence,6.04600361192055,12.95565450566351,6,0,0,nan,nan,nan,2,True,0.14628727600065758,0.0,0.0,0.0010383745119768911,637.8340321203932,799.5505098439398,5.9947520597755535,True,True,True,45.0,45,45,40.0,40,40,5.0,5,5,16.73,16,17,16.73,16,17,0.0,0,0,0.0,0,0,0.0,0,0,0.0,0,0,0.0,0,0
informative,one_station_gap,causal_prefix_batch,True,6.5,100,100,0,1.0,0.9630065017930143,1.0,100,1.0,0.9630065017930143,1.0,{},1.136361760430889,1.8839410328880257,0.24425137355488122,0.4165253496131136,100,100,0.93,0.8625048526092651,0.9656807389327273,0.93,0.8625048526092651,0.9656807389327273,93,linear,whole_base_sequence,6.284807388320156,15.194884069658427,6,0,0,nan,nan,nan,2,True,0.1579329490000964,0.0,0.0,0.0008421610440778173,815.3364986388738,993.2245179082358,6.497660566580254,True,True,True,45.0,45,45,40.0,40,40,5.0,5,5,17.8,17,18,17.8,17,18,0.0,0,0,0.0,0,0,0.0,0,0,0.0,0,0,0.0,0,0
informative,one_station_gap,causal_prefix_batch,True,7.0,100,100,0,1.0,0.9630065017930143,1.0,100,1.0,0.9630065017930143,1.0,{},1.1345033427777642,1.885333998707608,0.2236617794432665,0.3769033246278321,100,100,0.94,0.8752318455410406,0.9722138760368118,0.94,0.8752318455410406,0.9722138760368118,94,linear,whole_base_sequence,6.26706838107091,12.74926865664994,6,0,0,nan,nan,nan,2,True,0.1643434879995766,0.0,0.0,0.0006955926780311821,1000.1748554853684,1133.74877789005,6.915652850238421,True,True,True,45.0,45,45,40.0,40,40,5.0,5,5,19.0,19,19,19.0,19,19,0.0,0,0,0.0,0,0,0.0,0,0,0.0,0,0,0.0,0,0
informative,one_station_gap,causal_prefix_batch,True,7.5,100,100,0,1.0,0.9630065017930143,1.0,100,1.0,0.9630065017930143,1.0,{},0.879600387346449,1.5500060550705177,0.1647653363724749,0.27718455694189337,100,100,0.93,0.8625048526092651,0.9656807389327273,0.93,0.8625048526092651,0.9656807389327273,93,linear,whole_base_sequence,6.379335892394163,13.457144426446591,6,0,0,nan,nan,nan,2,True,0.1857907560004969,0.0,0.0,0.0005820611047825544,574.2800280782011,1292.2839475935168,7.4995130582785885,True,True,True,45.0,45,45,40.0,40,40,5.0,5,5,21.37,20,22,21.37,20,22,0.0,0,0,0.0,0,0,0.0,0,0,0.0,0,0,0.0,0,0
informative,one_station_gap,causal_prefix_batch,True,8.0,100,100,0,1.0,0.9630065017930143,1.0,100,1.0,0.9630065017930143,1.0,{},0.7806919041149827,1.3380845752908406,0.13696735127635237,0.23887872407747807,100,100,0.95,0.8882495307680808,0.9784563208456319,0.95,0.8882495307680808,0.9784563208456319,95,linear,whole_base_sequence,6.157572531330094,12.534937863647539,6,0,0,nan,nan,nan,2,True,0.19795655099936993,0.0,0.0,0.0004927754426302814,660.4578722308695,785.9857565297583,7.999775122098295,True,True,True,45.0,45,45,40.0,40,40,5.0,5,5,22.56,22,24,22.56,22,24,0.0,0,0,0.0,0,0,0.0,0,0,0.0,0,0,0.0,0,0
informative,one_station_gap,causal_prefix_batch,True,8.5,100,100,0,1.0,0.9630065017930143,1.0,100,1.0,0.9630065017930143,1.0,{},0.6665378323474153,1.0940471247709262,0.11423369999050675,0.1771282835322507,100,100,0.97,0.9154806357094724,0.9897454759759611,0.97,0.9154806357094724,0.9897454759759611,97,linear,whole_base_sequence,5.992943406071476,11.292501466937118,6,0,0,nan,nan,nan,2,True,0.21758983099920443,0.0,0.0,0.00042152644305254027,659.7125020563931,812.2775899354251,8.493488506780311,True,True,True,45.0,45,45,40.0,40,40,5.0,5,5,24.94,24,25,24.94,24,25,0.0,0,0,0.0,0,0,0.0,0,0,0.0,0,0,0.0,0,0
informative,one_station_gap,causal_prefix_batch,True,9.0,100,100,0,1.0,0.9630065017930143,1.0,100,1.0,0.9630065017930143,1.0,{},0.6493298402496641,1.0882026450938607,0.10543208789875841,0.17172139117182264,100,100,0.95,0.8882495307680808,0.9784563208456319,0.95,0.8882495307680808,0.9784563208456319,95,linear,whole_base_sequence,6.133259901399519,12.027922860261686,6,0,0,nan,nan,nan,2,True,0.23539740199892548,0.0,0.0,0.00036341509167291884,773.180625835096,995.3404712183983,8.999999142164,True,True,True,45.0,45,45,40.0,40,40,5.0,5,5,26.84,25,28,26.84,25,28,0.0,0,0,0.0,0,0,0.0,0,0,0.0,0,0,0.0,0,0
informative,one_station_gap,causal_prefix_batch,True,9.5,100,100,0,1.0,0.9630065017930143,1.0,100,1.0,0.9630065017930143,1.0,{},0.6350496400056507,1.041392248450221,0.09800152724011997,0.16265948889783569,100,100,0.97,0.9154806357094724,0.9897454759759611,0.97,0.9154806357094724,0.9897454759759611,97,linear,whole_base_sequence,5.957279976792495,12.081829821923344,6,0,0,nan,nan,nan,2,True,0.24983498999965378,0.0,0.0,0.0003155834342620385,848.1962880567276,1085.9715965141777,9.499376430636863,True,True,True,45.0,45,45,40.0,40,40,5.0,5,5,28.29,28,29,28.29,28,29,0.0,0,0,0.0,0,0,0.0,0,0,0.0,0,0,0.0,0,0
informative,one_station_gap,initial_batch_no_updates,True,0.0,100,0,100,0.0,0.0,0.03699349820698568,0,0.0,0.0,0.03699349820698568,"{""not_initialized"": 100}",nan,nan,nan,nan,0,100,nan,nan,nan,0.0,0.0,0.03699349820698568,0,linear,whole_base_sequence,nan,nan,6,0,0,nan,nan,nan,2,True,2.493999490980059e-06,0.0,nan,nan,nan,nan,nan,True,True,True,45.0,45,45,40.0,40,40,5.0,5,5,0.0,0,0,0.0,0,0,0.0,0,0,0.0,0,0,0.0,0,0,0.0,0,0,0.0,0,0
informative,one_station_gap,initial_batch_no_updates,True,0.5,100,0,100,0.0,0.0,0.03699349820698568,0,0.0,0.0,0.03699349820698568,"{""not_initialized"": 100}",nan,nan,nan,nan,0,100,nan,nan,nan,0.0,0.0,0.03699349820698568,0,linear,whole_base_sequence,nan,nan,6,0,0,nan,nan,nan,2,True,2.028998569585383e-06,0.0,nan,nan,nan,nan,nan,True,True,True,45.0,45,45,40.0,40,40,5.0,5,5,0.0,0,0,0.0,0,0,0.0,0,0,0.0,0,0,0.0,0,0,0.0,0,0,0.0,0,0
informative,one_station_gap,initial_batch_no_updates,True,1.0,100,0,100,0.0,0.0,0.03699349820698568,0,0.0,0.0,0.03699349820698568,"{""not_initialized"": 100}",nan,nan,nan,nan,0,100,nan,nan,nan,0.0,0.0,0.03699349820698568,0,linear,whole_base_sequence,nan,nan,6,0,0,nan,nan,nan,2,True,2.2820019512437286e-06,0.0,nan,nan,nan,nan,0.9967749566603704,True,True,True,45.0,45,45,40.0,40,40,5.0,5,5,1.73,0,3,0.0,0,0,0.0,0,0,0.0,0,0,0.0,0,0,0.0,0,0,1.73,0,3
informative,one_station_gap,initial_batch_no_updates,True,1.5,100,0,100,0.0,0.0,0.03699349820698568,0,0.0,0.0,0.03699349820698568,"{""not_initialized"": 100}",nan,nan,nan,nan,0,100,nan,nan,nan,0.0,0.0,0.03699349820698568,0,linear,whole_base_sequence,nan,nan,6,0,0,nan,nan,nan,2,True,3.3609996899031105e-06,0.0,nan,nan,nan,nan,1.4913231439540178,True,True,True,45.0,45,45,40.0,40,40,5.0,5,5,3.26,3,4,0.0,0,0,0.0,0,0,0.0,0,0,0.0,0,0,0.0,0,0,3.26,3,4
informative,one_station_gap,initial_batch_no_updates,True,10.0,100,100,0,1.0,0.9630065017930143,1.0,100,1.0,0.9630065017930143,1.0,{},10.861278889690754,18.21553494088657,1.1903986206979118,2.0307151180509293,100,100,0.97,0.9154806357094724,0.9897454759759611,0.97,0.9154806357094724,0.9897454759759611,97,linear,whole_base_sequence,5.821314214932674,11.287952846422987,6,0,0,nan,nan,nan,2,True,0.0001374950009630993,0.0,0.0,0.00046031999011404527,118069.25716806686,137835.50914665163,9.997820068562422,True,True,True,45.0,45,45,40.0,40,40,5.0,5,5,30.66,30,31,6.0,6,6,6.0,6,6,0.0,0,0,0.0,0,0,0.0,0,0,24.66,24,25
informative,one_station_gap,initial_batch_no_updates,True,10.5,100,100,0,1.0,0.9630065017930143,1.0,100,1.0,0.9630065017930143,1.0,{},11.455915890364112,19.230624132787312,1.1903986206979118,2.0307151180509293,100,100,0.97,0.9154806357094724,0.9897454759759611,0.97,0.9154806357094724,0.9897454759759611,97,linear,whole_base_sequence,5.8213142149326575,11.287952846422945,6,0,0,nan,nan,nan,2,True,0.00014087800082052127,0.0,0.0,0.0004137863438894294,145957.01775715547,170346.39713991954,10.498689429034023,True,True,True,45.0,45,45,40.0,40,40,5.0,5,5,32.03,31,33,6.0,6,6,6.0,6,6,0.0,0,0,0.0,0,0,0.0,0,0,26.03,25,27
informative,one_station_gap,initial_batch_no_updates,True,11.0,100,100,0,1.0,0.9630065017930143,1.0,100,1.0,0.9630065017930143,1.0,{},12.050608411720617,20.24574025283856,1.1903986206979118,2.0307151180509293,100,100,0.97,0.9154806357094724,0.9897454759759611,0.97,0.9154806357094724,0.9897454759759611,97,linear,whole_base_sequence,5.8213142149326345,11.287952846422973,6,0,0,nan,nan,nan,2,True,0.0001396690000547096,0.0,0.0,0.00037394355219500853,178538.72914188507,208322.0841304347,10.914528266618438,True,True,True,45.0,45,45,40.0,40,40,5.0,5,5,34.0,34,34,6.0,6,6,6.0,6,6,0.0,0,0,0.0,0,0,0.0,0,0,28.0,28,28
informative,one_station_gap,initial_batch_no_updates,True,11.5,100,100,0,1.0,0.9630065017930143,1.0,100,1.0,0.9630065017930143,1.0,{},12.645348620589555,21.260879441936076,1.1903986206979118,2.0307151180509293,100,100,0.97,0.9154806357094724,0.9897454759759611,0.97,0.9154806357094724,0.9897454759759611,97,linear,whole_base_sequence,5.8213142149326655,11.287952846422975,6,0,0,nan,nan,nan,2,True,0.0001391980005428195,0.0,0.0,0.00033957185903176184,216307.79986360986,252345.72315672823,11.491029988443925,True,True,True,45.0,45,45,40.0,40,40,5.0,5,5,36.23,35,37,6.0,6,6,6.0,6,6,0.0,0,0,0.0,0,0,0.0,0,0,30.23,29,31
informative,one_station_gap,initial_batch_no_updates,True,12.0,100,100,0,1.0,0.9630065017930143,1.0,100,1.0,0.9630065017930143,1.0,{},13.240130090672839,22.27603854471602,1.1903986206979118,2.0307151180509293,100,100,0.97,0.9154806357094724,0.9897454759759611,0.97,0.9154806357094724,0.9897454759759611,97,linear,whole_base_sequence,5.821314214932657,11.287952846422955,6,0,0,nan,nan,nan,2,True,0.00014041999878827482,0.0,0.0,0.0003097164837799895,259776.0848580286,303030.15733115707,11.99510352738712,True,True,True,45.0,45,45,40.0,40,40,5.0,5,5,37.5,37,39,6.0,6,6,6.0,6,6,0.0,0,0,0.0,0,0,0.0,0,0,31.5,31,33
informative,one_station_gap,initial_batch_no_updates,True,12.5,100,100,0,1.0,0.9630065017930143,1.0,100,1.0,0.9630065017930143,1.0,{},13.834947500359887,23.291214956141864,1.1903986206979118,2.0307151180509293,100,100,0.97,0.9154806357094724,0.9897454759759611,0.97,0.9154806357094724,0.9897454759759611,97,linear,whole_base_sequence,5.8213142149326,11.287952846422996,6,0,0,nan,nan,nan,2,True,0.00013965699938125908,0.0,0.0,0.000283621622673563,309510.9117527153,361017.91981102404,12.495613482491581,True,True,True,45.0,45,45,40.0,40,40,5.0,5,5,39.95,39,40,6.0,6,6,6.0,6,6,0.0,0,0,0.0,0,0,0.0,0,0,33.95,33,34
informative,one_station_gap,initial_batch_no_updates,True,14.5,100,100,0,1.0,0.9630065017930143,1.0,100,1.0,0.9630065017930143,1.0,{},16.21449742661201,27.35205512827701,1.1903986206979118,2.0307151180509293,100,100,0.97,0.9154806357094724,0.9897454759759611,0.97,0.9154806357094724,0.9897454759759611,97,linear,whole_base_sequence,5.821314214932617,11.287952846422984,6,0,0,nan,nan,nan,2,True,0.00014187500055413694,0.0,0.0,0.00020635626581501511,583039.2383720782,679892.0687653986,12.518057268766759,True,True,True,45.0,45,45,40.0,40,40,5.0,5,5,40.0,40,40,6.0,6,6,6.0,6,6,0.0,0,0,0.0,0,0,0.0,0,0,34.0,34,34
informative,one_station_gap,initial_batch_no_updates,True,2.0,100,65,35,0.65,0.5525444329688796,0.7363575175690247,65,0.65,0.5525444329688796,0.7363575175690247,"{""not_initialized"": 35}",1.430381711186537,2.3808963863730868,1.2006704051416484,1.9543081185551046,65,100,0.9538461538461539,0.8728615273666118,0.9841801595864874,0.62,0.5220975529551107,0.7090240074752127,62,linear,whole_base_sequence,6.271923756877902,12.145299110377044,6,0,0,nan,nan,nan,2,True,8.906799979740754e-05,0.0,0.0,0.01798541940925372,83.95509041138862,94.62111772447165,1.9921621128694267,True,True,True,45.0,45,45,40.0,40,40,5.0,5,5,5.65,5,6,3.9,0,6,3.9,0,6,0.0,0,0,0.0,0,0,0.0,0,0,1.75,0,5
informative,one_station_gap,initial_batch_no_updates,True,2.5,100,100,0,1.0,0.9630065017930143,1.0,100,1.0,0.9630065017930143,1.0,{},1.9826409602817483,3.4600429895286235,1.1903986206979118,2.0307151180509293,100,100,0.97,0.9154806357094724,0.9897454759759611,0.97,0.9154806357094724,0.9897454759759611,97,linear,whole_base_sequence,5.821314214932645,11.287952846422964,6,0,0,nan,nan,nan,2,True,0.00013482799928169698,0.0,0.0,0.01116008565230574,215.86329445300322,255.56364380724546,2.499678560387105,True,True,True,45.0,45,45,40.0,40,40,5.0,5,5,7.08,6,8,6.0,6,6,6.0,6,6,0.0,0,0,0.0,0,0,0.0,0,0,1.08,0,2
informative,one_station_gap,initial_batch_no_updates,True,3.0,100,100,0,1.0,0.9630065017930143,1.0,100,1.0,0.9630065017930143,1.0,{},2.563908807591588,4.311893107769867,1.1903986206979118,2.0307151180509293,100,100,0.97,0.9154806357094724,0.9897454759759611,0.97,0.9154806357094724,0.9897454759759611,97,linear,whole_base_sequence,5.821314214932644,11.287952846422954,6,0,0,nan,nan,nan,2,True,0.00013695099944015964,0.0,0.0,0.007327903104507694,494.0843085652556,583.6108290820773,2.903590347337971,True,True,True,45.0,45,45,40.0,40,40,5.0,5,5,9.0,9,9,6.0,6,6,6.0,6,6,0.0,0,0,0.0,0,0,0.0,0,0,3.0,3,3
informative,one_station_gap,initial_batch_no_updates,True,3.5,100,100,0,1.0,0.9630065017930143,1.0,100,1.0,0.9630065017930143,1.0,{},3.1503834699896847,5.22195703915654,1.1903986206979118,2.0307151180509293,100,100,0.97,0.9154806357094724,0.9897454759759611,0.97,0.9154806357094724,0.9897454759759611,97,linear,whole_base_sequence,5.821314214932645,11.287952846422964,6,0,0,nan,nan,nan,2,True,0.0001375970002845861,0.0,0.0,0.005093032779967689,1011.0223592193036,1191.9543184155025,3.492992137391619,True,True,True,45.0,45,45,40.0,40,40,5.0,5,5,10.48,10,11,6.0,6,6,6.0,6,6,0.0,0,0,0.0,0,0,0.0,0,0,4.48,4,5
informative,one_station_gap,initial_batch_no_updates,True,4.0,100,100,0,1.0,0.9630065017930143,1.0,100,1.0,0.9630065017930143,1.0,{},3.7396160338198525,6.169290945913918,1.1903986206979118,2.0307151180509293,100,100,0.97,0.9154806357094724,0.9897454759759611,0.97,0.9154806357094724,0.9897454759759611,97,linear,whole_base_sequence,5.821314214932639,11.287952846422954,6,0,0,nan,nan,nan,2,True,0.0001336699997773394,0.0,0.0,0.003713021168760322,1884.4891613671775,2218.405709510712,3.993721141759229,True,True,True,45.0,45,45,40.0,40,40,5.0,5,5,11.49,11,12,6.0,6,6,6.0,6,6,0.0,0,0,0.0,0,0,0.0,0,0,5.49,5,6
informative,one_station_gap,initial_batch_no_updates,True,4.5,100,100,0,1.0,0.9630065017930143,1.0,100,1.0,0.9630065017930143,1.0,{},4.330480872940158,7.163288377442107,1.1903986206979118,2.0307151180509293,100,100,0.97,0.9154806357094724,0.9897454759759611,0.97,0.9154806357094724,0.9897454759759611,97,linear,whole_base_sequence,5.821314214932637,11.287952846422952,6,0,0,nan,nan,nan,2,True,0.0001338360004592687,0.0,0.0,0.0028134575218613104,3257.7596472190007,3830.4604276321156,4.497433791065652,True,True,True,45.0,45,45,40.0,40,40,5.0,5,5,12.95,12,13,6.0,6,6,6.0,6,6,0.0,0,0,0.0,0,0,0.0,0,0,6.95,6,7
informative,one_station_gap,initial_batch_no_updates,True,5.0,100,100,0,1.0,0.9630065017930143,1.0,100,1.0,0.9630065017930143,1.0,{},4.922390226249673,8.155724995839567,1.1903986206979118,2.0307151180509293,100,100,0.97,0.9154806357094724,0.9897454759759611,0.97,0.9154806357094724,0.9897454759759611,97,linear,whole_base_sequence,5.82131421493265,11.287952846422968,6,0,0,nan,nan,nan,2,True,0.00013645500031998382,0.0,0.0,0.0021992278515471976,5301.132573971196,6225.301905593962,4.9983023419214545,True,True,True,45.0,45,45,40.0,40,40,5.0,5,5,14.15,13,15,6.0,6,6,6.0,6,6,0.0,0,0,0.0,0,0,0.0,0,0,8.15,7,9
informative,one_station_gap,initial_batch_no_updates,True,5.5,100,100,0,1.0,0.9630065017930143,1.0,100,1.0,0.9630065017930143,1.0,{},5.515007790215335,9.147194370604927,1.1903986206979118,2.0307151180509293,100,100,0.97,0.9154806357094724,0.9897454759759611,0.97,0.9154806357094724,0.9897454759759611,97,linear,whole_base_sequence,5.8213142149326425,11.28795284642295,6,0,0,nan,nan,nan,2,True,0.00013846400077454745,0.0,0.0,0.0017632141094770773,8209.260216127308,9629.80290244486,5.499394054634216,True,True,True,45.0,45,45,40.0,40,40,5.0,5,5,15.25,15,16,6.0,6,6,6.0,6,6,0.0,0,0,0.0,0,0,0.0,0,0,9.25,9,10
informative,one_station_gap,initial_batch_no_updates,True,6.0,100,100,0,1.0,0.9630065017930143,1.0,100,1.0,0.9630065017930143,1.0,{},6.108127434072826,10.138920827258872,1.1903986206979118,2.0307151180509293,100,100,0.97,0.9154806357094724,0.9897454759759611,0.97,0.9154806357094724,0.9897454759759611,97,linear,whole_base_sequence,5.8213142149326265,11.287952846422959,6,0,0,nan,nan,nan,2,True,0.00013753400038694962,0.0,0.0,0.0014434915280990058,12202.116999261936,14300.525953515576,5.9947520597755535,True,True,True,45.0,45,45,40.0,40,40,5.0,5,5,16.73,16,17,6.0,6,6,6.0,6,6,0.0,0,0,0.0,0,0,0.0,0,0,10.73,10,11
informative,one_station_gap,initial_batch_no_updates,True,6.5,100,100,0,1.0,0.9630065017930143,1.0,100,1.0,0.9630065017930143,1.0,{},6.701615850948941,11.130835599874944,1.1903986206979118,2.0307151180509293,100,100,0.97,0.9154806357094724,0.9897454759759611,0.97,0.9154806357094724,0.9897454759759611,97,linear,whole_base_sequence,5.821314214932655,11.287952846422952,6,0,0,nan,nan,nan,2,True,0.0001399250005488284,0.0,0.0,0.0012025515923924182,17525.580263076845,20523.72353814715,6.497660566580254,True,True,True,45.0,45,45,40.0,40,40,5.0,5,5,17.8,17,18,6.0,6,6,6.0,6,6,0.0,0,0,0.0,0,0,0.0,0,0,11.8,11,12
informative,one_station_gap,initial_batch_no_updates,True,7.0,100,100,0,1.0,0.9630065017930143,1.0,100,1.0,0.9630065017930143,1.0,{},7.295383040977824,12.12594434224563,1.1903986206979118,2.0307151180509293,100,100,0.97,0.9154806357094724,0.9897454759759611,0.97,0.9154806357094724,0.9897454759759611,97,linear,whole_base_sequence,5.821314214932642,11.287952846422954,6,0,0,nan,nan,nan,2,True,0.0001410400020540692,0.0,0.0,0.0010167250384977911,24451.09283152221,28615.33814711198,6.915652850238421,True,True,True,45.0,45,45,40.0,40,40,5.0,5,5,19.0,19,19,6.0,6,6,6.0,6,6,0.0,0,0,0.0,0,0,0.0,0,0,13.0,13,13
informative,one_station_gap,initial_batch_no_updates,True,7.5,100,100,0,1.0,0.9630065017930143,1.0,100,1.0,0.9630065017930143,1.0,{},7.889366061577023,13.140711504115693,1.1903986206979118,2.0307151180509293,100,100,0.97,0.9154806357094724,0.9897454759759611,0.97,0.9154806357094724,0.9897454759759611,97,linear,whole_base_sequence,5.821314214932637,11.28795284642297,6,0,0,nan,nan,nan,2,True,0.00013913500239141286,0.0,0.0,0.0008705331989888017,33275.66303881814,38921.0023123443,7.4995130582785885,True,True,True,45.0,45,45,40.0,40,40,5.0,5,5,21.37,20,22,6.0,6,6,6.0,6,6,0.0,0,0,0.0,0,0,0.0,0,0,15.37,14,16
informative,one_station_gap,initial_batch_no_updates,True,8.0,100,100,0,1.0,0.9630065017930143,1.0,100,1.0,0.9630065017930143,1.0,{},8.483519578018289,14.15556340623118,1.1903986206979118,2.0307151180509293,100,100,0.97,0.9154806357094724,0.9897454759759611,0.97,0.9154806357094724,0.9897454759759611,97,linear,whole_base_sequence,5.821314214932612,11.28795284642296,6,0,0,nan,nan,nan,2,True,0.00014005000004544855,0.0,0.0,0.0007535341442189833,44321.8647409986,51816.03861891508,7.999775122098295,True,True,True,45.0,45,45,40.0,40,40,5.0,5,5,22.56,22,24,6.0,6,6,6.0,6,6,0.0,0,0,0.0,0,0,0.0,0,0,16.56,16,18
informative,one_station_gap,initial_batch_no_updates,True,8.5,100,100,0,1.0,0.9630065017930143,1.0,100,1.0,0.9630065017930143,1.0,{},9.077810112893724,15.170483028249318,1.1903986206979118,2.0307151180509293,100,100,0.97,0.9154806357094724,0.9897454759759611,0.97,0.9154806357094724,0.9897454759759611,97,linear,whole_base_sequence,5.821314214932637,11.287952846422993,6,0,0,nan,nan,nan,2,True,0.00014165899832732976,0.0,0.0,0.0006584896582533272,57937.837322624095,67705.45971324288,8.493488506780311,True,True,True,45.0,45,45,40.0,40,40,5.0,5,5,24.94,24,25,6.0,6,6,6.0,6,6,0.0,0,0,0.0,0,0,0.0,0,0,18.94,18,19
informative,one_station_gap,initial_batch_no_updates,True,9.0,100,100,0,1.0,0.9630065017930143,1.0,100,1.0,0.9630065017930143,1.0,{},9.672212409731877,16.18545762140918,1.1903986206979118,2.0307151180509293,100,100,0.97,0.9154806357094724,0.9897454759759611,0.97,0.9154806357094724,0.9897454759759611,97,linear,whole_base_sequence,5.821314214932639,11.28795284642297,6,0,0,nan,nan,nan,2,True,0.00014069900178583338,0.0,0.0,0.0005802609987730692,74497.2856998146,87023.96830441226,8.999999142164,True,True,True,45.0,45,45,40.0,40,40,5.0,5,5,26.84,25,28,6.0,6,6,6.0,6,6,0.0,0,0,0.0,0,0,0.0,0,0,20.84,19,22
informative,one_station_gap,initial_batch_no_updates,True,9.5,100,100,0,1.0,0.9630065017930143,1.0,100,1.0,0.9630065017930143,1.0,{},10.266707056805835,17.20047744773835,1.1903986206979118,2.0307151180509293,100,100,0.97,0.9154806357094724,0.9897454759759611,0.97,0.9154806357094724,0.9897454759759611,97,linear,whole_base_sequence,5.821314214932661,11.28795284642298,6,0,0,nan,nan,nan,2,True,0.00014006800076458604,0.0,0.0,0.000515122089547407,94399.48032104503,110235.95716849684,9.499376430636863,True,True,True,45.0,45,45,40.0,40,40,5.0,5,5,28.29,28,29,6.0,6,6,6.0,6,6,0.0,0,0,0.0,0,0,0.0,0,0,22.29,22,23
informative,one_station_gap,offline_full_record_noncausal,False,14.5,100,100,0,1.0,0.9630065017930143,1.0,100,1.0,0.9630065017930143,1.0,{},0.7993899912852072,1.3535177910402258,0.07423401031805447,0.12898776888069674,100,100,0.93,0.8625048526092651,0.9656807389327273,0.93,0.8625048526092651,0.9656807389327273,93,linear,whole_base_sequence,6.60090285466814,13.59047005749395,6,0,0,nan,nan,nan,2,True,0.3368087860001833,0.0,0.0,0.00010188165533140024,3457.584277685913,4268.5328173988855,12.518057268766759,True,True,True,45.0,45,45,40.0,40,40,5.0,5,5,40.0,40,40,40.0,40,40,0.0,0,0,0.0,0,0,0.0,0,0,0.0,0,0,0.0,0,0
informative,one_station_gap,retarded_ekf,True,0.0,100,0,100,0.0,0.0,0.03699349820698568,0,0.0,0.0,0.03699349820698568,"{""not_initialized"": 100}",nan,nan,nan,nan,0,100,nan,nan,nan,0.0,0.0,0.03699349820698568,0,linear,whole_base_sequence,nan,nan,6,0,0,nan,nan,nan,2,True,2.583399822469801e-05,0.0,nan,nan,nan,nan,nan,True,True,True,45.0,45,45,40.0,40,40,5.0,5,5,0.0,0,0,0.0,0,0,0.0,0,0,0.0,0,0,0.0,0,0,0.0,0,0,0.0,0,0
informative,one_station_gap,retarded_ekf,True,0.5,100,0,100,0.0,0.0,0.03699349820698568,0,0.0,0.0,0.03699349820698568,"{""not_initialized"": 100}",nan,nan,nan,nan,0,100,nan,nan,nan,0.0,0.0,0.03699349820698568,0,linear,whole_base_sequence,nan,nan,6,0,0,nan,nan,nan,2,True,1.4188998320605606e-05,0.0,nan,nan,nan,nan,nan,True,True,True,45.0,45,45,40.0,40,40,5.0,5,5,0.0,0,0,0.0,0,0,0.0,0,0,0.0,0,0,0.0,0,0,0.0,0,0,0.0,0,0
informative,one_station_gap,retarded_ekf,True,1.0,100,0,100,0.0,0.0,0.03699349820698568,0,0.0,0.0,0.03699349820698568,"{""not_initialized"": 100}",nan,nan,nan,nan,0,100,nan,nan,nan,0.0,0.0,0.03699349820698568,0,linear,whole_base_sequence,nan,nan,6,0,0,nan,nan,nan,2,True,0.00017293399898335338,0.0,nan,nan,nan,nan,0.9967749566603704,True,True,True,45.0,45,45,40.0,40,40,5.0,5,5,1.73,0,3,0.0,0,0,0.0,0,0,0.0,0,0,0.0,0,0,0.0,0,0,1.73,0,3
informative,one_station_gap,retarded_ekf,True,1.5,100,0,100,0.0,0.0,0.03699349820698568,0,0.0,0.0,0.03699349820698568,"{""not_initialized"": 100}",nan,nan,nan,nan,0,100,nan,nan,nan,0.0,0.0,0.03699349820698568,0,linear,whole_base_sequence,nan,nan,6,0,0,nan,nan,nan,2,True,0.0002347070022369735,0.0,nan,nan,nan,nan,1.4913231439540178,True,True,True,45.0,45,45,40.0,40,40,5.0,5,5,3.26,3,4,0.0,0,0,0.0,0,0,0.0,0,0,0.0,0,0,0.0,0,0,3.26,3,4
informative,one_station_gap,retarded_ekf,True,10.0,100,100,0,1.0,0.9630065017930143,1.0,100,1.0,0.9630065017930143,1.0,{},0.6128416162159354,1.0405571045674116,0.09049952017732883,0.14879552967246137,100,100,0.97,0.9154806357094724,0.9897454759759611,0.97,0.9154806357094724,0.9897454759759611,97,linear,whole_base_sequence,5.936091281557764,11.991173439210883,6,237,0,1.80952614517277,4.99259295005147,0.9620253164556962,2,True,0.005282239001535345,0.001907358999014832,0.0,0.00027520559424360353,931.7985028669384,1216.4180472477524,9.997820068562422,True,True,True,45.0,45,45,40.0,40,40,5.0,5,5,30.66,30,31,30.66,30,31,6.0,6,6,24.66,24,25,0.0,0,0,0.0,0,0,0.0,0,0
informative,one_station_gap,retarded_ekf,True,10.5,100,100,0,1.0,0.9630065017930143,1.0,100,1.0,0.9630065017930143,1.0,{},0.6302311011469919,1.0166511689088227,0.08709282373187859,0.13738966813675293,100,100,0.95,0.8882495307680808,0.9784563208456319,0.95,0.8882495307680808,0.9784563208456319,95,linear,whole_base_sequence,6.051050028508089,12.307492442305948,6,137,0,1.9327484665867138,4.985371417623369,0.9635036496350365,2,True,0.003278803000866901,0.0011269019977771678,0.0,0.00024207405914622438,1103.4155733041134,1400.3057721188143,10.498689429034023,True,True,True,45.0,45,45,40.0,40,40,5.0,5,5,32.03,31,33,32.03,31,33,6.0,6,6,26.03,25,27,0.0,0,0,0.0,0,0,0.0,0,0
informative,one_station_gap,retarded_ekf,True,11.0,100,100,0,1.0,0.9630065017930143,1.0,100,1.0,0.9630065017930143,1.0,{},0.62783606987266,1.103674651452723,0.08287921060057134,0.1463510391878221,100,100,0.96,0.9016292856411208,0.9843366960084523,0.96,0.9016292856411208,0.9843366960084523,96,linear,whole_base_sequence,6.22661880701258,12.364972273323394,6,197,0,1.7848172063769172,6.013354941133588,0.9441624365482234,2,True,0.004770029999199323,0.0016117950007901527,0.0,0.00021395038838433736,1175.2626476924033,1472.1483325387871,10.914528266618438,True,True,True,45.0,45,45,40.0,40,40,5.0,5,5,34.0,34,34,34.0,34,34,6.0,6,6,28.0,28,28,0.0,0,0,0.0,0,0,0.0,0,0
informative,one_station_gap,retarded_ekf,True,11.5,100,100,0,1.0,0.9630065017930143,1.0,100,1.0,0.9630065017930143,1.0,{},0.6364375557433294,1.1487175967866325,0.07864593150267385,0.13853650421556765,100,100,0.96,0.9016292856411208,0.9843366960084523,0.96,0.9016292856411208,0.9843366960084523,96,linear,whole_base_sequence,6.285562842870622,12.44565198293479,6,223,0,1.9341038119496603,5.625778152502999,0.9641255605381166,2,True,0.005552959000633564,0.0018242920000921003,0.0,0.00019006661740206536,1328.6942440205748,1653.9650501826177,11.491029988443925,True,True,True,45.0,45,45,40.0,40,40,5.0,5,5,36.23,35,37,36.23,35,37,6.0,6,6,30.23,29,31,0.0,0,0,0.0,0,0,0.0,0,0
informative,one_station_gap,retarded_ekf,True,12.0,100,100,0,1.0,0.9630065017930143,1.0,100,1.0,0.9630065017930143,1.0,{},0.6640748324625304,1.1865497430634282,0.07735891020743185,0.13589380247375085,100,100,0.95,0.8882495307680808,0.9784563208456319,0.95,0.8882495307680808,0.9784563208456319,95,linear,whole_base_sequence,6.345468302982742,12.55503851947364,6,127,0,2.1416918943466317,6.656043744440609,0.9133858267716536,2,True,0.003249905000557192,0.0010110699973301961,0.0,0.00016965540408880826,1494.676251447047,1820.5592257336612,11.99510352738712,True,True,True,45.0,45,45,40.0,40,40,5.0,5,5,37.5,37,39,37.5,37,39,6.0,6,6,31.5,31,33,0.0,0,0,0.0,0,0,0.0,0,0
informative,one_station_gap,retarded_ekf,True,12.5,100,100,0,1.0,0.9630065017930143,1.0,100,1.0,0.9630065017930143,1.0,{},0.6643083279831358,1.1188269241506894,0.07413264017165894,0.12910221270915115,100,100,0.92,0.8500189229905127,0.9589065385156194,0.92,0.8500189229905127,0.9589065385156194,92,linear,whole_base_sequence,6.616642969250534,13.592940117118966,6,245,0,1.9570489670415638,6.080849973602984,0.9469387755102041,2,True,0.0064880029991036285,0.0020137559989234434,0.0,0.00015202411857427625,1606.1296636944212,1991.7384249659685,12.495613482491581,True,True,True,45.0,45,45,40.0,40,40,5.0,5,5,39.95,39,40,39.95,39,40,6.0,6,6,33.95,33,34,0.0,0,0,0.0,0,0,0.0,0,0
informative,one_station_gap,retarded_ekf,True,14.5,100,100,0,1.0,0.9630065017930143,1.0,100,1.0,0.9630065017930143,1.0,{},0.7995860113465344,1.3504715243407024,0.07422841900361336,0.12910221270915115,100,100,0.93,0.8625048526092651,0.9656807389327273,0.93,0.8625048526092651,0.9656807389327273,93,linear,whole_base_sequence,6.603191215880351,13.592940117119007,6,5,0,1.7549459312863136,4.087444431164477,1.0,2,True,0.0003168620017822832,4.466500016860664e-05,0.0,0.00010177188071009558,3469.9129398961077,4270.3303826327,12.518057268766759,True,True,True,45.0,45,45,40.0,40,40,5.0,5,5,40.0,40,40,40.0,40,40,6.0,6,6,34.0,34,34,0.0,0,0,0.0,0,0,0.0,0,0
informative,one_station_gap,retarded_ekf,True,2.0,100,65,35,0.65,0.5525444329688796,0.7363575175690247,65,0.65,0.5525444329688796,0.7363575175690247,"{""not_initialized"": 35}",1.430381711186537,2.3808963863730868,1.2006704051416484,1.9543081185551046,65,100,0.9538461538461539,0.8728615273666118,0.9841801595864874,0.62,0.5220975529551107,0.7090240074752127,62,linear,whole_base_sequence,6.271923756877902,12.145299110377044,6,0,0,nan,nan,nan,2,True,0.03975388899823883,0.0,0.0,0.01798541940925372,83.95509041138862,94.62111772447165,1.9921621128694267,True,True,True,45.0,45,45,40.0,40,40,5.0,5,5,5.65,5,6,3.9,0,6,3.9,0,6,0.0,0,0,0.0,0,0,0.0,0,0,1.75,0,5
informative,one_station_gap,retarded_ekf,True,2.5,100,100,0,1.0,0.9630065017930143,1.0,100,1.0,0.9630065017930143,1.0,{},1.419978442021097,2.352753812630994,0.8894315972864973,1.5191051826688249,100,100,0.98,0.929988209271456,0.9944980324498376,0.98,0.929988209271456,0.9944980324498376,98,linear,whole_base_sequence,5.435581048737005,10.466231360056652,6,108,0,2.3143927149812864,6.086787232931047,0.9444444444444444,2,True,0.02324372299917741,0.0008805540003231727,0.0,0.010603676761376317,137.85885031141055,255.56364380724546,2.499678560387105,True,True,True,45.0,45,45,40.0,40,40,5.0,5,5,7.08,6,8,7.08,6,8,6.0,6,6,1.08,0,2,0.0,0,0,0.0,0,0,0.0,0,0
informative,one_station_gap,retarded_ekf,True,3.0,100,100,0,1.0,0.9630065017930143,1.0,100,1.0,0.9630065017930143,1.0,{},1.077147469875501,1.775274312754323,0.578000301591469,0.9097209094404449,100,100,0.99,0.9455138038212946,0.9982325679358593,0.99,0.9455138038212946,0.9982325679358593,99,linear,whole_base_sequence,5.355649452246695,9.974218361038966,6,192,0,1.9203227146773525,5.760146801117279,0.953125,2,True,0.0027196209991234353,0.0015741529999650083,0.0,0.006429557646267699,123.17968229130719,145.08142405862372,2.903590347337971,True,True,True,45.0,45,45,40.0,40,40,5.0,5,5,9.0,9,9,9.0,9,9,6.0,6,6,3.0,3,3,0.0,0,0,0.0,0,0,0.0,0,0
informative,one_station_gap,retarded_ekf,True,3.5,100,100,0,1.0,0.9630065017930143,1.0,100,1.0,0.9630065017930143,1.0,{},1.0520296901047566,1.7344045320542074,0.46893790712081,0.7741676802532305,100,100,0.98,0.929988209271456,0.9944980324498376,0.98,0.929988209271456,0.9944980324498376,98,linear,whole_base_sequence,5.429071484623995,9.9696311929038,6,148,0,1.961506351480708,5.630518797125479,0.9527027027027027,2,True,0.0022382370015839115,0.001209347997792065,0.0,0.004277615180052951,178.20114781544652,204.26907123035778,3.492992137391619,True,True,True,45.0,45,45,40.0,40,40,5.0,5,5,10.48,10,11,10.48,10,11,6.0,6,6,4.48,4,5,0.0,0,0,0.0,0,0,0.0,0,0
informative,one_station_gap,retarded_ekf,True,4.0,100,100,0,1.0,0.9630065017930143,1.0,100,1.0,0.9630065017930143,1.0,{},1.13039068637514,1.779432456962841,0.4310201910253078,0.6829964152568435,100,100,0.97,0.9154806357094724,0.9897454759759611,0.97,0.9154806357094724,0.9897454759759611,97,linear,whole_base_sequence,5.688498785174751,11.365920318373954,6,101,0,1.7596127877972376,4.280591800080058,0.9801980198019802,2,True,0.0015792060000239872,0.0007932500002789311,0.0,0.003013422224179816,245.36025495969662,297.2861165307859,3.993721141759229,True,True,True,45.0,45,45,40.0,40,40,5.0,5,5,11.49,11,12,11.49,11,12,6.0,6,6,5.49,5,6,0.0,0,0,0.0,0,0,0.0,0,0
informative,one_station_gap,retarded_ekf,True,4.5,100,100,0,1.0,0.9630065017930143,1.0,100,1.0,0.9630065017930143,1.0,{},1.0915154499467448,1.7476179381415873,0.3622633841194562,0.5976492066881162,100,100,0.97,0.9154806357094724,0.9897454759759611,0.97,0.9154806357094724,0.9897454759759611,97,linear,whole_base_sequence,5.75769942449595,12.311561378214646,6,146,0,1.9488270818418636,5.61272224928396,0.952054794520548,2,True,0.0023081120022106914,0.0011829840019345283,0.0,0.0022007350416164595,307.09248524411373,396.57209918214835,4.497433791065652,True,True,True,45.0,45,45,40.0,40,40,5.0,5,5,12.95,12,13,12.95,12,13,6.0,6,6,6.95,6,7,0.0,0,0,0.0,0,0,0.0,0,0
informative,one_station_gap,retarded_ekf,True,5.0,100,100,0,1.0,0.9630065017930143,1.0,100,1.0,0.9630065017930143,1.0,{},1.0908490911699689,1.926458361304393,0.3185810977135381,0.5388125280877519,100,100,0.98,0.929988209271456,0.9944980324498376,0.98,0.929988209271456,0.9944980324498376,98,linear,whole_base_sequence,5.768643904816864,11.341594787498213,6,120,0,2.0501575155634217,6.133443301290853,0.9416666666666667,2,True,0.001940733001101762,0.0009356780000962317,0.0,0.001669381579165376,423.0772272120235,565.256652952664,4.9983023419214545,True,True,True,45.0,45,45,40.0,40,40,5.0,5,5,14.15,13,15,14.15,13,15,6.0,6,6,8.15,7,9,0.0,0,0,0.0,0,0,0.0,0,0
informative,one_station_gap,retarded_ekf,True,5.5,100,100,0,1.0,0.9630065017930143,1.0,100,1.0,0.9630065017930143,1.0,{},1.1557390348483563,1.808442050157585,0.299368548550095,0.508489894214023,100,100,0.97,0.9154806357094724,0.9897454759759611,0.97,0.9154806357094724,0.9897454759759611,97,linear,whole_base_sequence,6.085210112772901,11.721880134642339,6,110,0,2.0121224282977637,5.75291551686391,0.9545454545454546,2,True,0.0019050320007954725,0.0008928080016630702,0.0,0.001298508775325241,568.9985567167013,623.4901683118784,5.499394054634216,True,True,True,45.0,45,45,40.0,40,40,5.0,5,5,15.25,15,16,15.25,15,16,6.0,6,6,9.25,9,10,0.0,0,0,0.0,0,0,0.0,0,0
informative,one_station_gap,retarded_ekf,True,6.0,100,100,0,1.0,0.9630065017930143,1.0,100,1.0,0.9630065017930143,1.0,{},1.0917604327472559,1.9157553516948473,0.2592117310999887,0.43280155982717866,100,100,0.94,0.8752318455410406,0.9722138760368118,0.94,0.8752318455410406,0.9722138760368118,94,linear,whole_base_sequence,6.038946122591856,12.832724687936464,6,148,0,1.9833893924347603,5.70820380412311,0.9662162162162162,2,True,0.0025809380007558503,0.001190957998333033,0.0,0.0010365413219817366,639.2847815272056,793.8684316368428,5.9947520597755535,True,True,True,45.0,45,45,40.0,40,40,5.0,5,5,16.73,16,17,16.73,16,17,6.0,6,6,10.73,10,11,0.0,0,0,0.0,0,0,0.0,0,0
informative,one_station_gap,retarded_ekf,True,6.5,100,100,0,1.0,0.9630065017930143,1.0,100,1.0,0.9630065017930143,1.0,{},1.1360564958450534,1.9052138824987679,0.24432927637601695,0.41462924822096947,100,100,0.93,0.8625048526092651,0.9656807389327273,0.93,0.8625048526092651,0.9656807389327273,93,linear,whole_base_sequence,6.274965744328381,15.206423626711508,6,107,0,1.9444390958503615,5.508626611964172,0.9626168224299065,2,True,0.001969745001406409,0.0008615420031128451,0.0,0.0008413477618420944,818.6108641237804,986.7196431720962,6.497660566580254,True,True,True,45.0,45,45,40.0,40,40,5.0,5,5,17.8,17,18,17.8,17,18,6.0,6,6,11.8,11,12,0.0,0,0,0.0,0,0,0.0,0,0
informative,one_station_gap,retarded_ekf,True,7.0,100,100,0,1.0,0.9630065017930143,1.0,100,1.0,0.9630065017930143,1.0,{},1.1346624332109183,1.8871636865075097,0.22374488401370168,0.3753286057531558,100,100,0.94,0.8752318455410406,0.9722138760368118,0.94,0.8752318455410406,0.9722138760368118,94,linear,whole_base_sequence,6.2590430882277905,12.763908739848379,6,120,0,1.9957390419707286,5.550571852847904,0.9583333333333334,2,True,0.0023064950009575114,0.0009947440007817931,0.0,0.0006948033977616277,1006.2676392960686,1124.7044291703346,6.915652850238421,True,True,True,45.0,45,45,40.0,40,40,5.0,5,5,19.0,19,19,19.0,19,19,6.0,6,6,13.0,13,13,0.0,0,0,0.0,0,0,0.0,0,0
informative,one_station_gap,retarded_ekf,True,7.5,100,100,0,1.0,0.9630065017930143,1.0,100,1.0,0.9630065017930143,1.0,{},0.8794984058500712,1.552543585981677,0.16478373184330897,0.2788249734376069,100,100,0.93,0.8625048526092651,0.9656807389327273,0.93,0.8625048526092651,0.9656807389327273,93,linear,whole_base_sequence,6.3662598423208365,13.590215456141026,6,237,0,1.8969429009845278,5.9411339983460465,0.9493670886075949,2,True,0.004536085997533519,0.0019499330015969464,0.0,0.0005817121734912455,576.9567480199396,1298.3645747476924,7.4995130582785885,True,True,True,45.0,45,45,40.0,40,40,5.0,5,5,21.37,20,22,21.37,20,22,6.0,6,6,15.37,14,16,0.0,0,0,0.0,0,0,0.0,0,0
informative,one_station_gap,retarded_ekf,True,8.0,100,100,0,1.0,0.9630065017930143,1.0,100,1.0,0.9630065017930143,1.0,{},0.77981043309807,1.335634559546096,0.1368620920044606,0.2400404063838047,100,100,0.95,0.8882495307680808,0.9784563208456319,0.95,0.8882495307680808,0.9784563208456319,95,linear,whole_base_sequence,6.147552711580318,12.58234556570302,6,119,0,2.1520657968284014,6.958917436669668,0.9159663865546218,2,True,0.0023564160012756476,0.0009475000019301661,0.0,0.0004922928580667109,663.2351990381959,771.4998403018999,7.999775122098295,True,True,True,45.0,45,45,40.0,40,40,5.0,5,5,22.56,22,24,22.56,22,24,6.0,6,6,16.56,16,18,0.0,0,0,0.0,0,0,0.0,0,0
informative,one_station_gap,retarded_ekf,True,8.5,100,100,0,1.0,0.9630065017930143,1.0,100,1.0,0.9630065017930143,1.0,{},0.6670768923947755,1.0930107923610104,0.11431831206926485,0.17650112216050398,100,100,0.97,0.9154806357094724,0.9897454759759611,0.97,0.9154806357094724,0.9897454759759611,97,linear,whole_base_sequence,5.996735226974629,11.247226390923307,6,238,0,2.1008989237693374,6.709239907122287,0.9369747899159664,2,True,0.004832141000078991,0.0019376329987426289,0.0,0.00042096098088255,657.6273328834684,813.4499893163279,8.493488506780311,True,True,True,45.0,45,45,40.0,40,40,5.0,5,5,24.94,24,25,24.94,24,25,6.0,6,6,18.94,18,19,0.0,0,0,0.0,0,0,0.0,0,0
informative,one_station_gap,retarded_ekf,True,9.0,100,100,0,1.0,0.9630065017930143,1.0,100,1.0,0.9630065017930143,1.0,{},0.6495818160170618,1.0863929268837307,0.1054636581960538,0.1707972125896517,100,100,0.95,0.8882495307680808,0.9784563208456319,0.95,0.8882495307680808,0.9784563208456319,95,linear,whole_base_sequence,6.1388414744874975,11.933648182336167,6,190,0,2.021662081853258,6.17568131708758,0.9421052631578948,2,True,0.004118419999431353,0.0015489490027539431,0.0,0.000362752706726333,769.6508682021016,997.8765446588053,8.999999142164,True,True,True,45.0,45,45,40.0,40,40,5.0,5,5,26.84,25,28,26.84,25,28,6.0,6,6,20.84,19,22,0.0,0,0,0.0,0,0,0.0,0,0
informative,one_station_gap,retarded_ekf,True,9.5,100,100,0,1.0,0.9630065017930143,1.0,100,1.0,0.9630065017930143,1.0,{},0.6351948252733611,1.0414406755261008,0.09800049965771412,0.16246506737210437,100,100,0.97,0.9154806357094724,0.9897454759759611,0.97,0.9154806357094724,0.9897454759759611,97,linear,whole_base_sequence,5.9657062850848686,11.983587927881038,6,145,0,2.4712593571060877,7.789712102028787,0.9103448275862069,2,True,0.003278920999437105,0.0012015620013698936,0.0,0.0003149550063997007,851.4387259805314,1086.8606911511054,9.499376430636863,True,True,True,45.0,45,45,40.0,40,40,5.0,5,5,28.29,28,29,28.29,28,29,6.0,6,6,22.29,22,23,0.0,0,0,0.0,0,0,0.0,0,0
informative,outlier_mild,causal_prefix_batch,True,0.0,100,0,100,0.0,0.0,0.03699349820698568,0,0.0,0.0,0.03699349820698568,"{""insufficient_measurements"": 100}",nan,nan,nan,nan,0,100,nan,nan,nan,0.0,0.0,0.03699349820698568,0,linear,whole_base_sequence,nan,nan,6,0,0,nan,nan,nan,2,True,4.671199974836782e-05,0.0,nan,nan,nan,nan,nan,True,True,False,45.0,45,45,45.0,45,45,0.0,0,0,0.0,0,0,0.0,0,0,0.0,0,0,0.0,0,0,0.0,0,0,0.0,0,0,0.0,0,0
informative,outlier_mild,causal_prefix_batch,True,0.5,100,0,100,0.0,0.0,0.03699349820698568,0,0.0,0.0,0.03699349820698568,"{""insufficient_measurements"": 100}",nan,nan,nan,nan,0,100,nan,nan,nan,0.0,0.0,0.03699349820698568,0,linear,whole_base_sequence,nan,nan,6,0,0,nan,nan,nan,2,True,3.538100136211142e-05,0.0,nan,nan,nan,nan,nan,True,True,False,45.0,45,45,45.0,45,45,0.0,0,0,0.0,0,0,0.0,0,0,0.0,0,0,0.0,0,0,0.0,0,0,0.0,0,0,0.0,0,0
informative,outlier_mild,causal_prefix_batch,True,1.0,100,11,89,0.11,0.06254196357064568,0.18631296503080313,11,0.11,0.06254196357064568,0.18631296503080313,"{""insufficient_measurements"": 89}",13.474028616141064,29.789407290700915,29.91819239445162,66.3420856598614,11,100,0.8181818181818182,0.523019438039156,0.9486323102539149,0.09,0.04807254000256516,0.1622621285271631,9,linear,whole_base_sequence,48.19857903538312,243.30984255815164,6,0,0,nan,nan,nan,2,True,0.0027416079986141997,0.0,0.0,0.06645535488864034,2809.4971219792806,4510.252227945805,0.9967749566603704,True,True,False,45.0,45,45,45.0,45,45,0.0,0,0,1.73,0,3,1.73,0,3,0.0,0,0,0.0,0,0,0.0,0,0,0.0,0,0,0.0,0,0
informative,outlier_mild,causal_prefix_batch,True,1.5,100,100,0,1.0,0.9630065017930143,1.0,100,1.0,0.9630065017930143,1.0,{},32.11576673200011,68.17133807636972,34.513912820592296,74.34853146535163,100,100,0.83,0.7445199523239887,0.8910643388594006,0.83,0.7445199523239887,0.8910643388594006,83,linear,whole_base_sequence,27.999652124885493,164.34791288452186,6,0,0,nan,nan,nan,2,True,0.03057565800030716,0.0,0.0,0.03520821232585027,6793.646564081865,85112.54890706715,1.4913231439540178,True,True,False,45.0,45,45,45.0,45,45,0.0,0,0,3.26,3,4,3.26,3,4,0.0,0,0,0.0,0,0,0.0,0,0,0.0,0,0,0.0,0,0
informative,outlier_mild,causal_prefix_batch,True,10.0,100,100,0,1.0,0.9630065017930143,1.0,100,1.0,0.9630065017930143,1.0,{},1.2629837216043647,2.136238705498883,0.19888464595460528,0.3545019111287477,100,100,0.31,0.22779697212376038,0.40626055719489407,0.31,0.22779697212376038,0.40626055719489407,31,linear,whole_base_sequence,34.663550896619675,94.47807186174812,6,0,0,nan,nan,nan,2,True,0.3159539949989994,0.0,0.0,0.00019812552594172567,1051.6735957677352,1284.0164902388517,9.997820068562422,True,True,False,45.0,45,45,45.0,45,45,0.0,0,0,35.66,35,36,35.66,35,36,0.0,0,0,0.0,0,0,0.0,0,0,0.0,0,0,0.0,0,0
informative,outlier_mild,causal_prefix_batch,True,10.5,100,100,0,1.0,0.9630065017930143,1.0,100,1.0,0.9630065017930143,1.0,{},1.2782090030977151,2.2548411681782583,0.18650892757072193,0.3060856838232384,100,100,0.28,0.20139685211186212,0.3748802870992116,0.28,0.20139685211186212,0.3748802870992116,28,linear,whole_base_sequence,35.05653743989658,91.8820848716337,6,0,0,nan,nan,nan,2,True,0.32718286899849774,0.0,0.0,0.00017243526588710245,1257.0518359317925,1490.303779324638,10.498689429034023,True,True,False,45.0,45,45,45.0,45,45,0.0,0,0,37.03,36,38,37.03,36,38,0.0,0,0,0.0,0,0,0.0,0,0,0.0,0,0,0.0,0,0
informative,outlier_mild,causal_prefix_batch,True,11.0,100,99,1,0.99,0.9455138038212946,0.9982325679358593,99,0.99,0.9455138038212946,0.9982325679358593,"{""projected_kkt_not_satisfied"": 1}",1.2587938838510238,2.162416408243431,0.17808454245101768,0.30795704430494375,99,100,0.30303030303030304,0.22126289634155027,0.3995126114427454,0.3,0.2189488529493276,0.3958485463334666,30,linear,whole_base_sequence,35.474070353421475,101.53879548045671,6,0,0,nan,nan,nan,2,True,0.34704093400127023,0.0,0.0,0.00015118091036164105,1394.4347046752607,1629.0921542765782,10.914528266618438,True,True,False,45.0,45,45,45.0,45,45,0.0,0,0,39.0,39,39,39.0,39,39,0.0,0,0,0.0,0,0,0.0,0,0,0.0,0,0,0.0,0,0
informative,outlier_mild,causal_prefix_batch,True,11.5,100,100,0,1.0,0.9630065017930143,1.0,100,1.0,0.9630065017930143,1.0,{},1.2910681122391021,2.246008978883918,0.17167182006434548,0.3099933588268763,100,100,0.27,0.1926958414957634,0.36432116767944994,0.27,0.1926958414957634,0.36432116767944994,27,linear,whole_base_sequence,36.99018675845404,99.98240803687831,6,0,0,nan,nan,nan,2,True,0.367075019000622,0.0,0.0,0.00013341951226539933,1580.2192545706753,1893.8908227691932,11.491029988443925,True,True,False,45.0,45,45,45.0,45,45,0.0,0,0,41.23,40,42,41.23,40,42,0.0,0,0,0.0,0,0,0.0,0,0,0.0,0,0,0.0,0,0
informative,outlier_mild,causal_prefix_batch,True,12.0,100,100,0,1.0,0.9630065017930143,1.0,100,1.0,0.9630065017930143,1.0,{},1.289879943682146,2.1830289594240493,0.16307733789328663,0.2942887631912663,100,100,0.25,0.17545211362287672,0.34304463548061603,0.25,0.17545211362287672,0.34304463548061603,25,linear,whole_base_sequence,36.5603860239113,97.79372974577272,6,0,0,nan,nan,nan,2,True,0.38065024099953004,0.0,0.0,0.00011840497063934943,1812.1090093551757,2159.982767893884,11.99510352738712,True,True,False,45.0,45,45,45.0,45,45,0.0,0,0,42.5,42,44,42.5,42,44,0.0,0,0,0.0,0,0,0.0,0,0,0.0,0,0,0.0,0,0
informative,outlier_mild,causal_prefix_batch,True,12.5,100,100,0,1.0,0.9630065017930143,1.0,100,1.0,0.9630065017930143,1.0,{},1.2310957359621064,2.239841913549335,0.1514565045909865,0.2593602246532753,100,100,0.24,0.16691325556948772,0.33232336349814473,0.24,0.16691325556948772,0.33232336349814473,24,linear,whole_base_sequence,37.24682661669169,90.98975435441889,6,0,0,nan,nan,nan,2,True,0.39412721499975306,0.0,0.0,0.00010559324578333345,1976.6406135587831,2317.3061090904157,12.495613482491581,True,True,False,45.0,45,45,45.0,45,45,0.0,0,0,44.95,44,45,44.95,44,45,0.0,0,0,0.0,0,0,0.0,0,0,0.0,0,0,0.0,0,0
informative,outlier_mild,causal_prefix_batch,True,14.5,100,100,0,1.0,0.9630065017930143,1.0,100,1.0,0.9630065017930143,1.0,{},1.502416101921566,2.7547393223560657,0.14999618620095878,0.25936022745357157,100,100,0.24,0.16691325556948772,0.33232336349814473,0.24,0.16691325556948772,0.33232336349814473,24,linear,whole_base_sequence,37.162503716433655,90.98975435769121,6,0,0,nan,nan,nan,2,True,0.3941465460002655,0.0,0.0,7.030873514830592e-05,4347.673742294099,5057.123607225812,12.518057268766759,True,True,False,45.0,45,45,45.0,45,45,0.0,0,0,45.0,45,45,45.0,45,45,0.0,0,0,0.0,0,0,0.0,0,0,0.0,0,0,0.0,0,0
informative,outlier_mild,causal_prefix_batch,True,2.0,100,100,0,1.0,0.9630065017930143,1.0,100,1.0,0.9630065017930143,1.0,{},3.786238197456822,7.646997966485502,2.859839642850534,6.097253619917888,100,100,0.74,0.6462901055081282,0.8159530153525186,0.74,0.6462901055081282,0.8159530153525186,74,linear,whole_base_sequence,31.373156174012003,186.3789639075593,6,0,0,nan,nan,nan,2,True,0.0569170760011184,0.0,0.0,0.01776436783829152,87.9990000057943,211.6019549000408,1.9921621128694267,True,True,False,45.0,45,45,45.0,45,45,0.0,0,0,5.65,5,6,5.65,5,6,0.0,0,0,0.0,0,0,0.0,0,0,0.0,0,0,0.0,0,0
informative,outlier_mild,causal_prefix_batch,True,2.5,100,100,0,1.0,0.9630065017930143,1.0,100,1.0,0.9630065017930143,1.0,{},3.859997143640178,9.439911398890915,2.263758444087217,5.387167577153313,100,100,0.69,0.5937394428051057,0.7722030278762395,0.69,0.5937394428051057,0.7722030278762395,69,linear,whole_base_sequence,32.43996789698544,167.48730902972932,6,0,0,nan,nan,nan,2,True,0.07079709399869899,0.0,0.0,0.010552088986230126,137.8253835726427,255.56364381928339,2.499678560387105,True,True,False,45.0,45,45,45.0,45,45,0.0,0,0,7.08,6,8,7.08,6,8,0.0,0,0,0.0,0,0,0.0,0,0,0.0,0,0,0.0,0,0
informative,outlier_mild,causal_prefix_batch,True,3.0,100,100,0,1.0,0.9630065017930143,1.0,100,1.0,0.9630065017930143,1.0,{},2.4394537825526905,6.017193846133724,1.2599740862404571,2.849758422322945,100,100,0.63,0.5322052958094291,0.7181763946567546,0.63,0.5322052958094291,0.7181763946567546,63,linear,whole_base_sequence,32.52216848239243,137.1062246408186,6,0,0,nan,nan,nan,2,True,0.08795045499980915,0.0,0.0,0.006433187429260497,122.3890635373913,144.11077648312005,2.903590347337971,True,True,False,45.0,45,45,45.0,45,45,0.0,0,0,9.0,9,9,9.0,9,9,0.0,0,0,0.0,0,0,0.0,0,0,0.0,0,0,0.0,0,0
informative,outlier_mild,causal_prefix_batch,True,3.5,100,100,0,1.0,0.9630065017930143,1.0,100,1.0,0.9630065017930143,1.0,{},1.892750886641416,4.5855127618362665,0.8396562800925489,1.9083945939923357,100,100,0.59,0.4920143005341078,0.6813268697886348,0.59,0.4920143005341078,0.6813268697886348,59,linear,whole_base_sequence,31.126025538052346,135.66683653500743,6,0,0,nan,nan,nan,2,True,0.10319525400205748,0.0,0.0,0.004143447907934003,140.31119196298465,206.51353369628546,3.4980329770829224,True,True,False,45.0,45,45,45.0,45,45,0.0,0,0,11.37,10,12,11.37,10,12,0.0,0,0,0.0,0,0,0.0,0,0,0.0,0,0,0.0,0,0
informative,outlier_mild,causal_prefix_batch,True,4.0,100,100,0,1.0,0.9630065017930143,1.0,100,1.0,0.9630065017930143,1.0,{},1.9276522214730913,4.24816714439379,0.7497945113068167,1.5670852347609074,100,100,0.55,0.45244602997442135,0.6438546202048803,0.55,0.45244602997442135,0.6438546202048803,55,linear,whole_base_sequence,33.96233499708038,154.8925324129795,6,0,0,nan,nan,nan,2,True,0.11652479899901663,0.0,0.0,0.0028706964119285814,172.13896520674132,235.02047696074555,3.9963018600094085,True,True,False,45.0,45,45,45.0,45,45,0.0,0,0,12.58,12,14,12.58,12,14,0.0,0,0,0.0,0,0,0.0,0,0,0.0,0,0,0.0,0,0
informative,outlier_mild,causal_prefix_batch,True,4.5,100,100,0,1.0,0.9630065017930143,1.0,100,1.0,0.9630065017930143,1.0,{},1.7782678579753954,3.8130893221583593,0.6262861899501041,1.3226855241853825,100,100,0.47,0.3751081795934127,0.5671114302990063,0.47,0.3751081795934127,0.5671114302990063,47,linear,whole_base_sequence,36.14084393426975,126.84327302939842,6,0,0,nan,nan,nan,2,True,0.13887520199961728,0.0,0.0,0.002026139215966806,175.56977002164106,258.9343705740228,4.497433791065652,True,True,False,45.0,45,45,45.0,45,45,0.0,0,0,14.95,14,15,14.95,14,15,0.0,0,0,0.0,0,0,0.0,0,0,0.0,0,0,0.0,0,0
informative,outlier_mild,causal_prefix_batch,True,5.0,100,100,0,1.0,0.9630065017930143,1.0,100,1.0,0.9630065017930143,1.0,{},1.56351433858565,2.9564648807349503,0.507692016815444,0.9641597399115417,100,100,0.49,0.3942199893044113,0.5865198806597283,0.49,0.3942199893044113,0.5865198806597283,49,linear,whole_base_sequence,31.869317512423706,112.04573594943464,6,0,0,nan,nan,nan,2,True,0.15526722499984316,0.0,0.0,0.0014912419534364235,228.47821972233476,354.7409984307173,4.9983023419214545,True,True,False,45.0,45,45,45.0,45,45,0.0,0,0,16.73,15,18,16.73,15,18,0.0,0,0,0.0,0,0,0.0,0,0,0.0,0,0,0.0,0,0
informative,outlier_mild,causal_prefix_batch,True,5.5,100,100,0,1.0,0.9630065017930143,1.0,100,1.0,0.9630065017930143,1.0,{},1.4439292856584593,2.9909282831292803,0.41393061459369695,0.7816754247168882,100,100,0.46,0.36560808309024106,0.5573513967663177,0.46,0.36560808309024106,0.5573513967663177,46,linear,whole_base_sequence,31.757132149988898,98.59041954672989,6,0,0,nan,nan,nan,2,True,0.16654936199978693,0.0,0.0,0.0011358252550150005,284.2109086243495,347.57587901979923,5.499394054634216,True,True,False,45.0,45,45,45.0,45,45,0.0,0,0,18.25,18,19,18.25,18,19,0.0,0,0,0.0,0,0,0.0,0,0,0.0,0,0,0.0,0,0
informative,outlier_mild,causal_prefix_batch,True,6.0,100,100,0,1.0,0.9630065017930143,1.0,100,1.0,0.9630065017930143,1.0,{},1.3420157291102464,2.5666196503344727,0.3551085298907897,0.672002751242399,100,100,0.41,0.3186731302113651,0.5079856994658921,0.41,0.3186731302113651,0.5079856994658921,41,linear,whole_base_sequence,32.03712563805301,91.95190705698218,6,0,0,nan,nan,nan,2,True,0.1911910860001808,0.0,0.0,0.000878698787941148,293.6112530397163,409.8394989433984,5.9947520597755535,True,True,False,45.0,45,45,45.0,45,45,0.0,0,0,20.73,20,21,20.73,20,21,0.0,0,0,0.0,0,0,0.0,0,0,0.0,0,0,0.0,0,0
informative,outlier_mild,causal_prefix_batch,True,6.5,100,100,0,1.0,0.9630065017930143,1.0,100,1.0,0.9630065017930143,1.0,{},1.4028470921307945,2.6354055854150085,0.34024157508864106,0.6782387074657585,100,100,0.37,0.28182360534324524,0.4677947041905709,0.37,0.28182360534324524,0.4677947041905709,37,linear,whole_base_sequence,34.020402743080915,97.37503412857984,6,0,0,nan,nan,nan,2,True,0.19921874099760317,0.0,0.0,0.0006949398684486185,385.3505362497492,484.4323036654652,6.497660566580254,True,True,False,45.0,45,45,45.0,45,45,0.0,0,0,22.12,21,23,22.12,21,23,0.0,0,0,0.0,0,0,0.0,0,0,0.0,0,0,0.0,0,0
informative,outlier_mild,causal_prefix_batch,True,7.0,100,100,0,1.0,0.9630065017930143,1.0,100,1.0,0.9630065017930143,1.0,{},1.2819213701524592,2.2921125827138913,0.2893397870127017,0.5284817782325356,100,100,0.37,0.28182360534324524,0.4677947041905709,0.37,0.28182360534324524,0.4677947041905709,37,linear,whole_base_sequence,32.27691136533268,87.63595294720982,6,0,0,nan,nan,nan,2,True,0.21691605100088054,0.0,0.0,0.0005583472347528646,445.6910806142913,531.7947731457875,6.915652850238421,True,True,False,45.0,45,45,45.0,45,45,0.0,0,0,24.0,24,24,24.0,24,24,0.0,0,0,0.0,0,0,0.0,0,0,0.0,0,0,0.0,0,0
informative,outlier_mild,causal_prefix_batch,True,7.5,100,100,0,1.0,0.9630065017930143,1.0,100,1.0,0.9630065017930143,1.0,{},1.2970884077812455,2.5834753423672634,0.27155941284867796,0.5086490688266059,100,100,0.38,0.29097599252478734,0.47790244704488916,0.38,0.29097599252478734,0.47790244704488916,38,linear,whole_base_sequence,33.380697321854726,88.21651763619232,6,0,0,nan,nan,nan,2,True,0.23793981999886454,0.0,0.0,0.00045613361789474097,511.23649765076436,653.3644253026844,7.4995130582785885,True,True,False,45.0,45,45,45.0,45,45,0.0,0,0,26.37,25,27,26.37,25,27,0.0,0,0,0.0,0,0,0.0,0,0,0.0,0,0,0.0,0,0
informative,outlier_mild,causal_prefix_batch,True,8.0,100,100,0,1.0,0.9630065017930143,1.0,100,1.0,0.9630065017930143,1.0,{},1.329856695822848,2.6233412771281346,0.25366423890521733,0.4781187111317735,100,100,0.37,0.28182360534324524,0.4677947041905709,0.37,0.28182360534324524,0.4677947041905709,37,linear,whole_base_sequence,34.41465139410528,117.24517990837397,6,0,0,nan,nan,nan,2,True,0.2504150319992914,0.0,0.0,0.0003776875746215734,630.1210625174245,747.6518311015075,7.999775122098295,True,True,False,45.0,45,45,45.0,45,45,0.0,0,0,27.56,27,29,27.56,27,29,0.0,0,0,0.0,0,0,0.0,0,0,0.0,0,0,0.0,0,0
informative,outlier_mild,causal_prefix_batch,True,8.5,100,100,0,1.0,0.9630065017930143,1.0,100,1.0,0.9630065017930143,1.0,{},1.2943860303945314,2.602778142743786,0.24321863288208104,0.4854227886331659,100,100,0.35,0.26364248243097527,0.44745556703112027,0.35,0.26364248243097527,0.44745556703112027,35,linear,whole_base_sequence,34.620895463431594,109.59228796841073,6,0,0,nan,nan,nan,2,True,0.26715523099905114,0.0,0.0,0.00031653129243414916,686.3769376892446,799.376298286324,8.493488506780311,True,True,False,45.0,45,45,45.0,45,45,0.0,0,0,29.94,29,30,29.94,29,30,0.0,0,0,0.0,0,0,0.0,0,0,0.0,0,0,0.0,0,0
informative,outlier_mild,causal_prefix_batch,True,9.0,100,100,0,1.0,0.9630065017930143,1.0,100,1.0,0.9630065017930143,1.0,{},1.2509008967856097,2.2389153373297144,0.21954607856998065,0.3988095963179008,100,100,0.34,0.25461520797348164,0.43722271145275377,0.34,0.25461520797348164,0.43722271145275377,34,linear,whole_base_sequence,33.655672249036336,100.89201351443945,6,0,0,nan,nan,nan,2,True,0.28115454100014176,0.0,0.0,0.000268298673200573,814.951159871997,1021.9171680591919,8.999999142164,True,True,False,45.0,45,45,45.0,45,45,0.0,0,0,31.84,30,33,31.84,30,33,0.0,0,0,0.0,0,0,0.0,0,0,0.0,0,0,0.0,0,0
informative,outlier_mild,causal_prefix_batch,True,9.5,100,100,0,1.0,0.9630065017930143,1.0,100,1.0,0.9630065017930143,1.0,{},1.2750636390751775,2.2516431690719907,0.2113905970809145,0.3655063964929351,100,100,0.3,0.2189488529493276,0.3958485463334666,0.3,0.2189488529493276,0.3958485463334666,30,linear,whole_base_sequence,34.87507082438662,102.40803897951238,6,0,0,nan,nan,nan,2,True,0.2928618189992267,0.0,0.0,0.00022965263317414704,939.2904935330605,1128.9686660155346,9.499376430636863,True,True,False,45.0,45,45,45.0,45,45,0.0,0,0,33.29,33,34,33.29,33,34,0.0,0,0,0.0,0,0,0.0,0,0,0.0,0,0,0.0,0,0
informative,outlier_mild,initial_batch_no_updates,True,0.0,100,0,100,0.0,0.0,0.03699349820698568,0,0.0,0.0,0.03699349820698568,"{""not_initialized"": 100}",nan,nan,nan,nan,0,100,nan,nan,nan,0.0,0.0,0.03699349820698568,0,linear,whole_base_sequence,nan,nan,6,0,0,nan,nan,nan,2,True,2.4739987566135823e-06,0.0,nan,nan,nan,nan,nan,True,True,False,45.0,45,45,45.0,45,45,0.0,0,0,0.0,0,0,0.0,0,0,0.0,0,0,0.0,0,0,0.0,0,0,0.0,0,0,0.0,0,0
informative,outlier_mild,initial_batch_no_updates,True,0.5,100,0,100,0.0,0.0,0.03699349820698568,0,0.0,0.0,0.03699349820698568,"{""not_initialized"": 100}",nan,nan,nan,nan,0,100,nan,nan,nan,0.0,0.0,0.03699349820698568,0,linear,whole_base_sequence,nan,nan,6,0,0,nan,nan,nan,2,True,1.991000899579376e-06,0.0,nan,nan,nan,nan,nan,True,True,False,45.0,45,45,45.0,45,45,0.0,0,0,0.0,0,0,0.0,0,0,0.0,0,0,0.0,0,0,0.0,0,0,0.0,0,0,0.0,0,0
informative,outlier_mild,initial_batch_no_updates,True,1.0,100,0,100,0.0,0.0,0.03699349820698568,0,0.0,0.0,0.03699349820698568,"{""not_initialized"": 100}",nan,nan,nan,nan,0,100,nan,nan,nan,0.0,0.0,0.03699349820698568,0,linear,whole_base_sequence,nan,nan,6,0,0,nan,nan,nan,2,True,2.1840009139850735e-06,0.0,nan,nan,nan,nan,0.9967749566603704,True,True,False,45.0,45,45,45.0,45,45,0.0,0,0,1.73,0,3,0.0,0,0,0.0,0,0,0.0,0,0,0.0,0,0,0.0,0,0,1.73,0,3
informative,outlier_mild,initial_batch_no_updates,True,1.5,100,0,100,0.0,0.0,0.03699349820698568,0,0.0,0.0,0.03699349820698568,"{""not_initialized"": 100}",nan,nan,nan,nan,0,100,nan,nan,nan,0.0,0.0,0.03699349820698568,0,linear,whole_base_sequence,nan,nan,6,0,0,nan,nan,nan,2,True,3.238999343011528e-06,0.0,nan,nan,nan,nan,1.4913231439540178,True,True,False,45.0,45,45,45.0,45,45,0.0,0,0,3.26,3,4,0.0,0,0,0.0,0,0,0.0,0,0,0.0,0,0,0.0,0,0,3.26,3,4
informative,outlier_mild,initial_batch_no_updates,True,10.0,100,100,0,1.0,0.9630065017930143,1.0,100,1.0,0.9630065017930143,1.0,{},24.07221323310412,52.32591241462335,2.6101698944673486,5.530881751727998,100,100,0.73,0.6356788323205499,0.8073041585042365,0.73,0.6356788323205499,0.8073041585042365,73,linear,whole_base_sequence,31.82380654898377,161.92881148916524,6,0,0,nan,nan,nan,2,True,0.0001399420006782748,0.0,0.0,0.0004537135188895968,118398.44753470979,137835.50914665163,9.997820068562422,True,True,False,45.0,45,45,45.0,45,45,0.0,0,0,35.66,35,36,6.0,6,6,6.0,6,6,0.0,0,0,0.0,0,0,0.0,0,0,29.66,29,30
informative,outlier_mild,initial_batch_no_updates,True,10.5,100,100,0,1.0,0.9630065017930143,1.0,100,1.0,0.9630065017930143,1.0,{},25.376012712737893,55.09072703105541,2.6101698944673486,5.530881751727998,100,100,0.73,0.6356788323205499,0.8073041585042365,0.73,0.6356788323205499,0.8073041585042365,73,linear,whole_base_sequence,31.82380654898342,161.92881148916592,6,0,0,nan,nan,nan,2,True,0.00014228300016839058,0.0,0.0,0.00040783678777194443,146370.8133892321,170346.39713991954,10.498689429034023,True,True,False,45.0,45,45,45.0,45,45,0.0,0,0,37.03,36,38,6.0,6,6,6.0,6,6,0.0,0,0,0.0,0,0,0.0,0,0,31.03,30,32
informative,outlier_mild,initial_batch_no_updates,True,11.0,100,100,0,1.0,0.9630065017930143,1.0,100,1.0,0.9630065017930143,1.0,{},26.679937891476232,57.85554371049202,2.6101698944673486,5.530881751727998,100,100,0.73,0.6356788323205499,0.8073041585042365,0.73,0.6356788323205499,0.8073041585042365,73,linear,whole_base_sequence,31.823806548983285,161.92881148915237,6,0,0,nan,nan,nan,2,True,0.0001400700001977384,0.0,0.0,0.00036855790363697334,179071.21445124704,208322.0841304347,10.914528266618438,True,True,False,45.0,45,45,45.0,45,45,0.0,0,0,39.0,39,39,6.0,6,6,6.0,6,6,0.0,0,0,0.0,0,0,0.0,0,0,33.0,33,33
informative,outlier_mild,initial_batch_no_updates,True,11.5,100,100,0,1.0,0.9630065017930143,1.0,100,1.0,0.9630065017930143,1.0,{},27.983971198313064,60.620362149974284,2.6101698944673486,5.530881751727998,100,100,0.73,0.6356788323205499,0.8073041585042365,0.73,0.6356788323205499,0.8073041585042365,73,linear,whole_base_sequence,31.823806548983644,161.92881148915217,6,0,0,nan,nan,nan,2,True,0.00014094400219619274,0.0,0.0,0.0003346738222134773,216993.33686356188,252345.72315672823,11.491029988443925,True,True,False,45.0,45,45,45.0,45,45,0.0,0,0,41.23,40,42,6.0,6,6,6.0,6,6,0.0,0,0,0.0,0,0,0.0,0,0,35.23,34,36
informative,outlier_mild,initial_batch_no_updates,True,12.0,100,100,0,1.0,0.9630065017930143,1.0,100,1.0,0.9630065017930143,1.0,{},29.28809819025457,63.38518210311048,2.6101698944673486,5.530881751727998,100,100,0.73,0.6356788323205499,0.8073041585042365,0.73,0.6356788323205499,0.8073041585042365,73,linear,whole_base_sequence,31.82380654898376,161.92881148917743,6,0,0,nan,nan,nan,2,True,0.0001386619999539107,0.0,0.0,0.00030524289332816486,260644.82839225914,303030.15733115707,11.99510352738712,True,True,False,45.0,45,45,45.0,45,45,0.0,0,0,42.5,42,44,6.0,6,6,6.0,6,6,0.0,0,0,0.0,0,0,0.0,0,0,36.5,36,38
informative,outlier_mild,initial_batch_no_updates,True,12.5,100,100,0,1.0,0.9630065017930143,1.0,100,1.0,0.9630065017930143,1.0,{},30.592306886126817,66.15000336745963,2.6101698944673486,5.530881751727998,100,100,0.73,0.6356788323205499,0.8073041585042365,0.73,0.6356788323205499,0.8073041585042365,73,linear,whole_base_sequence,31.823806548983576,161.9288114891638,6,0,0,nan,nan,nan,2,True,0.0001429759996244684,0.0,0.0,0.00027951974291404093,310582.41968111845,361017.91981102404,12.495613482491581,True,True,False,45.0,45,45,45.0,45,45,0.0,0,0,44.95,44,45,6.0,6,6,6.0,6,6,0.0,0,0,0.0,0,0,0.0,0,0,38.95,38,39
informative,outlier_mild,initial_batch_no_updates,True,14.5,100,100,0,1.0,0.9630065017930143,1.0,100,1.0,0.9630065017930143,1.0,{},35.80978015929111,77.20929856065041,2.6101698944673486,5.530881751727998,100,100,0.73,0.6356788323205499,0.8073041585042365,0.73,0.6356788323205499,0.8073041585042365,73,linear,whole_base_sequence,31.82380654898352,161.92881148915532,6,0,0,nan,nan,nan,2,True,0.00013986699981614946,0.0,0.0,0.00020335934782082543,585283.0193601414,679892.0687653986,12.518057268766759,True,True,False,45.0,45,45,45.0,45,45,0.0,0,0,45.0,45,45,6.0,6,6,6.0,6,6,0.0,0,0,0.0,0,0,0.0,0,0,39.0,39,39
informative,outlier_mild,initial_batch_no_updates,True,2.0,100,65,35,0.65,0.5525444329688796,0.7363575175690247,65,0.65,0.5525444329688796,0.7363575175690247,"{""not_initialized"": 35}",3.695777113175862,8.163257500951875,2.8134455796245206,5.969438788260436,65,100,0.7076923076923077,0.5880396276349971,0.8041658901232009,0.46,0.36560808309024106,0.5573513967663177,46,linear,whole_base_sequence,36.12917769747558,206.39230009912703,6,0,0,nan,nan,nan,2,True,8.956599951488897e-05,0.0,0.0,0.017764367838291887,83.95509041138862,97.66928601738286,1.9921621128694267,True,True,False,45.0,45,45,45.0,45,45,0.0,0,0,5.65,5,6,3.9,0,6,3.9,0,6,0.0,0,0,0.0,0,0,0.0,0,0,1.75,0,5
informative,outlier_mild,initial_batch_no_updates,True,2.5,100,100,0,1.0,0.9630065017930143,1.0,100,1.0,0.9630065017930143,1.0,{},4.603487130863054,10.293052269333328,2.6101698944673486,5.530881751727998,100,100,0.73,0.6356788323205499,0.8073041585042365,0.73,0.6356788323205499,0.8073041585042365,73,linear,whole_base_sequence,31.82380654898356,161.92881148916294,6,0,0,nan,nan,nan,2,True,0.00013299299927894026,0.0,0.0,0.011016848749872209,216.23461820254113,255.56364380724546,2.499678560387105,True,True,False,45.0,45,45,45.0,45,45,0.0,0,0,7.08,6,8,6.0,6,6,6.0,6,6,0.0,0,0,0.0,0,0,0.0,0,0,1.08,0,2
informative,outlier_mild,initial_batch_no_updates,True,3.0,100,100,0,1.0,0.9630065017930143,1.0,100,1.0,0.9630065017930143,1.0,{},5.879223029971414,13.040330190608596,2.6101698944673486,5.530881751727998,100,100,0.73,0.6356788323205499,0.8073041585042365,0.73,0.6356788323205499,0.8073041585042365,73,linear,whole_base_sequence,31.823806548983562,161.92881148916373,6,0,0,nan,nan,nan,2,True,0.0001359960006084293,0.0,0.0,0.007231306169169987,495.18387834633506,583.6108290820773,2.903590347337971,True,True,False,45.0,45,45,45.0,45,45,0.0,0,0,9.0,9,9,6.0,6,6,6.0,6,6,0.0,0,0,0.0,0,0,0.0,0,0,3.0,3,3
informative,outlier_mild,initial_batch_no_updates,True,3.5,100,100,0,1.0,0.9630065017930143,1.0,100,1.0,0.9630065017930143,1.0,{},7.165537422082353,15.788834364746258,2.6101698944673486,5.530881751727998,100,100,0.73,0.6356788323205499,0.8073041585042365,0.73,0.6356788323205499,0.8073041585042365,73,linear,whole_base_sequence,31.823806548983562,161.92881148916243,6,0,0,nan,nan,nan,2,True,0.00013425900135189295,0.0,0.0,0.005024907619307243,1013.7164146786384,1191.9543184155025,3.4980329770829224,True,True,False,45.0,45,45,45.0,45,45,0.0,0,0,11.37,10,12,6.0,6,6,6.0,6,6,0.0,0,0,0.0,0,0,0.0,0,0,5.37,4,6
informative,outlier_mild,initial_batch_no_updates,True,4.0,100,100,0,1.0,0.9630065017930143,1.0,100,1.0,0.9630065017930143,1.0,{},8.457605045009538,18.53801821638741,2.6101698944673486,5.530881751727998,100,100,0.73,0.6356788323205499,0.8073041585042365,0.73,0.6356788323205499,0.8073041585042365,73,linear,whole_base_sequence,31.82380654898357,161.9288114891645,6,0,0,nan,nan,nan,2,True,0.0001377770013641566,0.0,0.0,0.003662734790905344,1890.1867037844718,2218.405709510712,3.9963018600094085,True,True,False,45.0,45,45,45.0,45,45,0.0,0,0,12.58,12,14,6.0,6,6,6.0,6,6,0.0,0,0,0.0,0,0,0.0,0,0,6.58,6,8
informative,outlier_mild,initial_batch_no_updates,True,4.5,100,100,0,1.0,0.9630065017930143,1.0,100,1.0,0.9630065017930143,1.0,{},9.75313965277186,21.2876179269426,2.6101698944673486,5.530881751727998,100,100,0.73,0.6356788323205499,0.8073041585042365,0.73,0.6356788323205499,0.8073041585042365,73,linear,whole_base_sequence,31.82380654898356,161.92881148916254,6,0,0,nan,nan,nan,2,True,0.00013979900075355544,0.0,0.0,0.0027749601733785432,3268.553966728409,3830.4604276321156,4.497433791065652,True,True,False,45.0,45,45,45.0,45,45,0.0,0,0,14.95,14,15,6.0,6,6,6.0,6,6,0.0,0,0,0.0,0,0,0.0,0,0,8.95,8,9
informative,outlier_mild,initial_batch_no_updates,True,5.0,100,100,0,1.0,0.9630065017930143,1.0,100,1.0,0.9630065017930143,1.0,{},11.05092197577029,24.037490553111283,2.6101698944673486,5.530881751727998,100,100,0.73,0.6356788323205499,0.8073041585042365,0.73,0.6356788323205499,0.8073041585042365,73,linear,whole_base_sequence,31.823806548983516,161.92881148916143,6,0,0,nan,nan,nan,2,True,0.00014024399919435382,0.0,0.0,0.002168878060457891,5318.3858013811605,6225.301905593962,4.9983023419214545,True,True,False,45.0,45,45,45.0,45,45,0.0,0,0,16.73,15,18,6.0,6,6,6.0,6,6,0.0,0,0,0.0,0,0,0.0,0,0,10.73,9,12
informative,outlier_mild,initial_batch_no_updates,True,5.5,100,100,0,1.0,0.9630065017930143,1.0,100,1.0,0.9630065017930143,1.0,{},12.350243454347224,26.787551921651865,2.6101698944673486,5.530881751727998,100,100,0.73,0.6356788323205499,0.8073041585042365,0.73,0.6356788323205499,0.8073041585042365,73,linear,whole_base_sequence,31.823806548983477,161.9288114891613,6,0,0,nan,nan,nan,2,True,0.00013552999909734352,0.0,0.0,0.001738708423159801,8234.859317800558,9629.80290244486,5.499394054634216,True,True,False,45.0,45,45,45.0,45,45,0.0,0,0,18.25,18,19,6.0,6,6,6.0,6,6,0.0,0,0,0.0,0,0,0.0,0,0,12.25,12,13
informative,outlier_mild,initial_batch_no_updates,True,6.0,100,100,0,1.0,0.9630065017930143,1.0,100,1.0,0.9630065017930143,1.0,{},13.65066458776722,29.537749243750547,2.6101698944673486,5.530881751727998,100,100,0.73,0.6356788323205499,0.8073041585042365,0.73,0.6356788323205499,0.8073041585042365,73,linear,whole_base_sequence,31.823806548983477,161.9288114891644,6,0,0,nan,nan,nan,2,True,0.00013720900169573725,0.0,0.0,0.0014233096434363378,12238.761524615185,14300.525953515576,5.9947520597755535,True,True,False,45.0,45,45,45.0,45,45,0.0,0,0,20.73,20,21,6.0,6,6,6.0,6,6,0.0,0,0,0.0,0,0,0.0,0,0,14.73,14,15
informative,outlier_mild,initial_batch_no_updates,True,6.5,100,100,0,1.0,0.9630065017930143,1.0,100,1.0,0.9630065017930143,1.0,{},14.951898455807859,32.28804773607296,2.6101698944673486,5.530881751727998,100,100,0.73,0.6356788323205499,0.8073041585042365,0.73,0.6356788323205499,0.8073041585042365,73,linear,whole_base_sequence,31.823806548983463,161.92881148916555,6,0,0,nan,nan,nan,2,True,0.00014012999774422495,0.0,0.0,0.0011856531528121584,17576.789727871284,20523.72353814715,6.497660566580254,True,True,False,45.0,45,45,45.0,45,45,0.0,0,0,22.12,21,23,6.0,6,6,6.0,6,6,0.0,0,0,0.0,0,0,0.0,0,0,16.12,15,17
informative,outlier_mild,initial_batch_no_updates,True,7.0,100,100,0,1.0,0.9630065017930143,1.0,100,1.0,0.9630065017930143,1.0,{},16.253749863242287,35.03842354770148,2.6101698944673486,5.530881751727998,100,100,0.73,0.6356788323205499,0.8073041585042365,0.73,0.6356788323205499,0.8073041585042365,73,linear,whole_base_sequence,31.823806548983494,161.92881148917033,6,0,0,nan,nan,nan,2,True,0.00013838000042596833,0.0,0.0,0.0010023757968165277,24523.601590591632,28615.33814711198,6.915652850238421,True,True,False,45.0,45,45,45.0,45,45,0.0,0,0,24.0,24,24,6.0,6,6,6.0,6,6,0.0,0,0,0.0,0,0,0.0,0,0,18.0,18,18
informative,outlier_mild,initial_batch_no_updates,True,7.5,100,100,0,1.0,0.9630065017930143,1.0,100,1.0,0.9630065017930143,1.0,{},17.556081431797352,37.788859778205754,2.6101698944673486,5.530881751727998,100,100,0.73,0.6356788323205499,0.8073041585042365,0.73,0.6356788323205499,0.8073041585042365,73,linear,whole_base_sequence,31.82380654898366,161.92881148916052,6,0,0,nan,nan,nan,2,True,0.00014201500045601278,0.0,0.0,0.0008582010139906347,33375.58228568724,38921.0023123443,7.4995130582785885,True,True,False,45.0,45,45,45.0,45,45,0.0,0,0,26.37,25,27,6.0,6,6,6.0,6,6,0.0,0,0,0.0,0,0,0.0,0,0,20.37,19,21
informative,outlier_mild,initial_batch_no_updates,True,8.0,100,100,0,1.0,0.9630065017930143,1.0,100,1.0,0.9630065017930143,1.0,{},18.858793686287115,40.613010926048844,2.6101698944673486,5.530881751727998,100,100,0.73,0.6356788323205499,0.8073041585042365,0.73,0.6356788323205499,0.8073041585042365,73,linear,whole_base_sequence,31.82380654898368,161.92881148916828,6,0,0,nan,nan,nan,2,True,0.00013936800183728338,0.0,0.0,0.0007428243847501497,44454.40239403104,51816.03861891508,7.999775122098295,True,True,False,45.0,45,45,45.0,45,45,0.0,0,0,27.56,27,29,6.0,6,6,6.0,6,6,0.0,0,0,0.0,0,0,0.0,0,0,21.56,21,23
informative,outlier_mild,initial_batch_no_updates,True,8.5,100,100,0,1.0,0.9630065017930143,1.0,100,1.0,0.9630065017930143,1.0,{},20.16181283523328,43.640961783878566,2.6101698944673486,5.530881751727998,100,100,0.73,0.6356788323205499,0.8073041585042365,0.73,0.6356788323205499,0.8073041585042365,73,linear,whole_base_sequence,31.823806548983704,161.92881148916092,6,0,0,nan,nan,nan,2,True,0.00013701800053240732,0.0,0.0,0.0006491037424049596,58101.53270004461,67705.45971324288,8.493488506780311,True,True,False,45.0,45,45,45.0,45,45,0.0,0,0,29.94,29,30,6.0,6,6,6.0,6,6,0.0,0,0,0.0,0,0,0.0,0,0,23.94,23,24
informative,outlier_mild,initial_batch_no_updates,True,9.0,100,100,0,1.0,0.9630065017930143,1.0,100,1.0,0.9630065017930143,1.0,{},21.46508298942737,46.668989894064424,2.6101698944673486,5.530881751727998,100,100,0.73,0.6356788323205499,0.8073041585042365,0.73,0.6356788323205499,0.8073041585042365,73,linear,whole_base_sequence,31.823806548983615,161.92881148916874,6,0,0,nan,nan,nan,2,True,0.00014101400069193914,0.0,0.0,0.0005719690004163554,74696.8980469479,87023.96830441226,8.999999142164,True,True,False,45.0,45,45,45.0,45,45,0.0,0,0,31.84,30,33,6.0,6,6,6.0,6,6,0.0,0,0,0.0,0,0,0.0,0,0,25.84,24,27
informative,outlier_mild,initial_batch_no_updates,True,9.5,100,100,0,1.0,0.9630065017930143,1.0,100,1.0,0.9630065017930143,1.0,{},22.768561046364407,49.56110023795094,2.6101698944673486,5.530881751727998,100,100,0.73,0.6356788323205499,0.8073041585042365,0.73,0.6356788323205499,0.8073041585042365,73,linear,whole_base_sequence,31.823806548983697,161.9288114891591,6,0,0,nan,nan,nan,2,True,0.00013622199941892176,0.0,0.0,0.0005077441695031193,94657.75904457964,110235.95716849684,9.499376430636863,True,True,False,45.0,45,45,45.0,45,45,0.0,0,0,33.29,33,34,6.0,6,6,6.0,6,6,0.0,0,0,0.0,0,0,0.0,0,0,27.29,27,28
informative,outlier_mild,offline_full_record_noncausal,False,14.5,100,100,0,1.0,0.9630065017930143,1.0,100,1.0,0.9630065017930143,1.0,{},1.502416101921566,2.7547393223560657,0.14999618620095878,0.25936022745357157,100,100,0.24,0.16691325556948772,0.33232336349814473,0.24,0.16691325556948772,0.33232336349814473,24,linear,whole_base_sequence,37.162503716433655,90.98975435769121,6,0,0,nan,nan,nan,2,True,0.3928032099994016,0.0,0.0,7.030873514830592e-05,4347.673742294099,5057.123607225812,12.518057268766759,True,True,False,45.0,45,45,45.0,45,45,0.0,0,0,45.0,45,45,45.0,45,45,0.0,0,0,0.0,0,0,0.0,0,0,0.0,0,0,0.0,0,0
informative,outlier_mild,retarded_ekf,True,0.0,100,0,100,0.0,0.0,0.03699349820698568,0,0.0,0.0,0.03699349820698568,"{""not_initialized"": 100}",nan,nan,nan,nan,0,100,nan,nan,nan,0.0,0.0,0.03699349820698568,0,linear,whole_base_sequence,nan,nan,6,0,0,nan,nan,nan,2,True,2.515400032280013e-05,0.0,nan,nan,nan,nan,nan,True,True,False,45.0,45,45,45.0,45,45,0.0,0,0,0.0,0,0,0.0,0,0,0.0,0,0,0.0,0,0,0.0,0,0,0.0,0,0,0.0,0,0
informative,outlier_mild,retarded_ekf,True,0.5,100,0,100,0.0,0.0,0.03699349820698568,0,0.0,0.0,0.03699349820698568,"{""not_initialized"": 100}",nan,nan,nan,nan,0,100,nan,nan,nan,0.0,0.0,0.03699349820698568,0,linear,whole_base_sequence,nan,nan,6,0,0,nan,nan,nan,2,True,1.3861999032087623e-05,0.0,nan,nan,nan,nan,nan,True,True,False,45.0,45,45,45.0,45,45,0.0,0,0,0.0,0,0,0.0,0,0,0.0,0,0,0.0,0,0,0.0,0,0,0.0,0,0,0.0,0,0
informative,outlier_mild,retarded_ekf,True,1.0,100,0,100,0.0,0.0,0.03699349820698568,0,0.0,0.0,0.03699349820698568,"{""not_initialized"": 100}",nan,nan,nan,nan,0,100,nan,nan,nan,0.0,0.0,0.03699349820698568,0,linear,whole_base_sequence,nan,nan,6,0,0,nan,nan,nan,2,True,0.0001714369995170273,0.0,nan,nan,nan,nan,0.9967749566603704,True,True,False,45.0,45,45,45.0,45,45,0.0,0,0,1.73,0,3,0.0,0,0,0.0,0,0,0.0,0,0,0.0,0,0,0.0,0,0,1.73,0,3
informative,outlier_mild,retarded_ekf,True,1.5,100,0,100,0.0,0.0,0.03699349820698568,0,0.0,0.0,0.03699349820698568,"{""not_initialized"": 100}",nan,nan,nan,nan,0,100,nan,nan,nan,0.0,0.0,0.03699349820698568,0,linear,whole_base_sequence,nan,nan,6,0,0,nan,nan,nan,2,True,0.00022958000103244557,0.0,nan,nan,nan,nan,1.4913231439540178,True,True,False,45.0,45,45,45.0,45,45,0.0,0,0,3.26,3,4,0.0,0,0,0.0,0,0,0.0,0,0,0.0,0,0,0.0,0,0,3.26,3,4
informative,outlier_mild,retarded_ekf,True,10.0,100,100,0,1.0,0.9630065017930143,1.0,100,1.0,0.9630065017930143,1.0,{},1.2512844504901608,2.1628160343634346,0.19650661130883368,0.3475192861721691,100,100,0.31,0.22779697212376038,0.40626055719489407,0.31,0.22779697212376038,0.40626055719489407,31,linear,whole_base_sequence,34.09603509522322,94.39750295212862,6,237,0,8.230235478164472,19.784797622224183,0.8396624472573839,2,True,0.005645421000663191,0.0018587400027900002,0.0,0.00019722976529592753,1049.7908952692565,1279.3545719910899,9.997820068562422,True,True,False,45.0,45,45,45.0,45,45,0.0,0,0,35.66,35,36,35.66,35,36,6.0,6,6,29.66,29,30,0.0,0,0,0.0,0,0,0.0,0,0
informative,outlier_mild,retarded_ekf,True,10.5,100,100,0,1.0,0.9630065017930143,1.0,100,1.0,0.9630065017930143,1.0,{},1.2703114049656592,2.1253789238403282,0.18526625943124078,0.30747822931951885,100,100,0.28,0.20139685211186212,0.3748802870992116,0.28,0.20139685211186212,0.3748802870992116,28,linear,whole_base_sequence,34.56654003458212,89.89781472997747,6,137,0,13.020961100360687,108.46779419183873,0.8248175182481752,2,True,0.0035614320018794387,0.0011179549994994886,0.0,0.0001716285082827651,1263.8464707906437,1468.468225785194,10.498689429034023,True,True,False,45.0,45,45,45.0,45,45,0.0,0,0,37.03,36,38,37.03,36,38,6.0,6,6,31.03,30,32,0.0,0,0,0.0,0,0,0.0,0,0
informative,outlier_mild,retarded_ekf,True,11.0,100,100,0,1.0,0.9630065017930143,1.0,100,1.0,0.9630065017930143,1.0,{},1.2502198960157938,2.157901824276959,0.17779669357565478,0.3040705796032307,100,100,0.28,0.20139685211186212,0.3748802870992116,0.28,0.20139685211186212,0.3748802870992116,28,linear,whole_base_sequence,35.490280106644875,90.50356678712961,6,197,0,16.187746171572172,141.94653644266702,0.8223350253807107,2,True,0.00511102799908258,0.001577796998026315,0.0,0.00015040121042279528,1389.9269742682293,1634.0137402504527,10.914528266618438,True,True,False,45.0,45,45,45.0,45,45,0.0,0,0,39.0,39,39,39.0,39,39,6.0,6,6,33.0,33,33,0.0,0,0,0.0,0,0,0.0,0,0
informative,outlier_mild,retarded_ekf,True,11.5,100,100,0,1.0,0.9630065017930143,1.0,100,1.0,0.9630065017930143,1.0,{},1.283345025420181,2.2451741426574374,0.17062357700765257,0.3101564736440365,100,100,0.27,0.1926958414957634,0.36432116767944994,0.27,0.1926958414957634,0.36432116767944994,27,linear,whole_base_sequence,36.58060019372362,96.26434482829052,6,223,0,14.433349922993273,148.59858918878572,0.8340807174887892,2,True,0.005950888000370469,0.001788960004632827,0.0,0.0001326974903096049,1587.8577677947392,1917.1091189831438,11.491029988443925,True,True,False,45.0,45,45,45.0,45,45,0.0,0,0,41.23,40,42,41.23,40,42,6.0,6,6,35.23,34,36,0.0,0,0,0.0,0,0,0.0,0,0
informative,outlier_mild,retarded_ekf,True,12.0,100,100,0,1.0,0.9630065017930143,1.0,100,1.0,0.9630065017930143,1.0,{},1.2815652700955735,2.185584103909694,0.1620481991221646,0.2842516382495872,100,100,0.26,0.18404698464748132,0.3537098944918718,0.26,0.18404698464748132,0.3537098944918718,26,linear,whole_base_sequence,36.13843075221165,95.76791286910382,6,127,0,10.846218069238507,16.974625338387554,0.8188976377952756,2,True,0.003652938001905568,0.001051536999293603,0.0,0.0001177833945514745,1833.9449072045222,2170.993313096654,11.99510352738712,True,True,False,45.0,45,45,45.0,45,45,0.0,0,0,42.5,42,44,42.5,42,44,6.0,6,6,36.5,36,38,0.0,0,0,0.0,0,0,0.0,0,0
informative,outlier_mild,retarded_ekf,True,12.5,100,100,0,1.0,0.9630065017930143,1.0,100,1.0,0.9630065017930143,1.0,{},1.2244850380990704,2.2922590667229956,0.15052796267041407,0.2699910053339577,100,100,0.25,0.17545211362287672,0.34304463548061603,0.25,0.17545211362287672,0.34304463548061603,25,linear,whole_base_sequence,36.84171289633483,88.49783235865796,6,245,0,10.500613369888379,67.8114643322133,0.8367346938775511,2,True,0.006694640000641811,0.001930170000414364,0.0,0.00010512629213388588,1985.699495874399,2305.2054278645574,12.495613482491581,True,True,False,45.0,45,45,45.0,45,45,0.0,0,0,44.95,44,45,44.95,44,45,6.0,6,6,38.95,38,39,0.0,0,0,0.0,0,0,0.0,0,0
informative,outlier_mild,retarded_ekf,True,14.5,100,100,0,1.0,0.9630065017930143,1.0,100,1.0,0.9630065017930143,1.0,{},1.4959538170150553,2.810320828826976,0.1491654779644408,0.2699910053339577,100,100,0.25,0.17545211362287672,0.34304463548061603,0.25,0.17545211362287672,0.34304463548061603,25,linear,whole_base_sequence,36.77106384191627,88.49783235865709,6,5,0,61.7253291600429,244.60767883963717,0.8,2,True,0.0003275059987208806,4.0179999778047205e-05,0.0,7.00143721470221e-05,4339.815482970451,4985.998174592734,12.518057268766759,True,True,False,45.0,45,45,45.0,45,45,0.0,0,0,45.0,45,45,45.0,45,45,6.0,6,6,39.0,39,39,0.0,0,0,0.0,0,0,0.0,0,0
informative,outlier_mild,retarded_ekf,True,2.0,100,65,35,0.65,0.5525444329688796,0.7363575175690247,65,0.65,0.5525444329688796,0.7363575175690247,"{""not_initialized"": 35}",3.695777113175862,8.163257500951875,2.8134455796245206,5.969438788260436,65,100,0.7076923076923077,0.5880396276349971,0.8041658901232009,0.46,0.36560808309024106,0.5573513967663177,46,linear,whole_base_sequence,36.12917769747558,206.39230009912703,6,0,0,nan,nan,nan,2,True,0.039890782999864316,0.0,0.0,0.017764367838291887,83.95509041138862,97.66928601738286,1.9921621128694267,True,True,False,45.0,45,45,45.0,45,45,0.0,0,0,5.65,5,6,3.9,0,6,3.9,0,6,0.0,0,0,0.0,0,0,0.0,0,0,1.75,0,5
informative,outlier_mild,retarded_ekf,True,2.5,100,100,0,1.0,0.9630065017930143,1.0,100,1.0,0.9630065017930143,1.0,{},3.860650015722829,9.54693635281413,2.264969770773528,5.442768863603303,100,100,0.69,0.5937394428051057,0.7722030278762395,0.69,0.5937394428051057,0.7722030278762395,69,linear,whole_base_sequence,32.264828292436675,170.15513775245557,6,108,0,9.017310183068652,46.58103066473429,0.7870370370370371,2,True,0.022847530001017732,0.0008698369999183341,0.0,0.010501832114988657,137.41723690425607,255.56364380724546,2.499678560387105,True,True,False,45.0,45,45,45.0,45,45,0.0,0,0,7.08,6,8,7.08,6,8,6.0,6,6,1.08,0,2,0.0,0,0,0.0,0,0,0.0,0,0
informative,outlier_mild,retarded_ekf,True,3.0,100,100,0,1.0,0.9630065017930143,1.0,100,1.0,0.9630065017930143,1.0,{},2.4447114146102167,5.817222965872506,1.2647323548979723,2.866360976689757,100,100,0.63,0.5322052958094291,0.7181763946567546,0.63,0.5322052958094291,0.7181763946567546,63,linear,whole_base_sequence,31.935357952772122,131.10528966873272,6,192,0,14.52459238696052,70.5782905602298,0.734375,2,True,0.002690798000548966,0.0015666040009818972,0.0,0.006375768521163232,124.4680457576063,145.08142405862372,2.903590347337971,True,True,False,45.0,45,45,45.0,45,45,0.0,0,0,9.0,9,9,9.0,9,9,6.0,6,6,3.0,3,3,0.0,0,0,0.0,0,0,0.0,0,0
informative,outlier_mild,retarded_ekf,True,3.5,100,100,0,1.0,0.9630065017930143,1.0,100,1.0,0.9630065017930143,1.0,{},1.8857319839439832,4.601072113879532,0.8415988910713552,1.9267187667732648,100,100,0.59,0.4920143005341078,0.6813268697886348,0.59,0.4920143005341078,0.6813268697886348,59,linear,whole_base_sequence,30.411892032626806,135.57466545233197,6,237,0,8.98130630020887,40.96349088043006,0.7890295358649789,2,True,0.003424214000115171,0.0018792040020343848,0.0,0.004137323288300522,140.373424636046,218.67686797973127,3.4980329770829224,True,True,False,45.0,45,45,45.0,45,45,0.0,0,0,11.37,10,12,11.37,10,12,6.0,6,6,5.37,4,6,0.0,0,0,0.0,0,0,0.0,0,0
informative,outlier_mild,retarded_ekf,True,4.0,100,100,0,1.0,0.9630065017930143,1.0,100,1.0,0.9630065017930143,1.0,{},1.9290017380122906,4.416352930073551,0.7514986251315231,1.5582225641345473,100,100,0.55,0.45244602997442135,0.6438546202048803,0.55,0.45244602997442135,0.6438546202048803,55,linear,whole_base_sequence,33.44928247964052,150.60872662922307,6,121,0,13.429068279027533,120.89078392661018,0.743801652892562,2,True,0.0019007620005868375,0.0009595480002462863,0.0,0.0028575887385796886,170.29613205787234,233.6377167558436,3.9963018600094085,True,True,False,45.0,45,45,45.0,45,45,0.0,0,0,12.58,12,14,12.58,12,14,6.0,6,6,6.58,6,8,0.0,0,0,0.0,0,0,0.0,0,0
informative,outlier_mild,retarded_ekf,True,4.5,100,100,0,1.0,0.9630065017930143,1.0,100,1.0,0.9630065017930143,1.0,{},1.7756539963720541,3.86903023848719,0.6243121332746258,1.3088124286700449,100,100,0.47,0.3751081795934127,0.5671114302990063,0.47,0.3751081795934127,0.5671114302990063,47,linear,whole_base_sequence,35.604571949157375,122.21170951459473,6,237,0,11.082653756203705,57.58391583576637,0.7468354430379747,2,True,0.0038165540009504183,0.0019161440018797293,0.0,0.00202014728283337,176.14468750345404,259.7252672278284,4.497433791065652,True,True,False,45.0,45,45,45.0,45,45,0.0,0,0,14.95,14,15,14.95,14,15,6.0,6,6,8.95,8,9,0.0,0,0,0.0,0,0,0.0,0,0
informative,outlier_mild,retarded_ekf,True,5.0,100,100,0,1.0,0.9630065017930143,1.0,100,1.0,0.9630065017930143,1.0,{},1.5606378371137803,2.8882260167158873,0.505672952022237,0.950096639011713,100,100,0.49,0.3942199893044113,0.5865198806597283,0.49,0.3942199893044113,0.5865198806597283,49,linear,whole_base_sequence,31.245922241082177,111.4146902957756,6,178,0,9.377623434525438,33.928920787094164,0.7247191011235955,2,True,0.003082464998296928,0.001441799995373003,0.0,0.001485785198930712,229.31207757572963,351.075960281458,4.9983023419214545,True,True,False,45.0,45,45,45.0,45,45,0.0,0,0,16.73,15,18,16.73,15,18,6.0,6,6,10.73,9,12,0.0,0,0,0.0,0,0,0.0,0,0
informative,outlier_mild,retarded_ekf,True,5.5,100,100,0,1.0,0.9630065017930143,1.0,100,1.0,0.9630065017930143,1.0,{},1.4448227478517046,2.9687093738935313,0.41212642603810895,0.7736623613974979,100,100,0.46,0.36560808309024106,0.5573513967663177,0.46,0.36560808309024106,0.5573513967663177,46,linear,whole_base_sequence,31.19034808617297,101.40253069264479,6,152,0,13.222505620479117,60.681800880920235,0.7828947368421053,2,True,0.0028012770001078022,0.0012573209995753133,0.0,0.0011237371057984092,284.1328061972218,343.180225280202,5.499394054634216,True,True,False,45.0,45,45,45.0,45,45,0.0,0,0,18.25,18,19,18.25,18,19,6.0,6,6,12.25,12,13,0.0,0,0,0.0,0,0,0.0,0,0
informative,outlier_mild,retarded_ekf,True,6.0,100,100,0,1.0,0.9630065017930143,1.0,100,1.0,0.9630065017930143,1.0,{},1.3340972340707025,2.5893507361906067,0.35166007428947005,0.6514676702740096,100,100,0.41,0.3186731302113651,0.5079856994658921,0.41,0.3186731302113651,0.5079856994658921,41,linear,whole_base_sequence,31.35978976396442,90.99339712917124,6,248,0,10.30022633775205,51.73696906158339,0.7983870967741935,2,True,0.004579892000183463,0.0020095949963433667,0.0,0.000870207507796257,293.27264795396843,408.9116408980382,5.9947520597755535,True,True,False,45.0,45,45,45.0,45,45,0.0,0,0,20.73,20,21,20.73,20,21,6.0,6,6,14.73,14,15,0.0,0,0,0.0,0,0,0.0,0,0
informative,outlier_mild,retarded_ekf,True,6.5,100,100,0,1.0,0.9630065017930143,1.0,100,1.0,0.9630065017930143,1.0,{},1.3944535412840569,2.6564945709661427,0.33717638240243314,0.6118612065647899,100,100,0.37,0.28182360534324524,0.4677947041905709,0.37,0.28182360534324524,0.4677947041905709,37,linear,whole_base_sequence,33.19013374924312,93.92938039271391,6,139,0,13.106372886734313,69.17563334692038,0.7841726618705036,2,True,0.0027642870022100397,0.0011352830030955375,0.0,0.0006872921970749335,386.0229517766286,476.93675506774724,6.497660566580254,True,True,False,45.0,45,45,45.0,45,45,0.0,0,0,22.12,21,23,22.12,21,23,6.0,6,6,16.12,15,17,0.0,0,0,0.0,0,0,0.0,0,0
informative,outlier_mild,retarded_ekf,True,7.0,100,100,0,1.0,0.9630065017930143,1.0,100,1.0,0.9630065017930143,1.0,{},1.2743533347123555,2.259296347642439,0.28649170504812654,0.5291650461661305,100,100,0.37,0.28182360534324524,0.4677947041905709,0.37,0.28182360534324524,0.4677947041905709,37,linear,whole_base_sequence,31.601349410625126,89.64718853067515,6,188,0,10.468306919155868,38.28690024421412,0.7872340425531915,2,True,0.003822950000176206,0.0015433250012574717,0.0,0.0005531738679534401,446.4286140584234,532.3784603327836,6.915652850238421,True,True,False,45.0,45,45,45.0,45,45,0.0,0,0,24.0,24,24,24.0,24,24,6.0,6,6,18.0,18,18,0.0,0,0,0.0,0,0,0.0,0,0
informative,outlier_mild,retarded_ekf,True,7.5,100,100,0,1.0,0.9630065017930143,1.0,100,1.0,0.9630065017930143,1.0,{},1.2869731974086314,2.4472054187186636,0.26831853073711626,0.5083256954048814,100,100,0.39,0.3001687400639441,0.4879698295415926,0.39,0.3001687400639441,0.4879698295415926,39,linear,whole_base_sequence,32.73520999489814,92.34216520531527,6,237,0,8.87936190591037,17.711551094079365,0.8396624472573839,2,True,0.004941106999467593,0.001916417998727411,0.0,0.00045232227516507487,511.28512347523883,650.8769468217625,7.4995130582785885,True,True,False,45.0,45,45,45.0,45,45,0.0,0,0,26.37,25,27,26.37,25,27,6.0,6,6,20.37,19,21,0.0,0,0,0.0,0,0,0.0,0,0
informative,outlier_mild,retarded_ekf,True,8.0,100,100,0,1.0,0.9630065017930143,1.0,100,1.0,0.9630065017930143,1.0,{},1.321736896708418,2.518623551848368,0.2508221728709616,0.4723246381129352,100,100,0.38,0.29097599252478734,0.47790244704488916,0.38,0.29097599252478734,0.47790244704488916,38,linear,whole_base_sequence,33.83927156518971,111.04216043537244,6,119,0,14.8802900491847,113.9969057683079,0.7899159663865546,2,True,0.0026796280016424135,0.0009690870012855157,0.0,0.00037495733609353477,631.3430018093255,747.8515440337052,7.999775122098295,True,True,False,45.0,45,45,45.0,45,45,0.0,0,0,27.56,27,29,27.56,27,29,6.0,6,6,21.56,21,23,0.0,0,0,0.0,0,0,0.0,0,0
informative,outlier_mild,retarded_ekf,True,8.5,100,100,0,1.0,0.9630065017930143,1.0,100,1.0,0.9630065017930143,1.0,{},1.285683681519004,2.4841711620969615,0.24118387298108368,0.4806246473193303,100,100,0.36,0.2727122040140433,0.4576459754839126,0.36,0.2727122040140433,0.4576459754839126,36,linear,whole_base_sequence,34.012774738035816,105.434758586427,6,238,0,11.342474239594594,84.83905757226525,0.7773109243697479,2,True,0.005315751001471653,0.0019491669983835891,0.0,0.0003146813636480244,685.7689195510377,800.5200609149878,8.493488506780311,True,True,False,45.0,45,45,45.0,45,45,0.0,0,0,29.94,29,30,29.94,29,30,6.0,6,6,23.94,23,24,0.0,0,0,0.0,0,0,0.0,0,0
informative,outlier_mild,retarded_ekf,True,9.0,100,100,0,1.0,0.9630065017930143,1.0,100,1.0,0.9630065017930143,1.0,{},1.2399481360458315,2.10891396921407,0.2171105332754762,0.3972353646091118,100,100,0.33,0.24563122734128034,0.4269465620490947,0.33,0.24563122734128034,0.4269465620490947,33,linear,whole_base_sequence,33.05661370506728,100.1573732779006,6,190,0,9.903688807326235,13.153604960589746,0.7947368421052632,2,True,0.004451440000557341,0.0015522490005241707,0.0,0.00026689915107888635,818.0561940693414,1022.2450520014755,8.999999142164,True,True,False,45.0,45,45,45.0,45,45,0.0,0,0,31.84,30,33,31.84,30,33,6.0,6,6,25.84,24,27,0.0,0,0,0.0,0,0,0.0,0,0
informative,outlier_mild,retarded_ekf,True,9.5,100,100,0,1.0,0.9630065017930143,1.0,100,1.0,0.9630065017930143,1.0,{},1.2654802279953485,2.156629056470286,0.20914882744323418,0.36719473808121206,100,100,0.3,0.2189488529493276,0.3958485463334666,0.3,0.2189488529493276,0.3958485463334666,30,linear,whole_base_sequence,34.35469953988535,100.64959726942445,6,145,0,12.787889697433046,93.99892935124547,0.7931034482758621,2,True,0.0035682030001771637,0.0011906739976257086,0.0,0.0002285257937873016,948.6793913964034,1130.5484620660736,9.499376430636863,True,True,False,45.0,45,45,45.0,45,45,0.0,0,0,33.29,33,34,33.29,33,34,6.0,6,6,27.29,27,28,0.0,0,0,0.0,0,0,0.0,0,0
informative,outlier_strong,causal_prefix_batch,True,0.0,100,0,100,0.0,0.0,0.03699349820698568,0,0.0,0.0,0.03699349820698568,"{""insufficient_measurements"": 100}",nan,nan,nan,nan,0,100,nan,nan,nan,0.0,0.0,0.03699349820698568,0,linear,whole_base_sequence,nan,nan,6,0,0,nan,nan,nan,2,True,4.786400037119165e-05,0.0,nan,nan,nan,nan,nan,True,True,False,45.0,45,45,45.0,45,45,0.0,0,0,0.0,0,0,0.0,0,0,0.0,0,0,0.0,0,0,0.0,0,0,0.0,0,0,0.0,0,0
informative,outlier_strong,causal_prefix_batch,True,0.5,100,0,100,0.0,0.0,0.03699349820698568,0,0.0,0.0,0.03699349820698568,"{""insufficient_measurements"": 100}",nan,nan,nan,nan,0,100,nan,nan,nan,0.0,0.0,0.03699349820698568,0,linear,whole_base_sequence,nan,nan,6,0,0,nan,nan,nan,2,True,3.671300044516102e-05,0.0,nan,nan,nan,nan,nan,True,True,False,45.0,45,45,45.0,45,45,0.0,0,0,0.0,0,0,0.0,0,0,0.0,0,0,0.0,0,0,0.0,0,0,0.0,0,0,0.0,0,0
informative,outlier_strong,causal_prefix_batch,True,1.0,100,8,92,0.08,0.041093461484380624,0.14998107700948735,8,0.08,0.041093461484380624,0.14998107700948735,"{""insufficient_local_observability"": 2, ""insufficient_measurements"": 89, ""projected_kkt_not_satisfied"": 1}",24.809590618548096,47.092923542893246,46.89203615184086,89.4665077008774,8,100,0.875,0.5291118177871464,0.9775825085499433,0.07,0.03431926106727268,0.137495147390735,7,linear,whole_base_sequence,845.4361823469034,4373.132086783378,6,0,0,nan,nan,nan,2,True,0.008523538999725133,0.0,0.0,0.05855039891079736,2914.4279564897633,3553.426766385644,0.9967749566603704,True,True,False,45.0,45,45,45.0,45,45,0.0,0,0,1.73,0,3,1.73,0,3,0.0,0,0,0.0,0,0,0.0,0,0,0.0,0,0,0.0,0,0
informative,outlier_strong,causal_prefix_batch,True,1.5,100,90,10,0.9,0.8256343384950865,0.9447708629393249,90,0.9,0.8256343384950865,0.9447708629393249,"{""insufficient_local_observability"": 3, ""optimization_error:ValueError"": 1, ""projected_kkt_not_satisfied"": 6}",45.75265771441944,108.40763549977797,46.035542707167075,111.37222518268396,90,100,0.8,0.7058626364885746,0.8695759881728294,0.72,0.6251197129007884,0.7986031478881379,72,linear,whole_base_sequence,8004.580698517574,4440.4840992889585,6,0,0,nan,nan,nan,2,True,0.06150102399784373,0.0,0.0,0.0017593057677238169,7055.026590370177,182872.4357877569,1.4913231439540178,True,True,False,45.0,45,45,45.0,45,45,0.0,0,0,3.26,3,4,3.26,3,4,0.0,0,0,0.0,0,0,0.0,0,0,0.0,0,0,0.0,0,0
informative,outlier_strong,causal_prefix_batch,True,10.0,100,84,16,0.84,0.7557973061072976,0.8990471151119521,84,0.84,0.7557973061072976,0.8990471151119521,"{""projected_kkt_not_satisfied"": 16}",6.409329217734053,11.689406762977558,0.9752684589802779,1.9898870089239407,84,100,0.023809523809523808,0.006553902690167361,0.08271441008569919,0.02,0.00550196755016235,0.07001179072854388,2,linear,whole_base_sequence,870.544548555727,2165.5827330544184,6,0,0,nan,nan,nan,2,True,0.35353199900127946,0.0,0.0,0.00017858461515323127,1043.2527806041594,1413.3324001625201,9.997820068562422,True,True,False,45.0,45,45,45.0,45,45,0.0,0,0,35.66,35,36,35.66,35,36,0.0,0,0,0.0,0,0,0.0,0,0,0.0,0,0,0.0,0,0
informative,outlier_strong,causal_prefix_batch,True,10.5,100,82,18,0.82,0.7333264161369926,0.8829977450105364,82,0.82,0.7333264161369926,0.8829977450105364,"{""projected_kkt_not_satisfied"": 18}",6.549742566410581,12.004231488139604,0.9478591130713725,1.9167926667880624,82,100,0.024390243902439025,0.006714370331163358,0.08463378391063939,0.02,0.00550196755016235,0.07001179072854388,2,linear,whole_base_sequence,927.6035970628113,2264.255296225017,6,0,0,nan,nan,nan,2,True,0.36018520700017687,0.0,0.0,0.00015184097507101895,1253.3191888835818,1699.402297258362,10.498689429034023,True,True,False,45.0,45,45,45.0,45,45,0.0,0,0,37.03,36,38,37.03,36,38,0.0,0,0,0.0,0,0,0.0,0,0,0.0,0,0,0.0,0,0
informative,outlier_strong,causal_prefix_batch,True,11.0,100,89,11,0.89,0.8136870349691969,0.9374580364293543,89,0.89,0.8136870349691969,0.9374580364293543,"{""projected_kkt_not_satisfied"": 11}",6.477623367863594,11.289457845782017,0.8967669873572174,1.6171070721170338,89,100,0.02247191011235955,0.006184398702128599,0.07827634674822494,0.02,0.00550196755016235,0.07001179072854388,2,linear,whole_base_sequence,988.6455768127628,2441.722901308901,6,0,0,nan,nan,nan,2,True,0.38248739600152476,0.0,0.0,0.00013357667691696166,1379.0045799250468,1779.1264969804042,10.914528266618438,True,True,False,45.0,45,45,45.0,45,45,0.0,0,0,39.0,39,39,39.0,39,39,0.0,0,0,0.0,0,0,0.0,0,0,0.0,0,0,0.0,0,0
informative,outlier_strong,causal_prefix_batch,True,11.5,100,87,13,0.87,0.7901964855992357,0.9224283257275948,87,0.87,0.7901964855992357,0.9224283257275948,"{""projected_kkt_not_satisfied"": 13}",6.5487889402536,12.639730049981837,0.8530061651614145,1.469548492164996,87,100,0.022988505747126436,0.006327085105926007,0.0799931801396141,0.02,0.00550196755016235,0.07001179072854388,2,linear,whole_base_sequence,985.6926749930336,2297.3159651713154,6,0,0,nan,nan,nan,2,True,0.40079927000042515,0.0,0.0,0.00011793094664738879,1565.5757940442975,2056.157067401441,11.491029988443925,True,True,False,45.0,45,45,45.0,45,45,0.0,0,0,41.23,40,42,41.23,40,42,0.0,0,0,0.0,0,0,0.0,0,0,0.0,0,0,0.0,0,0
informative,outlier_strong,causal_prefix_batch,True,12.0,100,85,15,0.85,0.7671644040916763,0.9069401471634337,85,0.85,0.7671644040916763,0.9069401471634337,"{""projected_kkt_not_satisfied"": 15}",6.855156076683078,12.936976177622967,0.8681695924775608,1.6660633533819644,85,100,0.023529411764705882,0.006476511225947848,0.0817869968792071,0.02,0.00550196755016235,0.07001179072854388,2,linear,whole_base_sequence,976.7784343304763,2180.774663351324,6,0,0,nan,nan,nan,2,True,0.41307654800009913,0.0,0.0,0.00010541968704087768,1809.948220230186,2358.331811440964,11.99510352738712,True,True,False,45.0,45,45,45.0,45,45,0.0,0,0,42.5,42,44,42.5,42,44,0.0,0,0,0.0,0,0,0.0,0,0,0.0,0,0,0.0,0,0
informative,outlier_strong,causal_prefix_batch,True,12.5,100,84,16,0.84,0.7557973061072976,0.8990471151119521,84,0.84,0.7557973061072976,0.8990471151119521,"{""projected_kkt_not_satisfied"": 16}",6.781529894713556,11.986981692138748,0.8312477589787096,1.608241099813912,84,100,0.011904761904761904,0.002104583087549225,0.064395437507714,0.01,0.0017674320641406505,0.054486196178705315,1,linear,whole_base_sequence,979.2360401080225,2328.1900107004626,6,0,0,nan,nan,nan,2,True,0.4370187649992295,0.0,0.0,9.553527100168542e-05,1969.4567150012788,2645.1224083596835,12.495613482491581,True,True,False,45.0,45,45,45.0,45,45,0.0,0,0,44.95,44,45,44.95,44,45,0.0,0,0,0.0,0,0,0.0,0,0,0.0,0,0,0.0,0,0
informative,outlier_strong,causal_prefix_batch,True,14.5,100,79,21,0.79,0.7002003116591013,0.858343459380847,79,0.79,0.7002003116591013,0.858343459380847,"{""projected_kkt_not_satisfied"": 21}",8.118032788910147,15.186581114367426,0.8212927931516021,1.6197366547005876,79,100,0.0,0.0,0.04637121165392266,0.0,0.0,0.03699349820698568,0,linear,whole_base_sequence,962.3476881506168,2376.043356306289,6,0,0,nan,nan,nan,2,True,0.4338509150000755,0.0,0.0,6.311662723881344e-05,4317.30785144581,5687.401242763196,12.518057268766759,True,True,False,45.0,45,45,45.0,45,45,0.0,0,0,45.0,45,45,45.0,45,45,0.0,0,0,0.0,0,0,0.0,0,0,0.0,0,0,0.0,0,0
informative,outlier_strong,causal_prefix_batch,True,2.0,100,96,4,0.96,0.9016292856411208,0.9843366960084523,96,0.96,0.9016292856411208,0.9843366960084523,"{""projected_kkt_not_satisfied"": 4}",20.66122283756498,41.480490531237514,15.469087898944,35.334533729820635,96,100,0.5729166666666666,0.47304314124416946,0.6671791688599197,0.55,0.45244602997442135,0.6438546202048803,55,linear,whole_base_sequence,827.2475669626073,3881.452851116115,6,0,0,nan,nan,nan,2,True,0.06603302600211464,0.0,0.0,0.0030898801122245185,93.02130363276126,919.9677575148901,1.9921621128694267,True,True,False,45.0,45,45,45.0,45,45,0.0,0,0,5.65,5,6,5.65,5,6,0.0,0,0,0.0,0,0,0.0,0,0,0.0,0,0,0.0,0,0
informative,outlier_strong,causal_prefix_batch,True,2.5,100,98,2,0.98,0.929988209271456,0.9944980324498376,98,0.98,0.929988209271456,0.9944980324498376,"{""projected_kkt_not_satisfied"": 2}",21.873769010629715,51.62885517467455,13.283420697709799,30.732919922500702,98,100,0.5102040816326531,0.41273047100283283,0.6069078965457043,0.5,0.4038315303659956,0.5961684696340044,50,linear,whole_base_sequence,960.8335179492658,3346.137435049843,6,0,0,nan,nan,nan,2,True,0.07850243599968962,0.0,0.0,0.007866986873069845,138.41651311557598,395.20647849213674,2.499678560387105,True,True,False,45.0,45,45,45.0,45,45,0.0,0,0,7.08,6,8,7.08,6,8,0.0,0,0,0.0,0,0,0.0,0,0,0.0,0,0,0.0,0,0
informative,outlier_strong,causal_prefix_batch,True,3.0,100,97,3,0.97,0.9154806357094724,0.9897454759759611,97,0.97,0.9154806357094724,0.9897454759759611,"{""projected_kkt_not_satisfied"": 3}",13.97731646208093,28.5604458889218,7.160326534974006,15.588669704091371,97,100,0.4020618556701031,0.310021966016566,0.5015634649936711,0.39,0.3001687400639441,0.4879698295415926,39,linear,whole_base_sequence,888.9804282424155,3515.4351904446526,6,0,0,nan,nan,nan,2,True,0.09665937800105893,0.0,0.0,0.004450819213853585,122.71387895451927,237.85623147786382,2.903590347337971,True,True,False,45.0,45,45,45.0,45,45,0.0,0,0,9.0,9,9,9.0,9,9,0.0,0,0,0.0,0,0,0.0,0,0,0.0,0,0,0.0,0,0
informative,outlier_strong,causal_prefix_batch,True,3.5,100,94,6,0.94,0.8752318455410406,0.9722138760368118,94,0.94,0.8752318455410406,0.9722138760368118,"{""projected_kkt_not_satisfied"": 6}",11.341061336686066,21.159349917667218,4.7976409300009495,9.518663240871886,94,100,0.3404255319148936,0.2525897357172143,0.4407917779928532,0.32,0.23669147324999093,0.41662618610452384,32,linear,whole_base_sequence,782.3361330887224,3056.6315323309423,6,0,0,nan,nan,nan,2,True,0.11658625699928962,0.0,0.0,0.003907200468285377,133.72280817084282,323.480832514901,3.4980329770829224,True,True,False,45.0,45,45,45.0,45,45,0.0,0,0,11.37,10,12,11.37,10,12,0.0,0,0,0.0,0,0,0.0,0,0,0.0,0,0,0.0,0,0
informative,outlier_strong,causal_prefix_batch,True,4.0,100,94,6,0.94,0.8752318455410406,0.9722138760368118,94,0.94,0.8752318455410406,0.9722138760368118,"{""projected_kkt_not_satisfied"": 6}",10.507459740031594,20.82714057722205,4.213746965513792,7.987507299349547,94,100,0.26595744680851063,0.18711610480785898,0.3631767819669066,0.25,0.17545211362287672,0.34304463548061603,25,linear,whole_base_sequence,914.4692982845932,2743.692122500545,6,0,0,nan,nan,nan,2,True,0.13037430499942274,0.0,0.0,0.0024455567204071152,172.46493954474184,252.70096012509927,3.9963018600094085,True,True,False,45.0,45,45,45.0,45,45,0.0,0,0,12.58,12,14,12.58,12,14,0.0,0,0,0.0,0,0,0.0,0,0,0.0,0,0,0.0,0,0
informative,outlier_strong,causal_prefix_batch,True,4.5,100,93,7,0.93,0.8625048526092651,0.9656807389327273,93,0.93,0.8625048526092651,0.9656807389327273,"{""projected_kkt_not_satisfied"": 7}",9.920853642751219,20.710823222204546,3.34847344980656,6.680468896057465,93,100,0.21505376344086022,0.14375022006940472,0.30896351797814325,0.2,0.1333669333310325,0.2888291655931589,20,linear,whole_base_sequence,1019.8665760062864,2978.986862930231,6,0,0,nan,nan,nan,2,True,0.1555549569998402,0.0,0.0,0.0016570543381456526,177.41930031696765,302.2861951390982,4.497433791065652,True,True,False,45.0,45,45,45.0,45,45,0.0,0,0,14.95,14,15,14.95,14,15,0.0,0,0,0.0,0,0,0.0,0,0,0.0,0,0,0.0,0,0
informative,outlier_strong,causal_prefix_batch,True,5.0,100,89,11,0.89,0.8136870349691969,0.9374580364293543,89,0.89,0.8136870349691969,0.9374580364293543,"{""projected_kkt_not_satisfied"": 11}",7.836553944783322,15.280284244042322,2.5269182198963476,4.7778538005285816,89,100,0.21348314606741572,0.1411479650217861,0.309528482248426,0.19,0.12514751509768735,0.27778845379064376,19,linear,whole_base_sequence,809.2216614999357,2538.7183449433724,6,0,0,nan,nan,nan,2,True,0.16429251700232272,0.0,0.0,0.0014461644898215663,231.93116524110863,343.93450446399413,4.9983023419214545,True,True,False,45.0,45,45,45.0,45,45,0.0,0,0,16.73,15,18,16.73,15,18,0.0,0,0,0.0,0,0,0.0,0,0,0.0,0,0,0.0,0,0
informative,outlier_strong,causal_prefix_batch,True,5.5,100,88,12,0.88,0.8018790057328857,0.9300059356298052,88,0.88,0.8018790057328857,0.9300059356298052,"{""projected_kkt_not_satisfied"": 12}",8.46752285077337,17.6597571648941,2.307024608076166,4.258127527217049,88,100,0.19318181818181818,0.12425957732106706,0.2877706681323895,0.17,0.10893566114059931,0.25548004767601123,17,linear,whole_base_sequence,936.3788774085712,2583.5183038713817,6,0,0,nan,nan,nan,2,True,0.18226090599986491,0.0,0.0,0.0009284826031081417,279.31282341385673,392.8571809003637,5.499394054634216,True,True,False,45.0,45,45,45.0,45,45,0.0,0,0,18.25,18,19,18.25,18,19,0.0,0,0,0.0,0,0,0.0,0,0,0.0,0,0,0.0,0,0
informative,outlier_strong,causal_prefix_batch,True,6.0,100,90,10,0.9,0.8256343384950865,0.9447708629393249,90,0.9,0.8256343384950865,0.9447708629393249,"{""projected_kkt_not_satisfied"": 10}",7.219706762052755,14.581758130581965,1.8546437986449893,3.379000981815924,90,100,0.15555555555555556,0.09498275594910817,0.24432845277298365,0.14,0.08526343659939134,0.22137188210963837,14,linear,whole_base_sequence,845.4997071643801,2544.0386171860946,6,0,0,nan,nan,nan,2,True,0.20886339800141285,0.0,0.0,0.0007297913203244383,301.914150218497,435.6325135316023,5.9947520597755535,True,True,False,45.0,45,45,45.0,45,45,0.0,0,0,20.73,20,21,20.73,20,21,0.0,0,0,0.0,0,0,0.0,0,0,0.0,0,0,0.0,0,0
informative,outlier_strong,causal_prefix_batch,True,6.5,100,84,16,0.84,0.7557973061072976,0.8990471151119521,84,0.84,0.7557973061072976,0.8990471151119521,"{""projected_kkt_not_satisfied"": 16}",6.970148112310232,13.918684033311875,1.5957825200626095,2.9380793751822933,84,100,0.15476190476190477,0.09273310465265512,0.2469864221098481,0.13,0.07757167427240512,0.20980351440076428,13,linear,whole_base_sequence,850.4786498730643,2988.6656727986083,6,0,0,nan,nan,nan,2,True,0.21722727099986514,0.0,0.0,0.0005756914695109468,384.6492758178081,516.0752064616652,6.497660566580254,True,True,False,45.0,45,45,45.0,45,45,0.0,0,0,22.12,21,23,22.12,21,23,0.0,0,0,0.0,0,0,0.0,0,0,0.0,0,0,0.0,0,0
informative,outlier_strong,causal_prefix_batch,True,7.0,100,92,8,0.92,0.8500189229905127,0.9589065385156194,92,0.92,0.8500189229905127,0.9589065385156194,"{""projected_kkt_not_satisfied"": 8}",7.20383096894645,14.319811866251717,1.5508170626355127,2.954056292069122,92,100,0.11956521739130435,0.06809134808816239,0.20153579593350626,0.11,0.06254196357064568,0.18631296503080313,11,linear,whole_base_sequence,943.6422339718379,2736.886752615107,6,0,0,nan,nan,nan,2,True,0.2377360850002151,0.0,0.0,0.00046861389962731854,452.84734497694933,587.9256488314624,6.915652850238421,True,True,False,45.0,45,45,45.0,45,45,0.0,0,0,24.0,24,24,24.0,24,24,0.0,0,0,0.0,0,0,0.0,0,0,0.0,0,0,0.0,0,0
informative,outlier_strong,causal_prefix_batch,True,7.5,100,88,12,0.88,0.8018790057328857,0.9300059356298052,88,0.88,0.8018790057328857,0.9300059356298052,"{""projected_kkt_not_satisfied"": 12}",6.584769495191942,13.420321199062146,1.3752164910897973,2.2790131188781997,88,100,0.10227272727272728,0.05474450061182731,0.18307248423524602,0.09,0.04807254000256516,0.1622621285271631,9,linear,whole_base_sequence,941.0388772510548,2814.8546642505585,6,0,0,nan,nan,nan,2,True,0.2623414499990758,0.0,0.0,0.0004384282664879467,510.3906476802346,669.3790017675622,7.4995130582785885,True,True,False,45.0,45,45,45.0,45,45,0.0,0,0,26.37,25,27,26.37,25,27,0.0,0,0,0.0,0,0,0.0,0,0,0.0,0,0,0.0,0,0
informative,outlier_strong,causal_prefix_batch,True,8.0,100,79,21,0.79,0.7002003116591013,0.858343459380847,79,0.79,0.7002003116591013,0.858343459380847,"{""projected_kkt_not_satisfied"": 21}",6.662043834307337,12.94407458587936,1.2805407204279666,2.18036843336001,79,100,0.11392405063291139,0.061105793281181514,0.20254792710982203,0.09,0.04807254000256516,0.1622621285271631,9,linear,whole_base_sequence,864.2877254303577,2312.2689691300766,6,0,0,nan,nan,nan,2,True,0.27233322999993104,0.0,0.0,0.000363018064841965,627.2356533343324,775.0870692957201,7.999775122098295,True,True,False,45.0,45,45,45.0,45,45,0.0,0,0,27.56,27,29,27.56,27,29,0.0,0,0,0.0,0,0,0.0,0,0,0.0,0,0,0.0,0,0
informative,outlier_strong,causal_prefix_batch,True,8.5,100,88,12,0.88,0.8018790057328857,0.9300059356298052,88,0.88,0.8018790057328857,0.9300059356298052,"{""projected_kkt_not_satisfied"": 12}",6.649148547584432,12.198365187753385,1.1982325099413715,2.5155469784712765,88,100,0.07954545454545454,0.03906485712225405,0.15519881257322346,0.07,0.03431926106727268,0.137495147390735,7,linear,whole_base_sequence,908.1661553082275,2338.078656549526,6,0,0,nan,nan,nan,2,True,0.29671941100124966,0.0,0.0,0.0002722856489791467,684.8434119528359,876.5848132570829,8.493488506780311,True,True,False,45.0,45,45,45.0,45,45,0.0,0,0,29.94,29,30,29.94,29,30,0.0,0,0,0.0,0,0,0.0,0,0,0.0,0,0,0.0,0,0
informative,outlier_strong,causal_prefix_batch,True,9.0,100,85,15,0.85,0.7671644040916763,0.9069401471634337,85,0.85,0.7671644040916763,0.9069401471634337,"{""projected_kkt_not_satisfied"": 15}",6.117574143354991,11.254711181947327,1.0309645831433134,1.7475323601032013,85,100,0.03529411764705882,0.012075041854642109,0.09870047839606455,0.03,0.010254524024038925,0.0845193642905276,3,linear,whole_base_sequence,812.7410993438103,2264.9649471237426,6,0,0,nan,nan,nan,2,True,0.31440109000279337,0.0,0.0,0.00023232540767244682,811.3384238772962,1067.6130088354905,8.999999142164,True,True,False,45.0,45,45,45.0,45,45,0.0,0,0,31.84,30,33,31.84,30,33,0.0,0,0,0.0,0,0,0.0,0,0,0.0,0,0,0.0,0,0
informative,outlier_strong,causal_prefix_batch,True,9.5,100,80,20,0.8,0.7111708344068411,0.8666330666689676,80,0.8,0.7111708344068411,0.8666330666689676,"{""projected_kkt_not_satisfied"": 20}",6.505846879865946,11.026606146350714,1.0301437466527459,2.087798784220495,80,100,0.0375,0.012834568919911402,0.10454720090045115,0.03,0.010254524024038925,0.0845193642905276,3,linear,whole_base_sequence,820.5123629859966,1958.7794621304122,6,0,0,nan,nan,nan,2,True,0.3277445810014615,0.0,0.0,0.00020792379502258552,943.845657402379,1197.1666636355283,9.499376430636863,True,True,False,45.0,45,45,45.0,45,45,0.0,0,0,33.29,33,34,33.29,33,34,0.0,0,0,0.0,0,0,0.0,0,0,0.0,0,0,0.0,0,0
informative,outlier_strong,initial_batch_no_updates,True,0.0,100,0,100,0.0,0.0,0.03699349820698568,0,0.0,0.0,0.03699349820698568,"{""not_initialized"": 100}",nan,nan,nan,nan,0,100,nan,nan,nan,0.0,0.0,0.03699349820698568,0,linear,whole_base_sequence,nan,nan,6,0,0,nan,nan,nan,2,True,2.6160021661780773e-06,0.0,nan,nan,nan,nan,nan,True,True,False,45.0,45,45,45.0,45,45,0.0,0,0,0.0,0,0,0.0,0,0,0.0,0,0,0.0,0,0,0.0,0,0,0.0,0,0,0.0,0,0
informative,outlier_strong,initial_batch_no_updates,True,0.5,100,0,100,0.0,0.0,0.03699349820698568,0,0.0,0.0,0.03699349820698568,"{""not_initialized"": 100}",nan,nan,nan,nan,0,100,nan,nan,nan,0.0,0.0,0.03699349820698568,0,linear,whole_base_sequence,nan,nan,6,0,0,nan,nan,nan,2,True,2.1139986347407103e-06,0.0,nan,nan,nan,nan,nan,True,True,False,45.0,45,45,45.0,45,45,0.0,0,0,0.0,0,0,0.0,0,0,0.0,0,0,0.0,0,0,0.0,0,0,0.0,0,0,0.0,0,0
informative,outlier_strong,initial_batch_no_updates,True,1.0,100,0,100,0.0,0.0,0.03699349820698568,0,0.0,0.0,0.03699349820698568,"{""not_initialized"": 100}",nan,nan,nan,nan,0,100,nan,nan,nan,0.0,0.0,0.03699349820698568,0,linear,whole_base_sequence,nan,nan,6,0,0,nan,nan,nan,2,True,2.259998582303524e-06,0.0,nan,nan,nan,nan,0.9967749566603704,True,True,False,45.0,45,45,45.0,45,45,0.0,0,0,1.73,0,3,0.0,0,0,0.0,0,0,0.0,0,0,0.0,0,0,0.0,0,0,1.73,0,3
informative,outlier_strong,initial_batch_no_updates,True,1.5,100,0,100,0.0,0.0,0.03699349820698568,0,0.0,0.0,0.03699349820698568,"{""not_initialized"": 100}",nan,nan,nan,nan,0,100,nan,nan,nan,0.0,0.0,0.03699349820698568,0,linear,whole_base_sequence,nan,nan,6,0,0,nan,nan,nan,2,True,3.2599997939541937e-06,0.0,nan,nan,nan,nan,1.4913231439540178,True,True,False,45.0,45,45,45.0,45,45,0.0,0,0,3.26,3,4,0.0,0,0,0.0,0,0,0.0,0,0,0.0,0,0,0.0,0,0,3.26,3,4
informative,outlier_strong,initial_batch_no_updates,True,10.0,100,100,0,1.0,0.9630065017930143,1.0,100,1.0,0.9630065017930143,1.0,{},127.3296841767863,263.8258853516683,13.889460060344456,29.95394591243952,100,100,0.54,0.44264860323368227,0.6343919169097589,0.54,0.44264860323368227,0.6343919169097589,54,linear,whole_base_sequence,971.5434579391101,4049.3739711764356,6,0,0,nan,nan,nan,2,True,0.00014199899858795108,0.0,0.0,0.00019591090740071074,117464.70967480223,286357.2426614833,9.997820068562422,True,True,False,45.0,45,45,45.0,45,45,0.0,0,0,35.66,35,36,6.23,6,9,6.23,6,9,0.0,0,0,0.0,0,0,0.0,0,0,29.43,26,30
informative,outlier_strong,initial_batch_no_updates,True,10.5,100,100,0,1.0,0.9630065017930143,1.0,100,1.0,0.9630065017930143,1.0,{},134.26713812159937,278.80255469925237,13.889460060344456,29.95394591243952,100,100,0.54,0.44264860323368227,0.6343919169097589,0.54,0.44264860323368227,0.6343919169097589,54,linear,whole_base_sequence,971.5434579391095,4049.373971176532,6,0,0,nan,nan,nan,2,True,0.000143611999519635,0.0,0.0,0.00017452270760181542,145229.50144706247,357061.74245884083,10.498689429034023,True,True,False,45.0,45,45,45.0,45,45,0.0,0,0,37.03,36,38,6.23,6,9,6.23,6,9,0.0,0,0,0.0,0,0,0.0,0,0,30.8,28,32
informative,outlier_strong,initial_batch_no_updates,True,11.0,100,100,0,1.0,0.9630065017930143,1.0,100,1.0,0.9630065017930143,1.0,{},141.2053073951298,293.77925506791786,13.889460060344456,29.95394591243952,100,100,0.54,0.44264860323368227,0.6343919169097589,0.54,0.44264860323368227,0.6343919169097589,54,linear,whole_base_sequence,971.5434579391002,4049.3739711764306,6,0,0,nan,nan,nan,2,True,0.00013970999949378894,0.0,0.0,0.0001564377902772092,177670.79642825946,440181.2214244694,10.914528266618438,True,True,False,45.0,45,45,45.0,45,45,0.0,0,0,39.0,39,39,6.23,6,9,6.23,6,9,0.0,0,0,0.0,0,0,0.0,0,0,32.77,30,33
informative,outlier_strong,initial_batch_no_updates,True,11.5,100,100,0,1.0,0.9630065017930143,1.0,100,1.0,0.9630065017930143,1.0,{},148.14409149245714,308.75598193411173,13.889460060344456,29.95394591243952,100,100,0.54,0.44264860323368227,0.6343919169097589,0.54,0.44264860323368227,0.6343919169097589,54,linear,whole_base_sequence,971.5434579391057,4049.3739711764956,6,0,0,nan,nan,nan,2,True,0.00014131400006590412,0.0,0.0,0.00014101241244728584,215288.60136305782,537096.6723893358,11.491029988443925,True,True,False,45.0,45,45,45.0,45,45,0.0,0,0,41.23,40,42,6.23,6,9,6.23,6,9,0.0,0,0,0.0,0,0,0.0,0,0,35.0,31,36
informative,outlier_strong,initial_batch_no_updates,True,12.0,100,100,0,1.0,0.9630065017930143,1.0,100,1.0,0.9630065017930143,1.0,{},155.0834078877617,323.73273161306804,13.889460060344456,29.95394591243952,100,100,0.54,0.44264860323368227,0.6343919169097589,0.54,0.44264860323368227,0.6343919169097589,54,linear,whole_base_sequence,971.5434579391061,4049.3739711764806,6,0,0,nan,nan,nan,2,True,0.00014361000270582736,0.0,0.0,0.00012775168578364374,258608.42756877193,649262.2318167728,11.99510352738712,True,True,False,45.0,45,45,45.0,45,45,0.0,0,0,42.5,42,44,6.23,6,9,6.23,6,9,0.0,0,0,0.0,0,0,0.0,0,0,36.27,33,38
informative,outlier_strong,initial_batch_no_updates,True,12.5,100,100,0,1.0,0.9630065017930143,1.0,100,1.0,0.9630065017930143,1.0,{},162.02318818743868,338.7095010729956,13.889460060344456,29.95394591243952,100,100,0.54,0.44264860323368227,0.6343919169097589,0.54,0.44264860323368227,0.6343919169097589,54,linear,whole_base_sequence,971.5434579391053,4049.373971176489,6,0,0,nan,nan,nan,2,True,0.00014307399978861213,0.0,0.0,0.00011627026348339032,308181.29093328543,778205.1799582695,12.495613482491581,True,True,False,45.0,45,45,45.0,45,45,0.0,0,0,44.95,44,45,6.23,6,9,6.23,6,9,0.0,0,0,0.0,0,0,0.0,0,0,38.72,36,39
informative,outlier_strong,initial_batch_no_updates,True,14.5,100,100,0,1.0,0.9630065017930143,1.0,100,1.0,0.9630065017930143,1.0,{},189.7859305839686,398.6167320598653,13.889460060344456,29.95394591243952,100,100,0.54,0.44264860323368227,0.6343919169097589,0.54,0.44264860323368227,0.6343919169097589,54,linear,whole_base_sequence,971.5434579391103,4049.3739711764797,6,0,0,nan,nan,nan,2,True,0.00014195699855918065,0.0,0.0,8.291133998307199e-05,580916.093383769,1494856.5033541517,12.518057268766759,True,True,False,45.0,45,45,45.0,45,45,0.0,0,0,45.0,45,45,6.23,6,9,6.23,6,9,0.0,0,0,0.0,0,0,0.0,0,0,38.77,36,39
informative,outlier_strong,initial_batch_no_updates,True,2.0,100,60,40,0.6,0.5020025867910618,0.6905987135675411,60,0.6,0.5020025867910618,0.6905987135675411,"{""not_initialized"": 40}",18.669774027806984,34.13843407587829,13.924679728605701,24.151807951687264,60,100,0.5333333333333333,0.4089342702715789,0.6537209395856151,0.32,0.23669147324999093,0.41662618610452384,32,linear,whole_base_sequence,847.3648861058597,3747.9537316861,6,0,0,nan,nan,nan,2,True,8.094899909337983e-05,0.0,0.0,0.01552350654374535,84.66090649032179,234.96786008460293,1.9921621128694267,True,True,False,45.0,45,45,45.0,45,45,0.0,0,0,5.65,5,6,3.6,0,6,3.6,0,6,0.0,0,0,0.0,0,0,0.0,0,0,2.05,0,6
informative,outlier_strong,initial_batch_no_updates,True,2.5,100,98,2,0.98,0.929988209271456,0.9944980324498376,98,0.98,0.929988209271456,0.9944980324498376,"{""not_initialized"": 2}",23.934962401147175,50.88972571405591,13.924159134481595,29.992300672022857,98,100,0.5510204081632653,0.4524754605807967,0.6457163771618889,0.54,0.44264860323368227,0.6343919169097589,54,linear,whole_base_sequence,947.3793115137796,3891.868737083098,6,0,0,nan,nan,nan,2,True,0.00013017299788771198,0.0,0.0,0.007866986873095108,215.32846093338333,581.3918107043643,2.499678560387105,True,True,False,45.0,45,45,45.0,45,45,0.0,0,0,7.08,6,8,6.05,0,8,6.05,0,8,0.0,0,0,0.0,0,0,0.0,0,0,1.03,0,6
informative,outlier_strong,initial_batch_no_updates,True,3.0,100,100,0,1.0,0.9630065017930143,1.0,100,1.0,0.9630065017930143,1.0,{},30.554436136378758,64.5670645687384,13.889460060344456,29.95394591243952,100,100,0.54,0.44264860323368227,0.6343919169097589,0.54,0.44264860323368227,0.6343919169097589,54,linear,whole_base_sequence,971.5434579391049,4049.3739711764542,6,0,0,nan,nan,nan,2,True,0.00013807200244627893,0.0,0.0,0.004835100074935737,492.0759044205769,1276.5130677776724,2.903590347337971,True,True,False,45.0,45,45,45.0,45,45,0.0,0,0,9.0,9,9,6.23,6,9,6.23,6,9,0.0,0,0,0.0,0,0,0.0,0,0,2.77,0,3
informative,outlier_strong,initial_batch_no_updates,True,3.5,100,100,0,1.0,0.9630065017930143,1.0,100,1.0,0.9630065017930143,1.0,{},37.389433922449605,77.83324146545645,13.889460060344456,29.95394591243952,100,100,0.54,0.44264860323368227,0.6343919169097589,0.54,0.44264860323368227,0.6343919169097589,54,linear,whole_base_sequence,971.5434579391049,4049.373971176456,6,0,0,nan,nan,nan,2,True,0.00013864299922715872,0.0,0.0,0.003122253969825829,1007.3233636712503,2519.4780219113118,3.4980329770829224,True,True,False,45.0,45,45,45.0,45,45,0.0,0,0,11.37,10,12,6.23,6,9,6.23,6,9,0.0,0,0,0.0,0,0,0.0,0,0,5.14,3,6
informative,outlier_strong,initial_batch_no_updates,True,4.0,100,100,0,1.0,0.9630065017930143,1.0,100,1.0,0.9630065017930143,1.0,{},44.25860956756723,91.10178169883035,13.889460060344456,29.95394591243952,100,100,0.54,0.44264860323368227,0.6343919169097589,0.54,0.44264860323368227,0.6343919169097589,54,linear,whole_base_sequence,971.5434579391049,4049.373971176454,6,0,0,nan,nan,nan,2,True,0.00013794899947242812,0.0,0.0,0.0021326286588295574,1878.2933163155608,4558.805242637057,3.9963018600094085,True,True,False,45.0,45,45,45.0,45,45,0.0,0,0,12.58,12,14,6.23,6,9,6.23,6,9,0.0,0,0,0.0,0,0,0.0,0,0,6.35,4,8
informative,outlier_strong,initial_batch_no_updates,True,4.5,100,100,0,1.0,0.9630065017930143,1.0,100,1.0,0.9630065017930143,1.0,{},51.14819471937825,104.37169744503448,13.889460060344456,29.95394591243952,100,100,0.54,0.44264860323368227,0.6343919169097589,0.54,0.44264860323368227,0.6343919169097589,54,linear,whole_base_sequence,971.5434579391039,4049.3739711764497,6,0,0,nan,nan,nan,2,True,0.00013406400161329656,0.0,0.0,0.0015302589302099495,3248.095644655503,7692.391069248278,4.497433791065652,True,True,False,45.0,45,45,45.0,45,45,0.0,0,0,14.95,14,15,6.23,6,9,6.23,6,9,0.0,0,0,0.0,0,0,0.0,0,0,8.72,6,9
informative,outlier_strong,initial_batch_no_updates,True,5.0,100,100,0,1.0,0.9630065017930143,1.0,100,1.0,0.9630065017930143,1.0,{},58.050923124722715,117.64248404117103,13.889460060344456,29.95394591243952,100,100,0.54,0.44264860323368227,0.6343919169097589,0.54,0.44264860323368227,0.6343919169097589,54,linear,whole_base_sequence,971.5434579391051,4049.373971176457,6,0,0,nan,nan,nan,2,True,0.00013674299989361317,0.0,0.0,0.0011436121846424261,5285.307772387585,12267.511376256352,4.9983023419214545,True,True,False,45.0,45,45,45.0,45,45,0.0,0,0,16.73,15,18,6.23,6,9,6.23,6,9,0.0,0,0,0.0,0,0,0.0,0,0,10.5,7,12
informative,outlier_strong,initial_batch_no_updates,True,5.5,100,100,0,1.0,0.9630065017930143,1.0,100,1.0,0.9630065017930143,1.0,{},64.96260523252936,130.91008661547738,13.889460060344456,29.95394591243952,100,100,0.54,0.44264860323368227,0.6343919169097589,0.54,0.44264860323368227,0.6343919169097589,54,linear,whole_base_sequence,971.543457939104,4049.373971176459,6,0,0,nan,nan,nan,2,True,0.0001385320010012947,0.0,0.0,0.0008834485495055607,8183.975772256181,18680.82216092615,5.499394054634216,True,True,False,45.0,45,45,45.0,45,45,0.0,0,0,18.25,18,19,6.23,6,9,6.23,6,9,0.0,0,0,0.0,0,0,0.0,0,0,12.02,9,13
informative,outlier_strong,initial_batch_no_updates,True,6.0,100,100,0,1.0,0.9630065017930143,1.0,100,1.0,0.9630065017930143,1.0,{},71.88065826038593,144.11415851595083,13.889460060344456,29.95394591243952,100,100,0.54,0.44264860323368227,0.6343919169097589,0.54,0.44264860323368227,0.6343919169097589,54,linear,whole_base_sequence,971.5434579391045,4049.373971176458,6,0,0,nan,nan,nan,2,True,0.00013876799901481717,0.0,0.0,0.0007012063767846189,12163.614737691594,27378.35975985302,5.9947520597755535,True,True,False,45.0,45,45,45.0,45,45,0.0,0,0,20.73,20,21,6.23,6,9,6.23,6,9,0.0,0,0,0.0,0,0,0.0,0,0,14.5,11,15
informative,outlier_strong,initial_batch_no_updates,True,6.5,100,100,0,1.0,0.9630065017930143,1.0,100,1.0,0.9630065017930143,1.0,{},78.80340434067095,158.99080794728263,13.889460060344456,29.95394591243952,100,100,0.54,0.44264860323368227,0.6343919169097589,0.54,0.44264860323368227,0.6343919169097589,54,linear,whole_base_sequence,971.543457939106,4049.373971176448,6,0,0,nan,nan,nan,2,True,0.0001374950003810227,0.0,0.0,0.0005691377054888084,17469.208919753095,38855.540937443286,6.497660566580254,True,True,False,45.0,45,45,45.0,45,45,0.0,0,0,22.12,21,23,6.23,6,9,6.23,6,9,0.0,0,0,0.0,0,0,0.0,0,0,15.89,13,17
informative,outlier_strong,initial_batch_no_updates,True,7.0,100,100,0,1.0,0.9630065017930143,1.0,100,1.0,0.9630065017930143,1.0,{},85.72970657710262,173.96697106126481,13.889460060344456,29.95394591243952,100,100,0.54,0.44264860323368227,0.6343919169097589,0.54,0.44264860323368227,0.6343919169097589,54,linear,whole_base_sequence,971.5434579391072,4049.373971176473,6,0,0,nan,nan,nan,2,True,0.00013826999871525915,0.0,0.0,0.0004706420351831441,24371.21178236601,54725.22559913814,6.915652850238421,True,True,False,45.0,45,45,45.0,45,45,0.0,0,0,24.0,24,24,6.23,6,9,6.23,6,9,0.0,0,0,0.0,0,0,0.0,0,0,17.77,15,18
informative,outlier_strong,initial_batch_no_updates,True,7.5,100,100,0,1.0,0.9630065017930143,1.0,100,1.0,0.9630065017930143,1.0,{},92.65876749826162,188.94326300857225,13.889460060344456,29.95394591243952,100,100,0.54,0.44264860323368227,0.6343919169097589,0.54,0.44264860323368227,0.6343919169097589,54,linear,whole_base_sequence,971.543457939104,4049.373971176461,6,0,0,nan,nan,nan,2,True,0.0001436649984680116,0.0,0.0,0.0003953699642099805,33154.51711757976,75844.69945956625,7.4995130582785885,True,True,False,45.0,45,45,45.0,45,45,0.0,0,0,26.37,25,27,6.23,6,9,6.23,6,9,0.0,0,0,0.0,0,0,0.0,0,0,20.14,17,21
informative,outlier_strong,initial_batch_no_updates,True,8.0,100,100,0,1.0,0.9630065017930143,1.0,100,1.0,0.9630065017930143,1.0,{},99.59001129220566,203.91965530781442,13.889460060344456,29.95394591243952,100,100,0.54,0.44264860323368227,0.6343919169097589,0.54,0.44264860323368227,0.6343919169097589,54,linear,whole_base_sequence,971.5434579391049,4049.373971176461,6,0,0,nan,nan,nan,2,True,0.00014106400078162551,0.0,0.0,0.00033663030967463124,44118.461648955534,102629.19041888331,7.999775122098295,True,True,False,45.0,45,45,45.0,45,45,0.0,0,0,27.56,27,29,6.23,6,9,6.23,6,9,0.0,0,0,0.0,0,0,0.0,0,0,21.33,18,23
informative,outlier_strong,initial_batch_no_updates,True,8.5,100,100,0,1.0,0.9630065017930143,1.0,100,1.0,0.9630065017930143,1.0,{},106.52301185401372,218.89612729740625,13.889460060344456,29.95394591243952,100,100,0.54,0.44264860323368227,0.6343919169097589,0.54,0.44264860323368227,0.6343919169097589,54,linear,whole_base_sequence,971.5434579391044,4049.373971176487,6,0,0,nan,nan,nan,2,True,0.00014036100037628785,0.0,0.0,0.00028995669043174434,57623.86625195881,136020.83910717937,8.493488506780311,True,True,False,45.0,45,45,45.0,45,45,0.0,0,0,29.94,29,30,6.23,6,9,6.23,6,9,0.0,0,0,0.0,0,0,0.0,0,0,23.71,21,24
informative,outlier_strong,initial_batch_no_updates,True,9.0,100,100,0,1.0,0.9630065017930143,1.0,100,1.0,0.9630065017930143,1.0,{},113.45744713372937,233.87266362401064,13.889460060344456,29.95394591243952,100,100,0.54,0.44264860323368227,0.6343919169097589,0.54,0.44264860323368227,0.6343919169097589,54,linear,whole_base_sequence,971.5434579391047,4049.373971176438,6,0,0,nan,nan,nan,2,True,0.00014165200118441135,0.0,0.0,0.0002522829844800962,74092.13165331763,177034.92597021334,8.999999142164,True,True,False,45.0,45,45,45.0,45,45,0.0,0,0,31.84,30,33,6.23,6,9,6.23,6,9,0.0,0,0,0.0,0,0,0.0,0,0,25.61,22,27
informative,outlier_strong,initial_batch_no_updates,True,9.5,100,100,0,1.0,0.9630065017930143,1.0,100,1.0,0.9630065017930143,1.0,{},120.3930692197005,248.84925264060269,13.889460060344456,29.95394591243952,100,100,0.54,0.44264860323368227,0.6343919169097589,0.54,0.44264860323368227,0.6343919169097589,54,linear,whole_base_sequence,971.5434579391076,4049.3739711764233,6,0,0,nan,nan,nan,2,True,0.0001432069990551099,0.0,0.0,0.00022145165213216351,93901.9189458376,226759.8726048078,9.499376430636863,True,True,False,45.0,45,45,45.0,45,45,0.0,0,0,33.29,33,34,6.23,6,9,6.23,6,9,0.0,0,0,0.0,0,0,0.0,0,0,27.06,24,28
informative,outlier_strong,offline_full_record_noncausal,False,14.5,100,79,21,0.79,0.7002003116591013,0.858343459380847,79,0.79,0.7002003116591013,0.858343459380847,"{""projected_kkt_not_satisfied"": 21}",8.118032788910147,15.186581114367426,0.8212927931516021,1.6197366547005876,79,100,0.0,0.0,0.04637121165392266,0.0,0.0,0.03699349820698568,0,linear,whole_base_sequence,962.3476881506168,2376.043356306289,6,0,0,nan,nan,nan,2,True,0.4385834779997822,0.0,0.0,6.311662723881344e-05,4317.30785144581,5687.401242763196,12.518057268766759,True,True,False,45.0,45,45,45.0,45,45,0.0,0,0,45.0,45,45,45.0,45,45,0.0,0,0,0.0,0,0,0.0,0,0,0.0,0,0,0.0,0,0
informative,outlier_strong,retarded_ekf,True,0.0,100,0,100,0.0,0.0,0.03699349820698568,0,0.0,0.0,0.03699349820698568,"{""not_initialized"": 100}",nan,nan,nan,nan,0,100,nan,nan,nan,0.0,0.0,0.03699349820698568,0,linear,whole_base_sequence,nan,nan,6,0,0,nan,nan,nan,2,True,2.579499821877107e-05,0.0,nan,nan,nan,nan,nan,True,True,False,45.0,45,45,45.0,45,45,0.0,0,0,0.0,0,0,0.0,0,0,0.0,0,0,0.0,0,0,0.0,0,0,0.0,0,0,0.0,0,0
informative,outlier_strong,retarded_ekf,True,0.5,100,0,100,0.0,0.0,0.03699349820698568,0,0.0,0.0,0.03699349820698568,"{""not_initialized"": 100}",nan,nan,nan,nan,0,100,nan,nan,nan,0.0,0.0,0.03699349820698568,0,linear,whole_base_sequence,nan,nan,6,0,0,nan,nan,nan,2,True,1.470700022764504e-05,0.0,nan,nan,nan,nan,nan,True,True,False,45.0,45,45,45.0,45,45,0.0,0,0,0.0,0,0,0.0,0,0,0.0,0,0,0.0,0,0,0.0,0,0,0.0,0,0,0.0,0,0
informative,outlier_strong,retarded_ekf,True,1.0,100,0,100,0.0,0.0,0.03699349820698568,0,0.0,0.0,0.03699349820698568,"{""not_initialized"": 100}",nan,nan,nan,nan,0,100,nan,nan,nan,0.0,0.0,0.03699349820698568,0,linear,whole_base_sequence,nan,nan,6,0,0,nan,nan,nan,2,True,0.00017991799832088872,0.0,nan,nan,nan,nan,0.9967749566603704,True,True,False,45.0,45,45,45.0,45,45,0.0,0,0,1.73,0,3,0.0,0,0,0.0,0,0,0.0,0,0,0.0,0,0,0.0,0,0,1.73,0,3
informative,outlier_strong,retarded_ekf,True,1.5,100,0,100,0.0,0.0,0.03699349820698568,0,0.0,0.0,0.03699349820698568,"{""not_initialized"": 100}",nan,nan,nan,nan,0,100,nan,nan,nan,0.0,0.0,0.03699349820698568,0,linear,whole_base_sequence,nan,nan,6,0,0,nan,nan,nan,2,True,0.00023708500288194045,0.0,nan,nan,nan,nan,1.4913231439540178,True,True,False,45.0,45,45,45.0,45,45,0.0,0,0,3.26,3,4,0.0,0,0,0.0,0,0,0.0,0,0,0.0,0,0,0.0,0,0,3.26,3,4
informative,outlier_strong,retarded_ekf,True,10.0,100,57,43,0.57,0.47215389549212305,0.6626670147588988,57,0.57,0.47215389549212305,0.6626670147588988,"{""initialization_failed:initialization_quality_gate_failed"": 35, ""initialization_failed:projected_kkt_not_satisfied"": 8}",6.822112778502357,13.490079664636118,0.9253005478945856,1.6408378894345463,57,100,0.03508771929824561,0.009675664344932881,0.11920781367625805,0.02,0.00550196755016235,0.07001179072854388,2,linear,whole_base_sequence,769.0541254687846,2059.300579143865,6,136,0,265.72081090501246,2088.536818049847,0.3161764705882353,2,True,0.35700577000010525,0.001085456999426242,0.0,0.00013807469041979934,1057.6258686025776,1790.4648809970347,9.997820068562422,True,True,False,45.0,45,45,45.0,45,45,0.0,0,0,35.66,35,36,23.13,6,36,6.23,6,9,16.9,0,30,0.0,0,0,0.0,0,0,12.53,0,30
informative,outlier_strong,retarded_ekf,True,10.5,100,57,43,0.57,0.47215389549212305,0.6626670147588988,57,0.57,0.47215389549212305,0.6626670147588988,"{""initialization_failed:initialization_quality_gate_failed"": 36, ""initialization_failed:projected_kkt_not_satisfied"": 7}",6.707626316799375,12.443476911524966,0.8732008099552749,1.5436367717974773,57,100,0.03508771929824561,0.009675664344932881,0.11920781367625805,0.02,0.00550196755016235,0.07001179072854388,2,linear,whole_base_sequence,764.0154651326818,1948.1452540764399,6,80,0,217.3292085439482,1648.1985559543516,0.35,2,True,0.20865197899984195,0.0006575939978938549,0.0,0.00011942188385353683,1269.8721966231071,2064.6618653968135,10.498689429034023,True,True,False,45.0,45,45,45.0,45,45,0.0,0,0,37.03,36,38,23.93,6,38,6.23,6,9,17.7,0,32,0.0,0,0,0.0,0,0,13.1,0,32
informative,outlier_strong,retarded_ekf,True,11.0,100,57,43,0.57,0.47215389549212305,0.6626670147588988,57,0.57,0.47215389549212305,0.6626670147588988,"{""initialization_failed:initialization_quality_gate_failed"": 37, ""initialization_failed:projected_kkt_not_satisfied"": 6}",6.341006229669995,12.06160634633444,0.814045392297434,1.425943048639533,57,100,0.03508771929824561,0.009675664344932881,0.11920781367625805,0.02,0.00550196755016235,0.07001179072854388,2,linear,whole_base_sequence,791.3613281810696,1929.4791231615736,6,111,0,375.2476200670923,3420.9163419049332,0.2882882882882883,2,True,0.33260794400179294,0.0009359690005658195,0.0,0.00010417154699450942,1399.3085720419554,2218.5484369105416,10.914528266618438,True,True,False,45.0,45,45,45.0,45,45,0.0,0,0,39.0,39,39,25.04,6,39,6.23,6,9,18.81,0,33,0.0,0,0,0.0,0,0,13.96,0,33
informative,outlier_strong,retarded_ekf,True,11.5,100,57,43,0.57,0.47215389549212305,0.6626670147588988,57,0.57,0.47215389549212305,0.6626670147588988,"{""initialization_failed:initialization_quality_gate_failed"": 39, ""initialization_failed:projected_kkt_not_satisfied"": 4}",6.554377039870025,13.766816285610204,0.7905439497813908,1.5008017743169393,57,100,0.03508771929824561,0.009675664344932881,0.11920781367625805,0.02,0.00550196755016235,0.07001179072854388,2,linear,whole_base_sequence,821.3316900997597,1959.8931210889577,6,130,0,310.0906914851669,2790.5867779857163,0.3230769230769231,2,True,0.3780898629990406,0.0010327680010232144,0.0,9.156472325569677e-05,1566.213412344486,2389.155193902458,11.491029988443925,True,True,False,45.0,45,45,45.0,45,45,0.0,0,0,41.23,40,42,26.34,6,42,6.23,6,9,20.11,0,36,0.0,0,0,0.0,0,0,14.89,0,36
informative,outlier_strong,retarded_ekf,True,12.0,100,57,43,0.57,0.47215389549212305,0.6626670147588988,57,0.57,0.47215389549212305,0.6626670147588988,"{""initialization_failed:initialization_quality_gate_failed"": 39, ""initialization_failed:projected_kkt_not_satisfied"": 4}",6.8383807129361385,14.286638300616378,0.7843811917832965,1.5134860037059843,57,100,0.03508771929824561,0.009675664344932881,0.11920781367625805,0.02,0.00550196755016235,0.07001179072854388,2,linear,whole_base_sequence,838.3794955732293,1852.3628563929863,6,70,0,374.4016608914388,3017.9039570132472,0.3,2,True,0.23241523400094594,0.0005566260014893487,0.0,8.10434692247382e-05,1851.7324925421524,3005.1734772056534,11.99510352738712,True,True,False,45.0,45,45,45.0,45,45,0.0,0,0,42.5,42,44,27.04,6,44,6.23,6,9,20.81,0,38,0.0,0,0,0.0,0,0,15.46,0,38
informative,outlier_strong,retarded_ekf,True,12.5,100,57,43,0.57,0.47215389549212305,0.6626670147588988,57,0.57,0.47215389549212305,0.6626670147588988,"{""initialization_failed:initialization_quality_gate_failed"": 33, ""initialization_failed:projected_kkt_not_satisfied"": 10}",6.437303187504815,12.547176290745876,0.7194568121862057,1.2924623537704714,57,100,0.017543859649122806,0.003103664651408093,0.09290749178567684,0.01,0.0017674320641406505,0.054486196178705315,1,linear,whole_base_sequence,823.4690587185976,1862.8497668018363,6,140,0,247.35550480357685,2165.6220785464056,0.30714285714285716,2,True,0.4619014319992857,0.0011401559997466393,0.0,7.2175634531431e-05,2012.5063059794059,3205.3586023089993,12.495613482491581,True,True,False,45.0,45,45,45.0,45,45,0.0,0,0,44.95,44,45,28.44,6,45,6.23,6,9,22.21,0,39,0.0,0,0,0.0,0,0,16.51,0,39
informative,outlier_strong,retarded_ekf,True,14.5,100,57,43,0.57,0.47215389549212305,0.6626670147588988,57,0.57,0.47215389549212305,0.6626670147588988,"{""initialization_failed:initialization_quality_gate_failed"": 33, ""initialization_failed:projected_kkt_not_satisfied"": 10}",7.791918154664225,15.042219296732657,0.7205089513255512,1.2924623537704714,57,100,0.0,0.0,0.06313883485297894,0.0,0.0,0.03699349820698568,0,linear,whole_base_sequence,824.1414054115239,1862.8497668018374,6,2,0,801.7357643743902,1522.4961119492816,0.5,2,True,0.012808164999296424,1.752900017891079e-05,0.0,4.785628135436407e-05,4389.111695597273,7084.140017770989,12.518057268766759,True,True,False,45.0,45,45,45.0,45,45,0.0,0,0,45.0,45,45,28.46,6,45,6.23,6,9,22.23,0,39,0.0,0,0,0.0,0,0,16.54,0,39
informative,outlier_strong,retarded_ekf,True,2.0,100,35,65,0.35,0.26364248243097527,0.44745556703112027,35,0.35,0.26364248243097527,0.44745556703112027,"{""initialization_failed:initialization_quality_gate_failed"": 25, ""initialization_failed:projected_kkt_not_satisfied"": 5, ""not_initialized"": 35}",6.062472233765258,2.5844177379075686,4.081792936646916,1.987383206227909,35,100,0.9142857142857143,0.7762072603410349,0.9704176317330301,0.32,0.23669147324999093,0.41662618610452384,32,linear,whole_base_sequence,76.90806956239408,15.060841774892948,6,0,0,nan,nan,nan,2,True,0.047761034998693504,0.0,0.0,0.01798541940925372,83.95509041138862,130.24027610275294,1.9921621128694267,True,True,False,45.0,45,45,45.0,45,45,0.0,0,0,5.65,5,6,3.6,0,6,3.6,0,6,0.0,0,0,0.0,0,0,0.0,0,0,2.05,0,6
informative,outlier_strong,retarded_ekf,True,2.5,100,57,43,0.57,0.47215389549212305,0.6626670147588988,57,0.57,0.47215389549212305,0.6626670147588988,"{""initialization_failed:initialization_quality_gate_failed"": 40, ""initialization_failed:projected_kkt_not_satisfied"": 3}",10.85531808358903,32.82568005718698,5.826410655930421,18.015133025552434,57,100,0.8771929824561403,0.7675355156482598,0.9392193984100191,0.5,0.4038315303659956,0.5961684696340044,50,linear,whole_base_sequence,197.01056469584725,2088.22651302955,6,63,0,139.15210016227707,1302.1337910386083,0.7936507936507936,2,True,0.06636587099957979,0.0005163060003542341,0.0,0.01084458828058105,140.32064081765418,255.56364380724546,2.499678560387105,True,True,False,45.0,45,45,45.0,45,45,0.0,0,0,7.08,6,8,6.68,0,8,6.05,0,8,0.63,0,2,0.0,0,0,0.0,0,0,0.4,0,6
informative,outlier_strong,retarded_ekf,True,3.0,100,57,43,0.57,0.47215389549212305,0.6626670147588988,57,0.57,0.47215389549212305,0.6626670147588988,"{""initialization_failed:initialization_quality_gate_failed"": 40, ""initialization_failed:projected_kkt_not_satisfied"": 3}",10.969492763256175,24.828241914584503,4.91313751143066,11.439473512369874,57,100,0.6842105263157895,0.5552022530213656,0.7899571236117475,0.39,0.3001687400639441,0.4879698295415926,39,linear,whole_base_sequence,430.8044113426535,2079.5917009975847,6,108,0,252.0850373709566,1232.8484384637939,0.7129629629629629,2,True,0.08698016500042285,0.0008358669999870472,0.0,0.005871110949605333,124.64372941129251,225.5971081871589,2.903590347337971,True,True,False,45.0,45,45,45.0,45,45,0.0,0,0,9.0,9,9,7.94,6,9,6.23,6,9,1.71,0,3,0.0,0,0,0.0,0,0,1.06,0,3
informative,outlier_strong,retarded_ekf,True,3.5,100,57,43,0.57,0.47215389549212305,0.6626670147588988,57,0.57,0.47215389549212305,0.6626670147588988,"{""initialization_failed:initialization_quality_gate_failed"": 39, ""initialization_failed:projected_kkt_not_satisfied"": 4}",11.093669970429502,22.333096657424797,4.1829672085026095,8.503608407036184,57,100,0.5614035087719298,0.43278009454231503,0.6822730310020559,0.32,0.23669147324999093,0.41662618610452384,32,linear,whole_base_sequence,541.7108148425033,2669.6171842254084,6,131,0,273.4676466946518,1604.223373963992,0.5725190839694656,2,True,0.13004475299880142,0.0010426570012350568,0.0,0.0036286681640843805,134.1330281991511,276.0315013896813,3.4980329770829224,True,True,False,45.0,45,45,45.0,45,45,0.0,0,0,11.37,10,12,9.25,6,12,6.23,6,9,3.02,0,6,0.0,0,0,0.0,0,0,2.12,0,6
informative,outlier_strong,retarded_ekf,True,4.0,100,57,43,0.57,0.47215389549212305,0.6626670147588988,57,0.57,0.47215389549212305,0.6626670147588988,"{""initialization_failed:initialization_quality_gate_failed"": 43}",11.874799797847892,21.80756689405948,3.860855313513472,7.252926756254488,57,100,0.43859649122807015,0.317726968997944,0.5672199054576847,0.25,0.17545211362287672,0.34304463548061603,25,linear,whole_base_sequence,667.4870439421236,2579.0476454688137,6,77,0,408.17045350516156,2607.5060822851433,0.45454545454545453,2,True,0.06016447899921332,0.0006225279995123856,0.0,0.002423027717259281,164.1708200887052,262.5879469171016,3.9963018600094085,True,True,False,45.0,45,45,45.0,45,45,0.0,0,0,12.58,12,14,10.02,6,14,6.23,6,9,3.79,0,8,0.0,0,0,0.0,0,0,2.56,0,7
informative,outlier_strong,retarded_ekf,True,4.5,100,57,43,0.57,0.47215389549212305,0.6626670147588988,57,0.57,0.47215389549212305,0.6626670147588988,"{""initialization_failed:initialization_quality_gate_failed"": 36, ""initialization_failed:projected_kkt_not_satisfied"": 7}",9.539565476131083,19.091525604319767,2.7239375432734128,5.467589678066042,57,100,0.3508771929824561,0.2400042200916009,0.480581046443498,0.2,0.1333669333310325,0.2888291655931589,20,linear,whole_base_sequence,697.7747801902653,2634.2738870844564,6,132,0,311.1439417701501,1789.0082425386483,0.4393939393939394,2,True,0.16024120599846356,0.0010506020003231242,0.0,0.001675632414614867,173.55921633099183,293.25470868171004,4.497433791065652,True,True,False,45.0,45,45,45.0,45,45,0.0,0,0,14.95,14,15,11.34,6,15,6.23,6,9,5.11,0,9,0.0,0,0,0.0,0,0,3.61,0,9
informative,outlier_strong,retarded_ekf,True,5.0,100,57,43,0.57,0.47215389549212305,0.6626670147588988,57,0.57,0.47215389549212305,0.6626670147588988,"{""initialization_failed:initialization_quality_gate_failed"": 35, ""initialization_failed:projected_kkt_not_satisfied"": 8}",9.835945195146254,21.20822146716291,2.562171273371423,5.400791289187708,57,100,0.3333333333333333,0.2249380607515073,0.4627748841994856,0.19,0.12514751509768735,0.27778845379064376,19,linear,whole_base_sequence,724.2152653458337,2809.503441020297,6,97,0,237.14933197202345,1261.2444764655577,0.38144329896907214,2,True,0.1414798620014335,0.0007610530010424554,0.0,0.0012141451171366726,228.4008769334853,372.75333595549233,4.9983023419214545,True,True,False,45.0,45,45,45.0,45,45,0.0,0,0,16.73,15,18,12.31,6,18,6.23,6,9,6.08,0,12,0.0,0,0,0.0,0,0,4.42,0,12
informative,outlier_strong,retarded_ekf,True,5.5,100,57,43,0.57,0.47215389549212305,0.6626670147588988,57,0.57,0.47215389549212305,0.6626670147588988,"{""initialization_failed:initialization_quality_gate_failed"": 37, ""initialization_failed:projected_kkt_not_satisfied"": 6}",9.122025680379146,19.82326267427969,2.10343443469672,4.557604957438142,57,100,0.2982456140350877,0.19532550074818086,0.42664280103459995,0.17,0.10893566114059931,0.25548004767601123,17,linear,whole_base_sequence,679.4185827851554,2189.2720505079424,6,86,0,437.8124114477844,2723.5262221941757,0.4186046511627907,2,True,0.12416260500089266,0.0006932119996054098,0.0,0.0009103737491642635,279.21660132295386,484.28438219523264,5.499394054634216,True,True,False,45.0,45,45,45.0,45,45,0.0,0,0,18.25,18,19,13.17,6,19,6.23,6,9,6.94,0,13,0.0,0,0,0.0,0,0,5.08,0,13
informative,outlier_strong,retarded_ekf,True,6.0,100,57,43,0.57,0.47215389549212305,0.6626670147588988,57,0.57,0.47215389549212305,0.6626670147588988,"{""initialization_failed:initialization_quality_gate_failed"": 35, ""initialization_failed:projected_kkt_not_satisfied"": 8}",7.794821267166781,15.873074510235984,1.6208391745792288,3.1941621325109306,57,100,0.24561403508771928,0.15232837470290395,0.37102296232755894,0.14,0.08526343659939134,0.22137188210963837,14,linear,whole_base_sequence,638.0444889073262,1864.135456596476,6,142,0,299.87973031530544,1710.6404121772243,0.3028169014084507,2,True,0.22379149099841014,0.0011560760010615922,0.0,0.0006972883900055958,302.5618724376416,567.1173638057177,5.9947520597755535,True,True,False,45.0,45,45,45.0,45,45,0.0,0,0,20.73,20,21,14.59,6,21,6.23,6,9,8.36,0,15,0.0,0,0,0.0,0,0,6.14,0,15
informative,outlier_strong,retarded_ekf,True,6.5,100,57,43,0.57,0.47215389549212305,0.6626670147588988,57,0.57,0.47215389549212305,0.6626670147588988,"{""initialization_failed:initialization_quality_gate_failed"": 36, ""initialization_failed:projected_kkt_not_satisfied"": 7}",7.625530099193159,14.463259853182112,1.4802771115332476,2.6450165169500353,57,100,0.22807017543859648,0.13841890498962192,0.3520601104567349,0.13,0.07757167427240512,0.20980351440076428,13,linear,whole_base_sequence,671.3195731300416,2496.5499158267116,6,79,0,336.4587515879448,2154.2002956877172,0.3670886075949367,2,True,0.13522365899727448,0.0006473789989831858,0.0,0.0005392284141557791,386.8081152795854,560.9237559091991,6.497660566580254,True,True,False,45.0,45,45,45.0,45,45,0.0,0,0,22.12,21,23,15.38,6,23,6.23,6,9,9.15,0,17,0.0,0,0,0.0,0,0,6.74,0,17
informative,outlier_strong,retarded_ekf,True,7.0,100,57,43,0.57,0.47215389549212305,0.6626670147588988,57,0.57,0.47215389549212305,0.6626670147588988,"{""initialization_failed:initialization_quality_gate_failed"": 41, ""initialization_failed:projected_kkt_not_satisfied"": 2}",7.310337822387081,15.018097498364282,1.2921119634539557,2.4078590433381772,57,100,0.19298245614035087,0.11132746980050533,0.3134069024776395,0.11,0.06254196357064568,0.18631296503080313,11,linear,whole_base_sequence,699.8105451357641,2671.540695588913,6,111,0,293.9706626237157,2016.5137980909617,0.32432432432432434,2,True,0.18472086999885506,0.0008973880007397384,0.0,0.000422089803128954,453.1062608822305,657.735848448566,6.915652850238421,True,True,False,45.0,45,45,45.0,45,45,0.0,0,0,24.0,24,24,16.49,6,24,6.23,6,9,10.26,0,18,0.0,0,0,0.0,0,0,7.51,0,18
informative,outlier_strong,retarded_ekf,True,7.5,100,57,43,0.57,0.47215389549212305,0.6626670147588988,57,0.57,0.47215389549212305,0.6626670147588988,"{""initialization_failed:initialization_quality_gate_failed"": 36, ""initialization_failed:projected_kkt_not_satisfied"": 7}",6.689440200523671,12.49319147136664,1.1174597590024544,2.032700439328557,57,100,0.15789473684210525,0.0853579597035527,0.2736317694063802,0.09,0.04807254000256516,0.1622621285271631,9,linear,whole_base_sequence,757.9401297300578,1994.1145793782223,6,143,0,231.52107850213167,2110.0445232420784,0.2867132867132867,2,True,0.24558497599995463,0.0011569120013155043,0.0,0.00033752074948946334,492.9427316831328,740.9745042180718,7.4995130582785885,True,True,False,45.0,45,45,45.0,45,45,0.0,0,0,26.37,25,27,17.92,6,27,6.23,6,9,11.69,0,21,0.0,0,0,0.0,0,0,8.45,0,21
informative,outlier_strong,retarded_ekf,True,8.0,100,57,43,0.57,0.47215389549212305,0.6626670147588988,57,0.57,0.47215389549212305,0.6626670147588988,"{""initialization_failed:initialization_quality_gate_failed"": 35, ""initialization_failed:projected_kkt_not_satisfied"": 8}",6.715829182672359,13.356021215719888,1.0549937695320841,2.1938844983784622,57,100,0.15789473684210525,0.0853579597035527,0.2736317694063802,0.09,0.04807254000256516,0.1622621285271631,9,linear,whole_base_sequence,755.8025911515782,1965.0638406724015,6,63,0,286.4235937745945,2386.8729901079178,0.3333333333333333,2,True,0.15950016500079073,0.0005085469983168877,0.0,0.0002746643052476286,631.3409176617959,847.8107556814987,7.999775122098295,True,True,False,45.0,45,45,45.0,45,45,0.0,0,0,27.56,27,29,18.55,6,29,6.23,6,9,12.32,0,23,0.0,0,0,0.0,0,0,9.01,0,23
informative,outlier_strong,retarded_ekf,True,8.5,100,57,43,0.57,0.47215389549212305,0.6626670147588988,57,0.57,0.47215389549212305,0.6626670147588988,"{""initialization_failed:initialization_quality_gate_failed"": 34, ""initialization_failed:projected_kkt_not_satisfied"": 9}",6.398528490651612,10.217682803027685,1.0073138193001105,1.858694890607798,57,100,0.12280701754385964,0.060780601589980846,0.23246448435174005,0.07,0.03431926106727268,0.137495147390735,7,linear,whole_base_sequence,713.5259525880173,1982.7045981000053,6,133,0,357.86707490840354,2734.62508317286,0.3308270676691729,2,True,0.31455688500165707,0.0011064959992654621,0.0,0.00022692311924680841,698.223442287784,1002.320848102558,8.493488506780311,True,True,False,45.0,45,45,45.0,45,45,0.0,0,0,29.94,29,30,19.88,6,30,6.23,6,9,13.65,0,24,0.0,0,0,0.0,0,0,10.06,0,24
informative,outlier_strong,retarded_ekf,True,9.0,100,57,43,0.57,0.47215389549212305,0.6626670147588988,57,0.57,0.47215389549212305,0.6626670147588988,"{""initialization_failed:initialization_quality_gate_failed"": 37, ""initialization_failed:projected_kkt_not_satisfied"": 6}",6.205958554468528,12.04799014418629,0.9253024925690023,1.7408906259334314,57,100,0.05263157894736842,0.01806029563366167,0.14369550397163527,0.03,0.010254524024038925,0.0845193642905276,3,linear,whole_base_sequence,695.6609322641807,1841.1705063775191,6,111,0,366.86514503072,3118.362275845541,0.24324324324324326,2,True,0.25152851000108056,0.0008973100004368462,0.0,0.00019009256476045536,830.937379638098,1231.04658737709,8.999999142164,True,True,False,45.0,45,45,45.0,45,45,0.0,0,0,31.84,30,33,20.99,6,33,6.23,6,9,14.76,0,27,0.0,0,0,0.0,0,0,10.85,0,27
informative,outlier_strong,retarded_ekf,True,9.5,100,57,43,0.57,0.47215389549212305,0.6626670147588988,57,0.57,0.47215389549212305,0.6626670147588988,"{""initialization_failed:initialization_quality_gate_failed"": 33, ""initialization_failed:projected_kkt_not_satisfied"": 10}",6.716036321707891,12.869899238090872,0.9634029059410667,1.7276937029804964,57,100,0.05263157894736842,0.01806029563366167,0.14369550397163527,0.03,0.010254524024038925,0.0845193642905276,3,linear,whole_base_sequence,748.07037260786,1915.157903754803,6,78,0,383.3783494075871,2468.1139983373782,0.2564102564102564,2,True,0.22689338500029407,0.0006216240004869178,0.0,0.0001611474077362851,968.5800022534165,1487.860845459051,9.499376430636863,True,True,False,45.0,45,45,45.0,45,45,0.0,0,0,33.29,33,34,21.77,6,34,6.23,6,9,15.54,0,28,0.0,0,0,0.0,0,0,11.52,0,28
poorly_conditioned,all_station_gap,causal_prefix_batch,True,0.0,100,0,100,0.0,0.0,0.03699349820698568,0,0.0,0.0,0.03699349820698568,"{""insufficient_measurements"": 100}",nan,nan,nan,nan,0,100,nan,nan,nan,0.0,0.0,0.03699349820698568,0,linear,whole_base_sequence,nan,nan,6,0,0,nan,nan,nan,2,True,4.5822001702617854e-05,0.0,nan,nan,nan,nan,nan,True,True,True,45.0,45,45,29.0,29,29,16.0,16,16,0.0,0,0,0.0,0,0,0.0,0,0,0.0,0,0,0.0,0,0,0.0,0,0,0.0,0,0
poorly_conditioned,all_station_gap,causal_prefix_batch,True,0.5,100,0,100,0.0,0.0,0.03699349820698568,0,0.0,0.0,0.03699349820698568,"{""insufficient_measurements"": 100}",nan,nan,nan,nan,0,100,nan,nan,nan,0.0,0.0,0.03699349820698568,0,linear,whole_base_sequence,nan,nan,6,0,0,nan,nan,nan,2,True,3.573399764718488e-05,0.0,nan,nan,nan,nan,nan,True,True,True,45.0,45,45,29.0,29,29,16.0,16,16,0.0,0,0,0.0,0,0,0.0,0,0,0.0,0,0,0.0,0,0,0.0,0,0,0.0,0,0
poorly_conditioned,all_station_gap,causal_prefix_batch,True,1.0,100,1,99,0.01,0.0017674320641406505,0.054486196178705315,1,0.01,0.0017674320641406505,0.054486196178705315,"{""insufficient_local_observability"": 9, ""insufficient_measurements"": 86, ""optimization_error:ValueError"": 3, ""projected_kkt_not_satisfied"": 1}",57.19331193542061,57.19331193542061,127.3570811268113,127.3570811268113,1,100,1.0,0.20654931437723745,1.0,0.01,0.0017674320641406505,0.054486196178705315,1,linear,whole_base_sequence,8.138388669383444,8.138388669383444,6,0,0,nan,nan,nan,2,True,0.3174735429987777,0.0,0.0,0.07374776961619395,129481643.10789263,129481643.10789263,0.9980244500028004,True,True,True,45.0,45,45,29.0,29,29,16.0,16,16,1.79,0,3,1.79,0,3,0.0,0,0,0.0,0,0,0.0,0,0,0.0,0,0,0.0,0,0
poorly_conditioned,all_station_gap,causal_prefix_batch,True,1.5,100,20,80,0.2,0.1333669333310325,0.2888291655931589,20,0.2,0.1333669333310325,0.2888291655931589,"{""insufficient_local_observability"": 77, ""optimization_error:ValueError"": 3}",57.4793076490944,116.56867250367496,60.50904469729638,122.4565838985656,20,100,0.9,0.6989663547715128,0.9721335187862319,0.18,0.1170022549894635,0.2666735838630073,18,linear,whole_base_sequence,9.511314640747951,28.369190387489894,6,0,0,nan,nan,nan,2,True,2.3069773050007645,0.0,0.0,0.036467875994294546,125363.66092557996,323449249.6058016,1.4964500178359175,True,True,True,45.0,45,45,29.0,29,29,16.0,16,16,3.19,3,4,3.19,3,4,0.0,0,0,0.0,0,0,0.0,0,0,0.0,0,0,0.0,0,0
poorly_conditioned,all_station_gap,causal_prefix_batch,True,10.0,100,100,0,1.0,0.9630065017930143,1.0,100,1.0,0.9630065017930143,1.0,{},0.5364928747972123,0.8974870109679001,0.08281603310060996,0.12718549592140263,100,100,0.95,0.8882495307680808,0.9784563208456319,0.95,0.8882495307680808,0.9784563208456319,95,linear,whole_base_sequence,6.148525988523544,11.867863907666669,6,0,0,nan,nan,nan,2,True,0.16793373999913455,0.0,0.0,0.0003942727050979761,372.3303618141896,515.7478668561747,9.989789698436592,True,True,True,45.0,45,45,29.0,29,29,16.0,16,16,19.74,19,20,19.74,19,20,0.0,0,0,0.0,0,0,0.0,0,0,0.0,0,0,0.0,0,0
poorly_conditioned,all_station_gap,causal_prefix_batch,True,10.5,100,100,0,1.0,0.9630065017930143,1.0,100,1.0,0.9630065017930143,1.0,{},0.5276372028361521,0.8564565534773035,0.0782923873913876,0.11983222111217721,100,100,0.94,0.8752318455410406,0.9722138760368118,0.94,0.8752318455410406,0.9722138760368118,94,linear,whole_base_sequence,6.113326049670859,12.612716343250014,6,0,0,nan,nan,nan,2,True,0.18056627800076966,0.0,0.0,0.0003481447925898199,427.43643775904843,524.1909168395304,10.498609775121441,True,True,True,45.0,45,45,29.0,29,29,16.0,16,16,21.15,20,22,21.15,20,22,0.0,0,0,0.0,0,0,0.0,0,0,0.0,0,0,0.0,0,0
poorly_conditioned,all_station_gap,causal_prefix_batch,True,11.0,100,100,0,1.0,0.9630065017930143,1.0,100,1.0,0.9630065017930143,1.0,{},0.4707302444358549,0.805236052419784,0.06943008127397995,0.10575709811559113,100,100,0.94,0.8752318455410406,0.9722138760368118,0.94,0.8752318455410406,0.9722138760368118,94,linear,whole_base_sequence,6.059247449941571,13.623895486547422,6,0,0,nan,nan,nan,2,True,0.19270823099912376,0.0,0.0,0.0003083746576348142,426.4414036467515,491.2254377641119,10.919532383859073,True,True,True,45.0,45,45,29.0,29,29,16.0,16,16,23.0,23,23,23.0,23,23,0.0,0,0,0.0,0,0,0.0,0,0,0.0,0,0,0.0,0,0
poorly_conditioned,all_station_gap,causal_prefix_batch,True,11.5,100,100,0,1.0,0.9630065017930143,1.0,100,1.0,0.9630065017930143,1.0,{},0.4800803247401271,0.7570323887196099,0.06704482263842461,0.1015702508079112,100,100,0.94,0.8752318455410406,0.9722138760368118,0.94,0.8752318455410406,0.9722138760368118,94,linear,whole_base_sequence,6.182241816543712,12.955108184893215,6,0,0,nan,nan,nan,2,True,0.21453355999925405,0.0,0.0,0.00027435085491074915,457.92135123776063,549.759841896689,11.499339348942456,True,True,True,45.0,45,45,29.0,29,29,16.0,16,16,25.28,24,26,25.28,24,26,0.0,0,0,0.0,0,0,0.0,0,0,0.0,0,0,0.0,0,0
poorly_conditioned,all_station_gap,causal_prefix_batch,True,12.0,100,100,0,1.0,0.9630065017930143,1.0,100,1.0,0.9630065017930143,1.0,{},0.4709464160825893,0.7738145820912482,0.0656210859786045,0.09593755191718481,100,100,0.94,0.8752318455410406,0.9722138760368118,0.94,0.8752318455410406,0.9722138760368118,94,linear,whole_base_sequence,6.077488705270473,12.976700619675997,6,0,0,nan,nan,nan,2,True,0.22501701200118987,0.0,0.0,0.00024462014118873613,510.4107105837817,565.8133864292932,11.997967432491361,True,True,True,45.0,45,45,29.0,29,29,16.0,16,16,26.5,26,28,26.5,26,28,0.0,0,0,0.0,0,0,0.0,0,0,0.0,0,0,0.0,0,0
poorly_conditioned,all_station_gap,causal_prefix_batch,True,12.5,100,100,0,1.0,0.9630065017930143,1.0,100,1.0,0.9630065017930143,1.0,{},0.45317238064199217,0.7256130200595319,0.0608050632225591,0.09509621940966292,100,100,0.96,0.9016292856411208,0.9843366960084523,0.96,0.9016292856411208,0.9843366960084523,96,linear,whole_base_sequence,6.3011410755292845,12.461077770237981,6,0,0,nan,nan,nan,2,True,0.24697262399859027,0.0,0.0,0.00021907682443346926,517.7931911783211,604.9625672625999,12.499319060207084,True,True,True,45.0,45,45,29.0,29,29,16.0,16,16,28.96,28,29,28.96,28,29,0.0,0,0,0.0,0,0,0.0,0,0,0.0,0,0,0.0,0,0
poorly_conditioned,all_station_gap,causal_prefix_batch,True,14.5,100,100,0,1.0,0.9630065017930143,1.0,100,1.0,0.9630065017930143,1.0,{},0.5568928159570159,0.8774382326507599,0.0610286025232795,0.0950962188107123,100,100,0.96,0.9016292856411208,0.9843366960084523,0.96,0.9016292856411208,0.9843366960084523,96,linear,whole_base_sequence,6.3448675003687764,12.461077770236889,6,0,0,nan,nan,nan,2,True,0.24984643800125922,0.0,0.0,0.00014466016769085422,1195.6492766864635,1392.4978390837723,12.518298918608764,True,True,True,45.0,45,45,29.0,29,29,16.0,16,16,29.0,29,29,29.0,29,29,0.0,0,0,0.0,0,0,0.0,0,0,0.0,0,0,0.0,0,0
poorly_conditioned,all_station_gap,causal_prefix_batch,True,2.0,100,100,0,1.0,0.9630065017930143,1.0,100,1.0,0.9630065017930143,1.0,{},1.7235193720525954,2.8680329824332755,1.324104496157526,2.142945068503587,100,100,0.94,0.8752318455410406,0.9722138760368118,0.94,0.8752318455410406,0.9722138760368118,94,linear,whole_base_sequence,5.785501943459317,12.687401991399591,6,0,0,nan,nan,nan,2,True,0.05988498100021388,0.0,0.0,0.02186619075329437,115.36873264013965,241.38249507459773,1.9974613505584822,True,True,True,45.0,45,45,29.0,29,29,16.0,16,16,5.76,5,6,5.76,5,6,0.0,0,0,0.0,0,0,0.0,0,0,0.0,0,0,0.0,0,0
poorly_conditioned,all_station_gap,causal_prefix_batch,True,2.5,100,100,0,1.0,0.9630065017930143,1.0,100,1.0,0.9630065017930143,1.0,{},1.5569494270127524,2.6775648719192513,0.9352456119915887,1.5947566511286175,100,100,0.98,0.929988209271456,0.9944980324498376,0.98,0.929988209271456,0.9944980324498376,98,linear,whole_base_sequence,5.588408261931337,12.019065774307084,6,0,0,nan,nan,nan,2,True,0.06962801599991508,0.0,0.0,0.012425409922032914,137.88253559204475,302.6516753619903,2.495801938814801,True,True,True,45.0,45,45,29.0,29,29,16.0,16,16,7.06,6,8,7.06,6,8,0.0,0,0,0.0,0,0,0.0,0,0,0.0,0,0,0.0,0,0
poorly_conditioned,all_station_gap,causal_prefix_batch,True,3.0,100,100,0,1.0,0.9630065017930143,1.0,100,1.0,0.9630065017930143,1.0,{},1.2483929935535105,2.057370139318704,0.6556207756638911,1.0649376131951103,100,100,0.95,0.8882495307680808,0.9784563208456319,0.95,0.8882495307680808,0.9784563208456319,95,linear,whole_base_sequence,5.751757526657623,12.576510895740967,6,0,0,nan,nan,nan,2,True,0.0869973520017811,0.0,0.0,0.007867969186404616,148.5192701646841,163.10733611371083,2.919467157505566,True,True,True,45.0,45,45,29.0,29,29,16.0,16,16,9.0,9,9,9.0,9,9,0.0,0,0,0.0,0,0,0.0,0,0,0.0,0,0,0.0,0,0
poorly_conditioned,all_station_gap,causal_prefix_batch,True,3.5,100,100,0,1.0,0.9630065017930143,1.0,100,1.0,0.9630065017930143,1.0,{},1.5586011688132249,2.5196961632919086,0.6556207757847093,1.064937620763325,100,100,0.95,0.8882495307680808,0.9784563208456319,0.95,0.8882495307680808,0.9784563208456319,95,linear,whole_base_sequence,5.751757528415223,12.576510894833115,6,0,0,nan,nan,nan,2,True,0.08615290800109505,0.0,0.0,0.005309599627674959,320.23131312751445,350.9801246478313,2.919467157505566,True,True,True,45.0,45,45,29.0,29,29,16.0,16,16,9.0,9,9,9.0,9,9,0.0,0,0,0.0,0,0,0.0,0,0,0.0,0,0,0.0,0,0
poorly_conditioned,all_station_gap,causal_prefix_batch,True,4.0,100,100,0,1.0,0.9630065017930143,1.0,100,1.0,0.9630065017930143,1.0,{},1.874809173492727,3.025936840161576,0.6556207754265533,1.0649376207264334,100,100,0.95,0.8882495307680808,0.9784563208456319,0.95,0.8882495307680808,0.9784563208456319,95,linear,whole_base_sequence,5.751757521957666,12.576510894832804,6,0,0,nan,nan,nan,2,True,0.08887960299907718,0.0,0.0,0.0037712185683544328,625.480849398632,683.9632955128374,2.919467157505566,True,True,True,45.0,45,45,29.0,29,29,16.0,16,16,9.0,9,9,9.0,9,9,0.0,0,0,0.0,0,0,0.0,0,0,0.0,0,0,0.0,0,0
poorly_conditioned,all_station_gap,causal_prefix_batch,True,4.5,100,100,0,1.0,0.9630065017930143,1.0,100,1.0,0.9630065017930143,1.0,{},2.194424888252584,3.5069223748905576,0.6556207762748553,1.064937611688371,100,100,0.95,0.8882495307680808,0.9784563208456319,0.95,0.8882495307680808,0.9784563208456319,95,linear,whole_base_sequence,5.751757527591469,12.576510896051882,6,0,0,nan,nan,nan,2,True,0.0887116410015733,0.0,0.0,0.0027949303514796004,1124.6755056720708,1228.0140396227825,2.919467157505566,True,True,True,45.0,45,45,29.0,29,29,16.0,16,16,9.0,9,9,9.0,9,9,0.0,0,0,0.0,0,0,0.0,0,0,0.0,0,0,0.0,0,0
poorly_conditioned,all_station_gap,causal_prefix_batch,True,5.0,100,100,0,1.0,0.9630065017930143,1.0,100,1.0,0.9630065017930143,1.0,{},2.5161500364903535,3.9962827529408913,0.6556207751337727,1.0649376206734151,100,100,0.95,0.8882495307680808,0.9784563208456319,0.95,0.8882495307680808,0.9784563208456319,95,linear,whole_base_sequence,5.751757520105672,12.576510894832168,6,0,0,nan,nan,nan,2,True,0.08669580099987798,0.0,0.0,0.0021444552690326898,1889.845209717093,2062.4578825436256,2.919467157505566,True,True,True,45.0,45,45,29.0,29,29,16.0,16,16,9.0,9,9,9.0,9,9,0.0,0,0,0.0,0,0,0.0,0,0,0.0,0,0,0.0,0,0
poorly_conditioned,all_station_gap,causal_prefix_batch,True,5.5,100,100,0,1.0,0.9630065017930143,1.0,100,1.0,0.9630065017930143,1.0,{},2.8392676461984134,4.498561383222834,0.6556207759562789,1.0649376117011529,100,100,0.95,0.8882495307680808,0.9784563208456319,0.95,0.8882495307680808,0.9784563208456319,95,linear,whole_base_sequence,5.7517575268826375,12.576510895722931,6,0,0,nan,nan,nan,2,True,0.08889696200116305,0.0,0.0,0.0016925947852854857,3007.58247320006,3279.9960933345455,2.919467157505566,True,True,True,45.0,45,45,29.0,29,29,16.0,16,16,9.0,9,9,9.0,9,9,0.0,0,0,0.0,0,0,0.0,0,0,0.0,0,0,0.0,0,0
poorly_conditioned,all_station_gap,causal_prefix_batch,True,6.0,100,100,0,1.0,0.9630065017930143,1.0,100,1.0,0.9630065017930143,1.0,{},3.1633510396575613,5.0187018910540635,0.6556207757109586,1.0649376132643937,100,100,0.95,0.8882495307680808,0.9784563208456319,0.95,0.8882495307680808,0.9784563208456319,95,linear,whole_base_sequence,5.7517575266928205,12.576510895712078,6,0,0,nan,nan,nan,2,True,0.0886631670006318,0.0,0.0,0.0013674403435017834,4576.25606986701,4986.708177437295,2.919467157505566,True,True,True,45.0,45,45,29.0,29,29,16.0,16,16,9.0,9,9,9.0,9,9,0.0,0,0,0.0,0,0,0.0,0,0,0.0,0,0,0.0,0,0
poorly_conditioned,all_station_gap,causal_prefix_batch,True,6.5,100,100,0,1.0,0.9630065017930143,1.0,100,1.0,0.9630065017930143,1.0,{},3.4881310306009228,5.552713884938313,0.6556207742929555,1.064937620671603,100,100,0.95,0.8882495307680808,0.9784563208456319,0.95,0.8882495307680808,0.9784563208456319,95,linear,whole_base_sequence,5.7517575133897045,12.576510895712111,6,0,0,nan,nan,nan,2,True,0.08863508200040088,0.0,0.0,0.0011263903689132375,6703.53915726294,7302.052793737332,2.919467157505566,True,True,True,45.0,45,45,29.0,29,29,16.0,16,16,9.0,9,9,9.0,9,9,0.0,0,0,0.0,0,0,0.0,0,0,0.0,0,0,0.0,0,0
poorly_conditioned,all_station_gap,causal_prefix_batch,True,7.0,100,100,0,1.0,0.9630065017930143,1.0,100,1.0,0.9630065017930143,1.0,{},3.813429660480875,6.10859669159013,0.6556207754201683,1.064937613281599,100,100,0.95,0.8882495307680808,0.9784563208456319,0.95,0.8882495307680808,0.9784563208456319,95,linear,whole_base_sequence,5.751757519243446,12.576510896050724,6,0,0,nan,nan,nan,2,True,0.08538690999906975,0.0,0.0,0.0009431151515594874,9512.847093493667,10358.868133849674,2.919467157505566,True,True,True,45.0,45,45,29.0,29,29,16.0,16,16,9.0,9,9,9.0,9,9,0.0,0,0,0.0,0,0,0.0,0,0,0.0,0,0,0.0,0,0
poorly_conditioned,all_station_gap,causal_prefix_batch,True,7.5,100,100,0,1.0,0.9630065017930143,1.0,100,1.0,0.9630065017930143,1.0,{},2.215811512930706,4.491777555825335,0.35315450938014187,0.6506719579109507,100,100,0.93,0.8625048526092651,0.9656807389327273,0.93,0.8625048526092651,0.9656807389327273,93,linear,whole_base_sequence,6.253377833353889,14.184985991719621,6,0,0,nan,nan,nan,2,True,0.10055448099970818,0.0,0.0,0.0008002577993457698,7765.9619777947755,13741.965468863169,7.49663367385701,True,True,True,45.0,45,45,29.0,29,29,16.0,16,16,10.35,9,11,10.35,9,11,0.0,0,0,0.0,0,0,0.0,0,0,0.0,0,0,0.0,0,0
poorly_conditioned,all_station_gap,causal_prefix_batch,True,8.0,100,100,0,1.0,0.9630065017930143,1.0,100,1.0,0.9630065017930143,1.0,{},0.9944402503369384,1.6310249152408327,0.1620469973320236,0.27638845850034294,100,100,0.92,0.8500189229905127,0.9589065385156194,0.92,0.8500189229905127,0.9589065385156194,92,linear,whole_base_sequence,6.362133777801793,14.197108581656677,6,0,0,nan,nan,nan,2,True,0.10698977399966679,0.0,0.0,0.0006853346954601659,700.9091414089024,995.920998861772,7.997989549354098,True,True,True,45.0,45,45,29.0,29,29,16.0,16,16,11.6,11,13,11.6,11,13,0.0,0,0,0.0,0,0,0.0,0,0,0.0,0,0,0.0,0,0
poorly_conditioned,all_station_gap,causal_prefix_batch,True,8.5,100,100,0,1.0,0.9630065017930143,1.0,100,1.0,0.9630065017930143,1.0,{},0.6848352056790766,1.1429593871883188,0.11734763798967465,0.20507928424243446,100,100,0.95,0.8882495307680808,0.9784563208456319,0.95,0.8882495307680808,0.9784563208456319,95,linear,whole_base_sequence,5.884929467521946,11.8128709035159,6,0,0,nan,nan,nan,2,True,0.12350706900091608,0.0,0.0,0.0005911833751213962,436.83512027749316,796.8598738825044,8.499101501616938,True,True,True,45.0,45,45,29.0,29,29,16.0,16,16,13.96,13,14,13.96,13,14,0.0,0,0,0.0,0,0,0.0,0,0,0.0,0,0,0.0,0,0
poorly_conditioned,all_station_gap,causal_prefix_batch,True,9.0,100,100,0,1.0,0.9630065017930143,1.0,100,1.0,0.9630065017930143,1.0,{},0.6349300465250569,1.010437154532177,0.10639426316163443,0.17780493465692826,100,100,0.95,0.8882495307680808,0.9784563208456319,0.95,0.8882495307680808,0.9784563208456319,95,linear,whole_base_sequence,5.932001360104076,11.930409464163537,6,0,0,nan,nan,nan,2,True,0.13779202300123872,0.0,0.0,0.000514065871509179,463.8963865121258,589.0972694389169,8.999106114578835,True,True,True,45.0,45,45,29.0,29,29,16.0,16,16,15.83,14,17,15.83,14,17,0.0,0,0,0.0,0,0,0.0,0,0,0.0,0,0,0.0,0,0
poorly_conditioned,all_station_gap,causal_prefix_batch,True,9.5,100,100,0,1.0,0.9630065017930143,1.0,100,1.0,0.9630065017930143,1.0,{},0.6025788721023584,0.9890618501171824,0.09642083155919967,0.147671328259589,100,100,0.94,0.8752318455410406,0.9722138760368118,0.94,0.8752318455410406,0.9722138760368118,94,linear,whole_base_sequence,6.208365485849428,12.770176219200804,6,0,0,nan,nan,nan,2,True,0.1487773550010752,0.0,0.0,0.0004490429879561089,424.0474522908146,476.67695184697794,9.49477757693301,True,True,True,45.0,45,45,29.0,29,29,16.0,16,16,17.2,17,18,17.2,17,18,0.0,0,0,0.0,0,0,0.0,0,0,0.0,0,0,0.0,0,0
poorly_conditioned,all_station_gap,initial_batch_no_updates,True,0.0,100,0,100,0.0,0.0,0.03699349820698568,0,0.0,0.0,0.03699349820698568,"{""not_initialized"": 100}",nan,nan,nan,nan,0,100,nan,nan,nan,0.0,0.0,0.03699349820698568,0,linear,whole_base_sequence,nan,nan,6,0,0,nan,nan,nan,2,True,2.4580018362030388e-06,0.0,nan,nan,nan,nan,nan,True,True,True,45.0,45,45,29.0,29,29,16.0,16,16,0.0,0,0,0.0,0,0,0.0,0,0,0.0,0,0,0.0,0,0,0.0,0,0,0.0,0,0
poorly_conditioned,all_station_gap,initial_batch_no_updates,True,0.5,100,0,100,0.0,0.0,0.03699349820698568,0,0.0,0.0,0.03699349820698568,"{""not_initialized"": 100}",nan,nan,nan,nan,0,100,nan,nan,nan,0.0,0.0,0.03699349820698568,0,linear,whole_base_sequence,nan,nan,6,0,0,nan,nan,nan,2,True,2.0350015256553887e-06,0.0,nan,nan,nan,nan,nan,True,True,True,45.0,45,45,29.0,29,29,16.0,16,16,0.0,0,0,0.0,0,0,0.0,0,0,0.0,0,0,0.0,0,0,0.0,0,0,0.0,0,0
poorly_conditioned,all_station_gap,initial_batch_no_updates,True,1.0,100,0,100,0.0,0.0,0.03699349820698568,0,0.0,0.0,0.03699349820698568,"{""not_initialized"": 100}",nan,nan,nan,nan,0,100,nan,nan,nan,0.0,0.0,0.03699349820698568,0,linear,whole_base_sequence,nan,nan,6,0,0,nan,nan,nan,2,True,2.3420009529218076e-06,0.0,nan,nan,nan,nan,0.9980244500028004,True,True,True,45.0,45,45,29.0,29,29,16.0,16,16,1.79,0,3,0.0,0,0,0.0,0,0,0.0,0,0,0.0,0,0,0.0,0,0,1.79,0,3
poorly_conditioned,all_station_gap,initial_batch_no_updates,True,1.5,100,0,100,0.0,0.0,0.03699349820698568,0,0.0,0.0,0.03699349820698568,"{""not_initialized"": 100}",nan,nan,nan,nan,0,100,nan,nan,nan,0.0,0.0,0.03699349820698568,0,linear,whole_base_sequence,nan,nan,6,0,0,nan,nan,nan,2,True,3.535998403094709e-06,0.0,nan,nan,nan,nan,1.4964500178359175,True,True,True,45.0,45,45,29.0,29,29,16.0,16,16,3.19,3,4,0.0,0,0,0.0,0,0,0.0,0,0,0.0,0,0,0.0,0,0,3.19,3,4
poorly_conditioned,all_station_gap,initial_batch_no_updates,True,10.0,100,100,0,1.0,0.9630065017930143,1.0,100,1.0,0.9630065017930143,1.0,{},11.532302484944928,19.28380530261898,1.2535911965542845,2.040906600362046,100,100,0.94,0.8752318455410406,0.9722138760368118,0.94,0.8752318455410406,0.9722138760368118,94,linear,whole_base_sequence,5.794231549913125,12.646054015123966,6,0,0,nan,nan,nan,2,True,0.000137135999975726,0.0,0.0,0.0005712893402247451,146636.0479041242,160309.8441350496,9.989789698436592,True,True,True,45.0,45,45,29.0,29,29,16.0,16,16,19.74,19,20,6.0,6,6,6.0,6,6,0.0,0,0,0.0,0,0,0.0,0,0,13.74,13,14
poorly_conditioned,all_station_gap,initial_batch_no_updates,True,10.5,100,100,0,1.0,0.9630065017930143,1.0,100,1.0,0.9630065017930143,1.0,{},12.158410415643731,20.304189519860508,1.2535911965542845,2.040906600362046,100,100,0.94,0.8752318455410406,0.9722138760368118,0.94,0.8752318455410406,0.9722138760368118,94,linear,whole_base_sequence,5.794231549913087,12.646054015124877,6,0,0,nan,nan,nan,2,True,0.00013924500060966238,0.0,0.0,0.0005136846925714143,181032.25912320975,197925.83414125736,10.498609775121441,True,True,True,45.0,45,45,29.0,29,29,16.0,16,16,21.15,20,22,6.0,6,6,6.0,6,6,0.0,0,0,0.0,0,0,0.0,0,0,15.15,14,16
poorly_conditioned,all_station_gap,initial_batch_no_updates,True,11.0,100,100,0,1.0,0.9630065017930143,1.0,100,1.0,0.9630065017930143,1.0,{},12.784585738702686,21.324580498303593,1.2535911965542845,2.040906600362046,100,100,0.94,0.8752318455410406,0.9722138760368118,0.94,0.8752318455410406,0.9722138760368118,94,linear,whole_base_sequence,5.794231549913101,12.646054015124419,6,0,0,nan,nan,nan,2,True,0.00013996799883898348,0.0,0.0,0.00046434267204334867,221219.56842950237,241833.40750457929,10.919532383859073,True,True,True,45.0,45,45,29.0,29,29,16.0,16,16,23.0,23,23,6.0,6,6,6.0,6,6,0.0,0,0,0.0,0,0,0.0,0,0,17.0,17,17
poorly_conditioned,all_station_gap,initial_batch_no_updates,True,11.5,100,100,0,1.0,0.9630065017930143,1.0,100,1.0,0.9630065017930143,1.0,{},13.410819014112654,22.344977291384367,1.2535911965542845,2.040906600362046,100,100,0.94,0.8752318455410406,0.9722138760368118,0.94,0.8752318455410406,0.9722138760368118,94,linear,whole_base_sequence,5.794231549913147,12.646054015123534,6,0,0,nan,nan,nan,2,True,0.00013812699995469302,0.0,0.0,0.00042176047427513937,267784.12965849513,292700.7549533981,11.499339348942456,True,True,True,45.0,45,45,29.0,29,29,16.0,16,16,25.28,24,26,6.0,6,6,6.0,6,6,0.0,0,0,0.0,0,0,0.0,0,0,19.28,18,20
poorly_conditioned,all_station_gap,initial_batch_no_updates,True,12.0,100,100,0,1.0,0.9630065017930143,1.0,100,1.0,0.9630065017930143,1.0,{},14.037102485640334,23.365379121396998,1.2535911965542845,2.040906600362046,100,100,0.94,0.8752318455410406,0.9722138760368118,0.94,0.8752318455410406,0.9722138760368118,94,linear,whole_base_sequence,5.794231549913166,12.64605401512344,6,0,0,nan,nan,nan,2,True,0.00013954699912574142,0.0,0.0,0.00038476103420829365,321367.22105218255,351229.9315933591,11.997967432491361,True,True,True,45.0,45,45,29.0,29,29,16.0,16,16,26.5,26,28,6.0,6,6,6.0,6,6,0.0,0,0,0.0,0,0,0.0,0,0,20.5,20,22
poorly_conditioned,all_station_gap,initial_batch_no_updates,True,12.5,100,100,0,1.0,0.9630065017930143,1.0,100,1.0,0.9630065017930143,1.0,{},14.663429721572436,24.385785343439363,1.2535911965542845,2.040906600362046,100,100,0.94,0.8752318455410406,0.9722138760368118,0.94,0.8752318455410406,0.9722138760368118,94,linear,whole_base_sequence,5.794231549913157,12.646054015124442,6,0,0,nan,nan,nan,2,True,0.00013695700123207645,0.0,0.0,0.00035241206597978476,382615.0061652546,418156.857083389,12.499319060207084,True,True,True,45.0,45,45,29.0,29,29,16.0,16,16,28.96,28,29,6.0,6,6,6.0,6,6,0.0,0,0,0.0,0,0,0.0,0,0,22.96,22,23
poorly_conditioned,all_station_gap,initial_batch_no_updates,True,14.5,100,100,0,1.0,0.9630065017930143,1.0,100,1.0,0.9630065017930143,1.0,{},17.16908051318943,28.46744454583846,1.2535911965542845,2.040906600362046,100,100,0.94,0.8752318455410406,0.9722138760368118,0.94,0.8752318455410406,0.9722138760368118,94,linear,whole_base_sequence,5.794231549913069,12.646054015123497,6,0,0,nan,nan,nan,2,True,0.00013885099964682011,0.0,0.0,0.00025656999759825173,718957.2480002872,785745.69620473,12.518298918608764,True,True,True,45.0,45,45,29.0,29,29,16.0,16,16,29.0,29,29,6.0,6,6,6.0,6,6,0.0,0,0,0.0,0,0,0.0,0,0,23.0,23,23
poorly_conditioned,all_station_gap,initial_batch_no_updates,True,2.0,100,76,24,0.76,0.6676766365018553,0.8330867444305122,76,0.76,0.6676766365018553,0.8330867444305122,"{""not_initialized"": 24}",1.6038174726382564,2.759207651016562,1.2686535808570505,2.099754992057864,76,100,0.9473684210526315,0.8723432742411035,0.9793445707006156,0.72,0.6251197129007884,0.7986031478881379,72,linear,whole_base_sequence,5.93781801613331,12.170714033450924,6,0,0,nan,nan,nan,2,True,0.00010389399831183255,0.0,0.0,0.02186619074838811,113.74161425519142,124.2184460191898,1.9974613505584822,True,True,True,45.0,45,45,29.0,29,29,16.0,16,16,5.76,5,6,4.56,0,6,4.56,0,6,0.0,0,0,0.0,0,0,0.0,0,0,1.2,0,5
poorly_conditioned,all_station_gap,initial_batch_no_updates,True,2.5,100,100,0,1.0,0.9630065017930143,1.0,100,1.0,0.9630065017930143,1.0,{},2.188448177240301,3.736193630740649,1.2535911965542845,2.040906600362046,100,100,0.94,0.8752318455410406,0.9722138760368118,0.94,0.8752318455410406,0.9722138760368118,94,linear,whole_base_sequence,5.794231549913121,12.64605401512436,6,0,0,nan,nan,nan,2,True,0.0001342909992672503,0.0,0.0,0.013600464461346096,288.46845202668993,315.4964492353323,2.495801938814801,True,True,True,45.0,45,45,29.0,29,29,16.0,16,16,7.06,6,8,6.0,6,6,6.0,6,6,0.0,0,0,0.0,0,0,0.0,0,0,1.06,0,2
poorly_conditioned,all_station_gap,initial_batch_no_updates,True,3.0,100,100,0,1.0,0.9630065017930143,1.0,100,1.0,0.9630065017930143,1.0,{},2.7992975895473067,4.739673019543939,1.2535911965542845,2.040906600362046,100,100,0.94,0.8752318455410406,0.9722138760368118,0.94,0.8752318455410406,0.9722138760368118,94,linear,whole_base_sequence,5.794231549913126,12.646054015124399,6,0,0,nan,nan,nan,2,True,0.0001374790008412674,0.0,0.0,0.008959358088853179,651.5439209903489,712.8232793231821,2.919467157505566,True,True,True,45.0,45,45,29.0,29,29,16.0,16,16,9.0,9,9,6.0,6,6,6.0,6,6,0.0,0,0,0.0,0,0,0.0,0,0,3.0,3,3
poorly_conditioned,all_station_gap,initial_batch_no_updates,True,3.5,100,100,0,1.0,0.9630065017930143,1.0,100,1.0,0.9630065017930143,1.0,{},3.4159294502760917,5.876247112645708,1.2535911965542845,2.040906600362046,100,100,0.94,0.8752318455410406,0.9722138760368118,0.94,0.8752318455410406,0.9722138760368118,94,linear,whole_base_sequence,5.79423154991313,12.646054015124498,6,0,0,nan,nan,nan,2,True,0.000137325998803135,0.0,0.0,0.006245035550484791,1318.6070249431527,1442.5888392822646,2.919467157505566,True,True,True,45.0,45,45,29.0,29,29,16.0,16,16,9.0,9,9,6.0,6,6,6.0,6,6,0.0,0,0,0.0,0,0,0.0,0,0,3.0,3,3
poorly_conditioned,all_station_gap,initial_batch_no_updates,True,4.0,100,100,0,1.0,0.9630065017930143,1.0,100,1.0,0.9630065017930143,1.0,{},4.035694050311655,7.020986991174571,1.2535911965542845,2.040906600362046,100,100,0.94,0.8752318455410406,0.9722138760368118,0.94,0.8752318455410406,0.9722138760368118,94,linear,whole_base_sequence,5.794231549913125,12.646054015124358,6,0,0,nan,nan,nan,2,True,0.00013945000304374844,0.0,0.0,0.004563477318638278,2435.478396994049,2665.028045772739,2.919467157505566,True,True,True,45.0,45,45,29.0,29,29,16.0,16,16,9.0,9,9,6.0,6,6,6.0,6,6,0.0,0,0,0.0,0,0,0.0,0,0,3.0,3,3
poorly_conditioned,all_station_gap,initial_batch_no_updates,True,4.5,100,100,0,1.0,0.9630065017930143,1.0,100,1.0,0.9630065017930143,1.0,{},4.657340911960113,8.06080721080135,1.2535911965542845,2.040906600362046,100,100,0.94,0.8752318455410406,0.9722138760368118,0.94,0.8752318455410406,0.9722138760368118,94,linear,whole_base_sequence,5.794231549913117,12.64605401512434,6,0,0,nan,nan,nan,2,True,0.00013454200088744984,0.0,0.0,0.0034642688371824535,4179.573949420618,4574.233512352181,2.919467157505566,True,True,True,45.0,45,45,29.0,29,29,16.0,16,16,9.0,9,9,6.0,6,6,6.0,6,6,0.0,0,0,0.0,0,0,0.0,0,0,3.0,3,3
poorly_conditioned,all_station_gap,initial_batch_no_updates,True,5.0,100,100,0,1.0,0.9630065017930143,1.0,100,1.0,0.9630065017930143,1.0,{},5.280205272217476,9.08086499632635,1.2535911965542845,2.040906600362046,100,100,0.94,0.8752318455410406,0.9722138760368118,0.94,0.8752318455410406,0.9722138760368118,94,linear,whole_base_sequence,5.7942315499131265,12.64605401512453,6,0,0,nan,nan,nan,2,True,0.00013527500006603078,0.0,0.0,0.002711973244229665,6761.081070636641,7398.1598456570755,2.919467157505566,True,True,True,45.0,45,45,29.0,29,29,16.0,16,16,9.0,9,9,6.0,6,6,6.0,6,6,0.0,0,0,0.0,0,0,0.0,0,0,3.0,3,3
poorly_conditioned,all_station_gap,initial_batch_no_updates,True,5.5,100,100,0,1.0,0.9630065017930143,1.0,100,1.0,0.9630065017930143,1.0,{},5.903901803665791,10.10100684552165,1.2535911965542845,2.040906600362046,100,100,0.94,0.8752318455410406,0.9722138760368118,0.94,0.8752318455410406,0.9722138760368118,94,linear,whole_base_sequence,5.794231549913109,12.646054015124442,6,0,0,nan,nan,nan,2,True,0.00013833399978466332,0.0,0.0,0.0021769278447610705,10418.901622216126,11398.6251216122,2.919467157505566,True,True,True,45.0,45,45,29.0,29,29,16.0,16,16,9.0,9,9,6.0,6,6,6.0,6,6,0.0,0,0,0.0,0,0,0.0,0,0,3.0,3,3
poorly_conditioned,all_station_gap,initial_batch_no_updates,True,6.0,100,100,0,1.0,0.9630065017930143,1.0,100,1.0,0.9630065017930143,1.0,{},6.528191996406231,11.1212085074863,1.2535911965542845,2.040906600362046,100,100,0.94,0.8752318455410406,0.9722138760368118,0.94,0.8752318455410406,0.9722138760368118,94,linear,whole_base_sequence,5.794231549913118,12.646054015124346,6,0,0,nan,nan,nan,2,True,0.00013903200044296682,0.0,0.0,0.0017839617795422482,15423.06551364527,16871.31143907586,2.919467157505566,True,True,True,45.0,45,45,29.0,29,29,16.0,16,16,9.0,9,9,6.0,6,6,6.0,6,6,0.0,0,0,0.0,0,0,0.0,0,0,3.0,3,3
poorly_conditioned,all_station_gap,initial_batch_no_updates,True,6.5,100,100,0,1.0,0.9630065017930143,1.0,100,1.0,0.9630065017930143,1.0,{},7.152920412013245,12.141454247582116,1.2535911965542845,2.040906600362046,100,100,0.94,0.8752318455410406,0.9722138760368118,0.94,0.8752318455410406,0.9722138760368118,94,linear,whole_base_sequence,5.794231549913128,12.646054015124404,6,0,0,nan,nan,nan,2,True,0.0001333910005632788,0.0,0.0,0.0014874308415404333,22080.076046528386,24145.765148038827,2.919467157505566,True,True,True,45.0,45,45,29.0,29,29,16.0,16,16,9.0,9,9,6.0,6,6,6.0,6,6,0.0,0,0,0.0,0,0,0.0,0,0,3.0,3,3
poorly_conditioned,all_station_gap,initial_batch_no_updates,True,7.0,100,100,0,1.0,0.9630065017930143,1.0,100,1.0,0.9630065017930143,1.0,{},7.777981456861947,13.161733408743432,1.2535911965542845,2.040906600362046,100,100,0.94,0.8752318455410406,0.9722138760368118,0.94,0.8752318455410406,0.9722138760368118,94,linear,whole_base_sequence,5.794231549913129,12.64605401512461,6,0,0,nan,nan,nan,2,True,0.00013550000090617687,0.0,0.0,0.0012584707011346348,30716.758433139606,33585.396951256786,2.919467157505566,True,True,True,45.0,45,45,29.0,29,29,16.0,16,16,9.0,9,9,6.0,6,6,6.0,6,6,0.0,0,0,0.0,0,0,0.0,0,0,3.0,3,3
poorly_conditioned,all_station_gap,initial_batch_no_updates,True,7.5,100,100,0,1.0,0.9630065017930143,1.0,100,1.0,0.9630065017930143,1.0,{},8.403300905597758,14.182038515168585,1.2535911965542845,2.040906600362046,100,100,0.94,0.8752318455410406,0.9722138760368118,0.94,0.8752318455410406,0.9722138760368118,94,linear,whole_base_sequence,5.794231549913134,12.6460540151244,6,0,0,nan,nan,nan,2,True,0.00013607899949420244,0.0,0.0,0.0010781708623273205,41693.480882731936,45587.48195367366,7.49663367385701,True,True,True,45.0,45,45,29.0,29,29,16.0,16,16,10.35,9,11,6.0,6,6,6.0,6,6,0.0,0,0,0.0,0,0,0.0,0,0,4.35,3,5
poorly_conditioned,all_station_gap,initial_batch_no_updates,True,8.0,100,100,0,1.0,0.9630065017930143,1.0,100,1.0,0.9630065017930143,1.0,{},9.028825068678154,15.202364167142584,1.2535911965542845,2.040906600362046,100,100,0.94,0.8752318455410406,0.9722138760368118,0.94,0.8752318455410406,0.9722138760368118,94,linear,whole_base_sequence,5.794231549913141,12.646054015124532,6,0,0,nan,nan,nan,2,True,0.0001351359990076162,0.0,0.0,0.0009337541302834447,55417.04265665805,60583.15968731482,7.997989549354098,True,True,True,45.0,45,45,29.0,29,29,16.0,16,16,11.6,11,13,6.0,6,6,6.0,6,6,0.0,0,0,0.0,0,0,0.0,0,0,5.6,5,7
poorly_conditioned,all_station_gap,initial_batch_no_updates,True,8.5,100,100,0,1.0,0.9630065017930143,1.0,100,1.0,0.9630065017930143,1.0,{},9.654514155336933,16.222706366832895,1.2535911965542845,2.040906600362046,100,100,0.94,0.8752318455410406,0.9722138760368118,0.94,0.8752318455410406,0.9722138760368118,94,linear,whole_base_sequence,5.794231549913094,12.64605401512433,6,0,0,nan,nan,nan,2,True,0.0001372140008606948,0.0,0.0,0.0008163513414374903,72307.74145061725,79037.43412448771,8.499101501616938,True,True,True,45.0,45,45,29.0,29,29,16.0,16,16,13.96,13,14,6.0,6,6,6.0,6,6,0.0,0,0,0.0,0,0,0.0,0,0,7.96,7,8
poorly_conditioned,all_station_gap,initial_batch_no_updates,True,9.0,100,100,0,1.0,0.9630065017930143,1.0,100,1.0,0.9630065017930143,1.0,{},10.280338052537505,17.243062090890486,1.2535911965542845,2.040906600362046,100,100,0.94,0.8752318455410406,0.9722138760368118,0.94,0.8752318455410406,0.9722138760368118,94,linear,whole_base_sequence,5.794231549913084,12.646054015124344,6,0,0,nan,nan,nan,2,True,0.0001346289983484894,0.0,0.0,0.0007196582906862997,92809.66530884156,101449.17368687392,8.999106114578835,True,True,True,45.0,45,45,29.0,29,29,16.0,16,16,15.83,14,17,6.0,6,6,6.0,6,6,0.0,0,0,0.0,0,0,0.0,0,0,9.83,8,11
poorly_conditioned,all_station_gap,initial_batch_no_updates,True,9.5,100,100,0,1.0,0.9630065017930143,1.0,100,1.0,0.9630065017930143,1.0,{},10.906273553205017,18.2634290104803,1.2535911965542845,2.040906600362046,100,100,0.94,0.8752318455410406,0.9722138760368118,0.94,0.8752318455410406,0.9722138760368118,94,linear,whole_base_sequence,5.794231549913132,12.646054015124868,6,0,0,nan,nan,nan,2,True,0.00013739999965764582,0.0,0.0,0.0006390989805628097,117411.4360071127,128351.11125149971,9.49477757693301,True,True,True,45.0,45,45,29.0,29,29,16.0,16,16,17.2,17,18,6.0,6,6,6.0,6,6,0.0,0,0,0.0,0,0,0.0,0,0,11.2,11,12
poorly_conditioned,all_station_gap,offline_full_record_noncausal,False,14.5,100,100,0,1.0,0.9630065017930143,1.0,100,1.0,0.9630065017930143,1.0,{},0.5568928159570159,0.8774382326507599,0.0610286025232795,0.0950962188107123,100,100,0.96,0.9016292856411208,0.9843366960084523,0.96,0.9016292856411208,0.9843366960084523,96,linear,whole_base_sequence,6.3448675003687764,12.461077770236889,6,0,0,nan,nan,nan,2,True,0.25027112800016765,0.0,0.0,0.00014466016769085422,1195.6492766864635,1392.4978390837723,12.518298918608764,True,True,True,45.0,45,45,29.0,29,29,16.0,16,16,29.0,29,29,29.0,29,29,0.0,0,0,0.0,0,0,0.0,0,0,0.0,0,0,0.0,0,0
poorly_conditioned,all_station_gap,retarded_ekf,True,0.0,100,0,100,0.0,0.0,0.03699349820698568,0,0.0,0.0,0.03699349820698568,"{""not_initialized"": 100}",nan,nan,nan,nan,0,100,nan,nan,nan,0.0,0.0,0.03699349820698568,0,linear,whole_base_sequence,nan,nan,6,0,0,nan,nan,nan,2,True,2.480800059856847e-05,0.0,nan,nan,nan,nan,nan,True,True,True,45.0,45,45,29.0,29,29,16.0,16,16,0.0,0,0,0.0,0,0,0.0,0,0,0.0,0,0,0.0,0,0,0.0,0,0,0.0,0,0
poorly_conditioned,all_station_gap,retarded_ekf,True,0.5,100,0,100,0.0,0.0,0.03699349820698568,0,0.0,0.0,0.03699349820698568,"{""not_initialized"": 100}",nan,nan,nan,nan,0,100,nan,nan,nan,0.0,0.0,0.03699349820698568,0,linear,whole_base_sequence,nan,nan,6,0,0,nan,nan,nan,2,True,1.3894999283365905e-05,0.0,nan,nan,nan,nan,nan,True,True,True,45.0,45,45,29.0,29,29,16.0,16,16,0.0,0,0,0.0,0,0,0.0,0,0,0.0,0,0,0.0,0,0,0.0,0,0,0.0,0,0
poorly_conditioned,all_station_gap,retarded_ekf,True,1.0,100,0,100,0.0,0.0,0.03699349820698568,0,0.0,0.0,0.03699349820698568,"{""not_initialized"": 100}",nan,nan,nan,nan,0,100,nan,nan,nan,0.0,0.0,0.03699349820698568,0,linear,whole_base_sequence,nan,nan,6,0,0,nan,nan,nan,2,True,0.00018021900090388953,0.0,nan,nan,nan,nan,0.9980244500028004,True,True,True,45.0,45,45,29.0,29,29,16.0,16,16,1.79,0,3,0.0,0,0,0.0,0,0,0.0,0,0,0.0,0,0,0.0,0,0,1.79,0,3
poorly_conditioned,all_station_gap,retarded_ekf,True,1.5,100,0,100,0.0,0.0,0.03699349820698568,0,0.0,0.0,0.03699349820698568,"{""not_initialized"": 100}",nan,nan,nan,nan,0,100,nan,nan,nan,0.0,0.0,0.03699349820698568,0,linear,whole_base_sequence,nan,nan,6,0,0,nan,nan,nan,2,True,0.00021459199953824282,0.0,nan,nan,nan,nan,1.4964500178359175,True,True,True,45.0,45,45,29.0,29,29,16.0,16,16,3.19,3,4,0.0,0,0,0.0,0,0,0.0,0,0,0.0,0,0,0.0,0,0,3.19,3,4
poorly_conditioned,all_station_gap,retarded_ekf,True,10.0,100,100,0,1.0,0.9630065017930143,1.0,100,1.0,0.9630065017930143,1.0,{},0.5347189116805356,0.8998908583331775,0.08262555126528823,0.1270475458736262,100,100,0.95,0.8882495307680808,0.9784563208456319,0.95,0.8882495307680808,0.9784563208456319,95,linear,whole_base_sequence,6.108823093993485,11.927022021556512,6,254,0,2.1127675550572063,6.362867022379434,0.9330708661417323,2,True,0.004550874000997283,0.00203756299772067,0.0,0.00039185619963095575,373.1620352280655,521.7060894836405,9.989789698436592,True,True,True,45.0,45,45,29.0,29,29,16.0,16,16,19.74,19,20,19.74,19,20,6.0,6,6,13.74,13,14,0.0,0,0,0.0,0,0,0.0,0,0
poorly_conditioned,all_station_gap,retarded_ekf,True,10.5,100,100,0,1.0,0.9630065017930143,1.0,100,1.0,0.9630065017930143,1.0,{},0.5240672337255093,0.8603600279463022,0.07804077240255934,0.12068263327046815,100,100,0.95,0.8882495307680808,0.9784563208456319,0.95,0.8882495307680808,0.9784563208456319,95,linear,whole_base_sequence,6.06428189712266,12.497190998076217,6,141,0,1.8653551200027283,5.206010085364047,0.950354609929078,2,True,0.0027631400007521734,0.0011570000005303883,0.0,0.00034625419400306084,427.5766965006243,527.8571916095739,10.498609775121441,True,True,True,45.0,45,45,29.0,29,29,16.0,16,16,21.15,20,22,21.15,20,22,6.0,6,6,15.15,14,16,0.0,0,0,0.0,0,0,0.0,0,0
poorly_conditioned,all_station_gap,retarded_ekf,True,11.0,100,100,0,1.0,0.9630065017930143,1.0,100,1.0,0.9630065017930143,1.0,{},0.46851334550689405,0.7879722280385987,0.06927746411906205,0.10438136633747727,100,100,0.94,0.8752318455410406,0.9722138760368118,0.94,0.8752318455410406,0.9722138760368118,94,linear,whole_base_sequence,6.022372559841797,13.579795545126633,6,185,0,2.3105975655174817,7.4043672876908415,0.9351351351351351,2,True,0.003633624000067357,0.0014963379999971948,0.0,0.0003071477143320123,425.90484980339636,483.30376188460394,10.919532383859073,True,True,True,45.0,45,45,29.0,29,29,16.0,16,16,23.0,23,23,23.0,23,23,6.0,6,6,17.0,17,17,0.0,0,0,0.0,0,0,0.0,0,0
poorly_conditioned,all_station_gap,retarded_ekf,True,11.5,100,100,0,1.0,0.9630065017930143,1.0,100,1.0,0.9630065017930143,1.0,{},0.4779205665422935,0.7607251586032219,0.06698385458852475,0.1016354599804204,100,100,0.94,0.8752318455410406,0.9722138760368118,0.94,0.8752318455410406,0.9722138760368118,94,linear,whole_base_sequence,6.148900718002708,12.810405054738863,6,228,0,2.236160613414496,6.416400401137969,0.9342105263157895,2,True,0.004674338997574523,0.0018495880032423884,0.0,0.00027365974810210895,457.1263404868962,541.6031833275057,11.499339348942456,True,True,True,45.0,45,45,29.0,29,29,16.0,16,16,25.28,24,26,25.28,24,26,6.0,6,6,19.28,18,20,0.0,0,0,0.0,0,0,0.0,0,0
poorly_conditioned,all_station_gap,retarded_ekf,True,12.0,100,100,0,1.0,0.9630065017930143,1.0,100,1.0,0.9630065017930143,1.0,{},0.4691660920726412,0.7718334539899402,0.06556062574762155,0.09587011811465199,100,100,0.94,0.8752318455410406,0.9722138760368118,0.94,0.8752318455410406,0.9722138760368118,94,linear,whole_base_sequence,6.048146890021599,12.949132630097557,6,122,0,2.1474837904657336,6.032787980933732,0.9426229508196722,2,True,0.002618574999214616,0.0009774930009734818,0.0,0.00024441067670056795,508.45155323068207,580.6544163982917,11.997967432491361,True,True,True,45.0,45,45,29.0,29,29,16.0,16,16,26.5,26,28,26.5,26,28,6.0,6,6,20.5,20,22,0.0,0,0,0.0,0,0,0.0,0,0
poorly_conditioned,all_station_gap,retarded_ekf,True,12.5,100,100,0,1.0,0.9630065017930143,1.0,100,1.0,0.9630065017930143,1.0,{},0.4513163134339218,0.7233296640833197,0.060824803641671726,0.0946900168920711,100,100,0.96,0.9016292856411208,0.9843366960084523,0.96,0.9016292856411208,0.9843366960084523,96,linear,whole_base_sequence,6.273905068227859,12.182232404516782,6,246,0,2.3742432340731305,7.574275421268861,0.9146341463414634,2,True,0.005365134000603575,0.001991442000144161,0.0,0.0002190591090951135,521.099697748449,597.8628024154848,12.499319060207084,True,True,True,45.0,45,45,29.0,29,29,16.0,16,16,28.96,28,29,28.96,28,29,6.0,6,6,22.96,22,23,0.0,0,0,0.0,0,0,0.0,0,0
poorly_conditioned,all_station_gap,retarded_ekf,True,14.5,100,100,0,1.0,0.9630065017930143,1.0,100,1.0,0.9630065017930143,1.0,{},0.55503011152305,0.8777768509867873,0.061048413028195574,0.0946900168920711,100,100,0.96,0.9016292856411208,0.9843366960084523,0.96,0.9016292856411208,0.9843366960084523,96,linear,whole_base_sequence,6.317193414559196,12.182232404516665,6,4,0,1.1213784285027228,2.845384363249294,1.0,2,True,0.0002501760021550581,3.213199990568683e-05,0.0,0.00014474533427721173,1194.796151461779,1382.2946253160846,12.518298918608764,True,True,True,45.0,45,45,29.0,29,29,16.0,16,16,29.0,29,29,29.0,29,29,6.0,6,6,23.0,23,23,0.0,0,0,0.0,0,0,0.0,0,0
poorly_conditioned,all_station_gap,retarded_ekf,True,2.0,100,76,24,0.76,0.6676766365018553,0.8330867444305122,76,0.76,0.6676766365018553,0.8330867444305122,"{""not_initialized"": 24}",1.6038174726382564,2.759207651016562,1.2686535808570505,2.099754992057864,76,100,0.9473684210526315,0.8723432742411035,0.9793445707006156,0.72,0.6251197129007884,0.7986031478881379,72,linear,whole_base_sequence,5.93781801613331,12.170714033450924,6,0,0,nan,nan,nan,2,True,0.048019604999281,0.0,0.0,0.02186619074838811,113.74161425519142,124.2184460191898,1.9974613505584822,True,True,True,45.0,45,45,29.0,29,29,16.0,16,16,5.76,5,6,4.56,0,6,4.56,0,6,0.0,0,0,0.0,0,0,0.0,0,0,1.2,0,5
poorly_conditioned,all_station_gap,retarded_ekf,True,2.5,100,100,0,1.0,0.9630065017930143,1.0,100,1.0,0.9630065017930143,1.0,{},1.5580392149391138,2.7067147585330438,0.9356122015042652,1.598368851425571,100,100,0.98,0.929988209271456,0.9944980324498376,0.98,0.929988209271456,0.9944980324498376,98,linear,whole_base_sequence,5.594083803370718,12.12538409323754,6,106,0,1.7741018604735375,5.342730289588798,0.9528301886792453,2,True,0.01636811799951829,0.000858857000421267,0.0,0.012426574207847279,138.16576369511978,302.6516754330804,2.495801938814801,True,True,True,45.0,45,45,29.0,29,29,16.0,16,16,7.06,6,8,7.06,6,8,6.0,6,6,1.06,0,2,0.0,0,0,0.0,0,0,0.0,0,0
poorly_conditioned,all_station_gap,retarded_ekf,True,3.0,100,100,0,1.0,0.9630065017930143,1.0,100,1.0,0.9630065017930143,1.0,{},1.249129881981359,2.0619272492046807,0.6556790314257075,1.079454972542351,100,100,0.95,0.8882495307680808,0.9784563208456319,0.95,0.8882495307680808,0.9784563208456319,95,linear,whole_base_sequence,5.760639339575157,12.608937647310274,6,194,0,1.8081600261138586,6.364233903912393,0.9381443298969072,2,True,0.0026804730025469323,0.0015613249986199662,0.0,0.007851288570559044,148.5368701399516,163.45400701606633,2.919467157505566,True,True,True,45.0,45,45,29.0,29,29,16.0,16,16,9.0,9,9,9.0,9,9,6.0,6,6,3.0,3,3,0.0,0,0,0.0,0,0,0.0,0,0
poorly_conditioned,all_station_gap,retarded_ekf,True,3.5,100,100,0,1.0,0.9630065017930143,1.0,100,1.0,0.9630065017930143,1.0,{},1.5593853398474449,2.5206389326937826,0.6556790314257075,1.079454972542351,100,100,0.95,0.8882495307680808,0.9784563208456319,0.95,0.8882495307680808,0.9784563208456319,95,linear,whole_base_sequence,5.760639339575149,12.6089376473103,6,0,0,nan,nan,nan,2,True,0.0001550479995785281,0.0,0.0,0.00529437456328281,320.0320634817806,351.5545536099779,2.919467157505566,True,True,True,45.0,45,45,29.0,29,29,16.0,16,16,9.0,9,9,9.0,9,9,6.0,6,6,3.0,3,3,0.0,0,0,0.0,0,0,0.0,0,0
poorly_conditioned,all_station_gap,retarded_ekf,True,4.0,100,100,0,1.0,0.9630065017930143,1.0,100,1.0,0.9630065017930143,1.0,{},1.8756325094029407,3.032980055043345,0.6556790314257075,1.079454972542351,100,100,0.95,0.8882495307680808,0.9784563208456319,0.95,0.8882495307680808,0.9784563208456319,95,linear,whole_base_sequence,5.760639339575159,12.608937647310348,6,0,0,nan,nan,nan,2,True,0.00016013999993447214,0.0,0.0,0.0037579660047110837,623.8873493241008,684.8103800137493,2.919467157505566,True,True,True,45.0,45,45,29.0,29,29,16.0,16,16,9.0,9,9,9.0,9,9,6.0,6,6,3.0,3,3,0.0,0,0,0.0,0,0,0.0,0,0
poorly_conditioned,all_station_gap,retarded_ekf,True,4.5,100,100,0,1.0,0.9630065017930143,1.0,100,1.0,0.9630065017930143,1.0,{},2.195283462027829,3.5144203272452,0.6556790314257075,1.079454972542351,100,100,0.95,0.8882495307680808,0.9784563208456319,0.95,0.8882495307680808,0.9784563208456319,95,linear,whole_base_sequence,5.760639339575165,12.608937647310366,6,0,0,nan,nan,nan,2,True,0.00015751800150610507,0.0,0.0,0.0027836112929426745,1122.1021859046941,1229.1454787604991,2.919467157505566,True,True,True,45.0,45,45,29.0,29,29,16.0,16,16,9.0,9,9,9.0,9,9,6.0,6,6,3.0,3,3,0.0,0,0,0.0,0,0,0.0,0,0
poorly_conditioned,all_station_gap,retarded_ekf,True,5.0,100,100,0,1.0,0.9630065017930143,1.0,100,1.0,0.9630065017930143,1.0,{},2.5170417444099504,4.004924248632568,0.6556790314257075,1.079454972542351,100,100,0.95,0.8882495307680808,0.9784563208456319,0.95,0.8882495307680808,0.9784563208456319,95,linear,whole_base_sequence,5.760639339575153,12.608937647310404,6,0,0,nan,nan,nan,2,True,0.00015486700169276447,0.0,0.0,0.002134827121912078,1889.5667095392455,2063.835481663084,2.919467157505566,True,True,True,45.0,45,45,29.0,29,29,16.0,16,16,9.0,9,9,9.0,9,9,6.0,6,6,3.0,3,3,0.0,0,0,0.0,0,0,0.0,0,0
poorly_conditioned,all_station_gap,retarded_ekf,True,5.5,100,100,0,1.0,0.9630065017930143,1.0,100,1.0,0.9630065017930143,1.0,{},2.8401912442082766,4.495585112389625,0.6556790314257075,1.079454972542351,100,100,0.95,0.8882495307680808,0.9784563208456319,0.95,0.8882495307680808,0.9784563208456319,95,linear,whole_base_sequence,5.7606393395751425,12.60893764731047,6,0,0,nan,nan,nan,2,True,0.0001531710001290776,0.0,0.0,0.0016843813656009568,3008.7431526485416,3281.5150445398244,2.919467157505566,True,True,True,45.0,45,45,29.0,29,29,16.0,16,16,9.0,9,9,9.0,9,9,6.0,6,6,3.0,3,3,0.0,0,0,0.0,0,0,0.0,0,0
poorly_conditioned,all_station_gap,retarded_ekf,True,6.0,100,100,0,1.0,0.9630065017930143,1.0,100,1.0,0.9630065017930143,1.0,{},3.1643057627824325,5.001759896325422,0.6556790314257075,1.079454972542351,100,100,0.95,0.8882495307680808,0.9784563208456319,0.95,0.8882495307680808,0.9784563208456319,95,linear,whole_base_sequence,5.7606393395751585,12.608937647310453,6,0,0,nan,nan,nan,2,True,0.0001559369996539317,0.0,0.0,0.0013603920071597474,4579.872757201267,4988.180331841103,2.919467157505566,True,True,True,45.0,45,45,29.0,29,29,16.0,16,16,9.0,9,9,9.0,9,9,6.0,6,6,3.0,3,3,0.0,0,0,0.0,0,0,0.0,0,0
poorly_conditioned,all_station_gap,retarded_ekf,True,6.5,100,100,0,1.0,0.9630065017930143,1.0,100,1.0,0.9630065017930143,1.0,{},3.4891163800028986,5.5588924002088484,0.6556790314257075,1.079454972542351,100,100,0.95,0.8882495307680808,0.9784563208456319,0.95,0.8882495307680808,0.9784563208456319,95,linear,whole_base_sequence,5.760639339575151,12.608937647310226,6,0,0,nan,nan,nan,2,True,0.00015684199926909058,0.0,0.0,0.0011202986488266357,6714.974556221103,7303.189934381163,2.919467157505566,True,True,True,45.0,45,45,29.0,29,29,16.0,16,16,9.0,9,9,9.0,9,9,6.0,6,6,3.0,3,3,0.0,0,0,0.0,0,0,0.0,0,0
poorly_conditioned,all_station_gap,retarded_ekf,True,7.0,100,100,0,1.0,0.9630065017930143,1.0,100,1.0,0.9630065017930143,1.0,{},3.8144452758109715,6.1152913633609,0.6556790314257075,1.079454972542351,100,100,0.95,0.8882495307680808,0.9784563208456319,0.95,0.8882495307680808,0.9784563208456319,95,linear,whole_base_sequence,5.760639339575152,12.60893764731022,6,0,0,nan,nan,nan,2,True,0.00014955099992221223,0.0,0.0,0.0009378112614545171,9531.59555040079,10359.26524071119,2.919467157505566,True,True,True,45.0,45,45,29.0,29,29,16.0,16,16,9.0,9,9,9.0,9,9,6.0,6,6,3.0,3,3,0.0,0,0,0.0,0,0,0.0,0,0
poorly_conditioned,all_station_gap,retarded_ekf,True,7.5,100,100,0,1.0,0.9630065017930143,1.0,100,1.0,0.9630065017930143,1.0,{},2.2227282141281597,4.499949608524537,0.3545174818388865,0.648032806443917,100,100,0.91,0.837737871472837,0.9519274599974348,0.91,0.837737871472837,0.9519274599974348,91,linear,whole_base_sequence,6.305314623525934,15.2709888896164,6,135,0,2.15426850987566,5.554515406286539,0.9629629629629629,2,True,0.002013926000217907,0.0010829400000511669,0.0,0.0007944370875437844,7476.297414554005,13714.920551909041,7.49663367385701,True,True,True,45.0,45,45,29.0,29,29,16.0,16,16,10.35,9,11,10.35,9,11,6.0,6,6,4.35,3,5,0.0,0,0,0.0,0,0,0.0,0,0
poorly_conditioned,all_station_gap,retarded_ekf,True,8.0,100,100,0,1.0,0.9630065017930143,1.0,100,1.0,0.9630065017930143,1.0,{},1.012898213053062,1.755551607464225,0.16414415583864034,0.2753448372740352,100,100,0.9,0.8256343384950865,0.9447708629393249,0.9,0.8256343384950865,0.9447708629393249,90,linear,whole_base_sequence,6.458395051676606,14.46475454529358,6,125,0,1.811035904051509,6.122771530363432,0.944,2,True,0.0019674739992478862,0.001017494999396149,0.0,0.000680275967273371,719.4460607460774,986.885076947281,7.997989549354098,True,True,True,45.0,45,45,29.0,29,29,16.0,16,16,11.6,11,13,11.6,11,13,6.0,6,6,5.6,5,7,0.0,0,0,0.0,0,0,0.0,0,0
poorly_conditioned,all_station_gap,retarded_ekf,True,8.5,100,100,0,1.0,0.9630065017930143,1.0,100,1.0,0.9630065017930143,1.0,{},0.6890342544408226,1.1865472327980318,0.11771951847781308,0.20236014605840794,100,100,0.95,0.8882495307680808,0.9784563208456319,0.95,0.8882495307680808,0.9784563208456319,95,linear,whole_base_sequence,5.869019162466007,11.605533879553217,6,236,0,2.1412257947066453,6.413289116271345,0.940677966101695,2,True,0.003628664000425488,0.0018580130030750298,0.0,0.0005867197863969034,438.2398478153393,801.2117889286757,8.499101501616938,True,True,True,45.0,45,45,29.0,29,29,16.0,16,16,13.96,13,14,13.96,13,14,6.0,6,6,7.96,7,8,0.0,0,0,0.0,0,0,0.0,0,0
poorly_conditioned,all_station_gap,retarded_ekf,True,9.0,100,100,0,1.0,0.9630065017930143,1.0,100,1.0,0.9630065017930143,1.0,{},0.6343577933744521,0.9976263462375331,0.10619052984881279,0.17804378494882103,100,100,0.95,0.8882495307680808,0.9784563208456319,0.95,0.8882495307680808,0.9784563208456319,95,linear,whole_base_sequence,5.909019196928387,12.10832715256514,6,187,0,1.9069109455459947,5.114880880268955,0.9625668449197861,2,True,0.0031583600002340973,0.001522527000925038,0.0,0.0005099983523819855,462.42153854124757,588.3108185964735,8.999106114578835,True,True,True,45.0,45,45,29.0,29,29,16.0,16,16,15.83,14,17,15.83,14,17,6.0,6,6,9.83,8,11,0.0,0,0,0.0,0,0,0.0,0,0
poorly_conditioned,all_station_gap,retarded_ekf,True,9.5,100,100,0,1.0,0.9630065017930143,1.0,100,1.0,0.9630065017930143,1.0,{},0.6032559085324798,0.966712749952295,0.09640333186137376,0.14900375795217655,100,100,0.94,0.8752318455410406,0.9722138760368118,0.94,0.8752318455410406,0.9722138760368118,94,linear,whole_base_sequence,6.182384329320047,12.717576030646365,6,137,0,1.9562031626425047,5.989547341813221,0.948905109489051,2,True,0.002431211998919025,0.0011114029999589547,0.0,0.0004458215946006609,424.41731271888597,486.09500339063794,9.49477757693301,True,True,True,45.0,45,45,29.0,29,29,16.0,16,16,17.2,17,18,17.2,17,18,6.0,6,6,11.2,11,12,0.0,0,0,0.0,0,0,0.0,0,0
poorly_conditioned,dropout_20,causal_prefix_batch,True,0.0,100,0,100,0.0,0.0,0.03699349820698568,0,0.0,0.0,0.03699349820698568,"{""insufficient_measurements"": 100}",nan,nan,nan,nan,0,100,nan,nan,nan,0.0,0.0,0.03699349820698568,0,linear,whole_base_sequence,nan,nan,6,0,0,nan,nan,nan,2,True,4.711699817562476e-05,0.0,nan,nan,nan,nan,nan,True,True,True,45.0,45,45,35.56,29,40,9.44,5,16,0.0,0,0,0.0,0,0,0.0,0,0,0.0,0,0,0.0,0,0,0.0,0,0,0.0,0,0
poorly_conditioned,dropout_20,causal_prefix_batch,True,0.5,100,0,100,0.0,0.0,0.03699349820698568,0,0.0,0.0,0.03699349820698568,"{""insufficient_measurements"": 100}",nan,nan,nan,nan,0,100,nan,nan,nan,0.0,0.0,0.03699349820698568,0,linear,whole_base_sequence,nan,nan,6,0,0,nan,nan,nan,2,True,3.6100000434089454e-05,0.0,nan,nan,nan,nan,nan,True,True,True,45.0,45,45,35.56,29,40,9.44,5,16,0.0,0,0,0.0,0,0,0.0,0,0,0.0,0,0,0.0,0,0,0.0,0,0,0.0,0,0
poorly_conditioned,dropout_20,causal_prefix_batch,True,1.0,100,1,99,0.01,0.0017674320641406505,0.054486196178705315,1,0.01,0.0017674320641406505,0.054486196178705315,"{""insufficient_local_observability"": 2, ""insufficient_measurements"": 96, ""optimization_error:ValueError"": 1}",57.19331193542061,57.19331193542061,127.3570811268113,127.3570811268113,1,100,1.0,0.20654931437723745,1.0,0.01,0.0017674320641406505,0.054486196178705315,1,linear,whole_base_sequence,8.138388669383444,8.138388669383444,6,0,0,nan,nan,nan,2,True,0.056288173999346325,0.0,0.0,0.07374776961619395,129481643.10789263,129481643.10789263,0.9980244500028004,True,True,True,45.0,45,45,35.56,29,40,9.44,5,16,1.38,0,3,1.38,0,3,0.0,0,0,0.0,0,0,0.0,0,0,0.0,0,0,0.0,0,0
poorly_conditioned,dropout_20,causal_prefix_batch,True,1.5,100,11,89,0.11,0.06254196357064568,0.18631296503080313,11,0.11,0.06254196357064568,0.18631296503080313,"{""insufficient_local_observability"": 44, ""insufficient_measurements"": 43, ""optimization_error:ValueError"": 2}",96.6327943843539,178.36395036749278,101.73296266736129,187.15358184582578,11,100,0.8181818181818182,0.523019438039156,0.9486323102539149,0.09,0.04807254000256516,0.1622621285271631,9,linear,whole_base_sequence,13.423832174980173,48.85588067033748,6,0,0,nan,nan,nan,2,True,1.4095667509979102,0.0,0.0,0.03041336458510706,167435.7371097807,323449249.6058016,1.4964500178359175,True,True,True,45.0,45,45,35.56,29,40,9.44,5,16,2.53,0,4,2.53,0,4,0.0,0,0,0.0,0,0,0.0,0,0,0.0,0,0,0.0,0,0
poorly_conditioned,dropout_20,causal_prefix_batch,True,10.0,100,100,0,1.0,0.9630065017930143,1.0,100,1.0,0.9630065017930143,1.0,{},0.5543978535513122,0.9375885796165829,0.09576532126907471,0.15110761997978273,100,100,0.92,0.8500189229905127,0.9589065385156194,0.92,0.8500189229905127,0.9589065385156194,92,linear,whole_base_sequence,6.2316213313121525,13.975590086312538,6,0,0,nan,nan,nan,2,True,0.23961768599867356,0.0,0.0,0.00024586500665768943,556.4534148821107,1400.2938892115437,9.989789698436592,True,True,True,45.0,45,45,35.56,29,40,9.44,5,16,28.22,22,33,28.22,22,33,0.0,0,0,0.0,0,0,0.0,0,0,0.0,0,0,0.0,0,0
poorly_conditioned,dropout_20,causal_prefix_batch,True,10.5,100,100,0,1.0,0.9630065017930143,1.0,100,1.0,0.9630065017930143,1.0,{},0.5498916828707544,0.9377140338193052,0.08910210041291367,0.13353743466235984,100,100,0.93,0.8625048526092651,0.9656807389327273,0.93,0.8625048526092651,0.9656807389327273,93,linear,whole_base_sequence,6.176769320562683,13.096238663860868,6,0,0,nan,nan,nan,2,True,0.25531956200138667,0.0,0.0,0.00021424057986540134,639.7750885213266,1336.959901616716,10.498609775121441,True,True,True,45.0,45,45,35.56,29,40,9.44,5,16,29.42,22,34,29.42,22,34,0.0,0,0,0.0,0,0,0.0,0,0,0.0,0,0,0.0,0,0
poorly_conditioned,dropout_20,causal_prefix_batch,True,11.0,100,100,0,1.0,0.9630065017930143,1.0,100,1.0,0.9630065017930143,1.0,{},0.5176244773739155,0.8899620130909759,0.0795671710005966,0.12540874446064337,100,100,0.94,0.8752318455410406,0.9722138760368118,0.94,0.8752318455410406,0.9722138760368118,94,linear,whole_base_sequence,6.076814301570739,12.972006950518704,6,0,0,nan,nan,nan,2,True,0.26590269200183686,0.0,0.0,0.00018814169017492257,684.0698567332236,1276.3634591048149,10.919532383859073,True,True,True,45.0,45,45,35.56,29,40,9.44,5,16,30.87,23,36,30.87,23,36,0.0,0,0,0.0,0,0,0.0,0,0,0.0,0,0,0.0,0,0
poorly_conditioned,dropout_20,causal_prefix_batch,True,11.5,100,100,0,1.0,0.9630065017930143,1.0,100,1.0,0.9630065017930143,1.0,{},0.5120839396813,0.8225589882768982,0.07461198864416879,0.12041638413655195,100,100,0.95,0.8882495307680808,0.9784563208456319,0.95,0.8882495307680808,0.9784563208456319,95,linear,whole_base_sequence,6.079548017965674,12.005411716085284,6,0,0,nan,nan,nan,2,True,0.28581364800367737,0.0,0.0,0.0001662384685471108,731.6419513677085,1536.5702530549092,11.499339348942456,True,True,True,45.0,45,45,35.56,29,40,9.44,5,16,32.67,26,37,32.67,26,37,0.0,0,0,0.0,0,0,0.0,0,0,0.0,0,0,0.0,0,0
poorly_conditioned,dropout_20,causal_prefix_batch,True,12.0,100,100,0,1.0,0.9630065017930143,1.0,100,1.0,0.9630065017930143,1.0,{},0.5109027265727807,0.76467263548286,0.07196516431959592,0.11661156372230232,100,100,0.93,0.8625048526092651,0.9656807389327273,0.93,0.8625048526092651,0.9656807389327273,93,linear,whole_base_sequence,6.056872959852797,12.898440472132823,6,0,0,nan,nan,nan,2,True,0.288325283001177,0.0,0.0,0.00014792559478097098,863.0771268503768,1607.8749033101044,11.997967432491361,True,True,True,45.0,45,45,35.56,29,40,9.44,5,16,33.64,26,38,33.64,26,38,0.0,0,0,0.0,0,0,0.0,0,0,0.0,0,0,0.0,0,0
poorly_conditioned,dropout_20,causal_prefix_batch,True,12.5,100,100,0,1.0,0.9630065017930143,1.0,100,1.0,0.9630065017930143,1.0,{},0.49789216750983883,0.8046254066571433,0.0660461472641065,0.11317880778159925,100,100,0.93,0.8625048526092651,0.9656807389327273,0.93,0.8625048526092651,0.9656807389327273,93,linear,whole_base_sequence,6.19592768301991,13.402160079176934,6,0,0,nan,nan,nan,2,True,0.3003182220013696,0.0,0.0,0.00013216676934787482,917.2312825785536,2007.9796780244947,12.499319060207084,True,True,True,45.0,45,45,35.56,29,40,9.44,5,16,35.52,29,40,35.52,29,40,0.0,0,0,0.0,0,0,0.0,0,0,0.0,0,0,0.0,0,0
poorly_conditioned,dropout_20,causal_prefix_batch,True,14.5,100,100,0,1.0,0.9630065017930143,1.0,100,1.0,0.9630065017930143,1.0,{},0.6177648084360995,1.017947226682051,0.06618343773112785,0.11317880778159777,100,100,0.93,0.8625048526092651,0.9656807389327273,0.93,0.8625048526092651,0.9656807389327273,93,linear,whole_base_sequence,6.233229919547658,13.402160079178774,6,0,0,nan,nan,nan,2,True,0.29791923599957953,0.0,0.0,8.760130252291845e-05,2177.4808015298686,4514.074179598642,12.518298918608764,True,True,True,45.0,45,45,35.56,29,40,9.44,5,16,35.56,29,40,35.56,29,40,0.0,0,0,0.0,0,0,0.0,0,0,0.0,0,0,0.0,0,0
poorly_conditioned,dropout_20,causal_prefix_batch,True,2.0,100,92,8,0.92,0.8500189229905127,0.9589065385156194,92,0.92,0.8500189229905127,0.9589065385156194,"{""insufficient_local_observability"": 4, ""insufficient_measurements"": 4}",41.747036297842,11.2127534464928,37.434160946247346,8.688313602167709,92,100,0.9239130434782609,0.8511875992283273,0.9626564402903846,0.85,0.7671644040916763,0.9069401471634337,85,linear,whole_base_sequence,6.9140186579833065,13.554108774910961,6,0,0,nan,nan,nan,2,True,0.07473676699970383,0.0,0.0,0.02186619075329437,181.4939309134359,19864228.01218593,1.99651859527671,True,True,True,45.0,45,45,35.56,29,40,9.44,5,16,4.57,1,6,4.57,1,6,0.0,0,0,0.0,0,0,0.0,0,0,0.0,0,0,0.0,0,0
poorly_conditioned,dropout_20,causal_prefix_batch,True,2.5,100,95,5,0.95,0.8882495307680808,0.9784563208456319,95,0.95,0.8882495307680808,0.9784563208456319,"{""insufficient_local_observability"": 2, ""insufficient_measurements"": 3}",34.483997724379485,7.960371726711589,29.826231886866942,5.17309258886058,95,100,0.968421052631579,0.9112290135269181,0.9892028605255756,0.92,0.8500189229905127,0.9589065385156194,92,linear,whole_base_sequence,6.488015833724464,12.078824813299644,6,0,0,nan,nan,nan,2,True,0.0648529419969418,0.0,0.0,0.012897897421689961,275.4945472992146,649566.2818824203,2.494739788145215,True,True,True,45.0,45,45,35.56,29,40,9.44,5,16,5.47,2,8,5.47,2,8,0.0,0,0,0.0,0,0,0.0,0,0,0.0,0,0,0.0,0,0
poorly_conditioned,dropout_20,causal_prefix_batch,True,3.0,100,100,0,1.0,0.9630065017930143,1.0,100,1.0,0.9630065017930143,1.0,{},10.056088814809934,2.9844023558938106,11.172008951284988,1.6036241543474974,100,100,0.94,0.8752318455410406,0.9722138760368118,0.94,0.8752318455410406,0.9722138760368118,94,linear,whole_base_sequence,6.193965046804854,12.997600301045647,6,0,0,nan,nan,nan,2,True,0.07152360799809684,0.0,0.0,0.0024552008183778306,192.6619662322591,3117006.3806737023,2.917369414832862,True,True,True,45.0,45,45,35.56,29,40,9.44,5,16,6.95,3,9,6.95,3,9,0.0,0,0,0.0,0,0,0.0,0,0,0.0,0,0,0.0,0,0
poorly_conditioned,dropout_20,causal_prefix_batch,True,3.5,100,100,0,1.0,0.9630065017930143,1.0,100,1.0,0.9630065017930143,1.0,{},4.724035139911065,2.0854015325534903,3.4697247268440954,0.9290358806504639,100,100,0.94,0.8752318455410406,0.9722138760368118,0.94,0.8752318455410406,0.9722138760368118,94,linear,whole_base_sequence,5.915766363738697,12.754138340033158,6,0,0,nan,nan,nan,2,True,0.0835412480001105,0.0,0.0,0.0051102851833127565,170.07024736830726,25336.172235145496,3.4982209701726212,True,True,True,45.0,45,45,35.56,29,40,9.44,5,16,8.74,5,12,8.74,5,12,0.0,0,0,0.0,0,0,0.0,0,0,0.0,0,0,0.0,0,0
poorly_conditioned,dropout_20,causal_prefix_batch,True,4.0,100,100,0,1.0,0.9630065017930143,1.0,100,1.0,0.9630065017930143,1.0,{},1.1373540666522526,1.795123086937109,0.45807513894753155,0.743159248512673,100,100,0.94,0.8752318455410406,0.9722138760368118,0.94,0.8752318455410406,0.9722138760368118,94,linear,whole_base_sequence,5.879995039136523,12.756389610666375,6,0,0,nan,nan,nan,2,True,0.09284128899860661,0.0,0.0,0.0035284146614971163,225.29897170298773,1092.342872587261,3.9975016630794027,True,True,True,45.0,45,45,35.56,29,40,9.44,5,16,9.65,7,13,9.65,7,13,0.0,0,0,0.0,0,0,0.0,0,0,0.0,0,0,0.0,0,0
poorly_conditioned,dropout_20,causal_prefix_batch,True,4.5,100,100,0,1.0,0.9630065017930143,1.0,100,1.0,0.9630065017930143,1.0,{},1.020545262638421,1.9271310556032473,0.374345173169215,0.6844306424942603,100,100,0.93,0.8625048526092651,0.9656807389327273,0.93,0.8625048526092651,0.9656807389327273,93,linear,whole_base_sequence,6.4496700240090865,14.755720007950162,6,0,0,nan,nan,nan,2,True,0.10781689699855633,0.0,0.0,0.0024964883690465245,192.53549799849645,596.3321349088798,4.496681836145486,True,True,True,45.0,45,45,35.56,29,40,9.44,5,16,11.69,8,15,11.69,8,15,0.0,0,0,0.0,0,0,0.0,0,0,0.0,0,0,0.0,0,0
poorly_conditioned,dropout_20,causal_prefix_batch,True,5.0,100,100,0,1.0,0.9630065017930143,1.0,100,1.0,0.9630065017930143,1.0,{},0.9205245930024092,1.5283479813714527,0.30226637552425384,0.5206724035384184,100,100,0.95,0.8882495307680808,0.9784563208456319,0.95,0.8882495307680808,0.9784563208456319,95,linear,whole_base_sequence,6.199672312872703,12.009378241348962,6,0,0,nan,nan,nan,2,True,0.11986775499972283,0.0,0.0,0.001840867141516193,242.76396668971864,1027.1968001005816,4.997797684238566,True,True,True,45.0,45,45,35.56,29,40,9.44,5,16,13.15,9,17,13.15,9,17,0.0,0,0,0.0,0,0,0.0,0,0,0.0,0,0,0.0,0,0
poorly_conditioned,dropout_20,causal_prefix_batch,True,5.5,100,100,0,1.0,0.9630065017930143,1.0,100,1.0,0.9630065017930143,1.0,{},0.8449311349748267,1.423278483662007,0.26078984555108103,0.4372461608497262,100,100,0.95,0.8882495307680808,0.9784563208456319,0.95,0.8882495307680808,0.9784563208456319,95,linear,whole_base_sequence,5.994152208919011,12.009360386012986,6,0,0,nan,nan,nan,2,True,0.12980286999809323,0.0,0.0,0.0013829349596156712,262.78929577688643,663.7430968199136,5.493718557222799,True,True,True,45.0,45,45,35.56,29,40,9.44,5,16,14.33,10,18,14.33,10,18,0.0,0,0,0.0,0,0,0.0,0,0,0.0,0,0,0.0,0,0
poorly_conditioned,dropout_20,causal_prefix_batch,True,6.0,100,100,0,1.0,0.9630065017930143,1.0,100,1.0,0.9630065017930143,1.0,{},0.7109755987438405,1.1690188405667465,0.21289024290076414,0.34964735237826366,100,100,0.94,0.8752318455410406,0.9722138760368118,0.94,0.8752318455410406,0.9722138760368118,94,linear,whole_base_sequence,5.921366207421191,12.931863558842617,6,0,0,nan,nan,nan,2,True,0.14559637300029862,0.0,0.0,0.0010745094343643665,279.5498283933305,563.7713282712542,5.998694141125537,True,True,True,45.0,45,45,35.56,29,40,9.44,5,16,16.28,12,21,16.28,12,21,0.0,0,0,0.0,0,0,0.0,0,0,0.0,0,0,0.0,0,0
poorly_conditioned,dropout_20,causal_prefix_batch,True,6.5,100,100,0,1.0,0.9630065017930143,1.0,100,1.0,0.9630065017930143,1.0,{},0.6821015393201363,1.088576128518528,0.18646518704831716,0.280656802541172,100,100,0.96,0.9016292856411208,0.9843366960084523,0.96,0.9016292856411208,0.9843366960084523,96,linear,whole_base_sequence,5.756233909118764,12.530750841931862,6,0,0,nan,nan,nan,2,True,0.15101636699982918,0.0,0.0,0.0008530150838519987,358.2477789906582,892.5181883779032,6.496620850517521,True,True,True,45.0,45,45,35.56,29,40,9.44,5,16,17.17,12,21,17.17,12,21,0.0,0,0,0.0,0,0,0.0,0,0,0.0,0,0,0.0,0,0
poorly_conditioned,dropout_20,causal_prefix_batch,True,7.0,100,100,0,1.0,0.9630065017930143,1.0,100,1.0,0.9630065017930143,1.0,{},0.6620835171044673,1.110378361677455,0.17109445582715507,0.2985129930582356,100,100,0.96,0.9016292856411208,0.9843366960084523,0.96,0.9016292856411208,0.9843366960084523,96,linear,whole_base_sequence,6.041652980122478,11.478383209891978,6,0,0,nan,nan,nan,2,True,0.1693937810009811,0.0,0.0,0.0006877287813719718,358.38644756115457,706.0446789152423,6.916259984169404,True,True,True,45.0,45,45,35.56,29,40,9.44,5,16,18.89,15,23,18.89,15,23,0.0,0,0,0.0,0,0,0.0,0,0,0.0,0,0,0.0,0,0
poorly_conditioned,dropout_20,causal_prefix_batch,True,7.5,100,100,0,1.0,0.9630065017930143,1.0,100,1.0,0.9630065017930143,1.0,{},0.6479847651497802,1.0943836532052638,0.15632997830169615,0.24664780856903606,100,100,0.91,0.837737871472837,0.9519274599974348,0.91,0.837737871472837,0.9519274599974348,91,linear,whole_base_sequence,6.151535578265941,14.556336529038896,6,0,0,nan,nan,nan,2,True,0.180160170000745,0.0,0.0,0.0005623172949212249,405.02206476013504,835.2964092923758,7.496458841437288,True,True,True,45.0,45,45,35.56,29,40,9.44,5,16,20.73,16,25,20.73,16,25,0.0,0,0,0.0,0,0,0.0,0,0,0.0,0,0,0.0,0,0
poorly_conditioned,dropout_20,causal_prefix_batch,True,8.0,100,100,0,1.0,0.9630065017930143,1.0,100,1.0,0.9630065017930143,1.0,{},0.6700240551227149,1.1159856828402883,0.14641117470614382,0.24161104900973732,100,100,0.92,0.8500189229905127,0.9589065385156194,0.92,0.8500189229905127,0.9589065385156194,92,linear,whole_base_sequence,6.179413832851238,15.27087545314133,6,0,0,nan,nan,nan,2,True,0.1897261710008024,0.0,0.0,0.0004659653043169972,436.1780856217313,822.2497855672984,7.997989549354098,True,True,True,45.0,45,45,35.56,29,40,9.44,5,16,21.75,17,26,21.75,17,26,0.0,0,0,0.0,0,0,0.0,0,0,0.0,0,0,0.0,0,0
poorly_conditioned,dropout_20,causal_prefix_batch,True,8.5,100,100,0,1.0,0.9630065017930143,1.0,100,1.0,0.9630065017930143,1.0,{},0.6176741798548271,1.0738427677599196,0.12694614698040796,0.20785538625459363,100,100,0.93,0.8625048526092651,0.9656807389327273,0.93,0.8625048526092651,0.9656807389327273,93,linear,whole_base_sequence,6.162826617752532,15.351863071756213,6,0,0,nan,nan,nan,2,True,0.20318353599926922,0.0,0.0,0.0003913114710845229,428.3317743902234,859.6415249962159,8.499101501616938,True,True,True,45.0,45,45,35.56,29,40,9.44,5,16,23.62,18,29,23.62,18,29,0.0,0,0,0.0,0,0,0.0,0,0,0.0,0,0,0.0,0,0
poorly_conditioned,dropout_20,causal_prefix_batch,True,9.0,100,100,0,1.0,0.9630065017930143,1.0,100,1.0,0.9630065017930143,1.0,{},0.6119384546419149,0.9988853319737078,0.11960166697575209,0.1854250339610663,100,100,0.94,0.8752318455410406,0.9722138760368118,0.94,0.8752318455410406,0.9722138760368118,94,linear,whole_base_sequence,6.231282824903755,12.774629442298984,6,0,0,nan,nan,nan,2,True,0.21813529900013237,0.0,0.0,0.00033208116170823813,512.4072561458491,1063.8641079658848,8.999106114578835,True,True,True,45.0,45,45,35.56,29,40,9.44,5,16,25.13,20,30,25.13,20,30,0.0,0,0,0.0,0,0,0.0,0,0,0.0,0,0,0.0,0,0
poorly_conditioned,dropout_20,causal_prefix_batch,True,9.5,100,100,0,1.0,0.9630065017930143,1.0,100,1.0,0.9630065017930143,1.0,{},0.6085521339245932,1.0182294967622458,0.1098017727485501,0.17511544169717017,100,100,0.93,0.8625048526092651,0.9656807389327273,0.93,0.8625048526092651,0.9656807389327273,93,linear,whole_base_sequence,6.376763243648076,13.515730419258425,6,0,0,nan,nan,nan,2,True,0.2203258960013045,0.0,0.0,0.00028438476267895004,541.4618162224685,1113.9153821726957,9.49477757693301,True,True,True,45.0,45,45,35.56,29,40,9.44,5,16,26.22,20,31,26.22,20,31,0.0,0,0,0.0,0,0,0.0,0,0,0.0,0,0,0.0,0,0
poorly_conditioned,dropout_20,initial_batch_no_updates,True,0.0,100,0,100,0.0,0.0,0.03699349820698568,0,0.0,0.0,0.03699349820698568,"{""not_initialized"": 100}",nan,nan,nan,nan,0,100,nan,nan,nan,0.0,0.0,0.03699349820698568,0,linear,whole_base_sequence,nan,nan,6,0,0,nan,nan,nan,2,True,2.4609986576251687e-06,0.0,nan,nan,nan,nan,nan,True,True,True,45.0,45,45,35.56,29,40,9.44,5,16,0.0,0,0,0.0,0,0,0.0,0,0,0.0,0,0,0.0,0,0,0.0,0,0,0.0,0,0
poorly_conditioned,dropout_20,initial_batch_no_updates,True,0.5,100,0,100,0.0,0.0,0.03699349820698568,0,0.0,0.0,0.03699349820698568,"{""not_initialized"": 100}",nan,nan,nan,nan,0,100,nan,nan,nan,0.0,0.0,0.03699349820698568,0,linear,whole_base_sequence,nan,nan,6,0,0,nan,nan,nan,2,True,2.010999305639416e-06,0.0,nan,nan,nan,nan,nan,True,True,True,45.0,45,45,35.56,29,40,9.44,5,16,0.0,0,0,0.0,0,0,0.0,0,0,0.0,0,0,0.0,0,0,0.0,0,0,0.0,0,0
poorly_conditioned,dropout_20,initial_batch_no_updates,True,1.0,100,0,100,0.0,0.0,0.03699349820698568,0,0.0,0.0,0.03699349820698568,"{""not_initialized"": 100}",nan,nan,nan,nan,0,100,nan,nan,nan,0.0,0.0,0.03699349820698568,0,linear,whole_base_sequence,nan,nan,6,0,0,nan,nan,nan,2,True,2.159001014661044e-06,0.0,nan,nan,nan,nan,0.9980244500028004,True,True,True,45.0,45,45,35.56,29,40,9.44,5,16,1.38,0,3,0.0,0,0,0.0,0,0,0.0,0,0,0.0,0,0,0.0,0,0,1.38,0,3
poorly_conditioned,dropout_20,initial_batch_no_updates,True,1.5,100,0,100,0.0,0.0,0.03699349820698568,0,0.0,0.0,0.03699349820698568,"{""not_initialized"": 100}",nan,nan,nan,nan,0,100,nan,nan,nan,0.0,0.0,0.03699349820698568,0,linear,whole_base_sequence,nan,nan,6,0,0,nan,nan,nan,2,True,2.8930019470863042e-06,0.0,nan,nan,nan,nan,1.4964500178359175,True,True,True,45.0,45,45,35.56,29,40,9.44,5,16,2.53,0,4,0.0,0,0,0.0,0,0,0.0,0,0,0.0,0,0,0.0,0,0,2.53,0,4
poorly_conditioned,dropout_20,initial_batch_no_updates,True,10.0,100,100,0,1.0,0.9630065017930143,1.0,100,1.0,0.9630065017930143,1.0,{},10.300320944782955,19.287071549988557,1.1436640711291268,2.1126396639496474,100,100,0.94,0.8752318455410406,0.9722138760368118,0.94,0.8752318455410406,0.9722138760368118,94,linear,whole_base_sequence,6.008258461288235,13.006167169711105,6,0,0,nan,nan,nan,2,True,0.00013937799842096864,0.0,0.0,0.0004393292688233474,103548.56369169292,421462.1813037279,9.989789698436592,True,True,True,45.0,45,45,35.56,29,40,9.44,5,16,28.22,22,33,6.0,6,6,6.0,6,6,0.0,0,0,0.0,0,0,0.0,0,0,22.22,16,27
poorly_conditioned,dropout_20,initial_batch_no_updates,True,10.5,100,100,0,1.0,0.9630065017930143,1.0,100,1.0,0.9630065017930143,1.0,{},10.870886579519711,20.308562485275033,1.1436640711291268,2.1126396639496474,100,100,0.94,0.8752318455410406,0.9722138760368118,0.94,0.8752318455410406,0.9722138760368118,94,linear,whole_base_sequence,6.00825846128819,13.006167169712446,6,0,0,nan,nan,nan,2,True,0.00013938400079496204,0.0,0.0,0.0003934112708908188,129593.11311337654,524131.3468360775,10.498609775121441,True,True,True,45.0,45,45,35.56,29,40,9.44,5,16,29.42,22,34,6.0,6,6,6.0,6,6,0.0,0,0,0.0,0,0,0.0,0,0,23.42,16,28
poorly_conditioned,dropout_20,initial_batch_no_updates,True,11.0,100,100,0,1.0,0.9630065017930143,1.0,100,1.0,0.9630065017930143,1.0,{},11.441578660212276,21.330059112966605,1.1436640711291268,2.1126396639496474,100,100,0.94,0.8752318455410406,0.9722138760368118,0.94,0.8752318455410406,0.9722138760368118,94,linear,whole_base_sequence,6.008258461288193,13.006167169711382,6,0,0,nan,nan,nan,2,True,0.00013931800058344379,0.0,0.0,0.000354300202949356,159837.25999317106,644606.2442086022,10.919532383859073,True,True,True,45.0,45,45,35.56,29,40,9.44,5,16,30.87,23,36,6.0,6,6,6.0,6,6,0.0,0,0,0.0,0,0,0.0,0,0,24.87,17,30
poorly_conditioned,dropout_20,initial_batch_no_updates,True,11.5,100,100,0,1.0,0.9630065017930143,1.0,100,1.0,0.9630065017930143,1.0,{},12.012379165039034,22.351560633645903,1.1436640711291268,2.1126396639496474,100,100,0.94,0.8752318455410406,0.9722138760368118,0.94,0.8752318455410406,0.9722138760368118,94,linear,whole_base_sequence,6.008258461288239,13.006167169712736,6,0,0,nan,nan,nan,2,True,0.0001351320033427328,0.0,0.0,0.00032071988950860443,194275.14484812357,784845.3217740984,11.499339348942456,True,True,True,45.0,45,45,35.56,29,40,9.44,5,16,32.67,26,37,6.0,6,6,6.0,6,6,0.0,0,0,0.0,0,0,0.0,0,0,26.67,20,31
poorly_conditioned,dropout_20,initial_batch_no_updates,True,12.0,100,100,0,1.0,0.9630065017930143,1.0,100,1.0,0.9630065017930143,1.0,{},12.583273339052072,23.37306639098083,1.1436640711291268,2.1126396639496474,100,100,0.94,0.8752318455410406,0.9722138760368118,0.94,0.8752318455410406,0.9722138760368118,94,linear,whole_base_sequence,6.008258461288286,13.006167169711874,6,0,0,nan,nan,nan,2,True,0.00013809099851641804,0.0,0.0,0.00029167863050224354,234285.03745626635,946909.7026513863,11.997967432491361,True,True,True,45.0,45,45,35.56,29,40,9.44,5,16,33.64,26,38,6.0,6,6,6.0,6,6,0.0,0,0,0.0,0,0,0.0,0,0,27.64,20,32
poorly_conditioned,dropout_20,initial_batch_no_updates,True,12.5,100,100,0,1.0,0.9630065017930143,1.0,100,1.0,0.9630065017930143,1.0,{},13.154248986533947,24.39457584106514,1.1436640711291268,2.1126396639496474,100,100,0.94,0.8752318455410406,0.9722138760368118,0.94,0.8752318455410406,0.9722138760368118,94,linear,whole_base_sequence,6.008258461288255,13.006167169713155,6,0,0,nan,nan,nan,2,True,0.0001382029993692413,0.0,0.0,0.00026639663926063674,280716.45869426505,1132963.1847287617,12.499319060207084,True,True,True,45.0,45,45,35.56,29,40,9.44,5,16,35.52,29,40,6.0,6,6,6.0,6,6,0.0,0,0,0.0,0,0,0.0,0,0,29.52,23,34
poorly_conditioned,dropout_20,initial_batch_no_updates,True,14.5,100,100,0,1.0,0.9630065017930143,1.0,100,1.0,0.9630065017930143,1.0,{},15.438785503899267,28.480642474286043,1.1436640711291268,2.1126396639496474,100,100,0.94,0.8752318455410406,0.9722138760368118,0.94,0.8752318455410406,0.9722138760368118,94,linear,whole_base_sequence,6.008258461288232,13.006167169711699,6,0,0,nan,nan,nan,2,True,0.00014038999855984003,0.0,0.0,0.00019214001265046101,538696.9477941596,2163937.702704885,12.518298918608764,True,True,True,45.0,45,45,35.56,29,40,9.44,5,16,35.56,29,40,6.0,6,6,6.0,6,6,0.0,0,0,0.0,0,0,0.0,0,0,29.56,23,34
poorly_conditioned,dropout_20,initial_batch_no_updates,True,2.0,100,16,84,0.16,0.10095288488804782,0.24420269389270244,16,0.16,0.10095288488804782,0.24420269389270244,"{""not_initialized"": 84}",1.988793592905016,3.06569250471808,1.5898609418069307,2.4998988456446964,16,100,0.875,0.639771727342413,0.9650225122567595,0.14,0.08526343659939134,0.22137188210963837,14,linear,whole_base_sequence,7.3387347464987815,14.21182249548961,6,0,0,nan,nan,nan,2,True,2.4734998296480624e-05,0.0,0.0,0.02186619074838811,113.88415397791324,119.43895028243793,1.99651859527671,True,True,True,45.0,45,45,35.56,29,40,9.44,5,16,4.57,1,6,0.96,0,6,0.96,0,6,0.0,0,0,0.0,0,0,0.0,0,0,3.61,0,5
poorly_conditioned,dropout_20,initial_batch_no_updates,True,2.5,100,53,47,0.53,0.4328885697009936,0.6248918204065872,53,0.53,0.4328885697009936,0.6248918204065872,"{""not_initialized"": 47}",2.2115219688103744,4.007351332965526,1.3160692092210593,2.412888928663018,53,100,0.9245283018867925,0.8214152251634678,0.9702604449130533,0.49,0.3942199893044113,0.5865198806597283,49,linear,whole_base_sequence,6.4196936081962335,13.212892298977383,6,0,0,nan,nan,nan,2,True,7.253899966599419e-05,0.0,0.0,0.012897897421689815,280.72051899064957,569.9537698465864,2.494739788145215,True,True,True,45.0,45,45,35.56,29,40,9.44,5,16,5.47,2,8,3.18,0,6,3.18,0,6,0.0,0,0,0.0,0,0,0.0,0,0,2.29,0,5
poorly_conditioned,dropout_20,initial_batch_no_updates,True,3.0,100,86,14,0.86,0.7786281178903616,0.9147365634006086,86,0.86,0.7786281178903616,0.9147365634006086,"{""not_initialized"": 14}",2.518648132731991,4.818677182348044,1.1788615589134677,2.2539652356195794,86,100,0.9418604651162791,0.8710215519732145,0.9749130643789203,0.81,0.7222115462093562,0.8748524849023126,81,linear,whole_base_sequence,6.015585206455174,12.790500651950667,6,0,0,nan,nan,nan,2,True,0.0001152250001905486,0.0,0.0,0.008253317773234955,499.1371845139131,1329.7416098038912,2.917369414832862,True,True,True,45.0,45,45,35.56,29,40,9.44,5,16,6.95,3,9,5.16,0,6,5.16,0,6,0.0,0,0,0.0,0,0,0.0,0,0,1.79,0,5
poorly_conditioned,dropout_20,initial_batch_no_updates,True,3.5,100,98,2,0.98,0.929988209271456,0.9944980324498376,98,0.98,0.929988209271456,0.9944980324498376,"{""not_initialized"": 2}",2.9562525199593646,5.697477293903289,1.1541782864588588,2.1355079954651295,98,100,0.9387755102040817,0.8728091282684823,0.9716406763186144,0.92,0.8500189229905127,0.9589065385156194,92,linear,whole_base_sequence,6.100657826237997,13.050591904186367,6,0,0,nan,nan,nan,2,True,0.00013274799945065752,0.0,0.0,0.0055889272643843526,775.8197233178005,2858.0849188809584,3.4982209701726212,True,True,True,45.0,45,45,35.56,29,40,9.44,5,16,8.74,5,12,5.88,0,6,5.88,0,6,0.0,0,0,0.0,0,0,0.0,0,0,2.86,0,6
poorly_conditioned,dropout_20,initial_batch_no_updates,True,4.0,100,100,0,1.0,0.9630065017930143,1.0,100,1.0,0.9630065017930143,1.0,{},3.4860554858809416,6.825927316837605,1.1436640711291268,2.1126396639496474,100,100,0.94,0.8752318455410406,0.9722138760368118,0.94,0.8752318455410406,0.9722138760368118,94,linear,whole_base_sequence,6.008258461288241,13.006167169711897,6,0,0,nan,nan,nan,2,True,0.0001332359988009557,0.0,0.0,0.0039811011633043,1427.1116844012126,5554.706623532816,3.9975016630794027,True,True,True,45.0,45,45,35.56,29,40,9.44,5,16,9.65,7,13,6.0,6,6,6.0,6,6,0.0,0,0,0.0,0,0,0.0,0,0,3.65,1,7
poorly_conditioned,dropout_20,initial_batch_no_updates,True,4.5,100,100,0,1.0,0.9630065017930143,1.0,100,1.0,0.9630065017930143,1.0,{},4.047757559975406,7.995231388886865,1.1436640711291268,2.1126396639496474,100,100,0.94,0.8752318455410406,0.9722138760368118,0.94,0.8752318455410406,0.9722138760368118,94,linear,whole_base_sequence,6.008258461288234,13.0061671697117,6,0,0,nan,nan,nan,2,True,0.00013278399856062607,0.0,0.0,0.00295737127762899,2500.300515771565,9940.591494684253,4.496681836145486,True,True,True,45.0,45,45,35.56,29,40,9.44,5,16,11.69,8,15,6.0,6,6,6.0,6,6,0.0,0,0,0.0,0,0,0.0,0,0,5.69,2,9
poorly_conditioned,dropout_20,initial_batch_no_updates,True,5.0,100,100,0,1.0,0.9630065017930143,1.0,100,1.0,0.9630065017930143,1.0,{},4.611950068228334,9.072925784889408,1.1436640711291268,2.1126396639496474,100,100,0.94,0.8752318455410406,0.9722138760368118,0.94,0.8752318455410406,0.9722138760368118,94,linear,whole_base_sequence,6.008258461288229,13.00616716971158,6,0,0,nan,nan,nan,2,True,0.00013579000078607352,0.0,0.0,0.0022733577885542026,4140.163577927124,16639.418122283918,4.997797684238566,True,True,True,45.0,45,45,35.56,29,40,9.44,5,16,13.15,9,17,6.0,6,6,6.0,6,6,0.0,0,0,0.0,0,0,0.0,0,0,7.15,3,11
poorly_conditioned,dropout_20,initial_batch_no_updates,True,5.5,100,100,0,1.0,0.9630065017930143,1.0,100,1.0,0.9630065017930143,1.0,{},5.177818976472664,10.09421086591715,1.1436640711291268,2.1126396639496474,100,100,0.94,0.8752318455410406,0.9722138760368118,0.94,0.8752318455410406,0.9722138760368118,94,linear,whole_base_sequence,6.00825846128823,13.006167169711539,6,0,0,nan,nan,nan,2,True,0.0001331790001131594,0.0,0.0,0.0017970751030126888,6545.820267401972,26377.54603557878,5.493718557222799,True,True,True,45.0,45,45,35.56,29,40,9.44,5,16,14.33,10,18,6.0,6,6,6.0,6,6,0.0,0,0,0.0,0,0,0.0,0,0,8.33,4,12
poorly_conditioned,dropout_20,initial_batch_no_updates,True,6.0,100,100,0,1.0,0.9630065017930143,1.0,100,1.0,0.9630065017930143,1.0,{},5.744868930463546,11.115547056393762,1.1436640711291268,2.1126396639496474,100,100,0.94,0.8752318455410406,0.9722138760368118,0.94,0.8752318455410406,0.9722138760368118,94,linear,whole_base_sequence,6.008258461288239,13.006167169711688,6,0,0,nan,nan,nan,2,True,0.00013698700116947292,0.0,0.0,0.001453670170544527,9841.205053115784,39984.00996200368,5.998694141125537,True,True,True,45.0,45,45,35.56,29,40,9.44,5,16,16.28,12,21,6.0,6,6,6.0,6,6,0.0,0,0,0.0,0,0,0.0,0,0,10.28,6,15
poorly_conditioned,dropout_20,initial_batch_no_updates,True,6.5,100,100,0,1.0,0.9630065017930143,1.0,100,1.0,0.9630065017930143,1.0,{},6.312781673484844,12.136920785581696,1.1436640711291268,2.1126396639496474,100,100,0.94,0.8752318455410406,0.9722138760368118,0.94,0.8752318455410406,0.9722138760368118,94,linear,whole_base_sequence,6.0082584612882295,13.006167169712139,6,0,0,nan,nan,nan,2,True,0.00013704200187930837,0.0,0.0,0.0011986690460493669,14325.236630317784,58390.517961113044,6.496620850517521,True,True,True,45.0,45,45,35.56,29,40,9.44,5,16,17.17,12,21,6.0,6,6,6.0,6,6,0.0,0,0,0.0,0,0,0.0,0,0,11.17,6,15
poorly_conditioned,dropout_20,initial_batch_no_updates,True,7.0,100,100,0,1.0,0.9630065017930143,1.0,100,1.0,0.9630065017930143,1.0,{},6.881343592625111,13.158322905038206,1.1436640711291268,2.1126396639496474,100,100,0.94,0.8752318455410406,0.9722138760368118,0.94,0.8752318455410406,0.9722138760368118,94,linear,whole_base_sequence,6.008258461288246,13.006167169712517,6,0,0,nan,nan,nan,2,True,0.00013892300165025518,0.0,0.0,0.0010045152583283133,20217.687794751742,82631.4511092641,6.916259984169404,True,True,True,45.0,45,45,35.56,29,40,9.44,5,16,18.89,15,23,6.0,6,6,6.0,6,6,0.0,0,0,0.0,0,0,0.0,0,0,12.89,9,17
poorly_conditioned,dropout_20,initial_batch_no_updates,True,7.5,100,100,0,1.0,0.9630065017930143,1.0,100,1.0,0.9630065017930143,1.0,{},7.450406067875433,14.179747020291911,1.1436640711291268,2.1126396639496474,100,100,0.94,0.8752318455410406,0.9722138760368118,0.94,0.8752318455410406,0.9722138760368118,94,linear,whole_base_sequence,6.008258461288222,13.006167169711931,6,0,0,nan,nan,nan,2,True,0.00013644199905684217,0.0,0.0,0.0008534896216714819,27790.88438543702,113843.8636981964,7.496458841437288,True,True,True,45.0,45,45,35.56,29,40,9.44,5,16,20.73,16,25,6.0,6,6,6.0,6,6,0.0,0,0,0.0,0,0,0.0,0,0,14.73,10,19
poorly_conditioned,dropout_20,initial_batch_no_updates,True,8.0,100,100,0,1.0,0.9630065017930143,1.0,100,1.0,0.9630065017930143,1.0,{},8.019862546609094,15.201188525724247,1.1436640711291268,2.1126396639496474,100,100,0.94,0.8752318455410406,0.9722138760368118,0.94,0.8752318455410406,0.9722138760368118,94,linear,whole_base_sequence,6.0082584612882375,13.006167169711537,6,0,0,nan,nan,nan,2,True,0.00013539700012188405,0.0,0.0,0.0007338213132726005,37341.582211399116,153267.48355345518,7.997989549354098,True,True,True,45.0,45,45,35.56,29,40,9.44,5,16,21.75,17,26,6.0,6,6,6.0,6,6,0.0,0,0,0.0,0,0,0.0,0,0,15.75,11,20
poorly_conditioned,dropout_20,initial_batch_no_updates,True,8.5,100,100,0,1.0,0.9630065017930143,1.0,100,1.0,0.9630065017930143,1.0,{},8.589634666885857,16.222644019187356,1.1436640711291268,2.1126396639496474,100,100,0.94,0.8752318455410406,0.9722138760368118,0.94,0.8752318455410406,0.9722138760368118,94,linear,whole_base_sequence,6.008258461288233,13.006167169711034,6,0,0,nan,nan,nan,2,True,0.00013802500208839774,0.0,0.0,0.0006374640950032761,49190.96692466443,202244.7123371135,8.499101501616938,True,True,True,45.0,45,45,35.56,29,40,9.44,5,16,23.62,18,29,6.0,6,6,6.0,6,6,0.0,0,0,0.0,0,0,0.0,0,0,17.62,12,23
poorly_conditioned,dropout_20,initial_batch_no_updates,True,9.0,100,100,0,1.0,0.9630065017930143,1.0,100,1.0,0.9630065017930143,1.0,{},9.159663525939543,17.244110932605285,1.1436640711291268,2.1126396639496474,100,100,0.94,0.8752318455410406,0.9722138760368118,0.94,0.8752318455410406,0.9722138760368118,94,linear,whole_base_sequence,6.008258461288201,13.006167169711773,6,0,0,nan,nan,nan,2,True,0.00013507500028936192,0.0,0.0,0.0005587773928805507,63684.653935732786,262220.6257966237,8.999106114578835,True,True,True,45.0,45,45,35.56,29,40,9.44,5,16,25.13,20,30,6.0,6,6,6.0,6,6,0.0,0,0,0.0,0,0,0.0,0,0,19.13,14,24
poorly_conditioned,dropout_20,initial_batch_no_updates,True,9.5,100,100,0,1.0,0.9630065017930143,1.0,100,1.0,0.9630065017930143,1.0,{},9.729904000558427,18.265587290892004,1.1436640711291268,2.1126396639496474,100,100,0.94,0.8752318455410406,0.9722138760368118,0.94,0.8752318455410406,0.9722138760368118,94,linear,whole_base_sequence,6.008258461288217,13.006167169711063,6,0,0,nan,nan,nan,2,True,0.0001379810011712834,0.0,0.0,0.0004937179029627064,81666.98189011388,334742.9739653794,9.49477757693301,True,True,True,45.0,45,45,35.56,29,40,9.44,5,16,26.22,20,31,6.0,6,6,6.0,6,6,0.0,0,0,0.0,0,0,0.0,0,0,20.22,14,25
poorly_conditioned,dropout_20,offline_full_record_noncausal,False,14.5,100,100,0,1.0,0.9630065017930143,1.0,100,1.0,0.9630065017930143,1.0,{},0.6177648084360995,1.017947226682051,0.06618343773112785,0.11317880778159777,100,100,0.93,0.8625048526092651,0.9656807389327273,0.93,0.8625048526092651,0.9656807389327273,93,linear,whole_base_sequence,6.233229919547658,13.402160079178774,6,0,0,nan,nan,nan,2,True,0.3034977990013431,0.0,0.0,8.760130252291845e-05,2177.4808015298686,4514.074179598642,12.518298918608764,True,True,True,45.0,45,45,35.56,29,40,9.44,5,16,35.56,29,40,35.56,29,40,0.0,0,0,0.0,0,0,0.0,0,0,0.0,0,0,0.0,0,0
poorly_conditioned,dropout_20,retarded_ekf,True,0.0,100,0,100,0.0,0.0,0.03699349820698568,0,0.0,0.0,0.03699349820698568,"{""not_initialized"": 100}",nan,nan,nan,nan,0,100,nan,nan,nan,0.0,0.0,0.03699349820698568,0,linear,whole_base_sequence,nan,nan,6,0,0,nan,nan,nan,2,True,2.5310000055469572e-05,0.0,nan,nan,nan,nan,nan,True,True,True,45.0,45,45,35.56,29,40,9.44,5,16,0.0,0,0,0.0,0,0,0.0,0,0,0.0,0,0,0.0,0,0,0.0,0,0,0.0,0,0
poorly_conditioned,dropout_20,retarded_ekf,True,0.5,100,0,100,0.0,0.0,0.03699349820698568,0,0.0,0.0,0.03699349820698568,"{""not_initialized"": 100}",nan,nan,nan,nan,0,100,nan,nan,nan,0.0,0.0,0.03699349820698568,0,linear,whole_base_sequence,nan,nan,6,0,0,nan,nan,nan,2,True,1.4264000637922436e-05,0.0,nan,nan,nan,nan,nan,True,True,True,45.0,45,45,35.56,29,40,9.44,5,16,0.0,0,0,0.0,0,0,0.0,0,0,0.0,0,0,0.0,0,0,0.0,0,0,0.0,0,0
poorly_conditioned,dropout_20,retarded_ekf,True,1.0,100,0,100,0.0,0.0,0.03699349820698568,0,0.0,0.0,0.03699349820698568,"{""not_initialized"": 100}",nan,nan,nan,nan,0,100,nan,nan,nan,0.0,0.0,0.03699349820698568,0,linear,whole_base_sequence,nan,nan,6,0,0,nan,nan,nan,2,True,0.00014042800030438228,0.0,nan,nan,nan,nan,0.9980244500028004,True,True,True,45.0,45,45,35.56,29,40,9.44,5,16,1.38,0,3,0.0,0,0,0.0,0,0,0.0,0,0,0.0,0,0,0.0,0,0,1.38,0,3
poorly_conditioned,dropout_20,retarded_ekf,True,1.5,100,0,100,0.0,0.0,0.03699349820698568,0,0.0,0.0,0.03699349820698568,"{""not_initialized"": 100}",nan,nan,nan,nan,0,100,nan,nan,nan,0.0,0.0,0.03699349820698568,0,linear,whole_base_sequence,nan,nan,6,0,0,nan,nan,nan,2,True,0.00015664500038838015,0.0,nan,nan,nan,nan,1.4964500178359175,True,True,True,45.0,45,45,35.56,29,40,9.44,5,16,2.53,0,4,0.0,0,0,0.0,0,0,0.0,0,0,0.0,0,0,0.0,0,0,2.53,0,4
poorly_conditioned,dropout_20,retarded_ekf,True,10.0,100,100,0,1.0,0.9630065017930143,1.0,100,1.0,0.9630065017930143,1.0,{},0.5545519494675553,0.9372268405960111,0.0958340667576827,0.15180655669088172,100,100,0.92,0.8500189229905127,0.9589065385156194,0.92,0.8500189229905127,0.9589065385156194,92,linear,whole_base_sequence,6.239976556283112,13.846914086543373,6,200,0,2.092480245932984,5.838081353709684,0.95,2,True,0.004265894999844022,0.0015904749985202215,0.0,0.0002458326154266161,555.3894040752549,1412.3693964615245,9.989789698436592,True,True,True,45.0,45,45,35.56,29,40,9.44,5,16,28.22,22,33,28.22,22,33,6.0,6,6,22.22,16,27,0.0,0,0,0.0,0,0,0.0,0,0
poorly_conditioned,dropout_20,retarded_ekf,True,10.5,100,100,0,1.0,0.9630065017930143,1.0,100,1.0,0.9630065017930143,1.0,{},0.5501108489412535,0.9385054549490353,0.08918102730596944,0.13221735420599476,100,100,0.93,0.8625048526092651,0.9656807389327273,0.93,0.8625048526092651,0.9656807389327273,93,linear,whole_base_sequence,6.185355177708987,13.221385295881916,6,120,0,1.8382120987932802,5.257139536004411,0.9666666666666667,2,True,0.0027580940004554577,0.0009690869998303242,0.0,0.00021424342549824718,638.4544725072288,1342.6202453190256,10.498609775121441,True,True,True,45.0,45,45,35.56,29,40,9.44,5,16,29.42,22,34,29.42,22,34,6.0,6,6,23.42,16,28,0.0,0,0,0.0,0,0,0.0,0,0
poorly_conditioned,dropout_20,retarded_ekf,True,11.0,100,100,0,1.0,0.9630065017930143,1.0,100,1.0,0.9630065017930143,1.0,{},0.5175416996206867,0.8906650833293257,0.0796002472027996,0.1257072838401853,100,100,0.94,0.8752318455410406,0.9722138760368118,0.94,0.8752318455410406,0.9722138760368118,94,linear,whole_base_sequence,6.0841336695859916,13.267133012493225,6,145,0,2.2522287272918478,7.151980658979989,0.9379310344827586,2,True,0.0034166359988739713,0.0012001909984974191,0.0,0.0001880376326706752,676.590567539652,1267.0388775911867,10.919532383859073,True,True,True,45.0,45,45,35.56,29,40,9.44,5,16,30.87,23,36,30.87,23,36,6.0,6,6,24.87,17,30,0.0,0,0,0.0,0,0,0.0,0,0
poorly_conditioned,dropout_20,retarded_ekf,True,11.5,100,100,0,1.0,0.9630065017930143,1.0,100,1.0,0.9630065017930143,1.0,{},0.512495350598679,0.8284080661728509,0.07471912724133732,0.11983857832522911,100,100,0.95,0.8882495307680808,0.9784563208456319,0.95,0.8882495307680808,0.9784563208456319,95,linear,whole_base_sequence,6.089371439112253,11.913062492769232,6,180,0,2.319471007731254,6.3406536081434055,0.9333333333333333,2,True,0.004326834998500999,0.001486817999102641,0.0,0.0001661645572781533,731.9232752073647,1526.2575533312706,11.499339348942456,True,True,True,45.0,45,45,35.56,29,40,9.44,5,16,32.67,26,37,32.67,26,37,6.0,6,6,26.67,20,31,0.0,0,0,0.0,0,0,0.0,0,0
poorly_conditioned,dropout_20,retarded_ekf,True,12.0,100,100,0,1.0,0.9630065017930143,1.0,100,1.0,0.9630065017930143,1.0,{},0.5112339580163909,0.7667235454083977,0.07203464105003578,0.11637872132879462,100,100,0.92,0.8500189229905127,0.9589065385156194,0.92,0.8500189229905127,0.9589065385156194,92,linear,whole_base_sequence,6.066240803067527,12.908291248153493,6,97,0,2.198770743090415,6.056151879283439,0.9484536082474226,2,True,0.002439624999242369,0.0007970190001651645,0.0,0.0001477134722611968,863.4386133812583,1631.0543039450652,11.997967432491361,True,True,True,45.0,45,45,35.56,29,40,9.44,5,16,33.64,26,38,33.64,26,38,6.0,6,6,27.64,20,32,0.0,0,0,0.0,0,0,0.0,0,0
poorly_conditioned,dropout_20,retarded_ekf,True,12.5,100,100,0,1.0,0.9630065017930143,1.0,100,1.0,0.9630065017930143,1.0,{},0.4984737824229257,0.80296431994401,0.06613153665539344,0.11226064806365528,100,100,0.93,0.8625048526092651,0.9656807389327273,0.93,0.8625048526092651,0.9656807389327273,93,linear,whole_base_sequence,6.2038248219861245,13.69921059612407,6,188,0,2.400852191519904,7.641810514441815,0.9095744680851063,2,True,0.0046343560016248375,0.0015251839999109507,0.0,0.00013203107347074585,923.3381540725538,2036.6130309014723,12.499319060207084,True,True,True,45.0,45,45,35.56,29,40,9.44,5,16,35.52,29,40,35.52,29,40,6.0,6,6,29.52,23,34,0.0,0,0,0.0,0,0,0.0,0,0
poorly_conditioned,dropout_20,retarded_ekf,True,14.5,100,100,0,1.0,0.9630065017930143,1.0,100,1.0,0.9630065017930143,1.0,{},0.6184844136546352,1.0154171235287892,0.06626240951660121,0.11226064806365528,100,100,0.93,0.8625048526092651,0.9656807389327273,0.93,0.8625048526092651,0.9656807389327273,93,linear,whole_base_sequence,6.240428889218175,13.699210596123859,6,4,0,1.289212814247972,3.225138735183734,1.0,2,True,0.00028391600091708823,3.509699978167191e-05,0.0,8.745105342260785e-05,2195.881813929923,4571.396199528862,12.518298918608764,True,True,True,45.0,45,45,35.56,29,40,9.44,5,16,35.56,29,40,35.56,29,40,6.0,6,6,29.56,23,34,0.0,0,0,0.0,0,0,0.0,0,0
poorly_conditioned,dropout_20,retarded_ekf,True,2.0,100,16,84,0.16,0.10095288488804782,0.24420269389270244,16,0.16,0.10095288488804782,0.24420269389270244,"{""not_initialized"": 84}",1.988793592905016,3.06569250471808,1.5898609418069307,2.4998988456446964,16,100,0.875,0.639771727342413,0.9650225122567595,0.14,0.08526343659939134,0.22137188210963837,14,linear,whole_base_sequence,7.3387347464987815,14.21182249548961,6,0,0,nan,nan,nan,2,True,0.010857275000598748,0.0,0.0,0.02186619074838811,113.88415397791324,119.43895028243793,1.99651859527671,True,True,True,45.0,45,45,35.56,29,40,9.44,5,16,4.57,1,6,0.96,0,6,0.96,0,6,0.0,0,0,0.0,0,0,0.0,0,0,3.61,0,5
poorly_conditioned,dropout_20,retarded_ekf,True,2.5,100,53,47,0.53,0.4328885697009936,0.6248918204065872,53,0.53,0.4328885697009936,0.6248918204065872,"{""not_initialized"": 47}",1.941019680065013,3.152268567959964,1.1640060554557496,1.7070173634124137,53,100,0.9622641509433962,0.8724571280258164,0.9895897127241731,0.51,0.4134801193402717,0.6057800106955886,51,linear,whole_base_sequence,6.124771741333271,12.248407672194151,6,20,0,2.217031660686788,5.452252964498607,0.95,2,True,0.022697244997834785,0.0001712589993258007,0.0,0.012897897421689815,152.07105846062277,569.9537698465864,2.494739788145215,True,True,True,45.0,45,45,35.56,29,40,9.44,5,16,5.47,2,8,3.38,0,8,3.18,0,6,0.2,0,2,0.0,0,0,0.0,0,0,2.09,0,5
poorly_conditioned,dropout_20,retarded_ekf,True,3.0,100,86,14,0.86,0.7786281178903616,0.9147365634006086,86,0.86,0.7786281178903616,0.9147365634006086,"{""not_initialized"": 14}",1.541981663092205,2.710259361679408,0.7970276425705799,1.3283807392102802,86,100,0.9534883720930233,0.8864300218628802,0.9817660317616792,0.82,0.7333264161369926,0.8829977450105364,82,linear,whole_base_sequence,5.79040042303288,12.486777368682487,6,92,0,2.058260247998851,6.25710156947878,0.9456521739130435,2,True,0.022312639001465868,0.0007624700004816987,0.0,0.007852881870259305,171.60986586116184,1286.7248338547215,2.917369414832862,True,True,True,45.0,45,45,35.56,29,40,9.44,5,16,6.95,3,9,6.28,0,9,5.16,0,6,1.12,0,3,0.0,0,0,0.0,0,0,0.67,0,5
poorly_conditioned,dropout_20,retarded_ekf,True,3.5,100,98,2,0.98,0.929988209271456,0.9944980324498376,98,0.98,0.929988209271456,0.9944980324498376,"{""not_initialized"": 2}",1.1735995026216086,1.8484606935078123,0.5731343196608911,0.9084084295518977,98,100,0.9285714285714286,0.8598398906366204,0.9649715464019392,0.91,0.837737871472837,0.9519274599974348,91,linear,whole_base_sequence,5.969001972743734,13.066835187543862,6,164,0,1.917216940452474,5.811970133639494,0.9573170731707317,2,True,0.009630476999445818,0.0013260409998474643,0.0,0.005078438342162496,167.91636886193334,526.373785393381,3.4982209701726212,True,True,True,45.0,45,45,35.56,29,40,9.44,5,16,8.74,5,12,8.64,0,12,5.88,0,6,2.76,0,6,0.0,0,0,0.0,0,0,0.1,0,5
poorly_conditioned,dropout_20,retarded_ekf,True,4.0,100,100,0,1.0,0.9630065017930143,1.0,100,1.0,0.9630065017930143,1.0,{},1.1402707144314645,1.7950191830270377,0.45873330980047017,0.7433028271015192,100,100,0.94,0.8752318455410406,0.9722138760368118,0.94,0.8752318455410406,0.9722138760368118,94,linear,whole_base_sequence,5.901826245074772,12.890162776199602,6,89,0,1.9956746050780427,6.540182721479011,0.9438202247191011,2,True,0.0025429320012335666,0.0007280999992508441,0.0,0.003504553256224744,224.5213886359792,1065.788035509208,3.9975016630794027,True,True,True,45.0,45,45,35.56,29,40,9.44,5,16,9.65,7,13,9.65,7,13,6.0,6,6,3.65,1,7,0.0,0,0,0.0,0,0,0.0,0,0
poorly_conditioned,dropout_20,retarded_ekf,True,4.5,100,100,0,1.0,0.9630065017930143,1.0,100,1.0,0.9630065017930143,1.0,{},1.0234595326924834,1.9269192919300764,0.3751544502487506,0.6844286020169474,100,100,0.93,0.8625048526092651,0.9656807389327273,0.93,0.8625048526092651,0.9656807389327273,93,linear,whole_base_sequence,6.482902463896952,14.94658834539588,6,204,0,1.7427430994559387,5.194861115373924,0.9656862745098039,2,True,0.0030699209988233633,0.001644948999164626,0.0,0.002481219247283517,189.59182278161833,589.3932937323852,4.496681836145486,True,True,True,45.0,45,45,35.56,29,40,9.44,5,16,11.69,8,15,11.69,8,15,6.0,6,6,5.69,2,9,0.0,0,0,0.0,0,0,0.0,0,0
poorly_conditioned,dropout_20,retarded_ekf,True,5.0,100,100,0,1.0,0.9630065017930143,1.0,100,1.0,0.9630065017930143,1.0,{},0.9228115932133073,1.5346798599566398,0.3029417532601319,0.5231472352004825,100,100,0.95,0.8882495307680808,0.9784563208456319,0.95,0.8882495307680808,0.9784563208456319,95,linear,whole_base_sequence,6.232167315846443,11.95124076968308,6,146,0,2.0500370878016674,6.287279305527379,0.9383561643835616,2,True,0.0023183109986712226,0.0011659450005390682,0.0,0.0018328799749841745,239.12245267946287,1015.842376542099,4.997797684238566,True,True,True,45.0,45,45,35.56,29,40,9.44,5,16,13.15,9,17,13.15,9,17,6.0,6,6,7.15,3,11,0.0,0,0,0.0,0,0,0.0,0,0
poorly_conditioned,dropout_20,retarded_ekf,True,5.5,100,100,0,1.0,0.9630065017930143,1.0,100,1.0,0.9630065017930143,1.0,{},0.8482029059015465,1.4221432998928232,0.26172159018845675,0.4375708126829959,100,100,0.95,0.8882495307680808,0.9784563208456319,0.95,0.8882495307680808,0.9784563208456319,95,linear,whole_base_sequence,6.021412226468888,11.98208057736476,6,118,0,1.8916835957010822,5.156493300732825,0.9576271186440678,2,True,0.002005308998050168,0.0009535640006652101,0.0,0.0013764898183107144,261.4669399693166,662.5961642739682,5.493718557222799,True,True,True,45.0,45,45,35.56,29,40,9.44,5,16,14.33,10,18,14.33,10,18,6.0,6,6,8.33,4,12,0.0,0,0,0.0,0,0,0.0,0,0
poorly_conditioned,dropout_20,retarded_ekf,True,6.0,100,100,0,1.0,0.9630065017930143,1.0,100,1.0,0.9630065017930143,1.0,{},0.7122067362235495,1.1854718851892496,0.2133813967581394,0.34590741412051046,100,100,0.94,0.8752318455410406,0.9722138760368118,0.94,0.8752318455410406,0.9722138760368118,94,linear,whole_base_sequence,5.94549466863998,12.84736976337407,6,195,0,1.786913422686833,5.037278038075544,0.9641025641025641,2,True,0.0032058900000993163,0.0015214879999984987,0.0,0.0010695988307321549,281.3736383821042,568.8746405459199,5.998694141125537,True,True,True,45.0,45,45,35.56,29,40,9.44,5,16,16.28,12,21,16.28,12,21,6.0,6,6,10.28,6,15,0.0,0,0,0.0,0,0,0.0,0,0
poorly_conditioned,dropout_20,retarded_ekf,True,6.5,100,100,0,1.0,0.9630065017930143,1.0,100,1.0,0.9630065017930143,1.0,{},0.6830448970061676,1.0921492434132625,0.1868130857613642,0.28426678322959825,100,100,0.96,0.9016292856411208,0.9843366960084523,0.96,0.9016292856411208,0.9843366960084523,96,linear,whole_base_sequence,5.780116052784467,12.462288705805934,6,89,0,2.2525972984549463,6.529944312450587,0.9325842696629213,2,True,0.0016293450020020827,0.0007103139979881234,0.0,0.0008507382483353361,362.7018020935417,900.3525674785675,6.496620850517521,True,True,True,45.0,45,45,35.56,29,40,9.44,5,16,17.17,12,21,17.17,12,21,6.0,6,6,11.17,6,15,0.0,0,0,0.0,0,0,0.0,0,0
poorly_conditioned,dropout_20,retarded_ekf,True,7.0,100,100,0,1.0,0.9630065017930143,1.0,100,1.0,0.9630065017930143,1.0,{},0.6631114499384991,1.1125053402069853,0.1714123847703029,0.2990357460261169,100,100,0.96,0.9016292856411208,0.9843366960084523,0.96,0.9016292856411208,0.9843366960084523,96,linear,whole_base_sequence,6.064818527408793,11.569176888111922,6,172,0,1.9532082382182714,5.580209633116665,0.9534883720930233,2,True,0.0031052680005086587,0.0013858459994662553,0.0,0.0006866283500923512,358.63343673418046,724.3369817112159,6.916259984169404,True,True,True,45.0,45,45,35.56,29,40,9.44,5,16,18.89,15,23,18.89,15,23,6.0,6,6,12.89,9,17,0.0,0,0,0.0,0,0,0.0,0,0
poorly_conditioned,dropout_20,retarded_ekf,True,7.5,100,100,0,1.0,0.9630065017930143,1.0,100,1.0,0.9630065017930143,1.0,{},0.6494158024992152,1.095086356584417,0.1567463153303968,0.24892652662029266,100,100,0.91,0.837737871472837,0.9519274599974348,0.91,0.837737871472837,0.9519274599974348,91,linear,whole_base_sequence,6.1739138824190665,14.535773750446348,6,184,0,2.2548230896009955,6.471113606210945,0.9402173913043478,2,True,0.003467112999642268,0.0014907219947781413,0.0,0.0005628016881339358,404.61478164382333,853.2099253703382,7.496458841437288,True,True,True,45.0,45,45,35.56,29,40,9.44,5,16,20.73,16,25,20.73,16,25,6.0,6,6,14.73,10,19,0.0,0,0,0.0,0,0,0.0,0,0
poorly_conditioned,dropout_20,retarded_ekf,True,8.0,100,100,0,1.0,0.9630065017930143,1.0,100,1.0,0.9630065017930143,1.0,{},0.6714969959285173,1.1220548619412234,0.14682151159342285,0.240940690855251,100,100,0.92,0.8500189229905127,0.9589065385156194,0.92,0.8500189229905127,0.9589065385156194,92,linear,whole_base_sequence,6.203796056485166,15.265568362200863,6,102,0,1.9041268358714631,5.2043194202265,0.9607843137254902,2,True,0.0019725980013026857,0.0007994569992297328,0.0,0.00046644258862367684,437.71094389591053,828.5946572386614,7.997989549354098,True,True,True,45.0,45,45,35.56,29,40,9.44,5,16,21.75,17,26,21.75,17,26,6.0,6,6,15.75,11,20,0.0,0,0,0.0,0,0,0.0,0,0
poorly_conditioned,dropout_20,retarded_ekf,True,8.5,100,100,0,1.0,0.9630065017930143,1.0,100,1.0,0.9630065017930143,1.0,{},0.6181804970059869,1.070067962503704,0.12714167669680376,0.20620962510715746,100,100,0.93,0.8625048526092651,0.9656807389327273,0.93,0.8625048526092651,0.9656807389327273,93,linear,whole_base_sequence,6.174651732358484,15.07747880262848,6,187,0,1.9276407065542362,5.08888441733031,0.9732620320855615,2,True,0.0037272800007485786,0.0015158790003624745,0.0,0.00039128416293290967,426.554264547627,861.5812794492135,8.499101501616938,True,True,True,45.0,45,45,35.56,29,40,9.44,5,16,23.62,18,29,23.62,18,29,6.0,6,6,17.62,12,23,0.0,0,0,0.0,0,0,0.0,0,0
poorly_conditioned,dropout_20,retarded_ekf,True,9.0,100,100,0,1.0,0.9630065017930143,1.0,100,1.0,0.9630065017930143,1.0,{},0.6123423403644801,1.0001407149700186,0.11974260709675746,0.18679699851487144,100,100,0.95,0.8882495307680808,0.9784563208456319,0.95,0.8882495307680808,0.9784563208456319,95,linear,whole_base_sequence,6.2422284179095024,12.658889173961919,6,151,0,1.8144228754098592,5.176489123189384,0.9602649006622517,2,True,0.0031225329998414964,0.0012008319969754667,0.0,0.0003320317084742663,511.70726917565094,1070.1058915750082,8.999106114578835,True,True,True,45.0,45,45,35.56,29,40,9.44,5,16,25.13,20,30,25.13,20,30,6.0,6,6,19.13,14,24,0.0,0,0,0.0,0,0,0.0,0,0
poorly_conditioned,dropout_20,retarded_ekf,True,9.5,100,100,0,1.0,0.9630065017930143,1.0,100,1.0,0.9630065017930143,1.0,{},0.609123728829532,1.0159997446719906,0.1099592294575362,0.1760738141085543,100,100,0.94,0.8752318455410406,0.9722138760368118,0.94,0.8752318455410406,0.9722138760368118,94,linear,whole_base_sequence,6.389025057065166,13.815517939370464,6,109,0,2.222972775625374,7.296340479606326,0.908256880733945,2,True,0.0023381009980221277,0.0008668320029391907,0.0,0.00028442017870294347,543.0876621654227,1124.2674688245386,9.49477757693301,True,True,True,45.0,45,45,35.56,29,40,9.44,5,16,26.22,20,31,26.22,20,31,6.0,6,6,20.22,14,25,0.0,0,0,0.0,0,0,0.0,0,0
poorly_conditioned,dropout_50,causal_prefix_batch,True,0.0,100,0,100,0.0,0.0,0.03699349820698568,0,0.0,0.0,0.03699349820698568,"{""insufficient_measurements"": 100}",nan,nan,nan,nan,0,100,nan,nan,nan,0.0,0.0,0.03699349820698568,0,linear,whole_base_sequence,nan,nan,6,0,0,nan,nan,nan,2,True,4.888899798970669e-05,0.0,nan,nan,nan,nan,nan,True,True,True,45.0,45,45,22.89,12,31,22.11,14,33,0.0,0,0,0.0,0,0,0.0,0,0,0.0,0,0,0.0,0,0,0.0,0,0,0.0,0,0
poorly_conditioned,dropout_50,causal_prefix_batch,True,0.5,100,0,100,0.0,0.0,0.03699349820698568,0,0.0,0.0,0.03699349820698568,"{""insufficient_measurements"": 100}",nan,nan,nan,nan,0,100,nan,nan,nan,0.0,0.0,0.03699349820698568,0,linear,whole_base_sequence,nan,nan,6,0,0,nan,nan,nan,2,True,3.540400008205324e-05,0.0,nan,nan,nan,nan,nan,True,True,True,45.0,45,45,22.89,12,31,22.11,14,33,0.0,0,0,0.0,0,0,0.0,0,0,0.0,0,0,0.0,0,0,0.0,0,0,0.0,0,0
poorly_conditioned,dropout_50,causal_prefix_batch,True,1.0,100,0,100,0.0,0.0,0.03699349820698568,0,0.0,0.0,0.03699349820698568,"{""insufficient_local_observability"": 1, ""insufficient_measurements"": 98, ""optimization_error:ValueError"": 1}",nan,nan,nan,nan,0,100,nan,nan,nan,0.0,0.0,0.03699349820698568,0,linear,whole_base_sequence,nan,nan,6,0,0,nan,nan,nan,2,True,0.03918100099777803,0.0,nan,nan,nan,nan,0.9980244500028004,True,True,True,45.0,45,45,22.89,12,31,22.11,14,33,0.86,0,3,0.86,0,3,0.0,0,0,0.0,0,0,0.0,0,0,0.0,0,0,0.0,0,0
poorly_conditioned,dropout_50,causal_prefix_batch,True,1.5,100,2,98,0.02,0.00550196755016235,0.07001179072854388,2,0.02,0.00550196755016235,0.07001179072854388,"{""insufficient_local_observability"": 15, ""insufficient_measurements"": 82, ""optimization_error:ValueError"": 1}",16.151383362707342,21.076836545888153,16.775426821779437,22.1209648005148,2,100,1.0,0.34238022750665303,1.0,0.02,0.00550196755016235,0.07001179072854388,2,linear,whole_base_sequence,8.89983062266975,9.478378366379626,6,0,0,nan,nan,nan,2,True,0.4862489309994271,0.0,0.0,0.050681397066435825,158021.01843439418,167435.7371097807,1.4964500178359175,True,True,True,45.0,45,45,22.89,12,31,22.11,14,33,1.61,0,4,1.61,0,4,0.0,0,0,0.0,0,0,0.0,0,0,0.0,0,0,0.0,0,0
poorly_conditioned,dropout_50,causal_prefix_batch,True,10.0,100,100,0,1.0,0.9630065017930143,1.0,100,1.0,0.9630065017930143,1.0,{},0.7468627293741651,1.204712124176524,0.1281529775914804,0.20620921933545924,100,100,0.95,0.8882495307680808,0.9784563208456319,0.95,0.8882495307680808,0.9784563208456319,95,linear,whole_base_sequence,5.9446318791054376,12.262639510865876,6,0,0,nan,nan,nan,2,True,0.158721750000841,0.0,0.0,0.00028333433079836444,604.7466028552312,2941.861032959418,9.989789698436592,True,True,True,45.0,45,45,22.89,12,31,22.11,14,33,18.08,11,26,18.08,11,26,0.0,0,0,0.0,0,0,0.0,0,0,0.0,0,0,0.0,0,0
poorly_conditioned,dropout_50,causal_prefix_batch,True,10.5,100,100,0,1.0,0.9630065017930143,1.0,100,1.0,0.9630065017930143,1.0,{},0.7352707739608885,1.2390653388599542,0.11705127073441568,0.18041044116150326,100,100,0.95,0.8882495307680808,0.9784563208456319,0.95,0.8882495307680808,0.9784563208456319,95,linear,whole_base_sequence,5.876148956337589,12.26081595567628,6,0,0,nan,nan,nan,2,True,0.162773350001371,0.0,0.0,0.0002478177278469462,687.6385218974553,3826.925333006438,10.498609775121441,True,True,True,45.0,45,45,22.89,12,31,22.11,14,33,18.92,11,27,18.92,11,27,0.0,0,0,0.0,0,0,0.0,0,0,0.0,0,0,0.0,0,0
poorly_conditioned,dropout_50,causal_prefix_batch,True,11.0,100,100,0,1.0,0.9630065017930143,1.0,100,1.0,0.9630065017930143,1.0,{},0.7225682605376897,1.3091027010809448,0.10938826680308947,0.17768876035434636,100,100,0.94,0.8752318455410406,0.9722138760368118,0.94,0.8752318455410406,0.9722138760368118,94,linear,whole_base_sequence,5.948019841810245,12.719130151973022,6,0,0,nan,nan,nan,2,True,0.17531507299892837,0.0,0.0,0.00021827396698004514,748.4032978132507,4907.211842004204,10.919532383859073,True,True,True,45.0,45,45,22.89,12,31,22.11,14,33,19.9,11,28,19.9,11,28,0.0,0,0,0.0,0,0,0.0,0,0,0.0,0,0,0.0,0,0
poorly_conditioned,dropout_50,causal_prefix_batch,True,11.5,100,100,0,1.0,0.9630065017930143,1.0,100,1.0,0.9630065017930143,1.0,{},0.6940203930901743,1.2775081868948017,0.10048631332555068,0.17412265378951994,100,100,0.95,0.8882495307680808,0.9784563208456319,0.95,0.8882495307680808,0.9784563208456319,95,linear,whole_base_sequence,5.875845232955258,12.237132174150096,6,0,0,nan,nan,nan,2,True,0.18784941299963975,0.0,0.0,0.00019311806554732187,807.3032243680836,2764.82025639921,11.499076189600668,True,True,True,45.0,45,45,22.89,12,31,22.11,14,33,21.0,12,29,21.0,12,29,0.0,0,0,0.0,0,0,0.0,0,0,0.0,0,0,0.0,0,0
poorly_conditioned,dropout_50,causal_prefix_batch,True,12.0,100,100,0,1.0,0.9630065017930143,1.0,100,1.0,0.9630065017930143,1.0,{},0.70652685720675,1.1808963265352785,0.0997024637214106,0.1667691143794458,100,100,0.94,0.8752318455410406,0.9722138760368118,0.94,0.8752318455410406,0.9722138760368118,94,linear,whole_base_sequence,5.974042048304032,12.723438626388397,6,0,0,nan,nan,nan,2,True,0.18703242799994768,0.0,0.0,0.0001720919336672259,911.3341988011655,3280.675040924826,11.996661840676087,True,True,True,45.0,45,45,22.89,12,31,22.11,14,33,21.63,12,29,21.63,12,29,0.0,0,0,0.0,0,0,0.0,0,0,0.0,0,0,0.0,0,0
poorly_conditioned,dropout_50,causal_prefix_batch,True,12.5,100,100,0,1.0,0.9630065017930143,1.0,100,1.0,0.9630065017930143,1.0,{},0.6642019791363915,1.2049106072152251,0.0901885748419253,0.15694947685530233,100,100,0.9,0.8256343384950865,0.9447708629393249,0.9,0.8256343384950865,0.9447708629393249,90,linear,whole_base_sequence,6.115350564528757,13.648449252737663,6,0,0,nan,nan,nan,2,True,0.20147180499974637,0.0,0.0,0.00015425693241639076,939.3259450123394,3106.237668284843,12.496933035895308,True,True,True,45.0,45,45,22.89,12,31,22.11,14,33,22.85,12,31,22.85,12,31,0.0,0,0,0.0,0,0,0.0,0,0,0.0,0,0,0.0,0,0
poorly_conditioned,dropout_50,causal_prefix_batch,True,14.5,100,100,0,1.0,0.9630065017930143,1.0,100,1.0,0.9630065017930143,1.0,{},0.8262724310654385,1.5461277505388904,0.09027615817616932,0.15694947697576617,100,100,0.9,0.8256343384950865,0.9447708629393249,0.9,0.8256343384950865,0.9447708629393249,90,linear,whole_base_sequence,6.131416199446664,13.648449252737674,6,0,0,nan,nan,nan,2,True,0.19728151299903401,0.0,0.0,0.00010330367520582133,2247.1118485010174,6927.925381341624,12.518298918608764,True,True,True,45.0,45,45,22.89,12,31,22.11,14,33,22.89,12,31,22.89,12,31,0.0,0,0,0.0,0,0,0.0,0,0,0.0,0,0,0.0,0,0
poorly_conditioned,dropout_50,causal_prefix_batch,True,2.0,100,46,54,0.46,0.36560808309024106,0.5573513967663177,46,0.46,0.36560808309024106,0.5573513967663177,"{""insufficient_local_observability"": 17, ""insufficient_measurements"": 36, ""optimization_error:ValueError"": 1}",68.61888133526398,150.66078753964524,71.4735124312112,135.9062892066205,46,100,0.782608695652174,0.6442631262842105,0.8773909467543746,0.36,0.2727122040140433,0.4576459754839126,36,linear,whole_base_sequence,71.78728632907382,61.241937366625166,6,0,0,nan,nan,nan,2,True,0.37498700099997223,0.0,0.0,0.0047666178009142055,3157.3996200974834,93203691.56469026,1.9918137959667528,True,True,True,45.0,45,45,22.89,12,31,22.11,14,33,2.91,0,6,2.91,0,6,0.0,0,0,0.0,0,0,0.0,0,0,0.0,0,0,0.0,0,0
poorly_conditioned,dropout_50,causal_prefix_batch,True,2.5,100,60,40,0.6,0.5020025867910618,0.6905987135675411,60,0.6,0.5020025867910618,0.6905987135675411,"{""insufficient_local_observability"": 19, ""insufficient_measurements"": 21}",100.25556295635333,226.33775928177172,76.3163957673042,143.8527797885075,60,100,0.85,0.7388541093022145,0.9190255941983225,0.51,0.4134801193402717,0.6057800106955886,51,linear,whole_base_sequence,16556.09186170105,85.26108910648465,6,0,0,nan,nan,nan,2,True,0.4155283630010672,0.0,0.0,0.0008316162156769903,963.5238023551153,240564125.53376257,2.493291620303461,True,True,True,45.0,45,45,22.89,12,31,22.11,14,33,3.49,0,7,3.49,0,7,0.0,0,0,0.0,0,0,0.0,0,0,0.0,0,0,0.0,0,0
poorly_conditioned,dropout_50,causal_prefix_batch,True,3.0,100,83,17,0.83,0.7445199523239887,0.8910643388594006,83,0.83,0.7445199523239887,0.8910643388594006,"{""insufficient_local_observability"": 7, ""insufficient_measurements"": 10}",75.83547215785,128.91745547275568,42.952349898544234,69.15341781865229,83,100,0.8554216867469879,0.7640819877833326,0.9153170089771919,0.71,0.6146110882442888,0.7898516425087772,71,linear,whole_base_sequence,38.64846669095625,29.596590195415413,6,0,0,nan,nan,nan,2,True,0.20316852499759988,0.0,0.0,0.0018240266910910898,386.89556771208635,556108482.6590205,2.9031531611398695,True,True,True,45.0,45,45,22.89,12,31,22.11,14,33,4.37,1,8,4.37,1,8,0.0,0,0,0.0,0,0,0.0,0,0,0.0,0,0,0.0,0,0
poorly_conditioned,dropout_50,causal_prefix_batch,True,3.5,100,96,4,0.96,0.9016292856411208,0.9843366960084523,96,0.96,0.9016292856411208,0.9843366960084523,"{""insufficient_local_observability"": 2, ""insufficient_measurements"": 2}",47.52451295988193,62.72205285003518,22.324568978809186,40.82280518687865,96,100,0.8958333333333334,0.8187783586967837,0.9424284675825568,0.86,0.7786281178903616,0.9147365634006086,86,linear,whole_base_sequence,23.09156185466912,16.638571749879745,6,0,0,nan,nan,nan,2,True,0.06241981200204463,0.0,0.0,0.0010087180981749593,289.83266069055014,1146565972.1992056,3.4962635410432594,True,True,True,45.0,45,45,22.89,12,31,22.11,14,33,5.49,2,10,5.49,2,10,0.0,0,0,0.0,0,0,0.0,0,0,0.0,0,0,0.0,0,0
poorly_conditioned,dropout_50,causal_prefix_batch,True,4.0,100,97,3,0.97,0.9154806357094724,0.9897454759759611,97,0.97,0.9154806357094724,0.9897454759759611,"{""insufficient_local_observability"": 2, ""insufficient_measurements"": 1}",45.17649419558609,31.532235143009647,16.6718319955662,15.677871627891907,97,100,0.9381443298969072,0.8715621680383414,0.9713451142842817,0.91,0.837737871472837,0.9519274599974348,91,linear,whole_base_sequence,5.89454587198334,13.059747749948148,6,0,0,nan,nan,nan,2,True,0.06550079300010112,0.0,0.0,0.003987476518778965,399.30609034574866,7864536.599334058,3.9959734210825792,True,True,True,45.0,45,45,22.89,12,31,22.11,14,33,6.05,2,10,6.05,2,10,0.0,0,0,0.0,0,0,0.0,0,0,0.0,0,0,0.0,0,0
poorly_conditioned,dropout_50,causal_prefix_batch,True,4.5,100,99,1,0.99,0.9455138038212946,0.9982325679358593,99,0.99,0.9455138038212946,0.9982325679358593,"{""insufficient_local_observability"": 1}",3.142749413722292,4.1047185610101,0.9338050677714936,1.2843181889677155,99,100,0.9494949494949495,0.8871729731375114,0.9782367655085832,0.94,0.8752318455410406,0.9722138760368118,94,linear,whole_base_sequence,5.736927222208158,12.250670883670953,6,0,0,nan,nan,nan,2,True,0.07400859400047921,0.0,0.0,0.0028368271691283234,265.51212519709486,463375.70894311834,4.485752316778753,True,True,True,45.0,45,45,22.89,12,31,22.11,14,33,7.35,3,13,7.35,3,13,0.0,0,0,0.0,0,0,0.0,0,0,0.0,0,0,0.0,0,0
poorly_conditioned,dropout_50,causal_prefix_batch,True,5.0,100,100,0,1.0,0.9630065017930143,1.0,100,1.0,0.9630065017930143,1.0,{},1.911475163973844,2.809857319311184,0.6097058197153726,0.9881297933881237,100,100,0.93,0.8625048526092651,0.9656807389327273,0.93,0.8625048526092651,0.9656807389327273,93,linear,whole_base_sequence,5.940674636484789,13.076724302210998,6,0,0,nan,nan,nan,2,True,0.08038624799897662,0.0,0.0,0.002077716612425857,302.0274155906386,800598.8293050828,4.997797684238566,True,True,True,45.0,45,45,22.89,12,31,22.11,14,33,8.31,4,14,8.31,4,14,0.0,0,0,0.0,0,0,0.0,0,0,0.0,0,0,0.0,0,0
poorly_conditioned,dropout_50,causal_prefix_batch,True,5.5,100,100,0,1.0,0.9630065017930143,1.0,100,1.0,0.9630065017930143,1.0,{},1.4016127449719757,2.2992660735808803,0.44700194954735406,0.7896201846872413,100,100,0.92,0.8500189229905127,0.9589065385156194,0.92,0.8500189229905127,0.9589065385156194,92,linear,whole_base_sequence,5.747563973504723,12.837089982205796,6,0,0,nan,nan,nan,2,True,0.08624943899980281,0.0,0.0,0.0015660349193748165,345.67117810627553,5143.5088091394255,5.493718557222799,True,True,True,45.0,45,45,22.89,12,31,22.11,14,33,9.06,5,15,9.06,5,15,0.0,0,0,0.0,0,0,0.0,0,0,0.0,0,0,0.0,0,0
poorly_conditioned,dropout_50,causal_prefix_batch,True,6.0,100,100,0,1.0,0.9630065017930143,1.0,100,1.0,0.9630065017930143,1.0,{},1.1148322723556703,1.942815234995924,0.34059955736857095,0.6217121248130969,100,100,0.94,0.8752318455410406,0.9722138760368118,0.94,0.8752318455410406,0.9722138760368118,94,linear,whole_base_sequence,5.495129421194052,13.420295117902727,6,0,0,nan,nan,nan,2,True,0.09809642600070219,0.0,0.0,0.0012154794177153426,340.8593105080828,2837.6139794975534,5.987099908162655,True,True,True,45.0,45,45,22.89,12,31,22.11,14,33,10.3,6,16,10.3,6,16,0.0,0,0,0.0,0,0,0.0,0,0,0.0,0,0,0.0,0,0
poorly_conditioned,dropout_50,causal_prefix_batch,True,6.5,100,100,0,1.0,0.9630065017930143,1.0,100,1.0,0.9630065017930143,1.0,{},0.946493541226622,1.4436071501596692,0.25692188698932983,0.4214425204937727,100,100,0.93,0.8625048526092651,0.9656807389327273,0.93,0.8625048526092651,0.9656807389327273,93,linear,whole_base_sequence,5.606576698643416,14.429176883114948,6,0,0,nan,nan,nan,2,True,0.10115202399872941,0.0,0.0,0.000963490036387062,418.9029434759533,1581.01613680389,6.4879067986060175,True,True,True,45.0,45,45,22.89,12,31,22.11,14,33,10.89,6,17,10.89,6,17,0.0,0,0,0.0,0,0,0.0,0,0,0.0,0,0,0.0,0,0
poorly_conditioned,dropout_50,causal_prefix_batch,True,7.0,100,100,0,1.0,0.9630065017930143,1.0,100,1.0,0.9630065017930143,1.0,{},0.9205508458558844,1.5955772222457456,0.23127053538026557,0.42517886301110575,100,100,0.92,0.8500189229905127,0.9589065385156194,0.92,0.8500189229905127,0.9589065385156194,92,linear,whole_base_sequence,5.733183953963415,14.429176880509036,6,0,0,nan,nan,nan,2,True,0.10978945399925578,0.0,0.0,0.0007765803880848349,433.0853016874154,1409.425929193777,6.916259984169404,True,True,True,45.0,45,45,22.89,12,31,22.11,14,33,11.98,7,20,11.98,7,20,0.0,0,0,0.0,0,0,0.0,0,0,0.0,0,0,0.0,0,0
poorly_conditioned,dropout_50,causal_prefix_batch,True,7.5,100,100,0,1.0,0.9630065017930143,1.0,100,1.0,0.9630065017930143,1.0,{},0.8941456717467766,1.5760408972128457,0.20753988782692287,0.3877799945247009,100,100,0.94,0.8752318455410406,0.9722138760368118,0.94,0.8752318455410406,0.9722138760368118,94,linear,whole_base_sequence,5.708636146942532,12.723676866193843,6,0,0,nan,nan,nan,2,True,0.12187254799995571,0.0,0.0,0.0006370126802259032,466.6071961593883,2017.323278935981,7.492036107037601,True,True,True,45.0,45,45,22.89,12,31,22.11,14,33,13.21,8,21,13.21,8,21,0.0,0,0,0.0,0,0,0.0,0,0,0.0,0,0,0.0,0,0
poorly_conditioned,dropout_50,causal_prefix_batch,True,8.0,100,100,0,1.0,0.9630065017930143,1.0,100,1.0,0.9630065017930143,1.0,{},0.9048619692012561,1.4867087201431572,0.19623534097645334,0.35294070381748865,100,100,0.97,0.9154806357094724,0.9897454759759611,0.97,0.9154806357094724,0.9897454759759611,97,linear,whole_base_sequence,5.610576316406149,11.965380057200244,6,0,0,nan,nan,nan,2,True,0.12625029200135032,0.0,0.0,0.0005292960639470581,483.465252510491,2953.224542397479,7.990774900906829,True,True,True,45.0,45,45,22.89,12,31,22.11,14,33,13.89,8,21,13.89,8,21,0.0,0,0,0.0,0,0,0.0,0,0,0.0,0,0,0.0,0,0
poorly_conditioned,dropout_50,causal_prefix_batch,True,8.5,100,100,0,1.0,0.9630065017930143,1.0,100,1.0,0.9630065017930143,1.0,{},0.7873134581402074,1.314668989339904,0.16749518833785768,0.3033100333148152,100,100,0.95,0.8882495307680808,0.9784563208456319,0.95,0.8882495307680808,0.9784563208456319,95,linear,whole_base_sequence,5.668719380979313,11.939184139873259,6,0,0,nan,nan,nan,2,True,0.1356585470007849,0.0,0.0,0.00044572624051199283,477.8926327686495,1827.9540227093182,8.499101501616938,True,True,True,45.0,45,45,22.89,12,31,22.11,14,33,15.0,9,22,15.0,9,22,0.0,0,0,0.0,0,0,0.0,0,0,0.0,0,0,0.0,0,0
poorly_conditioned,dropout_50,causal_prefix_batch,True,9.0,100,100,0,1.0,0.9630065017930143,1.0,100,1.0,0.9630065017930143,1.0,{},0.7788616989698544,1.3115294856383848,0.1540695379296895,0.27148282419427905,100,100,0.95,0.8882495307680808,0.9784563208456319,0.95,0.8882495307680808,0.9784563208456319,95,linear,whole_base_sequence,5.695994273263242,11.801728604855127,6,0,0,nan,nan,nan,2,True,0.14044969600188778,0.0,0.0,0.0003797168280606623,570.2346100472716,1675.0965398450073,8.999106114578835,True,True,True,45.0,45,45,22.89,12,31,22.11,14,33,15.92,10,23,15.92,10,23,0.0,0,0,0.0,0,0,0.0,0,0,0.0,0,0,0.0,0,0
poorly_conditioned,dropout_50,causal_prefix_batch,True,9.5,100,100,0,1.0,0.9630065017930143,1.0,100,1.0,0.9630065017930143,1.0,{},0.7790125664908079,1.3389758476395868,0.1417798586367768,0.22596647965568406,100,100,0.94,0.8752318455410406,0.9722138760368118,0.94,0.8752318455410406,0.9722138760368118,94,linear,whole_base_sequence,5.817252841287614,13.271831103594465,6,0,0,nan,nan,nan,2,True,0.14825863300065975,0.0,0.0,0.00032662163764189494,592.5708709374516,2226.0659511618583,9.49477757693301,True,True,True,45.0,45,45,22.89,12,31,22.11,14,33,16.71,10,24,16.71,10,24,0.0,0,0,0.0,0,0,0.0,0,0,0.0,0,0,0.0,0,0
poorly_conditioned,dropout_50,initial_batch_no_updates,True,0.0,100,0,100,0.0,0.0,0.03699349820698568,0,0.0,0.0,0.03699349820698568,"{""not_initialized"": 100}",nan,nan,nan,nan,0,100,nan,nan,nan,0.0,0.0,0.03699349820698568,0,linear,whole_base_sequence,nan,nan,6,0,0,nan,nan,nan,2,True,2.553999365773052e-06,0.0,nan,nan,nan,nan,nan,True,True,True,45.0,45,45,22.89,12,31,22.11,14,33,0.0,0,0,0.0,0,0,0.0,0,0,0.0,0,0,0.0,0,0,0.0,0,0,0.0,0,0
poorly_conditioned,dropout_50,initial_batch_no_updates,True,0.5,100,0,100,0.0,0.0,0.03699349820698568,0,0.0,0.0,0.03699349820698568,"{""not_initialized"": 100}",nan,nan,nan,nan,0,100,nan,nan,nan,0.0,0.0,0.03699349820698568,0,linear,whole_base_sequence,nan,nan,6,0,0,nan,nan,nan,2,True,1.9990018336102364e-06,0.0,nan,nan,nan,nan,nan,True,True,True,45.0,45,45,22.89,12,31,22.11,14,33,0.0,0,0,0.0,0,0,0.0,0,0,0.0,0,0,0.0,0,0,0.0,0,0,0.0,0,0
poorly_conditioned,dropout_50,initial_batch_no_updates,True,1.0,100,0,100,0.0,0.0,0.03699349820698568,0,0.0,0.0,0.03699349820698568,"{""not_initialized"": 100}",nan,nan,nan,nan,0,100,nan,nan,nan,0.0,0.0,0.03699349820698568,0,linear,whole_base_sequence,nan,nan,6,0,0,nan,nan,nan,2,True,2.0430010044947265e-06,0.0,nan,nan,nan,nan,0.9980244500028004,True,True,True,45.0,45,45,22.89,12,31,22.11,14,33,0.86,0,3,0.0,0,0,0.0,0,0,0.0,0,0,0.0,0,0,0.0,0,0,0.86,0,3
poorly_conditioned,dropout_50,initial_batch_no_updates,True,1.5,100,0,100,0.0,0.0,0.03699349820698568,0,0.0,0.0,0.03699349820698568,"{""not_initialized"": 100}",nan,nan,nan,nan,0,100,nan,nan,nan,0.0,0.0,0.03699349820698568,0,linear,whole_base_sequence,nan,nan,6,0,0,nan,nan,nan,2,True,2.2560000070370736e-06,0.0,nan,nan,nan,nan,1.4964500178359175,True,True,True,45.0,45,45,22.89,12,31,22.11,14,33,1.61,0,4,0.0,0,0,0.0,0,0,0.0,0,0,0.0,0,0,0.0,0,0,1.61,0,4
poorly_conditioned,dropout_50,initial_batch_no_updates,True,10.0,100,100,0,1.0,0.9630065017930143,1.0,100,1.0,0.9630065017930143,1.0,{},8.597938986508874,14.496699872567724,0.9793722268411387,1.663683389536337,100,100,0.96,0.9016292856411208,0.9843366960084523,0.96,0.9016292856411208,0.9843366960084523,96,linear,whole_base_sequence,5.962212165552833,12.219336858652683,6,0,0,nan,nan,nan,2,True,0.00013488200114807113,0.0,0.0,0.00042940911262870726,40189.4436735099,3135102.8486686484,9.989789698436592,True,True,True,45.0,45,45,22.89,12,31,22.11,14,33,18.08,11,26,6.0,6,6,6.0,6,6,0.0,0,0,0.0,0,0,0.0,0,0,12.08,5,20
poorly_conditioned,dropout_50,initial_batch_no_updates,True,10.5,100,100,0,1.0,0.9630065017930143,1.0,100,1.0,0.9630065017930143,1.0,{},9.083917345849892,15.297235096586542,0.9793722268411387,1.663683389536337,100,100,0.96,0.9016292856411208,0.9843366960084523,0.96,0.9016292856411208,0.9843366960084523,96,linear,whole_base_sequence,5.962212165552898,12.219336858653342,6,0,0,nan,nan,nan,2,True,0.00014074700069613755,0.0,0.0,0.00038229355682323376,50306.86562691357,3911955.756441483,10.498609775121441,True,True,True,45.0,45,45,22.89,12,31,22.11,14,33,18.92,11,27,6.0,6,6,6.0,6,6,0.0,0,0,0.0,0,0,0.0,0,0,12.92,5,21
poorly_conditioned,dropout_50,initial_batch_no_updates,True,11.0,100,100,0,1.0,0.9630065017930143,1.0,100,1.0,0.9630065017930143,1.0,{},9.570273708525255,16.11940232093334,0.9793722268411387,1.663683389536337,100,100,0.96,0.9016292856411208,0.9843366960084523,0.96,0.9016292856411208,0.9843366960084523,96,linear,whole_base_sequence,5.962212165552916,12.219336858652136,6,0,0,nan,nan,nan,2,True,0.00013666800048667938,0.0,0.0,0.0003424577611913191,62008.904944307214,4825953.859675479,10.919532383859073,True,True,True,45.0,45,45,22.89,12,31,22.11,14,33,19.9,11,28,6.0,6,6,6.0,6,6,0.0,0,0,0.0,0,0,0.0,0,0,13.9,5,22
poorly_conditioned,dropout_50,initial_batch_no_updates,True,11.5,100,100,0,1.0,0.9630065017930143,1.0,100,1.0,0.9630065017930143,1.0,{},10.056953233723462,16.943254331241505,0.9793722268411387,1.663683389536337,100,100,0.96,0.9016292856411208,0.9843366960084523,0.96,0.9016292856411208,0.9843366960084523,96,linear,whole_base_sequence,5.962212165552879,12.219336858652913,6,0,0,nan,nan,nan,2,True,0.00014157900033751503,0.0,0.0,0.00030848802633110493,75635.22157542249,5892433.164077541,11.499076189600668,True,True,True,45.0,45,45,22.89,12,31,22.11,14,33,21.0,12,29,6.0,6,6,6.0,6,6,0.0,0,0,0.0,0,0,0.0,0,0,15.0,6,23
poorly_conditioned,dropout_50,initial_batch_no_updates,True,12.0,100,100,0,1.0,0.9630065017930143,1.0,100,1.0,0.9630065017930143,1.0,{},10.54391117251401,17.767118919930407,0.9793722268411387,1.663683389536337,100,100,0.96,0.9016292856411208,0.9843366960084523,0.96,0.9016292856411208,0.9843366960084523,96,linear,whole_base_sequence,5.962212165552984,12.21933685865381,6,0,0,nan,nan,nan,2,True,0.00013923999882536008,0.0,0.0,0.00027929528635462826,92598.10271209598,7127544.944639284,11.996661840676087,True,True,True,45.0,45,45,22.89,12,31,22.11,14,33,21.63,12,29,6.0,6,6,6.0,6,6,0.0,0,0,0.0,0,0,0.0,0,0,15.63,6,23
poorly_conditioned,dropout_50,initial_batch_no_updates,True,12.5,100,100,0,1.0,0.9630065017930143,1.0,100,1.0,0.9630065017930143,1.0,{},11.031110654044982,18.623539169010694,0.9793722268411387,1.663683389536337,100,100,0.96,0.9016292856411208,0.9843366960084523,0.96,0.9016292856411208,0.9843366960084523,96,linear,whole_base_sequence,5.962212165552991,12.219336858651575,6,0,0,nan,nan,nan,2,True,0.00014091899938648567,0.0,0.0,0.00025403022219385514,112500.73157577004,8548255.775577432,12.496933035895308,True,True,True,45.0,45,45,22.89,12,31,22.11,14,33,22.85,12,31,6.0,6,6,6.0,6,6,0.0,0,0,0.0,0,0,0.0,0,0,16.85,6,25
poorly_conditioned,dropout_50,initial_batch_no_updates,True,14.5,100,100,0,1.0,0.9630065017930143,1.0,100,1.0,0.9630065017930143,1.0,{},12.981779918293133,22.13512487217198,0.9793722268411387,1.663683389536337,100,100,0.96,0.9016292856411208,0.9843366960084523,0.96,0.9016292856411208,0.9843366960084523,96,linear,whole_base_sequence,5.962212165553064,12.21933685866005,6,0,0,nan,nan,nan,2,True,0.0001372369981254451,0.0,0.0,0.00018055057212186572,223814.923396111,16454957.64290104,12.518298918608764,True,True,True,45.0,45,45,22.89,12,31,22.11,14,33,22.89,12,31,6.0,6,6,6.0,6,6,0.0,0,0,0.0,0,0,0.0,0,0,16.89,6,25
poorly_conditioned,dropout_50,initial_batch_no_updates,True,2.0,100,1,99,0.01,0.0017674320641406505,0.054486196178705315,1,0.01,0.0017674320641406505,0.054486196178705315,"{""not_initialized"": 99}",1.7839791365913293,1.7839791365913293,1.5895900303241532,1.5895900303241532,1,100,1.0,0.20654931437723745,1.0,0.01,0.0017674320641406505,0.054486196178705315,1,linear,whole_base_sequence,7.926207377204787,7.926207377204787,6,0,0,nan,nan,nan,2,True,3.760998952202499e-06,0.0,0.0,0.023201681669813557,119.43895028243793,119.43895028243793,1.9918137959667528,True,True,True,45.0,45,45,22.89,12,31,22.11,14,33,2.91,0,6,0.06,0,6,0.06,0,6,0.0,0,0,0.0,0,0,0.0,0,0,2.85,0,5
poorly_conditioned,dropout_50,initial_batch_no_updates,True,2.5,100,7,93,0.07,0.03431926106727268,0.137495147390735,7,0.07,0.03431926106727268,0.137495147390735,"{""not_initialized"": 93}",1.6701291944329717,2.9878412697472996,1.0220958570034115,1.6378681112703493,7,100,0.8571428571428571,0.4868721707256811,0.9743203756552565,0.06,0.027786123963188192,0.1247681544589592,6,linear,whole_base_sequence,6.608819622171278,13.138969244530713,6,0,0,nan,nan,nan,2,True,1.1805999092757701e-05,0.0,0.0,0.013710886616039501,120.43050222304207,569.9537698465864,2.493291620303461,True,True,True,45.0,45,45,22.89,12,31,22.11,14,33,3.49,0,7,0.42,0,6,0.42,0,6,0.0,0,0,0.0,0,0,0.0,0,0,3.07,0,5
poorly_conditioned,dropout_50,initial_batch_no_updates,True,3.0,100,22,78,0.22,0.150012823846054,0.31070353514985793,22,0.22,0.150012823846054,0.31070353514985793,"{""not_initialized"": 78}",2.075217221495417,3.723422141267018,1.1904350395631875,2.0292055711692565,22,100,0.9545454545454546,0.7820195416134267,0.991930572378736,0.21,0.141656540619153,0.29979968834089865,21,linear,whole_base_sequence,6.438373849499319,12.38491270759356,6,0,0,nan,nan,nan,2,True,3.215800097677857e-05,0.0,0.0,0.00853989150518347,245.3374712263579,1309.963453641344,2.9031531611398695,True,True,True,45.0,45,45,22.89,12,31,22.11,14,33,4.37,1,8,1.32,0,6,1.32,0,6,0.0,0,0,0.0,0,0,0.0,0,0,3.05,0,5
poorly_conditioned,dropout_50,initial_batch_no_updates,True,3.5,100,48,52,0.48,0.384645517580519,0.5768342223477603,48,0.48,0.384645517580519,0.5768342223477603,"{""not_initialized"": 52}",2.121771238611718,4.313789288936867,1.014594509176122,1.848248398718499,48,100,0.9791666666666666,0.8910078200474814,0.9963128890224893,0.47,0.3751081795934127,0.5671114302990063,47,linear,whole_base_sequence,5.947602349337822,12.115810206270899,6,0,0,nan,nan,nan,2,True,6.848000077297911e-05,0.0,0.0,0.0057890295317194855,298.9253583128394,2800.6945657437186,3.4962635410432594,True,True,True,45.0,45,45,22.89,12,31,22.11,14,33,5.49,2,10,2.88,0,6,2.88,0,6,0.0,0,0,0.0,0,0,0.0,0,0,2.61,0,5
poorly_conditioned,dropout_50,initial_batch_no_updates,True,4.0,100,60,40,0.6,0.5020025867910618,0.6905987135675411,60,0.6,0.5020025867910618,0.6905987135675411,"{""not_initialized"": 40}",2.400810271779864,4.951640513204817,0.9360353722648564,1.767759563268134,60,100,0.9833333333333333,0.9114487027240993,0.9970518402052136,0.59,0.4920143005341078,0.6813268697886348,59,linear,whole_base_sequence,5.68058602306962,11.954105073513864,6,0,0,nan,nan,nan,2,True,8.15090021933429e-05,0.0,0.0,0.004127639305822507,568.6378558940992,5418.603659009436,3.9959734210825792,True,True,True,45.0,45,45,22.89,12,31,22.11,14,33,6.05,2,10,3.6,0,6,3.6,0,6,0.0,0,0,0.0,0,0,0.0,0,0,2.45,0,5
poorly_conditioned,dropout_50,initial_batch_no_updates,True,4.5,100,83,17,0.83,0.7445199523239887,0.8910643388594006,83,0.83,0.7445199523239887,0.8910643388594006,"{""not_initialized"": 17}",3.6023688536208747,5.6997946585166614,1.0291114784818987,1.7508028160215574,83,100,0.9518072289156626,0.8825414079954846,0.9811013844967077,0.79,0.7002003116591013,0.858343459380847,79,linear,whole_base_sequence,6.14272693952601,12.375714049319194,6,0,0,nan,nan,nan,2,True,0.00011425200034864246,0.0,0.0,0.003068826547239608,950.3762977198465,71036.3571758676,4.485752316778753,True,True,True,45.0,45,45,22.89,12,31,22.11,14,33,7.35,3,13,4.98,0,6,4.98,0,6,0.0,0,0,0.0,0,0,0.0,0,0,2.37,0,7
poorly_conditioned,dropout_50,initial_batch_no_updates,True,5.0,100,93,7,0.93,0.8625048526092651,0.9656807389327273,93,0.93,0.8625048526092651,0.9656807389327273,"{""not_initialized"": 7}",3.9064466670087397,6.34716688325942,0.9959474925396271,1.6995560945596626,93,100,0.956989247311828,0.8945744042948608,0.9831488460062415,0.89,0.8136870349691969,0.9374580364293543,89,linear,whole_base_sequence,6.0037407084890715,12.283727466574536,6,0,0,nan,nan,nan,2,True,0.0001279280011658557,0.0,0.0,0.0023607417863080707,1551.1157600276674,118398.44827935516,4.997797684238566,True,True,True,45.0,45,45,22.89,12,31,22.11,14,33,8.31,4,14,5.58,0,6,5.58,0,6,0.0,0,0,0.0,0,0,0.0,0,0,2.73,0,8
poorly_conditioned,dropout_50,initial_batch_no_updates,True,5.5,100,96,4,0.96,0.9016292856411208,0.9843366960084523,96,0.96,0.9016292856411208,0.9843366960084523,"{""not_initialized"": 4}",4.340231374869371,7.081862884809962,0.990827009376935,1.6841820781210952,96,100,0.9583333333333334,0.8977180853334191,0.9836792924637118,0.92,0.8500189229905127,0.9589065385156194,92,linear,whole_base_sequence,5.968781761827464,12.256131491751287,6,0,0,nan,nan,nan,2,True,0.00013031900103669614,0.0,0.0,0.001867298720979814,2419.423181829753,187984.68269050415,5.493718557222799,True,True,True,45.0,45,45,22.89,12,31,22.11,14,33,9.06,5,15,5.76,0,6,5.76,0,6,0.0,0,0,0.0,0,0,0.0,0,0,3.3,0,9
poorly_conditioned,dropout_50,initial_batch_no_updates,True,6.0,100,100,0,1.0,0.9630065017930143,1.0,100,1.0,0.9630065017930143,1.0,{},4.737680638080475,7.84446843741587,0.9793722268411387,1.663683389536337,100,100,0.96,0.9016292856411208,0.9843366960084523,0.96,0.9016292856411208,0.9843366960084523,96,linear,whole_base_sequence,5.962212165552936,12.21933685865326,6,0,0,nan,nan,nan,2,True,0.00013528300041798502,0.0,0.0,0.0015112652640728458,3579.0793661392945,286172.1029368375,5.987099908162655,True,True,True,45.0,45,45,22.89,12,31,22.11,14,33,10.3,6,16,6.0,6,6,6.0,6,6,0.0,0,0,0.0,0,0,0.0,0,0,4.3,0,10
poorly_conditioned,dropout_50,initial_batch_no_updates,True,6.5,100,100,0,1.0,0.9630065017930143,1.0,100,1.0,0.9630065017930143,1.0,{},5.215547672499489,8.748603416406006,0.9793722268411387,1.663683389536337,100,100,0.96,0.9016292856411208,0.9843366960084523,0.96,0.9016292856411208,0.9843366960084523,96,linear,whole_base_sequence,5.96221216555293,12.21933685865382,6,0,0,nan,nan,nan,2,True,0.00013481200003298,0.0,0.0,0.0012378440331078048,5197.447143365527,420151.73146741954,6.4879067986060175,True,True,True,45.0,45,45,22.89,12,31,22.11,14,33,10.89,6,17,6.0,6,6,6.0,6,6,0.0,0,0,0.0,0,0,0.0,0,0,4.89,0,11
poorly_conditioned,dropout_50,initial_batch_no_updates,True,7.0,100,100,0,1.0,0.9630065017930143,1.0,100,1.0,0.9630065017930143,1.0,{},5.6954229166183055,9.685350552852372,0.9793722268411387,1.663683389536337,100,100,0.96,0.9016292856411208,0.9843366960084523,0.96,0.9016292856411208,0.9843366960084523,96,linear,whole_base_sequence,5.96221216555296,12.219336858653751,6,0,0,nan,nan,nan,2,True,0.00013264100125525146,0.0,0.0,0.0010265604177006355,7324.861775291942,597927.8584069799,6.916259984169404,True,True,True,45.0,45,45,22.89,12,31,22.11,14,33,11.98,7,20,6.0,6,6,6.0,6,6,0.0,0,0,0.0,0,0,0.0,0,0,5.98,1,14
poorly_conditioned,dropout_50,initial_batch_no_updates,True,7.5,100,100,0,1.0,0.9630065017930143,1.0,100,1.0,0.9630065017930143,1.0,{},6.176838337978497,10.487035813290433,0.9793722268411387,1.663683389536337,100,100,0.96,0.9016292856411208,0.9843366960084523,0.96,0.9016292856411208,0.9843366960084523,96,linear,whole_base_sequence,5.962212165552931,12.219336858653357,6,0,0,nan,nan,nan,2,True,0.00013455100037390366,0.0,0.0,0.0008642835521199847,10060.399223617329,828318.2849987106,7.492036107037601,True,True,True,45.0,45,45,22.89,12,31,22.11,14,33,13.21,8,21,6.0,6,6,6.0,6,6,0.0,0,0,0.0,0,0,0.0,0,0,7.21,2,15
poorly_conditioned,dropout_50,initial_batch_no_updates,True,8.0,100,100,0,1.0,0.9630065017930143,1.0,100,1.0,0.9630065017930143,1.0,{},6.659459924592597,11.28882686460119,0.9793722268411387,1.663683389536337,100,100,0.96,0.9016292856411208,0.9843366960084523,0.96,0.9016292856411208,0.9843366960084523,96,linear,whole_base_sequence,5.962212165552894,12.219336858653655,6,0,0,nan,nan,nan,2,True,0.00013779600063571707,0.0,0.0,0.0007371512466695553,13512.08948161083,1120954.752073548,7.990774900906829,True,True,True,45.0,45,45,22.89,12,31,22.11,14,33,13.89,8,21,6.0,6,6,6.0,6,6,0.0,0,0,0.0,0,0,0.0,0,0,7.89,2,15
poorly_conditioned,dropout_50,initial_batch_no_updates,True,8.5,100,100,0,1.0,0.9630065017930143,1.0,100,1.0,0.9630065017930143,1.0,{},7.143043196029449,12.090702803016335,0.9793722268411387,1.663683389536337,100,100,0.96,0.9016292856411208,0.9843366960084523,0.96,0.9016292856411208,0.9843366960084523,96,linear,whole_base_sequence,5.962212165552969,12.21933685865512,6,0,0,nan,nan,nan,2,True,0.0001366769993910566,0.0,0.0,0.000635818919398267,17901.526738840355,1486283.3246833794,8.499101501616938,True,True,True,45.0,45,45,22.89,12,31,22.11,14,33,15.0,9,22,6.0,6,6,6.0,6,6,0.0,0,0,0.0,0,0,0.0,0,0,9.0,3,16
poorly_conditioned,dropout_50,initial_batch_no_updates,True,9.0,100,100,0,1.0,0.9630065017930143,1.0,100,1.0,0.9630065017930143,1.0,{},7.627405239842989,12.892647890793189,0.9793722268411387,1.663683389536337,100,100,0.96,0.9016292856411208,0.9843366960084523,0.96,0.9016292856411208,0.9843366960084523,96,linear,whole_base_sequence,5.962212165552932,12.219336858652252,6,0,0,nan,nan,nan,2,True,0.00013539600215153769,0.0,0.0,0.0005535424545691066,23764.39177954876,1935564.687590232,8.999106114578835,True,True,True,45.0,45,45,22.89,12,31,22.11,14,33,15.92,10,23,6.0,6,6,6.0,6,6,0.0,0,0,0.0,0,0,0.0,0,0,9.92,4,17
poorly_conditioned,dropout_50,initial_batch_no_updates,True,9.5,100,100,0,1.0,0.9630065017930143,1.0,100,1.0,0.9630065017930143,1.0,{},8.112406564305058,13.694650053430319,0.9793722268411387,1.663683389536337,100,100,0.96,0.9016292856411208,0.9843366960084523,0.96,0.9016292856411208,0.9843366960084523,96,linear,whole_base_sequence,5.962212165553005,12.21933685865512,6,0,0,nan,nan,nan,2,True,0.00013514499849407002,0.0,0.0,0.00048566432275919775,30979.196599381707,2480874.35999052,9.49477757693301,True,True,True,45.0,45,45,22.89,12,31,22.11,14,33,16.71,10,24,6.0,6,6,6.0,6,6,0.0,0,0,0.0,0,0,0.0,0,0,10.71,4,18
poorly_conditioned,dropout_50,offline_full_record_noncausal,False,14.5,100,100,0,1.0,0.9630065017930143,1.0,100,1.0,0.9630065017930143,1.0,{},0.8262724310654385,1.5461277505388904,0.09027615817616932,0.15694947697576617,100,100,0.9,0.8256343384950865,0.9447708629393249,0.9,0.8256343384950865,0.9447708629393249,90,linear,whole_base_sequence,6.131416199446664,13.648449252737674,6,0,0,nan,nan,nan,2,True,0.19693222500063712,0.0,0.0,0.00010330367520582133,2247.1118485010174,6927.925381341624,12.518298918608764,True,True,True,45.0,45,45,22.89,12,31,22.11,14,33,22.89,12,31,22.89,12,31,0.0,0,0,0.0,0,0,0.0,0,0,0.0,0,0,0.0,0,0
poorly_conditioned,dropout_50,retarded_ekf,True,0.0,100,0,100,0.0,0.0,0.03699349820698568,0,0.0,0.0,0.03699349820698568,"{""not_initialized"": 100}",nan,nan,nan,nan,0,100,nan,nan,nan,0.0,0.0,0.03699349820698568,0,linear,whole_base_sequence,nan,nan,6,0,0,nan,nan,nan,2,True,2.510000253096223e-05,0.0,nan,nan,nan,nan,nan,True,True,True,45.0,45,45,22.89,12,31,22.11,14,33,0.0,0,0,0.0,0,0,0.0,0,0,0.0,0,0,0.0,0,0,0.0,0,0,0.0,0,0
poorly_conditioned,dropout_50,retarded_ekf,True,0.5,100,0,100,0.0,0.0,0.03699349820698568,0,0.0,0.0,0.03699349820698568,"{""not_initialized"": 100}",nan,nan,nan,nan,0,100,nan,nan,nan,0.0,0.0,0.03699349820698568,0,linear,whole_base_sequence,nan,nan,6,0,0,nan,nan,nan,2,True,1.4115999802015722e-05,0.0,nan,nan,nan,nan,nan,True,True,True,45.0,45,45,22.89,12,31,22.11,14,33,0.0,0,0,0.0,0,0,0.0,0,0,0.0,0,0,0.0,0,0,0.0,0,0,0.0,0,0
poorly_conditioned,dropout_50,retarded_ekf,True,1.0,100,0,100,0.0,0.0,0.03699349820698568,0,0.0,0.0,0.03699349820698568,"{""not_initialized"": 100}",nan,nan,nan,nan,0,100,nan,nan,nan,0.0,0.0,0.03699349820698568,0,linear,whole_base_sequence,nan,nan,6,0,0,nan,nan,nan,2,True,8.38460007798858e-05,0.0,nan,nan,nan,nan,0.9980244500028004,True,True,True,45.0,45,45,22.89,12,31,22.11,14,33,0.86,0,3,0.0,0,0,0.0,0,0,0.0,0,0,0.0,0,0,0.0,0,0,0.86,0,3
poorly_conditioned,dropout_50,retarded_ekf,True,1.5,100,0,100,0.0,0.0,0.03699349820698568,0,0.0,0.0,0.03699349820698568,"{""not_initialized"": 100}",nan,nan,nan,nan,0,100,nan,nan,nan,0.0,0.0,0.03699349820698568,0,linear,whole_base_sequence,nan,nan,6,0,0,nan,nan,nan,2,True,9.725900046760217e-05,0.0,nan,nan,nan,nan,1.4964500178359175,True,True,True,45.0,45,45,22.89,12,31,22.11,14,33,1.61,0,4,0.0,0,0,0.0,0,0,0.0,0,0,0.0,0,0,0.0,0,0,1.61,0,4
poorly_conditioned,dropout_50,retarded_ekf,True,10.0,100,100,0,1.0,0.9630065017930143,1.0,100,1.0,0.9630065017930143,1.0,{},0.7457623792519809,1.2095975221181958,0.1279203224348278,0.20566147902372975,100,100,0.95,0.8882495307680808,0.9784563208456319,0.95,0.8882495307680808,0.9784563208456319,95,linear,whole_base_sequence,5.949743700417028,12.238520215551107,6,137,0,1.836449518003455,5.228846966649253,0.9708029197080292,2,True,0.0024174610021873376,0.0010730719994171522,0.0,0.000283229468052279,608.9139278816001,3029.1258576849546,9.989789698436592,True,True,True,45.0,45,45,22.89,12,31,22.11,14,33,18.08,11,26,18.08,11,26,6.0,6,6,12.08,5,20,0.0,0,0,0.0,0,0,0.0,0,0
poorly_conditioned,dropout_50,retarded_ekf,True,10.5,100,100,0,1.0,0.9630065017930143,1.0,100,1.0,0.9630065017930143,1.0,{},0.7351371134178027,1.2439688833102092,0.11697385003783373,0.1793011710521878,100,100,0.95,0.8882495307680808,0.9784563208456319,0.95,0.8882495307680808,0.9784563208456319,95,linear,whole_base_sequence,5.883870459702975,12.304823503711377,6,84,0,1.749691996341555,3.848431487384372,0.9761904761904762,2,True,0.001588791002286598,0.000655606001673732,0.0,0.00024763348873418505,691.785021185524,3941.2162348398892,10.498609775121441,True,True,True,45.0,45,45,22.89,12,31,22.11,14,33,18.92,11,27,18.92,11,27,6.0,6,6,12.92,5,21,0.0,0,0,0.0,0,0,0.0,0,0
poorly_conditioned,dropout_50,retarded_ekf,True,11.0,100,100,0,1.0,0.9630065017930143,1.0,100,1.0,0.9630065017930143,1.0,{},0.7219967124633474,1.3117189958000774,0.10919780220346745,0.1785244282921063,100,100,0.95,0.8882495307680808,0.9784563208456319,0.95,0.8882495307680808,0.9784563208456319,95,linear,whole_base_sequence,5.948947834083903,12.57455577862494,6,98,0,2.1280130776164428,5.85942385074131,0.9489795918367347,2,True,0.001899325000413228,0.0007819620001828297,0.0,0.00021807477288428455,745.1565365007245,5054.644609730631,10.919532383859073,True,True,True,45.0,45,45,22.89,12,31,22.11,14,33,19.9,11,28,19.9,11,28,6.0,6,6,13.9,5,22,0.0,0,0,0.0,0,0,0.0,0,0
poorly_conditioned,dropout_50,retarded_ekf,True,11.5,100,100,0,1.0,0.9630065017930143,1.0,100,1.0,0.9630065017930143,1.0,{},0.6943912207012924,1.2783357637298844,0.10034543338086045,0.17326238077493405,100,100,0.96,0.9016292856411208,0.9843366960084523,0.96,0.9016292856411208,0.9843366960084523,96,linear,whole_base_sequence,5.884822150988139,12.248415490039406,6,110,0,2.4604654575871017,7.371088227518878,0.9,2,True,0.0021828870000899767,0.0008902619997388683,0.0,0.00019328745990990808,808.5434324344798,2638.068614230667,11.499076189600668,True,True,True,45.0,45,45,22.89,12,31,22.11,14,33,21.0,12,29,21.0,12,29,6.0,6,6,15.0,6,23,0.0,0,0,0.0,0,0,0.0,0,0
poorly_conditioned,dropout_50,retarded_ekf,True,12.0,100,100,0,1.0,0.9630065017930143,1.0,100,1.0,0.9630065017930143,1.0,{},0.7065085126273317,1.1803774567311391,0.09949376437355013,0.1664863892068868,100,100,0.95,0.8882495307680808,0.9784563208456319,0.95,0.8882495307680808,0.9784563208456319,95,linear,whole_base_sequence,5.981709137891328,12.581049622225907,6,63,0,2.068589572071831,5.924757401458693,0.9682539682539683,2,True,0.0013451609975891187,0.0005033559998264537,0.0,0.00017223546884787626,914.7174490110597,3241.507703295918,11.996661840676087,True,True,True,45.0,45,45,22.89,12,31,22.11,14,33,21.63,12,29,21.63,12,29,6.0,6,6,15.63,6,23,0.0,0,0,0.0,0,0,0.0,0,0
poorly_conditioned,dropout_50,retarded_ekf,True,12.5,100,100,0,1.0,0.9630065017930143,1.0,100,1.0,0.9630065017930143,1.0,{},0.6642899293776396,1.2050397769314618,0.09006150680916605,0.15604045623577453,100,100,0.91,0.837737871472837,0.9519274599974348,0.91,0.837737871472837,0.9519274599974348,91,linear,whole_base_sequence,6.126861336627638,13.407664354206027,6,122,0,2.3761125976555184,7.923859572585958,0.9262295081967213,2,True,0.002454568999237381,0.0009719279990531505,0.0,0.00015430133968702875,938.5820569927895,3157.837516107632,12.496933035895308,True,True,True,45.0,45,45,22.89,12,31,22.11,14,33,22.85,12,31,22.85,12,31,6.0,6,6,16.85,6,25,0.0,0,0,0.0,0,0,0.0,0,0
poorly_conditioned,dropout_50,retarded_ekf,True,14.5,100,100,0,1.0,0.9630065017930143,1.0,100,1.0,0.9630065017930143,1.0,{},0.8260651907101315,1.5498161624020725,0.09014392852150556,0.15604045623577453,100,100,0.91,0.837737871472837,0.9519274599974348,0.91,0.837737871472837,0.9519274599974348,91,linear,whole_base_sequence,6.142410752973348,13.407664354206076,6,4,0,1.8168833685881236,3.5618038603502113,1.0,2,True,0.00024399899790296332,3.421999979764223e-05,0.0,0.0001030724447156116,2252.775396196689,7029.358858543386,12.518298918608764,True,True,True,45.0,45,45,22.89,12,31,22.11,14,33,22.89,12,31,22.89,12,31,6.0,6,6,16.89,6,25,0.0,0,0,0.0,0,0,0.0,0,0
poorly_conditioned,dropout_50,retarded_ekf,True,2.0,100,1,99,0.01,0.0017674320641406505,0.054486196178705315,1,0.01,0.0017674320641406505,0.054486196178705315,"{""not_initialized"": 99}",1.7839791365913293,1.7839791365913293,1.5895900303241532,1.5895900303241532,1,100,1.0,0.20654931437723745,1.0,0.01,0.0017674320641406505,0.054486196178705315,1,linear,whole_base_sequence,7.926207377204787,7.926207377204787,6,0,0,nan,nan,nan,2,True,0.0008644480013754219,0.0,0.0,0.023201681669813557,119.43895028243793,119.43895028243793,1.9918137959667528,True,True,True,45.0,45,45,22.89,12,31,22.11,14,33,2.91,0,6,0.06,0,6,0.06,0,6,0.0,0,0,0.0,0,0,0.0,0,0,2.85,0,5
poorly_conditioned,dropout_50,retarded_ekf,True,2.5,100,7,93,0.07,0.03431926106727268,0.137495147390735,7,0.07,0.03431926106727268,0.137495147390735,"{""not_initialized"": 93}",1.4145077453247399,2.5254199208079795,0.876160084360966,1.4773315553212492,7,100,0.8571428571428571,0.4868721707256811,0.9743203756552565,0.06,0.027786123963188192,0.1247681544589592,6,linear,whole_base_sequence,6.190676311468969,13.138969244530713,6,1,0,3.8537867073769676,3.8537867073769676,1.0,2,True,0.0038925449998350814,5.054000066593289e-06,0.0,0.013294496399314213,120.43050222304207,569.9537698465864,2.493291620303461,True,True,True,45.0,45,45,22.89,12,31,22.11,14,33,3.49,0,7,0.43,0,7,0.42,0,6,0.01,0,1,0.0,0,0,0.0,0,0,3.06,0,5
poorly_conditioned,dropout_50,retarded_ekf,True,3.0,100,22,78,0.22,0.150012823846054,0.31070353514985793,22,0.22,0.150012823846054,0.31070353514985793,"{""not_initialized"": 78}",1.8348559878085933,3.4177876517025316,1.1185760342648263,2.031528548778505,22,100,0.8636363636363636,0.6666501283342828,0.9525099628594474,0.19,0.12514751509768735,0.27778845379064376,19,linear,whole_base_sequence,6.7451876048341175,14.774262995866343,6,7,0,1.6165530633761362,3.694029026221998,1.0,2,True,0.009331085001467726,4.5925000158604234e-05,0.0,0.008382942625344097,174.53306994083692,678.9704431075495,2.9031531611398695,True,True,True,45.0,45,45,22.89,12,31,22.11,14,33,4.37,1,8,1.4,0,8,1.32,0,6,0.08,0,2,0.0,0,0,0.0,0,0,2.97,0,5
poorly_conditioned,dropout_50,retarded_ekf,True,3.5,100,48,52,0.48,0.384645517580519,0.5768342223477603,48,0.48,0.384645517580519,0.5768342223477603,"{""not_initialized"": 52}",1.482546772166226,2.6699236967696507,0.781756842983641,1.5263665198746794,48,100,0.9375,0.8316456194505365,0.9785167670916107,0.45,0.3561453797951198,0.5475539700255787,45,linear,whole_base_sequence,5.726172676757834,12.529532971460625,6,34,0,2.2047535983405457,5.316499938683563,0.9411764705882353,2,True,0.016778779001324438,0.00028848699963418767,0.0,0.005619422767757357,206.2427789421081,815.0166595036059,3.4962635410432594,True,True,True,45.0,45,45,22.89,12,31,22.11,14,33,5.49,2,10,3.3,0,10,2.88,0,6,0.42,0,4,0.0,0,0,0.0,0,0,2.19,0,5
poorly_conditioned,dropout_50,retarded_ekf,True,4.0,100,60,40,0.6,0.5020025867910618,0.6905987135675411,60,0.6,0.5020025867910618,0.6905987135675411,"{""not_initialized"": 40}",1.563773622507406,3.112312863753424,0.6663662181431259,1.2789352764555832,60,100,0.9333333333333333,0.8407464268680283,0.9737713012754938,0.56,0.4622810465167699,0.6532797336983921,56,linear,whole_base_sequence,5.615133014853052,12.809495763421731,6,29,0,1.567188302173324,3.896621794558601,0.9655172413793104,2,True,0.007890245999442413,0.00023542899987660348,0.0,0.003977497566530929,265.3712037454277,2071.8491240368867,3.9959734210825792,True,True,True,45.0,45,45,22.89,12,31,22.11,14,33,6.05,2,10,4.31,0,10,3.6,0,6,0.71,0,4,0.0,0,0,0.0,0,0,1.74,0,5
poorly_conditioned,dropout_50,retarded_ekf,True,4.5,100,83,17,0.83,0.7445199523239887,0.8910643388594006,83,0.83,0.7445199523239887,0.8910643388594006,"{""not_initialized"": 17}",2.794646087523588,2.1697861778892777,0.7474669662321978,0.7939911822580153,83,100,0.9397590361445783,0.8666157190676159,0.973996598958118,0.78,0.6892964648501421,0.8499871761539459,78,linear,whole_base_sequence,5.990151359925421,12.910498274144414,6,90,0,1.6827622131601703,4.987012560550643,0.9666666666666667,2,True,0.015454183999681846,0.0007493019985849969,0.0,0.0028230224121030723,258.077664343057,71036.3571758676,4.485752316778753,True,True,True,45.0,45,45,22.89,12,31,22.11,14,33,7.35,3,13,6.59,0,13,4.98,0,6,1.61,0,7,0.0,0,0,0.0,0,0,0.76,0,5
poorly_conditioned,dropout_50,retarded_ekf,True,5.0,100,93,7,0.93,0.8625048526092651,0.9656807389327273,93,0.93,0.8625048526092651,0.9656807389327273,"{""not_initialized"": 7}",1.3085278135548715,2.363378359728583,0.45521998149826925,0.7874182588655378,93,100,0.9354838709677419,0.8663200583761685,0.9700985683813523,0.87,0.7901964855992357,0.9224283257275948,87,linear,whole_base_sequence,6.117934621419117,13.36335690810148,6,78,0,1.7296278323396668,5.474894998802275,0.9615384615384616,2,True,0.007275442000245675,0.000632764000329189,0.0,0.0020782261826243994,306.1391366867292,1664.588586773925,4.997797684238566,True,True,True,45.0,45,45,22.89,12,31,22.11,14,33,8.31,4,14,7.97,0,14,5.58,0,6,2.39,0,8,0.0,0,0,0.0,0,0,0.34,0,5
poorly_conditioned,dropout_50,retarded_ekf,True,5.5,100,96,4,0.96,0.9016292856411208,0.9843366960084523,96,0.96,0.9016292856411208,0.9843366960084523,"{""not_initialized"": 4}",1.2400458326628743,2.139269477281771,0.4055682439999825,0.7058972409429997,96,100,0.9270833333333334,0.8570696833485983,0.9642324186896375,0.89,0.8136870349691969,0.9374580364293543,89,linear,whole_base_sequence,5.810217428149758,12.998526734502219,6,71,0,2.2339366551993023,5.87645388323386,0.9436619718309859,2,True,0.0026926009994349444,0.0005888229989795946,0.0,0.001568269596345939,341.9491617774619,2693.1053371798694,5.493718557222799,True,True,True,45.0,45,45,22.89,12,31,22.11,14,33,9.06,5,15,8.86,0,15,5.76,0,6,3.1,0,9,0.0,0,0,0.0,0,0,0.2,0,5
poorly_conditioned,dropout_50,retarded_ekf,True,6.0,100,100,0,1.0,0.9630065017930143,1.0,100,1.0,0.9630065017930143,1.0,{},1.122868154810704,1.9549514921649243,0.34218011121190023,0.6221069522584246,100,100,0.94,0.8752318455410406,0.9722138760368118,0.94,0.8752318455410406,0.9722138760368118,94,linear,whole_base_sequence,5.539427017083263,13.418226204976817,6,120,0,1.906931389736921,5.561747792319898,0.975,2,True,0.003928603001695592,0.0009668939985567704,0.0,0.0012173201833294393,339.44895437426555,2765.4938038152804,5.987099908162655,True,True,True,45.0,45,45,22.89,12,31,22.11,14,33,10.3,6,16,10.3,6,16,6.0,6,6,4.3,0,10,0.0,0,0,0.0,0,0,0.0,0,0
poorly_conditioned,dropout_50,retarded_ekf,True,6.5,100,100,0,1.0,0.9630065017930143,1.0,100,1.0,0.9630065017930143,1.0,{},0.9549307352410655,1.469980181469851,0.2585601949156479,0.42285610165795845,100,100,0.93,0.8625048526092651,0.9656807389327273,0.93,0.8625048526092651,0.9656807389327273,93,linear,whole_base_sequence,5.653554555567712,14.450696429499649,6,59,0,1.6074001220446885,5.263014802480595,0.9661016949152542,2,True,0.000978078999032732,0.0004665839998051524,0.0,0.0009654138838089265,425.0219182190322,1581.0161368107958,6.4879067986060175,True,True,True,45.0,45,45,22.89,12,31,22.11,14,33,10.89,6,17,10.89,6,17,6.0,6,6,4.89,0,11,0.0,0,0,0.0,0,0,0.0,0,0
poorly_conditioned,dropout_50,retarded_ekf,True,7.0,100,100,0,1.0,0.9630065017930143,1.0,100,1.0,0.9630065017930143,1.0,{},0.9275553268462088,1.5904024711264233,0.23235520997647552,0.4302840145863303,100,100,0.93,0.8625048526092651,0.9656807389327273,0.93,0.8625048526092651,0.9656807389327273,93,linear,whole_base_sequence,5.772691885383039,14.450696429499612,6,109,0,2.168387599414422,5.7633855850686375,0.963302752293578,2,True,0.001761108000355307,0.0008763870014809071,0.0,0.0007774483736537466,433.4027215608948,1416.2159647224187,6.916259984169404,True,True,True,45.0,45,45,22.89,12,31,22.11,14,33,11.98,7,20,11.98,7,20,6.0,6,6,5.98,1,14,0.0,0,0,0.0,0,0,0.0,0,0
poorly_conditioned,dropout_50,retarded_ekf,True,7.5,100,100,0,1.0,0.9630065017930143,1.0,100,1.0,0.9630065017930143,1.0,{},0.8962408016835633,1.5984220509042084,0.20801838100573075,0.3849590951996457,100,100,0.94,0.8752318455410406,0.9722138760368118,0.94,0.8752318455410406,0.9722138760368118,94,linear,whole_base_sequence,5.73276301378589,12.750474532409786,6,123,0,2.2205001609109645,5.8493583071208315,0.9512195121951219,2,True,0.0020780350000131876,0.0010249399990425445,0.0,0.0006369210544451404,469.33937525742897,2030.8638667301486,7.492036107037601,True,True,True,45.0,45,45,22.89,12,31,22.11,14,33,13.21,8,21,13.21,8,21,6.0,6,6,7.21,2,15,0.0,0,0,0.0,0,0,0.0,0,0
poorly_conditioned,dropout_50,retarded_ekf,True,8.0,100,100,0,1.0,0.9630065017930143,1.0,100,1.0,0.9630065017930143,1.0,{},0.907709716030058,1.5082187099136053,0.19667796650543426,0.35644354187712457,100,100,0.96,0.9016292856411208,0.9843366960084523,0.96,0.9016292856411208,0.9843366960084523,96,linear,whole_base_sequence,5.63820229928356,12.212658618920086,6,68,0,1.9214027820233581,6.312748707340734,0.9264705882352942,2,True,0.001249713999859523,0.0005689580005127936,0.0,0.0005293961647897343,480.28764749071706,2971.485382851374,7.990774900906829,True,True,True,45.0,45,45,22.89,12,31,22.11,14,33,13.89,8,21,13.89,8,21,6.0,6,6,7.89,2,15,0.0,0,0,0.0,0,0,0.0,0,0
poorly_conditioned,dropout_50,retarded_ekf,True,8.5,100,100,0,1.0,0.9630065017930143,1.0,100,1.0,0.9630065017930143,1.0,{},0.7877969448650521,1.3120197321553546,0.16734306394837367,0.3043837748932154,100,100,0.95,0.8882495307680808,0.9784563208456319,0.95,0.8882495307680808,0.9784563208456319,95,linear,whole_base_sequence,5.672033693694452,11.899470352699696,6,111,0,1.9061113235995655,5.875128260220222,0.954954954954955,2,True,0.001960047999455128,0.0009150200022850185,0.0,0.0004457263229775578,480.7755520297186,1823.4767195656814,8.499101501616938,True,True,True,45.0,45,45,22.89,12,31,22.11,14,33,15.0,9,22,15.0,9,22,6.0,6,6,9.0,3,16,0.0,0,0,0.0,0,0,0.0,0,0
poorly_conditioned,dropout_50,retarded_ekf,True,9.0,100,100,0,1.0,0.9630065017930143,1.0,100,1.0,0.9630065017930143,1.0,{},0.7773156650857469,1.3115422169084763,0.1536644964463424,0.27163772721777313,100,100,0.95,0.8882495307680808,0.9784563208456319,0.95,0.8882495307680808,0.9784563208456319,95,linear,whole_base_sequence,5.693666417326601,11.820741176832984,6,92,0,1.7358742110619767,4.592236861352111,0.967391304347826,2,True,0.0016470170000684448,0.0007383680006023496,0.0,0.0003796481540855693,575.2589688860339,1703.8696855538858,8.999106114578835,True,True,True,45.0,45,45,22.89,12,31,22.11,14,33,15.92,10,23,15.92,10,23,6.0,6,6,9.92,4,17,0.0,0,0,0.0,0,0,0.0,0,0
poorly_conditioned,dropout_50,retarded_ekf,True,9.5,100,100,0,1.0,0.9630065017930143,1.0,100,1.0,0.9630065017930143,1.0,{},0.7778908287059468,1.3483365389842543,0.14151451158844608,0.22713481139457378,100,100,0.94,0.8752318455410406,0.9722138760368118,0.94,0.8752318455410406,0.9722138760368118,94,linear,whole_base_sequence,5.818376688724373,13.341391903040883,6,79,0,2.0661360801851236,5.364932558856839,0.9493670886075949,2,True,0.0014963150001130999,0.0006447790010133759,0.0,0.0003265091859519763,596.0849874090814,2291.5984140373357,9.49477757693301,True,True,True,45.0,45,45,22.89,12,31,22.11,14,33,16.71,10,24,16.71,10,24,6.0,6,6,10.71,4,18,0.0,0,0,0.0,0,0,0.0,0,0
poorly_conditioned,long_delay,causal_prefix_batch,True,0.0,100,0,100,0.0,0.0,0.03699349820698568,0,0.0,0.0,0.03699349820698568,"{""insufficient_measurements"": 100}",nan,nan,nan,nan,0,100,nan,nan,nan,0.0,0.0,0.03699349820698568,0,linear,whole_base_sequence,nan,nan,6,0,0,nan,nan,nan,2,True,4.65209991671145e-05,0.0,nan,nan,nan,nan,nan,True,True,True,45.0,45,45,45.0,45,45,0.0,0,0,0.0,0,0,0.0,0,0,0.0,0,0,0.0,0,0,0.0,0,0,0.0,0,0,0.0,0,0
poorly_conditioned,long_delay,causal_prefix_batch,True,0.5,100,0,100,0.0,0.0,0.03699349820698568,0,0.0,0.0,0.03699349820698568,"{""insufficient_measurements"": 100}",nan,nan,nan,nan,0,100,nan,nan,nan,0.0,0.0,0.03699349820698568,0,linear,whole_base_sequence,nan,nan,6,0,0,nan,nan,nan,2,True,3.472100099315867e-05,0.0,nan,nan,nan,nan,nan,True,True,True,45.0,45,45,45.0,45,45,0.0,0,0,0.0,0,0,0.0,0,0,0.0,0,0,0.0,0,0,0.0,0,0,0.0,0,0,0.0,0,0
poorly_conditioned,long_delay,causal_prefix_batch,True,1.0,100,0,100,0.0,0.0,0.03699349820698568,0,0.0,0.0,0.03699349820698568,"{""insufficient_measurements"": 100}",nan,nan,nan,nan,0,100,nan,nan,nan,0.0,0.0,0.03699349820698568,0,linear,whole_base_sequence,nan,nan,6,0,0,nan,nan,nan,2,True,3.353999956743792e-05,0.0,nan,nan,nan,nan,0.9977430675555341,True,True,True,45.0,45,45,45.0,45,45,0.0,0,0,0.32,0,2,0.32,0,2,0.0,0,0,0.0,0,0,0.0,0,0,0.0,0,0,0.0,0,0
poorly_conditioned,long_delay,causal_prefix_batch,True,1.5,100,2,98,0.02,0.00550196755016235,0.07001179072854388,2,0.02,0.00550196755016235,0.07001179072854388,"{""insufficient_local_observability"": 5, ""insufficient_measurements"": 93}",18.750698262319823,25.21911003852285,19.64400955091366,26.42500499668106,2,100,1.0,0.34238022750665303,1.0,0.02,0.00550196755016235,0.07001179072854388,2,linear,whole_base_sequence,3.598059369983872,4.530997543259771,6,0,0,nan,nan,nan,2,True,0.0820200600012322,0.0,0.0,0.05414840513950327,923066.8492075747,1716890.4667876568,1.4986959967099542,True,True,True,45.0,45,45,45.0,45,45,0.0,0,0,1.22,0,4,1.22,0,4,0.0,0,0,0.0,0,0,0.0,0,0,0.0,0,0,0.0,0,0
poorly_conditioned,long_delay,causal_prefix_batch,True,10.0,100,100,0,1.0,0.9630065017930143,1.0,100,1.0,0.9630065017930143,1.0,{},0.5951450835968075,1.0320325664352197,0.09644387882032128,0.16295325768329147,100,100,0.96,0.9016292856411208,0.9843366960084523,0.96,0.9016292856411208,0.9843366960084523,96,linear,whole_base_sequence,6.100047833085313,12.053719871977501,6,0,0,nan,nan,nan,2,True,0.27886068000021624,0.0,0.0,0.00023387668783346192,793.5777344713349,1168.2092424386096,9.998565824921238,True,True,True,45.0,45,45,45.0,45,45,0.0,0,0,32.53,30,35,32.53,30,35,0.0,0,0,0.0,0,0,0.0,0,0,0.0,0,0,0.0,0,0
poorly_conditioned,long_delay,causal_prefix_batch,True,10.5,100,100,0,1.0,0.9630065017930143,1.0,100,1.0,0.9630065017930143,1.0,{},0.5550054447201632,0.894048478996475,0.08533350244410165,0.13686153650772104,100,100,0.95,0.8882495307680808,0.9784563208456319,0.95,0.8882495307680808,0.9784563208456319,95,linear,whole_base_sequence,6.160880254594068,12.450790453173676,6,0,0,nan,nan,nan,2,True,0.2935626410014811,0.0,0.0,0.00020298195682941702,832.6711163273716,1333.3051753823788,10.498588214663126,True,True,True,45.0,45,45,45.0,45,45,0.0,0,0,34.46,31,37,34.46,31,37,0.0,0,0,0.0,0,0,0.0,0,0,0.0,0,0,0.0,0,0
poorly_conditioned,long_delay,causal_prefix_batch,True,11.0,100,100,0,1.0,0.9630065017930143,1.0,100,1.0,0.9630065017930143,1.0,{},0.5105169227606273,0.8666184646431702,0.0756528144422034,0.12566805909942208,100,100,0.94,0.8752318455410406,0.9722138760368118,0.94,0.8752318455410406,0.9722138760368118,94,linear,whole_base_sequence,5.984059074490911,12.69282673008611,6,0,0,nan,nan,nan,2,True,0.3077916159981396,0.0,0.0,0.00017739481894975002,860.5375619661293,1252.3785986308553,10.996864462691061,True,True,True,45.0,45,45,45.0,45,45,0.0,0,0,36.43,34,39,36.43,34,39,0.0,0,0,0.0,0,0,0.0,0,0,0.0,0,0,0.0,0,0
poorly_conditioned,long_delay,causal_prefix_batch,True,11.5,100,100,0,1.0,0.9630065017930143,1.0,100,1.0,0.9630065017930143,1.0,{},0.4976734139534787,0.8501476734902838,0.06997831254891126,0.11570096849240862,100,100,0.94,0.8752318455410406,0.9722138760368118,0.94,0.8752318455410406,0.9722138760368118,94,linear,whole_base_sequence,5.926758673210445,13.129959038092593,6,0,0,nan,nan,nan,2,True,0.3188392849988304,0.0,0.0,0.00015576840127362184,933.7120878670053,1405.3196378649875,11.498924757029135,True,True,True,45.0,45,45,45.0,45,45,0.0,0,0,38.33,35,41,38.33,35,41,0.0,0,0,0.0,0,0,0.0,0,0,0.0,0,0,0.0,0,0
poorly_conditioned,long_delay,causal_prefix_batch,True,12.0,100,100,0,1.0,0.9630065017930143,1.0,100,1.0,0.9630065017930143,1.0,{},0.49281322133309535,0.7786285001100213,0.06545684570908443,0.1027812147447073,100,100,0.94,0.8752318455410406,0.9722138760368118,0.94,0.8752318455410406,0.9722138760368118,94,linear,whole_base_sequence,5.999644260904864,12.942260313209013,6,0,0,nan,nan,nan,2,True,0.32826837999979036,0.0,0.0,0.00013777303890380674,1033.9401614920102,1354.645557861597,11.999971546500843,True,True,True,45.0,45,45,45.0,45,45,0.0,0,0,39.85,37,42,39.85,37,42,0.0,0,0,0.0,0,0,0.0,0,0,0.0,0,0,0.0,0,0
poorly_conditioned,long_delay,causal_prefix_batch,True,12.5,100,100,0,1.0,0.9630065017930143,1.0,100,1.0,0.9630065017930143,1.0,{},0.49608696841550554,0.7562072444670398,0.06340973772498706,0.10390366427975205,100,100,0.95,0.8882495307680808,0.9784563208456319,0.95,0.8882495307680808,0.9784563208456319,95,linear,whole_base_sequence,6.155379610188639,12.14013970096755,6,0,0,nan,nan,nan,2,True,0.34868247400270774,0.0,0.0,0.0001223619517450966,1116.4027865861356,1432.9685179744856,12.498780461157049,True,True,True,45.0,45,45,45.0,45,45,0.0,0,0,41.77,39,44,41.77,39,44,0.0,0,0,0.0,0,0,0.0,0,0,0.0,0,0,0.0,0,0
poorly_conditioned,long_delay,causal_prefix_batch,True,14.5,100,100,0,1.0,0.9630065017930143,1.0,100,1.0,0.9630065017930143,1.0,{},0.5356804367278009,0.8503832595165627,0.05701368713422818,0.08893999056854524,100,100,0.95,0.8882495307680808,0.9784563208456319,0.95,0.8882495307680808,0.9784563208456319,95,linear,whole_base_sequence,6.238855436853696,12.516438381988255,6,0,0,nan,nan,nan,2,True,0.3718676770012826,0.0,0.0,7.988283579901595e-05,2060.3351582601153,2404.140489225654,14.091743531784005,True,True,True,45.0,45,45,45.0,45,45,0.0,0,0,45.0,45,45,45.0,45,45,0.0,0,0,0.0,0,0,0.0,0,0,0.0,0,0,0.0,0,0
poorly_conditioned,long_delay,causal_prefix_batch,True,2.0,100,32,68,0.32,0.23669147324999093,0.41662618610452384,32,0.32,0.23669147324999093,0.41662618610452384,"{""insufficient_local_observability"": 18, ""insufficient_measurements"": 45, ""optimization_error:ValueError"": 4, ""projected_kkt_not_satisfied"": 1}",60.808268920725055,145.79811325840845,65.17434717020525,101.0922073130845,32,100,0.875,0.7193169451834978,0.9502986561251991,0.28,0.20139685211186212,0.3748802870992116,28,linear,whole_base_sequence,7.643175879345003,18.272598626411614,6,0,0,nan,nan,nan,2,True,0.5365900029984186,0.0,0.0,0.007259596616622426,266531.10524271696,860442280.7089543,1.9901179029358227,True,True,True,45.0,45,45,45.0,45,45,0.0,0,0,2.62,0,6,2.62,0,6,0.0,0,0,0.0,0,0,0.0,0,0,0.0,0,0,0.0,0,0
poorly_conditioned,long_delay,causal_prefix_batch,True,2.5,100,85,15,0.85,0.7671644040916763,0.9069401471634337,85,0.85,0.7671644040916763,0.9069401471634337,"{""insufficient_local_observability"": 7, ""insufficient_measurements"": 4, ""optimization_error:ValueError"": 3, ""projected_kkt_not_satisfied"": 1}",39.93130452656983,93.38773420059947,22.23322868574849,47.988936860865905,85,100,0.9176470588235294,0.839640154666247,0.9595362765008394,0.78,0.6892964648501421,0.8499871761539459,78,linear,whole_base_sequence,6.846352243572459,13.622218420027597,6,0,0,nan,nan,nan,2,True,0.23604910999827552,0.0,0.0,0.001139919709610769,439.54967601802315,85302532.52505401,2.4970770119669234,True,True,True,45.0,45,45,45.0,45,45,0.0,0,0,4.35,2,7,4.35,2,7,0.0,0,0,0.0,0,0,0.0,0,0,0.0,0,0,0.0,0,0
poorly_conditioned,long_delay,causal_prefix_batch,True,3.0,100,100,0,1.0,0.9630065017930143,1.0,100,1.0,0.9630065017930143,1.0,{},30.175613819618228,5.805879796213078,12.311792576639345,2.440815969034921,100,100,0.97,0.9154806357094724,0.9897454759759611,0.97,0.9154806357094724,0.9897454759759611,97,linear,whole_base_sequence,5.483360901634311,12.246784589473515,6,0,0,nan,nan,nan,2,True,0.06346685799886473,0.0,0.0,0.007944105335122654,572.7512979130499,4225983.715189404,2.98972735136801,True,True,True,45.0,45,45,45.0,45,45,0.0,0,0,6.31,4,9,6.31,4,9,0.0,0,0,0.0,0,0,0.0,0,0,0.0,0,0,0.0,0,0
poorly_conditioned,long_delay,causal_prefix_batch,True,3.5,100,100,0,1.0,0.9630065017930143,1.0,100,1.0,0.9630065017930143,1.0,{},1.8407953769759708,3.155522443018868,0.7139433805489136,1.1681354948458906,100,100,0.97,0.9154806357094724,0.9897454759759611,0.97,0.9154806357094724,0.9897454759759611,97,linear,whole_base_sequence,5.6178504393774515,11.831699009701465,6,0,0,nan,nan,nan,2,True,0.07861001100100111,0.0,0.0,0.005246045477300276,452.5744746643171,2584.3145699637644,3.488440849102174,True,True,True,45.0,45,45,45.0,45,45,0.0,0,0,8.13,6,11,8.13,6,11,0.0,0,0,0.0,0,0,0.0,0,0,0.0,0,0,0.0,0,0
poorly_conditioned,long_delay,causal_prefix_batch,True,4.0,100,100,0,1.0,0.9630065017930143,1.0,100,1.0,0.9630065017930143,1.0,{},1.5768942238021388,2.7294649589019784,0.5494235633276457,0.9267004090559173,100,100,0.94,0.8752318455410406,0.9722138760368118,0.94,0.8752318455410406,0.9722138760368118,94,linear,whole_base_sequence,5.919116918025626,13.580459646978522,6,0,0,nan,nan,nan,2,True,0.09591373399802251,0.0,0.0,0.0035387910326159103,388.91146193639173,2519.6620630666384,3.9999059011848614,True,True,True,45.0,45,45,45.0,45,45,0.0,0,0,9.86,7,13,9.86,7,13,0.0,0,0,0.0,0,0,0.0,0,0,0.0,0,0,0.0,0,0
poorly_conditioned,long_delay,causal_prefix_batch,True,4.5,100,100,0,1.0,0.9630065017930143,1.0,100,1.0,0.9630065017930143,1.0,{},1.2870825271348427,2.2838096665822527,0.42361085305707236,0.7032356820831145,100,100,0.94,0.8752318455410406,0.9722138760368118,0.94,0.8752318455410406,0.9722138760368118,94,linear,whole_base_sequence,5.691485657524305,13.546328943099955,6,0,0,nan,nan,nan,2,True,0.11189406000165036,0.0,0.0,0.0025261406648539562,408.78689641458755,1180.4540132017275,4.497413764478235,True,True,True,45.0,45,45,45.0,45,45,0.0,0,0,11.82,9,15,11.82,9,15,0.0,0,0,0.0,0,0,0.0,0,0,0.0,0,0,0.0,0,0
poorly_conditioned,long_delay,causal_prefix_batch,True,5.0,100,100,0,1.0,0.9630065017930143,1.0,100,1.0,0.9630065017930143,1.0,{},1.1077446872838441,1.9309774848234584,0.3381434113694145,0.6376564834200156,100,100,0.94,0.8752318455410406,0.9722138760368118,0.94,0.8752318455410406,0.9722138760368118,94,linear,whole_base_sequence,5.642001508689765,13.215448498752119,6,0,0,nan,nan,nan,2,True,0.12649637500115204,0.0,0.0,0.001833023573810899,381.9302219499792,1117.8551353124137,4.999919483603366,True,True,True,45.0,45,45,45.0,45,45,0.0,0,0,13.76,11,17,13.76,11,17,0.0,0,0,0.0,0,0,0.0,0,0,0.0,0,0,0.0,0,0
poorly_conditioned,long_delay,causal_prefix_batch,True,5.5,100,100,0,1.0,0.9630065017930143,1.0,100,1.0,0.9630065017930143,1.0,{},1.0149994703242864,1.8114767994685346,0.28382624164334286,0.47508539081857665,100,100,0.93,0.8625048526092651,0.9656807389327273,0.93,0.8625048526092651,0.9656807389327273,93,linear,whole_base_sequence,5.987055012918533,12.975679577046067,6,0,0,nan,nan,nan,2,True,0.13725554300035583,0.0,0.0,0.0013793598670688305,442.6445945114692,1180.2589590434586,5.49715189428616,True,True,True,45.0,45,45,45.0,45,45,0.0,0,0,15.44,12,18,15.44,12,18,0.0,0,0,0.0,0,0,0.0,0,0,0.0,0,0,0.0,0,0
poorly_conditioned,long_delay,causal_prefix_batch,True,6.0,100,100,0,1.0,0.9630065017930143,1.0,100,1.0,0.9630065017930143,1.0,{},0.8814241427180391,1.3178212838721899,0.2236911752691046,0.3776282290736713,100,100,0.92,0.8500189229905127,0.9589065385156194,0.92,0.8500189229905127,0.9589065385156194,92,linear,whole_base_sequence,5.946336169671342,13.94762192890955,6,0,0,nan,nan,nan,2,True,0.15607974599843147,0.0,0.0,0.0010697547629070717,470.47687118970924,1135.3361790104102,5.994279169107563,True,True,True,45.0,45,45,45.0,45,45,0.0,0,0,17.53,15,20,17.53,15,20,0.0,0,0,0.0,0,0,0.0,0,0,0.0,0,0,0.0,0,0
poorly_conditioned,long_delay,causal_prefix_batch,True,6.5,100,100,0,1.0,0.9630065017930143,1.0,100,1.0,0.9630065017930143,1.0,{},0.7965712706596296,1.208899442742468,0.19109643775518545,0.31190102757611254,100,100,0.93,0.8625048526092651,0.9656807389327273,0.93,0.8625048526092651,0.9656807389327273,93,linear,whole_base_sequence,5.730751829542154,13.5644396089778,6,0,0,nan,nan,nan,2,True,0.1627446929976577,0.0,0.0,0.0008485085461590927,549.4449786134935,1001.0635244840176,6.4954927612156865,True,True,True,45.0,45,45,45.0,45,45,0.0,0,0,19.08,17,22,19.08,17,22,0.0,0,0,0.0,0,0,0.0,0,0,0.0,0,0,0.0,0,0
poorly_conditioned,long_delay,causal_prefix_batch,True,7.0,100,100,0,1.0,0.9630065017930143,1.0,100,1.0,0.9630065017930143,1.0,{},0.6997438178033778,1.1753339293674885,0.16248291362327208,0.27636988407050367,100,100,0.94,0.8752318455410406,0.9722138760368118,0.94,0.8752318455410406,0.9722138760368118,94,linear,whole_base_sequence,5.460774996638306,13.519584801399198,6,0,0,nan,nan,nan,2,True,0.1825816420002957,0.0,0.0,0.0006741503573355686,568.306499909643,986.4306628196091,6.996426307996707,True,True,True,45.0,45,45,45.0,45,45,0.0,0,0,20.95,19,24,20.95,19,24,0.0,0,0,0.0,0,0,0.0,0,0,0.0,0,0,0.0,0,0
poorly_conditioned,long_delay,causal_prefix_batch,True,7.5,100,100,0,1.0,0.9630065017930143,1.0,100,1.0,0.9630065017930143,1.0,{},0.6621486024497616,1.1011698682653739,0.14366634154720737,0.25844345090819043,100,100,0.94,0.8752318455410406,0.9722138760368118,0.94,0.8752318455410406,0.9722138760368118,94,linear,whole_base_sequence,5.482465029903299,12.837200794567424,6,0,0,nan,nan,nan,2,True,0.1968855959994835,0.0,0.0,0.0005474686593724756,620.1397007503078,1122.7022262224648,7.49906661390331,True,True,True,45.0,45,45,45.0,45,45,0.0,0,0,22.81,21,26,22.81,21,26,0.0,0,0,0.0,0,0,0.0,0,0,0.0,0,0,0.0,0,0
poorly_conditioned,long_delay,causal_prefix_batch,True,8.0,100,100,0,1.0,0.9630065017930143,1.0,100,1.0,0.9630065017930143,1.0,{},0.6329447537392671,1.0878004579649163,0.12663993733196352,0.2152154757534571,100,100,0.96,0.9016292856411208,0.9843366960084523,0.96,0.9016292856411208,0.9843366960084523,96,linear,whole_base_sequence,5.629971929451681,11.685475401405386,6,0,0,nan,nan,nan,2,True,0.20932791100087342,0.0,0.0,0.0004536387863865304,637.9230988526936,1105.9403042631786,7.996242383560704,True,True,True,45.0,45,45,45.0,45,45,0.0,0,0,24.7,22,27,24.7,22,27,0.0,0,0,0.0,0,0,0.0,0,0,0.0,0,0,0.0,0,0
poorly_conditioned,long_delay,causal_prefix_batch,True,8.5,100,100,0,1.0,0.9630065017930143,1.0,100,1.0,0.9630065017930143,1.0,{},0.6389923203332863,1.079756388755817,0.12231500784106168,0.21572415315804452,100,100,0.96,0.9016292856411208,0.9843366960084523,0.96,0.9016292856411208,0.9843366960084523,96,linear,whole_base_sequence,5.902443828124117,12.491685005680736,6,0,0,nan,nan,nan,2,True,0.23320690700027627,0.0,0.0,0.0003781489727860161,644.8941523134554,961.9178543238145,8.49782691539859,True,True,True,45.0,45,45,45.0,45,45,0.0,0,0,26.81,25,30,26.81,25,30,0.0,0,0,0.0,0,0,0.0,0,0,0.0,0,0,0.0,0,0
poorly_conditioned,long_delay,causal_prefix_batch,True,9.0,100,100,0,1.0,0.9630065017930143,1.0,100,1.0,0.9630065017930143,1.0,{},0.62691356696501,1.0697077174260818,0.11177288979346102,0.18950824043850495,100,100,0.94,0.8752318455410406,0.9722138760368118,0.94,0.8752318455410406,0.9722138760368118,94,linear,whole_base_sequence,6.017051906395111,12.90467805724594,6,0,0,nan,nan,nan,2,True,0.24754308300063713,0.0,0.0,0.00032047105773163687,713.7922783755309,1090.943625948632,8.999811820666093,True,True,True,45.0,45,45,45.0,45,45,0.0,0,0,28.71,26,32,28.71,26,32,0.0,0,0,0.0,0,0,0.0,0,0,0.0,0,0,0.0,0,0
poorly_conditioned,long_delay,causal_prefix_batch,True,9.5,100,100,0,1.0,0.9630065017930143,1.0,100,1.0,0.9630065017930143,1.0,{},0.5858481966799138,1.0163816971619242,0.09919761783358307,0.16757479564219993,100,100,0.97,0.9154806357094724,0.9897454759759611,0.97,0.9154806357094724,0.9897454759759611,97,linear,whole_base_sequence,5.898639407254539,11.468685628746739,6,0,0,nan,nan,nan,2,True,0.2591061100002844,0.0,0.0,0.0002734017547921,740.0316244304523,1213.5307698580475,9.486306654915474,True,True,True,45.0,45,45,45.0,45,45,0.0,0,0,30.36,27,33,30.36,27,33,0.0,0,0,0.0,0,0,0.0,0,0,0.0,0,0,0.0,0,0
poorly_conditioned,long_delay,initial_batch_no_updates,True,0.0,100,0,100,0.0,0.0,0.03699349820698568,0,0.0,0.0,0.03699349820698568,"{""not_initialized"": 100}",nan,nan,nan,nan,0,100,nan,nan,nan,0.0,0.0,0.03699349820698568,0,linear,whole_base_sequence,nan,nan,6,0,0,nan,nan,nan,2,True,2.4499991559423507e-06,0.0,nan,nan,nan,nan,nan,True,True,True,45.0,45,45,45.0,45,45,0.0,0,0,0.0,0,0,0.0,0,0,0.0,0,0,0.0,0,0,0.0,0,0,0.0,0,0,0.0,0,0
poorly_conditioned,long_delay,initial_batch_no_updates,True,0.5,100,0,100,0.0,0.0,0.03699349820698568,0,0.0,0.0,0.03699349820698568,"{""not_initialized"": 100}",nan,nan,nan,nan,0,100,nan,nan,nan,0.0,0.0,0.03699349820698568,0,linear,whole_base_sequence,nan,nan,6,0,0,nan,nan,nan,2,True,1.9479988259263335e-06,0.0,nan,nan,nan,nan,nan,True,True,True,45.0,45,45,45.0,45,45,0.0,0,0,0.0,0,0,0.0,0,0,0.0,0,0,0.0,0,0,0.0,0,0,0.0,0,0,0.0,0,0
poorly_conditioned,long_delay,initial_batch_no_updates,True,1.0,100,0,100,0.0,0.0,0.03699349820698568,0,0.0,0.0,0.03699349820698568,"{""not_initialized"": 100}",nan,nan,nan,nan,0,100,nan,nan,nan,0.0,0.0,0.03699349820698568,0,linear,whole_base_sequence,nan,nan,6,0,0,nan,nan,nan,2,True,1.916997425723821e-06,0.0,nan,nan,nan,nan,0.9977430675555341,True,True,True,45.0,45,45,45.0,45,45,0.0,0,0,0.32,0,2,0.0,0,0,0.0,0,0,0.0,0,0,0.0,0,0,0.0,0,0,0.32,0,2
poorly_conditioned,long_delay,initial_batch_no_updates,True,1.5,100,0,100,0.0,0.0,0.03699349820698568,0,0.0,0.0,0.03699349820698568,"{""not_initialized"": 100}",nan,nan,nan,nan,0,100,nan,nan,nan,0.0,0.0,0.03699349820698568,0,linear,whole_base_sequence,nan,nan,6,0,0,nan,nan,nan,2,True,2.1180007024668156e-06,0.0,nan,nan,nan,nan,1.4986959967099542,True,True,True,45.0,45,45,45.0,45,45,0.0,0,0,1.22,0,4,0.0,0,0,0.0,0,0,0.0,0,0,0.0,0,0,0.0,0,0,1.22,0,4
poorly_conditioned,long_delay,initial_batch_no_updates,True,10.0,100,100,0,1.0,0.9630065017930143,1.0,100,1.0,0.9630065017930143,1.0,{},9.714946181227626,16.35810821762195,1.0565441962626017,1.7998167067442659,100,100,0.95,0.8882495307680808,0.9784563208456319,0.95,0.8882495307680808,0.9784563208456319,95,linear,whole_base_sequence,5.6065682806687605,12.18309994236606,6,0,0,nan,nan,nan,2,True,0.00013826900074491279,0.0,0.0,0.00045241415213223806,135497.10910943203,342910.16916015756,9.998565824921238,True,True,True,45.0,45,45,45.0,45,45,0.0,0,0,32.53,30,35,6.0,6,6,6.0,6,6,0.0,0,0,0.0,0,0,0.0,0,0,26.53,24,29
poorly_conditioned,long_delay,initial_batch_no_updates,True,10.5,100,100,0,1.0,0.9630065017930143,1.0,100,1.0,0.9630065017930143,1.0,{},10.242291068356458,17.207128224185496,1.0565441962626017,1.7998167067442659,100,100,0.95,0.8882495307680808,0.9784563208456319,0.95,0.8882495307680808,0.9784563208456319,95,linear,whole_base_sequence,5.606568280668742,12.183099942365612,6,0,0,nan,nan,nan,2,True,0.000142538002692163,0.0,0.0,0.00040518466727632567,167123.55062564003,424144.3683449386,10.498588214663126,True,True,True,45.0,45,45,45.0,45,45,0.0,0,0,34.46,31,37,6.0,6,6,6.0,6,6,0.0,0,0,0.0,0,0,0.0,0,0,28.46,25,31
poorly_conditioned,long_delay,initial_batch_no_updates,True,11.0,100,100,0,1.0,0.9630065017930143,1.0,100,1.0,0.9630065017930143,1.0,{},10.76972683836725,18.05623679891864,1.0565441962626017,1.7998167067442659,100,100,0.95,0.8882495307680808,0.9784563208456319,0.95,0.8882495307680808,0.9784563208456319,95,linear,whole_base_sequence,5.606568280668767,12.18309994236562,6,0,0,nan,nan,nan,2,True,0.00013866300199879333,0.0,0.0,0.0003649489381031849,204015.11048072035,519093.18796702893,10.996864462691061,True,True,True,45.0,45,45,45.0,45,45,0.0,0,0,36.43,34,39,6.0,6,6,6.0,6,6,0.0,0,0,0.0,0,0,0.0,0,0,30.43,28,33
poorly_conditioned,long_delay,initial_batch_no_updates,True,11.5,100,100,0,1.0,0.9630065017930143,1.0,100,1.0,0.9630065017930143,1.0,{},11.297240762083867,18.92580575270398,1.0565441962626017,1.7998167067442659,100,100,0.95,0.8882495307680808,0.9784563208456319,0.95,0.8882495307680808,0.9784563208456319,95,linear,whole_base_sequence,5.606568280668778,12.18309994236582,6,0,0,nan,nan,nan,2,True,0.0001380000004428439,0.0,0.0,0.00033039706587526804,246728.63709772658,629226.4382648446,11.498924757029135,True,True,True,45.0,45,45,45.0,45,45,0.0,0,0,38.33,35,41,6.0,6,6,6.0,6,6,0.0,0,0,0.0,0,0,0.0,0,0,32.33,29,35
poorly_conditioned,long_delay,initial_batch_no_updates,True,12.0,100,100,0,1.0,0.9630065017930143,1.0,100,1.0,0.9630065017930143,1.0,{},11.82482238003002,19.825649960552646,1.0565441962626017,1.7998167067442659,100,100,0.95,0.8882495307680808,0.9784563208456319,0.95,0.8882495307680808,0.9784563208456319,95,linear,whole_base_sequence,5.606568280668673,12.183099942365434,6,0,0,nan,nan,nan,2,True,0.00014027500117663294,0.0,0.0,0.0003005108777830628,295849.0948642441,756089.0747928899,11.999971546500843,True,True,True,45.0,45,45,45.0,45,45,0.0,0,0,39.85,37,42,6.0,6,6,6.0,6,6,0.0,0,0,0.0,0,0,0.0,0,0,33.85,31,36
poorly_conditioned,long_delay,initial_batch_no_updates,True,12.5,100,100,0,1.0,0.9630065017930143,1.0,100,1.0,0.9630065017930143,1.0,{},12.35246301841687,20.725499745732478,1.0565441962626017,1.7998167067442659,100,100,0.95,0.8882495307680808,0.9784563208456319,0.95,0.8882495307680808,0.9784563208456319,95,linear,whole_base_sequence,5.606568280668819,12.183099942366102,6,0,0,nan,nan,nan,2,True,0.0001367799990111962,0.0,0.0,0.0002744895781631145,351989.56413633237,901301.1985759888,12.498780461157049,True,True,True,45.0,45,45,45.0,45,45,0.0,0,0,41.77,39,44,6.0,6,6,6.0,6,6,0.0,0,0,0.0,0,0,0.0,0,0,35.77,33,38
poorly_conditioned,long_delay,initial_batch_no_updates,True,14.5,100,100,0,1.0,0.9630065017930143,1.0,100,1.0,0.9630065017930143,1.0,{},14.463486579073107,24.32494226687637,1.0565441962626017,1.7998167067442659,100,100,0.95,0.8882495307680808,0.9784563208456319,0.95,0.8882495307680808,0.9784563208456319,95,linear,whole_base_sequence,5.606568280668848,12.183099942365773,6,0,0,nan,nan,nan,2,True,0.0001371509992168285,0.0,0.0,0.00019803930232977892,659997.2222963909,1700676.673733584,14.091743531784005,True,True,True,45.0,45,45,45.0,45,45,0.0,0,0,45.0,45,45,6.0,6,6,6.0,6,6,0.0,0,0,0.0,0,0,0.0,0,0,39.0,39,39
poorly_conditioned,long_delay,initial_batch_no_updates,True,2.0,100,1,99,0.01,0.0017674320641406505,0.054486196178705315,1,0.01,0.0017674320641406505,0.054486196178705315,"{""not_initialized"": 99}",1.1124072877742779,1.1124072877742779,0.9278868285163409,0.9278868285163409,1,100,1.0,0.20654931437723745,1.0,0.01,0.0017674320641406505,0.054486196178705315,1,linear,whole_base_sequence,4.285144957462143,4.285144957462143,6,0,0,nan,nan,nan,2,True,4.230999620631337e-06,0.0,0.0,0.024765106956566144,113.83708116501373,113.83708116501373,1.9901179029358227,True,True,True,45.0,45,45,45.0,45,45,0.0,0,0,2.62,0,6,0.06,0,6,0.06,0,6,0.0,0,0,0.0,0,0,0.0,0,0,2.56,0,5
poorly_conditioned,long_delay,initial_batch_no_updates,True,2.5,100,12,88,0.12,0.06999406437019488,0.19812099426711421,12,0.12,0.06999406437019488,0.19812099426711421,"{""not_initialized"": 88}",2.257356984807283,3.712669286363471,1.3581678228845806,2.111400750923587,12,100,0.9166666666666666,0.646120088858883,0.9851349055950829,0.11,0.06254196357064568,0.18631296503080313,11,linear,whole_base_sequence,6.869505229885085,12.376270572359145,6,0,0,nan,nan,nan,2,True,1.8699000356718898e-05,0.0,0.0,0.013555010941566385,286.32721084418876,405.90766182224405,2.4970770119669234,True,True,True,45.0,45,45,45.0,45,45,0.0,0,0,4.35,2,7,0.72,0,6,0.72,0,6,0.0,0,0,0.0,0,0,0.0,0,0,3.63,0,5
poorly_conditioned,long_delay,initial_batch_no_updates,True,3.0,100,77,23,0.77,0.6784561697712622,0.8415673411969654,77,0.77,0.6784561697712622,0.8415673411969654,"{""not_initialized"": 23}",2.345027957490516,4.266010481984724,1.054117900448282,1.8200434789279039,77,100,0.974025974025974,0.9101541722024686,0.9928478401921068,0.75,0.656955364519384,0.8245478863771232,75,linear,whole_base_sequence,5.50712489286958,10.262416061239595,6,0,0,nan,nan,nan,2,True,0.00010731000016676261,0.0,0.0,0.008448163473661811,630.2978755863256,1292.0790280347428,2.98972735136801,True,True,True,45.0,45,45,45.0,45,45,0.0,0,0,6.31,4,9,4.62,0,6,4.62,0,6,0.0,0,0,0.0,0,0,0.0,0,0,1.69,0,5
poorly_conditioned,long_delay,initial_batch_no_updates,True,3.5,100,100,0,1.0,0.9630065017930143,1.0,100,1.0,0.9630065017930143,1.0,{},2.890443658125415,5.348030415652918,1.0565441962626017,1.7998167067442659,100,100,0.95,0.8882495307680808,0.9784563208456319,0.95,0.8882495307680808,0.9784563208456319,95,linear,whole_base_sequence,5.606568280668767,12.18309994236582,6,0,0,nan,nan,nan,2,True,0.0001325780019396916,0.0,0.0,0.00572612909102275,1266.2269711042445,2895.148541691392,3.488440849102174,True,True,True,45.0,45,45,45.0,45,45,0.0,0,0,8.13,6,11,6.0,6,6,6.0,6,6,0.0,0,0,0.0,0,0,0.0,0,0,2.13,0,5
poorly_conditioned,long_delay,initial_batch_no_updates,True,4.0,100,100,0,1.0,0.9630065017930143,1.0,100,1.0,0.9630065017930143,1.0,{},3.409274837017026,6.189994200360929,1.0565441962626017,1.7998167067442659,100,100,0.95,0.8882495307680808,0.9784563208456319,0.95,0.8882495307680808,0.9784563208456319,95,linear,whole_base_sequence,5.606568280668768,12.183099942365883,6,0,0,nan,nan,nan,2,True,0.00013759899738943204,0.0,0.0,0.004082253154213617,2319.966503865885,5401.487762155118,3.9999059011848614,True,True,True,45.0,45,45,45.0,45,45,0.0,0,0,9.86,7,13,6.0,6,6,6.0,6,6,0.0,0,0,0.0,0,0,0.0,0,0,3.86,1,7
poorly_conditioned,long_delay,initial_batch_no_updates,True,4.5,100,100,0,1.0,0.9630065017930143,1.0,100,1.0,0.9630065017930143,1.0,{},3.9306218473882235,7.033874501694858,1.0565441962626017,1.7998167067442659,100,100,0.95,0.8882495307680808,0.9784563208456319,0.95,0.8882495307680808,0.9784563208456319,95,linear,whole_base_sequence,5.6065682806687605,12.1830999423658,6,0,0,nan,nan,nan,2,True,0.0001382769987685606,0.0,0.0,0.003034708153992904,3958.210152435937,9352.946281212344,4.497413764478235,True,True,True,45.0,45,45,45.0,45,45,0.0,0,0,11.82,9,15,6.0,6,6,6.0,6,6,0.0,0,0,0.0,0,0,0.0,0,0,5.82,3,9
poorly_conditioned,long_delay,initial_batch_no_updates,True,5.0,100,100,0,1.0,0.9630065017930143,1.0,100,1.0,0.9630065017930143,1.0,{},4.453601252844918,7.879057851177747,1.0565441962626017,1.7998167067442659,100,100,0.95,0.8882495307680808,0.9784563208456319,0.95,0.8882495307680808,0.9784563208456319,95,linear,whole_base_sequence,5.606568280668767,12.183099942365807,6,0,0,nan,nan,nan,2,True,0.00013919599849032238,0.0,0.0,0.002334239483088468,6373.163306493985,15242.501614466559,4.999919483603366,True,True,True,45.0,45,45,45.0,45,45,0.0,0,0,13.76,11,17,6.0,6,6,6.0,6,6,0.0,0,0,0.0,0,0,0.0,0,0,7.76,5,11
poorly_conditioned,long_delay,initial_batch_no_updates,True,5.5,100,100,0,1.0,0.9630065017930143,1.0,100,1.0,0.9630065017930143,1.0,{},4.977698559660492,8.725166844751127,1.0565441962626017,1.7998167067442659,100,100,0.95,0.8882495307680808,0.9784563208456319,0.95,0.8882495307680808,0.9784563208456319,95,linear,whole_base_sequence,5.606568280668754,12.183099942365965,6,0,0,nan,nan,nan,2,True,0.0001360740017844364,0.0,0.0,0.0018461594266999783,9785.402969314982,23638.263086121606,5.49715189428616,True,True,True,45.0,45,45,45.0,45,45,0.0,0,0,15.44,12,18,6.0,6,6,6.0,6,6,0.0,0,0,0.0,0,0,0.0,0,0,9.44,6,12
poorly_conditioned,long_delay,initial_batch_no_updates,True,6.0,100,100,0,1.0,0.9630065017930143,1.0,100,1.0,0.9630065017930143,1.0,{},5.502594351910612,9.571956749856032,1.0565441962626017,1.7998167067442659,100,100,0.95,0.8882495307680808,0.9784563208456319,0.95,0.8882495307680808,0.9784563208456319,95,linear,whole_base_sequence,5.606568280668768,12.183099942365882,6,0,0,nan,nan,nan,2,True,0.00013524600071832538,0.0,0.0,0.0014940328125085042,14443.875765992,35183.4727864555,5.994279169107563,True,True,True,45.0,45,45,45.0,45,45,0.0,0,0,17.53,15,20,6.0,6,6,6.0,6,6,0.0,0,0,0.0,0,0,0.0,0,0,11.53,9,14
poorly_conditioned,long_delay,initial_batch_no_updates,True,6.5,100,100,0,1.0,0.9630065017930143,1.0,100,1.0,0.9630065017930143,1.0,{},6.028080048559331,10.419261999011722,1.0565441962626017,1.7998167067442659,100,100,0.95,0.8882495307680808,0.9784563208456319,0.95,0.8882495307680808,0.9784563208456319,95,linear,whole_base_sequence,5.606568280668756,12.183099942365804,6,0,0,nan,nan,nan,2,True,0.00013130999985150994,0.0,0.0,0.0012324150728301065,20625.89626999305,50596.50868998883,6.4954927612156865,True,True,True,45.0,45,45,45.0,45,45,0.0,0,0,19.08,17,22,6.0,6,6,6.0,6,6,0.0,0,0,0.0,0,0,0.0,0,0,13.08,11,16
poorly_conditioned,long_delay,initial_batch_no_updates,True,7.0,100,100,0,1.0,0.9630065017930143,1.0,100,1.0,0.9630065017930143,1.0,{},6.554013759623005,11.266966613683989,1.0565441962626017,1.7998167067442659,100,100,0.95,0.8882495307680808,0.9784563208456319,0.95,0.8882495307680808,0.9784563208456319,95,linear,whole_base_sequence,5.606568280668762,12.183099942365898,6,0,0,nan,nan,nan,2,True,0.00014110599993728102,0.0,0.0,0.001033130069805197,28637.146139917633,70670.88743392614,6.996426307996707,True,True,True,45.0,45,45,45.0,45,45,0.0,0,0,20.95,19,24,6.0,6,6,6.0,6,6,0.0,0,0,0.0,0,0,0.0,0,0,14.95,13,18
poorly_conditioned,long_delay,initial_batch_no_updates,True,7.5,100,100,0,1.0,0.9630065017930143,1.0,100,1.0,0.9630065017930143,1.0,{},7.080295648498328,12.114986951742955,1.0565441962626017,1.7998167067442659,100,100,0.95,0.8882495307680808,0.9784563208456319,0.95,0.8882495307680808,0.9784563208456319,95,linear,whole_base_sequence,5.606568280668751,12.18309994236589,6,0,0,nan,nan,nan,2,True,0.0001383850007550791,0.0,0.0,0.0008780492296544553,38811.673699666266,96275.26637089023,7.49906661390331,True,True,True,45.0,45,45,45.0,45,45,0.0,0,0,22.81,21,26,6.0,6,6,6.0,6,6,0.0,0,0,0.0,0,0,0.0,0,0,16.81,15,20
poorly_conditioned,long_delay,initial_batch_no_updates,True,8.0,100,100,0,1.0,0.9630065017930143,1.0,100,1.0,0.9630065017930143,1.0,{},7.606853449244907,12.963261182445105,1.0565441962626017,1.7998167067442659,100,100,0.95,0.8882495307680808,0.9784563208456319,0.95,0.8882495307680808,0.9784563208456319,95,linear,whole_base_sequence,5.606568280668762,12.183099942365853,6,0,0,nan,nan,nan,2,True,0.00014265699894167483,0.0,0.0,0.0007551231161791022,51489.616725990534,128353.44500785532,7.996242383560704,True,True,True,45.0,45,45,45.0,45,45,0.0,0,0,24.7,22,27,6.0,6,6,6.0,6,6,0.0,0,0,0.0,0,0,0.0,0,0,18.7,16,21
poorly_conditioned,long_delay,initial_batch_no_updates,True,8.5,100,100,0,1.0,0.9630065017930143,1.0,100,1.0,0.9630065017930143,1.0,{},8.133633575823417,13.811742617668541,1.0565441962626017,1.7998167067442659,100,100,0.95,0.8882495307680808,0.9784563208456319,0.95,0.8882495307680808,0.9784563208456319,95,linear,whole_base_sequence,5.606568280668787,12.183099942365917,6,0,0,nan,nan,nan,2,True,0.0001412269994034432,0.0,0.0,0.0006561108966124181,67061.74983033436,167924.36596996034,8.49782691539859,True,True,True,45.0,45,45,45.0,45,45,0.0,0,0,26.81,25,30,6.0,6,6,6.0,6,6,0.0,0,0,0.0,0,0,0.0,0,0,20.81,19,24
poorly_conditioned,long_delay,initial_batch_no_updates,True,9.0,100,100,0,1.0,0.9630065017930143,1.0,100,1.0,0.9630065017930143,1.0,{},8.660595459468302,14.660395347109857,1.0565441962626017,1.7998167067442659,100,100,0.95,0.8882495307680808,0.9784563208456319,0.95,0.8882495307680808,0.9784563208456319,95,linear,whole_base_sequence,5.60656828066872,12.183099942365255,6,0,0,nan,nan,nan,2,True,0.00013903999875765295,0.0,0.0,0.0005752329470992575,85952.76722454265,216082.115720446,8.999811820666093,True,True,True,45.0,45,45,45.0,45,45,0.0,0,0,28.71,26,32,6.0,6,6,6.0,6,6,0.0,0,0,0.0,0,0,0.0,0,0,22.71,20,26
poorly_conditioned,long_delay,initial_batch_no_updates,True,9.5,100,100,0,1.0,0.9630065017930143,1.0,100,1.0,0.9630065017930143,1.0,{},9.18770782614968,15.509191299966016,1.0565441962626017,1.7998167067442659,100,100,0.95,0.8882495307680808,0.9784563208456319,0.95,0.8882495307680808,0.9784563208456319,95,linear,whole_base_sequence,5.606568280668767,12.18309994236586,6,0,0,nan,nan,nan,2,True,0.00013742099836235865,0.0,0.0,0.0005083445749934457,108607.05347387123,273995.9250197229,9.486306654915474,True,True,True,45.0,45,45,45.0,45,45,0.0,0,0,30.36,27,33,6.0,6,6,6.0,6,6,0.0,0,0,0.0,0,0,0.0,0,0,24.36,21,27
poorly_conditioned,long_delay,offline_full_record_noncausal,False,14.5,100,100,0,1.0,0.9630065017930143,1.0,100,1.0,0.9630065017930143,1.0,{},0.5356804367278009,0.8503832595165627,0.05701368713422818,0.08893999056854524,100,100,0.95,0.8882495307680808,0.9784563208456319,0.95,0.8882495307680808,0.9784563208456319,95,linear,whole_base_sequence,6.238855436853696,12.516438381988255,6,0,0,nan,nan,nan,2,True,0.37585641400073655,0.0,0.0,7.988283579901595e-05,2060.3351582601153,2404.140489225654,14.091743531784005,True,True,True,45.0,45,45,45.0,45,45,0.0,0,0,45.0,45,45,45.0,45,45,0.0,0,0,0.0,0,0,0.0,0,0,0.0,0,0,0.0,0,0
poorly_conditioned,long_delay,retarded_ekf,True,0.0,100,0,100,0.0,0.0,0.03699349820698568,0,0.0,0.0,0.03699349820698568,"{""not_initialized"": 100}",nan,nan,nan,nan,0,100,nan,nan,nan,0.0,0.0,0.03699349820698568,0,linear,whole_base_sequence,nan,nan,6,0,0,nan,nan,nan,2,True,2.468500140821561e-05,0.0,nan,nan,nan,nan,nan,True,True,True,45.0,45,45,45.0,45,45,0.0,0,0,0.0,0,0,0.0,0,0,0.0,0,0,0.0,0,0,0.0,0,0,0.0,0,0,0.0,0,0
poorly_conditioned,long_delay,retarded_ekf,True,0.5,100,0,100,0.0,0.0,0.03699349820698568,0,0.0,0.0,0.03699349820698568,"{""not_initialized"": 100}",nan,nan,nan,nan,0,100,nan,nan,nan,0.0,0.0,0.03699349820698568,0,linear,whole_base_sequence,nan,nan,6,0,0,nan,nan,nan,2,True,1.3645000581163914e-05,0.0,nan,nan,nan,nan,nan,True,True,True,45.0,45,45,45.0,45,45,0.0,0,0,0.0,0,0,0.0,0,0,0.0,0,0,0.0,0,0,0.0,0,0,0.0,0,0,0.0,0,0
poorly_conditioned,long_delay,retarded_ekf,True,1.0,100,0,100,0.0,0.0,0.03699349820698568,0,0.0,0.0,0.03699349820698568,"{""not_initialized"": 100}",nan,nan,nan,nan,0,100,nan,nan,nan,0.0,0.0,0.03699349820698568,0,linear,whole_base_sequence,nan,nan,6,0,0,nan,nan,nan,2,True,3.858799929730594e-05,0.0,nan,nan,nan,nan,0.9977430675555341,True,True,True,45.0,45,45,45.0,45,45,0.0,0,0,0.32,0,2,0.0,0,0,0.0,0,0,0.0,0,0,0.0,0,0,0.0,0,0,0.32,0,2
poorly_conditioned,long_delay,retarded_ekf,True,1.5,100,0,100,0.0,0.0,0.03699349820698568,0,0.0,0.0,0.03699349820698568,"{""not_initialized"": 100}",nan,nan,nan,nan,0,100,nan,nan,nan,0.0,0.0,0.03699349820698568,0,linear,whole_base_sequence,nan,nan,6,0,0,nan,nan,nan,2,True,9.827899979427457e-05,0.0,nan,nan,nan,nan,1.4986959967099542,True,True,True,45.0,45,45,45.0,45,45,0.0,0,0,1.22,0,4,0.0,0,0,0.0,0,0,0.0,0,0,0.0,0,0,0.0,0,0,1.22,0,4
poorly_conditioned,long_delay,retarded_ekf,True,10.0,100,100,0,1.0,0.9630065017930143,1.0,100,1.0,0.9630065017930143,1.0,{},0.5954027198722319,1.0322033718542805,0.09643439872804072,0.1637655063475692,100,100,0.96,0.9016292856411208,0.9843366960084523,0.96,0.9016292856411208,0.9843366960084523,96,linear,whole_base_sequence,6.1016549867807965,12.045418499528436,6,217,0,1.9243373369058838,5.396461251685572,0.9585253456221198,2,True,0.00500858500105096,0.0017506900010630488,0.0,0.0002330115090659995,791.3805004966323,1167.375248914381,9.998565824921238,True,True,True,45.0,45,45,45.0,45,45,0.0,0,0,32.53,30,35,32.53,30,35,6.0,6,6,26.53,24,29,0.0,0,0,0.0,0,0,0.0,0,0
poorly_conditioned,long_delay,retarded_ekf,True,10.5,100,100,0,1.0,0.9630065017930143,1.0,100,1.0,0.9630065017930143,1.0,{},0.5552386214264449,0.8926800635932215,0.08533944281708704,0.1360662681005552,100,100,0.95,0.8882495307680808,0.9784563208456319,0.95,0.8882495307680808,0.9784563208456319,95,linear,whole_base_sequence,6.163713293291505,12.396779881597189,6,193,0,2.0944878305973877,6.555222080933394,0.9326424870466321,2,True,0.004535872999113053,0.0015031920003821142,0.0,0.00020204918944808018,832.958118626111,1321.9346999021757,10.498588214663126,True,True,True,45.0,45,45,45.0,45,45,0.0,0,0,34.46,31,37,34.46,31,37,6.0,6,6,28.46,25,31,0.0,0,0,0.0,0,0,0.0,0,0
poorly_conditioned,long_delay,retarded_ekf,True,11.0,100,100,0,1.0,0.9630065017930143,1.0,100,1.0,0.9630065017930143,1.0,{},0.5106628058657979,0.8669294956828818,0.07562397006824453,0.1250775461207129,100,100,0.94,0.8752318455410406,0.9722138760368118,0.94,0.8752318455410406,0.9722138760368118,94,linear,whole_base_sequence,5.987533016241008,12.845653069132,6,197,0,2.109160166141538,6.049141441797017,0.9441624365482234,2,True,0.005071679999819025,0.0016348359978292136,0.0,0.00017654955201027592,860.8446694669178,1269.637953384247,10.996864462691061,True,True,True,45.0,45,45,45.0,45,45,0.0,0,0,36.43,34,39,36.43,34,39,6.0,6,6,30.43,28,33,0.0,0,0,0.0,0,0,0.0,0,0
poorly_conditioned,long_delay,retarded_ekf,True,11.5,100,100,0,1.0,0.9630065017930143,1.0,100,1.0,0.9630065017930143,1.0,{},0.4975634928586293,0.8510337485082716,0.06991974164127072,0.11505028804591495,100,100,0.94,0.8752318455410406,0.9722138760368118,0.94,0.8752318455410406,0.9722138760368118,94,linear,whole_base_sequence,5.927922010785507,13.083820617932576,6,190,0,2.2647127449629667,5.790692539530536,0.9526315789473684,2,True,0.004880246999382507,0.0015236100016045384,0.0,0.00015507619833078724,935.0365441480617,1404.7049791589052,11.498924757029135,True,True,True,45.0,45,45,45.0,45,45,0.0,0,0,38.33,35,41,38.33,35,41,6.0,6,6,32.33,29,35,0.0,0,0,0.0,0,0,0.0,0,0
poorly_conditioned,long_delay,retarded_ekf,True,12.0,100,100,0,1.0,0.9630065017930143,1.0,100,1.0,0.9630065017930143,1.0,{},0.4927414780709471,0.7724054380673645,0.06541167169285445,0.10237188162594399,100,100,0.94,0.8752318455410406,0.9722138760368118,0.94,0.8752318455410406,0.9722138760368118,94,linear,whole_base_sequence,6.001614049828249,12.932543135898984,6,152,0,2.019460526554611,5.296204825268476,0.9736842105263158,2,True,0.0040759489990887235,0.0012222250018385239,0.0,0.00013713899315293164,1036.698064160617,1356.5408966011778,11.999971546500843,True,True,True,45.0,45,45,45.0,45,45,0.0,0,0,39.85,37,42,39.85,37,42,6.0,6,6,33.85,31,36,0.0,0,0,0.0,0,0,0.0,0,0
poorly_conditioned,long_delay,retarded_ekf,True,12.5,100,100,0,1.0,0.9630065017930143,1.0,100,1.0,0.9630065017930143,1.0,{},0.49610384206542996,0.7568326199090282,0.06341617534844973,0.10226405981916431,100,100,0.95,0.8882495307680808,0.9784563208456319,0.95,0.8882495307680808,0.9784563208456319,95,linear,whole_base_sequence,6.159828262283355,12.099152895413994,6,192,0,2.373776458151472,6.905516306214035,0.9166666666666666,2,True,0.005207514998910483,0.0015488129985169507,0.0,0.0001218442291142097,1113.4426491555882,1441.3051559218018,12.498780461157049,True,True,True,45.0,45,45,45.0,45,45,0.0,0,0,41.77,39,44,41.77,39,44,6.0,6,6,35.77,33,38,0.0,0,0,0.0,0,0,0.0,0,0
poorly_conditioned,long_delay,retarded_ekf,True,14.5,100,100,0,1.0,0.9630065017930143,1.0,100,1.0,0.9630065017930143,1.0,{},0.5358229634301654,0.850154582085839,0.056991861524679825,0.09000765281369492,100,100,0.94,0.8752318455410406,0.9722138760368118,0.94,0.8752318455410406,0.9722138760368118,94,linear,whole_base_sequence,6.242981171427537,12.666771114285106,6,323,0,2.256299105196505,7.563612933304613,0.9071207430340558,2,True,0.008866774997441098,0.002595409996865783,0.0,7.953791972324146e-05,2058.7944995295893,2380.084618216894,14.091743531784005,True,True,True,45.0,45,45,45.0,45,45,0.0,0,0,45.0,45,45,45.0,45,45,6.0,6,6,39.0,39,39,0.0,0,0,0.0,0,0,0.0,0,0
poorly_conditioned,long_delay,retarded_ekf,True,2.0,100,1,99,0.01,0.0017674320641406505,0.054486196178705315,1,0.01,0.0017674320641406505,0.054486196178705315,"{""not_initialized"": 99}",1.1124072877742779,1.1124072877742779,0.9278868285163409,0.9278868285163409,1,100,1.0,0.20654931437723745,1.0,0.01,0.0017674320641406505,0.054486196178705315,1,linear,whole_base_sequence,4.285144957462143,4.285144957462143,6,0,0,nan,nan,nan,2,True,0.0007798770003137179,0.0,0.0,0.024765106956566144,113.83708116501373,113.83708116501373,1.9901179029358227,True,True,True,45.0,45,45,45.0,45,45,0.0,0,0,2.62,0,6,0.06,0,6,0.06,0,6,0.0,0,0,0.0,0,0,0.0,0,0,2.56,0,5
poorly_conditioned,long_delay,retarded_ekf,True,2.5,100,12,88,0.12,0.06999406437019488,0.19812099426711421,12,0.12,0.06999406437019488,0.19812099426711421,"{""not_initialized"": 88}",1.9033694240095667,2.9401138213228752,1.2007884018635155,1.896746069793092,12,100,0.8333333333333334,0.5519691377470266,0.9530348578161463,0.1,0.0552291370606751,0.17436566150491345,10,linear,whole_base_sequence,7.073234408776984,13.161741662630474,6,4,0,2.578380686639486,4.331293408426999,1.0,2,True,0.007294676001765765,3.176599973812699e-05,0.0,0.012844656572514362,281.67544597989286,303.438198931241,2.4970770119669234,True,True,True,45.0,45,45,45.0,45,45,0.0,0,0,4.35,2,7,0.76,0,7,0.72,0,6,0.04,0,1,0.0,0,0,0.0,0,0,3.59,0,5
poorly_conditioned,long_delay,retarded_ekf,True,3.0,100,77,23,0.77,0.6784561697712622,0.8415673411969654,77,0.77,0.6784561697712622,0.8415673411969654,"{""not_initialized"": 23}",2.0445099048232813,3.7742109833838717,0.9429179576875302,1.6369549255311964,77,100,0.987012987012987,0.9300380108531947,0.9977037827028759,0.76,0.6676766365018553,0.8330867444305122,76,linear,whole_base_sequence,5.389527966736689,10.913470353995743,6,55,0,2.0045947597151392,5.265487561916326,0.9636363636363636,2,True,0.040346250000875446,0.0004398480005329475,0.0,0.00800951328134242,315.79218135642697,1292.0790280347428,2.98972735136801,True,True,True,45.0,45,45,45.0,45,45,0.0,0,0,6.31,4,9,5.21,0,9,4.62,0,6,0.59,0,3,0.0,0,0,0.0,0,0,1.1,0,5
poorly_conditioned,long_delay,retarded_ekf,True,3.5,100,100,0,1.0,0.9630065017930143,1.0,100,1.0,0.9630065017930143,1.0,{},1.845652351430632,3.1665474879936393,0.7154339347216935,1.2113949642426476,100,100,0.97,0.9154806357094724,0.9897454759759611,0.97,0.9154806357094724,0.9897454759759611,97,linear,whole_base_sequence,5.63309323918198,12.198637274691794,6,154,0,1.9150788205584353,5.6172745412296585,0.9545454545454546,2,True,0.01691787999938242,0.0012588450012844987,0.0,0.005199526626500591,459.2058447871264,2584.3145699624406,3.488440849102174,True,True,True,45.0,45,45,45.0,45,45,0.0,0,0,8.13,6,11,8.13,6,11,6.0,6,6,2.13,0,5,0.0,0,0,0.0,0,0,0.0,0,0
poorly_conditioned,long_delay,retarded_ekf,True,4.0,100,100,0,1.0,0.9630065017930143,1.0,100,1.0,0.9630065017930143,1.0,{},1.5801509420129105,2.729737881913425,0.550281831267956,0.9266754196711141,100,100,0.94,0.8752318455410406,0.9722138760368118,0.94,0.8752318455410406,0.9722138760368118,94,linear,whole_base_sequence,5.929744338061888,13.377005292364714,6,173,0,1.7568347407913936,4.664945326828601,0.976878612716763,2,True,0.002517729000246618,0.0014101509991451167,0.0,0.003524302677074442,388.3111459188815,2519.395962110917,3.9999059011848614,True,True,True,45.0,45,45,45.0,45,45,0.0,0,0,9.86,7,13,9.86,7,13,6.0,6,6,3.86,1,7,0.0,0,0,0.0,0,0,0.0,0,0
poorly_conditioned,long_delay,retarded_ekf,True,4.5,100,100,0,1.0,0.9630065017930143,1.0,100,1.0,0.9630065017930143,1.0,{},1.289819756100569,2.302494675966115,0.42426057419670227,0.6894339084265838,100,100,0.94,0.8752318455410406,0.9722138760368118,0.94,0.8752318455410406,0.9722138760368118,94,linear,whole_base_sequence,5.705666226158541,13.438661731295278,6,196,0,2.0957369382644915,6.741057688934283,0.9336734693877551,2,True,0.0029033999994862825,0.001554090999707114,0.0,0.0025204941999334854,411.9215636052743,1197.0235631483072,4.497413764478235,True,True,True,45.0,45,45,45.0,45,45,0.0,0,0,11.82,9,15,11.82,9,15,6.0,6,6,5.82,3,9,0.0,0,0,0.0,0,0,0.0,0,0
poorly_conditioned,long_delay,retarded_ekf,True,5.0,100,100,0,1.0,0.9630065017930143,1.0,100,1.0,0.9630065017930143,1.0,{},1.1085795678238883,1.9287994849943597,0.3382851579660272,0.6362317197864902,100,100,0.94,0.8752318455410406,0.9722138760368118,0.94,0.8752318455410406,0.9722138760368118,94,linear,whole_base_sequence,5.652223703314406,13.113764313702283,6,194,0,1.8127628347421563,6.464196545762128,0.9432989690721649,2,True,0.003137498999712989,0.0015963980005471968,0.0,0.0018385727816859624,381.86139985921756,1129.2983252983938,4.999919483603366,True,True,True,45.0,45,45,45.0,45,45,0.0,0,0,13.76,11,17,13.76,11,17,6.0,6,6,7.76,5,11,0.0,0,0,0.0,0,0,0.0,0,0
poorly_conditioned,long_delay,retarded_ekf,True,5.5,100,100,0,1.0,0.9630065017930143,1.0,100,1.0,0.9630065017930143,1.0,{},1.0160431076492777,1.809937363031879,0.2840408724492352,0.47418293531211664,100,100,0.93,0.8625048526092651,0.9656807389327273,0.93,0.8625048526092651,0.9656807389327273,93,linear,whole_base_sequence,5.995733812722051,12.977808170094168,6,168,0,1.8743051599062541,6.109696871868202,0.9464285714285714,2,True,0.002873097999836318,0.001381097003177274,0.0,0.0013847485609715417,445.1700453167525,1173.1905732876075,5.49715189428616,True,True,True,45.0,45,45,45.0,45,45,0.0,0,0,15.44,12,18,15.44,12,18,6.0,6,6,9.44,6,12,0.0,0,0,0.0,0,0,0.0,0,0
poorly_conditioned,long_delay,retarded_ekf,True,6.0,100,100,0,1.0,0.9630065017930143,1.0,100,1.0,0.9630065017930143,1.0,{},0.8838170166714231,1.3175548880930124,0.22426324120086755,0.3788890003642837,100,100,0.92,0.8500189229905127,0.9589065385156194,0.92,0.8500189229905127,0.9589065385156194,92,linear,whole_base_sequence,5.9619438398314175,13.993606904772905,6,209,0,1.982264076779763,6.31020202641553,0.9425837320574163,2,True,0.003642295000317972,0.0016985920030856505,0.0,0.0010672904085170507,473.45151670271025,1140.3550721222032,5.994279169107563,True,True,True,45.0,45,45,45.0,45,45,0.0,0,0,17.53,15,20,17.53,15,20,6.0,6,6,11.53,9,14,0.0,0,0,0.0,0,0,0.0,0,0
poorly_conditioned,long_delay,retarded_ekf,True,6.5,100,100,0,1.0,0.9630065017930143,1.0,100,1.0,0.9630065017930143,1.0,{},0.7988258223798318,1.2105528655336444,0.19150599972417337,0.30961063231456276,100,100,0.93,0.8625048526092651,0.9656807389327273,0.93,0.8625048526092651,0.9656807389327273,93,linear,whole_base_sequence,5.7459164056680905,13.596851044234596,6,155,0,1.9460993430989455,5.359701791081682,0.9612903225806452,2,True,0.002827026998565998,0.0012490289998822845,0.0,0.0008458689737048913,546.6638205994275,1001.8286016514006,6.4954927612156865,True,True,True,45.0,45,45,45.0,45,45,0.0,0,0,19.08,17,22,19.08,17,22,6.0,6,6,13.08,11,16,0.0,0,0,0.0,0,0,0.0,0,0
poorly_conditioned,long_delay,retarded_ekf,True,7.0,100,100,0,1.0,0.9630065017930143,1.0,100,1.0,0.9630065017930143,1.0,{},0.7016806744992148,1.185365902444003,0.16272739992555027,0.2748680065446017,100,100,0.94,0.8752318455410406,0.9722138760368118,0.94,0.8752318455410406,0.9722138760368118,94,linear,whole_base_sequence,5.473247470411379,13.59283953420067,6,187,0,1.9380289104486823,5.818493067573115,0.9518716577540107,2,True,0.0035064730016165415,0.0015026720019523055,0.0,0.0006722016217858757,566.2043041420402,992.0535907160138,6.996426307996707,True,True,True,45.0,45,45,45.0,45,45,0.0,0,0,20.95,19,24,20.95,19,24,6.0,6,6,14.95,13,18,0.0,0,0,0.0,0,0,0.0,0,0
poorly_conditioned,long_delay,retarded_ekf,True,7.5,100,100,0,1.0,0.9630065017930143,1.0,100,1.0,0.9630065017930143,1.0,{},0.663456484351081,1.0986189675007778,0.1438354433016101,0.2572024589279206,100,100,0.94,0.8752318455410406,0.9722138760368118,0.94,0.8752318455410406,0.9722138760368118,94,linear,whole_base_sequence,5.494476540519827,12.997387329642656,6,186,0,1.8988967433386033,6.587339629600648,0.9408602150537635,2,True,0.003689534998848103,0.0015238929985207505,0.0,0.0005457868036183193,623.4159754731627,1115.6782493830462,7.49906661390331,True,True,True,45.0,45,45,45.0,45,45,0.0,0,0,22.81,21,26,22.81,21,26,6.0,6,6,16.81,15,20,0.0,0,0,0.0,0,0,0.0,0,0
poorly_conditioned,long_delay,retarded_ekf,True,8.0,100,100,0,1.0,0.9630065017930143,1.0,100,1.0,0.9630065017930143,1.0,{},0.6341567537349716,1.0947424421937793,0.12678116931896433,0.2171167324865401,100,100,0.95,0.8882495307680808,0.9784563208456319,0.95,0.8882495307680808,0.9784563208456319,95,linear,whole_base_sequence,5.637501935274575,11.732958407854069,6,189,0,2.1731102868269754,7.370247398417512,0.9365079365079365,2,True,0.003823913000233006,0.001519594997225795,0.0,0.00045215388326339743,641.5198844854713,1081.1102599897517,7.996242383560704,True,True,True,45.0,45,45,45.0,45,45,0.0,0,0,24.7,22,27,24.7,22,27,6.0,6,6,18.7,16,21,0.0,0,0,0.0,0,0,0.0,0,0
poorly_conditioned,long_delay,retarded_ekf,True,8.5,100,100,0,1.0,0.9630065017930143,1.0,100,1.0,0.9630065017930143,1.0,{},0.640115644409585,1.0801206604212232,0.12243502450081865,0.21553933884959167,100,100,0.96,0.9016292856411208,0.9843366960084523,0.96,0.9016292856411208,0.9843366960084523,96,linear,whole_base_sequence,5.9116785921721835,12.498960563996794,6,211,0,2.213715960528817,6.2713907432179585,0.943127962085308,2,True,0.004590181999956258,0.0017513679989497176,0.0,0.00037656725564183644,641.0942093794454,971.8696142158277,8.49782691539859,True,True,True,45.0,45,45,45.0,45,45,0.0,0,0,26.81,25,30,26.81,25,30,6.0,6,6,20.81,19,24,0.0,0,0,0.0,0,0,0.0,0,0
poorly_conditioned,long_delay,retarded_ekf,True,9.0,100,100,0,1.0,0.9630065017930143,1.0,100,1.0,0.9630065017930143,1.0,{},0.6276742442725751,1.068582999832698,0.111807453585072,0.18905834284078127,100,100,0.94,0.8752318455410406,0.9722138760368118,0.94,0.8752318455410406,0.9722138760368118,94,linear,whole_base_sequence,6.022768831350816,12.8201889033261,6,190,0,1.932324474394423,5.583365326892172,0.9578947368421052,2,True,0.004312594000948593,0.0015842589995008892,0.0,0.0003189342634701382,717.1756207962712,1101.7296728625213,8.999811820666093,True,True,True,45.0,45,45,45.0,45,45,0.0,0,0,28.71,26,32,28.71,26,32,6.0,6,6,22.71,20,26,0.0,0,0,0.0,0,0,0.0,0,0
poorly_conditioned,long_delay,retarded_ekf,True,9.5,100,100,0,1.0,0.9630065017930143,1.0,100,1.0,0.9630065017930143,1.0,{},0.5863708503550853,1.0164821995821196,0.09923458490045932,0.16766565131161726,100,100,0.97,0.9154806357094724,0.9897454759759611,0.97,0.9154806357094724,0.9897454759759611,97,linear,whole_base_sequence,5.902229098484407,11.623380385635611,6,165,0,1.889580770377823,5.048935499975171,0.9696969696969697,2,True,0.003924519999418408,0.001382248003501445,0.0,0.0002724954381946569,738.2635861424325,1212.0923641938373,9.486306654915474,True,True,True,45.0,45,45,45.0,45,45,0.0,0,0,30.36,27,33,30.36,27,33,6.0,6,6,24.36,21,27,0.0,0,0,0.0,0,0,0.0,0,0
poorly_conditioned,mixed,causal_prefix_batch,True,0.0,100,0,100,0.0,0.0,0.03699349820698568,0,0.0,0.0,0.03699349820698568,"{""insufficient_measurements"": 100}",nan,nan,nan,nan,0,100,nan,nan,nan,0.0,0.0,0.03699349820698568,0,linear,whole_base_sequence,nan,nan,6,0,0,nan,nan,nan,2,True,4.642499872716144e-05,0.0,nan,nan,nan,nan,nan,True,True,False,45.0,45,45,35.56,29,40,9.44,5,16,0.0,0,0,0.0,0,0,0.0,0,0,0.0,0,0,0.0,0,0,0.0,0,0,0.0,0,0
poorly_conditioned,mixed,causal_prefix_batch,True,0.5,100,0,100,0.0,0.0,0.03699349820698568,0,0.0,0.0,0.03699349820698568,"{""insufficient_measurements"": 100}",nan,nan,nan,nan,0,100,nan,nan,nan,0.0,0.0,0.03699349820698568,0,linear,whole_base_sequence,nan,nan,6,0,0,nan,nan,nan,2,True,3.5335997818037865e-05,0.0,nan,nan,nan,nan,nan,True,True,False,45.0,45,45,35.56,29,40,9.44,5,16,0.0,0,0,0.0,0,0,0.0,0,0,0.0,0,0,0.0,0,0,0.0,0,0,0.0,0,0
poorly_conditioned,mixed,causal_prefix_batch,True,1.0,100,0,100,0.0,0.0,0.03699349820698568,0,0.0,0.0,0.03699349820698568,"{""insufficient_measurements"": 100}",nan,nan,nan,nan,0,100,nan,nan,nan,0.0,0.0,0.03699349820698568,0,linear,whole_base_sequence,nan,nan,6,0,0,nan,nan,nan,2,True,3.421100089326501e-05,0.0,nan,nan,nan,nan,0.9977430675555341,True,True,False,45.0,45,45,35.56,29,40,9.44,5,16,0.22,0,2,0.22,0,2,0.0,0,0,0.0,0,0,0.0,0,0,0.0,0,0,0.0,0,0
poorly_conditioned,mixed,causal_prefix_batch,True,1.5,100,2,98,0.02,0.00550196755016235,0.07001179072854388,2,0.02,0.00550196755016235,0.07001179072854388,"{""insufficient_local_observability"": 1, ""insufficient_measurements"": 97}",102.62794727342309,136.88731358178956,105.98895352113882,141.3208290115114,2,100,1.0,0.34238022750665303,1.0,0.02,0.00550196755016235,0.07001179072854388,2,linear,whole_base_sequence,3.4076693993843707,4.51195854619982,6,0,0,nan,nan,nan,2,True,0.026415630000119563,0.0,0.0,0.055357152501518,3842314.098933256,5967737.731078856,1.497483007094679,True,True,False,45.0,45,45,35.56,29,40,9.44,5,16,0.9,0,3,0.9,0,3,0.0,0,0,0.0,0,0,0.0,0,0,0.0,0,0,0.0,0,0
poorly_conditioned,mixed,causal_prefix_batch,True,10.0,100,96,4,0.96,0.9016292856411208,0.9843366960084523,96,0.96,0.9016292856411208,0.9843366960084523,"{""projected_kkt_not_satisfied"": 4}",4.5802005224190845,8.663940790989741,0.8686882079467181,1.7496861265638497,96,100,0.21875,0.14776345080877545,0.31137906736116716,0.21,0.141656540619153,0.29979968834089865,21,linear,whole_base_sequence,484.83605251376713,1735.5461173872711,6,0,0,nan,nan,nan,2,True,0.23945240099739748,0.0,0.0,0.00021714227009707633,857.4142412993231,1762.339612933915,9.998565824921238,True,True,False,45.0,45,45,35.56,29,40,9.44,5,16,25.67,20,30,25.67,20,30,0.0,0,0,0.0,0,0,0.0,0,0,0.0,0,0,0.0,0,0
poorly_conditioned,mixed,causal_prefix_batch,True,10.5,100,93,7,0.93,0.8625048526092651,0.9656807389327273,93,0.93,0.8625048526092651,0.9656807389327273,"{""projected_kkt_not_satisfied"": 7}",4.441990689317776,9.255143810469148,0.7765538771786169,1.6535702972128166,93,100,0.21505376344086022,0.14375022006940472,0.30896351797814325,0.2,0.1333669333310325,0.2888291655931589,20,linear,whole_base_sequence,461.19519486991624,1653.413794271568,6,0,0,nan,nan,nan,2,True,0.25551866000139856,0.0,0.0,0.00018967891910322266,887.3440803484705,1895.671022975872,10.498588214663126,True,True,False,45.0,45,45,35.56,29,40,9.44,5,16,27.26,21,32,27.26,21,32,0.0,0,0,0.0,0,0,0.0,0,0,0.0,0,0,0.0,0,0
poorly_conditioned,mixed,causal_prefix_batch,True,11.0,100,97,3,0.97,0.9154806357094724,0.9897454759759611,97,0.97,0.9154806357094724,0.9897454759759611,"{""projected_kkt_not_satisfied"": 3}",4.5836520817686095,9.747191050163268,0.7419627681918872,1.6029027568006964,97,100,0.17525773195876287,0.1124005444575961,0.26285641099740076,0.17,0.10893566114059931,0.25548004767601123,17,linear,whole_base_sequence,464.91979962065756,1622.6724283190601,6,0,0,nan,nan,nan,2,True,0.2648507119977148,0.0,0.0,0.00016665014638122126,938.2678958347091,2408.607213891825,10.996864462691061,True,True,False,45.0,45,45,35.56,29,40,9.44,5,16,28.78,22,34,28.78,22,34,0.0,0,0,0.0,0,0,0.0,0,0,0.0,0,0,0.0,0,0
poorly_conditioned,mixed,causal_prefix_batch,True,11.5,100,95,5,0.95,0.8882495307680808,0.9784563208456319,95,0.95,0.8882495307680808,0.9784563208456319,"{""projected_kkt_not_satisfied"": 5}",4.585786398037987,9.561550903462052,0.728360547067778,1.3678129564127701,95,100,0.15789473684210525,0.09808516244102737,0.24429605313861202,0.15,0.0930598528365663,0.23283559590832364,15,linear,whole_base_sequence,467.6901206389109,1769.678684605209,6,0,0,nan,nan,nan,2,True,0.27893518799945016,0.0,0.0,0.0001475542299846374,965.0075193612545,1886.7122368895332,11.498924757029135,True,True,False,45.0,45,45,35.56,29,40,9.44,5,16,30.27,23,35,30.27,23,35,0.0,0,0,0.0,0,0,0.0,0,0,0.0,0,0,0.0,0,0
poorly_conditioned,mixed,causal_prefix_batch,True,12.0,100,92,8,0.92,0.8500189229905127,0.9589065385156194,92,0.92,0.8500189229905127,0.9589065385156194,"{""projected_kkt_not_satisfied"": 8}",4.494165706822807,8.464280572227871,0.6984601486664558,1.319023797453922,92,100,0.17391304347826086,0.10998169662501704,0.26398442682212747,0.16,0.10095288488804782,0.24420269389270244,16,linear,whole_base_sequence,499.7951221007971,1848.1659148336353,6,0,0,nan,nan,nan,2,True,0.2962742719997186,0.0,0.0,0.00013142239580753875,1073.3655927912516,2135.4086378721267,11.999315539003593,True,True,False,45.0,45,45,35.56,29,40,9.44,5,16,31.5,24,36,31.5,24,36,0.0,0,0,0.0,0,0,0.0,0,0,0.0,0,0,0.0,0,0
poorly_conditioned,mixed,causal_prefix_batch,True,12.5,100,93,7,0.93,0.8625048526092651,0.9656807389327273,93,0.93,0.8625048526092651,0.9656807389327273,"{""projected_kkt_not_satisfied"": 7}",4.028823641906499,6.648010390715582,0.5989601057430052,1.0642802499791608,93,100,0.1827956989247312,0.11737896085455078,0.27337784187762526,0.17,0.10893566114059931,0.25548004767601123,17,linear,whole_base_sequence,419.0775149084103,1359.7727478654424,6,0,0,nan,nan,nan,2,True,0.30762553299951834,0.0,0.0,0.0001176582306005821,1172.4940648630811,2644.690793363276,12.498780461157049,True,True,False,45.0,45,45,35.56,29,40,9.44,5,16,33.09,26,38,33.09,26,38,0.0,0,0,0.0,0,0,0.0,0,0,0.0,0,0,0.0,0,0
poorly_conditioned,mixed,causal_prefix_batch,True,14.5,100,97,3,0.97,0.9154806357094724,0.9897454759759611,97,0.97,0.9154806357094724,0.9897454759759611,"{""projected_kkt_not_satisfied"": 3}",4.466102696583636,8.908290623631235,0.556755077135117,1.1435796629188735,97,100,0.15463917525773196,0.09601122102239842,0.2395795093821221,0.15,0.0930598528365663,0.23283559590832364,15,linear,whole_base_sequence,467.7936510440089,1573.5038738299315,6,0,0,nan,nan,nan,2,True,0.33809247100056383,0.0,0.0,7.90287446028248e-05,2221.2156588089233,4539.924510266795,14.091743531784005,True,True,False,45.0,45,45,35.56,29,40,9.44,5,16,35.56,29,40,35.56,29,40,0.0,0,0,0.0,0,0,0.0,0,0,0.0,0,0,0.0,0,0
poorly_conditioned,mixed,causal_prefix_batch,True,2.0,100,14,86,0.14,0.08526343659939134,0.22137188210963837,14,0.14,0.08526343659939134,0.22137188210963837,"{""insufficient_local_observability"": 10, ""insufficient_measurements"": 70, ""optimization_error:ValueError"": 2, ""projected_kkt_not_satisfied"": 4}",64.87774094927262,138.75364922420027,44.13439575461982,96.06105268823026,14,100,0.8571428571428571,0.6005862050302965,0.9599060787285351,0.12,0.06999406437019488,0.19812099426711421,12,linear,whole_base_sequence,10.168438855945237,31.02464975654864,6,0,0,nan,nan,nan,2,True,0.19999510600056966,0.0,0.0,0.015257519327202967,653299.5564453733,860442280.7089543,1.9901179029358227,True,True,False,45.0,45,45,35.56,29,40,9.44,5,16,2.01,0,5,2.01,0,5,0.0,0,0,0.0,0,0,0.0,0,0,0.0,0,0,0.0,0,0
poorly_conditioned,mixed,causal_prefix_batch,True,2.5,100,57,43,0.57,0.47215389549212305,0.6626670147588988,57,0.57,0.47215389549212305,0.6626670147588988,"{""insufficient_local_observability"": 13, ""insufficient_measurements"": 25, ""optimization_error:ValueError"": 4, ""projected_kkt_not_satisfied"": 1}",97.94847985805741,104.62660753790108,48.04319662476346,48.56942222971569,57,100,0.8070175438596491,0.6865930975223603,0.8886725301994945,0.46,0.36560808309024106,0.5573513967663177,46,linear,whole_base_sequence,315.26222405987176,2599.785350549208,6,0,0,nan,nan,nan,2,True,0.4715409760005423,0.0,0.0,0.0009253333505772921,560.2733904316239,1230515795.2523682,2.4970770119669234,True,True,False,45.0,45,45,35.56,29,40,9.44,5,16,3.42,0,6,3.42,0,6,0.0,0,0,0.0,0,0,0.0,0,0,0.0,0,0,0.0,0,0
poorly_conditioned,mixed,causal_prefix_batch,True,3.0,100,85,15,0.85,0.7671644040916763,0.9069401471634337,85,0.85,0.7671644040916763,0.9069401471634337,"{""insufficient_local_observability"": 4, ""insufficient_measurements"": 5, ""optimization_error:ValueError"": 1, ""projected_kkt_not_satisfied"": 5}",40.4703396520012,56.50437996137012,18.02871331613574,29.946258537139663,85,100,0.7764705882352941,0.6770648583572626,0.851967427063203,0.66,0.5627772885472462,0.7453847920265184,66,linear,whole_base_sequence,396.84253759936587,2670.9536881406566,6,0,0,nan,nan,nan,2,True,0.24091353999829151,0.0,0.0,0.005577731078142915,657.1506507497161,2251959.776787472,2.98972735136801,True,True,False,45.0,45,45,35.56,29,40,9.44,5,16,4.95,2,8,4.95,2,8,0.0,0,0,0.0,0,0,0.0,0,0,0.0,0,0,0.0,0,0
poorly_conditioned,mixed,causal_prefix_batch,True,3.5,100,96,4,0.96,0.9016292856411208,0.9843366960084523,96,0.96,0.9016292856411208,0.9843366960084523,"{""insufficient_local_observability"": 1, ""insufficient_measurements"": 1, ""projected_kkt_not_satisfied"": 2}",19.840850538692997,41.812122961490616,9.220465073381012,22.346069578914673,96,100,0.7083333333333334,0.6108010969781356,0.7898340747478333,0.68,0.5833738138954762,0.7633085267500092,68,linear,whole_base_sequence,484.8971783928677,2717.603661500442,6,0,0,nan,nan,nan,2,True,0.07982683800102677,0.0,0.0,0.003860484949666605,576.1010267504225,2429167.1954649985,3.488440849102174,True,True,False,45.0,45,45,35.56,29,40,9.44,5,16,6.35,2,10,6.35,2,10,0.0,0,0,0.0,0,0,0.0,0,0,0.0,0,0,0.0,0,0
poorly_conditioned,mixed,causal_prefix_batch,True,4.0,100,97,3,0.97,0.9154806357094724,0.9897454759759611,97,0.97,0.9154806357094724,0.9897454759759611,"{""projected_kkt_not_satisfied"": 3}",41.5899003733772,50.51490189036352,14.677662568459176,17.78572904271074,97,100,0.5979381443298969,0.4984365350063288,0.6899780339834339,0.58,0.4820648670304296,0.6720161732564526,58,linear,whole_base_sequence,920.6915397500763,3873.8024095100377,6,0,0,nan,nan,nan,2,True,0.08258091899711871,0.0,0.0,0.0026613171760529095,498.3506281335465,23668.858590603624,3.9999059011848614,True,True,False,45.0,45,45,35.56,29,40,9.44,5,16,7.67,4,11,7.67,4,11,0.0,0,0,0.0,0,0,0.0,0,0,0.0,0,0,0.0,0,0
poorly_conditioned,mixed,causal_prefix_batch,True,4.5,100,100,0,1.0,0.9630065017930143,1.0,100,1.0,0.9630065017930143,1.0,{},16.29178937464571,36.878766850932635,5.3450773351929,11.80503713284674,100,100,0.52,0.4231657776522397,0.615354482419481,0.52,0.4231657776522397,0.615354482419481,52,linear,whole_base_sequence,770.0095921052165,3484.7647312272043,6,0,0,nan,nan,nan,2,True,0.09839164200122469,0.0,0.0,0.0020380426199392773,444.1023998783993,31512.51207929022,4.4973361719956175,True,True,False,45.0,45,45,35.56,29,40,9.44,5,16,9.2,6,13,9.2,6,13,0.0,0,0,0.0,0,0,0.0,0,0,0.0,0,0,0.0,0,0
poorly_conditioned,mixed,causal_prefix_batch,True,5.0,100,96,4,0.96,0.9016292856411208,0.9843366960084523,96,0.96,0.9016292856411208,0.9843366960084523,"{""projected_kkt_not_satisfied"": 4}",13.654558570120978,30.430450388673236,4.165354587131034,8.797933437038587,96,100,0.46875,0.3720607443853214,0.5678439798557835,0.45,0.3561453797951198,0.5475539700255787,45,linear,whole_base_sequence,731.8305870510708,3110.2098026686954,6,0,0,nan,nan,nan,2,True,0.10762837400077842,0.0,0.0,0.0014672729483240067,452.5899173329083,4525.349153728243,4.999919483603366,True,True,False,45.0,45,45,35.56,29,40,9.44,5,16,10.7,7,14,10.7,7,14,0.0,0,0,0.0,0,0,0.0,0,0,0.0,0,0,0.0,0,0
poorly_conditioned,mixed,causal_prefix_batch,True,5.5,100,93,7,0.93,0.8625048526092651,0.9656807389327273,93,0.93,0.8625048526092651,0.9656807389327273,"{""projected_kkt_not_satisfied"": 7}",14.56288028565463,30.13002920360053,3.70337508352433,7.88468956352459,93,100,0.46236559139784944,0.3645462130759074,0.5631706957228254,0.43,0.33733298524110106,0.5278461045078768,43,linear,whole_base_sequence,640.3011534384649,2554.8904391699066,6,0,0,nan,nan,nan,2,True,0.11889681300061056,0.0,0.0,0.0011110850631126615,526.3287397187902,1925.571599759821,5.494898107819411,True,True,False,45.0,45,45,35.56,29,40,9.44,5,16,12.04,8,16,12.04,8,16,0.0,0,0,0.0,0,0,0.0,0,0,0.0,0,0,0.0,0,0
poorly_conditioned,mixed,causal_prefix_batch,True,6.0,100,95,5,0.95,0.8882495307680808,0.9784563208456319,95,0.95,0.8882495307680808,0.9784563208456319,"{""projected_kkt_not_satisfied"": 5}",12.51595952088114,27.518841714298887,2.9760404869543464,6.298696473495635,95,100,0.43157894736842106,0.3365583329880693,0.5319179101278586,0.41,0.3186731302113651,0.5079856994658921,41,linear,whole_base_sequence,607.961442500726,2442.421745472499,6,0,0,nan,nan,nan,2,True,0.13466248399956385,0.0,0.0,0.0008712743368290962,505.3058112886516,2987.869312225342,5.994279169107563,True,True,False,45.0,45,45,35.56,29,40,9.44,5,16,13.77,9,19,13.77,9,19,0.0,0,0,0.0,0,0,0.0,0,0,0.0,0,0,0.0,0,0
poorly_conditioned,mixed,causal_prefix_batch,True,6.5,100,94,6,0.94,0.8752318455410406,0.9722138760368118,94,0.94,0.8752318455410406,0.9722138760368118,"{""projected_kkt_not_satisfied"": 6}",8.984517178966142,19.616376365445433,2.196640056760788,4.297664640169015,94,100,0.4148936170212766,0.32055034593510945,0.5159197947102598,0.39,0.3001687400639441,0.4879698295415926,39,linear,whole_base_sequence,570.6446511210613,2509.7118611758856,6,0,0,nan,nan,nan,2,True,0.1442563270009123,0.0,0.0,0.0007173407480407753,588.335505221869,1246.235539551775,6.4952761207870875,True,True,False,45.0,45,45,35.56,29,40,9.44,5,16,14.95,10,20,14.95,10,20,0.0,0,0,0.0,0,0,0.0,0,0,0.0,0,0,0.0,0,0
poorly_conditioned,mixed,causal_prefix_batch,True,7.0,100,96,4,0.96,0.9016292856411208,0.9843366960084523,96,0.96,0.9016292856411208,0.9843366960084523,"{""projected_kkt_not_satisfied"": 4}",8.7826864809252,20.168878967493484,2.058158818347182,4.266309457271502,96,100,0.375,0.2847260813834063,0.47489281558101265,0.36,0.2727122040140433,0.4576459754839126,36,linear,whole_base_sequence,574.7145596262664,2262.428843104381,6,0,0,nan,nan,nan,2,True,0.1587279910003417,0.0,0.0,0.0005914881201091507,631.4853375430207,1456.0274571000853,6.996426307996707,True,True,False,45.0,45,45,35.56,29,40,9.44,5,16,16.45,12,21,16.45,12,21,0.0,0,0,0.0,0,0,0.0,0,0,0.0,0,0,0.0,0,0
poorly_conditioned,mixed,causal_prefix_batch,True,7.5,100,94,6,0.94,0.8752318455410406,0.9722138760368118,94,0.94,0.8752318455410406,0.9722138760368118,"{""projected_kkt_not_satisfied"": 6}",7.342488831669635,15.182567771943644,1.6651606365814187,3.577220089721151,94,100,0.35106382978723405,0.26215483168433173,0.4516679144450646,0.33,0.24563122734128034,0.4269465620490947,33,linear,whole_base_sequence,524.0701580071991,2263.616065031393,6,0,0,nan,nan,nan,2,True,0.1732202929991763,0.0,0.0,0.0004943740223910346,666.8653923211828,1932.9535922726939,7.49906661390331,True,True,False,45.0,45,45,35.56,29,40,9.44,5,16,17.98,13,22,17.98,13,22,0.0,0,0,0.0,0,0,0.0,0,0,0.0,0,0,0.0,0,0
poorly_conditioned,mixed,causal_prefix_batch,True,8.0,100,94,6,0.94,0.8752318455410406,0.9722138760368118,94,0.94,0.8752318455410406,0.9722138760368118,"{""projected_kkt_not_satisfied"": 6}",6.703971597368848,13.849775935655867,1.4617322018344205,2.9798578827195423,94,100,0.30851063829787234,0.2242009454589739,0.407856870993107,0.29,0.2101483574912227,0.3853889117557111,29,linear,whole_base_sequence,513.1043475225115,2069.6541328266476,6,0,0,nan,nan,nan,2,True,0.1841954670008272,0.0,0.0,0.0004128519928658219,732.2485595653172,1395.5838700055572,7.996242383560704,True,True,False,45.0,45,45,35.56,29,40,9.44,5,16,19.42,15,24,19.42,15,24,0.0,0,0,0.0,0,0,0.0,0,0,0.0,0,0,0.0,0,0
poorly_conditioned,mixed,causal_prefix_batch,True,8.5,100,95,5,0.95,0.8882495307680808,0.9784563208456319,95,0.95,0.8882495307680808,0.9784563208456319,"{""projected_kkt_not_satisfied"": 5}",6.163517014489757,12.803185015796645,1.2871387969509538,2.671705589471831,95,100,0.29473684210526313,0.21247932282989435,0.39294940651788923,0.28,0.20139685211186212,0.3748802870992116,28,linear,whole_base_sequence,484.22483883124244,1574.3541480640827,6,0,0,nan,nan,nan,2,True,0.20502589199924842,0.0,0.0,0.0003448612220939214,694.6867090227155,1390.8432141571398,8.49782691539859,True,True,False,45.0,45,45,35.56,29,40,9.44,5,16,21.11,16,25,21.11,16,25,0.0,0,0,0.0,0,0,0.0,0,0,0.0,0,0,0.0,0,0
poorly_conditioned,mixed,causal_prefix_batch,True,9.0,100,99,1,0.99,0.9455138038212946,0.9982325679358593,99,0.99,0.9455138038212946,0.9982325679358593,"{""projected_kkt_not_satisfied"": 1}",5.767372050322264,12.273978718403713,1.1343694352988427,2.3247901006444787,99,100,0.25252525252525254,0.17729376939697622,0.34624468910124145,0.25,0.17545211362287672,0.34304463548061603,25,linear,whole_base_sequence,506.0445020040926,1717.775354017649,6,0,0,nan,nan,nan,2,True,0.2126809550001053,0.0,0.0,0.00029162342144750805,725.6682608212122,1873.297235919132,8.999811820666093,True,True,False,45.0,45,45,35.56,29,40,9.44,5,16,22.61,18,27,22.61,18,27,0.0,0,0,0.0,0,0,0.0,0,0,0.0,0,0,0.0,0,0
poorly_conditioned,mixed,causal_prefix_batch,True,9.5,100,97,3,0.97,0.9154806357094724,0.9897454759759611,97,0.97,0.9154806357094724,0.9897454759759611,"{""projected_kkt_not_satisfied"": 3}",5.053814647968523,10.014622444723342,0.9499269041154154,1.8647868823917058,97,100,0.24742268041237114,0.17227488052867698,0.3418138626029873,0.24,0.16691325556948772,0.33232336349814473,24,linear,whole_base_sequence,491.8896704471282,1764.142390102758,6,0,0,nan,nan,nan,2,True,0.2245175280017429,0.0,0.0,0.0002505486928566119,845.4357248323773,1801.4114971827269,9.486306654915474,True,True,False,45.0,45,45,35.56,29,40,9.44,5,16,23.9,18,29,23.9,18,29,0.0,0,0,0.0,0,0,0.0,0,0,0.0,0,0,0.0,0,0
poorly_conditioned,mixed,initial_batch_no_updates,True,0.0,100,0,100,0.0,0.0,0.03699349820698568,0,0.0,0.0,0.03699349820698568,"{""not_initialized"": 100}",nan,nan,nan,nan,0,100,nan,nan,nan,0.0,0.0,0.03699349820698568,0,linear,whole_base_sequence,nan,nan,6,0,0,nan,nan,nan,2,True,2.4499991559423507e-06,0.0,nan,nan,nan,nan,nan,True,True,False,45.0,45,45,35.56,29,40,9.44,5,16,0.0,0,0,0.0,0,0,0.0,0,0,0.0,0,0,0.0,0,0,0.0,0,0,0.0,0,0
poorly_conditioned,mixed,initial_batch_no_updates,True,0.5,100,0,100,0.0,0.0,0.03699349820698568,0,0.0,0.0,0.03699349820698568,"{""not_initialized"": 100}",nan,nan,nan,nan,0,100,nan,nan,nan,0.0,0.0,0.03699349820698568,0,linear,whole_base_sequence,nan,nan,6,0,0,nan,nan,nan,2,True,2.1139992168173196e-06,0.0,nan,nan,nan,nan,nan,True,True,False,45.0,45,45,35.56,29,40,9.44,5,16,0.0,0,0,0.0,0,0,0.0,0,0,0.0,0,0,0.0,0,0,0.0,0,0,0.0,0,0
poorly_conditioned,mixed,initial_batch_no_updates,True,1.0,100,0,100,0.0,0.0,0.03699349820698568,0,0.0,0.0,0.03699349820698568,"{""not_initialized"": 100}",nan,nan,nan,nan,0,100,nan,nan,nan,0.0,0.0,0.03699349820698568,0,linear,whole_base_sequence,nan,nan,6,0,0,nan,nan,nan,2,True,1.9530029385350644e-06,0.0,nan,nan,nan,nan,0.9977430675555341,True,True,False,45.0,45,45,35.56,29,40,9.44,5,16,0.22,0,2,0.0,0,0,0.0,0,0,0.0,0,0,0.0,0,0,0.0,0,0,0.22,0,2
poorly_conditioned,mixed,initial_batch_no_updates,True,1.5,100,0,100,0.0,0.0,0.03699349820698568,0,0.0,0.0,0.03699349820698568,"{""not_initialized"": 100}",nan,nan,nan,nan,0,100,nan,nan,nan,0.0,0.0,0.03699349820698568,0,linear,whole_base_sequence,nan,nan,6,0,0,nan,nan,nan,2,True,2.1450017811730503e-06,0.0,nan,nan,nan,nan,1.497483007094679,True,True,False,45.0,45,45,35.56,29,40,9.44,5,16,0.9,0,3,0.0,0,0,0.0,0,0,0.0,0,0,0.0,0,0,0.0,0,0,0.9,0,3
poorly_conditioned,mixed,initial_batch_no_updates,True,10.0,100,100,0,1.0,0.9630065017930143,1.0,100,1.0,0.9630065017930143,1.0,{},130.82264268490945,190.0697408328482,14.813745113214845,21.525114921098684,100,100,0.67,0.5730534379509052,0.7543687726587197,0.67,0.5730534379509052,0.7543687726587197,67,linear,whole_base_sequence,741.0644206521469,3520.6248763198487,6,0,0,nan,nan,nan,2,True,0.00013416799920378252,0.0,0.0,0.0002645589830019251,89151.10409547084,2905721.147761336,9.998565824921238,True,True,False,45.0,45,45,35.56,29,40,9.44,5,16,25.67,20,30,6.18,6,10,6.18,6,10,0.0,0,0,0.0,0,0,0.0,0,0,19.49,14,24
poorly_conditioned,mixed,initial_batch_no_updates,True,10.5,100,100,0,1.0,0.9630065017930143,1.0,100,1.0,0.9630065017930143,1.0,{},138.2229532127442,201.25645777503266,14.813745113214845,21.525114921098684,100,100,0.67,0.5730534379509052,0.7543687726587197,0.67,0.5730534379509052,0.7543687726587197,67,linear,whole_base_sequence,741.0644206522031,3520.624876319706,6,0,0,nan,nan,nan,2,True,0.00013802200352074578,0.0,0.0,0.0002357270591701611,110439.65549675809,3710328.3775173207,10.498588214663126,True,True,False,45.0,45,45,35.56,29,40,9.44,5,16,27.26,21,32,6.18,6,10,6.18,6,10,0.0,0,0,0.0,0,0,0.0,0,0,21.08,15,26
poorly_conditioned,mixed,initial_batch_no_updates,True,11.0,100,100,0,1.0,0.9630065017930143,1.0,100,1.0,0.9630065017930143,1.0,{},145.62393097558214,212.443195259703,14.813745113214845,21.525114921098684,100,100,0.67,0.5730534379509052,0.7543687726587197,0.67,0.5730534379509052,0.7543687726587197,67,linear,whole_base_sequence,741.0644206522561,3520.624876319745,6,0,0,nan,nan,nan,2,True,0.0001347909975447692,0.0,0.0,0.0002113402416519871,135352.25612986163,4672666.034702192,10.996864462691061,True,True,False,45.0,45,45,35.56,29,40,9.44,5,16,28.78,22,34,6.18,6,10,6.18,6,10,0.0,0,0,0.0,0,0,0.0,0,0,22.6,16,28
poorly_conditioned,mixed,initial_batch_no_updates,True,11.5,100,100,0,1.0,0.9630065017930143,1.0,100,1.0,0.9630065017930143,1.0,{},153.025479162293,223.62995020182015,14.813745113214845,21.525114921098684,100,100,0.67,0.5730534379509052,0.7543687726587197,0.67,0.5730534379509052,0.7543687726587197,67,linear,whole_base_sequence,741.0644206522917,3520.6248763197627,6,0,0,nan,nan,nan,2,True,0.00013490199926309289,0.0,0.0,0.00019053378446991578,164280.677151883,5812243.551589069,11.498924757029135,True,True,False,45.0,45,45,35.56,29,40,9.44,5,16,30.27,23,35,6.18,6,10,6.18,6,10,0.0,0,0,0.0,0,0,0.0,0,0,24.09,17,29
poorly_conditioned,mixed,initial_batch_no_updates,True,12.0,100,100,0,1.0,0.9630065017930143,1.0,100,1.0,0.9630065017930143,1.0,{},160.42751882098443,234.81672010476794,14.813745113214845,21.525114921098684,100,100,0.67,0.5730534379509052,0.7543687726587197,0.67,0.5730534379509052,0.7543687726587197,67,linear,whole_base_sequence,741.0644206524886,3520.6248763196786,6,0,0,nan,nan,nan,2,True,0.00014090499957092106,0.0,0.0,0.00017264255114257782,197636.90124763967,7149715.162560073,11.999315539003593,True,True,False,45.0,45,45,35.56,29,40,9.44,5,16,31.5,24,36,6.18,6,10,6.18,6,10,0.0,0,0,0.0,0,0,0.0,0,0,25.32,18,30
poorly_conditioned,mixed,initial_batch_no_updates,True,12.5,100,100,0,1.0,0.9630065017930143,1.0,100,1.0,0.9630065017930143,1.0,{},167.82998492344828,246.0035029264224,14.813745113214845,21.525114921098684,100,100,0.67,0.5730534379509052,0.7543687726587197,0.67,0.5730534379509052,0.7543687726587197,67,linear,whole_base_sequence,741.0644206524239,3520.62487631971,6,0,0,nan,nan,nan,2,True,0.00014230000029783697,0.0,0.0,0.00015714838841610494,235853.1226421228,8706879.903880974,12.498780461157049,True,True,False,45.0,45,45,35.56,29,40,9.44,5,16,33.09,26,38,6.18,6,10,6.18,6,10,0.0,0,0,0.0,0,0,0.0,0,0,26.91,20,32
poorly_conditioned,mixed,initial_batch_no_updates,True,14.5,100,100,0,1.0,0.9630065017930143,1.0,100,1.0,0.9630065017930143,1.0,{},197.4431544475312,289.23036193299725,14.813745113214845,21.525114921098684,100,100,0.67,0.5730534379509052,0.7543687726587197,0.67,0.5730534379509052,0.7543687726587197,67,linear,whole_base_sequence,741.0644206524543,3520.624876319704,6,0,0,nan,nan,nan,2,True,0.00013906399894040078,0.0,0.0,0.0001121105087835454,446669.2694903366,17608518.876495842,14.091743531784005,True,True,False,45.0,45,45,35.56,29,40,9.44,5,16,35.56,29,40,6.18,6,10,6.18,6,10,0.0,0,0,0.0,0,0,0.0,0,0,29.38,23,34
poorly_conditioned,mixed,initial_batch_no_updates,True,2.0,100,0,100,0.0,0.0,0.03699349820698568,0,0.0,0.0,0.03699349820698568,"{""not_initialized"": 100}",nan,nan,nan,nan,0,100,nan,nan,nan,0.0,0.0,0.03699349820698568,0,linear,whole_base_sequence,nan,nan,6,0,0,nan,nan,nan,2,True,2.4170006508938967e-06,0.0,nan,nan,nan,nan,1.9901179029358227,True,True,False,45.0,45,45,35.56,29,40,9.44,5,16,2.01,0,5,0.0,0,0,0.0,0,0,0.0,0,0,0.0,0,0,0.0,0,0,2.01,0,5
poorly_conditioned,mixed,initial_batch_no_updates,True,2.5,100,3,97,0.03,0.010254524024038925,0.0845193642905276,3,0.03,0.010254524024038925,0.0845193642905276,"{""not_initialized"": 97}",2.5501316153617726,3.1221100260095045,1.785057502197711,2.1110770947760504,3,100,0.6666666666666666,0.2076596008020477,0.9385080552796037,0.02,0.00550196755016235,0.07001179072854388,2,linear,whole_base_sequence,9.822205464177289,13.168257306917404,6,0,0,nan,nan,nan,2,True,6.666999834123999e-06,0.0,0.0,0.013552396263179594,551.3995678406391,560.2733904316466,2.4970770119669234,True,True,False,45.0,45,45,35.56,29,40,9.44,5,16,3.42,0,6,0.18,0,6,0.18,0,6,0.0,0,0,0.0,0,0,0.0,0,0,3.24,0,5
poorly_conditioned,mixed,initial_batch_no_updates,True,3.0,100,33,67,0.33,0.24563122734128034,0.4269465620490947,33,0.33,0.24563122734128034,0.4269465620490947,"{""not_initialized"": 67}",12.531676897492236,33.08198487495222,7.020606404959221,17.85903433840658,33,100,0.7878787878787878,0.6224835500784931,0.8932397846697919,0.26,0.18404698464748132,0.3537098944918718,26,linear,whole_base_sequence,367.4923744285973,2701.583991771202,6,0,0,nan,nan,nan,2,True,4.375200136564672e-05,0.0,0.0,0.005577731093193207,572.2516442593593,1350.3095504111893,2.98972735136801,True,True,False,45.0,45,45,35.56,29,40,9.44,5,16,4.95,2,8,1.98,0,6,1.98,0,6,0.0,0,0,0.0,0,0,0.0,0,0,2.97,0,5
poorly_conditioned,mixed,initial_batch_no_updates,True,3.5,100,76,24,0.76,0.6676766365018553,0.8330867444305122,76,0.76,0.6676766365018553,0.8330867444305122,"{""not_initialized"": 24}",16.801870428619164,45.62651158884947,7.4457946464891425,21.690694192975354,76,100,0.7236842105263158,0.6142463460107743,0.8115975764600853,0.55,0.45244602997442135,0.6438546202048803,55,linear,whole_base_sequence,566.0961670805597,3029.922851910204,6,0,0,nan,nan,nan,2,True,0.00010285599855706096,0.0,0.0,0.003860484959995169,796.0710858757877,2900.553967814433,3.488440849102174,True,True,False,45.0,45,45,35.56,29,40,9.44,5,16,6.35,2,10,4.65,0,8,4.65,0,8,0.0,0,0,0.0,0,0,0.0,0,0,1.7,0,6
poorly_conditioned,mixed,initial_batch_no_updates,True,4.0,100,93,7,0.93,0.8625048526092651,0.9656807389327273,93,0.93,0.8625048526092651,0.9656807389327273,"{""not_initialized"": 7}",43.60797198640543,59.31829575750424,15.30415519222582,21.81487864688285,93,100,0.6666666666666666,0.5659347000595181,0.7541761324032368,0.62,0.5220975529551107,0.7090240074752127,62,linear,whole_base_sequence,774.9077462712814,3526.2053589292177,6,0,0,nan,nan,nan,2,True,0.0001246319987694733,0.0,0.0,0.002802313210437385,1400.6099495737417,23668.858771930976,3.9999059011848614,True,True,False,45.0,45,45,35.56,29,40,9.44,5,16,7.67,4,11,5.75,0,10,5.75,0,10,0.0,0,0,0.0,0,0,0.0,0,0,1.92,0,6
poorly_conditioned,mixed,initial_batch_no_updates,True,4.5,100,100,0,1.0,0.9630065017930143,1.0,100,1.0,0.9630065017930143,1.0,{},49.548822252415825,66.74086636157493,14.813745113214845,21.525114921098684,100,100,0.67,0.5730534379509052,0.7543687726587197,0.67,0.5730534379509052,0.7543687726587197,67,linear,whole_base_sequence,741.0644206522722,3520.6248763196813,6,0,0,nan,nan,nan,2,True,0.00013108799990732222,0.0,0.0,0.002050997850716811,2370.7112415560887,41782.43186510861,4.4973361719956175,True,True,False,45.0,45,45,35.56,29,40,9.44,5,16,9.2,6,13,6.18,6,10,6.18,6,10,0.0,0,0,0.0,0,0,0.0,0,0,3.02,0,7
poorly_conditioned,mixed,initial_batch_no_updates,True,5.0,100,100,0,1.0,0.9630065017930143,1.0,100,1.0,0.9630065017930143,1.0,{},56.91351332376475,77.98812291738568,14.813745113214845,21.525114921098684,100,100,0.67,0.5730534379509052,0.7543687726587197,0.67,0.5730534379509052,0.7543687726587197,67,linear,whole_base_sequence,741.0644206522769,3520.624876319663,6,0,0,nan,nan,nan,2,True,0.0001351110017276369,0.0,0.0,0.0015352889993086184,3908.8120781191637,69111.10501364367,4.999919483603366,True,True,False,45.0,45,45,35.56,29,40,9.44,5,16,10.7,7,14,6.18,6,10,6.18,6,10,0.0,0,0,0.0,0,0,0.0,0,0,4.52,0,8
poorly_conditioned,mixed,initial_batch_no_updates,True,5.5,100,100,0,1.0,0.9630065017930143,1.0,100,1.0,0.9630065017930143,1.0,{},64.2878972532688,89.23578482418242,14.813745113214845,21.525114921098684,100,100,0.67,0.5730534379509052,0.7543687726587197,0.67,0.5730534379509052,0.7543687726587197,67,linear,whole_base_sequence,741.0644206522405,3520.6248763196763,6,0,0,nan,nan,nan,2,True,0.0001327820000005886,0.0,0.0,0.0011875173632639126,6033.603809175827,109750.4988165232,5.494898107819411,True,True,False,45.0,45,45,35.56,29,40,9.44,5,16,12.04,8,16,6.18,6,10,6.18,6,10,0.0,0,0,0.0,0,0,0.0,0,0,5.86,1,10
poorly_conditioned,mixed,initial_batch_no_updates,True,6.0,100,100,0,1.0,0.9630065017930143,1.0,100,1.0,0.9630065017930143,1.0,{},71.66898206183053,100.48371649194408,14.813745113214845,21.525114921098684,100,100,0.67,0.5730534379509052,0.7543687726587197,0.67,0.5730534379509052,0.7543687726587197,67,linear,whole_base_sequence,741.0644206523142,3520.624876319679,6,0,0,nan,nan,nan,2,True,0.00013777299987850712,0.0,0.0,0.0009434820137337243,8945.73786331697,183813.95155729586,5.994279169107563,True,True,False,45.0,45,45,35.56,29,40,9.44,5,16,13.77,9,19,6.18,6,10,6.18,6,10,0.0,0,0,0.0,0,0,0.0,0,0,7.59,2,12
poorly_conditioned,mixed,initial_batch_no_updates,True,6.5,100,100,0,1.0,0.9630065017930143,1.0,100,1.0,0.9630065017930143,1.0,{},79.05489085724413,111.7318367468198,14.813745113214845,21.525114921098684,100,100,0.67,0.5730534379509052,0.7543687726587197,0.67,0.5730534379509052,0.7543687726587197,67,linear,whole_base_sequence,741.0644206523102,3520.624876319673,6,0,0,nan,nan,nan,2,True,0.00013726000004680828,0.0,0.0,0.0007663865192209899,12822.920071177414,291539.902030661,6.4952761207870875,True,True,False,45.0,45,45,35.56,29,40,9.44,5,16,14.95,10,20,6.18,6,10,6.18,6,10,0.0,0,0,0.0,0,0,0.0,0,0,8.77,4,14
poorly_conditioned,mixed,initial_batch_no_updates,True,7.0,100,100,0,1.0,0.9630065017930143,1.0,100,1.0,0.9630065017930143,1.0,{},86.4443871472418,122.9501850989374,14.813745113214845,21.525114921098684,100,100,0.67,0.5730534379509052,0.7543687726587197,0.67,0.5730534379509052,0.7543687726587197,67,linear,whole_base_sequence,741.0644206523735,3520.6248763196677,6,0,0,nan,nan,nan,2,True,0.00013485400122590364,0.0,0.0,0.0006341614631048073,17960.770276980627,442134.2206024815,6.996426307996707,True,True,False,45.0,45,45,35.56,29,40,9.44,5,16,16.45,12,21,6.18,6,10,6.18,6,10,0.0,0,0,0.0,0,0,0.0,0,0,10.27,6,15
poorly_conditioned,mixed,initial_batch_no_updates,True,7.5,100,100,0,1.0,0.9630065017930143,1.0,100,1.0,0.9630065017930143,1.0,{},93.83662340586066,134.1366444093077,14.813745113214845,21.525114921098684,100,100,0.67,0.5730534379509052,0.7543687726587197,0.67,0.5730534379509052,0.7543687726587197,67,linear,whole_base_sequence,741.0644206523509,3520.6248763197,6,0,0,nan,nan,nan,2,True,0.00013570799987064675,0.0,0.0,0.0005330193408727456,24918.537687746153,645947.7061626195,7.49906661390331,True,True,False,45.0,45,45,35.56,29,40,9.44,5,16,17.98,13,22,6.18,6,10,6.18,6,10,0.0,0,0,0.0,0,0,0.0,0,0,11.8,7,16
poorly_conditioned,mixed,initial_batch_no_updates,True,8.0,100,100,0,1.0,0.9630065017930143,1.0,100,1.0,0.9630065017930143,1.0,{},101.23099938904116,145.32317349259776,14.813745113214845,21.525114921098684,100,100,0.67,0.5730534379509052,0.7543687726587197,0.67,0.5730534379509052,0.7543687726587197,67,linear,whole_base_sequence,741.0644206521641,3520.6248763196813,6,0,0,nan,nan,nan,2,True,0.00013568900030804797,0.0,0.0,0.000454030827490843,33208.67693112721,914476.0427433586,7.996242383560704,True,True,False,45.0,45,45,35.56,29,40,9.44,5,16,19.42,15,24,6.18,6,10,6.18,6,10,0.0,0,0,0.0,0,0,0.0,0,0,13.24,9,17
poorly_conditioned,mixed,initial_batch_no_updates,True,8.5,100,100,0,1.0,0.9630065017930143,1.0,100,1.0,0.9630065017930143,1.0,{},108.62707813678153,156.50975736207624,14.813745113214845,21.525114921098684,100,100,0.67,0.5730534379509052,0.7543687726587197,0.67,0.5730534379509052,0.7543687726587197,67,linear,whole_base_sequence,741.0644206522155,3520.624876319661,6,0,0,nan,nan,nan,2,True,0.00013645900035044178,0.0,0.0,0.0003912270290496488,43432.65684289246,1260359.7695807298,8.49782691539859,True,True,False,45.0,45,45,35.56,29,40,9.44,5,16,21.11,16,25,6.18,6,10,6.18,6,10,0.0,0,0,0.0,0,0,0.0,0,0,14.93,10,19
poorly_conditioned,mixed,initial_batch_no_updates,True,9.0,100,100,0,1.0,0.9630065017930143,1.0,100,1.0,0.9630065017930143,1.0,{},116.02453401718307,167.69638503775138,14.813745113214845,21.525114921098684,100,100,0.67,0.5730534379509052,0.7543687726587197,0.67,0.5730534379509052,0.7543687726587197,67,linear,whole_base_sequence,741.0644206522701,3520.624876319702,6,0,0,nan,nan,nan,2,True,0.00013445700024021788,0.0,0.0,0.00034050540944547384,55980.12201170059,1697384.2615496456,8.999811820666093,True,True,False,45.0,45,45,35.56,29,40,9.44,5,16,22.61,18,27,6.18,6,10,6.18,6,10,0.0,0,0,0.0,0,0,0.0,0,0,16.43,12,21
poorly_conditioned,mixed,initial_batch_no_updates,True,9.5,100,100,0,1.0,0.9630065017930143,1.0,100,1.0,0.9630065017930143,1.0,{},123.42311941210268,178.88304829088509,14.813745113214845,21.525114921098684,100,100,0.67,0.5730534379509052,0.7543687726587197,0.67,0.5730534379509052,0.7543687726587197,67,linear,whole_base_sequence,741.0644206522345,3520.6248763196545,6,0,0,nan,nan,nan,2,True,0.00013508799980627373,0.0,0.0,0.00029897616136182224,71115.04230126625,2240479.71664157,9.486306654915474,True,True,False,45.0,45,45,35.56,29,40,9.44,5,16,23.9,18,29,6.18,6,10,6.18,6,10,0.0,0,0,0.0,0,0,0.0,0,0,17.72,12,23
poorly_conditioned,mixed,offline_full_record_noncausal,False,14.5,100,97,3,0.97,0.9154806357094724,0.9897454759759611,97,0.97,0.9154806357094724,0.9897454759759611,"{""projected_kkt_not_satisfied"": 3}",4.466102696583636,8.908290623631235,0.556755077135117,1.1435796629188735,97,100,0.15463917525773196,0.09601122102239842,0.2395795093821221,0.15,0.0930598528365663,0.23283559590832364,15,linear,whole_base_sequence,467.7936510440089,1573.5038738299315,6,0,0,nan,nan,nan,2,True,0.33370364600123137,0.0,0.0,7.90287446028248e-05,2221.2156588089233,4539.924510266795,14.091743531784005,True,True,False,45.0,45,45,35.56,29,40,9.44,5,16,35.56,29,40,35.56,29,40,0.0,0,0,0.0,0,0,0.0,0,0,0.0,0,0,0.0,0,0
poorly_conditioned,mixed,retarded_ekf,True,0.0,100,0,100,0.0,0.0,0.03699349820698568,0,0.0,0.0,0.03699349820698568,"{""not_initialized"": 100}",nan,nan,nan,nan,0,100,nan,nan,nan,0.0,0.0,0.03699349820698568,0,linear,whole_base_sequence,nan,nan,6,0,0,nan,nan,nan,2,True,2.502899878891185e-05,0.0,nan,nan,nan,nan,nan,True,True,False,45.0,45,45,35.56,29,40,9.44,5,16,0.0,0,0,0.0,0,0,0.0,0,0,0.0,0,0,0.0,0,0,0.0,0,0,0.0,0,0
poorly_conditioned,mixed,retarded_ekf,True,0.5,100,0,100,0.0,0.0,0.03699349820698568,0,0.0,0.0,0.03699349820698568,"{""not_initialized"": 100}",nan,nan,nan,nan,0,100,nan,nan,nan,0.0,0.0,0.03699349820698568,0,linear,whole_base_sequence,nan,nan,6,0,0,nan,nan,nan,2,True,1.3968000421300531e-05,0.0,nan,nan,nan,nan,nan,True,True,False,45.0,45,45,35.56,29,40,9.44,5,16,0.0,0,0,0.0,0,0,0.0,0,0,0.0,0,0,0.0,0,0,0.0,0,0,0.0,0,0
poorly_conditioned,mixed,retarded_ekf,True,1.0,100,0,100,0.0,0.0,0.03699349820698568,0,0.0,0.0,0.03699349820698568,"{""not_initialized"": 100}",nan,nan,nan,nan,0,100,nan,nan,nan,0.0,0.0,0.03699349820698568,0,linear,whole_base_sequence,nan,nan,6,0,0,nan,nan,nan,2,True,3.052499901968986e-05,0.0,nan,nan,nan,nan,0.9977430675555341,True,True,False,45.0,45,45,35.56,29,40,9.44,5,16,0.22,0,2,0.0,0,0,0.0,0,0,0.0,0,0,0.0,0,0,0.0,0,0,0.22,0,2
poorly_conditioned,mixed,retarded_ekf,True,1.5,100,0,100,0.0,0.0,0.03699349820698568,0,0.0,0.0,0.03699349820698568,"{""not_initialized"": 100}",nan,nan,nan,nan,0,100,nan,nan,nan,0.0,0.0,0.03699349820698568,0,linear,whole_base_sequence,nan,nan,6,0,0,nan,nan,nan,2,True,7.683000178076326e-05,0.0,nan,nan,nan,nan,1.497483007094679,True,True,False,45.0,45,45,35.56,29,40,9.44,5,16,0.9,0,3,0.0,0,0,0.0,0,0,0.0,0,0,0.0,0,0,0.0,0,0,0.9,0,3
poorly_conditioned,mixed,retarded_ekf,True,10.0,100,77,23,0.77,0.6784561697712622,0.8415673411969654,77,0.77,0.6784561697712622,0.8415673411969654,"{""initialization_failed:initialization_quality_gate_failed"": 20, ""initialization_failed:projected_kkt_not_satisfied"": 3}",4.679991338428611,9.603895043223492,0.7737319334446727,1.6624632418105068,77,100,0.2727272727272727,0.18584490792429903,0.38120892174953463,0.21,0.141656540619153,0.29979968834089865,21,linear,whole_base_sequence,498.33184167385525,2183.79399666986,6,133,0,94.89503837436797,301.0703975098153,0.48872180451127817,2,True,0.11185315999930026,0.0010793629987165332,0.0,0.00014231215711719367,850.3178435430488,1851.9829960309232,9.998565824921238,True,True,False,45.0,45,45,35.56,29,40,9.44,5,16,25.67,20,30,21.26,6,30,6.18,6,10,15.08,0,24,0.0,0,0,0.0,0,0,4.41,0,22
poorly_conditioned,mixed,retarded_ekf,True,10.5,100,77,23,0.77,0.6784561697712622,0.8415673411969654,77,0.77,0.6784561697712622,0.8415673411969654,"{""initialization_failed:initialization_quality_gate_failed"": 22, ""initialization_failed:projected_kkt_not_satisfied"": 1}",4.434241976609857,8.869412407806255,0.6967968111500227,1.485163906242735,77,100,0.2597402597402597,0.17489197371641613,0.3674220747959223,0.2,0.1333669333310325,0.2888291655931589,20,linear,whole_base_sequence,509.23777585536595,2126.784764529536,6,125,0,110.68121698418156,180.0366726830221,0.552,2,True,0.09337914499861653,0.0009883680011262186,0.0,0.00012408627988460681,896.5381441687568,2300.454702597012,10.498588214663126,True,True,False,45.0,45,45,35.56,29,40,9.44,5,16,27.26,21,32,22.51,6,32,6.18,6,10,16.33,0,26,0.0,0,0,0.0,0,0,4.75,0,25
poorly_conditioned,mixed,retarded_ekf,True,11.0,100,77,23,0.77,0.6784561697712622,0.8415673411969654,77,0.77,0.6784561697712622,0.8415673411969654,"{""initialization_failed:initialization_quality_gate_failed"": 21, ""initialization_failed:projected_kkt_not_satisfied"": 2}",4.528341599953262,10.052537846857753,0.6764565460884386,1.707818307422827,77,100,0.22077922077922077,0.14266403041098702,0.32543067461686576,0.17,0.10893566114059931,0.25548004767601123,17,linear,whole_base_sequence,498.89856876615266,1965.55406799374,6,121,0,209.15678623238304,1763.2008734420301,0.4793388429752066,2,True,0.08993885799922281,0.000995410999748856,0.0,0.00010903365659152458,918.0807247838144,2483.4320629781937,10.996864462691061,True,True,False,45.0,45,45,35.56,29,40,9.44,5,16,28.78,22,34,23.72,6,34,6.18,6,10,17.54,0,28,0.0,0,0,0.0,0,0,5.06,0,26
poorly_conditioned,mixed,retarded_ekf,True,11.5,100,77,23,0.77,0.6784561697712622,0.8415673411969654,77,0.77,0.6784561697712622,0.8415673411969654,"{""initialization_failed:initialization_quality_gate_failed"": 21, ""initialization_failed:projected_kkt_not_satisfied"": 2}",4.374407845811009,9.78151626786919,0.6186865419665711,1.5465881332585214,77,100,0.19480519480519481,0.12176400927656612,0.2968511334282962,0.15,0.0930598528365663,0.23283559590832364,15,linear,whole_base_sequence,495.3332522662504,1869.3692807586067,6,116,0,128.85645137754204,532.4722991881112,0.5,2,True,0.09439481000008527,0.0009135289996629581,0.0,9.649216728401543e-05,967.9720011707342,2262.4683875905907,11.498924757029135,True,True,False,45.0,45,45,35.56,29,40,9.44,5,16,30.27,23,35,24.88,6,35,6.18,6,10,18.7,0,29,0.0,0,0,0.0,0,0,5.39,0,28
poorly_conditioned,mixed,retarded_ekf,True,12.0,100,77,23,0.77,0.6784561697712622,0.8415673411969654,77,0.77,0.6784561697712622,0.8415673411969654,"{""initialization_failed:initialization_quality_gate_failed"": 22, ""initialization_failed:projected_kkt_not_satisfied"": 1}",4.226415294262791,8.105085858367651,0.5774866903058693,1.1772124979820504,77,100,0.2077922077922078,0.13215077794236726,0.31120414592399037,0.16,0.10095288488804782,0.24420269389270244,16,linear,whole_base_sequence,486.4225378458467,2078.2962929888226,6,97,0,96.97560185825729,207.2514631685409,0.5360824742268041,2,True,0.07966801500122528,0.0007950250012800097,0.0,8.589911018726036e-05,1095.842434136879,2115.862529129529,11.999315539003593,True,True,False,45.0,45,45,35.56,29,40,9.44,5,16,31.5,24,36,25.85,6,36,6.18,6,10,19.67,0,30,0.0,0,0,0.0,0,0,5.65,0,29
poorly_conditioned,mixed,retarded_ekf,True,12.5,100,77,23,0.77,0.6784561697712622,0.8415673411969654,77,0.77,0.6784561697712622,0.8415673411969654,"{""initialization_failed:initialization_quality_gate_failed"": 22, ""initialization_failed:projected_kkt_not_satisfied"": 1}",4.033926229447692,8.00653592211534,0.5443160212762485,1.1077168842503857,77,100,0.22077922077922077,0.14266403041098702,0.32543067461686576,0.17,0.10893566114059931,0.25548004767601123,17,linear,whole_base_sequence,465.1483903629812,2047.8120652928724,6,113,0,17.08404914704921,65.60661559901968,0.5309734513274337,2,True,0.1505110679983045,0.0009324609983013943,0.0,7.692613414595707e-05,1136.5528795538028,2626.3636953677046,12.498780461157049,True,True,False,45.0,45,45,35.56,29,40,9.44,5,16,33.09,26,38,26.98,6,38,6.18,6,10,20.8,0,32,0.0,0,0,0.0,0,0,6.11,0,29
poorly_conditioned,mixed,retarded_ekf,True,14.5,100,77,23,0.77,0.6784561697712622,0.8415673411969654,77,0.77,0.6784561697712622,0.8415673411969654,"{""initialization_failed:initialization_quality_gate_failed"": 22, ""initialization_failed:projected_kkt_not_satisfied"": 1}",4.226247885370633,8.624601305114762,0.49645664369678805,1.0247161890979615,77,100,0.19480519480519481,0.12176400927656612,0.2968511334282962,0.15,0.0930598528365663,0.23283559590832364,15,linear,whole_base_sequence,468.225288997619,1954.1940983670806,6,190,0,188.60726500770622,1483.8993836133764,0.45789473684210524,2,True,0.20304475999990246,0.0015712619997793808,0.0,5.1830594357586365e-05,2185.5343388433957,4566.064864202752,14.091743531784005,True,True,False,45.0,45,45,35.56,29,40,9.44,5,16,35.56,29,40,28.88,6,40,6.18,6,10,22.7,0,34,0.0,0,0,0.0,0,0,6.68,0,32
poorly_conditioned,mixed,retarded_ekf,True,2.0,100,0,100,0.0,0.0,0.03699349820698568,0,0.0,0.0,0.03699349820698568,"{""not_initialized"": 100}",nan,nan,nan,nan,0,100,nan,nan,nan,0.0,0.0,0.03699349820698568,0,linear,whole_base_sequence,nan,nan,6,0,0,nan,nan,nan,2,True,0.0001412590016843751,0.0,nan,nan,nan,nan,1.9901179029358227,True,True,False,45.0,45,45,35.56,29,40,9.44,5,16,2.01,0,5,0.0,0,0,0.0,0,0,0.0,0,0,0.0,0,0,0.0,0,0,2.01,0,5
poorly_conditioned,mixed,retarded_ekf,True,2.5,100,3,97,0.03,0.010254524024038925,0.0845193642905276,3,0.03,0.010254524024038925,0.0845193642905276,"{""not_initialized"": 97}",2.5501316153617726,3.1221100260095045,1.785057502197711,2.1110770947760504,3,100,0.6666666666666666,0.2076596008020477,0.9385080552796037,0.02,0.00550196755016235,0.07001179072854388,2,linear,whole_base_sequence,9.822205464177289,13.168257306917404,6,0,0,nan,nan,nan,2,True,0.0018276589977904224,0.0,0.0,0.013552396263179594,551.3995678406391,560.2733904316466,2.4970770119669234,True,True,False,45.0,45,45,35.56,29,40,9.44,5,16,3.42,0,6,0.18,0,6,0.18,0,6,0.0,0,0,0.0,0,0,0.0,0,0,3.24,0,5
poorly_conditioned,mixed,retarded_ekf,True,3.0,100,28,72,0.28,0.20139685211186212,0.3748802870992116,28,0.28,0.20139685211186212,0.3748802870992116,"{""initialization_failed:initialization_quality_gate_failed"": 5, ""not_initialized"": 67}",5.2916674030584,5.496252816407459,2.234759943072263,2.4678301468325663,28,100,0.9285714285714286,0.7735463743160095,0.9801879358846942,0.26,0.18404698464748132,0.3537098944918718,26,linear,whole_base_sequence,76.45071479699875,14.866227216646083,6,11,0,68.9659226318755,368.82439802909386,0.9090909090909091,2,True,0.018572706999548244,9.064200101420283e-05,0.0,0.008485729154228834,354.91885982879387,1292.0790280347428,2.98972735136801,True,True,False,45.0,45,45,35.56,29,40,9.44,5,16,4.95,2,8,2.09,0,8,1.98,0,6,0.11,0,2,0.0,0,0,0.0,0,0,2.86,0,5
poorly_conditioned,mixed,retarded_ekf,True,3.5,100,62,38,0.62,0.5220975529551107,0.7090240074752127,62,0.62,0.5220975529551107,0.7090240074752127,"{""initialization_failed:initialization_quality_gate_failed"": 14, ""initialization_failed:projected_kkt_not_satisfied"": 2, ""not_initialized"": 22}",13.053865618725661,40.50738590393174,5.20293385787854,14.90759758543979,62,100,0.8548387096774194,0.7465660628844542,0.9217058859468299,0.53,0.4328885697009936,0.6248918204065872,53,linear,whole_base_sequence,461.16611623820444,2873.5540869398674,6,47,0,53.29721841930522,312.9909299302462,0.8297872340425532,2,True,0.04661360199883347,0.0003721030004089698,0.0,0.004131499934884557,489.6084540019727,2647.179155262478,3.488440849102174,True,True,False,45.0,45,45,35.56,29,40,9.44,5,16,6.35,2,10,5.23,0,10,4.65,0,8,0.58,0,4,0.0,0,0,0.0,0,0,1.12,0,6
poorly_conditioned,mixed,retarded_ekf,True,4.0,100,71,29,0.71,0.6146110882442888,0.7898516425087772,71,0.71,0.6146110882442888,0.7898516425087772,"{""initialization_failed:initialization_quality_gate_failed"": 21, ""initialization_failed:projected_kkt_not_satisfied"": 2, ""not_initialized"": 6}",15.726548309036701,44.94908699093071,5.807325698418823,14.848725477875629,71,100,0.7464788732394366,0.63446074646439,0.8331944883681289,0.53,0.4328885697009936,0.6248918204065872,53,linear,whole_base_sequence,630.1781294462972,3410.207036153639,6,84,0,123.51546096222258,826.9031248682113,0.8214285714285714,2,True,0.027961354000435677,0.0006655429984675721,0.0,0.002608397679723836,473.50981455314474,4965.500396876819,3.9999059011848614,True,True,False,45.0,45,45,35.56,29,40,9.44,5,16,7.67,4,11,7.17,0,11,5.75,0,10,1.42,0,5,0.0,0,0,0.0,0,0,0.5,0,6
poorly_conditioned,mixed,retarded_ekf,True,4.5,100,77,23,0.77,0.6784561697712622,0.8415673411969654,77,0.77,0.6784561697712622,0.8415673411969654,"{""initialization_failed:initialization_quality_gate_failed"": 22, ""initialization_failed:projected_kkt_not_satisfied"": 1}",14.642374204462143,35.13431502089283,4.402302449770446,9.944823672156808,77,100,0.6623376623376623,0.551246483089225,0.7580007814294651,0.51,0.4134801193402717,0.6057800106955886,51,linear,whole_base_sequence,685.4875823016253,3358.4285395760626,6,114,0,134.6417201516561,894.435971152653,0.7280701754385965,2,True,0.04825535999814747,0.0008927909977501259,0.0,0.0017691004789598791,454.18420244471434,31512.51208971294,4.4973361719956175,True,True,False,45.0,45,45,35.56,29,40,9.44,5,16,9.2,6,13,8.74,6,13,6.18,6,10,2.56,0,7,0.0,0,0,0.0,0,0,0.46,0,6
poorly_conditioned,mixed,retarded_ekf,True,5.0,100,77,23,0.77,0.6784561697712622,0.8415673411969654,77,0.77,0.6784561697712622,0.8415673411969654,"{""initialization_failed:initialization_quality_gate_failed"": 22, ""initialization_failed:projected_kkt_not_satisfied"": 1}",13.622265514020507,32.44303665684959,3.64806341499562,9.361627592234438,77,100,0.5844155844155844,0.47290042397200527,0.6879081535777135,0.45,0.3561453797951198,0.5475539700255787,45,linear,whole_base_sequence,665.0240278265163,3268.5358424303836,6,121,0,197.5773699529145,1195.321496357679,0.6363636363636364,2,True,0.03331958499853499,0.0009671180008444935,0.0,0.001213965272119689,430.8012842835295,2699.200839179454,4.999919483603366,True,True,False,45.0,45,45,35.56,29,40,9.44,5,16,10.7,7,14,9.95,6,14,6.18,6,10,3.77,0,8,0.0,0,0,0.0,0,0,0.75,0,8
poorly_conditioned,mixed,retarded_ekf,True,5.5,100,77,23,0.77,0.6784561697712622,0.8415673411969654,77,0.77,0.6784561697712622,0.8415673411969654,"{""initialization_failed:initialization_quality_gate_failed"": 22, ""initialization_failed:projected_kkt_not_satisfied"": 1}",13.182889635798581,27.91936313177606,3.2362739484849357,6.511180690423058,77,100,0.5584415584415584,0.44738236156130345,0.6639466536654248,0.43,0.33733298524110106,0.5278461045078768,43,linear,whole_base_sequence,632.9831177996499,2850.392255233279,6,104,0,185.29283739286072,1155.4908511242045,0.6346153846153846,2,True,0.03838723400025629,0.0008247889997437596,0.0,0.0008907132155635033,509.0158690089976,1783.1213126486412,5.494898107819411,True,True,False,45.0,45,45,35.56,29,40,9.44,5,16,12.04,8,16,10.99,6,16,6.18,6,10,4.81,0,10,0.0,0,0,0.0,0,0,1.05,0,9
poorly_conditioned,mixed,retarded_ekf,True,6.0,100,77,23,0.77,0.6784561697712622,0.8415673411969654,77,0.77,0.6784561697712622,0.8415673411969654,"{""initialization_failed:initialization_quality_gate_failed"": 22, ""initialization_failed:projected_kkt_not_satisfied"": 1}",9.988419965180244,21.745763884535666,2.204856926294319,5.608093035223104,77,100,0.5324675324675324,0.42215020982869184,0.639699243075046,0.41,0.3186731302113651,0.5079856994658921,41,linear,whole_base_sequence,574.4517782504904,2526.542899600726,6,125,0,156.14697456627434,1103.2158265886378,0.6,2,True,0.06990031500172336,0.0009833509978489018,0.0,0.0006738511612275508,506.9490192844178,1479.134942085927,5.994279169107563,True,True,False,45.0,45,45,35.56,29,40,9.44,5,16,13.77,9,19,12.24,6,19,6.18,6,10,6.06,0,12,0.0,0,0,0.0,0,0,1.53,0,11
poorly_conditioned,mixed,retarded_ekf,True,6.5,100,77,23,0.77,0.6784561697712622,0.8415673411969654,77,0.77,0.6784561697712622,0.8415673411969654,"{""initialization_failed:initialization_quality_gate_failed"": 23}",8.521719522838728,18.929437365937805,1.6821626047476148,3.712648971921103,77,100,0.5064935064935064,0.39720009365287134,0.6151697969278761,0.39,0.3001687400639441,0.4879698295415926,39,linear,whole_base_sequence,554.7264302587105,2563.516618140753,6,92,0,155.38619664113546,930.5344217179615,0.5869565217391305,2,True,0.0400403579993872,0.0007456639994052239,0.0,0.0005243936174844474,572.5702263028841,1348.6588055476784,6.4952761207870875,True,True,False,45.0,45,45,35.56,29,40,9.44,5,16,14.95,10,20,13.16,6,20,6.18,6,10,6.98,0,14,0.0,0,0,0.0,0,0,1.79,0,12
poorly_conditioned,mixed,retarded_ekf,True,7.0,100,77,23,0.77,0.6784561697712622,0.8415673411969654,77,0.77,0.6784561697712622,0.8415673411969654,"{""initialization_failed:initialization_quality_gate_failed"": 20, ""initialization_failed:projected_kkt_not_satisfied"": 3}",8.09137609386307,17.522268230019293,1.6035753725162858,3.8145432266146657,77,100,0.4675324675324675,0.3603007569249538,0.577849790171308,0.36,0.2727122040140433,0.4576459754839126,36,linear,whole_base_sequence,537.7060275766403,2441.980724662516,6,115,0,194.24655080386606,1322.2766173866924,0.5304347826086957,2,True,0.05951703000086127,0.0009077799998340197,0.0,0.0004079312028292567,629.565649739668,1460.0021340053215,6.996426307996707,True,True,False,45.0,45,45,35.56,29,40,9.44,5,16,16.45,12,21,14.31,6,21,6.18,6,10,8.13,0,15,0.0,0,0,0.0,0,0,2.14,0,14
poorly_conditioned,mixed,retarded_ekf,True,7.5,100,77,23,0.77,0.6784561697712622,0.8415673411969654,77,0.77,0.6784561697712622,0.8415673411969654,"{""initialization_failed:initialization_quality_gate_failed"": 21, ""initialization_failed:projected_kkt_not_satisfied"": 2}",7.106229090943728,14.580792962648244,1.3148759289240433,3.280485245482674,77,100,0.42857142857142855,0.32403652422604634,0.5398946793857298,0.33,0.24563122734128034,0.4269465620490947,33,linear,whole_base_sequence,542.4975599131677,2645.611827097638,6,118,0,164.2093235160679,626.1167977759646,0.5677966101694916,2,True,0.0630667160009034,0.000955423999694176,0.0,0.00033180612029973244,681.3872989781843,1481.9939209755996,7.49906661390331,True,True,False,45.0,45,45,35.56,29,40,9.44,5,16,17.98,13,22,15.49,6,21,6.18,6,10,9.31,0,15,0.0,0,0,0.0,0,0,2.49,0,16
poorly_conditioned,mixed,retarded_ekf,True,8.0,100,77,23,0.77,0.6784561697712622,0.8415673411969654,77,0.77,0.6784561697712622,0.8415673411969654,"{""initialization_failed:initialization_quality_gate_failed"": 21, ""initialization_failed:projected_kkt_not_satisfied"": 2}",6.604357640050359,13.68311359596296,1.1556465445668982,2.353340450077919,77,100,0.37662337662337664,0.27670011608658907,0.4882719628792064,0.29,0.2101483574912227,0.3853889117557111,29,linear,whole_base_sequence,556.1852966820701,2528.3739433512146,6,107,0,196.06924530523128,1140.7152000822148,0.5046728971962616,2,True,0.07364874400140252,0.0008704400001442992,0.0,0.00027472558473309286,772.61524274645,1404.9811904630424,7.996242383560704,True,True,False,45.0,45,45,35.56,29,40,9.44,5,16,19.42,15,24,16.56,6,24,6.18,6,10,10.38,0,17,0.0,0,0,0.0,0,0,2.86,0,17
poorly_conditioned,mixed,retarded_ekf,True,8.5,100,77,23,0.77,0.6784561697712622,0.8415673411969654,77,0.77,0.6784561697712622,0.8415673411969654,"{""initialization_failed:initialization_quality_gate_failed"": 20, ""initialization_failed:projected_kkt_not_satisfied"": 3}",6.44889705985681,13.534336905756012,1.0761869632366692,2.4476450191156265,77,100,0.36363636363636365,0.2650543249316847,0.47517797287261554,0.28,0.20139685211186212,0.3748802870992116,28,linear,whole_base_sequence,554.7589376667644,2527.386230093521,6,128,0,136.38604346460852,707.7411714480863,0.5234375,2,True,0.08351612599915825,0.0010022340001887642,0.0,0.00022851903579075605,706.5806270013193,1478.259891289247,8.49782691539859,True,True,False,45.0,45,45,35.56,29,40,9.44,5,16,21.11,16,25,17.84,6,25,6.18,6,10,11.66,0,19,0.0,0,0,0.0,0,0,3.27,0,18
poorly_conditioned,mixed,retarded_ekf,True,9.0,100,77,23,0.77,0.6784561697712622,0.8415673411969654,77,0.77,0.6784561697712622,0.8415673411969654,"{""initialization_failed:initialization_quality_gate_failed"": 21, ""initialization_failed:projected_kkt_not_satisfied"": 2}",5.624409984676052,12.363868708340785,0.9321872216932923,2.047434504691038,77,100,0.3246753246753247,0.23059379328779073,0.4354191610320238,0.25,0.17545211362287672,0.34304463548061603,25,linear,whole_base_sequence,518.3281674417755,2157.0998312026722,6,118,0,145.48175494738524,397.4582445763617,0.4661016949152542,2,True,0.0720379750005668,0.0009332840007846244,0.0,0.00019233114275879847,744.1885336300318,1975.7228432275858,8.999811820666093,True,True,False,45.0,45,45,35.56,29,40,9.44,5,16,22.61,18,27,19.02,6,27,6.18,6,10,12.84,0,21,0.0,0,0,0.0,0,0,3.59,0,20
poorly_conditioned,mixed,retarded_ekf,True,9.5,100,77,23,0.77,0.6784561697712622,0.8415673411969654,77,0.77,0.6784561697712622,0.8415673411969654,"{""initialization_failed:initialization_quality_gate_failed"": 21, ""initialization_failed:projected_kkt_not_satisfied"": 2}",5.326129013641148,11.973436336399178,0.8604004096858614,1.6927384568781538,77,100,0.3116883116883117,0.21927281991691477,0.42200035324140456,0.24,0.16691325556948772,0.33232336349814473,24,linear,whole_base_sequence,504.6424352689375,2104.4044056720427,6,91,0,156.71437033164426,363.7318420794746,0.5164835164835165,2,True,0.09278479199943832,0.0007355359982466325,0.0,0.00016468047303208326,887.2164443761952,2125.3278154434743,9.486306654915474,True,True,False,45.0,45,45,35.56,29,40,9.44,5,16,23.9,18,29,19.93,6,29,6.18,6,10,13.75,0,23,0.0,0,0,0.0,0,0,3.97,0,21
poorly_conditioned,nominal,causal_prefix_batch,True,0.0,100,0,100,0.0,0.0,0.03699349820698568,0,0.0,0.0,0.03699349820698568,"{""insufficient_measurements"": 100}",nan,nan,nan,nan,0,100,nan,nan,nan,0.0,0.0,0.03699349820698568,0,linear,whole_base_sequence,nan,nan,6,0,0,nan,nan,nan,2,True,4.829700046684593e-05,0.0,nan,nan,nan,nan,nan,True,True,True,45.0,45,45,45.0,45,45,0.0,0,0,0.0,0,0,0.0,0,0,0.0,0,0,0.0,0,0,0.0,0,0,0.0,0,0,0.0,0,0
poorly_conditioned,nominal,causal_prefix_batch,True,0.5,100,0,100,0.0,0.0,0.03699349820698568,0,0.0,0.0,0.03699349820698568,"{""insufficient_measurements"": 100}",nan,nan,nan,nan,0,100,nan,nan,nan,0.0,0.0,0.03699349820698568,0,linear,whole_base_sequence,nan,nan,6,0,0,nan,nan,nan,2,True,3.5044999385718257e-05,0.0,nan,nan,nan,nan,nan,True,True,True,45.0,45,45,45.0,45,45,0.0,0,0,0.0,0,0,0.0,0,0,0.0,0,0,0.0,0,0,0.0,0,0,0.0,0,0,0.0,0,0
poorly_conditioned,nominal,causal_prefix_batch,True,1.0,100,1,99,0.01,0.0017674320641406505,0.054486196178705315,1,0.01,0.0017674320641406505,0.054486196178705315,"{""insufficient_local_observability"": 9, ""insufficient_measurements"": 86, ""optimization_error:ValueError"": 3, ""projected_kkt_not_satisfied"": 1}",57.19331193542061,57.19331193542061,127.3570811268113,127.3570811268113,1,100,1.0,0.20654931437723745,1.0,0.01,0.0017674320641406505,0.054486196178705315,1,linear,whole_base_sequence,8.138388669383444,8.138388669383444,6,0,0,nan,nan,nan,2,True,0.3170420130016282,0.0,0.0,0.07374776961619395,129481643.10789263,129481643.10789263,0.9980244500028004,True,True,True,45.0,45,45,45.0,45,45,0.0,0,0,1.79,0,3,1.79,0,3,0.0,0,0,0.0,0,0,0.0,0,0,0.0,0,0,0.0,0,0
poorly_conditioned,nominal,causal_prefix_batch,True,1.5,100,20,80,0.2,0.1333669333310325,0.2888291655931589,20,0.2,0.1333669333310325,0.2888291655931589,"{""insufficient_local_observability"": 77, ""optimization_error:ValueError"": 3}",57.4793076490944,116.56867250367496,60.50904469729638,122.4565838985656,20,100,0.9,0.6989663547715128,0.9721335187862319,0.18,0.1170022549894635,0.2666735838630073,18,linear,whole_base_sequence,9.511314640747951,28.369190387489894,6,0,0,nan,nan,nan,2,True,2.295894522999297,0.0,0.0,0.036467875994294546,125363.66092557996,323449249.6058016,1.4964500178359175,True,True,True,45.0,45,45,45.0,45,45,0.0,0,0,3.19,3,4,3.19,3,4,0.0,0,0,0.0,0,0,0.0,0,0,0.0,0,0,0.0,0,0
poorly_conditioned,nominal,causal_prefix_batch,True,10.0,100,100,0,1.0,0.9630065017930143,1.0,100,1.0,0.9630065017930143,1.0,{},0.4588475958994833,0.7592137696300596,0.07740746698285411,0.12596493929869387,100,100,0.96,0.9016292856411208,0.9843366960084523,0.96,0.9016292856411208,0.9843366960084523,96,linear,whole_base_sequence,5.971616817744883,11.469058701806855,6,0,0,nan,nan,nan,2,True,0.30063135400007013,0.0,0.0,0.00023393814075470265,525.438694356518,676.3243956916137,9.989789698436592,True,True,True,45.0,45,45,45.0,45,45,0.0,0,0,35.74,35,36,35.74,35,36,0.0,0,0,0.0,0,0,0.0,0,0,0.0,0,0,0.0,0,0
poorly_conditioned,nominal,causal_prefix_batch,True,10.5,100,100,0,1.0,0.9630065017930143,1.0,100,1.0,0.9630065017930143,1.0,{},0.46285532007924984,0.7558872693925915,0.07367002469774717,0.11593292958161372,100,100,0.96,0.9016292856411208,0.9843366960084523,0.96,0.9016292856411208,0.9843366960084523,96,linear,whole_base_sequence,5.928258823599495,11.124314661490315,6,0,0,nan,nan,nan,2,True,0.309194205001113,0.0,0.0,0.00020298195682941702,629.4264049621597,744.8761091950691,10.498609775121441,True,True,True,45.0,45,45,45.0,45,45,0.0,0,0,37.15,36,38,37.15,36,38,0.0,0,0,0.0,0,0,0.0,0,0,0.0,0,0,0.0,0,0
poorly_conditioned,nominal,causal_prefix_batch,True,11.0,100,100,0,1.0,0.9630065017930143,1.0,100,1.0,0.9630065017930143,1.0,{},0.43131362612723384,0.7597495970749027,0.06532008232872222,0.1016153757934835,100,100,0.97,0.9154806357094724,0.9897454759759611,0.97,0.9154806357094724,0.9897454759759611,97,linear,whole_base_sequence,5.920902377145876,11.204936034530553,6,0,0,nan,nan,nan,2,True,0.3261985750016174,0.0,0.0,0.0001772671802389804,663.4814260583873,745.7152951348031,10.919532383859073,True,True,True,45.0,45,45,45.0,45,45,0.0,0,0,39.0,39,39,39.0,39,39,0.0,0,0,0.0,0,0,0.0,0,0,0.0,0,0,0.0,0,0
poorly_conditioned,nominal,causal_prefix_batch,True,11.5,100,100,0,1.0,0.9630065017930143,1.0,100,1.0,0.9630065017930143,1.0,{},0.4469057773097492,0.7121055977933612,0.06340861740329973,0.10462182414212014,100,100,0.95,0.8882495307680808,0.9784563208456319,0.95,0.8882495307680808,0.9784563208456319,95,linear,whole_base_sequence,6.065411290958064,11.961620983429853,6,0,0,nan,nan,nan,2,True,0.34290504199947464,0.0,0.0,0.00015576840127362184,732.9869028105528,860.6055295077243,11.499339348942456,True,True,True,45.0,45,45,45.0,45,45,0.0,0,0,41.28,40,42,41.28,40,42,0.0,0,0,0.0,0,0,0.0,0,0,0.0,0,0,0.0,0,0
poorly_conditioned,nominal,causal_prefix_batch,True,12.0,100,100,0,1.0,0.9630065017930143,1.0,100,1.0,0.9630065017930143,1.0,{},0.44671041020792424,0.7381904473973814,0.06160265544723901,0.10460997487701283,100,100,0.94,0.8752318455410406,0.9722138760368118,0.94,0.8752318455410406,0.9722138760368118,94,linear,whole_base_sequence,6.025089066095706,13.288582443131483,6,0,0,nan,nan,nan,2,True,0.3508046050000121,0.0,0.0,0.00013763532855457994,842.6074056292339,915.1220956732745,11.997967432491361,True,True,True,45.0,45,45,45.0,45,45,0.0,0,0,42.5,42,44,42.5,42,44,0.0,0,0,0.0,0,0,0.0,0,0,0.0,0,0,0.0,0,0
poorly_conditioned,nominal,causal_prefix_batch,True,12.5,100,100,0,1.0,0.9630065017930143,1.0,100,1.0,0.9630065017930143,1.0,{},0.43127721325377133,0.7004049595778138,0.056868784367780464,0.08893999057675882,100,100,0.95,0.8882495307680808,0.9784563208456319,0.95,0.8882495307680808,0.9784563208456319,95,linear,whole_base_sequence,6.193725396587675,12.516438388724366,6,0,0,nan,nan,nan,2,True,0.38125346500077284,0.0,0.0,0.0001222564166128648,873.7394886347462,1009.7892780145571,12.499319060207084,True,True,True,45.0,45,45,45.0,45,45,0.0,0,0,44.96,44,45,44.96,44,45,0.0,0,0,0.0,0,0,0.0,0,0,0.0,0,0,0.0,0,0
poorly_conditioned,nominal,causal_prefix_batch,True,14.5,100,100,0,1.0,0.9630065017930143,1.0,100,1.0,0.9630065017930143,1.0,{},0.5356804367278009,0.8503832595165627,0.05701368713422818,0.08893999056854524,100,100,0.95,0.8882495307680808,0.9784563208456319,0.95,0.8882495307680808,0.9784563208456319,95,linear,whole_base_sequence,6.238855436853696,12.516438381988255,6,0,0,nan,nan,nan,2,True,0.3766624110002886,0.0,0.0,7.988283579901595e-05,2060.3351582601153,2404.140489225654,12.518298918608764,True,True,True,45.0,45,45,45.0,45,45,0.0,0,0,45.0,45,45,45.0,45,45,0.0,0,0,0.0,0,0,0.0,0,0,0.0,0,0,0.0,0,0
poorly_conditioned,nominal,causal_prefix_batch,True,2.0,100,100,0,1.0,0.9630065017930143,1.0,100,1.0,0.9630065017930143,1.0,{},1.7235193720525954,2.8680329824332755,1.324104496157526,2.142945068503587,100,100,0.94,0.8752318455410406,0.9722138760368118,0.94,0.8752318455410406,0.9722138760368118,94,linear,whole_base_sequence,5.785501943459317,12.687401991399591,6,0,0,nan,nan,nan,2,True,0.058811582000926135,0.0,0.0,0.02186619075329437,115.36873264013965,241.38249507459773,1.9974613505584822,True,True,True,45.0,45,45,45.0,45,45,0.0,0,0,5.76,5,6,5.76,5,6,0.0,0,0,0.0,0,0,0.0,0,0,0.0,0,0,0.0,0,0
poorly_conditioned,nominal,causal_prefix_batch,True,2.5,100,100,0,1.0,0.9630065017930143,1.0,100,1.0,0.9630065017930143,1.0,{},1.5569494270127524,2.6775648719192513,0.9352456119915887,1.5947566511286175,100,100,0.98,0.929988209271456,0.9944980324498376,0.98,0.929988209271456,0.9944980324498376,98,linear,whole_base_sequence,5.588408261931337,12.019065774307084,6,0,0,nan,nan,nan,2,True,0.07048117899976206,0.0,0.0,0.012425409922032914,137.88253559204475,302.6516753619903,2.495801938814801,True,True,True,45.0,45,45,45.0,45,45,0.0,0,0,7.06,6,8,7.06,6,8,0.0,0,0,0.0,0,0,0.0,0,0,0.0,0,0,0.0,0,0
poorly_conditioned,nominal,causal_prefix_batch,True,3.0,100,100,0,1.0,0.9630065017930143,1.0,100,1.0,0.9630065017930143,1.0,{},1.2483929935535105,2.057370139318704,0.6556207756638911,1.0649376131951103,100,100,0.95,0.8882495307680808,0.9784563208456319,0.95,0.8882495307680808,0.9784563208456319,95,linear,whole_base_sequence,5.751757526657623,12.576510895740967,6,0,0,nan,nan,nan,2,True,0.08691515499871456,0.0,0.0,0.007867969186404616,148.5192701646841,163.10733611371083,2.919467157505566,True,True,True,45.0,45,45,45.0,45,45,0.0,0,0,9.0,9,9,9.0,9,9,0.0,0,0,0.0,0,0,0.0,0,0,0.0,0,0,0.0,0,0
poorly_conditioned,nominal,causal_prefix_batch,True,3.5,100,100,0,1.0,0.9630065017930143,1.0,100,1.0,0.9630065017930143,1.0,{},0.9780091675213374,1.5871096681603982,0.4540257542489445,0.7283425573441697,100,100,0.96,0.9016292856411208,0.9843366960084523,0.96,0.9016292856411208,0.9843366960084523,96,linear,whole_base_sequence,5.649499958367574,12.07657077438098,6,0,0,nan,nan,nan,2,True,0.10224322699999902,0.0,0.0,0.005068173613010081,162.82527476390322,216.54317331503634,3.4982209701726212,True,True,True,45.0,45,45,45.0,45,45,0.0,0,0,11.25,10,12,11.25,10,12,0.0,0,0,0.0,0,0,0.0,0,0,0.0,0,0,0.0,0,0
poorly_conditioned,nominal,causal_prefix_batch,True,4.0,100,100,0,1.0,0.9630065017930143,1.0,100,1.0,0.9630065017930143,1.0,{},0.911709085723515,1.393213452718083,0.3747155044463178,0.7039359638949882,100,100,0.94,0.8752318455410406,0.9722138760368118,0.94,0.8752318455410406,0.9722138760368118,94,linear,whole_base_sequence,5.545680151876412,13.285155472153575,6,0,0,nan,nan,nan,2,True,0.11467143699817825,0.0,0.0,0.0035159055186315706,212.03748500219044,235.29897544210564,3.9975016630794027,True,True,True,45.0,45,45,45.0,45,45,0.0,0,0,12.51,12,14,12.51,12,14,0.0,0,0,0.0,0,0,0.0,0,0,0.0,0,0,0.0,0,0
poorly_conditioned,nominal,causal_prefix_batch,True,4.5,100,100,0,1.0,0.9630065017930143,1.0,100,1.0,0.9630065017930143,1.0,{},0.8194666715845227,1.5110057516594402,0.3047877342679762,0.5457494583985261,100,100,0.92,0.8500189229905127,0.9589065385156194,0.92,0.8500189229905127,0.9589065385156194,92,linear,whole_base_sequence,6.157344947879266,14.200035001437447,6,0,0,nan,nan,nan,2,True,0.13569451799994567,0.0,0.0,0.002479163662745411,176.88900906467438,272.95953700038757,4.496681836145486,True,True,True,45.0,45,45,45.0,45,45,0.0,0,0,14.96,14,15,14.96,14,15,0.0,0,0,0.0,0,0,0.0,0,0,0.0,0,0,0.0,0,0
poorly_conditioned,nominal,causal_prefix_batch,True,5.0,100,100,0,1.0,0.9630065017930143,1.0,100,1.0,0.9630065017930143,1.0,{},0.7614141200982661,1.2441330844959817,0.2518397158912385,0.43254252524724224,100,100,0.94,0.8752318455410406,0.9722138760368118,0.94,0.8752318455410406,0.9722138760368118,94,linear,whole_base_sequence,5.880599289232975,13.227383235334376,6,0,0,nan,nan,nan,2,True,0.15166346399928443,0.0,0.0,0.0018194154174359799,229.75018133872476,299.59193433673914,4.997797684238566,True,True,True,45.0,45,45,45.0,45,45,0.0,0,0,16.77,16,18,16.77,16,18,0.0,0,0,0.0,0,0,0.0,0,0,0.0,0,0,0.0,0,0
poorly_conditioned,nominal,causal_prefix_batch,True,5.5,100,100,0,1.0,0.9630065017930143,1.0,100,1.0,0.9630065017930143,1.0,{},0.6973218554354168,1.067519072230999,0.21169764368798702,0.3462555560715692,100,100,0.96,0.9016292856411208,0.9843366960084523,0.96,0.9016292856411208,0.9843366960084523,96,linear,whole_base_sequence,5.751751240472519,11.99287379400585,6,0,0,nan,nan,nan,2,True,0.1614389689991367,0.0,0.0,0.001375672099264792,262.37375287368286,282.1639715389929,5.494821468465719,True,True,True,45.0,45,45,45.0,45,45,0.0,0,0,18.21,18,19,18.21,18,19,0.0,0,0,0.0,0,0,0.0,0,0,0.0,0,0,0.0,0,0
poorly_conditioned,nominal,causal_prefix_batch,True,6.0,100,100,0,1.0,0.9630065017930143,1.0,100,1.0,0.9630065017930143,1.0,{},0.6175230368791871,1.0035068508874312,0.1768261758066137,0.29054216399958377,100,100,0.94,0.8752318455410406,0.9722138760368118,0.94,0.8752318455410406,0.9722138760368118,94,linear,whole_base_sequence,5.7703011130068305,13.05895686290722,6,0,0,nan,nan,nan,2,True,0.17818690700107254,0.0,0.0,0.0010602485268709982,238.01935331577735,359.3961558820641,5.998694141125537,True,True,True,45.0,45,45,45.0,45,45,0.0,0,0,20.71,20,21,20.71,20,21,0.0,0,0,0.0,0,0,0.0,0,0,0.0,0,0,0.0,0,0
poorly_conditioned,nominal,causal_prefix_batch,True,6.5,100,100,0,1.0,0.9630065017930143,1.0,100,1.0,0.9630065017930143,1.0,{},0.6167660874178907,1.0457779089495272,0.1602026883593958,0.2603678933927814,100,100,0.95,0.8882495307680808,0.9784563208456319,0.95,0.8882495307680808,0.9784563208456319,95,linear,whole_base_sequence,5.736807997599836,12.443319577249927,6,0,0,nan,nan,nan,2,True,0.18997636300104204,0.0,0.0,0.000837612718255857,325.8124860049667,390.53673724729504,6.497316090988757,True,True,True,45.0,45,45,45.0,45,45,0.0,0,0,21.86,21,23,21.86,21,23,0.0,0,0,0.0,0,0,0.0,0,0,0.0,0,0,0.0,0,0
poorly_conditioned,nominal,causal_prefix_batch,True,7.0,100,100,0,1.0,0.9630065017930143,1.0,100,1.0,0.9630065017930143,1.0,{},0.5601652880167274,0.8512879168709455,0.13811279381237995,0.22502796990339805,100,100,0.96,0.9016292856411208,0.9843366960084523,0.96,0.9016292856411208,0.9843366960084523,96,linear,whole_base_sequence,5.821555306730659,12.191837855350956,6,0,0,nan,nan,nan,2,True,0.20836810900102137,0.0,0.0,0.0006707962864295346,330.5960107635541,358.3900533266663,6.916259984169404,True,True,True,45.0,45,45,45.0,45,45,0.0,0,0,24.0,24,24,24.0,24,24,0.0,0,0,0.0,0,0,0.0,0,0,0.0,0,0,0.0,0,0
poorly_conditioned,nominal,causal_prefix_batch,True,7.5,100,100,0,1.0,0.9630065017930143,1.0,100,1.0,0.9630065017930143,1.0,{},0.5246801324446925,0.8273910953792378,0.11983144191174523,0.2007815375161352,100,100,0.93,0.8625048526092651,0.9656807389327273,0.93,0.8625048526092651,0.9656807389327273,93,linear,whole_base_sequence,5.688690430163385,13.313895111751778,6,0,0,nan,nan,nan,2,True,0.22337060099845985,0.0,0.0,0.0005465920362486564,396.34774765518944,463.96974835402216,7.49663367385701,True,True,True,45.0,45,45,45.0,45,45,0.0,0,0,26.35,25,27,26.35,25,27,0.0,0,0,0.0,0,0,0.0,0,0,0.0,0,0,0.0,0,0
poorly_conditioned,nominal,causal_prefix_batch,True,8.0,100,100,0,1.0,0.9630065017930143,1.0,100,1.0,0.9630065017930143,1.0,{},0.5550070938460675,0.8937553459455836,0.11571458666062656,0.2022328170785773,100,100,0.92,0.8500189229905127,0.9589065385156194,0.92,0.8500189229905127,0.9589065385156194,92,linear,whole_base_sequence,5.768108079084918,13.185429850755447,6,0,0,nan,nan,nan,2,True,0.23203187799954322,0.0,0.0,0.0004516182316597035,418.5320785750528,488.2415433653026,7.997989549354098,True,True,True,45.0,45,45,45.0,45,45,0.0,0,0,27.6,27,29,27.6,27,29,0.0,0,0,0.0,0,0,0.0,0,0,0.0,0,0,0.0,0,0
poorly_conditioned,nominal,causal_prefix_batch,True,8.5,100,100,0,1.0,0.9630065017930143,1.0,100,1.0,0.9630065017930143,1.0,{},0.5101660975663909,0.8482956932968515,0.10234548007473691,0.1729078757690854,100,100,0.95,0.8882495307680808,0.9784563208456319,0.95,0.8882495307680808,0.9784563208456319,95,linear,whole_base_sequence,5.882371751875971,12.344161685310507,6,0,0,nan,nan,nan,2,True,0.2528579209995223,0.0,0.0,0.0003773866042823954,410.2581181072529,552.4510526958911,8.499101501616938,True,True,True,45.0,45,45,45.0,45,45,0.0,0,0,29.96,29,30,29.96,29,30,0.0,0,0,0.0,0,0,0.0,0,0,0.0,0,0,0.0,0,0
poorly_conditioned,nominal,causal_prefix_batch,True,9.0,100,100,0,1.0,0.9630065017930143,1.0,100,1.0,0.9630065017930143,1.0,{},0.5067645218991096,0.8230138231072943,0.09709451941405471,0.1625976397552593,100,100,0.93,0.8625048526092651,0.9656807389327273,0.93,0.8625048526092651,0.9656807389327273,93,linear,whole_base_sequence,5.995251044830107,13.146098317134177,6,0,0,nan,nan,nan,2,True,0.2686747119994834,0.0,0.0,0.00031857194790428027,490.4091197987873,589.9793106801626,8.999106114578835,True,True,True,45.0,45,45,45.0,45,45,0.0,0,0,31.83,30,33,31.83,30,33,0.0,0,0,0.0,0,0,0.0,0,0,0.0,0,0,0.0,0,0
poorly_conditioned,nominal,causal_prefix_batch,True,9.5,100,100,0,1.0,0.9630065017930143,1.0,100,1.0,0.9630065017930143,1.0,{},0.4987779090853565,0.7728322594696684,0.0893782778524652,0.14310461706860383,100,100,0.98,0.929988209271456,0.9944980324498376,0.98,0.929988209271456,0.9944980324498376,98,linear,whole_base_sequence,6.035208501569927,11.886159928442597,6,0,0,nan,nan,nan,2,True,0.27596856700081845,0.0,0.0,0.00027172076583302594,529.2407016674483,577.4477801829448,9.49477757693301,True,True,True,45.0,45,45,45.0,45,45,0.0,0,0,33.2,33,34,33.2,33,34,0.0,0,0,0.0,0,0,0.0,0,0,0.0,0,0,0.0,0,0
poorly_conditioned,nominal,initial_batch_no_updates,True,0.0,100,0,100,0.0,0.0,0.03699349820698568,0,0.0,0.0,0.03699349820698568,"{""not_initialized"": 100}",nan,nan,nan,nan,0,100,nan,nan,nan,0.0,0.0,0.03699349820698568,0,linear,whole_base_sequence,nan,nan,6,0,0,nan,nan,nan,2,True,2.430001040920615e-06,0.0,nan,nan,nan,nan,nan,True,True,True,45.0,45,45,45.0,45,45,0.0,0,0,0.0,0,0,0.0,0,0,0.0,0,0,0.0,0,0,0.0,0,0,0.0,0,0,0.0,0,0
poorly_conditioned,nominal,initial_batch_no_updates,True,0.5,100,0,100,0.0,0.0,0.03699349820698568,0,0.0,0.0,0.03699349820698568,"{""not_initialized"": 100}",nan,nan,nan,nan,0,100,nan,nan,nan,0.0,0.0,0.03699349820698568,0,linear,whole_base_sequence,nan,nan,6,0,0,nan,nan,nan,2,True,1.9500008784234525e-06,0.0,nan,nan,nan,nan,nan,True,True,True,45.0,45,45,45.0,45,45,0.0,0,0,0.0,0,0,0.0,0,0,0.0,0,0,0.0,0,0,0.0,0,0,0.0,0,0,0.0,0,0
poorly_conditioned,nominal,initial_batch_no_updates,True,1.0,100,0,100,0.0,0.0,0.03699349820698568,0,0.0,0.0,0.03699349820698568,"{""not_initialized"": 100}",nan,nan,nan,nan,0,100,nan,nan,nan,0.0,0.0,0.03699349820698568,0,linear,whole_base_sequence,nan,nan,6,0,0,nan,nan,nan,2,True,2.2130014258436857e-06,0.0,nan,nan,nan,nan,0.9980244500028004,True,True,True,45.0,45,45,45.0,45,45,0.0,0,0,1.79,0,3,0.0,0,0,0.0,0,0,0.0,0,0,0.0,0,0,0.0,0,0,1.79,0,3
poorly_conditioned,nominal,initial_batch_no_updates,True,1.5,100,0,100,0.0,0.0,0.03699349820698568,0,0.0,0.0,0.03699349820698568,"{""not_initialized"": 100}",nan,nan,nan,nan,0,100,nan,nan,nan,0.0,0.0,0.03699349820698568,0,linear,whole_base_sequence,nan,nan,6,0,0,nan,nan,nan,2,True,3.4320002305321397e-06,0.0,nan,nan,nan,nan,1.4964500178359175,True,True,True,45.0,45,45,45.0,45,45,0.0,0,0,3.19,3,4,0.0,0,0,0.0,0,0,0.0,0,0,0.0,0,0,0.0,0,0,3.19,3,4
poorly_conditioned,nominal,initial_batch_no_updates,True,10.0,100,100,0,1.0,0.9630065017930143,1.0,100,1.0,0.9630065017930143,1.0,{},11.532302484944928,19.28380530261898,1.2535911965542845,2.040906600362046,100,100,0.94,0.8752318455410406,0.9722138760368118,0.94,0.8752318455410406,0.9722138760368118,94,linear,whole_base_sequence,5.794231549913125,12.646054015123966,6,0,0,nan,nan,nan,2,True,0.00014049900288227947,0.0,0.0,0.0005712893402247451,146636.0479041242,160309.8441350496,9.989789698436592,True,True,True,45.0,45,45,45.0,45,45,0.0,0,0,35.74,35,36,6.0,6,6,6.0,6,6,0.0,0,0,0.0,0,0,0.0,0,0,29.74,29,30
poorly_conditioned,nominal,initial_batch_no_updates,True,10.5,100,100,0,1.0,0.9630065017930143,1.0,100,1.0,0.9630065017930143,1.0,{},12.158410415643731,20.304189519860508,1.2535911965542845,2.040906600362046,100,100,0.94,0.8752318455410406,0.9722138760368118,0.94,0.8752318455410406,0.9722138760368118,94,linear,whole_base_sequence,5.794231549913087,12.646054015124877,6,0,0,nan,nan,nan,2,True,0.0001393500008271076,0.0,0.0,0.0005136846925714143,181032.25912320975,197925.83414125736,10.498609775121441,True,True,True,45.0,45,45,45.0,45,45,0.0,0,0,37.15,36,38,6.0,6,6,6.0,6,6,0.0,0,0,0.0,0,0,0.0,0,0,31.15,30,32
poorly_conditioned,nominal,initial_batch_no_updates,True,11.0,100,100,0,1.0,0.9630065017930143,1.0,100,1.0,0.9630065017930143,1.0,{},12.784585738702686,21.324580498303593,1.2535911965542845,2.040906600362046,100,100,0.94,0.8752318455410406,0.9722138760368118,0.94,0.8752318455410406,0.9722138760368118,94,linear,whole_base_sequence,5.794231549913101,12.646054015124419,6,0,0,nan,nan,nan,2,True,0.0001370060004410334,0.0,0.0,0.00046434267204334867,221219.56842950237,241833.40750457929,10.919532383859073,True,True,True,45.0,45,45,45.0,45,45,0.0,0,0,39.0,39,39,6.0,6,6,6.0,6,6,0.0,0,0,0.0,0,0,0.0,0,0,33.0,33,33
poorly_conditioned,nominal,initial_batch_no_updates,True,11.5,100,100,0,1.0,0.9630065017930143,1.0,100,1.0,0.9630065017930143,1.0,{},13.410819014112654,22.344977291384367,1.2535911965542845,2.040906600362046,100,100,0.94,0.8752318455410406,0.9722138760368118,0.94,0.8752318455410406,0.9722138760368118,94,linear,whole_base_sequence,5.794231549913147,12.646054015123534,6,0,0,nan,nan,nan,2,True,0.000139288000355009,0.0,0.0,0.00042176047427513937,267784.12965849513,292700.7549533981,11.499339348942456,True,True,True,45.0,45,45,45.0,45,45,0.0,0,0,41.28,40,42,6.0,6,6,6.0,6,6,0.0,0,0,0.0,0,0,0.0,0,0,35.28,34,36
poorly_conditioned,nominal,initial_batch_no_updates,True,12.0,100,100,0,1.0,0.9630065017930143,1.0,100,1.0,0.9630065017930143,1.0,{},14.037102485640334,23.365379121396998,1.2535911965542845,2.040906600362046,100,100,0.94,0.8752318455410406,0.9722138760368118,0.94,0.8752318455410406,0.9722138760368118,94,linear,whole_base_sequence,5.794231549913166,12.64605401512344,6,0,0,nan,nan,nan,2,True,0.00014119600295089184,0.0,0.0,0.00038476103420829365,321367.22105218255,351229.9315933591,11.997967432491361,True,True,True,45.0,45,45,45.0,45,45,0.0,0,0,42.5,42,44,6.0,6,6,6.0,6,6,0.0,0,0,0.0,0,0,0.0,0,0,36.5,36,38
poorly_conditioned,nominal,initial_batch_no_updates,True,12.5,100,100,0,1.0,0.9630065017930143,1.0,100,1.0,0.9630065017930143,1.0,{},14.663429721572436,24.385785343439363,1.2535911965542845,2.040906600362046,100,100,0.94,0.8752318455410406,0.9722138760368118,0.94,0.8752318455410406,0.9722138760368118,94,linear,whole_base_sequence,5.794231549913157,12.646054015124442,6,0,0,nan,nan,nan,2,True,0.00013774300139630214,0.0,0.0,0.00035241206597978476,382615.0061652546,418156.857083389,12.499319060207084,True,True,True,45.0,45,45,45.0,45,45,0.0,0,0,44.96,44,45,6.0,6,6,6.0,6,6,0.0,0,0,0.0,0,0,0.0,0,0,38.96,38,39
poorly_conditioned,nominal,initial_batch_no_updates,True,14.5,100,100,0,1.0,0.9630065017930143,1.0,100,1.0,0.9630065017930143,1.0,{},17.16908051318943,28.46744454583846,1.2535911965542845,2.040906600362046,100,100,0.94,0.8752318455410406,0.9722138760368118,0.94,0.8752318455410406,0.9722138760368118,94,linear,whole_base_sequence,5.794231549913069,12.646054015123497,6,0,0,nan,nan,nan,2,True,0.00013801200111629441,0.0,0.0,0.00025656999759825173,718957.2480002872,785745.69620473,12.518298918608764,True,True,True,45.0,45,45,45.0,45,45,0.0,0,0,45.0,45,45,6.0,6,6,6.0,6,6,0.0,0,0,0.0,0,0,0.0,0,0,39.0,39,39
poorly_conditioned,nominal,initial_batch_no_updates,True,2.0,100,76,24,0.76,0.6676766365018553,0.8330867444305122,76,0.76,0.6676766365018553,0.8330867444305122,"{""not_initialized"": 24}",1.6038174726382564,2.759207651016562,1.2686535808570505,2.099754992057864,76,100,0.9473684210526315,0.8723432742411035,0.9793445707006156,0.72,0.6251197129007884,0.7986031478881379,72,linear,whole_base_sequence,5.93781801613331,12.170714033450924,6,0,0,nan,nan,nan,2,True,9.825200191698969e-05,0.0,0.0,0.02186619074838811,113.74161425519142,124.2184460191898,1.9974613505584822,True,True,True,45.0,45,45,45.0,45,45,0.0,0,0,5.76,5,6,4.56,0,6,4.56,0,6,0.0,0,0,0.0,0,0,0.0,0,0,1.2,0,5
poorly_conditioned,nominal,initial_batch_no_updates,True,2.5,100,100,0,1.0,0.9630065017930143,1.0,100,1.0,0.9630065017930143,1.0,{},2.188448177240301,3.736193630740649,1.2535911965542845,2.040906600362046,100,100,0.94,0.8752318455410406,0.9722138760368118,0.94,0.8752318455410406,0.9722138760368118,94,linear,whole_base_sequence,5.794231549913121,12.64605401512436,6,0,0,nan,nan,nan,2,True,0.0001338739990023896,0.0,0.0,0.013600464461346096,288.46845202668993,315.4964492353323,2.495801938814801,True,True,True,45.0,45,45,45.0,45,45,0.0,0,0,7.06,6,8,6.0,6,6,6.0,6,6,0.0,0,0,0.0,0,0,0.0,0,0,1.06,0,2
poorly_conditioned,nominal,initial_batch_no_updates,True,3.0,100,100,0,1.0,0.9630065017930143,1.0,100,1.0,0.9630065017930143,1.0,{},2.7992975895473067,4.739673019543939,1.2535911965542845,2.040906600362046,100,100,0.94,0.8752318455410406,0.9722138760368118,0.94,0.8752318455410406,0.9722138760368118,94,linear,whole_base_sequence,5.794231549913126,12.646054015124399,6,0,0,nan,nan,nan,2,True,0.00013074099872028454,0.0,0.0,0.008959358088853179,651.5439209903489,712.8232793231821,2.919467157505566,True,True,True,45.0,45,45,45.0,45,45,0.0,0,0,9.0,9,9,6.0,6,6,6.0,6,6,0.0,0,0,0.0,0,0,0.0,0,0,3.0,3,3
poorly_conditioned,nominal,initial_batch_no_updates,True,3.5,100,100,0,1.0,0.9630065017930143,1.0,100,1.0,0.9630065017930143,1.0,{},3.4159294502760917,5.876247112645708,1.2535911965542845,2.040906600362046,100,100,0.94,0.8752318455410406,0.9722138760368118,0.94,0.8752318455410406,0.9722138760368118,94,linear,whole_base_sequence,5.79423154991313,12.646054015124498,6,0,0,nan,nan,nan,2,True,0.00013519899919629098,0.0,0.0,0.006245035550484791,1318.6070249431527,1442.5888392822646,3.4982209701726212,True,True,True,45.0,45,45,45.0,45,45,0.0,0,0,11.25,10,12,6.0,6,6,6.0,6,6,0.0,0,0,0.0,0,0,0.0,0,0,5.25,4,6
poorly_conditioned,nominal,initial_batch_no_updates,True,4.0,100,100,0,1.0,0.9630065017930143,1.0,100,1.0,0.9630065017930143,1.0,{},4.035694050311655,7.020986991174571,1.2535911965542845,2.040906600362046,100,100,0.94,0.8752318455410406,0.9722138760368118,0.94,0.8752318455410406,0.9722138760368118,94,linear,whole_base_sequence,5.794231549913125,12.646054015124358,6,0,0,nan,nan,nan,2,True,0.00013635499810334294,0.0,0.0,0.004563477318638278,2435.478396994049,2665.028045772739,3.9975016630794027,True,True,True,45.0,45,45,45.0,45,45,0.0,0,0,12.51,12,14,6.0,6,6,6.0,6,6,0.0,0,0,0.0,0,0,0.0,0,0,6.51,6,8
poorly_conditioned,nominal,initial_batch_no_updates,True,4.5,100,100,0,1.0,0.9630065017930143,1.0,100,1.0,0.9630065017930143,1.0,{},4.657340911960113,8.06080721080135,1.2535911965542845,2.040906600362046,100,100,0.94,0.8752318455410406,0.9722138760368118,0.94,0.8752318455410406,0.9722138760368118,94,linear,whole_base_sequence,5.794231549913117,12.64605401512434,6,0,0,nan,nan,nan,2,True,0.00013955200061900542,0.0,0.0,0.0034642688371824535,4179.573949420618,4574.233512352181,4.496681836145486,True,True,True,45.0,45,45,45.0,45,45,0.0,0,0,14.96,14,15,6.0,6,6,6.0,6,6,0.0,0,0,0.0,0,0,0.0,0,0,8.96,8,9
poorly_conditioned,nominal,initial_batch_no_updates,True,5.0,100,100,0,1.0,0.9630065017930143,1.0,100,1.0,0.9630065017930143,1.0,{},5.280205272217476,9.08086499632635,1.2535911965542845,2.040906600362046,100,100,0.94,0.8752318455410406,0.9722138760368118,0.94,0.8752318455410406,0.9722138760368118,94,linear,whole_base_sequence,5.7942315499131265,12.64605401512453,6,0,0,nan,nan,nan,2,True,0.00013968900020699948,0.0,0.0,0.002711973244229665,6761.081070636641,7398.1598456570755,4.997797684238566,True,True,True,45.0,45,45,45.0,45,45,0.0,0,0,16.77,16,18,6.0,6,6,6.0,6,6,0.0,0,0,0.0,0,0,0.0,0,0,10.77,10,12
poorly_conditioned,nominal,initial_batch_no_updates,True,5.5,100,100,0,1.0,0.9630065017930143,1.0,100,1.0,0.9630065017930143,1.0,{},5.903901803665791,10.10100684552165,1.2535911965542845,2.040906600362046,100,100,0.94,0.8752318455410406,0.9722138760368118,0.94,0.8752318455410406,0.9722138760368118,94,linear,whole_base_sequence,5.794231549913109,12.646054015124442,6,0,0,nan,nan,nan,2,True,0.00013776899897493421,0.0,0.0,0.0021769278447610705,10418.901622216126,11398.6251216122,5.494821468465719,True,True,True,45.0,45,45,45.0,45,45,0.0,0,0,18.21,18,19,6.0,6,6,6.0,6,6,0.0,0,0,0.0,0,0,0.0,0,0,12.21,12,13
poorly_conditioned,nominal,initial_batch_no_updates,True,6.0,100,100,0,1.0,0.9630065017930143,1.0,100,1.0,0.9630065017930143,1.0,{},6.528191996406231,11.1212085074863,1.2535911965542845,2.040906600362046,100,100,0.94,0.8752318455410406,0.9722138760368118,0.94,0.8752318455410406,0.9722138760368118,94,linear,whole_base_sequence,5.794231549913118,12.646054015124346,6,0,0,nan,nan,nan,2,True,0.00013747200020588934,0.0,0.0,0.0017839617795422482,15423.06551364527,16871.31143907586,5.998694141125537,True,True,True,45.0,45,45,45.0,45,45,0.0,0,0,20.71,20,21,6.0,6,6,6.0,6,6,0.0,0,0,0.0,0,0,0.0,0,0,14.71,14,15
poorly_conditioned,nominal,initial_batch_no_updates,True,6.5,100,100,0,1.0,0.9630065017930143,1.0,100,1.0,0.9630065017930143,1.0,{},7.152920412013245,12.141454247582116,1.2535911965542845,2.040906600362046,100,100,0.94,0.8752318455410406,0.9722138760368118,0.94,0.8752318455410406,0.9722138760368118,94,linear,whole_base_sequence,5.794231549913128,12.646054015124404,6,0,0,nan,nan,nan,2,True,0.00013915899908170103,0.0,0.0,0.0014874308415404333,22080.076046528386,24145.765148038827,6.497316090988757,True,True,True,45.0,45,45,45.0,45,45,0.0,0,0,21.86,21,23,6.0,6,6,6.0,6,6,0.0,0,0,0.0,0,0,0.0,0,0,15.86,15,17
poorly_conditioned,nominal,initial_batch_no_updates,True,7.0,100,100,0,1.0,0.9630065017930143,1.0,100,1.0,0.9630065017930143,1.0,{},7.777981456861947,13.161733408743432,1.2535911965542845,2.040906600362046,100,100,0.94,0.8752318455410406,0.9722138760368118,0.94,0.8752318455410406,0.9722138760368118,94,linear,whole_base_sequence,5.794231549913129,12.64605401512461,6,0,0,nan,nan,nan,2,True,0.00013761800248175858,0.0,0.0,0.0012584707011346348,30716.758433139606,33585.396951256786,6.916259984169404,True,True,True,45.0,45,45,45.0,45,45,0.0,0,0,24.0,24,24,6.0,6,6,6.0,6,6,0.0,0,0,0.0,0,0,0.0,0,0,18.0,18,18
poorly_conditioned,nominal,initial_batch_no_updates,True,7.5,100,100,0,1.0,0.9630065017930143,1.0,100,1.0,0.9630065017930143,1.0,{},8.403300905597758,14.182038515168585,1.2535911965542845,2.040906600362046,100,100,0.94,0.8752318455410406,0.9722138760368118,0.94,0.8752318455410406,0.9722138760368118,94,linear,whole_base_sequence,5.794231549913134,12.6460540151244,6,0,0,nan,nan,nan,2,True,0.0001348249992588535,0.0,0.0,0.0010781708623273205,41693.480882731936,45587.48195367366,7.49663367385701,True,True,True,45.0,45,45,45.0,45,45,0.0,0,0,26.35,25,27,6.0,6,6,6.0,6,6,0.0,0,0,0.0,0,0,0.0,0,0,20.35,19,21
poorly_conditioned,nominal,initial_batch_no_updates,True,8.0,100,100,0,1.0,0.9630065017930143,1.0,100,1.0,0.9630065017930143,1.0,{},9.028825068678154,15.202364167142584,1.2535911965542845,2.040906600362046,100,100,0.94,0.8752318455410406,0.9722138760368118,0.94,0.8752318455410406,0.9722138760368118,94,linear,whole_base_sequence,5.794231549913141,12.646054015124532,6,0,0,nan,nan,nan,2,True,0.0001411560003180057,0.0,0.0,0.0009337541302834447,55417.04265665805,60583.15968731482,7.997989549354098,True,True,True,45.0,45,45,45.0,45,45,0.0,0,0,27.6,27,29,6.0,6,6,6.0,6,6,0.0,0,0,0.0,0,0,0.0,0,0,21.6,21,23
poorly_conditioned,nominal,initial_batch_no_updates,True,8.5,100,100,0,1.0,0.9630065017930143,1.0,100,1.0,0.9630065017930143,1.0,{},9.654514155336933,16.222706366832895,1.2535911965542845,2.040906600362046,100,100,0.94,0.8752318455410406,0.9722138760368118,0.94,0.8752318455410406,0.9722138760368118,94,linear,whole_base_sequence,5.794231549913094,12.64605401512433,6,0,0,nan,nan,nan,2,True,0.00014055500127142296,0.0,0.0,0.0008163513414374903,72307.74145061725,79037.43412448771,8.499101501616938,True,True,True,45.0,45,45,45.0,45,45,0.0,0,0,29.96,29,30,6.0,6,6,6.0,6,6,0.0,0,0,0.0,0,0,0.0,0,0,23.96,23,24
poorly_conditioned,nominal,initial_batch_no_updates,True,9.0,100,100,0,1.0,0.9630065017930143,1.0,100,1.0,0.9630065017930143,1.0,{},10.280338052537505,17.243062090890486,1.2535911965542845,2.040906600362046,100,100,0.94,0.8752318455410406,0.9722138760368118,0.94,0.8752318455410406,0.9722138760368118,94,linear,whole_base_sequence,5.794231549913084,12.646054015124344,6,0,0,nan,nan,nan,2,True,0.00013388600054895506,0.0,0.0,0.0007196582906862997,92809.66530884156,101449.17368687392,8.999106114578835,True,True,True,45.0,45,45,45.0,45,45,0.0,0,0,31.83,30,33,6.0,6,6,6.0,6,6,0.0,0,0,0.0,0,0,0.0,0,0,25.83,24,27
poorly_conditioned,nominal,initial_batch_no_updates,True,9.5,100,100,0,1.0,0.9630065017930143,1.0,100,1.0,0.9630065017930143,1.0,{},10.906273553205017,18.2634290104803,1.2535911965542845,2.040906600362046,100,100,0.94,0.8752318455410406,0.9722138760368118,0.94,0.8752318455410406,0.9722138760368118,94,linear,whole_base_sequence,5.794231549913132,12.646054015124868,6,0,0,nan,nan,nan,2,True,0.000135967000387609,0.0,0.0,0.0006390989805628097,117411.4360071127,128351.11125149971,9.49477757693301,True,True,True,45.0,45,45,45.0,45,45,0.0,0,0,33.2,33,34,6.0,6,6,6.0,6,6,0.0,0,0,0.0,0,0,0.0,0,0,27.2,27,28
poorly_conditioned,nominal,offline_full_record_noncausal,False,14.5,100,100,0,1.0,0.9630065017930143,1.0,100,1.0,0.9630065017930143,1.0,{},0.5356804367278009,0.8503832595165627,0.05701368713422818,0.08893999056854524,100,100,0.95,0.8882495307680808,0.9784563208456319,0.95,0.8882495307680808,0.9784563208456319,95,linear,whole_base_sequence,6.238855436853696,12.516438381988255,6,0,0,nan,nan,nan,2,True,0.37773561099777,0.0,0.0,7.988283579901595e-05,2060.3351582601153,2404.140489225654,12.518298918608764,True,True,True,45.0,45,45,45.0,45,45,0.0,0,0,45.0,45,45,45.0,45,45,0.0,0,0,0.0,0,0,0.0,0,0,0.0,0,0,0.0,0,0
poorly_conditioned,nominal,retarded_ekf,True,0.0,100,0,100,0.0,0.0,0.03699349820698568,0,0.0,0.0,0.03699349820698568,"{""not_initialized"": 100}",nan,nan,nan,nan,0,100,nan,nan,nan,0.0,0.0,0.03699349820698568,0,linear,whole_base_sequence,nan,nan,6,0,0,nan,nan,nan,2,True,2.5544999807607383e-05,0.0,nan,nan,nan,nan,nan,True,True,True,45.0,45,45,45.0,45,45,0.0,0,0,0.0,0,0,0.0,0,0,0.0,0,0,0.0,0,0,0.0,0,0,0.0,0,0,0.0,0,0
poorly_conditioned,nominal,retarded_ekf,True,0.5,100,0,100,0.0,0.0,0.03699349820698568,0,0.0,0.0,0.03699349820698568,"{""not_initialized"": 100}",nan,nan,nan,nan,0,100,nan,nan,nan,0.0,0.0,0.03699349820698568,0,linear,whole_base_sequence,nan,nan,6,0,0,nan,nan,nan,2,True,1.3540997169911861e-05,0.0,nan,nan,nan,nan,nan,True,True,True,45.0,45,45,45.0,45,45,0.0,0,0,0.0,0,0,0.0,0,0,0.0,0,0,0.0,0,0,0.0,0,0,0.0,0,0,0.0,0,0
poorly_conditioned,nominal,retarded_ekf,True,1.0,100,0,100,0.0,0.0,0.03699349820698568,0,0.0,0.0,0.03699349820698568,"{""not_initialized"": 100}",nan,nan,nan,nan,0,100,nan,nan,nan,0.0,0.0,0.03699349820698568,0,linear,whole_base_sequence,nan,nan,6,0,0,nan,nan,nan,2,True,0.00017517399915959687,0.0,nan,nan,nan,nan,0.9980244500028004,True,True,True,45.0,45,45,45.0,45,45,0.0,0,0,1.79,0,3,0.0,0,0,0.0,0,0,0.0,0,0,0.0,0,0,0.0,0,0,1.79,0,3
poorly_conditioned,nominal,retarded_ekf,True,1.5,100,0,100,0.0,0.0,0.03699349820698568,0,0.0,0.0,0.03699349820698568,"{""not_initialized"": 100}",nan,nan,nan,nan,0,100,nan,nan,nan,0.0,0.0,0.03699349820698568,0,linear,whole_base_sequence,nan,nan,6,0,0,nan,nan,nan,2,True,0.0002059740005643107,0.0,nan,nan,nan,nan,1.4964500178359175,True,True,True,45.0,45,45,45.0,45,45,0.0,0,0,3.19,3,4,0.0,0,0,0.0,0,0,0.0,0,0,0.0,0,0,0.0,0,0,3.19,3,4
poorly_conditioned,nominal,retarded_ekf,True,10.0,100,100,0,1.0,0.9630065017930143,1.0,100,1.0,0.9630065017930143,1.0,{},0.45881869733801395,0.7605118738119024,0.07740177118279222,0.12571984277661397,100,100,0.96,0.9016292856411208,0.9843366960084523,0.96,0.9016292856411208,0.9843366960084523,96,linear,whole_base_sequence,5.97163291593187,11.408754753597318,6,254,0,2.10979390212169,6.157091423617615,0.9448818897637795,2,True,0.006042323000729084,0.002010033999395091,0.0,0.00023289519324932775,522.4411229625289,685.7910579049454,9.989789698436592,True,True,True,45.0,45,45,45.0,45,45,0.0,0,0,35.74,35,36,35.74,35,36,6.0,6,6,29.74,29,30,0.0,0,0,0.0,0,0,0.0,0,0
poorly_conditioned,nominal,retarded_ekf,True,10.5,100,100,0,1.0,0.9630065017930143,1.0,100,1.0,0.9630065017930143,1.0,{},0.46293084097770554,0.7569118239224134,0.07367374161481859,0.11598655216753044,100,100,0.96,0.9016292856411208,0.9843366960084523,0.96,0.9016292856411208,0.9843366960084523,96,linear,whole_base_sequence,5.930233959159751,11.188245534835442,6,141,0,1.8635523781744663,5.279959457875297,0.9574468085106383,2,True,0.0036627160009811634,0.0011425100034102797,0.0,0.0002020049824417961,626.0332630406916,745.01317252499,10.498609775121441,True,True,True,45.0,45,45,45.0,45,45,0.0,0,0,37.15,36,38,37.15,36,38,6.0,6,6,31.15,30,32,0.0,0,0,0.0,0,0,0.0,0,0
poorly_conditioned,nominal,retarded_ekf,True,11.0,100,100,0,1.0,0.9630065017930143,1.0,100,1.0,0.9630065017930143,1.0,{},0.43135084207262736,0.7560375092868054,0.06529332410698886,0.10093649601947398,100,100,0.97,0.9154806357094724,0.9897454759759611,0.97,0.9154806357094724,0.9897454759759611,97,linear,whole_base_sequence,5.920286726012598,11.110150555242058,6,185,0,2.2933072689572604,7.4350200883243005,0.9405405405405406,2,True,0.004915791000821628,0.0015315210018889047,0.0,0.00017640119774247706,663.9917649219556,735.3658031082836,10.919532383859073,True,True,True,45.0,45,45,45.0,45,45,0.0,0,0,39.0,39,39,39.0,39,39,6.0,6,6,33.0,33,33,0.0,0,0,0.0,0,0,0.0,0,0
poorly_conditioned,nominal,retarded_ekf,True,11.5,100,100,0,1.0,0.9630065017930143,1.0,100,1.0,0.9630065017930143,1.0,{},0.4470938248510403,0.7124687172609827,0.06342238848524749,0.10413766916874545,100,100,0.95,0.8882495307680808,0.9784563208456319,0.95,0.8882495307680808,0.9784563208456319,95,linear,whole_base_sequence,6.066719365579814,11.987154668448715,6,228,0,2.227227324225953,6.044208787184165,0.9429824561403509,2,True,0.005924868002184666,0.0017984929992235265,0.0,0.00015506837061443545,730.4257732753231,850.2210185695443,11.499339348942456,True,True,True,45.0,45,45,45.0,45,45,0.0,0,0,41.28,40,42,41.28,40,42,6.0,6,6,35.28,34,36,0.0,0,0,0.0,0,0,0.0,0,0
poorly_conditioned,nominal,retarded_ekf,True,12.0,100,100,0,1.0,0.9630065017930143,1.0,100,1.0,0.9630065017930143,1.0,{},0.4467619165099229,0.7356411274452334,0.061567934927790974,0.10412950724934569,100,100,0.94,0.8752318455410406,0.9722138760368118,0.94,0.8752318455410406,0.9722138760368118,94,linear,whole_base_sequence,6.0255267507656916,13.264514636415617,6,122,0,2.0987994422691987,6.102111729430359,0.9344262295081968,2,True,0.0035257530002854765,0.0010136340002645738,0.0,0.00013708678594208525,842.3324254696721,932.0784551460833,11.997967432491361,True,True,True,45.0,45,45,45.0,45,45,0.0,0,0,42.5,42,44,42.5,42,44,6.0,6,6,36.5,36,38,0.0,0,0,0.0,0,0,0.0,0,0
poorly_conditioned,nominal,retarded_ekf,True,12.5,100,100,0,1.0,0.9630065017930143,1.0,100,1.0,0.9630065017930143,1.0,{},0.43165214365779386,0.6995824406001804,0.05687900128479619,0.08978526731662405,100,100,0.94,0.8752318455410406,0.9722138760368118,0.94,0.8752318455410406,0.9722138760368118,94,linear,whole_base_sequence,6.197329221149658,12.64102422947948,6,246,0,2.3961708163149247,7.788890499251517,0.9065040650406504,2,True,0.007024386999255512,0.002014758000441361,0.0,0.00012183873329567208,874.6737170463949,1000.9916788569558,12.499319060207084,True,True,True,45.0,45,45,45.0,45,45,0.0,0,0,44.96,44,45,44.96,44,45,6.0,6,6,38.96,38,39,0.0,0,0,0.0,0,0,0.0,0,0
poorly_conditioned,nominal,retarded_ekf,True,14.5,100,100,0,1.0,0.9630065017930143,1.0,100,1.0,0.9630065017930143,1.0,{},0.5360893643788044,0.8490891221561262,0.057024959108150336,0.08978526731662405,100,100,0.94,0.8752318455410406,0.9722138760368118,0.94,0.8752318455410406,0.9722138760368118,94,linear,whole_base_sequence,6.24230096576339,12.641024229479527,6,4,0,1.0811748387968056,2.834570534580127,1.0,2,True,0.0002826019981876016,2.7893999649677426e-05,0.0,7.958259725490138e-05,2059.300396181176,2387.4595940769514,12.518298918608764,True,True,True,45.0,45,45,45.0,45,45,0.0,0,0,45.0,45,45,45.0,45,45,6.0,6,6,39.0,39,39,0.0,0,0,0.0,0,0,0.0,0,0
poorly_conditioned,nominal,retarded_ekf,True,2.0,100,76,24,0.76,0.6676766365018553,0.8330867444305122,76,0.76,0.6676766365018553,0.8330867444305122,"{""not_initialized"": 24}",1.6038174726382564,2.759207651016562,1.2686535808570505,2.099754992057864,76,100,0.9473684210526315,0.8723432742411035,0.9793445707006156,0.72,0.6251197129007884,0.7986031478881379,72,linear,whole_base_sequence,5.93781801613331,12.170714033450924,6,0,0,nan,nan,nan,2,True,0.04750242400157731,0.0,0.0,0.02186619074838811,113.74161425519142,124.2184460191898,1.9974613505584822,True,True,True,45.0,45,45,45.0,45,45,0.0,0,0,5.76,5,6,4.56,0,6,4.56,0,6,0.0,0,0,0.0,0,0,0.0,0,0,1.2,0,5
poorly_conditioned,nominal,retarded_ekf,True,2.5,100,100,0,1.0,0.9630065017930143,1.0,100,1.0,0.9630065017930143,1.0,{},1.5580392149391138,2.7067147585330438,0.9356122015042652,1.598368851425571,100,100,0.98,0.929988209271456,0.9944980324498376,0.98,0.929988209271456,0.9944980324498376,98,linear,whole_base_sequence,5.594083803370718,12.12538409323754,6,106,0,1.7741018604735375,5.342730289588798,0.9528301886792453,2,True,0.01606310100207338,0.0008387810000567697,0.0,0.012426574207847279,138.16576369511978,302.6516754330804,2.495801938814801,True,True,True,45.0,45,45,45.0,45,45,0.0,0,0,7.06,6,8,7.06,6,8,6.0,6,6,1.06,0,2,0.0,0,0,0.0,0,0,0.0,0,0
poorly_conditioned,nominal,retarded_ekf,True,3.0,100,100,0,1.0,0.9630065017930143,1.0,100,1.0,0.9630065017930143,1.0,{},1.249129881981359,2.0619272492046807,0.6556790314257075,1.079454972542351,100,100,0.95,0.8882495307680808,0.9784563208456319,0.95,0.8882495307680808,0.9784563208456319,95,linear,whole_base_sequence,5.760639339575157,12.608937647310274,6,194,0,1.8081600261138586,6.364233903912393,0.9381443298969072,2,True,0.0026978410026640633,0.0015667409996967764,0.0,0.007851288570559044,148.5368701399516,163.45400701606633,2.919467157505566,True,True,True,45.0,45,45,45.0,45,45,0.0,0,0,9.0,9,9,9.0,9,9,6.0,6,6,3.0,3,3,0.0,0,0,0.0,0,0,0.0,0,0
poorly_conditioned,nominal,retarded_ekf,True,3.5,100,100,0,1.0,0.9630065017930143,1.0,100,1.0,0.9630065017930143,1.0,{},0.9793836782359325,1.5739752097766972,0.4543911370014285,0.7293549809005555,100,100,0.96,0.9016292856411208,0.9843366960084523,0.96,0.9016292856411208,0.9843366960084523,96,linear,whole_base_sequence,5.658866963007666,12.06833992071841,6,225,0,1.8856828766547418,5.699380926902859,0.9555555555555556,2,True,0.0032469810015754775,0.0017825349967461079,0.0,0.005052396487700651,162.9005569619399,218.4813854057849,3.4982209701726212,True,True,True,45.0,45,45,45.0,45,45,0.0,0,0,11.25,10,12,11.25,10,12,6.0,6,6,5.25,4,6,0.0,0,0,0.0,0,0,0.0,0,0
poorly_conditioned,nominal,retarded_ekf,True,4.0,100,100,0,1.0,0.9630065017930143,1.0,100,1.0,0.9630065017930143,1.0,{},0.9118937885792471,1.3849824881483086,0.37445157808201096,0.7000448851509397,100,100,0.94,0.8752318455410406,0.9722138760368118,0.94,0.8752318455410406,0.9722138760368118,94,linear,whole_base_sequence,5.550425154785177,13.196668389761399,6,126,0,1.9957774008308284,6.349780699115734,0.9285714285714286,2,True,0.0019830870008445346,0.0010022360004950314,0.0,0.003502994187062051,209.33614349445025,235.77014135789682,3.9975016630794027,True,True,True,45.0,45,45,45.0,45,45,0.0,0,0,12.51,12,14,12.51,12,14,6.0,6,6,6.51,6,8,0.0,0,0,0.0,0,0,0.0,0,0
poorly_conditioned,nominal,retarded_ekf,True,4.5,100,100,0,1.0,0.9630065017930143,1.0,100,1.0,0.9630065017930143,1.0,{},0.820349846271896,1.5054474611849078,0.30511491694126736,0.543640108601911,100,100,0.92,0.8500189229905127,0.9589065385156194,0.92,0.8500189229905127,0.9589065385156194,92,linear,whole_base_sequence,6.171552872156911,14.105210284495122,6,245,0,1.7595364698167353,5.157486730403127,0.9714285714285714,2,True,0.003894132003188133,0.0019594070012681187,0.0,0.0024713508732618697,176.56150577407158,271.07950382085517,4.496681836145486,True,True,True,45.0,45,45,45.0,45,45,0.0,0,0,14.96,14,15,14.96,14,15,6.0,6,6,8.96,8,9,0.0,0,0,0.0,0,0,0.0,0,0
poorly_conditioned,nominal,retarded_ekf,True,5.0,100,100,0,1.0,0.9630065017930143,1.0,100,1.0,0.9630065017930143,1.0,{},0.7623322244771625,1.2456052604797327,0.2521033685168745,0.42900415522002044,100,100,0.94,0.8752318455410406,0.9722138760368118,0.94,0.8752318455410406,0.9722138760368118,94,linear,whole_base_sequence,5.891233461294779,13.084046571037902,6,181,0,2.0883841296826717,7.099967694235058,0.9005524861878453,2,True,0.003182929000176955,0.0014907920002588072,0.0,0.0018172890648933378,229.76170269654727,302.26531994926654,4.997797684238566,True,True,True,45.0,45,45,45.0,45,45,0.0,0,0,16.77,16,18,16.77,16,18,6.0,6,6,10.77,10,12,0.0,0,0,0.0,0,0,0.0,0,0
poorly_conditioned,nominal,retarded_ekf,True,5.5,100,100,0,1.0,0.9630065017930143,1.0,100,1.0,0.9630065017930143,1.0,{},0.6987377554298849,1.0655486643996142,0.21211538409117556,0.34937812337127916,100,100,0.95,0.8882495307680808,0.9784563208456319,0.95,0.8882495307680808,0.9784563208456319,95,linear,whole_base_sequence,5.761705703426989,11.93145106967049,6,144,0,1.9086564704487037,5.49516245031864,0.9513888888888888,2,True,0.0026367539988132196,0.0011766040022484958,0.0,0.00137168456221091,261.49438539801804,286.3720793717453,5.494821468465719,True,True,True,45.0,45,45,45.0,45,45,0.0,0,0,18.21,18,19,18.21,18,19,6.0,6,6,12.21,12,13,0.0,0,0,0.0,0,0,0.0,0,0
poorly_conditioned,nominal,retarded_ekf,True,6.0,100,100,0,1.0,0.9630065017930143,1.0,100,1.0,0.9630065017930143,1.0,{},0.6180825464317249,1.0076331894965542,0.1769810200156128,0.2934992740175124,100,100,0.94,0.8752318455410406,0.9722138760368118,0.94,0.8752318455410406,0.9722138760368118,94,linear,whole_base_sequence,5.775573856906595,13.093580178658787,6,250,0,1.882312365384142,5.419642828964668,0.972,2,True,0.004563954998739064,0.002008351999684237,0.0,0.0010573269198269435,239.18053442179877,354.13608595667125,5.998694141125537,True,True,True,45.0,45,45,45.0,45,45,0.0,0,0,20.71,20,21,20.71,20,21,6.0,6,6,14.71,14,15,0.0,0,0,0.0,0,0,0.0,0,0
poorly_conditioned,nominal,retarded_ekf,True,6.5,100,100,0,1.0,0.9630065017930143,1.0,100,1.0,0.9630065017930143,1.0,{},0.6171760176513273,1.0472794625994442,0.16027314538533116,0.26017553622835576,100,100,0.95,0.8882495307680808,0.9784563208456319,0.95,0.8882495307680808,0.9784563208456319,95,linear,whole_base_sequence,5.742960664066374,12.46296509528943,6,115,0,2.104352349390248,6.841342106647021,0.9304347826086956,2,True,0.002327354000299238,0.0009387150016846135,0.0,0.0008348359375233972,327.42567119855914,387.969754593786,6.497316090988757,True,True,True,45.0,45,45,45.0,45,45,0.0,0,0,21.86,21,23,21.86,21,23,6.0,6,6,15.86,15,17,0.0,0,0,0.0,0,0,0.0,0,0
poorly_conditioned,nominal,retarded_ekf,True,7.0,100,100,0,1.0,0.9630065017930143,1.0,100,1.0,0.9630065017930143,1.0,{},0.5603175508648742,0.847566244237949,0.13809970399090932,0.22437185282742722,100,100,0.96,0.9016292856411208,0.9843366960084523,0.96,0.9016292856411208,0.9843366960084523,96,linear,whole_base_sequence,5.826416568518479,12.238746288903515,6,214,0,2.0818305398492103,6.282535459904662,0.9439252336448598,2,True,0.0043337829993106425,0.0017596089994185605,0.0,0.0006684889653036101,331.335071318582,359.8405833728097,6.916259984169404,True,True,True,45.0,45,45,45.0,45,45,0.0,0,0,24.0,24,24,24.0,24,24,6.0,6,6,18.0,18,18,0.0,0,0,0.0,0,0,0.0,0,0
poorly_conditioned,nominal,retarded_ekf,True,7.5,100,100,0,1.0,0.9630065017930143,1.0,100,1.0,0.9630065017930143,1.0,{},0.5253656081952613,0.8267859417107384,0.11997288286678577,0.20142569883410769,100,100,0.93,0.8625048526092651,0.9656807389327273,0.93,0.8625048526092651,0.9656807389327273,93,linear,whole_base_sequence,5.693691584013688,13.380996333472831,6,235,0,2.391026561595044,7.105210874523363,0.9148936170212766,2,True,0.004931141000706702,0.0019190830012666992,0.0,0.0005445024035447726,396.21079538033734,461.70517147190725,7.49663367385701,True,True,True,45.0,45,45,45.0,45,45,0.0,0,0,26.35,25,27,26.35,25,27,6.0,6,6,20.35,19,21,0.0,0,0,0.0,0,0,0.0,0,0
poorly_conditioned,nominal,retarded_ekf,True,8.0,100,100,0,1.0,0.9630065017930143,1.0,100,1.0,0.9630065017930143,1.0,{},0.5558262798824236,0.9011128489513346,0.11586781577359516,0.20292129708168508,100,100,0.92,0.8500189229905127,0.9589065385156194,0.92,0.8500189229905127,0.9589065385156194,92,linear,whole_base_sequence,5.777364564146015,13.089554412119881,6,125,0,1.843629410201826,5.63670839267683,0.96,2,True,0.0027194319991394877,0.000994578998943325,0.0,0.000449666442536962,418.8770588027455,487.524145540641,7.997989549354098,True,True,True,45.0,45,45,45.0,45,45,0.0,0,0,27.6,27,29,27.6,27,29,6.0,6,6,21.6,21,23,0.0,0,0,0.0,0,0,0.0,0,0
poorly_conditioned,nominal,retarded_ekf,True,8.5,100,100,0,1.0,0.9630065017930143,1.0,100,1.0,0.9630065017930143,1.0,{},0.5106075124205339,0.8493947965702761,0.10240245834398681,0.17211498976760153,100,100,0.95,0.8882495307680808,0.9784563208456319,0.95,0.8882495307680808,0.9784563208456319,95,linear,whole_base_sequence,5.886293215008015,12.299939686371701,6,236,0,1.8470835376480255,4.759904618629703,0.9703389830508474,2,True,0.005292755000700708,0.0019366350004565902,0.0,0.0003756278392216983,410.74933998383244,555.1145967539163,8.499101501616938,True,True,True,45.0,45,45,45.0,45,45,0.0,0,0,29.96,29,30,29.96,29,30,6.0,6,6,23.96,23,24,0.0,0,0,0.0,0,0,0.0,0,0
poorly_conditioned,nominal,retarded_ekf,True,9.0,100,100,0,1.0,0.9630065017930143,1.0,100,1.0,0.9630065017930143,1.0,{},0.5070725539578455,0.8288186057960386,0.09712794811173196,0.162654562194235,100,100,0.93,0.8625048526092651,0.9656807389327273,0.93,0.8625048526092651,0.9656807389327273,93,linear,whole_base_sequence,5.997625925455009,13.022868155349753,6,187,0,1.8690582176018085,4.9637076052299705,0.9679144385026738,2,True,0.004375392999500036,0.0015240879994235,0.0,0.0003173550006398884,490.13957645882874,597.1633467233241,8.999106114578835,True,True,True,45.0,45,45,45.0,45,45,0.0,0,0,31.83,30,33,31.83,30,33,6.0,6,6,25.83,24,27,0.0,0,0,0.0,0,0,0.0,0,0
poorly_conditioned,nominal,retarded_ekf,True,9.5,100,100,0,1.0,0.9630065017930143,1.0,100,1.0,0.9630065017930143,1.0,{},0.4990275449284522,0.7737467954178082,0.08939953056226935,0.1431339209382406,100,100,0.98,0.929988209271456,0.9944980324498376,0.98,0.929988209271456,0.9944980324498376,98,linear,whole_base_sequence,6.037982323142703,11.845813558779437,6,137,0,2.1270371893795317,6.94110402572894,0.9051094890510949,2,True,0.0033216440002433955,0.0011123519993270748,0.0,0.0002706959059959103,530.1432062991453,582.2952476561164,9.49477757693301,True,True,True,45.0,45,45,45.0,45,45,0.0,0,0,33.2,33,34,33.2,33,34,6.0,6,6,27.2,27,28,0.0,0,0,0.0,0,0,0.0,0,0
poorly_conditioned,one_station_gap,causal_prefix_batch,True,0.0,100,0,100,0.0,0.0,0.03699349820698568,0,0.0,0.0,0.03699349820698568,"{""insufficient_measurements"": 100}",nan,nan,nan,nan,0,100,nan,nan,nan,0.0,0.0,0.03699349820698568,0,linear,whole_base_sequence,nan,nan,6,0,0,nan,nan,nan,2,True,4.568799980916083e-05,0.0,nan,nan,nan,nan,nan,True,True,True,45.0,45,45,40.0,40,40,5.0,5,5,0.0,0,0,0.0,0,0,0.0,0,0,0.0,0,0,0.0,0,0,0.0,0,0,0.0,0,0
poorly_conditioned,one_station_gap,causal_prefix_batch,True,0.5,100,0,100,0.0,0.0,0.03699349820698568,0,0.0,0.0,0.03699349820698568,"{""insufficient_measurements"": 100}",nan,nan,nan,nan,0,100,nan,nan,nan,0.0,0.0,0.03699349820698568,0,linear,whole_base_sequence,nan,nan,6,0,0,nan,nan,nan,2,True,3.538399963872507e-05,0.0,nan,nan,nan,nan,nan,True,True,True,45.0,45,45,40.0,40,40,5.0,5,5,0.0,0,0,0.0,0,0,0.0,0,0,0.0,0,0,0.0,0,0,0.0,0,0,0.0,0,0
poorly_conditioned,one_station_gap,causal_prefix_batch,True,1.0,100,1,99,0.01,0.0017674320641406505,0.054486196178705315,1,0.01,0.0017674320641406505,0.054486196178705315,"{""insufficient_local_observability"": 9, ""insufficient_measurements"": 86, ""optimization_error:ValueError"": 3, ""projected_kkt_not_satisfied"": 1}",57.19331193542061,57.19331193542061,127.3570811268113,127.3570811268113,1,100,1.0,0.20654931437723745,1.0,0.01,0.0017674320641406505,0.054486196178705315,1,linear,whole_base_sequence,8.138388669383444,8.138388669383444,6,0,0,nan,nan,nan,2,True,0.31835931099922166,0.0,0.0,0.07374776961619395,129481643.10789263,129481643.10789263,0.9980244500028004,True,True,True,45.0,45,45,40.0,40,40,5.0,5,5,1.79,0,3,1.79,0,3,0.0,0,0,0.0,0,0,0.0,0,0,0.0,0,0,0.0,0,0
poorly_conditioned,one_station_gap,causal_prefix_batch,True,1.5,100,20,80,0.2,0.1333669333310325,0.2888291655931589,20,0.2,0.1333669333310325,0.2888291655931589,"{""insufficient_local_observability"": 77, ""optimization_error:ValueError"": 3}",57.4793076490944,116.56867250367496,60.50904469729638,122.4565838985656,20,100,0.9,0.6989663547715128,0.9721335187862319,0.18,0.1170022549894635,0.2666735838630073,18,linear,whole_base_sequence,9.511314640747951,28.369190387489894,6,0,0,nan,nan,nan,2,True,2.3042576479990386,0.0,0.0,0.036467875994294546,125363.66092557996,323449249.6058016,1.4964500178359175,True,True,True,45.0,45,45,40.0,40,40,5.0,5,5,3.19,3,4,3.19,3,4,0.0,0,0,0.0,0,0,0.0,0,0,0.0,0,0,0.0,0,0
poorly_conditioned,one_station_gap,causal_prefix_batch,True,10.0,100,100,0,1.0,0.9630065017930143,1.0,100,1.0,0.9630065017930143,1.0,{},0.4892335799180769,0.8571508052065004,0.07816391238540017,0.13289244017754565,100,100,0.96,0.9016292856411208,0.9843366960084523,0.96,0.9016292856411208,0.9843366960084523,96,linear,whole_base_sequence,5.943995068321689,12.058088813933972,6,0,0,nan,nan,nan,2,True,0.25412016999849585,0.0,0.0,0.0003276242492186835,390.154259991428,517.6872929734309,9.989789698436592,True,True,True,45.0,45,45,40.0,40,40,5.0,5,5,30.74,30,31,30.74,30,31,0.0,0,0,0.0,0,0,0.0,0,0,0.0,0,0,0.0,0,0
poorly_conditioned,one_station_gap,causal_prefix_batch,True,10.5,100,100,0,1.0,0.9630065017930143,1.0,100,1.0,0.9630065017930143,1.0,{},0.48737091855245657,0.822646020227193,0.074099250668561,0.11989377912390502,100,100,0.97,0.9154806357094724,0.9897454759759611,0.97,0.9154806357094724,0.9897454759759611,97,linear,whole_base_sequence,5.898216583652255,12.061622177722786,6,0,0,nan,nan,nan,2,True,0.2708871350006666,0.0,0.0,0.0002835775554703728,464.37038880589915,573.2131079831728,10.498609775121441,True,True,True,45.0,45,45,40.0,40,40,5.0,5,5,32.15,31,33,32.15,31,33,0.0,0,0,0.0,0,0,0.0,0,0,0.0,0,0,0.0,0,0
poorly_conditioned,one_station_gap,causal_prefix_batch,True,11.0,100,100,0,1.0,0.9630065017930143,1.0,100,1.0,0.9630065017930143,1.0,{},0.4479965742922706,0.7506407817303471,0.06601965104495242,0.10164768207024913,100,100,0.96,0.9016292856411208,0.9843366960084523,0.96,0.9016292856411208,0.9843366960084523,96,linear,whole_base_sequence,5.89568707695409,12.17325854215784,6,0,0,nan,nan,nan,2,True,0.2837271509991842,0.0,0.0,0.00024590697572099174,485.64058866032076,573.2244958065926,10.919532383859073,True,True,True,45.0,45,45,40.0,40,40,5.0,5,5,34.0,34,34,34.0,34,34,0.0,0,0,0.0,0,0,0.0,0,0,0.0,0,0,0.0,0,0
poorly_conditioned,one_station_gap,causal_prefix_batch,True,11.5,100,100,0,1.0,0.9630065017930143,1.0,100,1.0,0.9630065017930143,1.0,{},0.46265843427150455,0.7452014210845023,0.06447333932714043,0.105356721405702,100,100,0.95,0.8882495307680808,0.9784563208456319,0.95,0.8882495307680808,0.9784563208456319,95,linear,whole_base_sequence,6.025863392095212,12.384153804037243,6,0,0,nan,nan,nan,2,True,0.3040212749998318,0.0,0.0,0.0002146104630485271,540.1207733689212,669.2286320946369,11.499339348942456,True,True,True,45.0,45,45,40.0,40,40,5.0,5,5,36.28,35,37,36.28,35,37,0.0,0,0,0.0,0,0,0.0,0,0,0.0,0,0,0.0,0,0
poorly_conditioned,one_station_gap,causal_prefix_batch,True,12.0,100,100,0,1.0,0.9630065017930143,1.0,100,1.0,0.9630065017930143,1.0,{},0.45719646775171263,0.7387654714002632,0.06276443278006173,0.10710895583597461,100,100,0.94,0.8752318455410406,0.9722138760368118,0.94,0.8752318455410406,0.9722138760368118,94,linear,whole_base_sequence,5.952387721908787,12.694220377270623,6,0,0,nan,nan,nan,2,True,0.3134741970009054,0.0,0.0,0.00018777960781063579,622.9766144959578,708.5966651162835,11.997967432491361,True,True,True,45.0,45,45,40.0,40,40,5.0,5,5,37.5,37,39,37.5,37,39,0.0,0,0,0.0,0,0,0.0,0,0,0.0,0,0,0.0,0,0
poorly_conditioned,one_station_gap,causal_prefix_batch,True,12.5,100,100,0,1.0,0.9630065017930143,1.0,100,1.0,0.9630065017930143,1.0,{},0.4411190068470659,0.7209773175184165,0.05794891422876201,0.08845661082263834,100,100,0.97,0.9154806357094724,0.9897454759759611,0.97,0.9154806357094724,0.9897454759759611,97,linear,whole_base_sequence,6.149919428825463,11.961315870063263,6,0,0,nan,nan,nan,2,True,0.3329468569971505,0.0,0.0,0.00016487943683563246,655.0903444200544,789.6003850312482,12.499319060207084,True,True,True,45.0,45,45,40.0,40,40,5.0,5,5,39.96,39,40,39.96,39,40,0.0,0,0,0.0,0,0,0.0,0,0,0.0,0,0,0.0,0,0
poorly_conditioned,one_station_gap,causal_prefix_batch,True,14.5,100,100,0,1.0,0.9630065017930143,1.0,100,1.0,0.9630065017930143,1.0,{},0.5450166071881254,0.851523398665308,0.0581094720062779,0.08845661083022693,100,100,0.97,0.9154806357094724,0.9897454759759611,0.97,0.9154806357094724,0.9897454759759611,97,linear,whole_base_sequence,6.190473774680413,11.961315870061883,6,0,0,nan,nan,nan,2,True,0.34439347200153864,0.0,0.0,0.00010231678406009502,1616.2720108479357,1950.6342833230156,12.518298918608764,True,True,True,45.0,45,45,40.0,40,40,5.0,5,5,40.0,40,40,40.0,40,40,0.0,0,0,0.0,0,0,0.0,0,0,0.0,0,0,0.0,0,0
poorly_conditioned,one_station_gap,causal_prefix_batch,True,2.0,100,100,0,1.0,0.9630065017930143,1.0,100,1.0,0.9630065017930143,1.0,{},1.7235193720525954,2.8680329824332755,1.324104496157526,2.142945068503587,100,100,0.94,0.8752318455410406,0.9722138760368118,0.94,0.8752318455410406,0.9722138760368118,94,linear,whole_base_sequence,5.785501943459317,12.687401991399591,6,0,0,nan,nan,nan,2,True,0.059166033001965844,0.0,0.0,0.02186619075329437,115.36873264013965,241.38249507459773,1.9974613505584822,True,True,True,45.0,45,45,40.0,40,40,5.0,5,5,5.76,5,6,5.76,5,6,0.0,0,0,0.0,0,0,0.0,0,0,0.0,0,0,0.0,0,0
poorly_conditioned,one_station_gap,causal_prefix_batch,True,2.5,100,100,0,1.0,0.9630065017930143,1.0,100,1.0,0.9630065017930143,1.0,{},1.5569494270127524,2.6775648719192513,0.9352456119915887,1.5947566511286175,100,100,0.98,0.929988209271456,0.9944980324498376,0.98,0.929988209271456,0.9944980324498376,98,linear,whole_base_sequence,5.588408261931337,12.019065774307084,6,0,0,nan,nan,nan,2,True,0.07048307999939425,0.0,0.0,0.012425409922032914,137.88253559204475,302.6516753619903,2.495801938814801,True,True,True,45.0,45,45,40.0,40,40,5.0,5,5,7.06,6,8,7.06,6,8,0.0,0,0,0.0,0,0,0.0,0,0,0.0,0,0,0.0,0,0
poorly_conditioned,one_station_gap,causal_prefix_batch,True,3.0,100,100,0,1.0,0.9630065017930143,1.0,100,1.0,0.9630065017930143,1.0,{},1.2483929935535105,2.057370139318704,0.6556207756638911,1.0649376131951103,100,100,0.95,0.8882495307680808,0.9784563208456319,0.95,0.8882495307680808,0.9784563208456319,95,linear,whole_base_sequence,5.751757526657623,12.576510895740967,6,0,0,nan,nan,nan,2,True,0.08661807199765463,0.0,0.0,0.007867969186404616,148.5192701646841,163.10733611371083,2.919467157505566,True,True,True,45.0,45,45,40.0,40,40,5.0,5,5,9.0,9,9,9.0,9,9,0.0,0,0,0.0,0,0,0.0,0,0,0.0,0,0,0.0,0,0
poorly_conditioned,one_station_gap,causal_prefix_batch,True,3.5,100,100,0,1.0,0.9630065017930143,1.0,100,1.0,0.9630065017930143,1.0,{},1.1645208069646398,2.130388141380307,0.5221490994280908,0.8917145846837427,100,100,0.94,0.8752318455410406,0.9722138760368118,0.94,0.8752318455410406,0.9722138760368118,94,linear,whole_base_sequence,5.694095617804983,12.779235811748267,6,0,0,nan,nan,nan,2,True,0.09871206699957838,0.0,0.0,0.005271049388312997,185.13505022063268,216.54317331503634,3.4982209701726212,True,True,True,45.0,45,45,40.0,40,40,5.0,5,5,10.47,10,11,10.47,10,11,0.0,0,0,0.0,0,0,0.0,0,0,0.0,0,0,0.0,0,0
poorly_conditioned,one_station_gap,causal_prefix_batch,True,4.0,100,100,0,1.0,0.9630065017930143,1.0,100,1.0,0.9630065017930143,1.0,{},1.1325728408937334,1.7780721349599804,0.44196945153957073,0.730456682043878,100,100,0.95,0.8882495307680808,0.9784563208456319,0.95,0.8882495307680808,0.9784563208456319,95,linear,whole_base_sequence,5.470251799936757,11.45691475388287,6,0,0,nan,nan,nan,2,True,0.10608154700021259,0.0,0.0,0.003730422149508186,242.17453836682142,264.40797576048345,3.9975016630794027,True,True,True,45.0,45,45,40.0,40,40,5.0,5,5,11.42,11,12,11.42,11,12,0.0,0,0,0.0,0,0,0.0,0,0,0.0,0,0,0.0,0,0
poorly_conditioned,one_station_gap,causal_prefix_batch,True,4.5,100,100,0,1.0,0.9630065017930143,1.0,100,1.0,0.9630065017930143,1.0,{},1.088203512390892,1.984976311226496,0.37496608079918653,0.6489083110208517,100,100,0.96,0.9016292856411208,0.9843366960084523,0.96,0.9016292856411208,0.9843366960084523,96,linear,whole_base_sequence,5.761259317192735,10.732904096160473,6,0,0,nan,nan,nan,2,True,0.11678548800089629,0.0,0.0,0.002739240885754162,216.63832024990478,319.5232235936765,4.496681836145486,True,True,True,45.0,45,45,40.0,40,40,5.0,5,5,12.96,12,13,12.96,12,13,0.0,0,0,0.0,0,0,0.0,0,0,0.0,0,0,0.0,0,0
poorly_conditioned,one_station_gap,causal_prefix_batch,True,5.0,100,100,0,1.0,0.9630065017930143,1.0,100,1.0,0.9630065017930143,1.0,{},0.9981671825998812,1.6914193371319393,0.30703606202071265,0.516001893174058,100,100,0.97,0.9154806357094724,0.9897454759759611,0.97,0.9154806357094724,0.9897454759759611,97,linear,whole_base_sequence,5.42339788190077,11.539771217253701,6,0,0,nan,nan,nan,2,True,0.1285294370021438,0.0,0.0,0.0020860482576261735,267.40446287643204,383.6966627285778,4.997797684238566,True,True,True,45.0,45,45,40.0,40,40,5.0,5,5,14.16,13,15,14.16,13,15,0.0,0,0,0.0,0,0,0.0,0,0,0.0,0,0,0.0,0,0
poorly_conditioned,one_station_gap,causal_prefix_batch,True,5.5,100,100,0,1.0,0.9630065017930143,1.0,100,1.0,0.9630065017930143,1.0,{},0.9856529615857791,1.5608464553420787,0.26913602061240016,0.44211158361520464,100,100,0.98,0.929988209271456,0.9944980324498376,0.98,0.929988209271456,0.9944980324498376,98,linear,whole_base_sequence,5.559171242462853,11.102194443960801,6,0,0,nan,nan,nan,2,True,0.13594492899923352,0.0,0.0,0.0016309325546079447,347.45734779924874,387.9620603463595,5.494821468465719,True,True,True,45.0,45,45,40.0,40,40,5.0,5,5,15.21,15,16,15.21,15,16,0.0,0,0,0.0,0,0,0.0,0,0,0.0,0,0,0.0,0,0
poorly_conditioned,one_station_gap,causal_prefix_batch,True,6.0,100,100,0,1.0,0.9630065017930143,1.0,100,1.0,0.9630065017930143,1.0,{},0.9395621946445721,1.4131847382692773,0.2328732343498026,0.38652202589639456,100,100,0.95,0.8882495307680808,0.9784563208456319,0.95,0.8882495307680808,0.9784563208456319,95,linear,whole_base_sequence,5.548755830313187,10.875909758607774,6,0,0,nan,nan,nan,2,True,0.14851172600028803,0.0,0.0,0.0013005295877100867,360.09431664883175,410.31072396251,5.998694141125537,True,True,True,45.0,45,45,40.0,40,40,5.0,5,5,16.71,16,17,16.71,16,17,0.0,0,0,0.0,0,0,0.0,0,0,0.0,0,0,0.0,0,0
poorly_conditioned,one_station_gap,causal_prefix_batch,True,6.5,100,100,0,1.0,0.9630065017930143,1.0,100,1.0,0.9630065017930143,1.0,{},0.9219251089035155,1.5081324607579625,0.20711831086463284,0.3346898095472113,100,100,0.96,0.9016292856411208,0.9843366960084523,0.96,0.9016292856411208,0.9843366960084523,96,linear,whole_base_sequence,5.345071893323703,11.212194519313883,6,0,0,nan,nan,nan,2,True,0.15430305900110397,0.0,0.0,0.0010588178995300168,405.1323633435889,581.7267905829746,6.496620850517521,True,True,True,45.0,45,45,40.0,40,40,5.0,5,5,17.58,17,18,17.58,17,18,0.0,0,0,0.0,0,0,0.0,0,0,0.0,0,0,0.0,0,0
poorly_conditioned,one_station_gap,causal_prefix_batch,True,7.0,100,100,0,1.0,0.9630065017930143,1.0,100,1.0,0.9630065017930143,1.0,{},0.8510986241678811,1.4278985520504432,0.17940313151223797,0.2914659512514098,100,100,0.96,0.9016292856411208,0.9843366960084523,0.96,0.9016292856411208,0.9843366960084523,96,linear,whole_base_sequence,5.275044506008637,11.169774773948724,6,0,0,nan,nan,nan,2,True,0.16385183799924563,0.0,0.0,0.0008718892905936761,526.9096215352779,587.8318650758185,6.916259984169404,True,True,True,45.0,45,45,40.0,40,40,5.0,5,5,19.0,19,19,19.0,19,19,0.0,0,0,0.0,0,0,0.0,0,0,0.0,0,0,0.0,0,0
poorly_conditioned,one_station_gap,causal_prefix_batch,True,7.5,100,100,0,1.0,0.9630065017930143,1.0,100,1.0,0.9630065017930143,1.0,{},0.6803136894511558,1.171907354337149,0.13562437060018265,0.24490541526336923,100,100,0.94,0.8752318455410406,0.9722138760368118,0.94,0.8752318455410406,0.9722138760368118,94,linear,whole_base_sequence,5.594960435453194,13.176265071241055,6,0,0,nan,nan,nan,2,True,0.1846550550009124,0.0,0.0,0.0007278185977278712,346.95539422437133,593.4636617352165,7.49663367385701,True,True,True,45.0,45,45,40.0,40,40,5.0,5,5,21.35,20,22,21.35,20,22,0.0,0,0,0.0,0,0,0.0,0,0,0.0,0,0,0.0,0,0
poorly_conditioned,one_station_gap,causal_prefix_batch,True,8.0,100,100,0,1.0,0.9630065017930143,1.0,100,1.0,0.9630065017930143,1.0,{},0.6472208413968374,1.056968823731639,0.1229501218974998,0.21001597411266038,100,100,0.93,0.8625048526092651,0.9656807389327273,0.93,0.8625048526092651,0.9656807389327273,93,linear,whole_base_sequence,5.641379704351856,13.540947166424889,6,0,0,nan,nan,nan,2,True,0.1962810480000917,0.0,0.0,0.0006125305229040046,359.03400670136864,421.3424933745464,7.997989549354098,True,True,True,45.0,45,45,40.0,40,40,5.0,5,5,22.6,22,24,22.6,22,24,0.0,0,0,0.0,0,0,0.0,0,0,0.0,0,0,0.0,0,0
poorly_conditioned,one_station_gap,causal_prefix_batch,True,8.5,100,100,0,1.0,0.9630065017930143,1.0,100,1.0,0.9630065017930143,1.0,{},0.562490079064205,0.9542236764691632,0.10547527835122827,0.1761297383969492,100,100,0.97,0.9154806357094724,0.9897454759759611,0.97,0.9154806357094724,0.9897454759759611,97,linear,whole_base_sequence,5.6734244348011496,11.640040432631796,6,0,0,nan,nan,nan,2,True,0.216324684000283,0.0,0.0,0.0005194278140526391,325.4281478152759,441.8498149210454,8.499101501616938,True,True,True,45.0,45,45,40.0,40,40,5.0,5,5,24.96,24,25,24.96,24,25,0.0,0,0,0.0,0,0,0.0,0,0,0.0,0,0,0.0,0,0
poorly_conditioned,one_station_gap,causal_prefix_batch,True,9.0,100,100,0,1.0,0.9630065017930143,1.0,100,1.0,0.9630065017930143,1.0,{},0.5461910606072209,0.8668461264118984,0.09863640997245156,0.16277388359473796,100,100,0.95,0.8882495307680808,0.9784563208456319,0.95,0.8882495307680808,0.9784563208456319,95,linear,whole_base_sequence,5.78599404734926,11.901860269754067,6,0,0,nan,nan,nan,2,True,0.22598628399864537,0.0,0.0,0.0004434634155681223,375.48488989766605,463.1537124509999,8.999106114578835,True,True,True,45.0,45,45,40.0,40,40,5.0,5,5,26.83,25,28,26.83,25,28,0.0,0,0,0.0,0,0,0.0,0,0,0.0,0,0,0.0,0,0
poorly_conditioned,one_station_gap,causal_prefix_batch,True,9.5,100,100,0,1.0,0.9630065017930143,1.0,100,1.0,0.9630065017930143,1.0,{},0.5326713358332796,0.8835734926858194,0.09035791889308202,0.14938708404381862,100,100,0.96,0.9016292856411208,0.9843366960084523,0.96,0.9016292856411208,0.9843366960084523,96,linear,whole_base_sequence,5.960192786356604,12.273907690157484,6,0,0,nan,nan,nan,2,True,0.24326776399597294,0.0,0.0,0.0003803763376541922,396.51141111172456,448.017606768024,9.49477757693301,True,True,True,45.0,45,45,40.0,40,40,5.0,5,5,28.2,28,29,28.2,28,29,0.0,0,0,0.0,0,0,0.0,0,0,0.0,0,0,0.0,0,0
poorly_conditioned,one_station_gap,initial_batch_no_updates,True,0.0,100,0,100,0.0,0.0,0.03699349820698568,0,0.0,0.0,0.03699349820698568,"{""not_initialized"": 100}",nan,nan,nan,nan,0,100,nan,nan,nan,0.0,0.0,0.03699349820698568,0,linear,whole_base_sequence,nan,nan,6,0,0,nan,nan,nan,2,True,2.415998314972967e-06,0.0,nan,nan,nan,nan,nan,True,True,True,45.0,45,45,40.0,40,40,5.0,5,5,0.0,0,0,0.0,0,0,0.0,0,0,0.0,0,0,0.0,0,0,0.0,0,0,0.0,0,0
poorly_conditioned,one_station_gap,initial_batch_no_updates,True,0.5,100,0,100,0.0,0.0,0.03699349820698568,0,0.0,0.0,0.03699349820698568,"{""not_initialized"": 100}",nan,nan,nan,nan,0,100,nan,nan,nan,0.0,0.0,0.03699349820698568,0,linear,whole_base_sequence,nan,nan,6,0,0,nan,nan,nan,2,True,1.988000585697591e-06,0.0,nan,nan,nan,nan,nan,True,True,True,45.0,45,45,40.0,40,40,5.0,5,5,0.0,0,0,0.0,0,0,0.0,0,0,0.0,0,0,0.0,0,0,0.0,0,0,0.0,0,0
poorly_conditioned,one_station_gap,initial_batch_no_updates,True,1.0,100,0,100,0.0,0.0,0.03699349820698568,0,0.0,0.0,0.03699349820698568,"{""not_initialized"": 100}",nan,nan,nan,nan,0,100,nan,nan,nan,0.0,0.0,0.03699349820698568,0,linear,whole_base_sequence,nan,nan,6,0,0,nan,nan,nan,2,True,2.2510025883093476e-06,0.0,nan,nan,nan,nan,0.9980244500028004,True,True,True,45.0,45,45,40.0,40,40,5.0,5,5,1.79,0,3,0.0,0,0,0.0,0,0,0.0,0,0,0.0,0,0,0.0,0,0,1.79,0,3
poorly_conditioned,one_station_gap,initial_batch_no_updates,True,1.5,100,0,100,0.0,0.0,0.03699349820698568,0,0.0,0.0,0.03699349820698568,"{""not_initialized"": 100}",nan,nan,nan,nan,0,100,nan,nan,nan,0.0,0.0,0.03699349820698568,0,linear,whole_base_sequence,nan,nan,6,0,0,nan,nan,nan,2,True,3.4630007576197387e-06,0.0,nan,nan,nan,nan,1.4964500178359175,True,True,True,45.0,45,45,40.0,40,40,5.0,5,5,3.19,3,4,0.0,0,0,0.0,0,0,0.0,0,0,0.0,0,0,0.0,0,0,3.19,3,4
poorly_conditioned,one_station_gap,initial_batch_no_updates,True,10.0,100,100,0,1.0,0.9630065017930143,1.0,100,1.0,0.9630065017930143,1.0,{},11.532302484944928,19.28380530261898,1.2535911965542845,2.040906600362046,100,100,0.94,0.8752318455410406,0.9722138760368118,0.94,0.8752318455410406,0.9722138760368118,94,linear,whole_base_sequence,5.794231549913125,12.646054015123966,6,0,0,nan,nan,nan,2,True,0.00013858100108336658,0.0,0.0,0.0005712893402247451,146636.0479041242,160309.8441350496,9.989789698436592,True,True,True,45.0,45,45,40.0,40,40,5.0,5,5,30.74,30,31,6.0,6,6,6.0,6,6,0.0,0,0,0.0,0,0,0.0,0,0,24.74,24,25
poorly_conditioned,one_station_gap,initial_batch_no_updates,True,10.5,100,100,0,1.0,0.9630065017930143,1.0,100,1.0,0.9630065017930143,1.0,{},12.158410415643731,20.304189519860508,1.2535911965542845,2.040906600362046,100,100,0.94,0.8752318455410406,0.9722138760368118,0.94,0.8752318455410406,0.9722138760368118,94,linear,whole_base_sequence,5.794231549913087,12.646054015124877,6,0,0,nan,nan,nan,2,True,0.00013714900152990593,0.0,0.0,0.0005136846925714143,181032.25912320975,197925.83414125736,10.498609775121441,True,True,True,45.0,45,45,40.0,40,40,5.0,5,5,32.15,31,33,6.0,6,6,6.0,6,6,0.0,0,0,0.0,0,0,0.0,0,0,26.15,25,27
poorly_conditioned,one_station_gap,initial_batch_no_updates,True,11.0,100,100,0,1.0,0.9630065017930143,1.0,100,1.0,0.9630065017930143,1.0,{},12.784585738702686,21.324580498303593,1.2535911965542845,2.040906600362046,100,100,0.94,0.8752318455410406,0.9722138760368118,0.94,0.8752318455410406,0.9722138760368118,94,linear,whole_base_sequence,5.794231549913101,12.646054015124419,6,0,0,nan,nan,nan,2,True,0.00014103200082900004,0.0,0.0,0.00046434267204334867,221219.56842950237,241833.40750457929,10.919532383859073,True,True,True,45.0,45,45,40.0,40,40,5.0,5,5,34.0,34,34,6.0,6,6,6.0,6,6,0.0,0,0,0.0,0,0,0.0,0,0,28.0,28,28
poorly_conditioned,one_station_gap,initial_batch_no_updates,True,11.5,100,100,0,1.0,0.9630065017930143,1.0,100,1.0,0.9630065017930143,1.0,{},13.410819014112654,22.344977291384367,1.2535911965542845,2.040906600362046,100,100,0.94,0.8752318455410406,0.9722138760368118,0.94,0.8752318455410406,0.9722138760368118,94,linear,whole_base_sequence,5.794231549913147,12.646054015123534,6,0,0,nan,nan,nan,2,True,0.00013599300116766245,0.0,0.0,0.00042176047427513937,267784.12965849513,292700.7549533981,11.499339348942456,True,True,True,45.0,45,45,40.0,40,40,5.0,5,5,36.28,35,37,6.0,6,6,6.0,6,6,0.0,0,0,0.0,0,0,0.0,0,0,30.28,29,31
poorly_conditioned,one_station_gap,initial_batch_no_updates,True,12.0,100,100,0,1.0,0.9630065017930143,1.0,100,1.0,0.9630065017930143,1.0,{},14.037102485640334,23.365379121396998,1.2535911965542845,2.040906600362046,100,100,0.94,0.8752318455410406,0.9722138760368118,0.94,0.8752318455410406,0.9722138760368118,94,linear,whole_base_sequence,5.794231549913166,12.64605401512344,6,0,0,nan,nan,nan,2,True,0.00013896800024667754,0.0,0.0,0.00038476103420829365,321367.22105218255,351229.9315933591,11.997967432491361,True,True,True,45.0,45,45,40.0,40,40,5.0,5,5,37.5,37,39,6.0,6,6,6.0,6,6,0.0,0,0,0.0,0,0,0.0,0,0,31.5,31,33
poorly_conditioned,one_station_gap,initial_batch_no_updates,True,12.5,100,100,0,1.0,0.9630065017930143,1.0,100,1.0,0.9630065017930143,1.0,{},14.663429721572436,24.385785343439363,1.2535911965542845,2.040906600362046,100,100,0.94,0.8752318455410406,0.9722138760368118,0.94,0.8752318455410406,0.9722138760368118,94,linear,whole_base_sequence,5.794231549913157,12.646054015124442,6,0,0,nan,nan,nan,2,True,0.0001405190009973012,0.0,0.0,0.00035241206597978476,382615.0061652546,418156.857083389,12.499319060207084,True,True,True,45.0,45,45,40.0,40,40,5.0,5,5,39.96,39,40,6.0,6,6,6.0,6,6,0.0,0,0,0.0,0,0,0.0,0,0,33.96,33,34
poorly_conditioned,one_station_gap,initial_batch_no_updates,True,14.5,100,100,0,1.0,0.9630065017930143,1.0,100,1.0,0.9630065017930143,1.0,{},17.16908051318943,28.46744454583846,1.2535911965542845,2.040906600362046,100,100,0.94,0.8752318455410406,0.9722138760368118,0.94,0.8752318455410406,0.9722138760368118,94,linear,whole_base_sequence,5.794231549913069,12.646054015123497,6,0,0,nan,nan,nan,2,True,0.00014223499834770337,0.0,0.0,0.00025656999759825173,718957.2480002872,785745.69620473,12.518298918608764,True,True,True,45.0,45,45,40.0,40,40,5.0,5,5,40.0,40,40,6.0,6,6,6.0,6,6,0.0,0,0,0.0,0,0,0.0,0,0,34.0,34,34
poorly_conditioned,one_station_gap,initial_batch_no_updates,True,2.0,100,76,24,0.76,0.6676766365018553,0.8330867444305122,76,0.76,0.6676766365018553,0.8330867444305122,"{""not_initialized"": 24}",1.6038174726382564,2.759207651016562,1.2686535808570505,2.099754992057864,76,100,0.9473684210526315,0.8723432742411035,0.9793445707006156,0.72,0.6251197129007884,0.7986031478881379,72,linear,whole_base_sequence,5.93781801613331,12.170714033450924,6,0,0,nan,nan,nan,2,True,0.00010604100098134949,0.0,0.0,0.02186619074838811,113.74161425519142,124.2184460191898,1.9974613505584822,True,True,True,45.0,45,45,40.0,40,40,5.0,5,5,5.76,5,6,4.56,0,6,4.56,0,6,0.0,0,0,0.0,0,0,0.0,0,0,1.2,0,5
poorly_conditioned,one_station_gap,initial_batch_no_updates,True,2.5,100,100,0,1.0,0.9630065017930143,1.0,100,1.0,0.9630065017930143,1.0,{},2.188448177240301,3.736193630740649,1.2535911965542845,2.040906600362046,100,100,0.94,0.8752318455410406,0.9722138760368118,0.94,0.8752318455410406,0.9722138760368118,94,linear,whole_base_sequence,5.794231549913121,12.64605401512436,6,0,0,nan,nan,nan,2,True,0.0001311380005790852,0.0,0.0,0.013600464461346096,288.46845202668993,315.4964492353323,2.495801938814801,True,True,True,45.0,45,45,40.0,40,40,5.0,5,5,7.06,6,8,6.0,6,6,6.0,6,6,0.0,0,0,0.0,0,0,0.0,0,0,1.06,0,2
poorly_conditioned,one_station_gap,initial_batch_no_updates,True,3.0,100,100,0,1.0,0.9630065017930143,1.0,100,1.0,0.9630065017930143,1.0,{},2.7992975895473067,4.739673019543939,1.2535911965542845,2.040906600362046,100,100,0.94,0.8752318455410406,0.9722138760368118,0.94,0.8752318455410406,0.9722138760368118,94,linear,whole_base_sequence,5.794231549913126,12.646054015124399,6,0,0,nan,nan,nan,2,True,0.00013647699990542605,0.0,0.0,0.008959358088853179,651.5439209903489,712.8232793231821,2.919467157505566,True,True,True,45.0,45,45,40.0,40,40,5.0,5,5,9.0,9,9,6.0,6,6,6.0,6,6,0.0,0,0,0.0,0,0,0.0,0,0,3.0,3,3
poorly_conditioned,one_station_gap,initial_batch_no_updates,True,3.5,100,100,0,1.0,0.9630065017930143,1.0,100,1.0,0.9630065017930143,1.0,{},3.4159294502760917,5.876247112645708,1.2535911965542845,2.040906600362046,100,100,0.94,0.8752318455410406,0.9722138760368118,0.94,0.8752318455410406,0.9722138760368118,94,linear,whole_base_sequence,5.79423154991313,12.646054015124498,6,0,0,nan,nan,nan,2,True,0.00013401399948634207,0.0,0.0,0.006245035550484791,1318.6070249431527,1442.5888392822646,3.4982209701726212,True,True,True,45.0,45,45,40.0,40,40,5.0,5,5,10.47,10,11,6.0,6,6,6.0,6,6,0.0,0,0,0.0,0,0,0.0,0,0,4.47,4,5
poorly_conditioned,one_station_gap,initial_batch_no_updates,True,4.0,100,100,0,1.0,0.9630065017930143,1.0,100,1.0,0.9630065017930143,1.0,{},4.035694050311655,7.020986991174571,1.2535911965542845,2.040906600362046,100,100,0.94,0.8752318455410406,0.9722138760368118,0.94,0.8752318455410406,0.9722138760368118,94,linear,whole_base_sequence,5.794231549913125,12.646054015124358,6,0,0,nan,nan,nan,2,True,0.00013664600031916053,0.0,0.0,0.004563477318638278,2435.478396994049,2665.028045772739,3.9975016630794027,True,True,True,45.0,45,45,40.0,40,40,5.0,5,5,11.42,11,12,6.0,6,6,6.0,6,6,0.0,0,0,0.0,0,0,0.0,0,0,5.42,5,6
poorly_conditioned,one_station_gap,initial_batch_no_updates,True,4.5,100,100,0,1.0,0.9630065017930143,1.0,100,1.0,0.9630065017930143,1.0,{},4.657340911960113,8.06080721080135,1.2535911965542845,2.040906600362046,100,100,0.94,0.8752318455410406,0.9722138760368118,0.94,0.8752318455410406,0.9722138760368118,94,linear,whole_base_sequence,5.794231549913117,12.64605401512434,6,0,0,nan,nan,nan,2,True,0.0001375209999969229,0.0,0.0,0.0034642688371824535,4179.573949420618,4574.233512352181,4.496681836145486,True,True,True,45.0,45,45,40.0,40,40,5.0,5,5,12.96,12,13,6.0,6,6,6.0,6,6,0.0,0,0,0.0,0,0,0.0,0,0,6.96,6,7
poorly_conditioned,one_station_gap,initial_batch_no_updates,True,5.0,100,100,0,1.0,0.9630065017930143,1.0,100,1.0,0.9630065017930143,1.0,{},5.280205272217476,9.08086499632635,1.2535911965542845,2.040906600362046,100,100,0.94,0.8752318455410406,0.9722138760368118,0.94,0.8752318455410406,0.9722138760368118,94,linear,whole_base_sequence,5.7942315499131265,12.64605401512453,6,0,0,nan,nan,nan,2,True,0.0001390449987957254,0.0,0.0,0.002711973244229665,6761.081070636641,7398.1598456570755,4.997797684238566,True,True,True,45.0,45,45,40.0,40,40,5.0,5,5,14.16,13,15,6.0,6,6,6.0,6,6,0.0,0,0,0.0,0,0,0.0,0,0,8.16,7,9
poorly_conditioned,one_station_gap,initial_batch_no_updates,True,5.5,100,100,0,1.0,0.9630065017930143,1.0,100,1.0,0.9630065017930143,1.0,{},5.903901803665791,10.10100684552165,1.2535911965542845,2.040906600362046,100,100,0.94,0.8752318455410406,0.9722138760368118,0.94,0.8752318455410406,0.9722138760368118,94,linear,whole_base_sequence,5.794231549913109,12.646054015124442,6,0,0,nan,nan,nan,2,True,0.0001392580007086508,0.0,0.0,0.0021769278447610705,10418.901622216126,11398.6251216122,5.494821468465719,True,True,True,45.0,45,45,40.0,40,40,5.0,5,5,15.21,15,16,6.0,6,6,6.0,6,6,0.0,0,0,0.0,0,0,0.0,0,0,9.21,9,10
poorly_conditioned,one_station_gap,initial_batch_no_updates,True,6.0,100,100,0,1.0,0.9630065017930143,1.0,100,1.0,0.9630065017930143,1.0,{},6.528191996406231,11.1212085074863,1.2535911965542845,2.040906600362046,100,100,0.94,0.8752318455410406,0.9722138760368118,0.94,0.8752318455410406,0.9722138760368118,94,linear,whole_base_sequence,5.794231549913118,12.646054015124346,6,0,0,nan,nan,nan,2,True,0.00013536400016164407,0.0,0.0,0.0017839617795422482,15423.06551364527,16871.31143907586,5.998694141125537,True,True,True,45.0,45,45,40.0,40,40,5.0,5,5,16.71,16,17,6.0,6,6,6.0,6,6,0.0,0,0,0.0,0,0,0.0,0,0,10.71,10,11
poorly_conditioned,one_station_gap,initial_batch_no_updates,True,6.5,100,100,0,1.0,0.9630065017930143,1.0,100,1.0,0.9630065017930143,1.0,{},7.152920412013245,12.141454247582116,1.2535911965542845,2.040906600362046,100,100,0.94,0.8752318455410406,0.9722138760368118,0.94,0.8752318455410406,0.9722138760368118,94,linear,whole_base_sequence,5.794231549913128,12.646054015124404,6,0,0,nan,nan,nan,2,True,0.00013664800120750443,0.0,0.0,0.0014874308415404333,22080.076046528386,24145.765148038827,6.496620850517521,True,True,True,45.0,45,45,40.0,40,40,5.0,5,5,17.58,17,18,6.0,6,6,6.0,6,6,0.0,0,0,0.0,0,0,0.0,0,0,11.58,11,12
poorly_conditioned,one_station_gap,initial_batch_no_updates,True,7.0,100,100,0,1.0,0.9630065017930143,1.0,100,1.0,0.9630065017930143,1.0,{},7.777981456861947,13.161733408743432,1.2535911965542845,2.040906600362046,100,100,0.94,0.8752318455410406,0.9722138760368118,0.94,0.8752318455410406,0.9722138760368118,94,linear,whole_base_sequence,5.794231549913129,12.64605401512461,6,0,0,nan,nan,nan,2,True,0.00013866000081179662,0.0,0.0,0.0012584707011346348,30716.758433139606,33585.396951256786,6.916259984169404,True,True,True,45.0,45,45,40.0,40,40,5.0,5,5,19.0,19,19,6.0,6,6,6.0,6,6,0.0,0,0,0.0,0,0,0.0,0,0,13.0,13,13
poorly_conditioned,one_station_gap,initial_batch_no_updates,True,7.5,100,100,0,1.0,0.9630065017930143,1.0,100,1.0,0.9630065017930143,1.0,{},8.403300905597758,14.182038515168585,1.2535911965542845,2.040906600362046,100,100,0.94,0.8752318455410406,0.9722138760368118,0.94,0.8752318455410406,0.9722138760368118,94,linear,whole_base_sequence,5.794231549913134,12.6460540151244,6,0,0,nan,nan,nan,2,True,0.0001381749991560355,0.0,0.0,0.0010781708623273205,41693.480882731936,45587.48195367366,7.49663367385701,True,True,True,45.0,45,45,40.0,40,40,5.0,5,5,21.35,20,22,6.0,6,6,6.0,6,6,0.0,0,0,0.0,0,0,0.0,0,0,15.35,14,16
poorly_conditioned,one_station_gap,initial_batch_no_updates,True,8.0,100,100,0,1.0,0.9630065017930143,1.0,100,1.0,0.9630065017930143,1.0,{},9.028825068678154,15.202364167142584,1.2535911965542845,2.040906600362046,100,100,0.94,0.8752318455410406,0.9722138760368118,0.94,0.8752318455410406,0.9722138760368118,94,linear,whole_base_sequence,5.794231549913141,12.646054015124532,6,0,0,nan,nan,nan,2,True,0.00013971600244985893,0.0,0.0,0.0009337541302834447,55417.04265665805,60583.15968731482,7.997989549354098,True,True,True,45.0,45,45,40.0,40,40,5.0,5,5,22.6,22,24,6.0,6,6,6.0,6,6,0.0,0,0,0.0,0,0,0.0,0,0,16.6,16,18
poorly_conditioned,one_station_gap,initial_batch_no_updates,True,8.5,100,100,0,1.0,0.9630065017930143,1.0,100,1.0,0.9630065017930143,1.0,{},9.654514155336933,16.222706366832895,1.2535911965542845,2.040906600362046,100,100,0.94,0.8752318455410406,0.9722138760368118,0.94,0.8752318455410406,0.9722138760368118,94,linear,whole_base_sequence,5.794231549913094,12.64605401512433,6,0,0,nan,nan,nan,2,True,0.00013504300004569815,0.0,0.0,0.0008163513414374903,72307.74145061725,79037.43412448771,8.499101501616938,True,True,True,45.0,45,45,40.0,40,40,5.0,5,5,24.96,24,25,6.0,6,6,6.0,6,6,0.0,0,0,0.0,0,0,0.0,0,0,18.96,18,19
poorly_conditioned,one_station_gap,initial_batch_no_updates,True,9.0,100,100,0,1.0,0.9630065017930143,1.0,100,1.0,0.9630065017930143,1.0,{},10.280338052537505,17.243062090890486,1.2535911965542845,2.040906600362046,100,100,0.94,0.8752318455410406,0.9722138760368118,0.94,0.8752318455410406,0.9722138760368118,94,linear,whole_base_sequence,5.794231549913084,12.646054015124344,6,0,0,nan,nan,nan,2,True,0.00013692800072021783,0.0,0.0,0.0007196582906862997,92809.66530884156,101449.17368687392,8.999106114578835,True,True,True,45.0,45,45,40.0,40,40,5.0,5,5,26.83,25,28,6.0,6,6,6.0,6,6,0.0,0,0,0.0,0,0,0.0,0,0,20.83,19,22
poorly_conditioned,one_station_gap,initial_batch_no_updates,True,9.5,100,100,0,1.0,0.9630065017930143,1.0,100,1.0,0.9630065017930143,1.0,{},10.906273553205017,18.2634290104803,1.2535911965542845,2.040906600362046,100,100,0.94,0.8752318455410406,0.9722138760368118,0.94,0.8752318455410406,0.9722138760368118,94,linear,whole_base_sequence,5.794231549913132,12.646054015124868,6,0,0,nan,nan,nan,2,True,0.00013624100160086527,0.0,0.0,0.0006390989805628097,117411.4360071127,128351.11125149971,9.49477757693301,True,True,True,45.0,45,45,40.0,40,40,5.0,5,5,28.2,28,29,6.0,6,6,6.0,6,6,0.0,0,0,0.0,0,0,0.0,0,0,22.2,22,23
poorly_conditioned,one_station_gap,offline_full_record_noncausal,False,14.5,100,100,0,1.0,0.9630065017930143,1.0,100,1.0,0.9630065017930143,1.0,{},0.5450166071881254,0.851523398665308,0.0581094720062779,0.08845661083022693,100,100,0.97,0.9154806357094724,0.9897454759759611,0.97,0.9154806357094724,0.9897454759759611,97,linear,whole_base_sequence,6.190473774680413,11.961315870061883,6,0,0,nan,nan,nan,2,True,0.34054919300164327,0.0,0.0,0.00010231678406009502,1616.2720108479357,1950.6342833230156,12.518298918608764,True,True,True,45.0,45,45,40.0,40,40,5.0,5,5,40.0,40,40,40.0,40,40,0.0,0,0,0.0,0,0,0.0,0,0,0.0,0,0,0.0,0,0
poorly_conditioned,one_station_gap,retarded_ekf,True,0.0,100,0,100,0.0,0.0,0.03699349820698568,0,0.0,0.0,0.03699349820698568,"{""not_initialized"": 100}",nan,nan,nan,nan,0,100,nan,nan,nan,0.0,0.0,0.03699349820698568,0,linear,whole_base_sequence,nan,nan,6,0,0,nan,nan,nan,2,True,2.4394999200012536e-05,0.0,nan,nan,nan,nan,nan,True,True,True,45.0,45,45,40.0,40,40,5.0,5,5,0.0,0,0,0.0,0,0,0.0,0,0,0.0,0,0,0.0,0,0,0.0,0,0,0.0,0,0
poorly_conditioned,one_station_gap,retarded_ekf,True,0.5,100,0,100,0.0,0.0,0.03699349820698568,0,0.0,0.0,0.03699349820698568,"{""not_initialized"": 100}",nan,nan,nan,nan,0,100,nan,nan,nan,0.0,0.0,0.03699349820698568,0,linear,whole_base_sequence,nan,nan,6,0,0,nan,nan,nan,2,True,1.3780996669083834e-05,0.0,nan,nan,nan,nan,nan,True,True,True,45.0,45,45,40.0,40,40,5.0,5,5,0.0,0,0,0.0,0,0,0.0,0,0,0.0,0,0,0.0,0,0,0.0,0,0,0.0,0,0
poorly_conditioned,one_station_gap,retarded_ekf,True,1.0,100,0,100,0.0,0.0,0.03699349820698568,0,0.0,0.0,0.03699349820698568,"{""not_initialized"": 100}",nan,nan,nan,nan,0,100,nan,nan,nan,0.0,0.0,0.03699349820698568,0,linear,whole_base_sequence,nan,nan,6,0,0,nan,nan,nan,2,True,0.00017564300127560274,0.0,nan,nan,nan,nan,0.9980244500028004,True,True,True,45.0,45,45,40.0,40,40,5.0,5,5,1.79,0,3,0.0,0,0,0.0,0,0,0.0,0,0,0.0,0,0,0.0,0,0,1.79,0,3
poorly_conditioned,one_station_gap,retarded_ekf,True,1.5,100,0,100,0.0,0.0,0.03699349820698568,0,0.0,0.0,0.03699349820698568,"{""not_initialized"": 100}",nan,nan,nan,nan,0,100,nan,nan,nan,0.0,0.0,0.03699349820698568,0,linear,whole_base_sequence,nan,nan,6,0,0,nan,nan,nan,2,True,0.00020716600032756106,0.0,nan,nan,nan,nan,1.4964500178359175,True,True,True,45.0,45,45,40.0,40,40,5.0,5,5,3.19,3,4,0.0,0,0,0.0,0,0,0.0,0,0,0.0,0,0,0.0,0,0,3.19,3,4
poorly_conditioned,one_station_gap,retarded_ekf,True,10.0,100,100,0,1.0,0.9630065017930143,1.0,100,1.0,0.9630065017930143,1.0,{},0.4890658601342581,0.8597538717925168,0.0781544905387271,0.13272336878426277,100,100,0.96,0.9016292856411208,0.9843366960084523,0.96,0.9016292856411208,0.9843366960084523,96,linear,whole_base_sequence,5.942305538478306,11.953838123218892,6,254,0,2.0904911133545516,5.921927699208383,0.9488188976377953,2,True,0.00571487099834485,0.002063732999667991,0.0,0.0003279430998468524,391.0958321653428,526.5640228465096,9.989789698436592,True,True,True,45.0,45,45,40.0,40,40,5.0,5,5,30.74,30,31,30.74,30,31,6.0,6,6,24.74,24,25,0.0,0,0,0.0,0,0,0.0,0,0
poorly_conditioned,one_station_gap,retarded_ekf,True,10.5,100,100,0,1.0,0.9630065017930143,1.0,100,1.0,0.9630065017930143,1.0,{},0.4874011141323285,0.8214173841497784,0.07410912604361775,0.11979314752724533,100,100,0.97,0.9154806357094724,0.9897454759759611,0.97,0.9154806357094724,0.9897454759759611,97,linear,whole_base_sequence,5.899420644191638,12.098797530197293,6,141,0,1.8645200283783794,5.591492419448715,0.9645390070921985,2,True,0.003194432999007404,0.001081597999727819,0.0,0.00028391470036062693,464.17154253722947,573.1591958532147,10.498609775121441,True,True,True,45.0,45,45,40.0,40,40,5.0,5,5,32.15,31,33,32.15,31,33,6.0,6,6,26.15,25,27,0.0,0,0,0.0,0,0,0.0,0,0
poorly_conditioned,one_station_gap,retarded_ekf,True,11.0,100,100,0,1.0,0.9630065017930143,1.0,100,1.0,0.9630065017930143,1.0,{},0.4480379369931515,0.7496798387911471,0.06600628779656821,0.10147133889266437,100,100,0.96,0.9016292856411208,0.9843366960084523,0.96,0.9016292856411208,0.9843366960084523,96,linear,whole_base_sequence,5.89486798601998,12.21089655982194,6,185,0,2.2903103404737157,6.824658196319029,0.9297297297297298,2,True,0.00443099799886113,0.0014799990016035735,0.0,0.0002464051361773502,487.3503066649905,568.2090598368907,10.919532383859073,True,True,True,45.0,45,45,40.0,40,40,5.0,5,5,34.0,34,34,34.0,34,34,6.0,6,6,28.0,28,28,0.0,0,0,0.0,0,0,0.0,0,0
poorly_conditioned,one_station_gap,retarded_ekf,True,11.5,100,100,0,1.0,0.9630065017930143,1.0,100,1.0,0.9630065017930143,1.0,{},0.46286128241290936,0.7424055990445108,0.06450106351641793,0.10579001657205495,100,100,0.95,0.8882495307680808,0.9784563208456319,0.95,0.8882495307680808,0.9784563208456319,95,linear,whole_base_sequence,6.02641609592987,12.316581591963592,6,228,0,2.233814793384063,6.303567423630465,0.9342105263157895,2,True,0.00559807399957208,0.0018227899994235485,0.0,0.00021484279662069953,539.1512906837706,664.8163816808907,11.499339348942456,True,True,True,45.0,45,45,40.0,40,40,5.0,5,5,36.28,35,37,36.28,35,37,6.0,6,6,30.28,29,31,0.0,0,0,0.0,0,0,0.0,0,0
poorly_conditioned,one_station_gap,retarded_ekf,True,12.0,100,100,0,1.0,0.9630065017930143,1.0,100,1.0,0.9630065017930143,1.0,{},0.4572900003497138,0.7361573902437415,0.06275162725647387,0.10695888732860327,100,100,0.94,0.8752318455410406,0.9722138760368118,0.94,0.8752318455410406,0.9722138760368118,94,linear,whole_base_sequence,5.952230309799591,12.670932670270215,6,122,0,2.125950732489613,6.074233251048212,0.9426229508196722,2,True,0.0031656899987137876,0.0009875310005736538,0.0,0.00018793281945449187,624.7528871846497,719.7989480120804,11.997967432491361,True,True,True,45.0,45,45,40.0,40,40,5.0,5,5,37.5,37,39,37.5,37,39,6.0,6,6,31.5,31,33,0.0,0,0,0.0,0,0,0.0,0,0
poorly_conditioned,one_station_gap,retarded_ekf,True,12.5,100,100,0,1.0,0.9630065017930143,1.0,100,1.0,0.9630065017930143,1.0,{},0.4416216044181212,0.7224138218452644,0.05797720547152401,0.08829632170072892,100,100,0.97,0.9154806357094724,0.9897454759759611,0.97,0.9154806357094724,0.9897454759759611,97,linear,whole_base_sequence,6.154356556016683,12.005765841133552,6,246,0,2.3838258743186853,7.776276239369511,0.9105691056910569,2,True,0.006395783999178093,0.001964756001252681,0.0,0.0001649507524845293,655.2404007595569,787.866462968647,12.499319060207084,True,True,True,45.0,45,45,40.0,40,40,5.0,5,5,39.96,39,40,39.96,39,40,6.0,6,6,33.96,33,34,0.0,0,0,0.0,0,0,0.0,0,0
poorly_conditioned,one_station_gap,retarded_ekf,True,14.5,100,100,0,1.0,0.9630065017930143,1.0,100,1.0,0.9630065017930143,1.0,{},0.5455946347427515,0.8490759123074156,0.05813791009438646,0.08829632170072892,100,100,0.97,0.9154806357094724,0.9897454759759611,0.97,0.9154806357094724,0.9897454759759611,97,linear,whole_base_sequence,6.19476265417995,12.005765841133409,6,4,0,1.1942573301734158,3.0071494760946664,1.0,2,True,0.0002908809980726801,3.39880000683479e-05,0.0,0.00010242541492004999,1618.7100663044707,1948.267761424929,12.518298918608764,True,True,True,45.0,45,45,40.0,40,40,5.0,5,5,40.0,40,40,40.0,40,40,6.0,6,6,34.0,34,34,0.0,0,0,0.0,0,0,0.0,0,0
poorly_conditioned,one_station_gap,retarded_ekf,True,2.0,100,76,24,0.76,0.6676766365018553,0.8330867444305122,76,0.76,0.6676766365018553,0.8330867444305122,"{""not_initialized"": 24}",1.6038174726382564,2.759207651016562,1.2686535808570505,2.099754992057864,76,100,0.9473684210526315,0.8723432742411035,0.9793445707006156,0.72,0.6251197129007884,0.7986031478881379,72,linear,whole_base_sequence,5.93781801613331,12.170714033450924,6,0,0,nan,nan,nan,2,True,0.0478096509995521,0.0,0.0,0.02186619074838811,113.74161425519142,124.2184460191898,1.9974613505584822,True,True,True,45.0,45,45,40.0,40,40,5.0,5,5,5.76,5,6,4.56,0,6,4.56,0,6,0.0,0,0,0.0,0,0,0.0,0,0,1.2,0,5
poorly_conditioned,one_station_gap,retarded_ekf,True,2.5,100,100,0,1.0,0.9630065017930143,1.0,100,1.0,0.9630065017930143,1.0,{},1.5580392149391138,2.7067147585330438,0.9356122015042652,1.598368851425571,100,100,0.98,0.929988209271456,0.9944980324498376,0.98,0.929988209271456,0.9944980324498376,98,linear,whole_base_sequence,5.594083803370718,12.12538409323754,6,106,0,1.7741018604735375,5.342730289588798,0.9528301886792453,2,True,0.016637236000678967,0.0008815790002699942,0.0,0.012426574207847279,138.16576369511978,302.6516754330804,2.495801938814801,True,True,True,45.0,45,45,40.0,40,40,5.0,5,5,7.06,6,8,7.06,6,8,6.0,6,6,1.06,0,2,0.0,0,0,0.0,0,0,0.0,0,0
poorly_conditioned,one_station_gap,retarded_ekf,True,3.0,100,100,0,1.0,0.9630065017930143,1.0,100,1.0,0.9630065017930143,1.0,{},1.249129881981359,2.0619272492046807,0.6556790314257075,1.079454972542351,100,100,0.95,0.8882495307680808,0.9784563208456319,0.95,0.8882495307680808,0.9784563208456319,95,linear,whole_base_sequence,5.760639339575157,12.608937647310274,6,194,0,1.8081600261138586,6.364233903912393,0.9381443298969072,2,True,0.0026726310010417365,0.0015531600007670932,0.0,0.007851288570559044,148.5368701399516,163.45400701606633,2.919467157505566,True,True,True,45.0,45,45,40.0,40,40,5.0,5,5,9.0,9,9,9.0,9,9,6.0,6,6,3.0,3,3,0.0,0,0,0.0,0,0,0.0,0,0
poorly_conditioned,one_station_gap,retarded_ekf,True,3.5,100,100,0,1.0,0.9630065017930143,1.0,100,1.0,0.9630065017930143,1.0,{},1.1646228986112608,2.119468877248379,0.5220756404037468,0.889560428171474,100,100,0.94,0.8752318455410406,0.9722138760368118,0.94,0.8752318455410406,0.9722138760368118,94,linear,whole_base_sequence,5.700762771935488,13.0882142883494,6,147,0,1.8090540885163937,5.492238245220171,0.9659863945578231,2,True,0.0022462770011043177,0.0012116580014117063,0.0,0.0052554150316198615,185.4417883599696,218.4813854057849,3.4982209701726212,True,True,True,45.0,45,45,40.0,40,40,5.0,5,5,10.47,10,11,10.47,10,11,6.0,6,6,4.47,4,5,0.0,0,0,0.0,0,0,0.0,0,0
poorly_conditioned,one_station_gap,retarded_ekf,True,4.0,100,100,0,1.0,0.9630065017930143,1.0,100,1.0,0.9630065017930143,1.0,{},1.1329887976581348,1.7818053295097318,0.4418162183240164,0.7318137776727248,100,100,0.95,0.8882495307680808,0.9784563208456319,0.95,0.8882495307680808,0.9784563208456319,95,linear,whole_base_sequence,5.476958261207844,11.378157843848559,6,95,0,2.172766308764019,6.553768192234726,0.9263157894736842,2,True,0.0015229800005909055,0.0007676830003038048,0.0,0.0037170263734288274,241.89319836543982,266.2711580634494,3.9975016630794027,True,True,True,45.0,45,45,40.0,40,40,5.0,5,5,11.42,11,12,11.42,11,12,6.0,6,6,5.42,5,6,0.0,0,0,0.0,0,0,0.0,0,0
poorly_conditioned,one_station_gap,retarded_ekf,True,4.5,100,100,0,1.0,0.9630065017930143,1.0,100,1.0,0.9630065017930143,1.0,{},1.0888066837467574,1.9858960463006483,0.3750721255442153,0.6474950829787155,100,100,0.96,0.9016292856411208,0.9843366960084523,0.96,0.9016292856411208,0.9843366960084523,96,linear,whole_base_sequence,5.771836767474603,10.763028523596448,6,154,0,1.6848218874751157,5.037087874567682,0.974025974025974,2,True,0.0024744199999258854,0.0012632120004855097,0.0,0.002730510506830752,216.76884926553123,321.6198549452514,4.496681836145486,True,True,True,45.0,45,45,40.0,40,40,5.0,5,5,12.96,12,13,12.96,12,13,6.0,6,6,6.96,6,7,0.0,0,0,0.0,0,0,0.0,0,0
poorly_conditioned,one_station_gap,retarded_ekf,True,5.0,100,100,0,1.0,0.9630065017930143,1.0,100,1.0,0.9630065017930143,1.0,{},0.999408627354034,1.693996144913048,0.30723129381399056,0.5163203081034877,100,100,0.97,0.9154806357094724,0.9897454759759611,0.97,0.9154806357094724,0.9897454759759611,97,linear,whole_base_sequence,5.43467853220945,11.764791304547272,6,120,0,2.1138226330852095,6.55105003115242,0.9333333333333333,2,True,0.002049707998521626,0.0009883850006735884,0.0,0.002080639674378767,267.3496800242463,388.2372705446319,4.997797684238566,True,True,True,45.0,45,45,40.0,40,40,5.0,5,5,14.16,13,15,14.16,13,15,6.0,6,6,8.16,7,9,0.0,0,0,0.0,0,0,0.0,0,0
poorly_conditioned,one_station_gap,retarded_ekf,True,5.5,100,100,0,1.0,0.9630065017930143,1.0,100,1.0,0.9630065017930143,1.0,{},0.9872083814172133,1.5627417418492435,0.26946050737222643,0.44107665970346327,100,100,0.98,0.929988209271456,0.9944980324498376,0.98,0.929988209271456,0.9944980324498376,98,linear,whole_base_sequence,5.568506500369,11.111867295703012,6,105,0,1.8272162194892134,6.019986952869712,0.9428571428571428,2,True,0.001860813999082893,0.0008554139969055541,0.0,0.0016264389719966143,347.32101070263934,389.1103780256977,5.494821468465719,True,True,True,45.0,45,45,40.0,40,40,5.0,5,5,15.21,15,16,15.21,15,16,6.0,6,6,9.21,9,10,0.0,0,0,0.0,0,0,0.0,0,0
poorly_conditioned,one_station_gap,retarded_ekf,True,6.0,100,100,0,1.0,0.9630065017930143,1.0,100,1.0,0.9630065017930143,1.0,{},0.941071793301577,1.4144861387777823,0.23320759740011596,0.38690378255549057,100,100,0.95,0.8882495307680808,0.9784563208456319,0.95,0.8882495307680808,0.9784563208456319,95,linear,whole_base_sequence,5.559018171669191,10.961846758431074,6,150,0,1.9259710511732344,4.920616661982603,0.98,2,True,0.0026412209993577564,0.0012175630027195438,0.0,0.0013007900546665827,361.2290298005868,409.7673517260101,5.998694141125537,True,True,True,45.0,45,45,40.0,40,40,5.0,5,5,16.71,16,17,16.71,16,17,6.0,6,6,10.71,10,11,0.0,0,0,0.0,0,0,0.0,0,0
poorly_conditioned,one_station_gap,retarded_ekf,True,6.5,100,100,0,1.0,0.9630065017930143,1.0,100,1.0,0.9630065017930143,1.0,{},0.9231012956025931,1.508602216767088,0.20739952684732452,0.33312972429894383,100,100,0.96,0.9016292856411208,0.9843366960084523,0.96,0.9016292856411208,0.9843366960084523,96,linear,whole_base_sequence,5.354621664080184,11.325407274090562,6,87,0,2.168984324532321,7.721805266768712,0.9310344827586207,2,True,0.001600560999067966,0.000686715999036096,0.0,0.0010604028811886394,406.37178457024004,585.8688938891772,6.496620850517521,True,True,True,45.0,45,45,40.0,40,40,5.0,5,5,17.58,17,18,17.58,17,18,6.0,6,6,11.58,11,12,0.0,0,0,0.0,0,0,0.0,0,0
poorly_conditioned,one_station_gap,retarded_ekf,True,7.0,100,100,0,1.0,0.9630065017930143,1.0,100,1.0,0.9630065017930143,1.0,{},0.8523765413319407,1.424373367484286,0.17963514005756373,0.29119201835404945,100,100,0.96,0.9016292856411208,0.9843366960084523,0.96,0.9016292856411208,0.9843366960084523,96,linear,whole_base_sequence,5.283203255405629,11.17366941882342,6,142,0,2.2091132266886016,6.409280178109517,0.9154929577464789,2,True,0.0026215639984002335,0.0011425910008256324,0.0,0.0008741848359946885,530.2224414566814,589.6349110009292,6.916259984169404,True,True,True,45.0,45,45,40.0,40,40,5.0,5,5,19.0,19,19,19.0,19,19,6.0,6,6,13.0,13,13,0.0,0,0,0.0,0,0,0.0,0,0
poorly_conditioned,one_station_gap,retarded_ekf,True,7.5,100,100,0,1.0,0.9630065017930143,1.0,100,1.0,0.9630065017930143,1.0,{},0.6813607173255217,1.1687495682848896,0.13596917147495022,0.24414033343381342,100,100,0.94,0.8752318455410406,0.9722138760368118,0.94,0.8752318455410406,0.9722138760368118,94,linear,whole_base_sequence,5.6015358176807,13.337370281971676,6,235,0,2.1986935115682957,6.438911548207508,0.9319148936170213,2,True,0.004442657999461517,0.0019170880000456236,0.0,0.0007295909812118178,349.4892908221227,591.014022006385,7.49663367385701,True,True,True,45.0,45,45,40.0,40,40,5.0,5,5,21.35,20,22,21.35,20,22,6.0,6,6,15.35,14,16,0.0,0,0,0.0,0,0,0.0,0,0
poorly_conditioned,one_station_gap,retarded_ekf,True,8.0,100,100,0,1.0,0.9630065017930143,1.0,100,1.0,0.9630065017930143,1.0,{},0.6478607318074691,1.0576052102198457,0.12318213241378012,0.20933567387771465,100,100,0.93,0.8625048526092651,0.9656807389327273,0.93,0.8625048526092651,0.9656807389327273,93,linear,whole_base_sequence,5.646766662846065,13.674212340549058,6,125,0,1.8726523401320856,5.680856111128921,0.96,2,True,0.002519101001380477,0.0010159360009129158,0.0,0.000613826039990366,358.8179087667811,418.89878509125344,7.997989549354098,True,True,True,45.0,45,45,40.0,40,40,5.0,5,5,22.6,22,24,22.6,22,24,6.0,6,6,16.6,16,18,0.0,0,0,0.0,0,0,0.0,0,0
poorly_conditioned,one_station_gap,retarded_ekf,True,8.5,100,100,0,1.0,0.9630065017930143,1.0,100,1.0,0.9630065017930143,1.0,{},0.5627681028295818,0.958811517807827,0.10557791092371249,0.17583614442800635,100,100,0.97,0.9154806357094724,0.9897454759759611,0.97,0.9154806357094724,0.9897454759759611,97,linear,whole_base_sequence,5.674373759440073,11.571182530649976,6,236,0,1.880678668509027,5.174082385925981,0.961864406779661,2,True,0.004871510999801103,0.0019483430002583191,0.0,0.0005201456733635488,325.0563406501302,440.74797436012983,8.499101501616938,True,True,True,45.0,45,45,40.0,40,40,5.0,5,5,24.96,24,25,24.96,24,25,6.0,6,6,18.96,18,19,0.0,0,0,0.0,0,0,0.0,0,0
poorly_conditioned,one_station_gap,retarded_ekf,True,9.0,100,100,0,1.0,0.9630065017930143,1.0,100,1.0,0.9630065017930143,1.0,{},0.5463023121423023,0.8694569791594242,0.09870421236183159,0.16265589712611775,100,100,0.96,0.9016292856411208,0.9843366960084523,0.96,0.9016292856411208,0.9843366960084523,96,linear,whole_base_sequence,5.785713047000392,12.041629166386542,6,187,0,1.8691099190388587,5.225276396547779,0.9732620320855615,2,True,0.0039678889990318565,0.0015159509994555264,0.0,0.0004440108184728621,376.43215679920445,473.5087120598235,8.999106114578835,True,True,True,45.0,45,45,40.0,40,40,5.0,5,5,26.83,25,28,26.83,25,28,6.0,6,6,20.83,19,22,0.0,0,0,0.0,0,0,0.0,0,0
poorly_conditioned,one_station_gap,retarded_ekf,True,9.5,100,100,0,1.0,0.9630065017930143,1.0,100,1.0,0.9630065017930143,1.0,{},0.5326457535955665,0.8854124943664352,0.09038558535793154,0.14982175870997477,100,100,0.96,0.9016292856411208,0.9843366960084523,0.96,0.9016292856411208,0.9843366960084523,96,linear,whole_base_sequence,5.9590952628139,12.411845749714063,6,137,0,2.0297621901202314,7.114471791729304,0.9343065693430657,2,True,0.0030638519980129785,0.0011279280012240634,0.0,0.00038076360817055217,397.62124856245987,446.5814516703956,9.49477757693301,True,True,True,45.0,45,45,40.0,40,40,5.0,5,5,28.2,28,29,28.2,28,29,6.0,6,6,22.2,22,23,0.0,0,0,0.0,0,0,0.0,0,0
poorly_conditioned,outlier_mild,causal_prefix_batch,True,0.0,100,0,100,0.0,0.0,0.03699349820698568,0,0.0,0.0,0.03699349820698568,"{""insufficient_measurements"": 100}",nan,nan,nan,nan,0,100,nan,nan,nan,0.0,0.0,0.03699349820698568,0,linear,whole_base_sequence,nan,nan,6,0,0,nan,nan,nan,2,True,4.545200004940853e-05,0.0,nan,nan,nan,nan,nan,True,True,False,45.0,45,45,45.0,45,45,0.0,0,0,0.0,0,0,0.0,0,0,0.0,0,0,0.0,0,0,0.0,0,0,0.0,0,0,0.0,0,0
poorly_conditioned,outlier_mild,causal_prefix_batch,True,0.5,100,0,100,0.0,0.0,0.03699349820698568,0,0.0,0.0,0.03699349820698568,"{""insufficient_measurements"": 100}",nan,nan,nan,nan,0,100,nan,nan,nan,0.0,0.0,0.03699349820698568,0,linear,whole_base_sequence,nan,nan,6,0,0,nan,nan,nan,2,True,3.48490008036606e-05,0.0,nan,nan,nan,nan,nan,True,True,False,45.0,45,45,45.0,45,45,0.0,0,0,0.0,0,0,0.0,0,0,0.0,0,0,0.0,0,0,0.0,0,0,0.0,0,0,0.0,0,0
poorly_conditioned,outlier_mild,causal_prefix_batch,True,1.0,100,1,99,0.01,0.0017674320641406505,0.054486196178705315,1,0.01,0.0017674320641406505,0.054486196178705315,"{""insufficient_local_observability"": 9, ""insufficient_measurements"": 86, ""optimization_error:ValueError"": 3, ""projected_kkt_not_satisfied"": 1}",57.19331193542061,57.19331193542061,127.3570811268113,127.3570811268113,1,100,1.0,0.20654931437723745,1.0,0.01,0.0017674320641406505,0.054486196178705315,1,linear,whole_base_sequence,8.138388669383444,8.138388669383444,6,0,0,nan,nan,nan,2,True,0.29513339000055566,0.0,0.0,0.07374776961619395,129481643.10789263,129481643.10789263,0.9980244500028004,True,True,False,45.0,45,45,45.0,45,45,0.0,0,0,1.79,0,3,1.79,0,3,0.0,0,0,0.0,0,0,0.0,0,0,0.0,0,0,0.0,0,0
poorly_conditioned,outlier_mild,causal_prefix_batch,True,1.5,100,17,83,0.17,0.10893566114059931,0.25548004767601123,17,0.17,0.10893566114059931,0.25548004767601123,"{""insufficient_local_observability"": 77, ""optimization_error:ValueError"": 4, ""projected_kkt_not_satisfied"": 2}",89.15238288080064,155.21012501191643,93.36921555989181,163.0170492017684,17,100,0.8235294117647058,0.5897054143116588,0.9380887336237901,0.14,0.08526343659939134,0.22137188210963837,14,linear,whole_base_sequence,23.52236536133693,90.69499722030318,6,0,0,nan,nan,nan,2,True,2.2365856010009884,0.0,0.0,0.024732999582825137,130700.64476697192,323449249.6058016,1.4964500178359175,True,True,False,45.0,45,45,45.0,45,45,0.0,0,0,3.19,3,4,3.19,3,4,0.0,0,0,0.0,0,0,0.0,0,0,0.0,0,0,0.0,0,0
poorly_conditioned,outlier_mild,causal_prefix_batch,True,10.0,100,100,0,1.0,0.9630065017930143,1.0,100,1.0,0.9630065017930143,1.0,{},1.0221837010779773,1.9189039700371366,0.18256332097128494,0.34807997524641804,100,100,0.27,0.1926958414957634,0.36432116767944994,0.27,0.1926958414957634,0.36432116767944994,27,linear,whole_base_sequence,34.18498034159467,97.22208735075479,6,0,0,nan,nan,nan,2,True,0.30841470700048373,0.0,0.0,0.00022933202202007173,524.167650034218,676.3243956916137,9.989789698436592,True,True,False,45.0,45,45,45.0,45,45,0.0,0,0,35.74,35,36,35.74,35,36,0.0,0,0,0.0,0,0,0.0,0,0,0.0,0,0,0.0,0,0
poorly_conditioned,outlier_mild,causal_prefix_batch,True,10.5,100,100,0,1.0,0.9630065017930143,1.0,100,1.0,0.9630065017930143,1.0,{},1.0383946244869267,1.9313231717952075,0.17337687916694816,0.33797897200171756,100,100,0.27,0.1926958414957634,0.36432116767944994,0.27,0.1926958414957634,0.36432116767944994,27,linear,whole_base_sequence,33.64859160403982,94.57019745456655,6,0,0,nan,nan,nan,2,True,0.3202540099993348,0.0,0.0,0.00019901998652928035,633.1166122106936,741.709289181594,10.498609775121441,True,True,False,45.0,45,45,45.0,45,45,0.0,0,0,37.15,36,38,37.15,36,38,0.0,0,0,0.0,0,0,0.0,0,0,0.0,0,0,0.0,0,0
poorly_conditioned,outlier_mild,causal_prefix_batch,True,11.0,100,100,0,1.0,0.9630065017930143,1.0,100,1.0,0.9630065017930143,1.0,{},0.9215146184222337,1.6527288560604054,0.1514678941076911,0.2807897776331452,100,100,0.24,0.16691325556948772,0.33232336349814473,0.24,0.16691325556948772,0.33232336349814473,24,linear,whole_base_sequence,31.869836709213306,84.82858271739259,6,0,0,nan,nan,nan,2,True,0.33361099800036753,0.0,0.0,0.00017391394620715664,665.0183167963917,743.7646177175368,10.919532383859073,True,True,False,45.0,45,45,45.0,45,45,0.0,0,0,39.0,39,39,39.0,39,39,0.0,0,0,0.0,0,0,0.0,0,0,0.0,0,0,0.0,0,0
poorly_conditioned,outlier_mild,causal_prefix_batch,True,11.5,100,100,0,1.0,0.9630065017930143,1.0,100,1.0,0.9630065017930143,1.0,{},0.8977801830553283,1.6002950272081544,0.13912908736911497,0.2726867571713169,100,100,0.26,0.18404698464748132,0.3537098944918718,0.26,0.18404698464748132,0.3537098944918718,26,linear,whole_base_sequence,30.8207662832467,87.57495707996135,6,0,0,nan,nan,nan,2,True,0.35924472700018667,0.0,0.0,0.0001539466709619016,730.4087453532018,876.5227057722431,11.499339348942456,True,True,False,45.0,45,45,45.0,45,45,0.0,0,0,41.28,40,42,41.28,40,42,0.0,0,0,0.0,0,0,0.0,0,0,0.0,0,0,0.0,0,0
poorly_conditioned,outlier_mild,causal_prefix_batch,True,12.0,100,100,0,1.0,0.9630065017930143,1.0,100,1.0,0.9630065017930143,1.0,{},0.9146880654010936,1.6450819036621487,0.1351238131189938,0.24825441291840503,100,100,0.27,0.1926958414957634,0.36432116767944994,0.27,0.1926958414957634,0.36432116767944994,27,linear,whole_base_sequence,31.349294078490225,87.43262588183278,6,0,0,nan,nan,nan,2,True,0.3749468259976129,0.0,0.0,0.00013622734497495875,838.9900121417517,914.8084732056678,11.997967432491361,True,True,False,45.0,45,45,45.0,45,45,0.0,0,0,42.5,42,44,42.5,42,44,0.0,0,0,0.0,0,0,0.0,0,0,0.0,0,0,0.0,0,0
poorly_conditioned,outlier_mild,causal_prefix_batch,True,12.5,100,100,0,1.0,0.9630065017930143,1.0,100,1.0,0.9630065017930143,1.0,{},0.8422135501565847,1.3811241099264995,0.1215348220127894,0.23759487138696336,100,100,0.27,0.1926958414957634,0.36432116767944994,0.27,0.1926958414957634,0.36432116767944994,27,linear,whole_base_sequence,30.648658436617357,84.82569934975473,6,0,0,nan,nan,nan,2,True,0.3921456269998453,0.0,0.0,0.00012098867952602894,876.7222646353428,1029.9979306943778,12.499319060207084,True,True,False,45.0,45,45,45.0,45,45,0.0,0,0,44.96,44,45,44.96,44,45,0.0,0,0,0.0,0,0,0.0,0,0,0.0,0,0,0.0,0,0
poorly_conditioned,outlier_mild,causal_prefix_batch,True,14.5,100,100,0,1.0,0.9630065017930143,1.0,100,1.0,0.9630065017930143,1.0,{},1.0571438229993289,1.7378360289777637,0.12130094290668063,0.23759486834138774,100,100,0.27,0.1926958414957634,0.36432116767944994,0.27,0.1926958414957634,0.36432116767944994,27,linear,whole_base_sequence,30.662365930229452,84.82569944436456,6,0,0,nan,nan,nan,2,True,0.3881163200025912,0.0,0.0,7.917118949798259e-05,2064.185585020223,2454.305745567002,12.518298918608764,True,True,False,45.0,45,45,45.0,45,45,0.0,0,0,45.0,45,45,45.0,45,45,0.0,0,0,0.0,0,0,0.0,0,0,0.0,0,0,0.0,0,0
poorly_conditioned,outlier_mild,causal_prefix_batch,True,2.0,100,100,0,1.0,0.9630065017930143,1.0,100,1.0,0.9630065017930143,1.0,{},3.358920388350143,8.104622983718496,2.8870518839113717,6.481456576363532,100,100,0.72,0.6251197129007884,0.7986031478881379,0.72,0.6251197129007884,0.7986031478881379,72,linear,whole_base_sequence,34.85532845489462,207.7526790170108,6,0,0,nan,nan,nan,2,True,0.059109144999238195,0.0,0.0,0.021028696129211245,115.86388231391986,241.38249507459773,1.9974613505584822,True,True,False,45.0,45,45,45.0,45,45,0.0,0,0,5.76,5,6,5.76,5,6,0.0,0,0,0.0,0,0,0.0,0,0,0.0,0,0,0.0,0,0
poorly_conditioned,outlier_mild,causal_prefix_batch,True,2.5,100,100,0,1.0,0.9630065017930143,1.0,100,1.0,0.9630065017930143,1.0,{},3.5883517441225465,7.283551341469214,2.291857090252727,5.072100175625201,100,100,0.68,0.5833738138954762,0.7633085267500092,0.68,0.5833738138954762,0.7633085267500092,68,linear,whole_base_sequence,36.4082198736131,179.69305926799103,6,0,0,nan,nan,nan,2,True,0.07116007800010266,0.0,0.0,0.01205807005038312,137.18604690557635,308.79174962225943,2.495801938814801,True,True,False,45.0,45,45,45.0,45,45,0.0,0,0,7.06,6,8,7.06,6,8,0.0,0,0,0.0,0,0,0.0,0,0,0.0,0,0,0.0,0,0
poorly_conditioned,outlier_mild,causal_prefix_batch,True,3.0,100,100,0,1.0,0.9630065017930143,1.0,100,1.0,0.9630065017930143,1.0,{},2.922045939807753,6.925416521170005,1.5697996000360228,3.314842199851502,100,100,0.61,0.5120301704584073,0.6998312599360558,0.61,0.5120301704584073,0.6998312599360558,61,linear,whole_base_sequence,40.9197721731927,190.05131630047902,6,0,0,nan,nan,nan,2,True,0.08733032100193668,0.0,0.0,0.00751912281574947,149.07337523407512,163.38409654319605,2.919467157505566,True,True,False,45.0,45,45,45.0,45,45,0.0,0,0,9.0,9,9,9.0,9,9,0.0,0,0,0.0,0,0,0.0,0,0,0.0,0,0,0.0,0,0
poorly_conditioned,outlier_mild,causal_prefix_batch,True,3.5,100,100,0,1.0,0.9630065017930143,1.0,100,1.0,0.9630065017930143,1.0,{},2.4383622066400603,5.118909678899262,1.1766192926092056,2.341130045532082,100,100,0.54,0.44264860323368227,0.6343919169097589,0.54,0.44264860323368227,0.6343919169097589,54,linear,whole_base_sequence,40.28521108954839,143.81922540601462,6,0,0,nan,nan,nan,2,True,0.10704005700012204,0.0,0.0,0.0048827033569016805,161.09324638583126,216.10410720486814,3.4982209701726212,True,True,False,45.0,45,45,45.0,45,45,0.0,0,0,11.25,10,12,11.25,10,12,0.0,0,0,0.0,0,0,0.0,0,0,0.0,0,0,0.0,0,0
poorly_conditioned,outlier_mild,causal_prefix_batch,True,4.0,100,100,0,1.0,0.9630065017930143,1.0,100,1.0,0.9630065017930143,1.0,{},2.3743508069178905,5.043415750191312,0.9873218019111519,2.0095004378225902,100,100,0.5,0.4038315303659956,0.5961684696340044,0.5,0.4038315303659956,0.5961684696340044,50,linear,whole_base_sequence,38.91657433408673,134.96110339055627,6,0,0,nan,nan,nan,2,True,0.11896448499843246,0.0,0.0,0.0033807520788139123,209.8389072397838,234.4017976932589,3.9975016630794027,True,True,False,45.0,45,45,45.0,45,45,0.0,0,0,12.51,12,14,12.51,12,14,0.0,0,0,0.0,0,0,0.0,0,0,0.0,0,0,0.0,0,0
poorly_conditioned,outlier_mild,causal_prefix_batch,True,4.5,100,100,0,1.0,0.9630065017930143,1.0,100,1.0,0.9630065017930143,1.0,{},1.9162352563530334,3.9873504559504713,0.7242202572000069,1.4145795916653192,100,100,0.45,0.3561453797951198,0.5475539700255787,0.45,0.3561453797951198,0.5475539700255787,45,linear,whole_base_sequence,37.00151710024949,126.47412322076781,6,0,0,nan,nan,nan,2,True,0.13649884000013116,0.0,0.0,0.0023911254668657917,177.38823292364418,272.95953700038757,4.496681836145486,True,True,False,45.0,45,45,45.0,45,45,0.0,0,0,14.96,14,15,14.96,14,15,0.0,0,0,0.0,0,0,0.0,0,0,0.0,0,0,0.0,0,0
poorly_conditioned,outlier_mild,causal_prefix_batch,True,5.0,100,100,0,1.0,0.9630065017930143,1.0,100,1.0,0.9630065017930143,1.0,{},1.9410639718002707,4.197813436284721,0.6429251126360379,1.1774675108339374,100,100,0.42,0.3279838267435473,0.5179351329695703,0.42,0.3279838267435473,0.5179351329695703,42,linear,whole_base_sequence,39.253737775428554,142.82813312036208,6,0,0,nan,nan,nan,2,True,0.15231120400043438,0.0,0.0,0.0017636080306798407,230.60639988040833,299.59193433673914,4.997797684238566,True,True,False,45.0,45,45,45.0,45,45,0.0,0,0,16.77,16,18,16.77,16,18,0.0,0,0,0.0,0,0,0.0,0,0,0.0,0,0,0.0,0,0
poorly_conditioned,outlier_mild,causal_prefix_batch,True,5.5,100,100,0,1.0,0.9630065017930143,1.0,100,1.0,0.9630065017930143,1.0,{},1.8380127429648367,3.5036229306610607,0.557533463458031,0.9947678758952506,100,100,0.41,0.3186731302113651,0.5079856994658921,0.41,0.3186731302113651,0.5079856994658921,41,linear,whole_base_sequence,39.92383957104202,144.89334476436946,6,0,0,nan,nan,nan,2,True,0.1688052879998577,0.0,0.0,0.0013357334510159722,262.3115674261812,287.4225341204248,5.494821468465719,True,True,False,45.0,45,45,45.0,45,45,0.0,0,0,18.21,18,19,18.21,18,19,0.0,0,0,0.0,0,0,0.0,0,0,0.0,0,0,0.0,0,0
poorly_conditioned,outlier_mild,causal_prefix_batch,True,6.0,100,100,0,1.0,0.9630065017930143,1.0,100,1.0,0.9630065017930143,1.0,{},1.562033112166622,2.871889566934606,0.4477687322274844,0.8353025462543674,100,100,0.4,0.3094012864324589,0.4979974132089382,0.4,0.3094012864324589,0.4979974132089382,40,linear,whole_base_sequence,36.81710001977897,114.74247399703408,6,0,0,nan,nan,nan,2,True,0.18490566800144734,0.0,0.0,0.0010323436242774314,240.1471483484114,356.4336676692748,5.998694141125537,True,True,False,45.0,45,45,45.0,45,45,0.0,0,0,20.71,20,21,20.71,20,21,0.0,0,0,0.0,0,0,0.0,0,0,0.0,0,0,0.0,0,0
poorly_conditioned,outlier_mild,causal_prefix_batch,True,6.5,100,100,0,1.0,0.9630065017930143,1.0,100,1.0,0.9630065017930143,1.0,{},1.5473810478723469,2.965869991833769,0.4075390357003151,0.7772803456168224,100,100,0.37,0.28182360534324524,0.4677947041905709,0.37,0.28182360534324524,0.4677947041905709,37,linear,whole_base_sequence,36.6019352725714,107.12335649541492,6,0,0,nan,nan,nan,2,True,0.19394292000040877,0.0,0.0,0.0008152859248962517,329.3389923178058,401.68332877598186,6.497316090988757,True,True,False,45.0,45,45,45.0,45,45,0.0,0,0,21.86,21,23,21.86,21,23,0.0,0,0,0.0,0,0,0.0,0,0,0.0,0,0,0.0,0,0
poorly_conditioned,outlier_mild,causal_prefix_batch,True,7.0,100,100,0,1.0,0.9630065017930143,1.0,100,1.0,0.9630065017930143,1.0,{},1.445721502192469,2.8088297689983137,0.3560146262494551,0.7323304176645443,100,100,0.33,0.24563122734128034,0.4269465620490947,0.33,0.24563122734128034,0.4269465620490947,33,linear,whole_base_sequence,36.9227503033756,98.93537874643428,6,0,0,nan,nan,nan,2,True,0.20984580100106542,0.0,0.0,0.0006540971511751509,330.91800281624484,364.81872136776605,6.916259984169404,True,True,False,45.0,45,45,45.0,45,45,0.0,0,0,24.0,24,24,24.0,24,24,0.0,0,0,0.0,0,0,0.0,0,0,0.0,0,0,0.0,0,0
poorly_conditioned,outlier_mild,causal_prefix_batch,True,7.5,100,100,0,1.0,0.9630065017930143,1.0,100,1.0,0.9630065017930143,1.0,{},1.3668814827708435,2.5726449132856533,0.31497151759485326,0.6419690059665124,100,100,0.34,0.25461520797348164,0.43722271145275377,0.34,0.25461520797348164,0.43722271145275377,34,linear,whole_base_sequence,35.871897658904096,96.68695628435961,6,0,0,nan,nan,nan,2,True,0.23502925800014055,0.0,0.0,0.0005339616074167479,392.5931303433798,461.02424191686123,7.49663367385701,True,True,False,45.0,45,45,45.0,45,45,0.0,0,0,26.35,25,27,26.35,25,27,0.0,0,0,0.0,0,0,0.0,0,0,0.0,0,0,0.0,0,0
poorly_conditioned,outlier_mild,causal_prefix_batch,True,8.0,100,100,0,1.0,0.9630065017930143,1.0,100,1.0,0.9630065017930143,1.0,{},1.286549501006019,2.4419745263261876,0.28112056620125625,0.5030635495176998,100,100,0.31,0.22779697212376038,0.40626055719489407,0.31,0.22779697212376038,0.40626055719489407,31,linear,whole_base_sequence,35.369049678861955,93.37043755472641,6,0,0,nan,nan,nan,2,True,0.2462845519997063,0.0,0.0,0.0004407863708475015,416.44155045341415,488.2415433653026,7.997989549354098,True,True,False,45.0,45,45,45.0,45,45,0.0,0,0,27.6,27,29,27.6,27,29,0.0,0,0,0.0,0,0,0.0,0,0,0.0,0,0,0.0,0,0
poorly_conditioned,outlier_mild,causal_prefix_batch,True,8.5,100,99,1,0.99,0.9455138038212946,0.9982325679358593,99,0.99,0.9455138038212946,0.9982325679358593,"{""projected_kkt_not_satisfied"": 1}",1.1089055948676163,1.9347447545455423,0.2362667048983622,0.48023974321680113,99,100,0.2727272727272727,0.19472403301372165,0.3677092451989272,0.27,0.1926958414957634,0.36432116767944994,27,linear,whole_base_sequence,32.220807559646744,83.77036572278615,6,0,0,nan,nan,nan,2,True,0.2695986980010639,0.0,0.0,0.00036868341104617135,413.55249764484296,552.4510526958911,8.499101501616938,True,True,False,45.0,45,45,45.0,45,45,0.0,0,0,29.96,29,30,29.96,29,30,0.0,0,0,0.0,0,0,0.0,0,0,0.0,0,0,0.0,0,0
poorly_conditioned,outlier_mild,causal_prefix_batch,True,9.0,100,100,0,1.0,0.9630065017930143,1.0,100,1.0,0.9630065017930143,1.0,{},1.1040570782593935,2.0032613957368914,0.2156452033566295,0.38922259942603765,100,100,0.31,0.22779697212376038,0.40626055719489407,0.31,0.22779697212376038,0.40626055719489407,31,linear,whole_base_sequence,32.90374979936755,84.89855764465578,6,0,0,nan,nan,nan,2,True,0.2831289799997467,0.0,0.0,0.0003121470252802391,488.4974925309052,598.1564849669643,8.999106114578835,True,True,False,45.0,45,45,45.0,45,45,0.0,0,0,31.83,30,33,31.83,30,33,0.0,0,0,0.0,0,0,0.0,0,0,0.0,0,0,0.0,0,0
poorly_conditioned,outlier_mild,causal_prefix_batch,True,9.5,100,100,0,1.0,0.9630065017930143,1.0,100,1.0,0.9630065017930143,1.0,{},1.097834038038675,1.7570686098842638,0.20147147879521626,0.35054822306850225,100,100,0.33,0.24563122734128034,0.4269465620490947,0.33,0.24563122734128034,0.4269465620490947,33,linear,whole_base_sequence,33.21796258807263,81.32679653312046,6,0,0,nan,nan,nan,2,True,0.2946840189988143,0.0,0.0,0.0002666017359504343,532.9930837115527,583.2557473170983,9.49477757693301,True,True,False,45.0,45,45,45.0,45,45,0.0,0,0,33.2,33,34,33.2,33,34,0.0,0,0,0.0,0,0,0.0,0,0,0.0,0,0,0.0,0,0
poorly_conditioned,outlier_mild,initial_batch_no_updates,True,0.0,100,0,100,0.0,0.0,0.03699349820698568,0,0.0,0.0,0.03699349820698568,"{""not_initialized"": 100}",nan,nan,nan,nan,0,100,nan,nan,nan,0.0,0.0,0.03699349820698568,0,linear,whole_base_sequence,nan,nan,6,0,0,nan,nan,nan,2,True,2.40399909671396e-06,0.0,nan,nan,nan,nan,nan,True,True,False,45.0,45,45,45.0,45,45,0.0,0,0,0.0,0,0,0.0,0,0,0.0,0,0,0.0,0,0,0.0,0,0,0.0,0,0,0.0,0,0
poorly_conditioned,outlier_mild,initial_batch_no_updates,True,0.5,100,0,100,0.0,0.0,0.03699349820698568,0,0.0,0.0,0.03699349820698568,"{""not_initialized"": 100}",nan,nan,nan,nan,0,100,nan,nan,nan,0.0,0.0,0.03699349820698568,0,linear,whole_base_sequence,nan,nan,6,0,0,nan,nan,nan,2,True,1.9390007946640252e-06,0.0,nan,nan,nan,nan,nan,True,True,False,45.0,45,45,45.0,45,45,0.0,0,0,0.0,0,0,0.0,0,0,0.0,0,0,0.0,0,0,0.0,0,0,0.0,0,0,0.0,0,0
poorly_conditioned,outlier_mild,initial_batch_no_updates,True,1.0,100,0,100,0.0,0.0,0.03699349820698568,0,0.0,0.0,0.03699349820698568,"{""not_initialized"": 100}",nan,nan,nan,nan,0,100,nan,nan,nan,0.0,0.0,0.03699349820698568,0,linear,whole_base_sequence,nan,nan,6,0,0,nan,nan,nan,2,True,2.2889982210472227e-06,0.0,nan,nan,nan,nan,0.9980244500028004,True,True,False,45.0,45,45,45.0,45,45,0.0,0,0,1.79,0,3,0.0,0,0,0.0,0,0,0.0,0,0,0.0,0,0,0.0,0,0,1.79,0,3
poorly_conditioned,outlier_mild,initial_batch_no_updates,True,1.5,100,0,100,0.0,0.0,0.03699349820698568,0,0.0,0.0,0.03699349820698568,"{""not_initialized"": 100}",nan,nan,nan,nan,0,100,nan,nan,nan,0.0,0.0,0.03699349820698568,0,linear,whole_base_sequence,nan,nan,6,0,0,nan,nan,nan,2,True,3.526000364217907e-06,0.0,nan,nan,nan,nan,1.4964500178359175,True,True,False,45.0,45,45,45.0,45,45,0.0,0,0,3.19,3,4,0.0,0,0,0.0,0,0,0.0,0,0,0.0,0,0,0.0,0,0,3.19,3,4
poorly_conditioned,outlier_mild,initial_batch_no_updates,True,10.0,100,100,0,1.0,0.9630065017930143,1.0,100,1.0,0.9630065017930143,1.0,{},27.96067281278544,61.43231867625453,3.062249035944184,6.903839426437165,100,100,0.68,0.5833738138954762,0.7633085267500092,0.68,0.5833738138954762,0.7633085267500092,68,linear,whole_base_sequence,37.46317183442298,207.61902778473714,6,0,0,nan,nan,nan,2,True,0.00013766799966106192,0.0,0.0,0.0005469230235237931,146973.9347993423,161580.8050590594,9.989789698436592,True,True,False,45.0,45,45,45.0,45,45,0.0,0,0,35.74,35,36,6.0,6,6,6.0,6,6,0.0,0,0,0.0,0,0,0.0,0,0,29.74,29,30
poorly_conditioned,outlier_mild,initial_batch_no_updates,True,10.5,100,100,0,1.0,0.9630065017930143,1.0,100,1.0,0.9630065017930143,1.0,{},29.490108177323513,64.88420986975393,3.062249035944184,6.903839426437165,100,100,0.68,0.5833738138954762,0.7633085267500092,0.68,0.5833738138954762,0.7633085267500092,68,linear,whole_base_sequence,37.46317183442241,207.61902778472418,6,0,0,nan,nan,nan,2,True,0.00013843799766618758,0.0,0.0,0.0004916509806961905,181508.1689943832,199360.01779326383,10.498609775121441,True,True,False,45.0,45,45,45.0,45,45,0.0,0,0,37.15,36,38,6.0,6,6,6.0,6,6,0.0,0,0,0.0,0,0,0.0,0,0,31.15,30,32
poorly_conditioned,outlier_mild,initial_batch_no_updates,True,11.0,100,100,0,1.0,0.9630065017930143,1.0,100,1.0,0.9630065017930143,1.0,{},31.019710202642422,68.33602942962014,3.062249035944184,6.903839426437165,100,100,0.68,0.5833738138954762,0.7633085267500092,0.68,0.5833738138954762,0.7633085267500092,68,linear,whole_base_sequence,37.46317183442359,207.61902778474087,6,0,0,nan,nan,nan,2,True,0.0001408829999854788,0.0,0.0,0.0004443237349986475,221826.15748939448,243436.40578228107,10.919532383859073,True,True,False,45.0,45,45,45.0,45,45,0.0,0,0,39.0,39,39,6.0,6,6,6.0,6,6,0.0,0,0,0.0,0,0,0.0,0,0,33.0,33,33
poorly_conditioned,outlier_mild,initial_batch_no_updates,True,11.5,100,100,0,1.0,0.9630065017930143,1.0,100,1.0,0.9630065017930143,1.0,{},32.54945539299642,71.78785865145784,3.062249035944184,6.903839426437165,100,100,0.68,0.5833738138954762,0.7633085267500092,0.68,0.5833738138954762,0.7633085267500092,68,linear,whole_base_sequence,37.463171834424294,207.61902778474172,6,0,0,nan,nan,nan,2,True,0.00013430200051516293,0.0,0.0,0.0004034934179446163,268538.40016932314,294476.5340275635,11.499339348942456,True,True,False,45.0,45,45,45.0,45,45,0.0,0,0,41.28,40,42,6.0,6,6,6.0,6,6,0.0,0,0,0.0,0,0,0.0,0,0,35.28,34,36
poorly_conditioned,outlier_mild,initial_batch_no_updates,True,12.0,100,100,0,1.0,0.9630065017930143,1.0,100,1.0,0.9630065017930143,1.0,{},34.07932446930955,75.23969620145796,3.062249035944184,6.903839426437165,100,100,0.68,0.5833738138954762,0.7633085267500092,0.68,0.5833738138954762,0.7633085267500092,68,linear,whole_base_sequence,37.46317183442422,207.61902778473376,6,0,0,nan,nan,nan,2,True,0.0001345630004652776,0.0,0.0,0.00036802658078722726,322238.5704070282,353180.64117624843,11.997967432491361,True,True,False,45.0,45,45,45.0,45,45,0.0,0,0,42.5,42,44,6.0,6,6,6.0,6,6,0.0,0,0,0.0,0,0,0.0,0,0,36.5,36,38
poorly_conditioned,outlier_mild,initial_batch_no_updates,True,12.5,100,100,0,1.0,0.9630065017930143,1.0,100,1.0,0.9630065017930143,1.0,{},35.609301464187226,78.69154098051398,3.062249035944184,6.903839426437165,100,100,0.68,0.5833738138954762,0.7633085267500092,0.68,0.5833738138954762,0.7633085267500092,68,linear,whole_base_sequence,37.463171834424045,207.61902778474462,6,0,0,nan,nan,nan,2,True,0.00013990299979923292,0.0,0.0,0.0003370259092655651,383644.007812044,420282.6394398911,12.499319060207084,True,True,False,45.0,45,45,45.0,45,45,0.0,0,0,44.96,44,45,6.0,6,6,6.0,6,6,0.0,0,0,0.0,0,0,0.0,0,0,38.96,38,39
poorly_conditioned,outlier_mild,initial_batch_no_updates,True,14.5,100,100,0,1.0,0.9630065017930143,1.0,100,1.0,0.9630065017930143,1.0,{},41.73005121599562,92.49897616141195,3.062249035944184,6.903839426437165,100,100,0.68,0.5833738138954762,0.7633085267500092,0.68,0.5833738138954762,0.7633085267500092,68,linear,whole_base_sequence,37.4631718344231,207.61902778474393,6,0,0,nan,nan,nan,2,True,0.0001425179999205284,0.0,0.0,0.0002452281191835164,720911.4299526296,788526.3662842879,12.518298918608764,True,True,False,45.0,45,45,45.0,45,45,0.0,0,0,45.0,45,45,6.0,6,6,6.0,6,6,0.0,0,0,0.0,0,0,0.0,0,0,39.0,39,39
poorly_conditioned,outlier_mild,initial_batch_no_updates,True,2.0,100,76,24,0.76,0.6676766365018553,0.8330867444305122,76,0.76,0.6676766365018553,0.8330867444305122,"{""not_initialized"": 24}",3.4165674623674804,8.16155468695533,2.9290678245241257,6.519858270185292,76,100,0.6973684210526315,0.5866579842518127,0.7890866532224752,0.53,0.4328885697009936,0.6248918204065872,53,linear,whole_base_sequence,39.17166104758329,208.7410421588006,6,0,0,nan,nan,nan,2,True,9.94640012504533e-05,0.0,0.0,0.021028696129207394,113.69838509585637,125.1748676639265,1.9974613505584822,True,True,False,45.0,45,45,45.0,45,45,0.0,0,0,5.76,5,6,4.56,0,6,4.56,0,6,0.0,0,0,0.0,0,0,0.0,0,0,1.2,0,5
poorly_conditioned,outlier_mild,initial_batch_no_updates,True,2.5,100,100,0,1.0,0.9630065017930143,1.0,100,1.0,0.9630065017930143,1.0,{},5.141257738436802,12.309428302220736,3.062249035944184,6.903839426437165,100,100,0.68,0.5833738138954762,0.7633085267500092,0.68,0.5833738138954762,0.7633085267500092,68,linear,whole_base_sequence,37.463171834423235,207.61902778473439,6,0,0,nan,nan,nan,2,True,0.00013359799777390435,0.0,0.0,0.013124096901423767,288.46845202668993,330.6475674191341,2.495801938814801,True,True,False,45.0,45,45,45.0,45,45,0.0,0,0,7.06,6,8,6.0,6,6,6.0,6,6,0.0,0,0,0.0,0,0,0.0,0,0,1.06,0,2
poorly_conditioned,outlier_mild,initial_batch_no_updates,True,3.0,100,100,0,1.0,0.9630065017930143,1.0,100,1.0,0.9630065017930143,1.0,{},6.630951561697814,15.224274281717431,3.062249035944184,6.903839426437165,100,100,0.68,0.5833738138954762,0.7633085267500092,0.68,0.5833738138954762,0.7633085267500092,68,linear,whole_base_sequence,37.46317183442325,207.61902778473447,6,0,0,nan,nan,nan,2,True,0.00013488399796187877,0.0,0.0,0.008681033948431869,651.5439209903489,742.0044941217487,2.919467157505566,True,True,False,45.0,45,45,45.0,45,45,0.0,0,0,9.0,9,9,6.0,6,6,6.0,6,6,0.0,0,0,0.0,0,0,0.0,0,0,3.0,3,3
poorly_conditioned,outlier_mild,initial_batch_no_updates,True,3.5,100,100,0,1.0,0.9630065017930143,1.0,100,1.0,0.9630065017930143,1.0,{},8.136042691210488,18.528598764290766,3.062249035944184,6.903839426437165,100,100,0.68,0.5833738138954762,0.7633085267500092,0.68,0.5833738138954762,0.7633085267500092,68,linear,whole_base_sequence,37.46317183442329,207.61902778473498,6,0,0,nan,nan,nan,2,True,0.0001392099991790019,0.0,0.0,0.006038725521622056,1318.6070249431527,1492.8783462133654,3.4982209701726212,True,True,False,45.0,45,45,45.0,45,45,0.0,0,0,11.25,10,12,6.0,6,6,6.0,6,6,0.0,0,0,0.0,0,0,0.0,0,0,5.25,4,6
poorly_conditioned,outlier_mild,initial_batch_no_updates,True,4.0,100,100,0,1.0,0.9630065017930143,1.0,100,1.0,0.9630065017930143,1.0,{},9.649328852924802,21.406260038225266,3.062249035944184,6.903839426437165,100,100,0.68,0.5833738138954762,0.7633085267500092,0.68,0.5833738138954762,0.7633085267500092,68,linear,whole_base_sequence,37.463171834423214,207.61902778473367,6,0,0,nan,nan,nan,2,True,0.00013525999907869845,0.0,0.0,0.004404673975150663,2436.1390241700647,2744.7396376521906,3.9975016630794027,True,True,False,45.0,45,45,45.0,45,45,0.0,0,0,12.51,12,14,6.0,6,6,6.0,6,6,0.0,0,0,0.0,0,0,0.0,0,0,6.51,6,8
poorly_conditioned,outlier_mild,initial_batch_no_updates,True,4.5,100,100,0,1.0,0.9630065017930143,1.0,100,1.0,0.9630065017930143,1.0,{},11.167479058840678,24.284129577909034,3.062249035944184,6.903839426437165,100,100,0.68,0.5833738138954762,0.7633085267500092,0.68,0.5833738138954762,0.7633085267500092,68,linear,whole_base_sequence,37.463171834423264,207.61902778473532,6,0,0,nan,nan,nan,2,True,0.00013652099878527224,0.0,0.0,0.0033387531487731993,4180.364303897029,4692.726730639025,4.496681836145486,True,True,False,45.0,45,45,45.0,45,45,0.0,0,0,14.96,14,15,6.0,6,6,6.0,6,6,0.0,0,0,0.0,0,0,0.0,0,0,8.96,8,9
poorly_conditioned,outlier_mild,initial_batch_no_updates,True,5.0,100,100,0,1.0,0.9630065017930143,1.0,100,1.0,0.9630065017930143,1.0,{},12.688747547590092,27.162140976927414,3.062249035944184,6.903839426437165,100,100,0.68,0.5833738138954762,0.7633085267500092,0.68,0.5833738138954762,0.7633085267500092,68,linear,whole_base_sequence,37.46317183442326,207.61902778473333,6,0,0,nan,nan,nan,2,True,0.00013848999951733277,0.0,0.0,0.002610543340173973,6766.300519677457,7565.649396368216,4.997797684238566,True,True,False,45.0,45,45,45.0,45,45,0.0,0,0,16.77,16,18,6.0,6,6,6.0,6,6,0.0,0,0,0.0,0,0,0.0,0,0,10.77,10,12
poorly_conditioned,outlier_mild,initial_batch_no_updates,True,5.5,100,100,0,1.0,0.9630065017930143,1.0,100,1.0,0.9630065017930143,1.0,{},14.212133010296965,30.251628930764216,3.062249035944184,6.903839426437165,100,100,0.68,0.5833738138954762,0.7633085267500092,0.68,0.5833738138954762,0.7633085267500092,68,linear,whole_base_sequence,37.463171834423385,207.619027784734,6,0,0,nan,nan,nan,2,True,0.00013830699695972727,0.0,0.0,0.0020934102815549855,10432.029029326895,11625.990095169833,5.494821468465719,True,True,False,45.0,45,45,45.0,45,45,0.0,0,0,18.21,18,19,6.0,6,6,6.0,6,6,0.0,0,0,0.0,0,0,0.0,0,0,12.21,12,13
poorly_conditioned,outlier_mild,initial_batch_no_updates,True,6.0,100,100,0,1.0,0.9630065017930143,1.0,100,1.0,0.9630065017930143,1.0,{},15.737020672838375,33.715946361009095,3.062249035944184,6.903839426437165,100,100,0.68,0.5833738138954762,0.7633085267500092,0.68,0.5833738138954762,0.7633085267500092,68,linear,whole_base_sequence,37.463171834423136,207.61902778473612,6,0,0,nan,nan,nan,2,True,0.00013387599756242707,0.0,0.0,0.0017140852243592857,15450.374125744416,17169.90447914947,5.998694141125537,True,True,False,45.0,45,45,45.0,45,45,0.0,0,0,20.71,20,21,6.0,6,6,6.0,6,6,0.0,0,0,0.0,0,0,0.0,0,0,14.71,14,15
poorly_conditioned,outlier_mild,initial_batch_no_updates,True,6.5,100,100,0,1.0,0.9630065017930143,1.0,100,1.0,0.9630065017930143,1.0,{},17.26301245992085,37.18034791273468,3.062249035944184,6.903839426437165,100,100,0.68,0.5833738138954762,0.7633085267500092,0.68,0.5833738138954762,0.7633085267500092,68,linear,whole_base_sequence,37.463171834423335,207.6190277847346,6,0,0,nan,nan,nan,2,True,0.00013509200012777001,0.0,0.0,0.0014281589800321614,22122.552338022524,24527.221607960455,6.497316090988757,True,True,False,45.0,45,45,45.0,45,45,0.0,0,0,21.86,21,23,6.0,6,6,6.0,6,6,0.0,0,0,0.0,0,0,0.0,0,0,15.86,15,17
poorly_conditioned,outlier_mild,initial_batch_no_updates,True,7.0,100,100,0,1.0,0.9630065017930143,1.0,100,1.0,0.9630065017930143,1.0,{},18.789839363456338,40.64481207546953,3.062249035944184,6.903839426437165,100,100,0.68,0.5833738138954762,0.7633085267500092,0.68,0.5833738138954762,0.7633085267500092,68,linear,whole_base_sequence,37.46317183442311,207.61902778473348,6,0,0,nan,nan,nan,2,True,0.00013518400141038,0.0,0.0,0.0012075929297550652,30767.268079254813,34061.444049940816,6.916259984169404,True,True,False,45.0,45,45,45.0,45,45,0.0,0,0,24.0,24,24,6.0,6,6,6.0,6,6,0.0,0,0,0.0,0,0,0.0,0,0,18.0,18,18
poorly_conditioned,outlier_mild,initial_batch_no_updates,True,7.5,100,100,0,1.0,0.9630065017930143,1.0,100,1.0,0.9630065017930143,1.0,{},20.31731310967753,44.109324096344274,3.062249035944184,6.903839426437165,100,100,0.68,0.5833738138954762,0.7633085267500092,0.68,0.5833738138954762,0.7633085267500092,68,linear,whole_base_sequence,37.46317183442352,207.619027784735,6,0,0,nan,nan,nan,2,True,0.00013687400060007348,0.0,0.0,0.0010340432825226916,41757.73778778324,46169.747932650374,7.49663367385701,True,True,False,45.0,45,45,45.0,45,45,0.0,0,0,26.35,25,27,6.0,6,6,6.0,6,6,0.0,0,0,0.0,0,0,0.0,0,0,20.35,19,21
poorly_conditioned,outlier_mild,initial_batch_no_updates,True,8.0,100,100,0,1.0,0.9630065017930143,1.0,100,1.0,0.9630065017930143,1.0,{},21.84529801279731,47.573873519742335,3.062249035944184,6.903839426437165,100,100,0.68,0.5833738138954762,0.7633085267500092,0.68,0.5833738138954762,0.7633085267500092,68,linear,whole_base_sequence,37.46317183442322,207.61902778473515,6,0,0,nan,nan,nan,2,True,0.00013920500146923586,0.0,0.0,0.0008951310376548803,55488.50964227354,61282.98296789899,7.997989549354098,True,True,False,45.0,45,45,45.0,45,45,0.0,0,0,27.6,27,29,6.0,6,6,6.0,6,6,0.0,0,0,0.0,0,0,0.0,0,0,21.6,21,23
poorly_conditioned,outlier_mild,initial_batch_no_updates,True,8.5,100,100,0,1.0,0.9630065017930143,1.0,100,1.0,0.9630065017930143,1.0,{},23.37369382699809,51.03845272889865,3.062249035944184,6.903839426437165,100,100,0.68,0.5833738138954762,0.7633085267500092,0.68,0.5833738138954762,0.7633085267500092,68,linear,whole_base_sequence,37.46317183442356,207.6190277847383,6,0,0,nan,nan,nan,2,True,0.0001406639997730963,0.0,0.0,0.0007822727961118459,72391.53544242083,79865.67246925407,8.499101501616938,True,True,False,45.0,45,45,45.0,45,45,0.0,0,0,29.96,29,30,6.0,6,6,6.0,6,6,0.0,0,0,0.0,0,0,0.0,0,0,23.96,23,24
poorly_conditioned,outlier_mild,initial_batch_no_updates,True,9.0,100,100,0,1.0,0.9630065017930143,1.0,100,1.0,0.9630065017930143,1.0,{},24.902424892922404,54.50305604367651,3.062249035944184,6.903839426437165,100,100,0.68,0.5833738138954762,0.7633085267500092,0.68,0.5833738138954762,0.7633085267500092,68,linear,whole_base_sequence,37.46317183442344,207.61902778474135,6,0,0,nan,nan,nan,2,True,0.0001393729998380877,0.0,0.0,0.000689373370050719,92952.63189024391,102416.01335716226,8.999106114578835,True,True,False,45.0,45,45,45.0,45,45,0.0,0,0,31.83,30,33,6.0,6,6,6.0,6,6,0.0,0,0,0.0,0,0,0.0,0,0,25.83,24,27
poorly_conditioned,outlier_mild,initial_batch_no_updates,True,9.5,100,100,0,1.0,0.9630065017930143,1.0,100,1.0,0.9630065017930143,1.0,{},26.431433040153248,57.96767914185949,3.062249035944184,6.903839426437165,100,100,0.68,0.5833738138954762,0.7633085267500092,0.68,0.5833738138954762,0.7633085267500092,68,linear,whole_base_sequence,37.463171834423086,207.61902778473166,6,0,0,nan,nan,nan,2,True,0.00013827399670844897,0.0,0.0,0.0006120122901578399,117639.62845183708,129465.8761714254,9.49477757693301,True,True,False,45.0,45,45,45.0,45,45,0.0,0,0,33.2,33,34,6.0,6,6,6.0,6,6,0.0,0,0,0.0,0,0,0.0,0,0,27.2,27,28
poorly_conditioned,outlier_mild,offline_full_record_noncausal,False,14.5,100,100,0,1.0,0.9630065017930143,1.0,100,1.0,0.9630065017930143,1.0,{},1.0571438229993289,1.7378360289777637,0.12130094290668063,0.23759486834138774,100,100,0.27,0.1926958414957634,0.36432116767944994,0.27,0.1926958414957634,0.36432116767944994,27,linear,whole_base_sequence,30.662365930229452,84.82569944436456,6,0,0,nan,nan,nan,2,True,0.3919157009999617,0.0,0.0,7.917118949798259e-05,2064.185585020223,2454.305745567002,12.518298918608764,True,True,False,45.0,45,45,45.0,45,45,0.0,0,0,45.0,45,45,45.0,45,45,0.0,0,0,0.0,0,0,0.0,0,0,0.0,0,0,0.0,0,0
poorly_conditioned,outlier_mild,retarded_ekf,True,0.0,100,0,100,0.0,0.0,0.03699349820698568,0,0.0,0.0,0.03699349820698568,"{""not_initialized"": 100}",nan,nan,nan,nan,0,100,nan,nan,nan,0.0,0.0,0.03699349820698568,0,linear,whole_base_sequence,nan,nan,6,0,0,nan,nan,nan,2,True,2.4962001480162143e-05,0.0,nan,nan,nan,nan,nan,True,True,False,45.0,45,45,45.0,45,45,0.0,0,0,0.0,0,0,0.0,0,0,0.0,0,0,0.0,0,0,0.0,0,0,0.0,0,0,0.0,0,0
poorly_conditioned,outlier_mild,retarded_ekf,True,0.5,100,0,100,0.0,0.0,0.03699349820698568,0,0.0,0.0,0.03699349820698568,"{""not_initialized"": 100}",nan,nan,nan,nan,0,100,nan,nan,nan,0.0,0.0,0.03699349820698568,0,linear,whole_base_sequence,nan,nan,6,0,0,nan,nan,nan,2,True,1.3614999188575894e-05,0.0,nan,nan,nan,nan,nan,True,True,False,45.0,45,45,45.0,45,45,0.0,0,0,0.0,0,0,0.0,0,0,0.0,0,0,0.0,0,0,0.0,0,0,0.0,0,0,0.0,0,0
poorly_conditioned,outlier_mild,retarded_ekf,True,1.0,100,0,100,0.0,0.0,0.03699349820698568,0,0.0,0.0,0.03699349820698568,"{""not_initialized"": 100}",nan,nan,nan,nan,0,100,nan,nan,nan,0.0,0.0,0.03699349820698568,0,linear,whole_base_sequence,nan,nan,6,0,0,nan,nan,nan,2,True,0.00017481999937444927,0.0,nan,nan,nan,nan,0.9980244500028004,True,True,False,45.0,45,45,45.0,45,45,0.0,0,0,1.79,0,3,0.0,0,0,0.0,0,0,0.0,0,0,0.0,0,0,0.0,0,0,1.79,0,3
poorly_conditioned,outlier_mild,retarded_ekf,True,1.5,100,0,100,0.0,0.0,0.03699349820698568,0,0.0,0.0,0.03699349820698568,"{""not_initialized"": 100}",nan,nan,nan,nan,0,100,nan,nan,nan,0.0,0.0,0.03699349820698568,0,linear,whole_base_sequence,nan,nan,6,0,0,nan,nan,nan,2,True,0.0002059259993257001,0.0,nan,nan,nan,nan,1.4964500178359175,True,True,False,45.0,45,45,45.0,45,45,0.0,0,0,3.19,3,4,0.0,0,0,0.0,0,0,0.0,0,0,0.0,0,0,0.0,0,0,3.19,3,4
poorly_conditioned,outlier_mild,retarded_ekf,True,10.0,100,100,0,1.0,0.9630065017930143,1.0,100,1.0,0.9630065017930143,1.0,{},1.022642373852892,1.927480649068759,0.18318134583172704,0.35416568807416643,100,100,0.27,0.1926958414957634,0.36432116767944994,0.27,0.1926958414957634,0.36432116767944994,27,linear,whole_base_sequence,34.167519142422634,99.62046460864144,6,254,0,13.36819076591477,102.2961942450125,0.7834645669291339,2,True,0.006128845002385788,0.002024726997187827,0.0,0.00022125737104555012,524.2836867988665,685.7910579049454,9.989789698436592,True,True,False,45.0,45,45,45.0,45,45,0.0,0,0,35.74,35,36,35.74,35,36,6.0,6,6,29.74,29,30,0.0,0,0,0.0,0,0,0.0,0,0
poorly_conditioned,outlier_mild,retarded_ekf,True,10.5,100,100,0,1.0,0.9630065017930143,1.0,100,1.0,0.9630065017930143,1.0,{},1.0393587113256528,1.9367348874758563,0.17410528431143202,0.33877449141939475,100,100,0.27,0.1926958414957634,0.36432116767944994,0.27,0.1926958414957634,0.36432116767944994,27,linear,whole_base_sequence,33.623420583533644,92.7829122295347,6,141,0,10.86807576699991,16.306939153593625,0.8368794326241135,2,True,0.0036558230002992787,0.0011412720009684563,0.0,0.0001920543965809708,628.8729005455964,746.0457401648105,10.498609775121441,True,True,False,45.0,45,45,45.0,45,45,0.0,0,0,37.15,36,38,37.15,36,38,6.0,6,6,31.15,30,32,0.0,0,0,0.0,0,0,0.0,0,0
poorly_conditioned,outlier_mild,retarded_ekf,True,11.0,100,100,0,1.0,0.9630065017930143,1.0,100,1.0,0.9630065017930143,1.0,{},0.9221051667076351,1.6622871424004924,0.15205917369771763,0.28579664875869826,100,100,0.26,0.18404698464748132,0.3537098944918718,0.26,0.18404698464748132,0.3537098944918718,26,linear,whole_base_sequence,31.818801800730817,81.66760324185358,6,185,0,7.649542069495593,16.148352018967003,0.8162162162162162,2,True,0.004728491000423674,0.001470978002762422,0.0,0.00016788203644022435,669.1639663337135,735.7801296627837,10.919532383859073,True,True,False,45.0,45,45,45.0,45,45,0.0,0,0,39.0,39,39,39.0,39,39,6.0,6,6,33.0,33,33,0.0,0,0,0.0,0,0,0.0,0,0
poorly_conditioned,outlier_mild,retarded_ekf,True,11.5,100,100,0,1.0,0.9630065017930143,1.0,100,1.0,0.9630065017930143,1.0,{},0.8973383837255013,1.573584102754696,0.1392414737695805,0.27772821533955744,100,100,0.27,0.1926958414957634,0.36432116767944994,0.27,0.1926958414957634,0.36432116767944994,27,linear,whole_base_sequence,30.74673340336813,80.7944814180332,6,228,0,11.659251626880943,28.50345162612657,0.8377192982456141,2,True,0.005986257999029476,0.0018058179976651444,0.0,0.00014770485667620547,724.8716443418803,847.123598703721,11.499339348942456,True,True,False,45.0,45,45,45.0,45,45,0.0,0,0,41.28,40,42,41.28,40,42,6.0,6,6,35.28,34,36,0.0,0,0,0.0,0,0,0.0,0,0
poorly_conditioned,outlier_mild,retarded_ekf,True,12.0,100,100,0,1.0,0.9630065017930143,1.0,100,1.0,0.9630065017930143,1.0,{},0.9142403045182342,1.6154433348438533,0.13522074362148004,0.25888689528090103,100,100,0.28,0.20139685211186212,0.3748802870992116,0.28,0.20139685211186212,0.3748802870992116,28,linear,whole_base_sequence,31.255943434174572,80.01925732728687,6,122,0,16.546575502003048,161.01293048085,0.7704918032786885,2,True,0.003276835000142455,0.0009461909992387518,0.0,0.00013072575352921282,842.7873073635021,934.4770474557091,11.997967432491361,True,True,False,45.0,45,45,45.0,45,45,0.0,0,0,42.5,42,44,42.5,42,44,6.0,6,6,36.5,36,38,0.0,0,0,0.0,0,0,0.0,0,0
poorly_conditioned,outlier_mild,retarded_ekf,True,12.5,100,100,0,1.0,0.9630065017930143,1.0,100,1.0,0.9630065017930143,1.0,{},0.8424247653547845,1.3867791372654854,0.12194095519476175,0.2338567913001161,100,100,0.27,0.1926958414957634,0.36432116767944994,0.27,0.1926958414957634,0.36432116767944994,27,linear,whole_base_sequence,30.54255093681408,86.10928452233803,6,246,0,8.850454389490116,18.76222039594436,0.7926829268292683,2,True,0.0068946930015226825,0.0019994619998033158,0.0,0.00011629955902095978,878.8635729522958,990.7192168947859,12.499319060207084,True,True,False,45.0,45,45,45.0,45,45,0.0,0,0,44.96,44,45,44.96,44,45,6.0,6,6,38.96,38,39,0.0,0,0,0.0,0,0,0.0,0,0
poorly_conditioned,outlier_mild,retarded_ekf,True,14.5,100,100,0,1.0,0.9630065017930143,1.0,100,1.0,0.9630065017930143,1.0,{},1.0583209624604901,1.7708452596904127,0.12171695274271216,0.2338567913001161,100,100,0.27,0.1926958414957634,0.36432116767944994,0.27,0.1926958414957634,0.36432116767944994,27,linear,whole_base_sequence,30.557097140350034,86.10928452233756,6,4,0,1.8263537695736125,5.052305338373623,1.0,2,True,0.0002915099996607751,2.857600018614903e-05,0.0,7.629164478479894e-05,2064.8680314610983,2375.6751376740663,12.518298918608764,True,True,False,45.0,45,45,45.0,45,45,0.0,0,0,45.0,45,45,45.0,45,45,6.0,6,6,39.0,39,39,0.0,0,0,0.0,0,0,0.0,0,0
poorly_conditioned,outlier_mild,retarded_ekf,True,2.0,100,76,24,0.76,0.6676766365018553,0.8330867444305122,76,0.76,0.6676766365018553,0.8330867444305122,"{""not_initialized"": 24}",3.4165674623674804,8.16155468695533,2.9290678245241257,6.519858270185292,76,100,0.6973684210526315,0.5866579842518127,0.7890866532224752,0.53,0.4328885697009936,0.6248918204065872,53,linear,whole_base_sequence,39.17166104758329,208.7410421588006,6,0,0,nan,nan,nan,2,True,0.048303606999106706,0.0,0.0,0.021028696129207394,113.69838509585637,125.1748676639265,1.9974613505584822,True,True,False,45.0,45,45,45.0,45,45,0.0,0,0,5.76,5,6,4.56,0,6,4.56,0,6,0.0,0,0,0.0,0,0,0.0,0,0,1.2,0,5
poorly_conditioned,outlier_mild,retarded_ekf,True,2.5,100,100,0,1.0,0.9630065017930143,1.0,100,1.0,0.9630065017930143,1.0,{},3.597111309748282,7.616194096991636,2.300554935531193,5.095095413351086,100,100,0.68,0.5833738138954762,0.7633085267500092,0.68,0.5833738138954762,0.7633085267500092,68,linear,whole_base_sequence,36.20298843706044,179.0553447840259,6,106,0,9.281918815790977,45.84165099492306,0.7452830188679245,2,True,0.016416647000005467,0.0008286799996858463,0.0,0.012179884675831355,136.97539509100665,314.2330437167043,2.495801938814801,True,True,False,45.0,45,45,45.0,45,45,0.0,0,0,7.06,6,8,7.06,6,8,6.0,6,6,1.06,0,2,0.0,0,0,0.0,0,0,0.0,0,0
poorly_conditioned,outlier_mild,retarded_ekf,True,3.0,100,100,0,1.0,0.9630065017930143,1.0,100,1.0,0.9630065017930143,1.0,{},2.919114695341213,6.9176578274768366,1.568144373620563,3.283529919014348,100,100,0.61,0.5120301704584073,0.6998312599360558,0.61,0.5120301704584073,0.6998312599360558,61,linear,whole_base_sequence,41.16238027697915,190.40810211880026,6,194,0,9.747404792144762,37.34083514569945,0.7371134020618557,2,True,0.0027185640000971035,0.0015791399983572773,0.0,0.007631497183421666,148.80679013301574,168.23869613416844,2.919467157505566,True,True,False,45.0,45,45,45.0,45,45,0.0,0,0,9.0,9,9,9.0,9,9,6.0,6,6,3.0,3,3,0.0,0,0,0.0,0,0,0.0,0,0
poorly_conditioned,outlier_mild,retarded_ekf,True,3.5,100,100,0,1.0,0.9630065017930143,1.0,100,1.0,0.9630065017930143,1.0,{},2.439810419614415,5.129186493579047,1.171841796950483,2.3588972631715386,100,100,0.54,0.44264860323368227,0.6343919169097589,0.54,0.44264860323368227,0.6343919169097589,54,linear,whole_base_sequence,39.528479137751255,142.4753807787748,6,225,0,13.843803523429285,77.45079083992583,0.72,2,True,0.003339488001947757,0.0018312949995743111,0.0,0.0049271531493271315,163.0275019458897,218.53076359368754,3.4982209701726212,True,True,False,45.0,45,45,45.0,45,45,0.0,0,0,11.25,10,12,11.25,10,12,6.0,6,6,5.25,4,6,0.0,0,0,0.0,0,0,0.0,0,0
poorly_conditioned,outlier_mild,retarded_ekf,True,4.0,100,100,0,1.0,0.9630065017930143,1.0,100,1.0,0.9630065017930143,1.0,{},2.339355433994053,4.981566398964466,0.9771718771812785,2.017790841381295,100,100,0.51,0.4134801193402717,0.6057800106955886,0.51,0.4134801193402717,0.6057800106955886,51,linear,whole_base_sequence,38.133333552506535,133.52746504006444,6,126,0,8.680419116089114,25.52300503961262,0.7777777777777778,2,True,0.002042807998950593,0.0010337419991265052,0.0,0.003406864936056447,209.9830080757474,240.97764943806473,3.9975016630794027,True,True,False,45.0,45,45,45.0,45,45,0.0,0,0,12.51,12,14,12.51,12,14,6.0,6,6,6.51,6,8,0.0,0,0,0.0,0,0,0.0,0,0
poorly_conditioned,outlier_mild,retarded_ekf,True,4.5,100,100,0,1.0,0.9630065017930143,1.0,100,1.0,0.9630065017930143,1.0,{},1.8949530947942643,3.88845286026219,0.7200512701966865,1.4414314738843774,100,100,0.45,0.3561453797951198,0.5475539700255787,0.45,0.3561453797951198,0.5475539700255787,45,linear,whole_base_sequence,36.82324622288636,129.00161313884058,6,245,0,11.150846013278612,50.59022034589084,0.7387755102040816,2,True,0.003925794000970199,0.001969158999272622,0.0,0.0023955514567051916,177.57790921344989,267.73039288008425,4.496681836145486,True,True,False,45.0,45,45,45.0,45,45,0.0,0,0,14.96,14,15,14.96,14,15,6.0,6,6,8.96,8,9,0.0,0,0,0.0,0,0,0.0,0,0
poorly_conditioned,outlier_mild,retarded_ekf,True,5.0,100,100,0,1.0,0.9630065017930143,1.0,100,1.0,0.9630065017930143,1.0,{},1.9235477232762932,3.8845182169097923,0.6399019428006718,1.1524779918590413,100,100,0.42,0.3279838267435473,0.5179351329695703,0.42,0.3279838267435473,0.5179351329695703,42,linear,whole_base_sequence,39.101261572103766,141.51622385121877,6,181,0,11.164180937421836,45.457075663840605,0.7237569060773481,2,True,0.0030757699988316744,0.001437708001176361,0.0,0.0017569217113165801,229.24566430498572,302.26531994926654,4.997797684238566,True,True,False,45.0,45,45,45.0,45,45,0.0,0,0,16.77,16,18,16.77,16,18,6.0,6,6,10.77,10,12,0.0,0,0,0.0,0,0,0.0,0,0
poorly_conditioned,outlier_mild,retarded_ekf,True,5.5,100,100,0,1.0,0.9630065017930143,1.0,100,1.0,0.9630065017930143,1.0,{},1.8217274386131153,3.4878302485885895,0.5555551987182709,0.9905434881843009,100,100,0.41,0.3186731302113651,0.5079856994658921,0.41,0.3186731302113651,0.5079856994658921,41,linear,whole_base_sequence,39.61416347128928,142.57498014920486,6,144,0,12.691322525808614,75.19037158277757,0.75,2,True,0.002641053998086136,0.0011744570010341704,0.0,0.0013110705874710003,261.6807857032733,286.9767738770065,5.494821468465719,True,True,False,45.0,45,45,45.0,45,45,0.0,0,0,18.21,18,19,18.21,18,19,6.0,6,6,12.21,12,13,0.0,0,0,0.0,0,0,0.0,0,0
poorly_conditioned,outlier_mild,retarded_ekf,True,6.0,100,100,0,1.0,0.9630065017930143,1.0,100,1.0,0.9630065017930143,1.0,{},1.548088491441743,2.8897633285327657,0.4461160539797128,0.8485873292869354,100,100,0.39,0.3001687400639441,0.4879698295415926,0.39,0.3001687400639441,0.4879698295415926,39,linear,whole_base_sequence,36.63735032172156,112.79293208788835,6,250,0,10.348432214603505,34.285434509289345,0.768,2,True,0.004677417998027522,0.002044237996160518,0.0,0.0010075515955077943,239.9845145225827,358.7844713146905,5.998694141125537,True,True,False,45.0,45,45,45.0,45,45,0.0,0,0,20.71,20,21,20.71,20,21,6.0,6,6,14.71,14,15,0.0,0,0,0.0,0,0,0.0,0,0
poorly_conditioned,outlier_mild,retarded_ekf,True,6.5,100,100,0,1.0,0.9630065017930143,1.0,100,1.0,0.9630065017930143,1.0,{},1.5457358811136428,3.000344979113493,0.4084516926574647,0.7282515916523464,100,100,0.37,0.28182360534324524,0.4677947041905709,0.37,0.28182360534324524,0.4677947041905709,37,linear,whole_base_sequence,36.62820792147954,112.25644511578568,6,115,0,13.596093065943203,82.7730024979912,0.7478260869565218,2,True,0.0022304969999822786,0.0009055649975198321,0.0,0.00079363060072315,331.8943114397408,396.9353623593653,6.497316090988757,True,True,False,45.0,45,45,45.0,45,45,0.0,0,0,21.86,21,23,21.86,21,23,6.0,6,6,15.86,15,17,0.0,0,0,0.0,0,0,0.0,0,0
poorly_conditioned,outlier_mild,retarded_ekf,True,7.0,100,100,0,1.0,0.9630065017930143,1.0,100,1.0,0.9630065017930143,1.0,{},1.4439242072935976,2.7766295964188266,0.3571467140938843,0.7342217445580844,100,100,0.34,0.25461520797348164,0.43722271145275377,0.34,0.25461520797348164,0.43722271145275377,34,linear,whole_base_sequence,36.86739818538926,100.61430503514617,6,214,0,11.370086273640897,35.64860738842989,0.7476635514018691,2,True,0.004139340001274832,0.0016803029985749162,0.0,0.0006346840587006458,332.3105978306861,366.6437661286985,6.916259984169404,True,True,False,45.0,45,45,45.0,45,45,0.0,0,0,24.0,24,24,24.0,24,24,6.0,6,6,18.0,18,18,0.0,0,0,0.0,0,0,0.0,0,0
poorly_conditioned,outlier_mild,retarded_ekf,True,7.5,100,100,0,1.0,0.9630065017930143,1.0,100,1.0,0.9630065017930143,1.0,{},1.3646657707633603,2.6354706627357194,0.3159079615668533,0.6089690305060651,100,100,0.32,0.23669147324999093,0.41662618610452384,0.32,0.23669147324999093,0.41662618610452384,32,linear,whole_base_sequence,35.785669748898634,99.11390943875669,6,235,0,10.567612120267013,19.277974589141188,0.7191489361702128,2,True,0.0047746369999367745,0.0018667339990497567,0.0,0.0005171490686358676,392.57111312422705,460.9297312879143,7.49663367385701,True,True,False,45.0,45,45,45.0,45,45,0.0,0,0,26.35,25,27,26.35,25,27,6.0,6,6,20.35,19,21,0.0,0,0,0.0,0,0,0.0,0,0
poorly_conditioned,outlier_mild,retarded_ekf,True,8.0,100,100,0,1.0,0.9630065017930143,1.0,100,1.0,0.9630065017930143,1.0,{},1.2851456627811262,2.440202956253705,0.28140447461485923,0.5357747337112005,100,100,0.3,0.2189488529493276,0.3958485463334666,0.3,0.2189488529493276,0.3958485463334666,30,linear,whole_base_sequence,35.29010132889888,86.81258425751314,6,125,0,10.406215019521706,58.590448351120884,0.752,2,True,0.0028330100007588044,0.0010324590012896805,0.0,0.00042642492505381334,421.2478646119299,490.3127699451194,7.997989549354098,True,True,False,45.0,45,45,45.0,45,45,0.0,0,0,27.6,27,29,27.6,27,29,6.0,6,6,21.6,21,23,0.0,0,0,0.0,0,0,0.0,0,0
poorly_conditioned,outlier_mild,retarded_ekf,True,8.5,100,100,0,1.0,0.9630065017930143,1.0,100,1.0,0.9630065017930143,1.0,{},1.1281492054324251,1.9620563830491582,0.23671967287980158,0.4534593646530281,100,100,0.27,0.1926958414957634,0.36432116767944994,0.27,0.1926958414957634,0.36432116767944994,27,linear,whole_base_sequence,32.697866625935085,82.9116675891902,6,236,0,9.943165265546822,20.01343164410781,0.7669491525423728,2,True,0.005237526999844704,0.0019040809993748553,0.0,0.00035625610374352077,412.2580034521763,556.6409047908664,8.499101501616938,True,True,False,45.0,45,45,45.0,45,45,0.0,0,0,29.96,29,30,29.96,29,30,6.0,6,6,23.96,23,24,0.0,0,0,0.0,0,0,0.0,0,0
poorly_conditioned,outlier_mild,retarded_ekf,True,9.0,100,100,0,1.0,0.9630065017930143,1.0,100,1.0,0.9630065017930143,1.0,{},1.104011359896736,1.9581024074364588,0.21551375261855973,0.4006785964264861,100,100,0.29,0.2101483574912227,0.3853889117557111,0.29,0.2101483574912227,0.3853889117557111,29,linear,whole_base_sequence,32.87945775952613,85.17871978414134,6,187,0,8.12383146225141,12.468225993179587,0.8449197860962567,2,True,0.004453439999488182,0.0015498910009046085,0.0,0.0003010564939312515,489.6261567993662,619.2806670509827,8.999106114578835,True,True,False,45.0,45,45,45.0,45,45,0.0,0,0,31.83,30,33,31.83,30,33,6.0,6,6,25.83,24,27,0.0,0,0,0.0,0,0,0.0,0,0
poorly_conditioned,outlier_mild,retarded_ekf,True,9.5,100,100,0,1.0,0.9630065017930143,1.0,100,1.0,0.9630065017930143,1.0,{},1.0990479780412548,1.7318807244363634,0.20164745665860204,0.3617679221819295,100,100,0.32,0.23669147324999093,0.41662618610452384,0.32,0.23669147324999093,0.41662618610452384,32,linear,whole_base_sequence,33.207943021518005,81.37262793459003,6,137,0,10.022903148452418,14.586211326661656,0.7445255474452555,2,True,0.0033458409990998915,0.0011226810020161793,0.0,0.00025698333014666686,531.8009472496456,596.2855251467831,9.49477757693301,True,True,False,45.0,45,45,45.0,45,45,0.0,0,0,33.2,33,34,33.2,33,34,6.0,6,6,27.2,27,28,0.0,0,0,0.0,0,0,0.0,0,0
poorly_conditioned,outlier_strong,causal_prefix_batch,True,0.0,100,0,100,0.0,0.0,0.03699349820698568,0,0.0,0.0,0.03699349820698568,"{""insufficient_measurements"": 100}",nan,nan,nan,nan,0,100,nan,nan,nan,0.0,0.0,0.03699349820698568,0,linear,whole_base_sequence,nan,nan,6,0,0,nan,nan,nan,2,True,4.62730010622181e-05,0.0,nan,nan,nan,nan,nan,True,True,False,45.0,45,45,45.0,45,45,0.0,0,0,0.0,0,0,0.0,0,0,0.0,0,0,0.0,0,0,0.0,0,0,0.0,0,0,0.0,0,0
poorly_conditioned,outlier_strong,causal_prefix_batch,True,0.5,100,0,100,0.0,0.0,0.03699349820698568,0,0.0,0.0,0.03699349820698568,"{""insufficient_measurements"": 100}",nan,nan,nan,nan,0,100,nan,nan,nan,0.0,0.0,0.03699349820698568,0,linear,whole_base_sequence,nan,nan,6,0,0,nan,nan,nan,2,True,3.5006998223252596e-05,0.0,nan,nan,nan,nan,nan,True,True,False,45.0,45,45,45.0,45,45,0.0,0,0,0.0,0,0,0.0,0,0,0.0,0,0,0.0,0,0,0.0,0,0,0.0,0,0,0.0,0,0
poorly_conditioned,outlier_strong,causal_prefix_batch,True,1.0,100,1,99,0.01,0.0017674320641406505,0.054486196178705315,1,0.01,0.0017674320641406505,0.054486196178705315,"{""insufficient_local_observability"": 10, ""insufficient_measurements"": 86, ""optimization_error:ValueError"": 2, ""projected_kkt_not_satisfied"": 1}",57.19331193542061,57.19331193542061,127.3570811268113,127.3570811268113,1,100,1.0,0.20654931437723745,1.0,0.01,0.0017674320641406505,0.054486196178705315,1,linear,whole_base_sequence,8.138388669383444,8.138388669383444,6,0,0,nan,nan,nan,2,True,0.2824879660012084,0.0,0.0,0.07374776961619395,129481643.10789263,129481643.10789263,0.9980244500028004,True,True,False,45.0,45,45,45.0,45,45,0.0,0,0,1.79,0,3,1.79,0,3,0.0,0,0,0.0,0,0,0.0,0,0,0.0,0,0,0.0,0,0
poorly_conditioned,outlier_strong,causal_prefix_batch,True,1.5,100,13,87,0.13,0.07757167427240512,0.20980351440076428,13,0.13,0.07757167427240512,0.20980351440076428,"{""insufficient_local_observability"": 75, ""optimization_error:ValueError"": 5, ""projected_kkt_not_satisfied"": 7}",60.739516339731935,118.15188114906896,63.866826470708254,124.26203024580592,13,100,0.9230769230769231,0.6668604907890041,0.9862895787574435,0.12,0.06999406437019488,0.19812099426711421,12,linear,whole_base_sequence,7.29784659276463,16.576242557036764,6,0,0,nan,nan,nan,2,True,2.033561608000018,0.0,0.0,0.03816807874917528,130700.64476697192,323449249.6058016,1.4964500178359175,True,True,False,45.0,45,45,45.0,45,45,0.0,0,0,3.19,3,4,3.19,3,4,0.0,0,0,0.0,0,0,0.0,0,0,0.0,0,0,0.0,0,0
poorly_conditioned,outlier_strong,causal_prefix_batch,True,10.0,100,88,12,0.88,0.8018790057328857,0.9300059356298052,88,0.88,0.8018790057328857,0.9300059356298052,"{""projected_kkt_not_satisfied"": 12}",5.589102808953646,9.518121021506364,1.024543983984172,1.9284669967282217,88,100,0.022727272727272728,0.006254928263812166,0.07912545355267586,0.02,0.00550196755016235,0.07001179072854388,2,linear,whole_base_sequence,942.0579454552334,2507.9316382591187,6,0,0,nan,nan,nan,2,True,0.3383850000015809,0.0,0.0,0.00020304187403571275,549.7238354959388,780.5619351863935,9.989789698436592,True,True,False,45.0,45,45,45.0,45,45,0.0,0,0,35.74,35,36,35.74,35,36,0.0,0,0,0.0,0,0,0.0,0,0,0.0,0,0,0.0,0,0
poorly_conditioned,outlier_strong,causal_prefix_batch,True,10.5,100,90,10,0.9,0.8256343384950865,0.9447708629393249,90,0.9,0.8256343384950865,0.9447708629393249,"{""projected_kkt_not_satisfied"": 10}",5.536232944150119,9.261959569787134,0.9534018697002385,1.7089092849959926,90,100,0.022222222222222223,0.006115441986325208,0.07744526688625372,0.02,0.00550196755016235,0.07001179072854388,2,linear,whole_base_sequence,896.2951536886014,1981.7047918673475,6,0,0,nan,nan,nan,2,True,0.3521431009998196,0.0,0.0,0.0001766782052527524,634.0948311040347,869.4945755487695,10.498609775121441,True,True,False,45.0,45,45,45.0,45,45,0.0,0,0,37.15,36,38,37.15,36,38,0.0,0,0,0.0,0,0,0.0,0,0,0.0,0,0,0.0,0,0
poorly_conditioned,outlier_strong,causal_prefix_batch,True,11.0,100,88,12,0.88,0.8018790057328857,0.9300059356298052,88,0.88,0.8018790057328857,0.9300059356298052,"{""projected_kkt_not_satisfied"": 12}",5.384353262560498,9.02696380886165,0.8487468870742318,1.6626950596336252,88,100,0.022727272727272728,0.006254928263812166,0.07912545355267586,0.02,0.00550196755016235,0.07001179072854388,2,linear,whole_base_sequence,916.3262980102772,2117.6611943048692,6,0,0,nan,nan,nan,2,True,0.37338291199936063,0.0,0.0,0.00015467367380576005,676.4396283628218,884.3753870628647,10.919532383859073,True,True,False,45.0,45,45,45.0,45,45,0.0,0,0,39.0,39,39,39.0,39,39,0.0,0,0,0.0,0,0,0.0,0,0,0.0,0,0,0.0,0,0
poorly_conditioned,outlier_strong,causal_prefix_batch,True,11.5,100,86,14,0.86,0.7786281178903616,0.9147365634006086,86,0.86,0.7786281178903616,0.9147365634006086,"{""projected_kkt_not_satisfied"": 14}",5.287542977664652,9.684459016536621,0.7922962125295842,1.425074093216426,86,100,0.023255813953488372,0.0064009262042708515,0.08088014562632057,0.02,0.00550196755016235,0.07001179072854388,2,linear,whole_base_sequence,939.4429076542399,2402.1176762140663,6,0,0,nan,nan,nan,2,True,0.3911495909979567,0.0,0.0,0.0001405967069148738,712.6793683234556,936.6789909037569,11.499339348942456,True,True,False,45.0,45,45,45.0,45,45,0.0,0,0,41.28,40,42,41.28,40,42,0.0,0,0,0.0,0,0,0.0,0,0,0.0,0,0,0.0,0,0
poorly_conditioned,outlier_strong,causal_prefix_batch,True,12.0,100,88,12,0.88,0.8018790057328857,0.9300059356298052,88,0.88,0.8018790057328857,0.9300059356298052,"{""projected_kkt_not_satisfied"": 12}",5.335405087471537,10.196570221777385,0.7840193507099321,1.3854434016916959,88,100,0.022727272727272728,0.006254928263812166,0.07912545355267586,0.02,0.00550196755016235,0.07001179072854388,2,linear,whole_base_sequence,959.5171323086065,2613.190655055648,6,0,0,nan,nan,nan,2,True,0.4082026710000355,0.0,0.0,0.0001212638086930364,857.9322656383595,1066.704102008848,11.997967432491361,True,True,False,45.0,45,45,45.0,45,45,0.0,0,0,42.5,42,44,42.5,42,44,0.0,0,0,0.0,0,0,0.0,0,0,0.0,0,0,0.0,0,0
poorly_conditioned,outlier_strong,causal_prefix_batch,True,12.5,100,83,17,0.83,0.7445199523239887,0.8910643388594006,83,0.83,0.7445199523239887,0.8910643388594006,"{""projected_kkt_not_satisfied"": 17}",4.486450804632741,8.548116814551312,0.6322825586934161,1.1790783923091748,83,100,0.024096385542168676,0.006633166140727599,0.08366309243416317,0.02,0.00550196755016235,0.07001179072854388,2,linear,whole_base_sequence,867.2753647700152,2329.119909725318,6,0,0,nan,nan,nan,2,True,0.4292548889998579,0.0,0.0,0.00010953959167376202,886.4218906662031,1094.294167673999,12.499319060207084,True,True,False,45.0,45,45,45.0,45,45,0.0,0,0,44.96,44,45,44.96,44,45,0.0,0,0,0.0,0,0,0.0,0,0,0.0,0,0,0.0,0,0
poorly_conditioned,outlier_strong,causal_prefix_batch,True,14.5,100,77,23,0.77,0.6784561697712622,0.8415673411969654,77,0.77,0.6784561697712622,0.8415673411969654,"{""projected_kkt_not_satisfied"": 23}",5.67117053200214,10.872537646670628,0.6385335925916698,1.1854210332148034,77,100,0.025974025974025976,0.007152159807893181,0.08984582779753134,0.02,0.00550196755016235,0.07001179072854388,2,linear,whole_base_sequence,868.8054358034709,2460.614870354897,6,0,0,nan,nan,nan,2,True,0.42302934699953765,0.0,0.0,7.222291471454077e-05,2095.295447646983,2614.869610582572,12.518298918608764,True,True,False,45.0,45,45,45.0,45,45,0.0,0,0,45.0,45,45,45.0,45,45,0.0,0,0,0.0,0,0,0.0,0,0,0.0,0,0,0.0,0,0
poorly_conditioned,outlier_strong,causal_prefix_batch,True,2.0,100,99,1,0.99,0.9455138038212946,0.9982325679358593,99,0.99,0.9455138038212946,0.9982325679358593,"{""projected_kkt_not_satisfied"": 1}",19.743747939846614,39.418811686154974,16.663790253778757,36.87594495458645,99,100,0.494949494949495,0.39850799791397756,0.5917682971574147,0.49,0.3942199893044113,0.5865198806597283,49,linear,whole_base_sequence,944.6312549211223,3417.409926070838,6,0,0,nan,nan,nan,2,True,0.0649451359998784,0.0,0.0,0.012980903908136136,115.9072601522959,312.48101400829245,1.9974613505584822,True,True,False,45.0,45,45,45.0,45,45,0.0,0,0,5.76,5,6,5.76,5,6,0.0,0,0,0.0,0,0,0.0,0,0,0.0,0,0,0.0,0,0
poorly_conditioned,outlier_strong,causal_prefix_batch,True,2.5,100,97,3,0.97,0.9154806357094724,0.9897454759759611,97,0.97,0.9154806357094724,0.9897454759759611,"{""projected_kkt_not_satisfied"": 3}",21.23825910710185,45.3073338662954,13.050883584388426,30.47635219590286,97,100,0.44329896907216493,0.34847593432042534,0.5424419467907645,0.43,0.33733298524110106,0.5278461045078768,43,linear,whole_base_sequence,951.8090556860567,3565.294648196711,6,0,0,nan,nan,nan,2,True,0.07940294600033666,0.0,0.0,0.008000629006023453,139.53351458396287,559.6633405697655,2.495801938814801,True,True,False,45.0,45,45,45.0,45,45,0.0,0,0,7.06,6,8,7.06,6,8,0.0,0,0,0.0,0,0,0.0,0,0,0.0,0,0,0.0,0,0
poorly_conditioned,outlier_strong,causal_prefix_batch,True,3.0,100,93,7,0.93,0.8625048526092651,0.9656807389327273,93,0.93,0.8625048526092651,0.9656807389327273,"{""projected_kkt_not_satisfied"": 7}",19.318997881831308,35.19975294268024,9.629622528464996,18.032218405019268,93,100,0.3548387096774194,0.2651287507612402,0.4560650403195863,0.33,0.24563122734128034,0.4269465620490947,33,linear,whole_base_sequence,1064.9612667171523,3751.670928794321,6,0,0,nan,nan,nan,2,True,0.09840456599893514,0.0,0.0,0.005561930532976356,147.65315387910164,368.17021304799573,2.919467157505566,True,True,False,45.0,45,45,45.0,45,45,0.0,0,0,9.0,9,9,9.0,9,9,0.0,0,0,0.0,0,0,0.0,0,0,0.0,0,0,0.0,0,0
poorly_conditioned,outlier_strong,causal_prefix_batch,True,3.5,100,89,11,0.89,0.8136870349691969,0.9374580364293543,89,0.89,0.8136870349691969,0.9374580364293543,"{""projected_kkt_not_satisfied"": 11}",11.701722380593232,20.58769434871623,5.843248683644692,10.964754010825374,89,100,0.2808988764044944,0.1980948950798778,0.38183415283263744,0.25,0.17545211362287672,0.34304463548061603,25,linear,whole_base_sequence,889.5098691488305,2551.9079600306636,6,0,0,nan,nan,nan,2,True,0.11965937499742722,0.0,0.0,0.003773403321217065,146.8601470985989,294.88776217354444,3.4982209701726212,True,True,False,45.0,45,45,45.0,45,45,0.0,0,0,11.25,10,12,11.25,10,12,0.0,0,0,0.0,0,0,0.0,0,0,0.0,0,0,0.0,0,0
poorly_conditioned,outlier_strong,causal_prefix_batch,True,4.0,100,96,4,0.96,0.9016292856411208,0.9843366960084523,96,0.96,0.9016292856411208,0.9843366960084523,"{""projected_kkt_not_satisfied"": 4}",11.727161633892814,22.691339868830585,4.867986192050471,9.024134245254016,96,100,0.21875,0.14776345080877545,0.31137906736116716,0.21,0.141656540619153,0.29979968834089865,21,linear,whole_base_sequence,943.1897724103643,2955.1703602851085,6,0,0,nan,nan,nan,2,True,0.1286271160002798,0.0,0.0,0.002692209629330307,194.73111551667188,312.0569169408506,3.9975016630794027,True,True,False,45.0,45,45,45.0,45,45,0.0,0,0,12.51,12,14,12.51,12,14,0.0,0,0,0.0,0,0,0.0,0,0,0.0,0,0,0.0,0,0
poorly_conditioned,outlier_strong,causal_prefix_batch,True,4.5,100,95,5,0.95,0.8882495307680808,0.9784563208456319,95,0.95,0.8882495307680808,0.9784563208456319,"{""projected_kkt_not_satisfied"": 5}",9.05330052238115,17.727079594302737,3.654625603685352,6.238259728567141,95,100,0.18947368421052632,0.12334852229116193,0.27973596569651077,0.18,0.1170022549894635,0.2666735838630073,18,linear,whole_base_sequence,856.6500580639299,2491.6714309602144,6,0,0,nan,nan,nan,2,True,0.14978937299980316,0.0,0.0,0.001972290299427451,177.74446496280626,270.42620772091726,4.496681836145486,True,True,False,45.0,45,45,45.0,45,45,0.0,0,0,14.96,14,15,14.96,14,15,0.0,0,0,0.0,0,0,0.0,0,0,0.0,0,0,0.0,0,0
poorly_conditioned,outlier_strong,causal_prefix_batch,True,5.0,100,94,6,0.94,0.8752318455410406,0.9722138760368118,94,0.94,0.8752318455410406,0.9722138760368118,"{""projected_kkt_not_satisfied"": 6}",8.5598255719036,16.484013428028547,3.0776228301906494,5.654110609754641,94,100,0.1595744680851064,0.09915613688605254,0.24672442569542472,0.15,0.0930598528365663,0.23283559590832364,15,linear,whole_base_sequence,859.936870819896,2530.4466013612155,6,0,0,nan,nan,nan,2,True,0.169489823000622,0.0,0.0,0.0015004146359439646,226.1426991889569,312.61613006759177,4.997797684238566,True,True,False,45.0,45,45,45.0,45,45,0.0,0,0,16.77,16,18,16.77,16,18,0.0,0,0,0.0,0,0,0.0,0,0,0.0,0,0,0.0,0,0
poorly_conditioned,outlier_strong,causal_prefix_batch,True,5.5,100,96,4,0.96,0.9016292856411208,0.9843366960084523,96,0.96,0.9016292856411208,0.9843366960084523,"{""projected_kkt_not_satisfied"": 4}",8.564598303358483,14.748588956981141,2.705827691924376,4.877751328683026,96,100,0.13541666666666666,0.0808770644581112,0.21801138502144396,0.13,0.07757167427240512,0.20980351440076428,13,linear,whole_base_sequence,908.9472945762449,3456.4468185593446,6,0,0,nan,nan,nan,2,True,0.17952468799921917,0.0,0.0,0.001151564561318406,253.02561344770686,360.6351794324387,5.494821468465719,True,True,False,45.0,45,45,45.0,45,45,0.0,0,0,18.21,18,19,18.21,18,19,0.0,0,0,0.0,0,0,0.0,0,0,0.0,0,0,0.0,0,0
poorly_conditioned,outlier_strong,causal_prefix_batch,True,6.0,100,90,10,0.9,0.8256343384950865,0.9447708629393249,90,0.9,0.8256343384950865,0.9447708629393249,"{""projected_kkt_not_satisfied"": 10}",7.091296416873555,13.158408096309941,2.0976486956029996,3.8358165327548144,90,100,0.1,0.05350675169712493,0.17924174875433652,0.09,0.04807254000256516,0.1622621285271631,9,linear,whole_base_sequence,830.25182972333,2373.6619175265805,6,0,0,nan,nan,nan,2,True,0.2047457340019173,0.0,0.0,0.0009113613676324596,242.5070254576386,401.7617162635497,5.998694141125537,True,True,False,45.0,45,45,45.0,45,45,0.0,0,0,20.71,20,21,20.71,20,21,0.0,0,0,0.0,0,0,0.0,0,0,0.0,0,0,0.0,0,0
poorly_conditioned,outlier_strong,causal_prefix_batch,True,6.5,100,93,7,0.93,0.8625048526092651,0.9656807389327273,93,0.93,0.8625048526092651,0.9656807389327273,"{""projected_kkt_not_satisfied"": 7}",7.8460674939432895,15.947889667220714,2.076897902007122,3.8341592149805273,93,100,0.08602150537634409,0.04423306687520164,0.16065292991085864,0.08,0.041093461484380624,0.14998107700948735,8,linear,whole_base_sequence,894.1369751941465,2455.616025920791,6,0,0,nan,nan,nan,2,True,0.21457561499846634,0.0,0.0,0.0007175904979686917,325.0997028613536,551.6483188465869,6.497316090988757,True,True,False,45.0,45,45,45.0,45,45,0.0,0,0,21.86,21,23,21.86,21,23,0.0,0,0,0.0,0,0,0.0,0,0,0.0,0,0,0.0,0,0
poorly_conditioned,outlier_strong,causal_prefix_batch,True,7.0,100,89,11,0.89,0.8136870349691969,0.9374580364293543,89,0.89,0.8136870349691969,0.9374580364293543,"{""projected_kkt_not_satisfied"": 11}",6.837445234703385,12.752097664455041,1.7518408100914413,3.411177604646338,89,100,0.07865168539325842,0.03861982216517404,0.15355142382043202,0.07,0.03431926106727268,0.137495147390735,7,linear,whole_base_sequence,858.5469362725565,2219.419619941806,6,0,0,nan,nan,nan,2,True,0.2315755709973746,0.0,0.0,0.0005751490939016404,329.25631737327546,504.07319967052985,6.916259984169404,True,True,False,45.0,45,45,45.0,45,45,0.0,0,0,24.0,24,24,24.0,24,24,0.0,0,0,0.0,0,0,0.0,0,0,0.0,0,0,0.0,0,0
poorly_conditioned,outlier_strong,causal_prefix_batch,True,7.5,100,89,11,0.89,0.8136870349691969,0.9374580364293543,89,0.89,0.8136870349691969,0.9374580364293543,"{""projected_kkt_not_satisfied"": 11}",6.394226491419686,12.620592613717097,1.5540455645482703,2.8943407523498665,89,100,0.056179775280898875,0.024232878420720118,0.12485416735078494,0.05,0.02154367915436796,0.11175046923191913,5,linear,whole_base_sequence,819.3035183560606,2026.8146597992722,6,0,0,nan,nan,nan,2,True,0.25469878900068577,0.0,0.0,0.0004693725616932979,358.8012750764226,573.6279788174052,7.49663367385701,True,True,False,45.0,45,45,45.0,45,45,0.0,0,0,26.35,25,27,26.35,25,27,0.0,0,0,0.0,0,0,0.0,0,0,0.0,0,0,0.0,0,0
poorly_conditioned,outlier_strong,causal_prefix_batch,True,8.0,100,92,8,0.92,0.8500189229905127,0.9589065385156194,92,0.92,0.8500189229905127,0.9589065385156194,"{""projected_kkt_not_satisfied"": 8}",6.336566140856676,12.728172844234242,1.4797799523778992,2.6733331000205895,92,100,0.05434782608695652,0.023435063948632366,0.12098530476246525,0.05,0.02154367915436796,0.11175046923191913,5,linear,whole_base_sequence,857.8701543435325,2180.810671263772,6,0,0,nan,nan,nan,2,True,0.2679027989978204,0.0,0.0,0.00038760254510267455,416.52470059523574,639.756513787739,7.997989549354098,True,True,False,45.0,45,45,45.0,45,45,0.0,0,0,27.6,27,29,27.6,27,29,0.0,0,0,0.0,0,0,0.0,0,0,0.0,0,0,0.0,0,0
poorly_conditioned,outlier_strong,causal_prefix_batch,True,8.5,100,85,15,0.85,0.7671644040916763,0.9069401471634337,85,0.85,0.7671644040916763,0.9069401471634337,"{""projected_kkt_not_satisfied"": 15}",5.471213467797031,10.589526045949057,1.1981738782639668,2.3776630464873247,85,100,0.047058823529411764,0.018450260833070706,0.1148372715631877,0.04,0.01566330399154762,0.0983707143588792,4,linear,whole_base_sequence,799.1702215464015,1995.891619747461,6,0,0,nan,nan,nan,2,True,0.28854529000091134,0.0,0.0,0.00032459409008025146,408.2408497369338,566.690686789422,8.499101501616938,True,True,False,45.0,45,45,45.0,45,45,0.0,0,0,29.96,29,30,29.96,29,30,0.0,0,0,0.0,0,0,0.0,0,0,0.0,0,0,0.0,0,0
poorly_conditioned,outlier_strong,causal_prefix_batch,True,9.0,100,89,11,0.89,0.8136870349691969,0.9374580364293543,89,0.89,0.8136870349691969,0.9374580364293543,"{""projected_kkt_not_satisfied"": 11}",5.92034415690278,11.462296869661408,1.2122182176950123,2.1983352139630465,89,100,0.0449438202247191,0.017614486067325956,0.10993045959712858,0.04,0.01566330399154762,0.0983707143588792,4,linear,whole_base_sequence,896.477194775954,2276.304511868614,6,0,0,nan,nan,nan,2,True,0.303785796999,0.0,0.0,0.0002753430639906274,478.636798683501,699.3857592810107,8.999106114578835,True,True,False,45.0,45,45,45.0,45,45,0.0,0,0,31.83,30,33,31.83,30,33,0.0,0,0,0.0,0,0,0.0,0,0,0.0,0,0,0.0,0,0
poorly_conditioned,outlier_strong,causal_prefix_batch,True,9.5,100,89,11,0.89,0.8136870349691969,0.9374580364293543,89,0.89,0.8136870349691969,0.9374580364293543,"{""projected_kkt_not_satisfied"": 11}",5.721740288394152,10.161374365749118,1.072060452174128,2.0162811283336866,89,100,0.0449438202247191,0.017614486067325956,0.10993045959712858,0.04,0.01566330399154762,0.0983707143588792,4,linear,whole_base_sequence,869.516930447012,2427.1752843772483,6,0,0,nan,nan,nan,2,True,0.31890480299771296,0.0,0.0,0.0002354265441252458,525.2125026617101,662.9163169222197,9.49477757693301,True,True,False,45.0,45,45,45.0,45,45,0.0,0,0,33.2,33,34,33.2,33,34,0.0,0,0,0.0,0,0,0.0,0,0,0.0,0,0,0.0,0,0
poorly_conditioned,outlier_strong,initial_batch_no_updates,True,0.0,100,0,100,0.0,0.0,0.03699349820698568,0,0.0,0.0,0.03699349820698568,"{""not_initialized"": 100}",nan,nan,nan,nan,0,100,nan,nan,nan,0.0,0.0,0.03699349820698568,0,linear,whole_base_sequence,nan,nan,6,0,0,nan,nan,nan,2,True,2.4149997625499962e-06,0.0,nan,nan,nan,nan,nan,True,True,False,45.0,45,45,45.0,45,45,0.0,0,0,0.0,0,0,0.0,0,0,0.0,0,0,0.0,0,0,0.0,0,0,0.0,0,0,0.0,0,0
poorly_conditioned,outlier_strong,initial_batch_no_updates,True,0.5,100,0,100,0.0,0.0,0.03699349820698568,0,0.0,0.0,0.03699349820698568,"{""not_initialized"": 100}",nan,nan,nan,nan,0,100,nan,nan,nan,0.0,0.0,0.03699349820698568,0,linear,whole_base_sequence,nan,nan,6,0,0,nan,nan,nan,2,True,1.9640012760646643e-06,0.0,nan,nan,nan,nan,nan,True,True,False,45.0,45,45,45.0,45,45,0.0,0,0,0.0,0,0,0.0,0,0,0.0,0,0,0.0,0,0,0.0,0,0,0.0,0,0,0.0,0,0
poorly_conditioned,outlier_strong,initial_batch_no_updates,True,1.0,100,0,100,0.0,0.0,0.03699349820698568,0,0.0,0.0,0.03699349820698568,"{""not_initialized"": 100}",nan,nan,nan,nan,0,100,nan,nan,nan,0.0,0.0,0.03699349820698568,0,linear,whole_base_sequence,nan,nan,6,0,0,nan,nan,nan,2,True,2.2980020730756223e-06,0.0,nan,nan,nan,nan,0.9980244500028004,True,True,False,45.0,45,45,45.0,45,45,0.0,0,0,1.79,0,3,0.0,0,0,0.0,0,0,0.0,0,0,0.0,0,0,0.0,0,0,1.79,0,3
poorly_conditioned,outlier_strong,initial_batch_no_updates,True,1.5,100,0,100,0.0,0.0,0.03699349820698568,0,0.0,0.0,0.03699349820698568,"{""not_initialized"": 100}",nan,nan,nan,nan,0,100,nan,nan,nan,0.0,0.0,0.03699349820698568,0,linear,whole_base_sequence,nan,nan,6,0,0,nan,nan,nan,2,True,3.675999178085476e-06,0.0,nan,nan,nan,nan,1.4964500178359175,True,True,False,45.0,45,45,45.0,45,45,0.0,0,0,3.19,3,4,0.0,0,0,0.0,0,0,0.0,0,0,0.0,0,0,0.0,0,0,3.19,3,4
poorly_conditioned,outlier_strong,initial_batch_no_updates,True,10.0,100,100,0,1.0,0.9630065017930143,1.0,100,1.0,0.9630065017930143,1.0,{},150.76469735795325,323.6892291389663,16.492233730909856,36.76183310560071,100,100,0.46,0.36560808309024106,0.5573513967663177,0.46,0.36560808309024106,0.5573513967663177,46,linear,whole_base_sequence,990.6671903881605,3442.2174602185023,6,0,0,nan,nan,nan,2,True,0.0001406080008018762,0.0,0.0,0.00031319413533431546,145688.7620278168,252364.84020299092,9.989789698436592,True,True,False,45.0,45,45,45.0,45,45,0.0,0,0,35.74,35,36,6.11,6,8,6.11,6,8,0.0,0,0,0.0,0,0,0.0,0,0,29.63,28,30
poorly_conditioned,outlier_strong,initial_batch_no_updates,True,10.5,100,100,0,1.0,0.9630065017930143,1.0,100,1.0,0.9630065017930143,1.0,{},159.00106270111425,342.07000739634395,16.492233730909856,36.76183310560071,100,100,0.46,0.36560808309024106,0.5573513967663177,0.46,0.36560808309024106,0.5573513967663177,46,linear,whole_base_sequence,990.6671903881719,3442.2174602185078,6,0,0,nan,nan,nan,2,True,0.00014134299999568611,0.0,0.0,0.0002812874665178848,179876.36724387977,310520.93360227026,10.498609775121441,True,True,False,45.0,45,45,45.0,45,45,0.0,0,0,37.15,36,38,6.11,6,8,6.11,6,8,0.0,0,0,0.0,0,0,0.0,0,0,31.04,29,32
poorly_conditioned,outlier_strong,initial_batch_no_updates,True,11.0,100,100,0,1.0,0.9630065017930143,1.0,100,1.0,0.9630065017930143,1.0,{},167.2383891259706,360.4507995638434,16.492233730909856,36.76183310560071,100,100,0.46,0.36560808309024106,0.5573513967663177,0.46,0.36560808309024106,0.5573513967663177,46,linear,whole_base_sequence,990.6671903881662,3442.2174602185096,6,0,0,nan,nan,nan,2,True,0.00014313200052129104,0.0,0.0,0.00025400200497558437,219782.53542579646,378236.005357806,10.919532383859073,True,True,False,45.0,45,45,45.0,45,45,0.0,0,0,39.0,39,39,6.11,6,8,6.11,6,8,0.0,0,0,0.0,0,0,0.0,0,0,32.89,31,33
poorly_conditioned,outlier_strong,initial_batch_no_updates,True,11.5,100,100,0,1.0,0.9630065017930143,1.0,100,1.0,0.9630065017930143,1.0,{},175.47654128553182,378.8316036430994,16.492233730909856,36.76183310560071,100,100,0.46,0.36560808309024106,0.5573513967663177,0.46,0.36560808309024106,0.5573513967663177,46,linear,whole_base_sequence,990.6671903881655,3442.2174602185073,6,0,0,nan,nan,nan,2,True,0.00014117500017164276,0.0,0.0,0.00023048949519141487,266014.643574743,456508.3006386232,11.499339348942456,True,True,False,45.0,45,45,45.0,45,45,0.0,0,0,41.28,40,42,6.11,6,8,6.11,6,8,0.0,0,0,0.0,0,0,0.0,0,0,35.17,33,36
poorly_conditioned,outlier_strong,initial_batch_no_updates,True,12.0,100,100,0,1.0,0.9630065017930143,1.0,100,1.0,0.9630065017930143,1.0,{},183.71540809723558,397.2124180010716,16.492233730909856,36.76183310560071,100,100,0.46,0.36560808309024106,0.5573513967663177,0.46,0.36560808309024106,0.5573513967663177,46,linear,whole_base_sequence,990.6671903881869,3442.2174602184546,6,0,0,nan,nan,nan,2,True,0.00013631700014229864,0.0,0.0,0.00021008715328491907,319210.85330106743,546385.8389031066,11.997967432491361,True,True,False,45.0,45,45,45.0,45,45,0.0,0,0,42.5,42,44,6.11,6,8,6.11,6,8,0.0,0,0,0.0,0,0,0.0,0,0,36.39,35,38
poorly_conditioned,outlier_strong,initial_batch_no_updates,True,12.5,100,100,0,1.0,0.9630065017930143,1.0,100,1.0,0.9630065017930143,1.0,{},191.9548975406779,415.5932412902046,16.492233730909856,36.76183310560071,100,100,0.46,0.36560808309024106,0.5573513967663177,0.46,0.36560808309024106,0.5573513967663177,46,linear,whole_base_sequence,990.6671903881527,3442.2174602184455,6,0,0,nan,nan,nan,2,True,0.0001451799995265901,0.0,0.0,0.00019227118579891433,380040.1107542099,648966.4140239956,12.499319060207084,True,True,False,45.0,45,45,45.0,45,45,0.0,0,0,44.96,44,45,6.11,6,8,6.11,6,8,0.0,0,0,0.0,0,0,0.0,0,0,38.85,37,39
poorly_conditioned,outlier_strong,initial_batch_no_updates,True,14.5,100,100,0,1.0,0.9630065017930143,1.0,100,1.0,0.9630065017930143,1.0,{},224.91771301322697,489.11660382535035,16.492233730909856,36.76183310560071,100,100,0.46,0.36560808309024106,0.5573513967663177,0.46,0.36560808309024106,0.5573513967663177,46,linear,whole_base_sequence,990.6671903881665,3442.217460218545,6,0,0,nan,nan,nan,2,True,0.0001413020002655685,0.0,0.0,0.00013961735425618382,714144.0012273439,1210017.0584946878,12.518298918608764,True,True,False,45.0,45,45,45.0,45,45,0.0,0,0,45.0,45,45,6.11,6,8,6.11,6,8,0.0,0,0,0.0,0,0,0.0,0,0,38.89,37,39
poorly_conditioned,outlier_strong,initial_batch_no_updates,True,2.0,100,75,25,0.75,0.656955364519384,0.8245478863771232,75,0.75,0.656955364519384,0.8245478863771232,"{""not_initialized"": 25}",21.47946866651892,43.725943007224224,17.726975066642098,38.206242817691134,75,100,0.44,0.3333145749124916,0.5525322861854451,0.33,0.24563122734128034,0.4269465620490947,33,linear,whole_base_sequence,1108.621767518831,3704.335543800803,6,0,0,nan,nan,nan,2,True,9.981599956518039e-05,0.0,0.0,0.012980903908093016,113.49472732981056,245.32819797414908,1.9974613505584822,True,True,False,45.0,45,45,45.0,45,45,0.0,0,0,5.76,5,6,4.5,0,6,4.5,0,6,0.0,0,0,0.0,0,0,0.0,0,0,1.26,0,6
poorly_conditioned,outlier_strong,initial_batch_no_updates,True,2.5,100,100,0,1.0,0.9630065017930143,1.0,100,1.0,0.9630065017930143,1.0,{},27.918825473264206,59.621639423844286,16.492233730909856,36.76183310560071,100,100,0.46,0.36560808309024106,0.5573513967663177,0.46,0.36560808309024106,0.5573513967663177,46,linear,whole_base_sequence,990.6671903881679,3442.217460218487,6,0,0,nan,nan,nan,2,True,0.00013765200099442155,0.0,0.0,0.008000629004273781,286.6240273947527,603.3592741551857,2.495801938814801,True,True,False,45.0,45,45,45.0,45,45,0.0,0,0,7.06,6,8,6.11,6,8,6.11,6,8,0.0,0,0,0.0,0,0,0.0,0,0,0.95,0,2
poorly_conditioned,outlier_strong,initial_batch_no_updates,True,3.0,100,100,0,1.0,0.9630065017930143,1.0,100,1.0,0.9630065017930143,1.0,{},35.92842169777015,74.98595897653423,16.492233730909856,36.76183310560071,100,100,0.46,0.36560808309024106,0.5573513967663177,0.46,0.36560808309024106,0.5573513967663177,46,linear,whole_base_sequence,990.6671903881681,3442.2174602184855,6,0,0,nan,nan,nan,2,True,0.00013372199959121644,0.0,0.0,0.005206222740150857,647.9903358501575,1317.7162378942458,2.919467157505566,True,True,False,45.0,45,45,45.0,45,45,0.0,0,0,9.0,9,9,6.11,6,8,6.11,6,8,0.0,0,0,0.0,0,0,0.0,0,0,2.89,1,3
poorly_conditioned,outlier_strong,initial_batch_no_updates,True,3.5,100,100,0,1.0,0.9630065017930143,1.0,100,1.0,0.9630065017930143,1.0,{},44.02543631012071,90.35182668942662,16.492233730909856,36.76183310560071,100,100,0.46,0.36560808309024106,0.5573513967663177,0.46,0.36560808309024106,0.5573513967663177,46,linear,whole_base_sequence,990.6671903881673,3442.217460218486,6,0,0,nan,nan,nan,2,True,0.00013664700090885163,0.0,0.0,0.0035897542324690073,1311.5857654020795,2590.273491116165,3.4982209701726212,True,True,False,45.0,45,45,45.0,45,45,0.0,0,0,11.25,10,12,6.11,6,8,6.11,6,8,0.0,0,0,0.0,0,0,0.0,0,0,5.14,3,6
poorly_conditioned,outlier_strong,initial_batch_no_updates,True,4.0,100,100,0,1.0,0.9630065017930143,1.0,100,1.0,0.9630065017930143,1.0,{},52.1691813776838,105.71851056385633,16.492233730909856,36.76183310560071,100,100,0.46,0.36560808309024106,0.5573513967663177,0.46,0.36560808309024106,0.5573513967663177,46,linear,whole_base_sequence,990.6671903881681,3442.217460218489,6,0,0,nan,nan,nan,2,True,0.00013533999939681961,0.0,0.0,0.002599990088583584,2422.9281746652605,4672.669319929084,3.9975016630794027,True,True,False,45.0,45,45,45.0,45,45,0.0,0,0,12.51,12,14,6.11,6,8,6.11,6,8,0.0,0,0,0.0,0,0,0.0,0,0,6.4,4,8
poorly_conditioned,outlier_strong,initial_batch_no_updates,True,4.5,100,100,0,1.0,0.9630065017930143,1.0,100,1.0,0.9630065017930143,1.0,{},60.34073927005142,121.5033215397081,16.492233730909856,36.76183310560071,100,100,0.46,0.36560808309024106,0.5573513967663177,0.46,0.36560808309024106,0.5573513967663177,46,linear,whole_base_sequence,990.6671903881673,3442.217460218487,6,0,0,nan,nan,nan,2,True,0.00013551499927416444,0.0,0.0,0.0019596654895361982,4157.236493208379,7866.312278621202,4.496681836145486,True,True,False,45.0,45,45,45.0,45,45,0.0,0,0,14.96,14,15,6.11,6,8,6.11,6,8,0.0,0,0,0.0,0,0,0.0,0,0,8.85,7,9
poorly_conditioned,outlier_strong,initial_batch_no_updates,True,5.0,100,100,0,1.0,0.9630065017930143,1.0,100,1.0,0.9630065017930143,1.0,{},68.53016147954463,139.88337682764202,16.492233730909856,36.76183310560071,100,100,0.46,0.36560808309024106,0.5573513967663177,0.46,0.36560808309024106,0.5573513967663177,46,linear,whole_base_sequence,990.6671903881669,3442.2174602184823,6,0,0,nan,nan,nan,2,True,0.00013831300078891216,0.0,0.0,0.0015252455091490252,6733.999559523212,12522.383520544869,4.997797684238566,True,True,False,45.0,45,45,45.0,45,45,0.0,0,0,16.77,16,18,6.11,6,8,6.11,6,8,0.0,0,0,0.0,0,0,0.0,0,0,10.66,8,12
poorly_conditioned,outlier_strong,initial_batch_no_updates,True,5.5,100,100,0,1.0,0.9630065017930143,1.0,100,1.0,0.9630065017930143,1.0,{},76.73172835200623,158.2636262069198,16.492233730909856,36.76183310560071,100,100,0.46,0.36560808309024106,0.5573513967663177,0.46,0.36560808309024106,0.5573513967663177,46,linear,whole_base_sequence,990.6671903881692,3442.2174602184855,6,0,0,nan,nan,nan,2,True,0.00013822599867125974,0.0,0.0,0.001218530228394221,10354.5838294732,19041.837701639975,5.494821468465719,True,True,False,45.0,45,45,45.0,45,45,0.0,0,0,18.21,18,19,6.11,6,8,6.11,6,8,0.0,0,0,0.0,0,0,0.0,0,0,12.1,10,13
poorly_conditioned,outlier_strong,initial_batch_no_updates,True,6.0,100,100,0,1.0,0.9630065017930143,1.0,100,1.0,0.9630065017930143,1.0,{},84.9419220766588,176.64401068642715,16.492233730909856,36.76183310560071,100,100,0.46,0.36560808309024106,0.5573513967663177,0.46,0.36560808309024106,0.5573513967663177,46,linear,whole_base_sequence,990.6671903881695,3442.2174602184773,6,0,0,nan,nan,nan,2,True,0.00013984100136440247,0.0,0.0,0.0009946397126576229,15327.865928622843,27875.40336836848,5.998694141125537,True,True,False,45.0,45,45,45.0,45,45,0.0,0,0,20.71,20,21,6.11,6,8,6.11,6,8,0.0,0,0,0.0,0,0,0.0,0,0,14.6,12,15
poorly_conditioned,outlier_strong,initial_batch_no_updates,True,6.5,100,100,0,1.0,0.9630065017930143,1.0,100,1.0,0.9630065017930143,1.0,{},93.15846178950011,195.02449298981375,16.492233730909856,36.76183310560071,100,100,0.46,0.36560808309024106,0.5573513967663177,0.46,0.36560808309024106,0.5573513967663177,46,linear,whole_base_sequence,990.6671903881645,3442.2174602184873,6,0,0,nan,nan,nan,2,True,0.00013785500079393386,0.0,0.0,0.0008265661638123411,21939.12902715766,39523.583139645634,6.497316090988757,True,True,False,45.0,45,45,45.0,45,45,0.0,0,0,21.86,21,23,6.11,6,8,6.11,6,8,0.0,0,0,0.0,0,0,0.0,0,0,15.75,14,17
poorly_conditioned,outlier_strong,initial_batch_no_updates,True,7.0,100,100,0,1.0,0.9630065017930143,1.0,100,1.0,0.9630065017930143,1.0,{},101.37980453034919,213.40504840304612,16.492233730909856,36.76183310560071,100,100,0.46,0.36560808309024106,0.5573513967663177,0.46,0.36560808309024106,0.5573513967663177,46,linear,whole_base_sequence,990.6671903881672,3442.2174602184937,6,0,0,nan,nan,nan,2,True,0.00013644599763210864,0.0,0.0,0.0006973640074903456,30518.87738274406,54536.65379915379,6.916259984169404,True,True,False,45.0,45,45,45.0,45,45,0.0,0,0,24.0,24,24,6.11,6,8,6.11,6,8,0.0,0,0,0.0,0,0,0.0,0,0,17.89,16,18
poorly_conditioned,outlier_strong,initial_batch_no_updates,True,7.5,100,100,0,1.0,0.9630065017930143,1.0,100,1.0,0.9630065017930143,1.0,{},109.6048694947234,231.78565989237774,16.492233730909856,36.76183310560071,100,100,0.46,0.36560808309024106,0.5573513967663177,0.46,0.36560808309024106,0.5573513967663177,46,linear,whole_base_sequence,990.6671903881697,3442.2174602184596,6,0,0,nan,nan,nan,2,True,0.00014161499973852187,0.0,0.0,0.0005960070037283399,41428.42524525489,73514.66634485596,7.49663367385701,True,True,False,45.0,45,45,45.0,45,45,0.0,0,0,26.35,25,27,6.11,6,8,6.11,6,8,0.0,0,0,0.0,0,0,0.0,0,0,20.24,18,21
poorly_conditioned,outlier_strong,initial_batch_no_updates,True,8.0,100,100,0,1.0,0.9630065017930143,1.0,100,1.0,0.9630065017930143,1.0,{},117.83287722030877,250.16631533534306,16.492233730909856,36.76183310560071,100,100,0.46,0.36560808309024106,0.5573513967663177,0.46,0.36560808309024106,0.5573513967663177,46,linear,whole_base_sequence,990.6671903881729,3442.2174602184864,6,0,0,nan,nan,nan,2,True,0.00013861700048437342,0.0,0.0,0.0005150894511813273,55059.896883776324,97107.44602198376,7.997989549354098,True,True,False,45.0,45,45,45.0,45,45,0.0,0,0,27.6,27,29,6.11,6,8,6.11,6,8,0.0,0,0,0.0,0,0,0.0,0,0,21.49,20,23
poorly_conditioned,outlier_strong,initial_batch_no_updates,True,8.5,100,100,0,1.0,0.9630065017930143,1.0,100,1.0,0.9630065017930143,1.0,{},126.06325149620275,268.54700586938486,16.492233730909856,36.76183310560071,100,100,0.46,0.36560808309024106,0.5573513967663177,0.46,0.36560808309024106,0.5573513967663177,46,linear,whole_base_sequence,990.6671903881684,3442.2174602184905,6,0,0,nan,nan,nan,2,True,0.00013752900151303037,0.0,0.0,0.00044949761492709127,71836.22659919463,126014.59233271053,8.499101501616938,True,True,False,45.0,45,45,45.0,45,45,0.0,0,0,29.96,29,30,6.11,6,8,6.11,6,8,0.0,0,0,0.0,0,0,0.0,0,0,23.85,22,24
poorly_conditioned,outlier_strong,initial_batch_no_updates,True,9.0,100,100,0,1.0,0.9630065017930143,1.0,100,1.0,0.9630065017930143,1.0,{},134.29555721724694,286.92772486491407,16.492233730909856,36.76183310560071,100,100,0.46,0.36560808309024106,0.5573513967663177,0.46,0.36560808309024106,0.5573513967663177,46,linear,whole_base_sequence,990.6671903881678,3442.217460218484,6,0,0,nan,nan,nan,2,True,0.0001368890007142909,0.0,0.0,0.00039561340248260465,92206.31991995816,160985.47904317878,8.999106114578835,True,True,False,45.0,45,45,45.0,45,45,0.0,0,0,31.83,30,33,6.11,6,8,6.11,6,8,0.0,0,0,0.0,0,0,0.0,0,0,25.72,24,27
poorly_conditioned,outlier_strong,initial_batch_no_updates,True,9.5,100,100,0,1.0,0.9630065017930143,1.0,100,1.0,0.9630065017930143,1.0,{},142.5294597109815,305.30846726362546,16.492233730909856,36.76183310560071,100,100,0.46,0.36560808309024106,0.5573513967663177,0.46,0.36560808309024106,0.5573513967663177,46,linear,whole_base_sequence,990.6671903881642,3442.217460218491,6,0,0,nan,nan,nan,2,True,0.00014352699945447968,0.0,0.0,0.00035082130495473466,116650.34136095215,202819.25422799675,9.49477757693301,True,True,False,45.0,45,45,45.0,45,45,0.0,0,0,33.2,33,34,6.11,6,8,6.11,6,8,0.0,0,0,0.0,0,0,0.0,0,0,27.09,25,28
poorly_conditioned,outlier_strong,offline_full_record_noncausal,False,14.5,100,77,23,0.77,0.6784561697712622,0.8415673411969654,77,0.77,0.6784561697712622,0.8415673411969654,"{""projected_kkt_not_satisfied"": 23}",5.67117053200214,10.872537646670628,0.6385335925916698,1.1854210332148034,77,100,0.025974025974025976,0.007152159807893181,0.08984582779753134,0.02,0.00550196755016235,0.07001179072854388,2,linear,whole_base_sequence,868.8054358034709,2460.614870354897,6,0,0,nan,nan,nan,2,True,0.4297885159988073,0.0,0.0,7.222291471454077e-05,2095.295447646983,2614.869610582572,12.518298918608764,True,True,False,45.0,45,45,45.0,45,45,0.0,0,0,45.0,45,45,45.0,45,45,0.0,0,0,0.0,0,0,0.0,0,0,0.0,0,0,0.0,0,0
poorly_conditioned,outlier_strong,retarded_ekf,True,0.0,100,0,100,0.0,0.0,0.03699349820698568,0,0.0,0.0,0.03699349820698568,"{""not_initialized"": 100}",nan,nan,nan,nan,0,100,nan,nan,nan,0.0,0.0,0.03699349820698568,0,linear,whole_base_sequence,nan,nan,6,0,0,nan,nan,nan,2,True,2.4941999290604143e-05,0.0,nan,nan,nan,nan,nan,True,True,False,45.0,45,45,45.0,45,45,0.0,0,0,0.0,0,0,0.0,0,0,0.0,0,0,0.0,0,0,0.0,0,0,0.0,0,0,0.0,0,0
poorly_conditioned,outlier_strong,retarded_ekf,True,0.5,100,0,100,0.0,0.0,0.03699349820698568,0,0.0,0.0,0.03699349820698568,"{""not_initialized"": 100}",nan,nan,nan,nan,0,100,nan,nan,nan,0.0,0.0,0.03699349820698568,0,linear,whole_base_sequence,nan,nan,6,0,0,nan,nan,nan,2,True,1.3860999897588045e-05,0.0,nan,nan,nan,nan,nan,True,True,False,45.0,45,45,45.0,45,45,0.0,0,0,0.0,0,0,0.0,0,0,0.0,0,0,0.0,0,0,0.0,0,0,0.0,0,0,0.0,0,0
poorly_conditioned,outlier_strong,retarded_ekf,True,1.0,100,0,100,0.0,0.0,0.03699349820698568,0,0.0,0.0,0.03699349820698568,"{""not_initialized"": 100}",nan,nan,nan,nan,0,100,nan,nan,nan,0.0,0.0,0.03699349820698568,0,linear,whole_base_sequence,nan,nan,6,0,0,nan,nan,nan,2,True,0.00017749599937815218,0.0,nan,nan,nan,nan,0.9980244500028004,True,True,False,45.0,45,45,45.0,45,45,0.0,0,0,1.79,0,3,0.0,0,0,0.0,0,0,0.0,0,0,0.0,0,0,0.0,0,0,1.79,0,3
poorly_conditioned,outlier_strong,retarded_ekf,True,1.5,100,0,100,0.0,0.0,0.03699349820698568,0,0.0,0.0,0.03699349820698568,"{""not_initialized"": 100}",nan,nan,nan,nan,0,100,nan,nan,nan,0.0,0.0,0.03699349820698568,0,linear,whole_base_sequence,nan,nan,6,0,0,nan,nan,nan,2,True,0.00021205899771302938,0.0,nan,nan,nan,nan,1.4964500178359175,True,True,False,45.0,45,45,45.0,45,45,0.0,0,0,3.19,3,4,0.0,0,0,0.0,0,0,0.0,0,0,0.0,0,0,0.0,0,0,3.19,3,4
poorly_conditioned,outlier_strong,retarded_ekf,True,10.0,100,53,47,0.53,0.4328885697009936,0.6248918204065872,53,0.53,0.4328885697009936,0.6248918204065872,"{""initialization_failed:initialization_quality_gate_failed"": 42, ""initialization_failed:projected_kkt_not_satisfied"": 5}",5.342795303958534,8.837698998610083,0.7604245035950905,1.3556025514145074,53,100,0.03773584905660377,0.010410287275826845,0.12754287197418354,0.02,0.00550196755016235,0.07001179072854388,2,linear,whole_base_sequence,779.7136647412159,1949.7046941545123,6,143,0,309.0441535256586,2629.72329255253,0.2867132867132867,2,True,0.38138628300104754,0.0011752849994809368,0.0,0.00015328298982016824,539.0319709617797,786.4913342531173,9.989789698436592,True,True,False,45.0,45,45,45.0,45,45,0.0,0,0,35.74,35,36,21.9,6,36,6.11,6,8,15.79,0,30,0.0,0,0,0.0,0,0,13.84,0,30
poorly_conditioned,outlier_strong,retarded_ekf,True,10.5,100,53,47,0.53,0.4328885697009936,0.6248918204065872,53,0.53,0.4328885697009936,0.6248918204065872,"{""initialization_failed:initialization_quality_gate_failed"": 40, ""initialization_failed:projected_kkt_not_satisfied"": 7}",5.410239395352674,8.793016418577752,0.7247841978592064,1.2620211878863319,53,100,0.03773584905660377,0.010410287275826845,0.12754287197418354,0.02,0.00550196755016235,0.07001179072854388,2,linear,whole_base_sequence,766.7085701436221,1852.8864316671181,6,68,0,311.20774489598205,2070.6595780366065,0.23529411764705882,2,True,0.25645448699913687,0.0005674120000912808,0.0,0.00013303325891588102,627.0247713929549,960.9350996424862,10.498609775121441,True,True,False,45.0,45,45,45.0,45,45,0.0,0,0,37.15,36,38,22.58,6,38,6.11,6,8,16.47,0,32,0.0,0,0,0.0,0,0,14.57,0,32
poorly_conditioned,outlier_strong,retarded_ekf,True,11.0,100,53,47,0.53,0.4328885697009936,0.6248918204065872,53,0.53,0.4328885697009936,0.6248918204065872,"{""initialization_failed:initialization_quality_gate_failed"": 41, ""initialization_failed:projected_kkt_not_satisfied"": 6}",5.004513511129136,7.682359424087506,0.6564416537467005,1.0556443708584204,53,100,0.03773584905660377,0.010410287275826845,0.12754287197418354,0.02,0.00550196755016235,0.07001179072854388,2,linear,whole_base_sequence,784.5617040852974,1866.704750086905,6,102,0,224.56033961634117,1896.6854684668735,0.21568627450980393,2,True,0.3156236849990091,0.0008530220005195588,0.0,0.00011634494762437607,665.2569003440611,1034.2125589164502,10.919532383859073,True,True,False,45.0,45,45,45.0,45,45,0.0,0,0,39.0,39,39,23.6,6,39,6.11,6,8,17.49,0,33,0.0,0,0,0.0,0,0,15.4,0,33
poorly_conditioned,outlier_strong,retarded_ekf,True,11.5,100,53,47,0.53,0.4328885697009936,0.6248918204065872,53,0.53,0.4328885697009936,0.6248918204065872,"{""initialization_failed:initialization_quality_gate_failed"": 39, ""initialization_failed:projected_kkt_not_satisfied"": 8}",5.006488634404788,9.880061897408767,0.6229556943735393,1.2356925874590616,53,100,0.03773584905660377,0.010410287275826845,0.12754287197418354,0.02,0.00550196755016235,0.07001179072854388,2,linear,whole_base_sequence,846.9925811067434,2854.4851092207837,6,118,0,325.9534654910933,2142.135142056308,0.2711864406779661,2,True,0.4495503180011292,0.0009754970006179064,0.0,0.0001024522889539661,735.9705909738693,1021.5519085037213,11.499339348942456,True,True,False,45.0,45,45,45.0,45,45,0.0,0,0,41.28,40,42,24.78,6,42,6.11,6,8,18.67,0,36,0.0,0,0,0.0,0,0,16.5,0,36
poorly_conditioned,outlier_strong,retarded_ekf,True,12.0,100,53,47,0.53,0.4328885697009936,0.6248918204065872,53,0.53,0.4328885697009936,0.6248918204065872,"{""initialization_failed:initialization_quality_gate_failed"": 37, ""initialization_failed:projected_kkt_not_satisfied"": 10}",4.952050498432857,10.27409515303802,0.5897901368768208,1.1933821411571732,53,100,0.03773584905660377,0.010410287275826845,0.12754287197418354,0.02,0.00550196755016235,0.07001179072854388,2,linear,whole_base_sequence,822.9761107363843,2629.1559508520313,6,67,0,275.9172269958153,2331.893086590055,0.373134328358209,2,True,0.2297759519991814,0.0005291959983878769,0.0,9.078825336867809e-05,849.1503874502416,1248.510762592213,11.997967432491361,True,True,False,45.0,45,45,45.0,45,45,0.0,0,0,42.5,42,44,25.45,6,44,6.11,6,8,19.34,0,38,0.0,0,0,0.0,0,0,17.05,0,38
poorly_conditioned,outlier_strong,retarded_ekf,True,12.5,100,53,47,0.53,0.4328885697009936,0.6248918204065872,53,0.53,0.4328885697009936,0.6248918204065872,"{""initialization_failed:initialization_quality_gate_failed"": 35, ""initialization_failed:projected_kkt_not_satisfied"": 12}",4.282819180469764,7.688912231684963,0.505561328178723,0.9109376933278966,53,100,0.03773584905660377,0.010410287275826845,0.12754287197418354,0.02,0.00550196755016235,0.07001179072854388,2,linear,whole_base_sequence,731.9124366620277,2293.2991490435447,6,130,0,202.5767484140813,1625.2279436243105,0.27692307692307694,2,True,0.5087524359996314,0.0010526270006084816,0.0,8.089957361507323e-05,879.2130824218256,1309.6391596433286,12.499319060207084,True,True,False,45.0,45,45,45.0,45,45,0.0,0,0,44.96,44,45,26.75,6,45,6.11,6,8,20.64,0,39,0.0,0,0,0.0,0,0,18.21,0,39
poorly_conditioned,outlier_strong,retarded_ekf,True,14.5,100,53,47,0.53,0.4328885697009936,0.6248918204065872,53,0.53,0.4328885697009936,0.6248918204065872,"{""initialization_failed:initialization_quality_gate_failed"": 35, ""initialization_failed:projected_kkt_not_satisfied"": 12}",5.094362160314483,9.2418948771084,0.50050724679304,0.9109376933278966,53,100,0.03773584905660377,0.010410287275826845,0.12754287197418354,0.02,0.00550196755016235,0.07001179072854388,2,linear,whole_base_sequence,727.294683078686,2293.299149043543,6,3,0,84.95572109371464,167.0844784820408,0.0,2,True,0.004539436000923161,2.419999975245446e-05,0.0,5.355443942730286e-05,2083.7681910446436,3039.464357163511,12.518298918608764,True,True,False,45.0,45,45,45.0,45,45,0.0,0,0,45.0,45,45,26.78,6,45,6.11,6,8,20.67,0,39,0.0,0,0,0.0,0,0,18.22,0,39
poorly_conditioned,outlier_strong,retarded_ekf,True,2.0,100,38,62,0.38,0.29097599252478734,0.47790244704488916,38,0.38,0.29097599252478734,0.47790244704488916,"{""initialization_failed:initialization_quality_gate_failed"": 37, ""initialization_failed:projected_kkt_not_satisfied"": 1, ""not_initialized"": 24}",7.300486718951104,7.126851937817294,7.054943990323425,5.486566033919104,38,100,0.868421052631579,0.7267314055770869,0.9424613230987987,0.33,0.24563122734128034,0.4269465620490947,33,linear,whole_base_sequence,176.5872334790125,485.9938000206048,6,0,0,nan,nan,nan,2,True,0.05338051299739163,0.0,0.0,0.02186619074838811,112.83576803708682,123.04913541452002,1.9974613505584822,True,True,False,45.0,45,45,45.0,45,45,0.0,0,0,5.76,5,6,4.5,0,6,4.5,0,6,0.0,0,0,0.0,0,0,0.0,0,0,1.26,0,6
poorly_conditioned,outlier_strong,retarded_ekf,True,2.5,100,53,47,0.53,0.4328885697009936,0.6248918204065872,53,0.53,0.4328885697009936,0.6248918204065872,"{""initialization_failed:initialization_quality_gate_failed"": 45, ""initialization_failed:projected_kkt_not_satisfied"": 2}",10.972148346608941,25.752114736579138,7.091142071592412,14.767105765060103,53,100,0.8113207547169812,0.6864154091329746,0.8941467489231409,0.43,0.33733298524110106,0.5278461045078768,43,linear,whole_base_sequence,276.5345302904141,2098.59560977404,6,56,0,169.70738610058274,962.9983097025712,0.7857142857142857,2,True,0.06179495200049132,0.00043216200108872724,0.0,0.012426574207847279,136.9963599188466,297.21539422158907,2.495801938814801,True,True,False,45.0,45,45,45.0,45,45,0.0,0,0,7.06,6,8,6.67,6,8,6.11,6,8,0.56,0,2,0.0,0,0,0.0,0,0,0.39,0,2
poorly_conditioned,outlier_strong,retarded_ekf,True,3.0,100,53,47,0.53,0.4328885697009936,0.6248918204065872,53,0.53,0.4328885697009936,0.6248918204065872,"{""initialization_failed:initialization_quality_gate_failed"": 44, ""initialization_failed:projected_kkt_not_satisfied"": 3}",14.124826842240381,32.383167428065,6.572606396358451,14.88234481930914,53,100,0.6226415094339622,0.4880689594175337,0.7406373452712388,0.33,0.24563122734128034,0.4269465620490947,33,linear,whole_base_sequence,448.4573246703303,2087.0563226998856,6,103,0,221.25607906626402,1304.0342554538706,0.7087378640776699,2,True,0.09282613799994578,0.0008525950004695914,0.0,0.007213999523341981,147.3476962740249,214.91766888298113,2.919467157505566,True,True,False,45.0,45,45,45.0,45,45,0.0,0,0,9.0,9,9,7.7,6,9,6.11,6,8,1.59,0,3,0.0,0,0,0.0,0,0,1.3,0,3
poorly_conditioned,outlier_strong,retarded_ekf,True,3.5,100,53,47,0.53,0.4328885697009936,0.6248918204065872,53,0.53,0.4328885697009936,0.6248918204065872,"{""initialization_failed:initialization_quality_gate_failed"": 36, ""initialization_failed:projected_kkt_not_satisfied"": 11}",11.044747623937713,20.948622331025234,4.296728810869274,8.392402037870696,53,100,0.4716981132075472,0.3438224347819615,0.603399187212937,0.25,0.17545211362287672,0.34304463548061603,25,linear,whole_base_sequence,472.78584063246177,1725.2845512976296,6,118,0,236.92806107287143,1207.9714550266094,0.5423728813559322,2,True,0.13114098200050647,0.0009666229991125875,0.0,0.004433508751557804,157.11424498938737,212.76580007138867,3.4982209701726212,True,True,False,45.0,45,45,45.0,45,45,0.0,0,0,11.25,10,12,8.88,6,12,6.11,6,8,2.77,0,6,0.0,0,0,0.0,0,0,2.37,0,6
poorly_conditioned,outlier_strong,retarded_ekf,True,4.0,100,53,47,0.53,0.4328885697009936,0.6248918204065872,53,0.53,0.4328885697009936,0.6248918204065872,"{""initialization_failed:initialization_quality_gate_failed"": 41, ""initialization_failed:projected_kkt_not_satisfied"": 6}",10.166604742968632,21.648245399301423,3.3395446216886007,7.877759040538654,53,100,0.39622641509433965,0.27589406738001676,0.5305852132679447,0.21,0.141656540619153,0.29979968834089865,21,linear,whole_base_sequence,440.41572508331546,1471.3699190352986,6,68,0,149.4858744095824,557.0835272551047,0.4411764705882353,2,True,0.0792570579997846,0.000527530999679584,0.0,0.0028857933428849797,201.01270108404796,303.2118181421236,3.9975016630794027,True,True,False,45.0,45,45,45.0,45,45,0.0,0,0,12.51,12,14,9.56,6,14,6.11,6,8,3.45,0,8,0.0,0,0,0.0,0,0,2.95,0,8
poorly_conditioned,outlier_strong,retarded_ekf,True,4.5,100,53,47,0.53,0.4328885697009936,0.6248918204065872,53,0.53,0.4328885697009936,0.6248918204065872,"{""initialization_failed:initialization_quality_gate_failed"": 39, ""initialization_failed:projected_kkt_not_satisfied"": 8}",7.917744819237673,15.584917216140992,2.389889967282094,4.913215655055718,53,100,0.33962264150943394,0.22687039101324172,0.4740521336245169,0.18,0.1170022549894635,0.2666735838630073,18,linear,whole_base_sequence,499.623759031513,1563.2048200361571,6,130,0,258.404776479282,1384.9626453910357,0.4230769230769231,2,True,0.17751203800085932,0.001018990000593476,0.0,0.0019200268862656755,174.0140044324205,261.89030346346016,4.496681836145486,True,True,False,45.0,45,45,45.0,45,45,0.0,0,0,14.96,14,15,10.86,6,15,6.11,6,8,4.75,0,9,0.0,0,0,0.0,0,0,4.1,0,9
poorly_conditioned,outlier_strong,retarded_ekf,True,5.0,100,53,47,0.53,0.4328885697009936,0.6248918204065872,53,0.53,0.4328885697009936,0.6248918204065872,"{""initialization_failed:initialization_quality_gate_failed"": 43, ""initialization_failed:projected_kkt_not_satisfied"": 4}",7.833518278120323,13.94093073981569,2.123998831496485,4.388409869700999,53,100,0.2830188679245283,0.1796629044633857,0.4157028641641701,0.15,0.0930598528365663,0.23283559590832364,15,linear,whole_base_sequence,576.8026635651315,2623.2358882130234,6,94,0,226.14129104743947,1706.511454373711,0.3829787234042553,2,True,0.15255725599912695,0.0007816020020982251,0.0,0.001354305159457731,225.42488668871465,302.26531994926654,4.997797684238566,True,True,False,45.0,45,45,45.0,45,45,0.0,0,0,16.77,16,18,11.8,6,18,6.11,6,8,5.69,0,12,0.0,0,0,0.0,0,0,4.97,0,12
poorly_conditioned,outlier_strong,retarded_ekf,True,5.5,100,53,47,0.53,0.4328885697009936,0.6248918204065872,53,0.53,0.4328885697009936,0.6248918204065872,"{""initialization_failed:initialization_quality_gate_failed"": 41, ""initialization_failed:projected_kkt_not_satisfied"": 6}",8.316818429412189,13.838143756655446,2.068646359877135,3.66183031296392,53,100,0.24528301886792453,0.14932902108056811,0.3756655768735192,0.13,0.07757167427240512,0.20980351440076428,13,linear,whole_base_sequence,630.7410650195512,2797.2983184452924,6,84,0,238.52699800585577,1624.1199042505752,0.39285714285714285,2,True,0.11019451899919659,0.0006820040018646978,0.0,0.0009815676668485957,254.20142047757378,324.9833685678691,5.494821468465719,True,True,False,45.0,45,45,45.0,45,45,0.0,0,0,18.21,18,19,12.64,6,19,6.11,6,8,6.53,0,13,0.0,0,0,0.0,0,0,5.57,0,13
poorly_conditioned,outlier_strong,retarded_ekf,True,6.0,100,53,47,0.53,0.4328885697009936,0.6248918204065872,53,0.53,0.4328885697009936,0.6248918204065872,"{""initialization_failed:initialization_quality_gate_failed"": 38, ""initialization_failed:projected_kkt_not_satisfied"": 9}",6.877919299206716,11.97586037212295,1.6003814876740436,3.064114192823536,53,100,0.16981132075471697,0.09199945379618975,0.2922528028109605,0.09,0.04807254000256516,0.1622621285271631,9,linear,whole_base_sequence,632.3539168182881,2169.3919262495065,6,125,0,309.0892103602889,2366.5295568728325,0.32,2,True,0.2529028429996106,0.0009672270016744733,0.0,0.0007373865383808009,243.03003974855747,403.65714169189505,5.998694141125537,True,True,False,45.0,45,45,45.0,45,45,0.0,0,0,20.71,20,21,13.89,6,21,6.11,6,8,7.78,0,15,0.0,0,0,0.0,0,0,6.82,0,15
poorly_conditioned,outlier_strong,retarded_ekf,True,6.5,100,53,47,0.53,0.4328885697009936,0.6248918204065872,53,0.53,0.4328885697009936,0.6248918204065872,"{""initialization_failed:initialization_quality_gate_failed"": 38, ""initialization_failed:projected_kkt_not_satisfied"": 9}",7.323627423892081,12.597475204150063,1.5784584555111874,2.962706184694265,53,100,0.1509433962264151,0.07852417850846262,0.27054249276195336,0.08,0.041093461484380624,0.14998107700948735,8,linear,whole_base_sequence,686.6272416422951,2072.547759950496,6,60,0,361.65135626986273,1877.551190552436,0.3333333333333333,2,True,0.12175638600048842,0.0004725979993236251,0.0,0.0005708176984614584,326.7440721581399,512.0953681651669,6.497316090988757,True,True,False,45.0,45,45,45.0,45,45,0.0,0,0,21.86,21,23,14.49,6,23,6.11,6,8,8.38,0,17,0.0,0,0,0.0,0,0,7.37,0,17
poorly_conditioned,outlier_strong,retarded_ekf,True,7.0,100,53,47,0.53,0.4328885697009936,0.6248918204065872,53,0.53,0.4328885697009936,0.6248918204065872,"{""initialization_failed:initialization_quality_gate_failed"": 40, ""initialization_failed:projected_kkt_not_satisfied"": 7}",6.293044206095166,11.990299917556614,1.2703856543341518,2.325452517777856,53,100,0.1320754716981132,0.06547853284463252,0.24840255308904924,0.07,0.03431926106727268,0.137495147390735,7,linear,whole_base_sequence,666.9298164244668,2062.41221993462,6,116,0,180.5059586514839,782.1772050649947,0.33620689655172414,2,True,0.2288488240010338,0.0009057980007492006,0.0,0.0004510065188078781,328.84292083309566,454.00307069845957,6.916259984169404,True,True,False,45.0,45,45,45.0,45,45,0.0,0,0,24.0,24,24,15.65,6,24,6.11,6,8,9.54,0,18,0.0,0,0,0.0,0,0,8.35,0,18
poorly_conditioned,outlier_strong,retarded_ekf,True,7.5,100,53,47,0.53,0.4328885697009936,0.6248918204065872,53,0.53,0.4328885697009936,0.6248918204065872,"{""initialization_failed:initialization_quality_gate_failed"": 39, ""initialization_failed:projected_kkt_not_satisfied"": 8}",6.039653981837977,10.603862493397058,1.163938891605693,2.011791223646091,53,100,0.09433962264150944,0.04097264149725047,0.20253727376296274,0.05,0.02154367915436796,0.11175046923191913,5,linear,whole_base_sequence,664.457102499577,1825.8294588310434,6,119,0,330.9747316873066,2501.147983244545,0.2773109243697479,2,True,0.3005655259997002,0.0009504929996910505,0.0,0.0003641333859067741,379.2621638893546,492.011323785775,7.49663367385701,True,True,False,45.0,45,45,45.0,45,45,0.0,0,0,26.35,25,27,16.84,6,27,6.11,6,8,10.73,0,21,0.0,0,0,0.0,0,0,9.51,0,21
poorly_conditioned,outlier_strong,retarded_ekf,True,8.0,100,53,47,0.53,0.4328885697009936,0.6248918204065872,53,0.53,0.4328885697009936,0.6248918204065872,"{""initialization_failed:initialization_quality_gate_failed"": 41, ""initialization_failed:projected_kkt_not_satisfied"": 6}",5.799424771662626,8.723231704811392,1.0470607520010597,1.8525661905323756,53,100,0.09433962264150944,0.04097264149725047,0.20253727376296274,0.05,0.02154367915436796,0.11175046923191913,5,linear,whole_base_sequence,658.28698246647,1736.0621211072228,6,76,0,252.03669800688175,1940.069780490735,0.25,2,True,0.13539181599888253,0.0006105059993569739,0.0,0.0002983697110843871,415.8444943723817,606.0408710297189,7.997989549354098,True,True,False,45.0,45,45,45.0,45,45,0.0,0,0,27.6,27,29,17.6,6,29,6.11,6,8,11.49,0,23,0.0,0,0,0.0,0,0,10.0,0,23
poorly_conditioned,outlier_strong,retarded_ekf,True,8.5,100,53,47,0.53,0.4328885697009936,0.6248918204065872,53,0.53,0.4328885697009936,0.6248918204065872,"{""initialization_failed:initialization_quality_gate_failed"": 40, ""initialization_failed:projected_kkt_not_satisfied"": 7}",6.156403783976909,12.95926228694335,1.0478638008004904,2.066536273766953,53,100,0.07547169811320754,0.0297395550869467,0.17858477483653223,0.04,0.01566330399154762,0.0983707143588792,4,linear,whole_base_sequence,718.8994044613913,2041.7212780666607,6,121,0,244.283768508275,1919.5551333131098,0.2396694214876033,2,True,0.32929000499949324,0.0009868699984508567,0.0,0.0002481762957935391,409.78032832826875,590.1733564190727,8.499101501616938,True,True,False,45.0,45,45,45.0,45,45,0.0,0,0,29.96,29,30,18.81,6,30,6.11,6,8,12.7,0,24,0.0,0,0,0.0,0,0,11.15,0,24
poorly_conditioned,outlier_strong,retarded_ekf,True,9.0,100,53,47,0.53,0.4328885697009936,0.6248918204065872,53,0.53,0.4328885697009936,0.6248918204065872,"{""initialization_failed:initialization_quality_gate_failed"": 40, ""initialization_failed:projected_kkt_not_satisfied"": 7}",6.26036016353738,12.204870744465099,0.9776960407553528,1.9248697776996313,53,100,0.07547169811320754,0.0297395550869467,0.17858477483653223,0.04,0.01566330399154762,0.0983707143588792,4,linear,whole_base_sequence,777.6840072985984,2253.0819750538612,6,99,0,247.7200869159667,2383.043990856747,0.3434343434343434,2,True,0.27383668500056957,0.0007886520016472787,0.0,0.00020910864473473067,474.1664887285107,602.4541419075364,8.999106114578835,True,True,False,45.0,45,45,45.0,45,45,0.0,0,0,31.83,30,33,19.8,6,33,6.11,6,8,13.69,0,27,0.0,0,0,0.0,0,0,12.03,0,27
poorly_conditioned,outlier_strong,retarded_ekf,True,9.5,100,53,47,0.53,0.4328885697009936,0.6248918204065872,53,0.53,0.4328885697009936,0.6248918204065872,"{""initialization_failed:initialization_quality_gate_failed"": 43, ""initialization_failed:projected_kkt_not_satisfied"": 4}",6.130439444872453,10.725338208401395,0.9117688907381034,1.5799127633958407,53,100,0.07547169811320754,0.0297395550869467,0.17858477483653223,0.04,0.01566330399154762,0.0983707143588792,4,linear,whole_base_sequence,777.8766501904307,2112.039214505804,6,67,0,411.7478073533614,2981.4440055695186,0.16417910447761194,2,True,0.22634027800057083,0.000544641001324635,0.0,0.0001781839528463289,522.9300762626212,801.7234916916638,9.49477757693301,True,True,False,45.0,45,45,45.0,45,45,0.0,0,0,33.2,33,34,20.47,6,34,6.11,6,8,14.36,0,28,0.0,0,0,0.0,0,0,12.73,0,28
