processing_time_s,estimator_variant,valid,confirmed,status,failure_reason,truth_position_x_m,truth_position_y_m,truth_position_z_m,estimate_position_x_m,estimate_position_y_m,estimate_position_z_m,position_error_m,velocity_error_mps,state_nees,valid_and_covered,reset_count,publication_motion_phase_evaluator_only,last_accepted_update_processing_time_s,time_since_last_accepted_update_s,correction_status,truth_used_by_tracker,batch_optimization_count,batch_optimization_budget,split,source_model_comparison,paired_recording_id,paired_session_id,paired_origin_asset_id,snr_db,trajectory_kind,sequence_seed,duration_s,frame_length_samples,hop_length_samples,tracker_frame_stride,qc_alpha_m2_s3,calibration_source_model,calibration_selection_keys,result_scope
0.5313125,all_6_equal_gcc_wls,False,False,uninitialized,initialization_failed:no_observable_hypothesis,73.7191875,53.4060625,40.79696875,nan,nan,nan,nan,nan,nan,False,0,before_manoeuvre,nan,nan,prediction_without_correction,False,0,4,evaluation,recorded_source_approximation,freesound-383904-simeonradivoev-mini-quadcopter,simeonradivoev-mini-quadcopter-raw-speed-takes,freesound:383904,-6.0,constant_velocity,7051807767926021858,4.5,1024,512,64,1.0,recorded_source_approximation,station_id|estimator_variant|source_model,held_out_independent_recording_tracking_feasibility
0.5463125,all_6_equal_gcc_wls,False,False,uninitialized,initialization_failed:no_observable_hypothesis,73.8241875,53.3610625,40.81946875,nan,nan,nan,nan,nan,nan,False,0,before_manoeuvre,nan,nan,prediction_without_correction,False,0,4,evaluation,recorded_source_approximation,freesound-383904-simeonradivoev-mini-quadcopter,simeonradivoev-mini-quadcopter-raw-speed-takes,freesound:383904,-6.0,constant_velocity,7051807767926021858,4.5,1024,512,64,1.0,recorded_source_approximation,station_id|estimator_variant|source_model,held_out_independent_recording_tracking_feasibility
0.5613125,all_6_equal_gcc_wls,False,False,uninitialized,initialization_failed:no_observable_hypothesis,73.9291875,53.3160625,40.84196875,nan,nan,nan,nan,nan,nan,False,0,before_manoeuvre,nan,nan,prediction_without_correction,False,0,4,evaluation,recorded_source_approximation,freesound-383904-simeonradivoev-mini-quadcopter,simeonradivoev-mini-quadcopter-raw-speed-takes,freesound:383904,-6.0,constant_velocity,7051807767926021858,4.5,1024,512,64,1.0,recorded_source_approximation,station_id|estimator_variant|source_model,held_out_independent_recording_tracking_feasibility
1.2139791666666666,all_6_equal_gcc_wls,False,False,uninitialized,initialization_failed:no_observable_hypothesis,78.49785416666667,51.3580625,41.82096875,nan,nan,nan,nan,nan,nan,False,0,before_manoeuvre,nan,nan,prediction_without_correction,False,0,4,evaluation,recorded_source_approximation,freesound-383904-simeonradivoev-mini-quadcopter,simeonradivoev-mini-quadcopter-raw-speed-takes,freesound:383904,-6.0,constant_velocity,7051807767926021858,4.5,1024,512,64,1.0,recorded_source_approximation,station_id|estimator_variant|source_model,held_out_independent_recording_tracking_feasibility
1.2289791666666665,all_6_equal_gcc_wls,False,False,uninitialized,initialization_failed:no_observable_hypothesis,78.60285416666666,51.3130625,41.84346875,nan,nan,nan,nan,nan,nan,False,0,before_manoeuvre,nan,nan,prediction_without_correction,False,0,4,evaluation,recorded_source_approximation,freesound-383904-simeonradivoev-mini-quadcopter,simeonradivoev-mini-quadcopter-raw-speed-takes,freesound:383904,-6.0,constant_velocity,7051807767926021858,4.5,1024,512,64,1.0,recorded_source_approximation,station_id|estimator_variant|source_model,held_out_independent_recording_tracking_feasibility
1.2439791666666666,all_6_equal_gcc_wls,False,False,uninitialized,initialization_failed:no_observable_hypothesis,78.70785416666666,51.2680625,41.86596875,nan,nan,nan,nan,nan,nan,False,0,before_manoeuvre,nan,nan,prediction_without_correction,False,1,4,evaluation,recorded_source_approximation,freesound-383904-simeonradivoev-mini-quadcopter,simeonradivoev-mini-quadcopter-raw-speed-takes,freesound:383904,-6.0,constant_velocity,7051807767926021858,4.5,1024,512,64,1.0,recorded_source_approximation,station_id|estimator_variant|source_model,held_out_independent_recording_tracking_feasibility
1.8966458333333334,all_6_equal_gcc_wls,False,False,computational_budget_exceeded,computational_budget_exceeded,83.27652083333334,49.3100625,42.84496875,nan,nan,nan,nan,nan,nan,False,0,before_manoeuvre,nan,nan,prediction_without_correction,False,4,4,evaluation,recorded_source_approximation,freesound-383904-simeonradivoev-mini-quadcopter,simeonradivoev-mini-quadcopter-raw-speed-takes,freesound:383904,-6.0,constant_velocity,7051807767926021858,4.5,1024,512,64,1.0,recorded_source_approximation,station_id|estimator_variant|source_model,held_out_independent_recording_tracking_feasibility
1.9116458333333333,all_6_equal_gcc_wls,False,False,computational_budget_exceeded,computational_budget_exceeded,83.38152083333333,49.2650625,42.86746875,nan,nan,nan,nan,nan,nan,False,0,before_manoeuvre,nan,nan,prediction_without_correction,False,4,4,evaluation,recorded_source_approximation,freesound-383904-simeonradivoev-mini-quadcopter,simeonradivoev-mini-quadcopter-raw-speed-takes,freesound:383904,-6.0,constant_velocity,7051807767926021858,4.5,1024,512,64,1.0,recorded_source_approximation,station_id|estimator_variant|source_model,held_out_independent_recording_tracking_feasibility
1.9266458333333334,all_6_equal_gcc_wls,False,False,computational_budget_exceeded,computational_budget_exceeded,83.48652083333333,49.2200625,42.88996875,nan,nan,nan,nan,nan,nan,False,0,before_manoeuvre,nan,nan,prediction_without_correction,False,4,4,evaluation,recorded_source_approximation,freesound-383904-simeonradivoev-mini-quadcopter,simeonradivoev-mini-quadcopter-raw-speed-takes,freesound:383904,-6.0,constant_velocity,7051807767926021858,4.5,1024,512,64,1.0,recorded_source_approximation,station_id|estimator_variant|source_model,held_out_independent_recording_tracking_feasibility
2.5793125,all_6_equal_gcc_wls,False,False,computational_budget_exceeded,computational_budget_exceeded,88.0551875,47.2620625,43.86896875,nan,nan,nan,nan,nan,nan,False,0,during_manoeuvre,nan,nan,prediction_without_correction,False,4,4,evaluation,recorded_source_approximation,freesound-383904-simeonradivoev-mini-quadcopter,simeonradivoev-mini-quadcopter-raw-speed-takes,freesound:383904,-6.0,constant_velocity,7051807767926021858,4.5,1024,512,64,1.0,recorded_source_approximation,station_id|estimator_variant|source_model,held_out_independent_recording_tracking_feasibility
2.5943125,all_6_equal_gcc_wls,False,False,computational_budget_exceeded,computational_budget_exceeded,88.1601875,47.2170625,43.89146875,nan,nan,nan,nan,nan,nan,False,0,during_manoeuvre,nan,nan,prediction_without_correction,False,4,4,evaluation,recorded_source_approximation,freesound-383904-simeonradivoev-mini-quadcopter,simeonradivoev-mini-quadcopter-raw-speed-takes,freesound:383904,-6.0,constant_velocity,7051807767926021858,4.5,1024,512,64,1.0,recorded_source_approximation,station_id|estimator_variant|source_model,held_out_independent_recording_tracking_feasibility
2.6093124999999997,all_6_equal_gcc_wls,False,False,computational_budget_exceeded,computational_budget_exceeded,88.2651875,47.1720625,43.91396875,nan,nan,nan,nan,nan,nan,False,0,during_manoeuvre,nan,nan,prediction_without_correction,False,4,4,evaluation,recorded_source_approximation,freesound-383904-simeonradivoev-mini-quadcopter,simeonradivoev-mini-quadcopter-raw-speed-takes,freesound:383904,-6.0,constant_velocity,7051807767926021858,4.5,1024,512,64,1.0,recorded_source_approximation,station_id|estimator_variant|source_model,held_out_independent_recording_tracking_feasibility
3.2619791666666664,all_6_equal_gcc_wls,False,False,computational_budget_exceeded,computational_budget_exceeded,92.83385416666667,45.2140625,44.89296875,nan,nan,nan,nan,nan,nan,False,0,during_manoeuvre,nan,nan,prediction_without_correction,False,4,4,evaluation,recorded_source_approximation,freesound-383904-simeonradivoev-mini-quadcopter,simeonradivoev-mini-quadcopter-raw-speed-takes,freesound:383904,-6.0,constant_velocity,7051807767926021858,4.5,1024,512,64,1.0,recorded_source_approximation,station_id|estimator_variant|source_model,held_out_independent_recording_tracking_feasibility
3.2769791666666666,all_6_equal_gcc_wls,False,False,computational_budget_exceeded,computational_budget_exceeded,92.93885416666666,45.1690625,44.91546875,nan,nan,nan,nan,nan,nan,False,0,during_manoeuvre,nan,nan,prediction_without_correction,False,4,4,evaluation,recorded_source_approximation,freesound-383904-simeonradivoev-mini-quadcopter,simeonradivoev-mini-quadcopter-raw-speed-takes,freesound:383904,-6.0,constant_velocity,7051807767926021858,4.5,1024,512,64,1.0,recorded_source_approximation,station_id|estimator_variant|source_model,held_out_independent_recording_tracking_feasibility
3.2919791666666662,all_6_equal_gcc_wls,False,False,computational_budget_exceeded,computational_budget_exceeded,93.04385416666666,45.1240625,44.937968749999996,nan,nan,nan,nan,nan,nan,False,0,during_manoeuvre,nan,nan,prediction_without_correction,False,4,4,evaluation,recorded_source_approximation,freesound-383904-simeonradivoev-mini-quadcopter,simeonradivoev-mini-quadcopter-raw-speed-takes,freesound:383904,-6.0,constant_velocity,7051807767926021858,4.5,1024,512,64,1.0,recorded_source_approximation,station_id|estimator_variant|source_model,held_out_independent_recording_tracking_feasibility
3.944645833333333,all_6_equal_gcc_wls,False,False,computational_budget_exceeded,computational_budget_exceeded,97.61252083333333,43.1660625,45.91696875,nan,nan,nan,nan,nan,nan,False,0,after_manoeuvre,nan,nan,prediction_without_correction,False,4,4,evaluation,recorded_source_approximation,freesound-383904-simeonradivoev-mini-quadcopter,simeonradivoev-mini-quadcopter-raw-speed-takes,freesound:383904,-6.0,constant_velocity,7051807767926021858,4.5,1024,512,64,1.0,recorded_source_approximation,station_id|estimator_variant|source_model,held_out_independent_recording_tracking_feasibility
3.959645833333333,all_6_equal_gcc_wls,False,False,computational_budget_exceeded,computational_budget_exceeded,97.71752083333334,43.1210625,45.93946875,nan,nan,nan,nan,nan,nan,False,0,after_manoeuvre,nan,nan,prediction_without_correction,False,4,4,evaluation,recorded_source_approximation,freesound-383904-simeonradivoev-mini-quadcopter,simeonradivoev-mini-quadcopter-raw-speed-takes,freesound:383904,-6.0,constant_velocity,7051807767926021858,4.5,1024,512,64,1.0,recorded_source_approximation,station_id|estimator_variant|source_model,held_out_independent_recording_tracking_feasibility
3.9746458333333328,all_6_equal_gcc_wls,False,False,computational_budget_exceeded,computational_budget_exceeded,97.82252083333333,43.076062500000006,45.96196875,nan,nan,nan,nan,nan,nan,False,0,after_manoeuvre,nan,nan,prediction_without_correction,False,4,4,evaluation,recorded_source_approximation,freesound-383904-simeonradivoev-mini-quadcopter,simeonradivoev-mini-quadcopter-raw-speed-takes,freesound:383904,-6.0,constant_velocity,7051807767926021858,4.5,1024,512,64,1.0,recorded_source_approximation,station_id|estimator_variant|source_model,held_out_independent_recording_tracking_feasibility
4.6273124999999995,all_6_equal_gcc_wls,False,False,computational_budget_exceeded,computational_budget_exceeded,102.3911875,41.1180625,46.940968749999996,nan,nan,nan,nan,nan,nan,False,0,after_manoeuvre,nan,nan,prediction_without_correction,False,4,4,evaluation,recorded_source_approximation,freesound-383904-simeonradivoev-mini-quadcopter,simeonradivoev-mini-quadcopter-raw-speed-takes,freesound:383904,-6.0,constant_velocity,7051807767926021858,4.5,1024,512,64,1.0,recorded_source_approximation,station_id|estimator_variant|source_model,held_out_independent_recording_tracking_feasibility
4.642312499999999,all_6_equal_gcc_wls,False,False,computational_budget_exceeded,computational_budget_exceeded,102.49618749999999,41.073062500000006,46.96346875,nan,nan,nan,nan,nan,nan,False,0,after_manoeuvre,nan,nan,prediction_without_correction,False,4,4,evaluation,recorded_source_approximation,freesound-383904-simeonradivoev-mini-quadcopter,simeonradivoev-mini-quadcopter-raw-speed-takes,freesound:383904,-6.0,constant_velocity,7051807767926021858,4.5,1024,512,64,1.0,recorded_source_approximation,station_id|estimator_variant|source_model,held_out_independent_recording_tracking_feasibility
4.6573125,all_6_equal_gcc_wls,False,False,computational_budget_exceeded,computational_budget_exceeded,102.6011875,41.028062500000004,46.98596875,nan,nan,nan,nan,nan,nan,False,0,after_manoeuvre,nan,nan,prediction_without_correction,False,4,4,evaluation,recorded_source_approximation,freesound-383904-simeonradivoev-mini-quadcopter,simeonradivoev-mini-quadcopter-raw-speed-takes,freesound:383904,-6.0,constant_velocity,7051807767926021858,4.5,1024,512,64,1.0,recorded_source_approximation,station_id|estimator_variant|source_model,held_out_independent_recording_tracking_feasibility
0.5313125,equal_weight_srp_phat,False,False,uninitialized,initialization_failed:no_observable_hypothesis,73.7191875,53.4060625,40.79696875,nan,nan,nan,nan,nan,nan,False,0,before_manoeuvre,nan,nan,prediction_without_correction,False,0,4,evaluation,recorded_source_approximation,freesound-383904-simeonradivoev-mini-quadcopter,simeonradivoev-mini-quadcopter-raw-speed-takes,freesound:383904,-6.0,constant_velocity,7051807767926021858,4.5,1024,512,64,1.0,recorded_source_approximation,station_id|estimator_variant|source_model,held_out_independent_recording_tracking_feasibility
0.5463125,equal_weight_srp_phat,False,False,uninitialized,initialization_failed:no_observable_hypothesis,73.8241875,53.3610625,40.81946875,nan,nan,nan,nan,nan,nan,False,0,before_manoeuvre,nan,nan,prediction_without_correction,False,0,4,evaluation,recorded_source_approximation,freesound-383904-simeonradivoev-mini-quadcopter,simeonradivoev-mini-quadcopter-raw-speed-takes,freesound:383904,-6.0,constant_velocity,7051807767926021858,4.5,1024,512,64,1.0,recorded_source_approximation,station_id|estimator_variant|source_model,held_out_independent_recording_tracking_feasibility
0.5613125,equal_weight_srp_phat,False,False,uninitialized,initialization_failed:no_observable_hypothesis,73.9291875,53.3160625,40.84196875,nan,nan,nan,nan,nan,nan,False,0,before_manoeuvre,nan,nan,prediction_without_correction,False,0,4,evaluation,recorded_source_approximation,freesound-383904-simeonradivoev-mini-quadcopter,simeonradivoev-mini-quadcopter-raw-speed-takes,freesound:383904,-6.0,constant_velocity,7051807767926021858,4.5,1024,512,64,1.0,recorded_source_approximation,station_id|estimator_variant|source_model,held_out_independent_recording_tracking_feasibility
1.2139791666666666,equal_weight_srp_phat,False,False,uninitialized,initialization_failed:no_observable_hypothesis,78.49785416666667,51.3580625,41.82096875,nan,nan,nan,nan,nan,nan,False,0,before_manoeuvre,nan,nan,prediction_without_correction,False,0,4,evaluation,recorded_source_approximation,freesound-383904-simeonradivoev-mini-quadcopter,simeonradivoev-mini-quadcopter-raw-speed-takes,freesound:383904,-6.0,constant_velocity,7051807767926021858,4.5,1024,512,64,1.0,recorded_source_approximation,station_id|estimator_variant|source_model,held_out_independent_recording_tracking_feasibility
1.2289791666666665,equal_weight_srp_phat,False,False,uninitialized,initialization_failed:no_observable_hypothesis,78.60285416666666,51.3130625,41.84346875,nan,nan,nan,nan,nan,nan,False,0,before_manoeuvre,nan,nan,prediction_without_correction,False,0,4,evaluation,recorded_source_approximation,freesound-383904-simeonradivoev-mini-quadcopter,simeonradivoev-mini-quadcopter-raw-speed-takes,freesound:383904,-6.0,constant_velocity,7051807767926021858,4.5,1024,512,64,1.0,recorded_source_approximation,station_id|estimator_variant|source_model,held_out_independent_recording_tracking_feasibility
1.2439791666666666,equal_weight_srp_phat,False,False,uninitialized,initialization_failed:no_observable_hypothesis,78.70785416666666,51.2680625,41.86596875,nan,nan,nan,nan,nan,nan,False,0,before_manoeuvre,nan,nan,prediction_without_correction,False,1,4,evaluation,recorded_source_approximation,freesound-383904-simeonradivoev-mini-quadcopter,simeonradivoev-mini-quadcopter-raw-speed-takes,freesound:383904,-6.0,constant_velocity,7051807767926021858,4.5,1024,512,64,1.0,recorded_source_approximation,station_id|estimator_variant|source_model,held_out_independent_recording_tracking_feasibility
1.8966458333333334,equal_weight_srp_phat,False,False,computational_budget_exceeded,computational_budget_exceeded,83.27652083333334,49.3100625,42.84496875,nan,nan,nan,nan,nan,nan,False,0,before_manoeuvre,nan,nan,prediction_without_correction,False,4,4,evaluation,recorded_source_approximation,freesound-383904-simeonradivoev-mini-quadcopter,simeonradivoev-mini-quadcopter-raw-speed-takes,freesound:383904,-6.0,constant_velocity,7051807767926021858,4.5,1024,512,64,1.0,recorded_source_approximation,station_id|estimator_variant|source_model,held_out_independent_recording_tracking_feasibility
1.9116458333333333,equal_weight_srp_phat,False,False,computational_budget_exceeded,computational_budget_exceeded,83.38152083333333,49.2650625,42.86746875,nan,nan,nan,nan,nan,nan,False,0,before_manoeuvre,nan,nan,prediction_without_correction,False,4,4,evaluation,recorded_source_approximation,freesound-383904-simeonradivoev-mini-quadcopter,simeonradivoev-mini-quadcopter-raw-speed-takes,freesound:383904,-6.0,constant_velocity,7051807767926021858,4.5,1024,512,64,1.0,recorded_source_approximation,station_id|estimator_variant|source_model,held_out_independent_recording_tracking_feasibility
1.9266458333333334,equal_weight_srp_phat,False,False,computational_budget_exceeded,computational_budget_exceeded,83.48652083333333,49.2200625,42.88996875,nan,nan,nan,nan,nan,nan,False,0,before_manoeuvre,nan,nan,prediction_without_correction,False,4,4,evaluation,recorded_source_approximation,freesound-383904-simeonradivoev-mini-quadcopter,simeonradivoev-mini-quadcopter-raw-speed-takes,freesound:383904,-6.0,constant_velocity,7051807767926021858,4.5,1024,512,64,1.0,recorded_source_approximation,station_id|estimator_variant|source_model,held_out_independent_recording_tracking_feasibility
2.5793125,equal_weight_srp_phat,False,False,computational_budget_exceeded,computational_budget_exceeded,88.0551875,47.2620625,43.86896875,nan,nan,nan,nan,nan,nan,False,0,during_manoeuvre,nan,nan,prediction_without_correction,False,4,4,evaluation,recorded_source_approximation,freesound-383904-simeonradivoev-mini-quadcopter,simeonradivoev-mini-quadcopter-raw-speed-takes,freesound:383904,-6.0,constant_velocity,7051807767926021858,4.5,1024,512,64,1.0,recorded_source_approximation,station_id|estimator_variant|source_model,held_out_independent_recording_tracking_feasibility
2.5943125,equal_weight_srp_phat,False,False,computational_budget_exceeded,computational_budget_exceeded,88.1601875,47.2170625,43.89146875,nan,nan,nan,nan,nan,nan,False,0,during_manoeuvre,nan,nan,prediction_without_correction,False,4,4,evaluation,recorded_source_approximation,freesound-383904-simeonradivoev-mini-quadcopter,simeonradivoev-mini-quadcopter-raw-speed-takes,freesound:383904,-6.0,constant_velocity,7051807767926021858,4.5,1024,512,64,1.0,recorded_source_approximation,station_id|estimator_variant|source_model,held_out_independent_recording_tracking_feasibility
2.6093124999999997,equal_weight_srp_phat,False,False,computational_budget_exceeded,computational_budget_exceeded,88.2651875,47.1720625,43.91396875,nan,nan,nan,nan,nan,nan,False,0,during_manoeuvre,nan,nan,prediction_without_correction,False,4,4,evaluation,recorded_source_approximation,freesound-383904-simeonradivoev-mini-quadcopter,simeonradivoev-mini-quadcopter-raw-speed-takes,freesound:383904,-6.0,constant_velocity,7051807767926021858,4.5,1024,512,64,1.0,recorded_source_approximation,station_id|estimator_variant|source_model,held_out_independent_recording_tracking_feasibility
3.2619791666666664,equal_weight_srp_phat,False,False,computational_budget_exceeded,computational_budget_exceeded,92.83385416666667,45.2140625,44.89296875,nan,nan,nan,nan,nan,nan,False,0,during_manoeuvre,nan,nan,prediction_without_correction,False,4,4,evaluation,recorded_source_approximation,freesound-383904-simeonradivoev-mini-quadcopter,simeonradivoev-mini-quadcopter-raw-speed-takes,freesound:383904,-6.0,constant_velocity,7051807767926021858,4.5,1024,512,64,1.0,recorded_source_approximation,station_id|estimator_variant|source_model,held_out_independent_recording_tracking_feasibility
3.2769791666666666,equal_weight_srp_phat,False,False,computational_budget_exceeded,computational_budget_exceeded,92.93885416666666,45.1690625,44.91546875,nan,nan,nan,nan,nan,nan,False,0,during_manoeuvre,nan,nan,prediction_without_correction,False,4,4,evaluation,recorded_source_approximation,freesound-383904-simeonradivoev-mini-quadcopter,simeonradivoev-mini-quadcopter-raw-speed-takes,freesound:383904,-6.0,constant_velocity,7051807767926021858,4.5,1024,512,64,1.0,recorded_source_approximation,station_id|estimator_variant|source_model,held_out_independent_recording_tracking_feasibility
3.2919791666666662,equal_weight_srp_phat,False,False,computational_budget_exceeded,computational_budget_exceeded,93.04385416666666,45.1240625,44.937968749999996,nan,nan,nan,nan,nan,nan,False,0,during_manoeuvre,nan,nan,prediction_without_correction,False,4,4,evaluation,recorded_source_approximation,freesound-383904-simeonradivoev-mini-quadcopter,simeonradivoev-mini-quadcopter-raw-speed-takes,freesound:383904,-6.0,constant_velocity,7051807767926021858,4.5,1024,512,64,1.0,recorded_source_approximation,station_id|estimator_variant|source_model,held_out_independent_recording_tracking_feasibility
3.944645833333333,equal_weight_srp_phat,False,False,computational_budget_exceeded,computational_budget_exceeded,97.61252083333333,43.1660625,45.91696875,nan,nan,nan,nan,nan,nan,False,0,after_manoeuvre,nan,nan,prediction_without_correction,False,4,4,evaluation,recorded_source_approximation,freesound-383904-simeonradivoev-mini-quadcopter,simeonradivoev-mini-quadcopter-raw-speed-takes,freesound:383904,-6.0,constant_velocity,7051807767926021858,4.5,1024,512,64,1.0,recorded_source_approximation,station_id|estimator_variant|source_model,held_out_independent_recording_tracking_feasibility
3.959645833333333,equal_weight_srp_phat,False,False,computational_budget_exceeded,computational_budget_exceeded,97.71752083333334,43.1210625,45.93946875,nan,nan,nan,nan,nan,nan,False,0,after_manoeuvre,nan,nan,prediction_without_correction,False,4,4,evaluation,recorded_source_approximation,freesound-383904-simeonradivoev-mini-quadcopter,simeonradivoev-mini-quadcopter-raw-speed-takes,freesound:383904,-6.0,constant_velocity,7051807767926021858,4.5,1024,512,64,1.0,recorded_source_approximation,station_id|estimator_variant|source_model,held_out_independent_recording_tracking_feasibility
3.9746458333333328,equal_weight_srp_phat,False,False,computational_budget_exceeded,computational_budget_exceeded,97.82252083333333,43.076062500000006,45.96196875,nan,nan,nan,nan,nan,nan,False,0,after_manoeuvre,nan,nan,prediction_without_correction,False,4,4,evaluation,recorded_source_approximation,freesound-383904-simeonradivoev-mini-quadcopter,simeonradivoev-mini-quadcopter-raw-speed-takes,freesound:383904,-6.0,constant_velocity,7051807767926021858,4.5,1024,512,64,1.0,recorded_source_approximation,station_id|estimator_variant|source_model,held_out_independent_recording_tracking_feasibility
4.6273124999999995,equal_weight_srp_phat,False,False,computational_budget_exceeded,computational_budget_exceeded,102.3911875,41.1180625,46.940968749999996,nan,nan,nan,nan,nan,nan,False,0,after_manoeuvre,nan,nan,prediction_without_correction,False,4,4,evaluation,recorded_source_approximation,freesound-383904-simeonradivoev-mini-quadcopter,simeonradivoev-mini-quadcopter-raw-speed-takes,freesound:383904,-6.0,constant_velocity,7051807767926021858,4.5,1024,512,64,1.0,recorded_source_approximation,station_id|estimator_variant|source_model,held_out_independent_recording_tracking_feasibility
4.642312499999999,equal_weight_srp_phat,False,False,computational_budget_exceeded,computational_budget_exceeded,102.49618749999999,41.073062500000006,46.96346875,nan,nan,nan,nan,nan,nan,False,0,after_manoeuvre,nan,nan,prediction_without_correction,False,4,4,evaluation,recorded_source_approximation,freesound-383904-simeonradivoev-mini-quadcopter,simeonradivoev-mini-quadcopter-raw-speed-takes,freesound:383904,-6.0,constant_velocity,7051807767926021858,4.5,1024,512,64,1.0,recorded_source_approximation,station_id|estimator_variant|source_model,held_out_independent_recording_tracking_feasibility
4.6573125,equal_weight_srp_phat,False,False,computational_budget_exceeded,computational_budget_exceeded,102.6011875,41.028062500000004,46.98596875,nan,nan,nan,nan,nan,nan,False,0,after_manoeuvre,nan,nan,prediction_without_correction,False,4,4,evaluation,recorded_source_approximation,freesound-383904-simeonradivoev-mini-quadcopter,simeonradivoev-mini-quadcopter-raw-speed-takes,freesound:383904,-6.0,constant_velocity,7051807767926021858,4.5,1024,512,64,1.0,recorded_source_approximation,station_id|estimator_variant|source_model,held_out_independent_recording_tracking_feasibility
0.5313125,all_6_equal_gcc_wls,False,False,uninitialized,initialization_failed:no_observable_hypothesis,73.7191875,53.4060625,40.79696875,nan,nan,nan,nan,nan,nan,False,0,before_manoeuvre,nan,nan,prediction_without_correction,False,0,4,evaluation,random_broadband,freesound-383904-simeonradivoev-mini-quadcopter,simeonradivoev-mini-quadcopter-raw-speed-takes,freesound:383904,-6.0,constant_velocity,7051807767926021858,4.5,1024,512,64,1.0,random_broadband,station_id|estimator_variant|source_model,held_out_independent_recording_tracking_feasibility
0.5463125,all_6_equal_gcc_wls,False,False,uninitialized,initialization_failed:no_observable_hypothesis,73.8241875,53.3610625,40.81946875,nan,nan,nan,nan,nan,nan,False,0,before_manoeuvre,nan,nan,prediction_without_correction,False,0,4,evaluation,random_broadband,freesound-383904-simeonradivoev-mini-quadcopter,simeonradivoev-mini-quadcopter-raw-speed-takes,freesound:383904,-6.0,constant_velocity,7051807767926021858,4.5,1024,512,64,1.0,random_broadband,station_id|estimator_variant|source_model,held_out_independent_recording_tracking_feasibility
0.5613125,all_6_equal_gcc_wls,False,False,uninitialized,initialization_failed:no_observable_hypothesis,73.9291875,53.3160625,40.84196875,nan,nan,nan,nan,nan,nan,False,0,before_manoeuvre,nan,nan,prediction_without_correction,False,0,4,evaluation,random_broadband,freesound-383904-simeonradivoev-mini-quadcopter,simeonradivoev-mini-quadcopter-raw-speed-takes,freesound:383904,-6.0,constant_velocity,7051807767926021858,4.5,1024,512,64,1.0,random_broadband,station_id|estimator_variant|source_model,held_out_independent_recording_tracking_feasibility
1.2139791666666666,all_6_equal_gcc_wls,False,False,uninitialized,initialization_failed:no_observable_hypothesis,78.49785416666667,51.3580625,41.82096875,nan,nan,nan,nan,nan,nan,False,0,before_manoeuvre,nan,nan,prediction_without_correction,False,0,4,evaluation,random_broadband,freesound-383904-simeonradivoev-mini-quadcopter,simeonradivoev-mini-quadcopter-raw-speed-takes,freesound:383904,-6.0,constant_velocity,7051807767926021858,4.5,1024,512,64,1.0,random_broadband,station_id|estimator_variant|source_model,held_out_independent_recording_tracking_feasibility
1.2289791666666665,all_6_equal_gcc_wls,False,False,uninitialized,initialization_failed:no_observable_hypothesis,78.60285416666666,51.3130625,41.84346875,nan,nan,nan,nan,nan,nan,False,0,before_manoeuvre,nan,nan,prediction_without_correction,False,0,4,evaluation,random_broadband,freesound-383904-simeonradivoev-mini-quadcopter,simeonradivoev-mini-quadcopter-raw-speed-takes,freesound:383904,-6.0,constant_velocity,7051807767926021858,4.5,1024,512,64,1.0,random_broadband,station_id|estimator_variant|source_model,held_out_independent_recording_tracking_feasibility
1.2439791666666666,all_6_equal_gcc_wls,False,False,tentative,tentative_initialization_unconfirmed,78.70785416666666,51.2680625,41.86596875,nan,nan,nan,nan,nan,nan,False,0,before_manoeuvre,nan,nan,prediction_without_correction,False,1,4,evaluation,random_broadband,freesound-383904-simeonradivoev-mini-quadcopter,simeonradivoev-mini-quadcopter-raw-speed-takes,freesound:383904,-6.0,constant_velocity,7051807767926021858,4.5,1024,512,64,1.0,random_broadband,station_id|estimator_variant|source_model,held_out_independent_recording_tracking_feasibility
1.8966458333333334,all_6_equal_gcc_wls,False,False,tentative,tentative_initialization_unconfirmed,83.27652083333334,49.3100625,42.84496875,nan,nan,nan,nan,nan,nan,False,0,before_manoeuvre,nan,nan,prediction_without_correction,False,1,4,evaluation,random_broadband,freesound-383904-simeonradivoev-mini-quadcopter,simeonradivoev-mini-quadcopter-raw-speed-takes,freesound:383904,-6.0,constant_velocity,7051807767926021858,4.5,1024,512,64,1.0,random_broadband,station_id|estimator_variant|source_model,held_out_independent_recording_tracking_feasibility
1.9116458333333333,all_6_equal_gcc_wls,False,False,tentative,tentative_initialization_unconfirmed,83.38152083333333,49.2650625,42.86746875,nan,nan,nan,nan,nan,nan,False,0,before_manoeuvre,nan,nan,prediction_without_correction,False,1,4,evaluation,random_broadband,freesound-383904-simeonradivoev-mini-quadcopter,simeonradivoev-mini-quadcopter-raw-speed-takes,freesound:383904,-6.0,constant_velocity,7051807767926021858,4.5,1024,512,64,1.0,random_broadband,station_id|estimator_variant|source_model,held_out_independent_recording_tracking_feasibility
1.9266458333333334,all_6_equal_gcc_wls,False,False,tentative,tentative_initialization_unconfirmed,83.48652083333333,49.2200625,42.88996875,nan,nan,nan,nan,nan,nan,False,0,before_manoeuvre,nan,nan,prediction_without_correction,False,1,4,evaluation,random_broadband,freesound-383904-simeonradivoev-mini-quadcopter,simeonradivoev-mini-quadcopter-raw-speed-takes,freesound:383904,-6.0,constant_velocity,7051807767926021858,4.5,1024,512,64,1.0,random_broadband,station_id|estimator_variant|source_model,held_out_independent_recording_tracking_feasibility
2.5793125,all_6_equal_gcc_wls,True,True,confirmed,,88.0551875,47.2620625,43.86896875,88.66745482303556,46.9986063840402,44.3650544284675,0.8308919305627575,0.6048266825020209,13.79995810147666,False,0,during_manoeuvre,nan,nan,prediction_without_correction,False,2,4,evaluation,random_broadband,freesound-383904-simeonradivoev-mini-quadcopter,simeonradivoev-mini-quadcopter-raw-speed-takes,freesound:383904,-6.0,constant_velocity,7051807767926021858,4.5,1024,512,64,1.0,random_broadband,station_id|estimator_variant|source_model,held_out_independent_recording_tracking_feasibility
2.5943125,all_6_equal_gcc_wls,True,True,confirmed,,88.1601875,47.2170625,43.89146875,88.77786344736535,46.953791720228544,44.39483597222047,0.8391743798764904,0.6048266825020209,8.153561323412127,True,0,during_manoeuvre,nan,nan,prediction_without_correction,False,2,4,evaluation,random_broadband,freesound-383904-simeonradivoev-mini-quadcopter,simeonradivoev-mini-quadcopter-raw-speed-takes,freesound:383904,-6.0,constant_velocity,7051807767926021858,4.5,1024,512,64,1.0,random_broadband,station_id|estimator_variant|source_model,held_out_independent_recording_tracking_feasibility
2.6093124999999997,all_6_equal_gcc_wls,True,True,confirmed,,88.2651875,47.1720625,43.91396875,88.88827207169514,46.90897705641689,44.42461751597344,0.8474730062368001,0.6048266825020209,6.9561520810022435,True,0,during_manoeuvre,nan,nan,prediction_without_correction,False,2,4,evaluation,random_broadband,freesound-383904-simeonradivoev-mini-quadcopter,simeonradivoev-mini-quadcopter-raw-speed-takes,freesound:383904,-6.0,constant_velocity,7051807767926021858,4.5,1024,512,64,1.0,random_broadband,station_id|estimator_variant|source_model,held_out_independent_recording_tracking_feasibility
3.2619791666666664,all_6_equal_gcc_wls,True,True,confirmed,,92.83385416666667,45.2140625,44.89296875,93.50233284164152,45.75018531026054,45.38014543122723,0.985714220912617,0.6008080468667516,2.457288891175305,True,0,during_manoeuvre,3.2619791666666664,0.0,measurement_correction_available,False,2,4,evaluation,random_broadband,freesound-383904-simeonradivoev-mini-quadcopter,simeonradivoev-mini-quadcopter-raw-speed-takes,freesound:383904,-6.0,constant_velocity,7051807767926021858,4.5,1024,512,64,1.0,random_broadband,station_id|estimator_variant|source_model,held_out_independent_recording_tracking_feasibility
3.2769791666666666,all_6_equal_gcc_wls,True,True,confirmed,,92.93885416666666,45.1690625,44.91546875,92.73524825873076,45.612901212430586,44.959072314154085,0.4902544637281515,0.598937995440717,1.81110675445227,True,0,during_manoeuvre,3.2769791666666666,0.0,measurement_correction_available,False,2,4,evaluation,random_broadband,freesound-383904-simeonradivoev-mini-quadcopter,simeonradivoev-mini-quadcopter-raw-speed-takes,freesound:383904,-6.0,constant_velocity,7051807767926021858,4.5,1024,512,64,1.0,random_broadband,station_id|estimator_variant|source_model,held_out_independent_recording_tracking_feasibility
3.2919791666666662,all_6_equal_gcc_wls,True,True,confirmed,,93.04385416666666,45.1240625,44.937968749999996,92.81408843830559,45.64832876832195,45.076182337176284,0.5888551653077835,0.6424582226187858,2.7002554129990295,True,0,during_manoeuvre,3.2919791666666662,0.0,measurement_correction_available,False,2,4,evaluation,random_broadband,freesound-383904-simeonradivoev-mini-quadcopter,simeonradivoev-mini-quadcopter-raw-speed-takes,freesound:383904,-6.0,constant_velocity,7051807767926021858,4.5,1024,512,64,1.0,random_broadband,station_id|estimator_variant|source_model,held_out_independent_recording_tracking_feasibility
3.944645833333333,all_6_equal_gcc_wls,True,True,confirmed,,97.61252083333333,43.1660625,45.91696875,97.71260691521404,43.144383327147125,45.215901429380324,0.7085073029705982,0.7910311389825976,1.6080332641964932,True,0,after_manoeuvre,3.944645833333333,0.0,measurement_correction_available,False,2,4,evaluation,random_broadband,freesound-383904-simeonradivoev-mini-quadcopter,simeonradivoev-mini-quadcopter-raw-speed-takes,freesound:383904,-6.0,constant_velocity,7051807767926021858,4.5,1024,512,64,1.0,random_broadband,station_id|estimator_variant|source_model,held_out_independent_recording_tracking_feasibility
3.959645833333333,all_6_equal_gcc_wls,True,True,confirmed,,97.71752083333334,43.1210625,45.93946875,97.40862479535501,43.140704367302625,44.97973738426775,1.0084080818796222,1.0279275288940428,9.410571266560884,True,0,after_manoeuvre,3.959645833333333,0.0,measurement_correction_available,False,2,4,evaluation,random_broadband,freesound-383904-simeonradivoev-mini-quadcopter,simeonradivoev-mini-quadcopter-raw-speed-takes,freesound:383904,-6.0,constant_velocity,7051807767926021858,4.5,1024,512,64,1.0,random_broadband,station_id|estimator_variant|source_model,held_out_independent_recording_tracking_feasibility
3.9746458333333328,all_6_equal_gcc_wls,True,True,confirmed,,97.82252083333333,43.076062500000006,45.96196875,97.50827104625407,43.10263344560185,44.99948270243554,1.0128367763789892,1.0175023469448579,10.1016462188588,True,0,after_manoeuvre,3.9746458333333328,0.0,measurement_correction_available,False,2,4,evaluation,random_broadband,freesound-383904-simeonradivoev-mini-quadcopter,simeonradivoev-mini-quadcopter-raw-speed-takes,freesound:383904,-6.0,constant_velocity,7051807767926021858,4.5,1024,512,64,1.0,random_broadband,station_id|estimator_variant|source_model,held_out_independent_recording_tracking_feasibility
4.6273124999999995,all_6_equal_gcc_wls,True,True,confirmed,,102.3911875,41.1180625,46.940968749999996,101.62306568263968,41.73710250244722,46.04786691923014,1.3307338317857762,0.7826907635830705,6.496891742562942,True,0,after_manoeuvre,4.6273124999999995,0.0,measurement_correction_available,False,2,4,evaluation,random_broadband,freesound-383904-simeonradivoev-mini-quadcopter,simeonradivoev-mini-quadcopter-raw-speed-takes,freesound:383904,-6.0,constant_velocity,7051807767926021858,4.5,1024,512,64,1.0,random_broadband,station_id|estimator_variant|source_model,held_out_independent_recording_tracking_feasibility
4.642312499999999,all_6_equal_gcc_wls,True,True,confirmed,,102.49618749999999,41.073062500000006,46.96346875,102.75911655574525,41.521702912486084,46.70432538914075,0.5810036054519794,0.6348328445609965,6.709801296718218,True,0,after_manoeuvre,4.642312499999999,0.0,measurement_correction_available,False,2,4,evaluation,random_broadband,freesound-383904-simeonradivoev-mini-quadcopter,simeonradivoev-mini-quadcopter-raw-speed-takes,freesound:383904,-6.0,constant_velocity,7051807767926021858,4.5,1024,512,64,1.0,random_broadband,station_id|estimator_variant|source_model,held_out_independent_recording_tracking_feasibility
4.6573125,all_6_equal_gcc_wls,True,True,confirmed,,102.6011875,41.028062500000004,46.98596875,102.79877906969932,40.687648927103716,45.95214202145785,1.106219478076758,0.8159784306450338,10.981291206914076,True,0,after_manoeuvre,4.6573125,0.0,measurement_correction_available,False,2,4,evaluation,random_broadband,freesound-383904-simeonradivoev-mini-quadcopter,simeonradivoev-mini-quadcopter-raw-speed-takes,freesound:383904,-6.0,constant_velocity,7051807767926021858,4.5,1024,512,64,1.0,random_broadband,station_id|estimator_variant|source_model,held_out_independent_recording_tracking_feasibility
0.5313125,equal_weight_srp_phat,False,False,uninitialized,initialization_failed:no_observable_hypothesis,73.7191875,53.4060625,40.79696875,nan,nan,nan,nan,nan,nan,False,0,before_manoeuvre,nan,nan,prediction_without_correction,False,0,4,evaluation,random_broadband,freesound-383904-simeonradivoev-mini-quadcopter,simeonradivoev-mini-quadcopter-raw-speed-takes,freesound:383904,-6.0,constant_velocity,7051807767926021858,4.5,1024,512,64,1.0,random_broadband,station_id|estimator_variant|source_model,held_out_independent_recording_tracking_feasibility
0.5463125,equal_weight_srp_phat,False,False,uninitialized,initialization_failed:no_observable_hypothesis,73.8241875,53.3610625,40.81946875,nan,nan,nan,nan,nan,nan,False,0,before_manoeuvre,nan,nan,prediction_without_correction,False,0,4,evaluation,random_broadband,freesound-383904-simeonradivoev-mini-quadcopter,simeonradivoev-mini-quadcopter-raw-speed-takes,freesound:383904,-6.0,constant_velocity,7051807767926021858,4.5,1024,512,64,1.0,random_broadband,station_id|estimator_variant|source_model,held_out_independent_recording_tracking_feasibility
0.5613125,equal_weight_srp_phat,False,False,uninitialized,initialization_failed:no_observable_hypothesis,73.9291875,53.3160625,40.84196875,nan,nan,nan,nan,nan,nan,False,0,before_manoeuvre,nan,nan,prediction_without_correction,False,0,4,evaluation,random_broadband,freesound-383904-simeonradivoev-mini-quadcopter,simeonradivoev-mini-quadcopter-raw-speed-takes,freesound:383904,-6.0,constant_velocity,7051807767926021858,4.5,1024,512,64,1.0,random_broadband,station_id|estimator_variant|source_model,held_out_independent_recording_tracking_feasibility
1.2139791666666666,equal_weight_srp_phat,False,False,uninitialized,initialization_failed:no_observable_hypothesis,78.49785416666667,51.3580625,41.82096875,nan,nan,nan,nan,nan,nan,False,0,before_manoeuvre,nan,nan,prediction_without_correction,False,0,4,evaluation,random_broadband,freesound-383904-simeonradivoev-mini-quadcopter,simeonradivoev-mini-quadcopter-raw-speed-takes,freesound:383904,-6.0,constant_velocity,7051807767926021858,4.5,1024,512,64,1.0,random_broadband,station_id|estimator_variant|source_model,held_out_independent_recording_tracking_feasibility
1.2289791666666665,equal_weight_srp_phat,False,False,uninitialized,initialization_failed:no_observable_hypothesis,78.60285416666666,51.3130625,41.84346875,nan,nan,nan,nan,nan,nan,False,0,before_manoeuvre,nan,nan,prediction_without_correction,False,0,4,evaluation,random_broadband,freesound-383904-simeonradivoev-mini-quadcopter,simeonradivoev-mini-quadcopter-raw-speed-takes,freesound:383904,-6.0,constant_velocity,7051807767926021858,4.5,1024,512,64,1.0,random_broadband,station_id|estimator_variant|source_model,held_out_independent_recording_tracking_feasibility
1.2439791666666666,equal_weight_srp_phat,False,False,tentative,tentative_initialization_unconfirmed,78.70785416666666,51.2680625,41.86596875,nan,nan,nan,nan,nan,nan,False,0,before_manoeuvre,nan,nan,prediction_without_correction,False,1,4,evaluation,random_broadband,freesound-383904-simeonradivoev-mini-quadcopter,simeonradivoev-mini-quadcopter-raw-speed-takes,freesound:383904,-6.0,constant_velocity,7051807767926021858,4.5,1024,512,64,1.0,random_broadband,station_id|estimator_variant|source_model,held_out_independent_recording_tracking_feasibility
1.8966458333333334,equal_weight_srp_phat,False,False,tentative,tentative_initialization_unconfirmed,83.27652083333334,49.3100625,42.84496875,nan,nan,nan,nan,nan,nan,False,0,before_manoeuvre,nan,nan,prediction_without_correction,False,1,4,evaluation,random_broadband,freesound-383904-simeonradivoev-mini-quadcopter,simeonradivoev-mini-quadcopter-raw-speed-takes,freesound:383904,-6.0,constant_velocity,7051807767926021858,4.5,1024,512,64,1.0,random_broadband,station_id|estimator_variant|source_model,held_out_independent_recording_tracking_feasibility
1.9116458333333333,equal_weight_srp_phat,False,False,tentative,tentative_initialization_unconfirmed,83.38152083333333,49.2650625,42.86746875,nan,nan,nan,nan,nan,nan,False,0,before_manoeuvre,nan,nan,prediction_without_correction,False,1,4,evaluation,random_broadband,freesound-383904-simeonradivoev-mini-quadcopter,simeonradivoev-mini-quadcopter-raw-speed-takes,freesound:383904,-6.0,constant_velocity,7051807767926021858,4.5,1024,512,64,1.0,random_broadband,station_id|estimator_variant|source_model,held_out_independent_recording_tracking_feasibility
1.9266458333333334,equal_weight_srp_phat,False,False,tentative,tentative_initialization_unconfirmed,83.48652083333333,49.2200625,42.88996875,nan,nan,nan,nan,nan,nan,False,0,before_manoeuvre,nan,nan,prediction_without_correction,False,1,4,evaluation,random_broadband,freesound-383904-simeonradivoev-mini-quadcopter,simeonradivoev-mini-quadcopter-raw-speed-takes,freesound:383904,-6.0,constant_velocity,7051807767926021858,4.5,1024,512,64,1.0,random_broadband,station_id|estimator_variant|source_model,held_out_independent_recording_tracking_feasibility
2.5793125,equal_weight_srp_phat,True,True,confirmed,,88.0551875,47.2620625,43.86896875,88.61788499947022,47.01910047238667,44.31878285865421,0.7602576899422968,0.5761710310821476,13.378675710621662,False,0,during_manoeuvre,nan,nan,prediction_without_correction,False,2,4,evaluation,random_broadband,freesound-383904-simeonradivoev-mini-quadcopter,simeonradivoev-mini-quadcopter-raw-speed-takes,freesound:383904,-6.0,constant_velocity,7051807767926021858,4.5,1024,512,64,1.0,random_broadband,station_id|estimator_variant|source_model,held_out_independent_recording_tracking_feasibility
2.5943125,equal_weight_srp_phat,True,True,confirmed,,88.1601875,47.2170625,43.89146875,88.72797180070292,46.974432372602294,44.34826198705997,0.7680549799782855,0.5761710310821476,7.44118629127508,True,0,during_manoeuvre,nan,nan,prediction_without_correction,False,2,4,evaluation,random_broadband,freesound-383904-simeonradivoev-mini-quadcopter,simeonradivoev-mini-quadcopter-raw-speed-takes,freesound:383904,-6.0,constant_velocity,7051807767926021858,4.5,1024,512,64,1.0,random_broadband,station_id|estimator_variant|source_model,held_out_independent_recording_tracking_feasibility
2.6093124999999997,equal_weight_srp_phat,True,True,confirmed,,88.2651875,47.1720625,43.91396875,88.8380586019356,46.92976427281792,44.37774111546573,0.7758701806991757,0.5761710310821476,6.2015577605321885,True,0,during_manoeuvre,nan,nan,prediction_without_correction,False,2,4,evaluation,random_broadband,freesound-383904-simeonradivoev-mini-quadcopter,simeonradivoev-mini-quadcopter-raw-speed-takes,freesound:383904,-6.0,constant_velocity,7051807767926021858,4.5,1024,512,64,1.0,random_broadband,station_id|estimator_variant|source_model,held_out_independent_recording_tracking_feasibility
3.2619791666666664,equal_weight_srp_phat,True,True,confirmed,,92.83385416666667,45.2140625,44.89296875,93.44973045523993,45.7295178363723,45.34366278977159,0.9209358957642481,0.5778382446259506,2.138221041886955,True,0,during_manoeuvre,3.2619791666666664,0.0,measurement_correction_available,False,2,4,evaluation,random_broadband,freesound-383904-simeonradivoev-mini-quadcopter,simeonradivoev-mini-quadcopter-raw-speed-takes,freesound:383904,-6.0,constant_velocity,7051807767926021858,4.5,1024,512,64,1.0,random_broadband,station_id|estimator_variant|source_model,held_out_independent_recording_tracking_feasibility
3.2769791666666666,equal_weight_srp_phat,True,True,confirmed,,92.93885416666666,45.1690625,44.91546875,92.75207385831672,45.598925896857274,44.95665111012766,0.470494856858876,0.5647665937079709,1.6761532918707491,True,0,during_manoeuvre,3.2769791666666666,0.0,measurement_correction_available,False,2,4,evaluation,random_broadband,freesound-383904-simeonradivoev-mini-quadcopter,simeonradivoev-mini-quadcopter-raw-speed-takes,freesound:383904,-6.0,constant_velocity,7051807767926021858,4.5,1024,512,64,1.0,random_broadband,station_id|estimator_variant|source_model,held_out_independent_recording_tracking_feasibility
3.2919791666666662,equal_weight_srp_phat,True,True,confirmed,,93.04385416666666,45.1240625,44.937968749999996,92.82292577230469,45.63426645394848,45.087279422821105,0.5756831655331883,0.6136899638822962,2.553034910850962,True,0,during_manoeuvre,3.2919791666666662,0.0,measurement_correction_available,False,2,4,evaluation,random_broadband,freesound-383904-simeonradivoev-mini-quadcopter,simeonradivoev-mini-quadcopter-raw-speed-takes,freesound:383904,-6.0,constant_velocity,7051807767926021858,4.5,1024,512,64,1.0,random_broadband,station_id|estimator_variant|source_model,held_out_independent_recording_tracking_feasibility
3.944645833333333,equal_weight_srp_phat,True,True,confirmed,,97.61252083333333,43.1660625,45.91696875,97.74011670500049,43.10158619074422,45.26422620344139,0.6682145860496996,0.7705834241261158,1.4130590598968154,True,0,after_manoeuvre,3.944645833333333,0.0,measurement_correction_available,False,2,4,evaluation,random_broadband,freesound-383904-simeonradivoev-mini-quadcopter,simeonradivoev-mini-quadcopter-raw-speed-takes,freesound:383904,-6.0,constant_velocity,7051807767926021858,4.5,1024,512,64,1.0,random_broadband,station_id|estimator_variant|source_model,held_out_independent_recording_tracking_feasibility
3.959645833333333,equal_weight_srp_phat,True,True,confirmed,,97.71752083333334,43.1210625,45.93946875,97.4422121263047,43.14080119922122,44.98306339790949,0.9954374404853916,1.0266457452600706,9.026107243319503,True,0,after_manoeuvre,3.959645833333333,0.0,measurement_correction_available,False,2,4,evaluation,random_broadband,freesound-383904-simeonradivoev-mini-quadcopter,simeonradivoev-mini-quadcopter-raw-speed-takes,freesound:383904,-6.0,constant_velocity,7051807767926021858,4.5,1024,512,64,1.0,random_broadband,station_id|estimator_variant|source_model,held_out_independent_recording_tracking_feasibility
3.9746458333333328,equal_weight_srp_phat,True,True,confirmed,,97.82252083333333,43.076062500000006,45.96196875,97.54352459986964,43.08589105601334,44.9841789772255,1.0168620056539823,1.0330715038633798,9.896844982037804,True,0,after_manoeuvre,3.9746458333333328,0.0,measurement_correction_available,False,2,4,evaluation,random_broadband,freesound-383904-simeonradivoev-mini-quadcopter,simeonradivoev-mini-quadcopter-raw-speed-takes,freesound:383904,-6.0,constant_velocity,7051807767926021858,4.5,1024,512,64,1.0,random_broadband,station_id|estimator_variant|source_model,held_out_independent_recording_tracking_feasibility
4.6273124999999995,equal_weight_srp_phat,True,True,confirmed,,102.3911875,41.1180625,46.940968749999996,101.69986004754796,41.696594608307606,45.963349530014696,1.3298016341324528,0.7769668659948357,6.492409927825497,True,0,after_manoeuvre,4.6273124999999995,0.0,measurement_correction_available,False,2,4,evaluation,random_broadband,freesound-383904-simeonradivoev-mini-quadcopter,simeonradivoev-mini-quadcopter-raw-speed-takes,freesound:383904,-6.0,constant_velocity,7051807767926021858,4.5,1024,512,64,1.0,random_broadband,station_id|estimator_variant|source_model,held_out_independent_recording_tracking_feasibility
4.642312499999999,equal_weight_srp_phat,True,True,confirmed,,102.49618749999999,41.073062500000006,46.96346875,102.75407663681924,41.45998806737496,46.60599961828584,0.5865171623288401,0.5687001336385317,7.151819162068966,True,0,after_manoeuvre,4.642312499999999,0.0,measurement_correction_available,False,2,4,evaluation,random_broadband,freesound-383904-simeonradivoev-mini-quadcopter,simeonradivoev-mini-quadcopter-raw-speed-takes,freesound:383904,-6.0,constant_velocity,7051807767926021858,4.5,1024,512,64,1.0,random_broadband,station_id|estimator_variant|source_model,held_out_independent_recording_tracking_feasibility
4.6573125,equal_weight_srp_phat,True,True,confirmed,,102.6011875,41.028062500000004,46.98596875,102.76590646148354,40.637876681972806,45.917367226571955,1.149472280977017,0.8171252284875429,11.099026985064468,True,0,after_manoeuvre,4.6573125,0.0,measurement_correction_available,False,2,4,evaluation,random_broadband,freesound-383904-simeonradivoev-mini-quadcopter,simeonradivoev-mini-quadcopter-raw-speed-takes,freesound:383904,-6.0,constant_velocity,7051807767926021858,4.5,1024,512,64,1.0,random_broadband,station_id|estimator_variant|source_model,held_out_independent_recording_tracking_feasibility
0.5313125,all_6_equal_gcc_wls,False,False,uninitialized,initialization_failed:no_observable_hypothesis,73.7191875,53.4060625,40.79696875,nan,nan,nan,nan,nan,nan,False,0,before_manoeuvre,nan,nan,prediction_without_correction,False,0,4,evaluation,recorded_source_approximation,freesound-383904-simeonradivoev-mini-quadcopter,simeonradivoev-mini-quadcopter-raw-speed-takes,freesound:383904,10.0,constant_velocity,14189773874213735854,4.5,1024,512,64,1.0,recorded_source_approximation,station_id|estimator_variant|source_model,held_out_independent_recording_tracking_feasibility
0.5463125,all_6_equal_gcc_wls,False,False,uninitialized,initialization_failed:no_observable_hypothesis,73.8241875,53.3610625,40.81946875,nan,nan,nan,nan,nan,nan,False,0,before_manoeuvre,nan,nan,prediction_without_correction,False,0,4,evaluation,recorded_source_approximation,freesound-383904-simeonradivoev-mini-quadcopter,simeonradivoev-mini-quadcopter-raw-speed-takes,freesound:383904,10.0,constant_velocity,14189773874213735854,4.5,1024,512,64,1.0,recorded_source_approximation,station_id|estimator_variant|source_model,held_out_independent_recording_tracking_feasibility
0.5613125,all_6_equal_gcc_wls,False,False,uninitialized,initialization_failed:no_observable_hypothesis,73.9291875,53.3160625,40.84196875,nan,nan,nan,nan,nan,nan,False,0,before_manoeuvre,nan,nan,prediction_without_correction,False,0,4,evaluation,recorded_source_approximation,freesound-383904-simeonradivoev-mini-quadcopter,simeonradivoev-mini-quadcopter-raw-speed-takes,freesound:383904,10.0,constant_velocity,14189773874213735854,4.5,1024,512,64,1.0,recorded_source_approximation,station_id|estimator_variant|source_model,held_out_independent_recording_tracking_feasibility
1.2139791666666666,all_6_equal_gcc_wls,False,False,uninitialized,initialization_failed:no_observable_hypothesis,78.49785416666667,51.3580625,41.82096875,nan,nan,nan,nan,nan,nan,False,0,before_manoeuvre,nan,nan,prediction_without_correction,False,0,4,evaluation,recorded_source_approximation,freesound-383904-simeonradivoev-mini-quadcopter,simeonradivoev-mini-quadcopter-raw-speed-takes,freesound:383904,10.0,constant_velocity,14189773874213735854,4.5,1024,512,64,1.0,recorded_source_approximation,station_id|estimator_variant|source_model,held_out_independent_recording_tracking_feasibility
1.2289791666666665,all_6_equal_gcc_wls,False,False,uninitialized,initialization_failed:no_observable_hypothesis,78.60285416666666,51.3130625,41.84346875,nan,nan,nan,nan,nan,nan,False,0,before_manoeuvre,nan,nan,prediction_without_correction,False,0,4,evaluation,recorded_source_approximation,freesound-383904-simeonradivoev-mini-quadcopter,simeonradivoev-mini-quadcopter-raw-speed-takes,freesound:383904,10.0,constant_velocity,14189773874213735854,4.5,1024,512,64,1.0,recorded_source_approximation,station_id|estimator_variant|source_model,held_out_independent_recording_tracking_feasibility
1.2439791666666666,all_6_equal_gcc_wls,False,False,uninitialized,initialization_failed:no_observable_hypothesis,78.70785416666666,51.2680625,41.86596875,nan,nan,nan,nan,nan,nan,False,0,before_manoeuvre,nan,nan,prediction_without_correction,False,1,4,evaluation,recorded_source_approximation,freesound-383904-simeonradivoev-mini-quadcopter,simeonradivoev-mini-quadcopter-raw-speed-takes,freesound:383904,10.0,constant_velocity,14189773874213735854,4.5,1024,512,64,1.0,recorded_source_approximation,station_id|estimator_variant|source_model,held_out_independent_recording_tracking_feasibility
1.8966458333333334,all_6_equal_gcc_wls,False,False,computational_budget_exceeded,computational_budget_exceeded,83.27652083333334,49.3100625,42.84496875,nan,nan,nan,nan,nan,nan,False,0,before_manoeuvre,nan,nan,prediction_without_correction,False,4,4,evaluation,recorded_source_approximation,freesound-383904-simeonradivoev-mini-quadcopter,simeonradivoev-mini-quadcopter-raw-speed-takes,freesound:383904,10.0,constant_velocity,14189773874213735854,4.5,1024,512,64,1.0,recorded_source_approximation,station_id|estimator_variant|source_model,held_out_independent_recording_tracking_feasibility
1.9116458333333333,all_6_equal_gcc_wls,False,False,computational_budget_exceeded,computational_budget_exceeded,83.38152083333333,49.2650625,42.86746875,nan,nan,nan,nan,nan,nan,False,0,before_manoeuvre,nan,nan,prediction_without_correction,False,4,4,evaluation,recorded_source_approximation,freesound-383904-simeonradivoev-mini-quadcopter,simeonradivoev-mini-quadcopter-raw-speed-takes,freesound:383904,10.0,constant_velocity,14189773874213735854,4.5,1024,512,64,1.0,recorded_source_approximation,station_id|estimator_variant|source_model,held_out_independent_recording_tracking_feasibility
1.9266458333333334,all_6_equal_gcc_wls,False,False,computational_budget_exceeded,computational_budget_exceeded,83.48652083333333,49.2200625,42.88996875,nan,nan,nan,nan,nan,nan,False,0,before_manoeuvre,nan,nan,prediction_without_correction,False,4,4,evaluation,recorded_source_approximation,freesound-383904-simeonradivoev-mini-quadcopter,simeonradivoev-mini-quadcopter-raw-speed-takes,freesound:383904,10.0,constant_velocity,14189773874213735854,4.5,1024,512,64,1.0,recorded_source_approximation,station_id|estimator_variant|source_model,held_out_independent_recording_tracking_feasibility
2.5793125,all_6_equal_gcc_wls,False,False,computational_budget_exceeded,computational_budget_exceeded,88.0551875,47.2620625,43.86896875,nan,nan,nan,nan,nan,nan,False,0,during_manoeuvre,nan,nan,prediction_without_correction,False,4,4,evaluation,recorded_source_approximation,freesound-383904-simeonradivoev-mini-quadcopter,simeonradivoev-mini-quadcopter-raw-speed-takes,freesound:383904,10.0,constant_velocity,14189773874213735854,4.5,1024,512,64,1.0,recorded_source_approximation,station_id|estimator_variant|source_model,held_out_independent_recording_tracking_feasibility
2.5943125,all_6_equal_gcc_wls,False,False,computational_budget_exceeded,computational_budget_exceeded,88.1601875,47.2170625,43.89146875,nan,nan,nan,nan,nan,nan,False,0,during_manoeuvre,nan,nan,prediction_without_correction,False,4,4,evaluation,recorded_source_approximation,freesound-383904-simeonradivoev-mini-quadcopter,simeonradivoev-mini-quadcopter-raw-speed-takes,freesound:383904,10.0,constant_velocity,14189773874213735854,4.5,1024,512,64,1.0,recorded_source_approximation,station_id|estimator_variant|source_model,held_out_independent_recording_tracking_feasibility
2.6093124999999997,all_6_equal_gcc_wls,False,False,computational_budget_exceeded,computational_budget_exceeded,88.2651875,47.1720625,43.91396875,nan,nan,nan,nan,nan,nan,False,0,during_manoeuvre,nan,nan,prediction_without_correction,False,4,4,evaluation,recorded_source_approximation,freesound-383904-simeonradivoev-mini-quadcopter,simeonradivoev-mini-quadcopter-raw-speed-takes,freesound:383904,10.0,constant_velocity,14189773874213735854,4.5,1024,512,64,1.0,recorded_source_approximation,station_id|estimator_variant|source_model,held_out_independent_recording_tracking_feasibility
3.2619791666666664,all_6_equal_gcc_wls,False,False,computational_budget_exceeded,computational_budget_exceeded,92.83385416666667,45.2140625,44.89296875,nan,nan,nan,nan,nan,nan,False,0,during_manoeuvre,nan,nan,prediction_without_correction,False,4,4,evaluation,recorded_source_approximation,freesound-383904-simeonradivoev-mini-quadcopter,simeonradivoev-mini-quadcopter-raw-speed-takes,freesound:383904,10.0,constant_velocity,14189773874213735854,4.5,1024,512,64,1.0,recorded_source_approximation,station_id|estimator_variant|source_model,held_out_independent_recording_tracking_feasibility
3.2769791666666666,all_6_equal_gcc_wls,False,False,computational_budget_exceeded,computational_budget_exceeded,92.93885416666666,45.1690625,44.91546875,nan,nan,nan,nan,nan,nan,False,0,during_manoeuvre,nan,nan,prediction_without_correction,False,4,4,evaluation,recorded_source_approximation,freesound-383904-simeonradivoev-mini-quadcopter,simeonradivoev-mini-quadcopter-raw-speed-takes,freesound:383904,10.0,constant_velocity,14189773874213735854,4.5,1024,512,64,1.0,recorded_source_approximation,station_id|estimator_variant|source_model,held_out_independent_recording_tracking_feasibility
3.2919791666666662,all_6_equal_gcc_wls,False,False,computational_budget_exceeded,computational_budget_exceeded,93.04385416666666,45.1240625,44.937968749999996,nan,nan,nan,nan,nan,nan,False,0,during_manoeuvre,nan,nan,prediction_without_correction,False,4,4,evaluation,recorded_source_approximation,freesound-383904-simeonradivoev-mini-quadcopter,simeonradivoev-mini-quadcopter-raw-speed-takes,freesound:383904,10.0,constant_velocity,14189773874213735854,4.5,1024,512,64,1.0,recorded_source_approximation,station_id|estimator_variant|source_model,held_out_independent_recording_tracking_feasibility
3.944645833333333,all_6_equal_gcc_wls,False,False,computational_budget_exceeded,computational_budget_exceeded,97.61252083333333,43.1660625,45.91696875,nan,nan,nan,nan,nan,nan,False,0,after_manoeuvre,nan,nan,prediction_without_correction,False,4,4,evaluation,recorded_source_approximation,freesound-383904-simeonradivoev-mini-quadcopter,simeonradivoev-mini-quadcopter-raw-speed-takes,freesound:383904,10.0,constant_velocity,14189773874213735854,4.5,1024,512,64,1.0,recorded_source_approximation,station_id|estimator_variant|source_model,held_out_independent_recording_tracking_feasibility
3.959645833333333,all_6_equal_gcc_wls,False,False,computational_budget_exceeded,computational_budget_exceeded,97.71752083333334,43.1210625,45.93946875,nan,nan,nan,nan,nan,nan,False,0,after_manoeuvre,nan,nan,prediction_without_correction,False,4,4,evaluation,recorded_source_approximation,freesound-383904-simeonradivoev-mini-quadcopter,simeonradivoev-mini-quadcopter-raw-speed-takes,freesound:383904,10.0,constant_velocity,14189773874213735854,4.5,1024,512,64,1.0,recorded_source_approximation,station_id|estimator_variant|source_model,held_out_independent_recording_tracking_feasibility
3.9746458333333328,all_6_equal_gcc_wls,False,False,computational_budget_exceeded,computational_budget_exceeded,97.82252083333333,43.076062500000006,45.96196875,nan,nan,nan,nan,nan,nan,False,0,after_manoeuvre,nan,nan,prediction_without_correction,False,4,4,evaluation,recorded_source_approximation,freesound-383904-simeonradivoev-mini-quadcopter,simeonradivoev-mini-quadcopter-raw-speed-takes,freesound:383904,10.0,constant_velocity,14189773874213735854,4.5,1024,512,64,1.0,recorded_source_approximation,station_id|estimator_variant|source_model,held_out_independent_recording_tracking_feasibility
4.6273124999999995,all_6_equal_gcc_wls,False,False,computational_budget_exceeded,computational_budget_exceeded,102.3911875,41.1180625,46.940968749999996,nan,nan,nan,nan,nan,nan,False,0,after_manoeuvre,nan,nan,prediction_without_correction,False,4,4,evaluation,recorded_source_approximation,freesound-383904-simeonradivoev-mini-quadcopter,simeonradivoev-mini-quadcopter-raw-speed-takes,freesound:383904,10.0,constant_velocity,14189773874213735854,4.5,1024,512,64,1.0,recorded_source_approximation,station_id|estimator_variant|source_model,held_out_independent_recording_tracking_feasibility
4.642312499999999,all_6_equal_gcc_wls,False,False,computational_budget_exceeded,computational_budget_exceeded,102.49618749999999,41.073062500000006,46.96346875,nan,nan,nan,nan,nan,nan,False,0,after_manoeuvre,nan,nan,prediction_without_correction,False,4,4,evaluation,recorded_source_approximation,freesound-383904-simeonradivoev-mini-quadcopter,simeonradivoev-mini-quadcopter-raw-speed-takes,freesound:383904,10.0,constant_velocity,14189773874213735854,4.5,1024,512,64,1.0,recorded_source_approximation,station_id|estimator_variant|source_model,held_out_independent_recording_tracking_feasibility
4.6573125,all_6_equal_gcc_wls,False,False,computational_budget_exceeded,computational_budget_exceeded,102.6011875,41.028062500000004,46.98596875,nan,nan,nan,nan,nan,nan,False,0,after_manoeuvre,nan,nan,prediction_without_correction,False,4,4,evaluation,recorded_source_approximation,freesound-383904-simeonradivoev-mini-quadcopter,simeonradivoev-mini-quadcopter-raw-speed-takes,freesound:383904,10.0,constant_velocity,14189773874213735854,4.5,1024,512,64,1.0,recorded_source_approximation,station_id|estimator_variant|source_model,held_out_independent_recording_tracking_feasibility
0.5313125,equal_weight_srp_phat,False,False,uninitialized,initialization_failed:no_observable_hypothesis,73.7191875,53.4060625,40.79696875,nan,nan,nan,nan,nan,nan,False,0,before_manoeuvre,nan,nan,prediction_without_correction,False,0,4,evaluation,recorded_source_approximation,freesound-383904-simeonradivoev-mini-quadcopter,simeonradivoev-mini-quadcopter-raw-speed-takes,freesound:383904,10.0,constant_velocity,14189773874213735854,4.5,1024,512,64,1.0,recorded_source_approximation,station_id|estimator_variant|source_model,held_out_independent_recording_tracking_feasibility
0.5463125,equal_weight_srp_phat,False,False,uninitialized,initialization_failed:no_observable_hypothesis,73.8241875,53.3610625,40.81946875,nan,nan,nan,nan,nan,nan,False,0,before_manoeuvre,nan,nan,prediction_without_correction,False,0,4,evaluation,recorded_source_approximation,freesound-383904-simeonradivoev-mini-quadcopter,simeonradivoev-mini-quadcopter-raw-speed-takes,freesound:383904,10.0,constant_velocity,14189773874213735854,4.5,1024,512,64,1.0,recorded_source_approximation,station_id|estimator_variant|source_model,held_out_independent_recording_tracking_feasibility
0.5613125,equal_weight_srp_phat,False,False,uninitialized,initialization_failed:no_observable_hypothesis,73.9291875,53.3160625,40.84196875,nan,nan,nan,nan,nan,nan,False,0,before_manoeuvre,nan,nan,prediction_without_correction,False,0,4,evaluation,recorded_source_approximation,freesound-383904-simeonradivoev-mini-quadcopter,simeonradivoev-mini-quadcopter-raw-speed-takes,freesound:383904,10.0,constant_velocity,14189773874213735854,4.5,1024,512,64,1.0,recorded_source_approximation,station_id|estimator_variant|source_model,held_out_independent_recording_tracking_feasibility
1.2139791666666666,equal_weight_srp_phat,False,False,uninitialized,initialization_failed:no_observable_hypothesis,78.49785416666667,51.3580625,41.82096875,nan,nan,nan,nan,nan,nan,False,0,before_manoeuvre,nan,nan,prediction_without_correction,False,0,4,evaluation,recorded_source_approximation,freesound-383904-simeonradivoev-mini-quadcopter,simeonradivoev-mini-quadcopter-raw-speed-takes,freesound:383904,10.0,constant_velocity,14189773874213735854,4.5,1024,512,64,1.0,recorded_source_approximation,station_id|estimator_variant|source_model,held_out_independent_recording_tracking_feasibility
1.2289791666666665,equal_weight_srp_phat,False,False,uninitialized,initialization_failed:no_observable_hypothesis,78.60285416666666,51.3130625,41.84346875,nan,nan,nan,nan,nan,nan,False,0,before_manoeuvre,nan,nan,prediction_without_correction,False,0,4,evaluation,recorded_source_approximation,freesound-383904-simeonradivoev-mini-quadcopter,simeonradivoev-mini-quadcopter-raw-speed-takes,freesound:383904,10.0,constant_velocity,14189773874213735854,4.5,1024,512,64,1.0,recorded_source_approximation,station_id|estimator_variant|source_model,held_out_independent_recording_tracking_feasibility
1.2439791666666666,equal_weight_srp_phat,False,False,uninitialized,initialization_failed:no_observable_hypothesis,78.70785416666666,51.2680625,41.86596875,nan,nan,nan,nan,nan,nan,False,0,before_manoeuvre,nan,nan,prediction_without_correction,False,1,4,evaluation,recorded_source_approximation,freesound-383904-simeonradivoev-mini-quadcopter,simeonradivoev-mini-quadcopter-raw-speed-takes,freesound:383904,10.0,constant_velocity,14189773874213735854,4.5,1024,512,64,1.0,recorded_source_approximation,station_id|estimator_variant|source_model,held_out_independent_recording_tracking_feasibility
1.8966458333333334,equal_weight_srp_phat,False,False,computational_budget_exceeded,computational_budget_exceeded,83.27652083333334,49.3100625,42.84496875,nan,nan,nan,nan,nan,nan,False,0,before_manoeuvre,nan,nan,prediction_without_correction,False,4,4,evaluation,recorded_source_approximation,freesound-383904-simeonradivoev-mini-quadcopter,simeonradivoev-mini-quadcopter-raw-speed-takes,freesound:383904,10.0,constant_velocity,14189773874213735854,4.5,1024,512,64,1.0,recorded_source_approximation,station_id|estimator_variant|source_model,held_out_independent_recording_tracking_feasibility
1.9116458333333333,equal_weight_srp_phat,False,False,computational_budget_exceeded,computational_budget_exceeded,83.38152083333333,49.2650625,42.86746875,nan,nan,nan,nan,nan,nan,False,0,before_manoeuvre,nan,nan,prediction_without_correction,False,4,4,evaluation,recorded_source_approximation,freesound-383904-simeonradivoev-mini-quadcopter,simeonradivoev-mini-quadcopter-raw-speed-takes,freesound:383904,10.0,constant_velocity,14189773874213735854,4.5,1024,512,64,1.0,recorded_source_approximation,station_id|estimator_variant|source_model,held_out_independent_recording_tracking_feasibility
1.9266458333333334,equal_weight_srp_phat,False,False,computational_budget_exceeded,computational_budget_exceeded,83.48652083333333,49.2200625,42.88996875,nan,nan,nan,nan,nan,nan,False,0,before_manoeuvre,nan,nan,prediction_without_correction,False,4,4,evaluation,recorded_source_approximation,freesound-383904-simeonradivoev-mini-quadcopter,simeonradivoev-mini-quadcopter-raw-speed-takes,freesound:383904,10.0,constant_velocity,14189773874213735854,4.5,1024,512,64,1.0,recorded_source_approximation,station_id|estimator_variant|source_model,held_out_independent_recording_tracking_feasibility
2.5793125,equal_weight_srp_phat,False,False,computational_budget_exceeded,computational_budget_exceeded,88.0551875,47.2620625,43.86896875,nan,nan,nan,nan,nan,nan,False,0,during_manoeuvre,nan,nan,prediction_without_correction,False,4,4,evaluation,recorded_source_approximation,freesound-383904-simeonradivoev-mini-quadcopter,simeonradivoev-mini-quadcopter-raw-speed-takes,freesound:383904,10.0,constant_velocity,14189773874213735854,4.5,1024,512,64,1.0,recorded_source_approximation,station_id|estimator_variant|source_model,held_out_independent_recording_tracking_feasibility
2.5943125,equal_weight_srp_phat,False,False,computational_budget_exceeded,computational_budget_exceeded,88.1601875,47.2170625,43.89146875,nan,nan,nan,nan,nan,nan,False,0,during_manoeuvre,nan,nan,prediction_without_correction,False,4,4,evaluation,recorded_source_approximation,freesound-383904-simeonradivoev-mini-quadcopter,simeonradivoev-mini-quadcopter-raw-speed-takes,freesound:383904,10.0,constant_velocity,14189773874213735854,4.5,1024,512,64,1.0,recorded_source_approximation,station_id|estimator_variant|source_model,held_out_independent_recording_tracking_feasibility
2.6093124999999997,equal_weight_srp_phat,False,False,computational_budget_exceeded,computational_budget_exceeded,88.2651875,47.1720625,43.91396875,nan,nan,nan,nan,nan,nan,False,0,during_manoeuvre,nan,nan,prediction_without_correction,False,4,4,evaluation,recorded_source_approximation,freesound-383904-simeonradivoev-mini-quadcopter,simeonradivoev-mini-quadcopter-raw-speed-takes,freesound:383904,10.0,constant_velocity,14189773874213735854,4.5,1024,512,64,1.0,recorded_source_approximation,station_id|estimator_variant|source_model,held_out_independent_recording_tracking_feasibility
3.2619791666666664,equal_weight_srp_phat,False,False,computational_budget_exceeded,computational_budget_exceeded,92.83385416666667,45.2140625,44.89296875,nan,nan,nan,nan,nan,nan,False,0,during_manoeuvre,nan,nan,prediction_without_correction,False,4,4,evaluation,recorded_source_approximation,freesound-383904-simeonradivoev-mini-quadcopter,simeonradivoev-mini-quadcopter-raw-speed-takes,freesound:383904,10.0,constant_velocity,14189773874213735854,4.5,1024,512,64,1.0,recorded_source_approximation,station_id|estimator_variant|source_model,held_out_independent_recording_tracking_feasibility
3.2769791666666666,equal_weight_srp_phat,False,False,computational_budget_exceeded,computational_budget_exceeded,92.93885416666666,45.1690625,44.91546875,nan,nan,nan,nan,nan,nan,False,0,during_manoeuvre,nan,nan,prediction_without_correction,False,4,4,evaluation,recorded_source_approximation,freesound-383904-simeonradivoev-mini-quadcopter,simeonradivoev-mini-quadcopter-raw-speed-takes,freesound:383904,10.0,constant_velocity,14189773874213735854,4.5,1024,512,64,1.0,recorded_source_approximation,station_id|estimator_variant|source_model,held_out_independent_recording_tracking_feasibility
3.2919791666666662,equal_weight_srp_phat,False,False,computational_budget_exceeded,computational_budget_exceeded,93.04385416666666,45.1240625,44.937968749999996,nan,nan,nan,nan,nan,nan,False,0,during_manoeuvre,nan,nan,prediction_without_correction,False,4,4,evaluation,recorded_source_approximation,freesound-383904-simeonradivoev-mini-quadcopter,simeonradivoev-mini-quadcopter-raw-speed-takes,freesound:383904,10.0,constant_velocity,14189773874213735854,4.5,1024,512,64,1.0,recorded_source_approximation,station_id|estimator_variant|source_model,held_out_independent_recording_tracking_feasibility
3.944645833333333,equal_weight_srp_phat,False,False,computational_budget_exceeded,computational_budget_exceeded,97.61252083333333,43.1660625,45.91696875,nan,nan,nan,nan,nan,nan,False,0,after_manoeuvre,nan,nan,prediction_without_correction,False,4,4,evaluation,recorded_source_approximation,freesound-383904-simeonradivoev-mini-quadcopter,simeonradivoev-mini-quadcopter-raw-speed-takes,freesound:383904,10.0,constant_velocity,14189773874213735854,4.5,1024,512,64,1.0,recorded_source_approximation,station_id|estimator_variant|source_model,held_out_independent_recording_tracking_feasibility
3.959645833333333,equal_weight_srp_phat,False,False,computational_budget_exceeded,computational_budget_exceeded,97.71752083333334,43.1210625,45.93946875,nan,nan,nan,nan,nan,nan,False,0,after_manoeuvre,nan,nan,prediction_without_correction,False,4,4,evaluation,recorded_source_approximation,freesound-383904-simeonradivoev-mini-quadcopter,simeonradivoev-mini-quadcopter-raw-speed-takes,freesound:383904,10.0,constant_velocity,14189773874213735854,4.5,1024,512,64,1.0,recorded_source_approximation,station_id|estimator_variant|source_model,held_out_independent_recording_tracking_feasibility
3.9746458333333328,equal_weight_srp_phat,False,False,computational_budget_exceeded,computational_budget_exceeded,97.82252083333333,43.076062500000006,45.96196875,nan,nan,nan,nan,nan,nan,False,0,after_manoeuvre,nan,nan,prediction_without_correction,False,4,4,evaluation,recorded_source_approximation,freesound-383904-simeonradivoev-mini-quadcopter,simeonradivoev-mini-quadcopter-raw-speed-takes,freesound:383904,10.0,constant_velocity,14189773874213735854,4.5,1024,512,64,1.0,recorded_source_approximation,station_id|estimator_variant|source_model,held_out_independent_recording_tracking_feasibility
4.6273124999999995,equal_weight_srp_phat,False,False,computational_budget_exceeded,computational_budget_exceeded,102.3911875,41.1180625,46.940968749999996,nan,nan,nan,nan,nan,nan,False,0,after_manoeuvre,nan,nan,prediction_without_correction,False,4,4,evaluation,recorded_source_approximation,freesound-383904-simeonradivoev-mini-quadcopter,simeonradivoev-mini-quadcopter-raw-speed-takes,freesound:383904,10.0,constant_velocity,14189773874213735854,4.5,1024,512,64,1.0,recorded_source_approximation,station_id|estimator_variant|source_model,held_out_independent_recording_tracking_feasibility
4.642312499999999,equal_weight_srp_phat,False,False,computational_budget_exceeded,computational_budget_exceeded,102.49618749999999,41.073062500000006,46.96346875,nan,nan,nan,nan,nan,nan,False,0,after_manoeuvre,nan,nan,prediction_without_correction,False,4,4,evaluation,recorded_source_approximation,freesound-383904-simeonradivoev-mini-quadcopter,simeonradivoev-mini-quadcopter-raw-speed-takes,freesound:383904,10.0,constant_velocity,14189773874213735854,4.5,1024,512,64,1.0,recorded_source_approximation,station_id|estimator_variant|source_model,held_out_independent_recording_tracking_feasibility
4.6573125,equal_weight_srp_phat,False,False,computational_budget_exceeded,computational_budget_exceeded,102.6011875,41.028062500000004,46.98596875,nan,nan,nan,nan,nan,nan,False,0,after_manoeuvre,nan,nan,prediction_without_correction,False,4,4,evaluation,recorded_source_approximation,freesound-383904-simeonradivoev-mini-quadcopter,simeonradivoev-mini-quadcopter-raw-speed-takes,freesound:383904,10.0,constant_velocity,14189773874213735854,4.5,1024,512,64,1.0,recorded_source_approximation,station_id|estimator_variant|source_model,held_out_independent_recording_tracking_feasibility
0.5313125,all_6_equal_gcc_wls,False,False,uninitialized,initialization_failed:no_observable_hypothesis,73.7191875,53.4060625,40.79696875,nan,nan,nan,nan,nan,nan,False,0,before_manoeuvre,nan,nan,prediction_without_correction,False,0,4,evaluation,random_broadband,freesound-383904-simeonradivoev-mini-quadcopter,simeonradivoev-mini-quadcopter-raw-speed-takes,freesound:383904,10.0,constant_velocity,14189773874213735854,4.5,1024,512,64,1.0,random_broadband,station_id|estimator_variant|source_model,held_out_independent_recording_tracking_feasibility
0.5463125,all_6_equal_gcc_wls,False,False,uninitialized,initialization_failed:no_observable_hypothesis,73.8241875,53.3610625,40.81946875,nan,nan,nan,nan,nan,nan,False,0,before_manoeuvre,nan,nan,prediction_without_correction,False,0,4,evaluation,random_broadband,freesound-383904-simeonradivoev-mini-quadcopter,simeonradivoev-mini-quadcopter-raw-speed-takes,freesound:383904,10.0,constant_velocity,14189773874213735854,4.5,1024,512,64,1.0,random_broadband,station_id|estimator_variant|source_model,held_out_independent_recording_tracking_feasibility
0.5613125,all_6_equal_gcc_wls,False,False,uninitialized,initialization_failed:no_observable_hypothesis,73.9291875,53.3160625,40.84196875,nan,nan,nan,nan,nan,nan,False,0,before_manoeuvre,nan,nan,prediction_without_correction,False,0,4,evaluation,random_broadband,freesound-383904-simeonradivoev-mini-quadcopter,simeonradivoev-mini-quadcopter-raw-speed-takes,freesound:383904,10.0,constant_velocity,14189773874213735854,4.5,1024,512,64,1.0,random_broadband,station_id|estimator_variant|source_model,held_out_independent_recording_tracking_feasibility
1.2139791666666666,all_6_equal_gcc_wls,False,False,uninitialized,initialization_failed:no_observable_hypothesis,78.49785416666667,51.3580625,41.82096875,nan,nan,nan,nan,nan,nan,False,0,before_manoeuvre,nan,nan,prediction_without_correction,False,0,4,evaluation,random_broadband,freesound-383904-simeonradivoev-mini-quadcopter,simeonradivoev-mini-quadcopter-raw-speed-takes,freesound:383904,10.0,constant_velocity,14189773874213735854,4.5,1024,512,64,1.0,random_broadband,station_id|estimator_variant|source_model,held_out_independent_recording_tracking_feasibility
1.2289791666666665,all_6_equal_gcc_wls,False,False,uninitialized,initialization_failed:no_observable_hypothesis,78.60285416666666,51.3130625,41.84346875,nan,nan,nan,nan,nan,nan,False,0,before_manoeuvre,nan,nan,prediction_without_correction,False,0,4,evaluation,random_broadband,freesound-383904-simeonradivoev-mini-quadcopter,simeonradivoev-mini-quadcopter-raw-speed-takes,freesound:383904,10.0,constant_velocity,14189773874213735854,4.5,1024,512,64,1.0,random_broadband,station_id|estimator_variant|source_model,held_out_independent_recording_tracking_feasibility
1.2439791666666666,all_6_equal_gcc_wls,False,False,tentative,tentative_initialization_unconfirmed,78.70785416666666,51.2680625,41.86596875,nan,nan,nan,nan,nan,nan,False,0,before_manoeuvre,nan,nan,prediction_without_correction,False,1,4,evaluation,random_broadband,freesound-383904-simeonradivoev-mini-quadcopter,simeonradivoev-mini-quadcopter-raw-speed-takes,freesound:383904,10.0,constant_velocity,14189773874213735854,4.5,1024,512,64,1.0,random_broadband,station_id|estimator_variant|source_model,held_out_independent_recording_tracking_feasibility
1.8966458333333334,all_6_equal_gcc_wls,False,False,tentative,tentative_initialization_unconfirmed,83.27652083333334,49.3100625,42.84496875,nan,nan,nan,nan,nan,nan,False,0,before_manoeuvre,nan,nan,prediction_without_correction,False,1,4,evaluation,random_broadband,freesound-383904-simeonradivoev-mini-quadcopter,simeonradivoev-mini-quadcopter-raw-speed-takes,freesound:383904,10.0,constant_velocity,14189773874213735854,4.5,1024,512,64,1.0,random_broadband,station_id|estimator_variant|source_model,held_out_independent_recording_tracking_feasibility
1.9116458333333333,all_6_equal_gcc_wls,False,False,tentative,tentative_initialization_unconfirmed,83.38152083333333,49.2650625,42.86746875,nan,nan,nan,nan,nan,nan,False,0,before_manoeuvre,nan,nan,prediction_without_correction,False,1,4,evaluation,random_broadband,freesound-383904-simeonradivoev-mini-quadcopter,simeonradivoev-mini-quadcopter-raw-speed-takes,freesound:383904,10.0,constant_velocity,14189773874213735854,4.5,1024,512,64,1.0,random_broadband,station_id|estimator_variant|source_model,held_out_independent_recording_tracking_feasibility
1.9266458333333334,all_6_equal_gcc_wls,False,False,tentative,tentative_initialization_unconfirmed,83.48652083333333,49.2200625,42.88996875,nan,nan,nan,nan,nan,nan,False,0,before_manoeuvre,nan,nan,prediction_without_correction,False,1,4,evaluation,random_broadband,freesound-383904-simeonradivoev-mini-quadcopter,simeonradivoev-mini-quadcopter-raw-speed-takes,freesound:383904,10.0,constant_velocity,14189773874213735854,4.5,1024,512,64,1.0,random_broadband,station_id|estimator_variant|source_model,held_out_independent_recording_tracking_feasibility
2.5793125,all_6_equal_gcc_wls,True,True,confirmed,,88.0551875,47.2620625,43.86896875,88.10740709778412,47.24363264379494,43.903682834081614,0.06535758277429973,0.04260513931207361,0.03909549079287644,True,0,during_manoeuvre,nan,nan,prediction_without_correction,False,2,4,evaluation,random_broadband,freesound-383904-simeonradivoev-mini-quadcopter,simeonradivoev-mini-quadcopter-raw-speed-takes,freesound:383904,10.0,constant_velocity,14189773874213735854,4.5,1024,512,64,1.0,random_broadband,station_id|estimator_variant|source_model,held_out_independent_recording_tracking_feasibility
2.5943125,all_6_equal_gcc_wls,True,True,confirmed,,88.1601875,47.2170625,43.89146875,88.21288414293338,47.19836386893648,43.926512390643666,0.06598963350147347,0.04260513931207361,0.03318217121767804,True,0,during_manoeuvre,nan,nan,prediction_without_correction,False,2,4,evaluation,random_broadband,freesound-383904-simeonradivoev-mini-quadcopter,simeonradivoev-mini-quadcopter-raw-speed-takes,freesound:383904,10.0,constant_velocity,14189773874213735854,4.5,1024,512,64,1.0,random_broadband,station_id|estimator_variant|source_model,held_out_independent_recording_tracking_feasibility
2.6093124999999997,all_6_equal_gcc_wls,True,True,confirmed,,88.2651875,47.1720625,43.91396875,88.31836118808263,47.15309509407803,43.94934194720572,0.06662181829005237,0.04260513931207361,0.03214357652298599,True,0,during_manoeuvre,nan,nan,prediction_without_correction,False,2,4,evaluation,random_broadband,freesound-383904-simeonradivoev-mini-quadcopter,simeonradivoev-mini-quadcopter-raw-speed-takes,freesound:383904,10.0,constant_velocity,14189773874213735854,4.5,1024,512,64,1.0,random_broadband,station_id|estimator_variant|source_model,held_out_independent_recording_tracking_feasibility
3.2619791666666664,all_6_equal_gcc_wls,True,True,confirmed,,92.83385416666667,45.2140625,44.89296875,92.93681563113357,45.13855310549803,44.90193671671178,0.1279967040597753,0.06491060616033761,0.08500533945757426,True,0,during_manoeuvre,3.2619791666666664,0.0,measurement_correction_available,False,2,4,evaluation,random_broadband,freesound-383904-simeonradivoev-mini-quadcopter,simeonradivoev-mini-quadcopter-raw-speed-takes,freesound:383904,10.0,constant_velocity,14189773874213735854,4.5,1024,512,64,1.0,random_broadband,station_id|estimator_variant|source_model,held_out_independent_recording_tracking_feasibility
3.2769791666666666,all_6_equal_gcc_wls,True,True,confirmed,,92.93885416666666,45.1690625,44.91546875,92.92739887761985,45.071256190730296,44.873620457500394,0.10699802505298997,0.06612062342861766,0.06735086851719568,True,0,during_manoeuvre,3.2769791666666666,0.0,measurement_correction_available,False,2,4,evaluation,random_broadband,freesound-383904-simeonradivoev-mini-quadcopter,simeonradivoev-mini-quadcopter-raw-speed-takes,freesound:383904,10.0,constant_velocity,14189773874213735854,4.5,1024,512,64,1.0,random_broadband,station_id|estimator_variant|source_model,held_out_independent_recording_tracking_feasibility
3.2919791666666662,all_6_equal_gcc_wls,True,True,confirmed,,93.04385416666666,45.1240625,44.937968749999996,93.02908820933465,45.096197614178365,44.95928454143109,0.03806374025391594,0.04165886544835131,0.028588004319066714,True,0,during_manoeuvre,3.2919791666666662,0.0,measurement_correction_available,False,2,4,evaluation,random_broadband,freesound-383904-simeonradivoev-mini-quadcopter,simeonradivoev-mini-quadcopter-raw-speed-takes,freesound:383904,10.0,constant_velocity,14189773874213735854,4.5,1024,512,64,1.0,random_broadband,station_id|estimator_variant|source_model,held_out_independent_recording_tracking_feasibility
3.944645833333333,all_6_equal_gcc_wls,True,True,confirmed,,97.61252083333333,43.1660625,45.91696875,97.63880988257225,43.055715274893444,45.81146294804691,0.15491642406268194,0.13654437599972766,0.07005119850782489,True,0,after_manoeuvre,3.944645833333333,0.0,measurement_correction_available,False,2,4,evaluation,random_broadband,freesound-383904-simeonradivoev-mini-quadcopter,simeonradivoev-mini-quadcopter-raw-speed-takes,freesound:383904,10.0,constant_velocity,14189773874213735854,4.5,1024,512,64,1.0,random_broadband,station_id|estimator_variant|source_model,held_out_independent_recording_tracking_feasibility
3.959645833333333,all_6_equal_gcc_wls,True,True,confirmed,,97.71752083333334,43.1210625,45.93946875,97.7299651078048,42.94157452446406,45.89936527035053,0.1843341596370779,0.1523766985000093,0.1918238227224525,True,0,after_manoeuvre,3.959645833333333,0.0,measurement_correction_available,False,2,4,evaluation,random_broadband,freesound-383904-simeonradivoev-mini-quadcopter,simeonradivoev-mini-quadcopter-raw-speed-takes,freesound:383904,10.0,constant_velocity,14189773874213735854,4.5,1024,512,64,1.0,random_broadband,station_id|estimator_variant|source_model,held_out_independent_recording_tracking_feasibility
3.9746458333333328,all_6_equal_gcc_wls,True,True,confirmed,,97.82252083333333,43.076062500000006,45.96196875,97.84157745530824,42.97125391651206,45.98485647446741,0.10895798247554181,0.08689749140295097,0.13434249114775393,True,0,after_manoeuvre,3.9746458333333328,0.0,measurement_correction_available,False,2,4,evaluation,random_broadband,freesound-383904-simeonradivoev-mini-quadcopter,simeonradivoev-mini-quadcopter-raw-speed-takes,freesound:383904,10.0,constant_velocity,14189773874213735854,4.5,1024,512,64,1.0,random_broadband,station_id|estimator_variant|source_model,held_out_independent_recording_tracking_feasibility
4.6273124999999995,all_6_equal_gcc_wls,True,True,confirmed,,102.3911875,41.1180625,46.940968749999996,102.3799076159275,41.19725890777916,46.95795750261794,0.08177973162908656,0.13667388972882663,0.022620294905165313,True,0,after_manoeuvre,4.6273124999999995,0.0,measurement_correction_available,False,2,4,evaluation,random_broadband,freesound-383904-simeonradivoev-mini-quadcopter,simeonradivoev-mini-quadcopter-raw-speed-takes,freesound:383904,10.0,constant_velocity,14189773874213735854,4.5,1024,512,64,1.0,random_broadband,station_id|estimator_variant|source_model,held_out_independent_recording_tracking_feasibility
4.642312499999999,all_6_equal_gcc_wls,True,True,confirmed,,102.49618749999999,41.073062500000006,46.96346875,102.5203020696578,41.128428556082206,47.021080518967246,0.08346273755044431,0.10609772720237998,0.027870362921363516,True,0,after_manoeuvre,4.642312499999999,0.0,measurement_correction_available,False,2,4,evaluation,random_broadband,freesound-383904-simeonradivoev-mini-quadcopter,simeonradivoev-mini-quadcopter-raw-speed-takes,freesound:383904,10.0,constant_velocity,14189773874213735854,4.5,1024,512,64,1.0,random_broadband,station_id|estimator_variant|source_model,held_out_independent_recording_tracking_feasibility
4.6573125,all_6_equal_gcc_wls,True,True,confirmed,,102.6011875,41.028062500000004,46.98596875,102.62753901905009,41.117008548142586,47.07955373718769,0.13177234862955886,0.14064989329460567,0.07225676061530245,True,0,after_manoeuvre,4.6573125,0.0,measurement_correction_available,False,2,4,evaluation,random_broadband,freesound-383904-simeonradivoev-mini-quadcopter,simeonradivoev-mini-quadcopter-raw-speed-takes,freesound:383904,10.0,constant_velocity,14189773874213735854,4.5,1024,512,64,1.0,random_broadband,station_id|estimator_variant|source_model,held_out_independent_recording_tracking_feasibility
0.5313125,equal_weight_srp_phat,False,False,uninitialized,initialization_failed:no_observable_hypothesis,73.7191875,53.4060625,40.79696875,nan,nan,nan,nan,nan,nan,False,0,before_manoeuvre,nan,nan,prediction_without_correction,False,0,4,evaluation,random_broadband,freesound-383904-simeonradivoev-mini-quadcopter,simeonradivoev-mini-quadcopter-raw-speed-takes,freesound:383904,10.0,constant_velocity,14189773874213735854,4.5,1024,512,64,1.0,random_broadband,station_id|estimator_variant|source_model,held_out_independent_recording_tracking_feasibility
0.5463125,equal_weight_srp_phat,False,False,uninitialized,initialization_failed:no_observable_hypothesis,73.8241875,53.3610625,40.81946875,nan,nan,nan,nan,nan,nan,False,0,before_manoeuvre,nan,nan,prediction_without_correction,False,0,4,evaluation,random_broadband,freesound-383904-simeonradivoev-mini-quadcopter,simeonradivoev-mini-quadcopter-raw-speed-takes,freesound:383904,10.0,constant_velocity,14189773874213735854,4.5,1024,512,64,1.0,random_broadband,station_id|estimator_variant|source_model,held_out_independent_recording_tracking_feasibility
0.5613125,equal_weight_srp_phat,False,False,uninitialized,initialization_failed:no_observable_hypothesis,73.9291875,53.3160625,40.84196875,nan,nan,nan,nan,nan,nan,False,0,before_manoeuvre,nan,nan,prediction_without_correction,False,0,4,evaluation,random_broadband,freesound-383904-simeonradivoev-mini-quadcopter,simeonradivoev-mini-quadcopter-raw-speed-takes,freesound:383904,10.0,constant_velocity,14189773874213735854,4.5,1024,512,64,1.0,random_broadband,station_id|estimator_variant|source_model,held_out_independent_recording_tracking_feasibility
1.2139791666666666,equal_weight_srp_phat,False,False,uninitialized,initialization_failed:no_observable_hypothesis,78.49785416666667,51.3580625,41.82096875,nan,nan,nan,nan,nan,nan,False,0,before_manoeuvre,nan,nan,prediction_without_correction,False,0,4,evaluation,random_broadband,freesound-383904-simeonradivoev-mini-quadcopter,simeonradivoev-mini-quadcopter-raw-speed-takes,freesound:383904,10.0,constant_velocity,14189773874213735854,4.5,1024,512,64,1.0,random_broadband,station_id|estimator_variant|source_model,held_out_independent_recording_tracking_feasibility
1.2289791666666665,equal_weight_srp_phat,False,False,uninitialized,initialization_failed:no_observable_hypothesis,78.60285416666666,51.3130625,41.84346875,nan,nan,nan,nan,nan,nan,False,0,before_manoeuvre,nan,nan,prediction_without_correction,False,0,4,evaluation,random_broadband,freesound-383904-simeonradivoev-mini-quadcopter,simeonradivoev-mini-quadcopter-raw-speed-takes,freesound:383904,10.0,constant_velocity,14189773874213735854,4.5,1024,512,64,1.0,random_broadband,station_id|estimator_variant|source_model,held_out_independent_recording_tracking_feasibility
1.2439791666666666,equal_weight_srp_phat,False,False,tentative,tentative_initialization_unconfirmed,78.70785416666666,51.2680625,41.86596875,nan,nan,nan,nan,nan,nan,False,0,before_manoeuvre,nan,nan,prediction_without_correction,False,1,4,evaluation,random_broadband,freesound-383904-simeonradivoev-mini-quadcopter,simeonradivoev-mini-quadcopter-raw-speed-takes,freesound:383904,10.0,constant_velocity,14189773874213735854,4.5,1024,512,64,1.0,random_broadband,station_id|estimator_variant|source_model,held_out_independent_recording_tracking_feasibility
1.8966458333333334,equal_weight_srp_phat,False,False,tentative,tentative_initialization_unconfirmed,83.27652083333334,49.3100625,42.84496875,nan,nan,nan,nan,nan,nan,False,0,before_manoeuvre,nan,nan,prediction_without_correction,False,1,4,evaluation,random_broadband,freesound-383904-simeonradivoev-mini-quadcopter,simeonradivoev-mini-quadcopter-raw-speed-takes,freesound:383904,10.0,constant_velocity,14189773874213735854,4.5,1024,512,64,1.0,random_broadband,station_id|estimator_variant|source_model,held_out_independent_recording_tracking_feasibility
1.9116458333333333,equal_weight_srp_phat,False,False,tentative,tentative_initialization_unconfirmed,83.38152083333333,49.2650625,42.86746875,nan,nan,nan,nan,nan,nan,False,0,before_manoeuvre,nan,nan,prediction_without_correction,False,1,4,evaluation,random_broadband,freesound-383904-simeonradivoev-mini-quadcopter,simeonradivoev-mini-quadcopter-raw-speed-takes,freesound:383904,10.0,constant_velocity,14189773874213735854,4.5,1024,512,64,1.0,random_broadband,station_id|estimator_variant|source_model,held_out_independent_recording_tracking_feasibility
1.9266458333333334,equal_weight_srp_phat,False,False,tentative,tentative_initialization_unconfirmed,83.48652083333333,49.2200625,42.88996875,nan,nan,nan,nan,nan,nan,False,0,before_manoeuvre,nan,nan,prediction_without_correction,False,1,4,evaluation,random_broadband,freesound-383904-simeonradivoev-mini-quadcopter,simeonradivoev-mini-quadcopter-raw-speed-takes,freesound:383904,10.0,constant_velocity,14189773874213735854,4.5,1024,512,64,1.0,random_broadband,station_id|estimator_variant|source_model,held_out_independent_recording_tracking_feasibility
2.5793125,equal_weight_srp_phat,True,True,confirmed,,88.0551875,47.2620625,43.86896875,88.11017405091805,47.247375966364594,43.90385059072173,0.06675296146406423,0.04231523429733583,0.039089484131634884,True,0,during_manoeuvre,nan,nan,prediction_without_correction,False,2,4,evaluation,random_broadband,freesound-383904-simeonradivoev-mini-quadcopter,simeonradivoev-mini-quadcopter-raw-speed-takes,freesound:383904,10.0,constant_velocity,14189773874213735854,4.5,1024,512,64,1.0,random_broadband,station_id|estimator_variant|source_model,held_out_independent_recording_tracking_feasibility
2.5943125,equal_weight_srp_phat,True,True,confirmed,,88.1601875,47.2170625,43.89146875,88.21566327133667,47.202142815881224,43.926681021533206,0.06737998401698722,0.04231523429733583,0.03352523602387348,True,0,during_manoeuvre,nan,nan,prediction_without_correction,False,2,4,evaluation,random_broadband,freesound-383904-simeonradivoev-mini-quadcopter,simeonradivoev-mini-quadcopter-raw-speed-takes,freesound:383904,10.0,constant_velocity,14189773874213735854,4.5,1024,512,64,1.0,random_broadband,station_id|estimator_variant|source_model,held_out_independent_recording_tracking_feasibility
2.6093124999999997,equal_weight_srp_phat,True,True,confirmed,,88.2651875,47.1720625,43.91396875,88.32115249175529,47.156909665397855,43.94951145234468,0.06800714954041215,0.04231523429733583,0.03258197406144598,True,0,during_manoeuvre,nan,nan,prediction_without_correction,False,2,4,evaluation,random_broadband,freesound-383904-simeonradivoev-mini-quadcopter,simeonradivoev-mini-quadcopter-raw-speed-takes,freesound:383904,10.0,constant_velocity,14189773874213735854,4.5,1024,512,64,1.0,random_broadband,station_id|estimator_variant|source_model,held_out_independent_recording_tracking_feasibility
3.2619791666666664,equal_weight_srp_phat,True,True,confirmed,,92.83385416666667,45.2140625,44.89296875,92.94077852604246,45.14109489936237,44.90359178550382,0.12988432643722547,0.06545845698974581,0.08693819077239262,True,0,during_manoeuvre,3.2619791666666664,0.0,measurement_correction_available,False,2,4,evaluation,random_broadband,freesound-383904-simeonradivoev-mini-quadcopter,simeonradivoev-mini-quadcopter-raw-speed-takes,freesound:383904,10.0,constant_velocity,14189773874213735854,4.5,1024,512,64,1.0,random_broadband,station_id|estimator_variant|source_model,held_out_independent_recording_tracking_feasibility
3.2769791666666666,equal_weight_srp_phat,True,True,confirmed,,92.93885416666666,45.1690625,44.91546875,92.92942252861685,45.072945876184484,44.87471678066309,0.10482406295709429,0.0657928714665911,0.0652024097185863,True,0,during_manoeuvre,3.2769791666666666,0.0,measurement_correction_available,False,2,4,evaluation,random_broadband,freesound-383904-simeonradivoev-mini-quadcopter,simeonradivoev-mini-quadcopter-raw-speed-takes,freesound:383904,10.0,constant_velocity,14189773874213735854,4.5,1024,512,64,1.0,random_broadband,station_id|estimator_variant|source_model,held_out_independent_recording_tracking_feasibility
3.2919791666666662,equal_weight_srp_phat,True,True,confirmed,,93.04385416666666,45.1240625,44.937968749999996,93.03146161742883,45.094968190907146,44.95751411839712,0.03717627635982362,0.041903294787956465,0.02737513472301633,True,0,during_manoeuvre,3.2919791666666662,0.0,measurement_correction_available,False,2,4,evaluation,random_broadband,freesound-383904-simeonradivoev-mini-quadcopter,simeonradivoev-mini-quadcopter-raw-speed-takes,freesound:383904,10.0,constant_velocity,14189773874213735854,4.5,1024,512,64,1.0,random_broadband,station_id|estimator_variant|source_model,held_out_independent_recording_tracking_feasibility
3.944645833333333,equal_weight_srp_phat,True,True,confirmed,,97.61252083333333,43.1660625,45.91696875,97.64078603534018,43.055679425105794,45.80893041386156,0.1570211034961591,0.13738612967203137,0.07298020034013249,True,0,after_manoeuvre,3.944645833333333,0.0,measurement_correction_available,False,2,4,evaluation,random_broadband,freesound-383904-simeonradivoev-mini-quadcopter,simeonradivoev-mini-quadcopter-raw-speed-takes,freesound:383904,10.0,constant_velocity,14189773874213735854,4.5,1024,512,64,1.0,random_broadband,station_id|estimator_variant|source_model,held_out_independent_recording_tracking_feasibility
3.959645833333333,equal_weight_srp_phat,True,True,confirmed,,97.71752083333334,43.1210625,45.93946875,97.72887418367509,42.94036889218582,45.89672464861491,0.18602724712284943,0.15320583515805333,0.1918603482205303,True,0,after_manoeuvre,3.959645833333333,0.0,measurement_correction_available,False,2,4,evaluation,random_broadband,freesound-383904-simeonradivoev-mini-quadcopter,simeonradivoev-mini-quadcopter-raw-speed-takes,freesound:383904,10.0,constant_velocity,14189773874213735854,4.5,1024,512,64,1.0,random_broadband,station_id|estimator_variant|source_model,held_out_independent_recording_tracking_feasibility
3.9746458333333328,equal_weight_srp_phat,True,True,confirmed,,97.82252083333333,43.076062500000006,45.96196875,97.84013696662458,42.96762353427118,45.98045642726957,0.11140525863394452,0.08845524769289928,0.13594905844459335,True,0,after_manoeuvre,3.9746458333333328,0.0,measurement_correction_available,False,2,4,evaluation,random_broadband,freesound-383904-simeonradivoev-mini-quadcopter,simeonradivoev-mini-quadcopter-raw-speed-takes,freesound:383904,10.0,constant_velocity,14189773874213735854,4.5,1024,512,64,1.0,random_broadband,station_id|estimator_variant|source_model,held_out_independent_recording_tracking_feasibility
4.6273124999999995,equal_weight_srp_phat,True,True,confirmed,,102.3911875,41.1180625,46.940968749999996,102.37554893901529,41.188309668075036,46.95653381908196,0.07363083992296385,0.1313723593899911,0.02064014797568131,True,0,after_manoeuvre,4.6273124999999995,0.0,measurement_correction_available,False,2,4,evaluation,random_broadband,freesound-383904-simeonradivoev-mini-quadcopter,simeonradivoev-mini-quadcopter-raw-speed-takes,freesound:383904,10.0,constant_velocity,14189773874213735854,4.5,1024,512,64,1.0,random_broadband,station_id|estimator_variant|source_model,held_out_independent_recording_tracking_feasibility
4.642312499999999,equal_weight_srp_phat,True,True,confirmed,,102.49618749999999,41.073062500000006,46.96346875,102.51771886919849,41.12269602099293,47.01726917478504,0.07629922655419714,0.10312105174481855,0.02578483512719148,True,0,after_manoeuvre,4.642312499999999,0.0,measurement_correction_available,False,2,4,evaluation,random_broadband,freesound-383904-simeonradivoev-mini-quadcopter,simeonradivoev-mini-quadcopter-raw-speed-takes,freesound:383904,10.0,constant_velocity,14189773874213735854,4.5,1024,512,64,1.0,random_broadband,station_id|estimator_variant|source_model,held_out_independent_recording_tracking_feasibility
4.6573125,equal_weight_srp_phat,True,True,confirmed,,102.6011875,41.028062500000004,46.98596875,102.62503649687729,41.11101901034527,47.07525715043974,0.1241892737469879,0.137405516335352,0.06529443598699443,True,0,after_manoeuvre,4.6573125,0.0,measurement_correction_available,False,2,4,evaluation,random_broadband,freesound-383904-simeonradivoev-mini-quadcopter,simeonradivoev-mini-quadcopter-raw-speed-takes,freesound:383904,10.0,constant_velocity,14189773874213735854,4.5,1024,512,64,1.0,random_broadband,station_id|estimator_variant|source_model,held_out_independent_recording_tracking_feasibility
0.5313125,all_6_equal_gcc_wls,False,False,uninitialized,initialization_failed:no_observable_hypothesis,74.4191875,53.0060625,41.04696875,nan,nan,nan,nan,nan,nan,False,0,before_manoeuvre,nan,nan,prediction_without_correction,False,0,4,evaluation,recorded_source_approximation,freesound-321687-n-audioman-drone-takeoff,n-audioman-quadcopter-takeoff-hover-distance,freesound:321687,-6.0,constant_velocity,18090356658712458261,4.5,1024,512,64,1.0,recorded_source_approximation,station_id|estimator_variant|source_model,held_out_independent_recording_tracking_feasibility
0.5463125,all_6_equal_gcc_wls,False,False,uninitialized,initialization_failed:no_observable_hypothesis,74.5241875,52.961062500000004,41.06946875,nan,nan,nan,nan,nan,nan,False,0,before_manoeuvre,nan,nan,prediction_without_correction,False,0,4,evaluation,recorded_source_approximation,freesound-321687-n-audioman-drone-takeoff,n-audioman-quadcopter-takeoff-hover-distance,freesound:321687,-6.0,constant_velocity,18090356658712458261,4.5,1024,512,64,1.0,recorded_source_approximation,station_id|estimator_variant|source_model,held_out_independent_recording_tracking_feasibility
0.5613125,all_6_equal_gcc_wls,False,False,uninitialized,initialization_failed:no_observable_hypothesis,74.6291875,52.9160625,41.09196875,nan,nan,nan,nan,nan,nan,False,0,before_manoeuvre,nan,nan,prediction_without_correction,False,0,4,evaluation,recorded_source_approximation,freesound-321687-n-audioman-drone-takeoff,n-audioman-quadcopter-takeoff-hover-distance,freesound:321687,-6.0,constant_velocity,18090356658712458261,4.5,1024,512,64,1.0,recorded_source_approximation,station_id|estimator_variant|source_model,held_out_independent_recording_tracking_feasibility
1.2139791666666666,all_6_equal_gcc_wls,False,False,uninitialized,initialization_failed:no_observable_hypothesis,79.19785416666667,50.958062500000004,42.07096875,nan,nan,nan,nan,nan,nan,False,0,before_manoeuvre,nan,nan,prediction_without_correction,False,0,4,evaluation,recorded_source_approximation,freesound-321687-n-audioman-drone-takeoff,n-audioman-quadcopter-takeoff-hover-distance,freesound:321687,-6.0,constant_velocity,18090356658712458261,4.5,1024,512,64,1.0,recorded_source_approximation,station_id|estimator_variant|source_model,held_out_independent_recording_tracking_feasibility
1.2289791666666665,all_6_equal_gcc_wls,False,False,uninitialized,initialization_failed:no_observable_hypothesis,79.30285416666666,50.9130625,42.09346875,nan,nan,nan,nan,nan,nan,False,0,before_manoeuvre,nan,nan,prediction_without_correction,False,0,4,evaluation,recorded_source_approximation,freesound-321687-n-audioman-drone-takeoff,n-audioman-quadcopter-takeoff-hover-distance,freesound:321687,-6.0,constant_velocity,18090356658712458261,4.5,1024,512,64,1.0,recorded_source_approximation,station_id|estimator_variant|source_model,held_out_independent_recording_tracking_feasibility
1.2439791666666666,all_6_equal_gcc_wls,False,False,tentative,tentative_initialization_unconfirmed,79.40785416666667,50.8680625,42.11596875,nan,nan,nan,nan,nan,nan,False,0,before_manoeuvre,nan,nan,prediction_without_correction,False,1,4,evaluation,recorded_source_approximation,freesound-321687-n-audioman-drone-takeoff,n-audioman-quadcopter-takeoff-hover-distance,freesound:321687,-6.0,constant_velocity,18090356658712458261,4.5,1024,512,64,1.0,recorded_source_approximation,station_id|estimator_variant|source_model,held_out_independent_recording_tracking_feasibility
1.8966458333333334,all_6_equal_gcc_wls,False,False,tentative,tentative_initialization_unconfirmed,83.97652083333334,48.9100625,43.09496875,nan,nan,nan,nan,nan,nan,False,0,before_manoeuvre,nan,nan,prediction_without_correction,False,1,4,evaluation,recorded_source_approximation,freesound-321687-n-audioman-drone-takeoff,n-audioman-quadcopter-takeoff-hover-distance,freesound:321687,-6.0,constant_velocity,18090356658712458261,4.5,1024,512,64,1.0,recorded_source_approximation,station_id|estimator_variant|source_model,held_out_independent_recording_tracking_feasibility
1.9116458333333333,all_6_equal_gcc_wls,False,False,tentative,tentative_initialization_unconfirmed,84.08152083333334,48.8650625,43.11746875,nan,nan,nan,nan,nan,nan,False,0,before_manoeuvre,nan,nan,prediction_without_correction,False,1,4,evaluation,recorded_source_approximation,freesound-321687-n-audioman-drone-takeoff,n-audioman-quadcopter-takeoff-hover-distance,freesound:321687,-6.0,constant_velocity,18090356658712458261,4.5,1024,512,64,1.0,recorded_source_approximation,station_id|estimator_variant|source_model,held_out_independent_recording_tracking_feasibility
1.9266458333333334,all_6_equal_gcc_wls,False,False,tentative,tentative_initialization_unconfirmed,84.18652083333333,48.8200625,43.13996875,nan,nan,nan,nan,nan,nan,False,0,before_manoeuvre,nan,nan,prediction_without_correction,False,1,4,evaluation,recorded_source_approximation,freesound-321687-n-audioman-drone-takeoff,n-audioman-quadcopter-takeoff-hover-distance,freesound:321687,-6.0,constant_velocity,18090356658712458261,4.5,1024,512,64,1.0,recorded_source_approximation,station_id|estimator_variant|source_model,held_out_independent_recording_tracking_feasibility
2.5793125,all_6_equal_gcc_wls,True,True,confirmed,,88.7551875,46.8620625,44.11896875,90.01619042661041,45.63227136237929,33.01829983164289,11.239544699767425,0.9092535033438692,0.5766865953810038,True,0,during_manoeuvre,nan,nan,prediction_without_correction,False,2,4,evaluation,recorded_source_approximation,freesound-321687-n-audioman-drone-takeoff,n-audioman-quadcopter-takeoff-hover-distance,freesound:321687,-6.0,constant_velocity,18090356658712458261,4.5,1024,512,64,1.0,recorded_source_approximation,station_id|estimator_variant|source_model,held_out_independent_recording_tracking_feasibility
2.5943125,all_6_equal_gcc_wls,True,True,confirmed,,88.8601875,46.8170625,44.14146875,90.12291377742783,45.59478112714373,33.02954592431499,11.250034590618723,0.9092535033438692,0.5765639623436795,True,0,during_manoeuvre,nan,nan,prediction_without_correction,False,2,4,evaluation,recorded_source_approximation,freesound-321687-n-audioman-drone-takeoff,n-audioman-quadcopter-takeoff-hover-distance,freesound:321687,-6.0,constant_velocity,18090356658712458261,4.5,1024,512,64,1.0,recorded_source_approximation,station_id|estimator_variant|source_model,held_out_independent_recording_tracking_feasibility
2.6093124999999997,all_6_equal_gcc_wls,True,True,confirmed,,88.9651875,46.772062500000004,44.16396875,90.22963712824524,45.557290891908174,33.04079201698708,11.260531228855745,0.9092535033438692,0.5764389393932995,True,0,during_manoeuvre,nan,nan,prediction_without_correction,False,2,4,evaluation,recorded_source_approximation,freesound-321687-n-audioman-drone-takeoff,n-audioman-quadcopter-takeoff-hover-distance,freesound:321687,-6.0,constant_velocity,18090356658712458261,4.5,1024,512,64,1.0,recorded_source_approximation,station_id|estimator_variant|source_model,held_out_independent_recording_tracking_feasibility
3.2619791666666664,all_6_equal_gcc_wls,True,True,confirmed,,93.53385416666667,44.814062500000006,45.14296875,96.15996111934938,42.98301173207936,29.283910487056538,16.178965159399613,2.5745683389764813,0.7114051146461257,True,0,during_manoeuvre,3.2619791666666664,0.0,measurement_correction_available,False,2,4,evaluation,recorded_source_approximation,freesound-321687-n-audioman-drone-takeoff,n-audioman-quadcopter-takeoff-hover-distance,freesound:321687,-6.0,constant_velocity,18090356658712458261,4.5,1024,512,64,1.0,recorded_source_approximation,station_id|estimator_variant|source_model,held_out_independent_recording_tracking_feasibility
3.2769791666666666,all_6_equal_gcc_wls,True,True,confirmed,,93.63885416666668,44.769062500000004,45.16546875,89.96932741666886,39.10592302699693,29.998548901825863,16.600362434012506,3.2625298129066858,0.8494640058644486,True,0,during_manoeuvre,3.2769791666666666,0.0,measurement_correction_available,False,2,4,evaluation,recorded_source_approximation,freesound-321687-n-audioman-drone-takeoff,n-audioman-quadcopter-takeoff-hover-distance,freesound:321687,-6.0,constant_velocity,18090356658712458261,4.5,1024,512,64,1.0,recorded_source_approximation,station_id|estimator_variant|source_model,held_out_independent_recording_tracking_feasibility
3.2919791666666662,all_6_equal_gcc_wls,True,True,confirmed,,93.74385416666667,44.7240625,45.187968749999996,89.95289852547383,41.91967945649789,32.06796275206472,13.941680899878303,2.444178110495396,0.8655467150915411,True,0,during_manoeuvre,3.2919791666666662,0.0,measurement_correction_available,False,2,4,evaluation,recorded_source_approximation,freesound-321687-n-audioman-drone-takeoff,n-audioman-quadcopter-takeoff-hover-distance,freesound:321687,-6.0,constant_velocity,18090356658712458261,4.5,1024,512,64,1.0,recorded_source_approximation,station_id|estimator_variant|source_model,held_out_independent_recording_tracking_feasibility
3.944645833333333,all_6_equal_gcc_wls,True,True,confirmed,,98.31252083333334,42.766062500000004,46.16696875,93.30333315857027,40.048438329264215,29.708308768427166,17.417374391204685,2.9642691180550225,1.0152842587714408,True,0,after_manoeuvre,3.944645833333333,0.0,measurement_correction_available,False,2,4,evaluation,recorded_source_approximation,freesound-321687-n-audioman-drone-takeoff,n-audioman-quadcopter-takeoff-hover-distance,freesound:321687,-6.0,constant_velocity,18090356658712458261,4.5,1024,512,64,1.0,recorded_source_approximation,station_id|estimator_variant|source_model,held_out_independent_recording_tracking_feasibility
3.959645833333333,all_6_equal_gcc_wls,True,True,confirmed,,98.41752083333333,42.7210625,46.18946875,107.26396867276635,47.73351165046887,30.604925047057346,18.60812425503374,4.254282484009643,1.6195281948397735,True,0,after_manoeuvre,3.959645833333333,0.0,measurement_correction_available,False,2,4,evaluation,recorded_source_approximation,freesound-321687-n-audioman-drone-takeoff,n-audioman-quadcopter-takeoff-hover-distance,freesound:321687,-6.0,constant_velocity,18090356658712458261,4.5,1024,512,64,1.0,recorded_source_approximation,station_id|estimator_variant|source_model,held_out_independent_recording_tracking_feasibility
3.9746458333333328,all_6_equal_gcc_wls,True,True,confirmed,,98.52252083333333,42.6760625,46.21196875,107.5969931104257,41.831309761162174,27.194271745899528,21.088680699305584,4.314046025880064,1.8574492646156577,True,0,after_manoeuvre,3.9746458333333328,0.0,measurement_correction_available,False,2,4,evaluation,recorded_source_approximation,freesound-321687-n-audioman-drone-takeoff,n-audioman-quadcopter-takeoff-hover-distance,freesound:321687,-6.0,constant_velocity,18090356658712458261,4.5,1024,512,64,1.0,recorded_source_approximation,station_id|estimator_variant|source_model,held_out_independent_recording_tracking_feasibility
4.6273124999999995,all_6_equal_gcc_wls,True,True,confirmed,,103.09118749999999,40.7180625,47.190968749999996,111.42675994004844,47.17387039169312,37.17827887605641,14.540054399812776,3.248002180253603,1.2757224634749529,True,0,after_manoeuvre,4.6273124999999995,0.0,measurement_correction_available,False,2,4,evaluation,recorded_source_approximation,freesound-321687-n-audioman-drone-takeoff,n-audioman-quadcopter-takeoff-hover-distance,freesound:321687,-6.0,constant_velocity,18090356658712458261,4.5,1024,512,64,1.0,recorded_source_approximation,station_id|estimator_variant|source_model,held_out_independent_recording_tracking_feasibility
4.642312499999999,all_6_equal_gcc_wls,True,True,confirmed,,103.1961875,40.6730625,47.21346875,110.28657749255825,44.862715022785125,39.17241642680665,11.51022766814728,2.58876002631429,1.2626058982420807,True,0,after_manoeuvre,4.642312499999999,0.0,measurement_correction_available,False,2,4,evaluation,recorded_source_approximation,freesound-321687-n-audioman-drone-takeoff,n-audioman-quadcopter-takeoff-hover-distance,freesound:321687,-6.0,constant_velocity,18090356658712458261,4.5,1024,512,64,1.0,recorded_source_approximation,station_id|estimator_variant|source_model,held_out_independent_recording_tracking_feasibility
4.6573125,all_6_equal_gcc_wls,True,True,confirmed,,103.3011875,40.6280625,47.23596875,110.32597502825408,43.56200305903642,38.48147769248606,11.601584404604594,2.285052917666161,1.3096533129033745,True,0,after_manoeuvre,4.6573125,0.0,measurement_correction_available,False,2,4,evaluation,recorded_source_approximation,freesound-321687-n-audioman-drone-takeoff,n-audioman-quadcopter-takeoff-hover-distance,freesound:321687,-6.0,constant_velocity,18090356658712458261,4.5,1024,512,64,1.0,recorded_source_approximation,station_id|estimator_variant|source_model,held_out_independent_recording_tracking_feasibility
0.5313125,equal_weight_srp_phat,False,False,uninitialized,initialization_failed:no_observable_hypothesis,74.4191875,53.0060625,41.04696875,nan,nan,nan,nan,nan,nan,False,0,before_manoeuvre,nan,nan,prediction_without_correction,False,0,4,evaluation,recorded_source_approximation,freesound-321687-n-audioman-drone-takeoff,n-audioman-quadcopter-takeoff-hover-distance,freesound:321687,-6.0,constant_velocity,18090356658712458261,4.5,1024,512,64,1.0,recorded_source_approximation,station_id|estimator_variant|source_model,held_out_independent_recording_tracking_feasibility
0.5463125,equal_weight_srp_phat,False,False,uninitialized,initialization_failed:no_observable_hypothesis,74.5241875,52.961062500000004,41.06946875,nan,nan,nan,nan,nan,nan,False,0,before_manoeuvre,nan,nan,prediction_without_correction,False,0,4,evaluation,recorded_source_approximation,freesound-321687-n-audioman-drone-takeoff,n-audioman-quadcopter-takeoff-hover-distance,freesound:321687,-6.0,constant_velocity,18090356658712458261,4.5,1024,512,64,1.0,recorded_source_approximation,station_id|estimator_variant|source_model,held_out_independent_recording_tracking_feasibility
0.5613125,equal_weight_srp_phat,False,False,uninitialized,initialization_failed:no_observable_hypothesis,74.6291875,52.9160625,41.09196875,nan,nan,nan,nan,nan,nan,False,0,before_manoeuvre,nan,nan,prediction_without_correction,False,0,4,evaluation,recorded_source_approximation,freesound-321687-n-audioman-drone-takeoff,n-audioman-quadcopter-takeoff-hover-distance,freesound:321687,-6.0,constant_velocity,18090356658712458261,4.5,1024,512,64,1.0,recorded_source_approximation,station_id|estimator_variant|source_model,held_out_independent_recording_tracking_feasibility
1.2139791666666666,equal_weight_srp_phat,False,False,uninitialized,initialization_failed:no_observable_hypothesis,79.19785416666667,50.958062500000004,42.07096875,nan,nan,nan,nan,nan,nan,False,0,before_manoeuvre,nan,nan,prediction_without_correction,False,0,4,evaluation,recorded_source_approximation,freesound-321687-n-audioman-drone-takeoff,n-audioman-quadcopter-takeoff-hover-distance,freesound:321687,-6.0,constant_velocity,18090356658712458261,4.5,1024,512,64,1.0,recorded_source_approximation,station_id|estimator_variant|source_model,held_out_independent_recording_tracking_feasibility
1.2289791666666665,equal_weight_srp_phat,False,False,uninitialized,initialization_failed:no_observable_hypothesis,79.30285416666666,50.9130625,42.09346875,nan,nan,nan,nan,nan,nan,False,0,before_manoeuvre,nan,nan,prediction_without_correction,False,0,4,evaluation,recorded_source_approximation,freesound-321687-n-audioman-drone-takeoff,n-audioman-quadcopter-takeoff-hover-distance,freesound:321687,-6.0,constant_velocity,18090356658712458261,4.5,1024,512,64,1.0,recorded_source_approximation,station_id|estimator_variant|source_model,held_out_independent_recording_tracking_feasibility
1.2439791666666666,equal_weight_srp_phat,False,False,tentative,tentative_initialization_unconfirmed,79.40785416666667,50.8680625,42.11596875,nan,nan,nan,nan,nan,nan,False,0,before_manoeuvre,nan,nan,prediction_without_correction,False,1,4,evaluation,recorded_source_approximation,freesound-321687-n-audioman-drone-takeoff,n-audioman-quadcopter-takeoff-hover-distance,freesound:321687,-6.0,constant_velocity,18090356658712458261,4.5,1024,512,64,1.0,recorded_source_approximation,station_id|estimator_variant|source_model,held_out_independent_recording_tracking_feasibility
1.8966458333333334,equal_weight_srp_phat,False,False,tentative,tentative_initialization_unconfirmed,83.97652083333334,48.9100625,43.09496875,nan,nan,nan,nan,nan,nan,False,0,before_manoeuvre,nan,nan,prediction_without_correction,False,1,4,evaluation,recorded_source_approximation,freesound-321687-n-audioman-drone-takeoff,n-audioman-quadcopter-takeoff-hover-distance,freesound:321687,-6.0,constant_velocity,18090356658712458261,4.5,1024,512,64,1.0,recorded_source_approximation,station_id|estimator_variant|source_model,held_out_independent_recording_tracking_feasibility
1.9116458333333333,equal_weight_srp_phat,False,False,tentative,tentative_initialization_unconfirmed,84.08152083333334,48.8650625,43.11746875,nan,nan,nan,nan,nan,nan,False,0,before_manoeuvre,nan,nan,prediction_without_correction,False,1,4,evaluation,recorded_source_approximation,freesound-321687-n-audioman-drone-takeoff,n-audioman-quadcopter-takeoff-hover-distance,freesound:321687,-6.0,constant_velocity,18090356658712458261,4.5,1024,512,64,1.0,recorded_source_approximation,station_id|estimator_variant|source_model,held_out_independent_recording_tracking_feasibility
1.9266458333333334,equal_weight_srp_phat,False,False,tentative,tentative_initialization_unconfirmed,84.18652083333333,48.8200625,43.13996875,nan,nan,nan,nan,nan,nan,False,0,before_manoeuvre,nan,nan,prediction_without_correction,False,1,4,evaluation,recorded_source_approximation,freesound-321687-n-audioman-drone-takeoff,n-audioman-quadcopter-takeoff-hover-distance,freesound:321687,-6.0,constant_velocity,18090356658712458261,4.5,1024,512,64,1.0,recorded_source_approximation,station_id|estimator_variant|source_model,held_out_independent_recording_tracking_feasibility
2.5793125,equal_weight_srp_phat,True,True,confirmed,,88.7551875,46.8620625,44.11896875,91.46231256340499,48.34077165816838,30.87857873207153,13.594963578848835,0.8330335746432159,1.3678702166844683,True,0,during_manoeuvre,nan,nan,prediction_without_correction,False,2,4,evaluation,recorded_source_approximation,freesound-321687-n-audioman-drone-takeoff,n-audioman-quadcopter-takeoff-hover-distance,freesound:321687,-6.0,constant_velocity,18090356658712458261,4.5,1024,512,64,1.0,recorded_source_approximation,station_id|estimator_variant|source_model,held_out_independent_recording_tracking_feasibility
2.5943125,equal_weight_srp_phat,True,True,confirmed,,88.8601875,46.8170625,44.14146875,91.5687380507412,48.308183975731296,30.900878808885697,13.596797833682933,0.8330335746432159,1.3674936382217613,True,0,during_manoeuvre,nan,nan,prediction_without_correction,False,2,4,evaluation,recorded_source_approximation,freesound-321687-n-audioman-drone-takeoff,n-audioman-quadcopter-takeoff-hover-distance,freesound:321687,-6.0,constant_velocity,18090356658712458261,4.5,1024,512,64,1.0,recorded_source_approximation,station_id|estimator_variant|source_model,held_out_independent_recording_tracking_feasibility
2.6093124999999997,equal_weight_srp_phat,True,True,confirmed,,88.9651875,46.772062500000004,44.16396875,91.67516353807741,48.275596293294214,30.923178885699862,13.598643322960006,0.8330335746432159,1.3671099215472995,True,0,during_manoeuvre,nan,nan,prediction_without_correction,False,2,4,evaluation,recorded_source_approximation,freesound-321687-n-audioman-drone-takeoff,n-audioman-quadcopter-takeoff-hover-distance,freesound:321687,-6.0,constant_velocity,18090356658712458261,4.5,1024,512,64,1.0,recorded_source_approximation,station_id|estimator_variant|source_model,held_out_independent_recording_tracking_feasibility
3.2619791666666664,equal_weight_srp_phat,True,True,confirmed,,93.53385416666667,44.814062500000006,45.14296875,98.09091661388122,45.38547723312485,26.921217430967047,18.791635215641143,2.22932053682221,1.5661083470131012,True,0,during_manoeuvre,3.2619791666666664,0.0,measurement_correction_available,False,2,4,evaluation,recorded_source_approximation,freesound-321687-n-audioman-drone-takeoff,n-audioman-quadcopter-takeoff-hover-distance,freesound:321687,-6.0,constant_velocity,18090356658712458261,4.5,1024,512,64,1.0,recorded_source_approximation,station_id|estimator_variant|source_model,held_out_independent_recording_tracking_feasibility
3.2769791666666666,equal_weight_srp_phat,True,True,confirmed,,93.63885416666668,44.769062500000004,45.16546875,83.06764398339662,38.48887734928521,31.22493740338033,18.588427165637675,6.026264463162962,1.7241512119857925,True,0,during_manoeuvre,3.2769791666666666,0.0,measurement_correction_available,False,2,4,evaluation,recorded_source_approximation,freesound-321687-n-audioman-drone-takeoff,n-audioman-quadcopter-takeoff-hover-distance,freesound:321687,-6.0,constant_velocity,18090356658712458261,4.5,1024,512,64,1.0,recorded_source_approximation,station_id|estimator_variant|source_model,held_out_independent_recording_tracking_feasibility
3.2919791666666662,equal_weight_srp_phat,True,True,confirmed,,93.74385416666667,44.7240625,45.187968749999996,83.91430195455239,38.97635485165236,30.56784248524508,18.531171897614332,5.6479216242176005,1.899983220309725,True,0,during_manoeuvre,3.2919791666666662,0.0,measurement_correction_available,False,2,4,evaluation,recorded_source_approximation,freesound-321687-n-audioman-drone-takeoff,n-audioman-quadcopter-takeoff-hover-distance,freesound:321687,-6.0,constant_velocity,18090356658712458261,4.5,1024,512,64,1.0,recorded_source_approximation,station_id|estimator_variant|source_model,held_out_independent_recording_tracking_feasibility
3.944645833333333,equal_weight_srp_phat,True,True,confirmed,,98.31252083333334,42.766062500000004,46.16696875,86.537561094189,32.98052451531705,25.591841208352353,25.646487164194838,6.084072212835778,2.2000006561894723,True,0,after_manoeuvre,3.944645833333333,0.0,measurement_correction_available,False,2,4,evaluation,recorded_source_approximation,freesound-321687-n-audioman-drone-takeoff,n-audioman-quadcopter-takeoff-hover-distance,freesound:321687,-6.0,constant_velocity,18090356658712458261,4.5,1024,512,64,1.0,recorded_source_approximation,station_id|estimator_variant|source_model,held_out_independent_recording_tracking_feasibility
3.959645833333333,equal_weight_srp_phat,True,True,confirmed,,98.41752083333333,42.7210625,46.18946875,94.50276277892095,37.644745213988266,27.42520243549079,19.829070026974875,3.0508044223998234,2.8692981723192457,True,0,after_manoeuvre,3.959645833333333,0.0,measurement_correction_available,False,2,4,evaluation,recorded_source_approximation,freesound-321687-n-audioman-drone-takeoff,n-audioman-quadcopter-takeoff-hover-distance,freesound:321687,-6.0,constant_velocity,18090356658712458261,4.5,1024,512,64,1.0,recorded_source_approximation,station_id|estimator_variant|source_model,held_out_independent_recording_tracking_feasibility
3.9746458333333328,equal_weight_srp_phat,True,True,confirmed,,98.52252083333333,42.6760625,46.21196875,95.1354898153788,37.607445485719026,26.640439154746815,20.49896651667873,3.108176251014899,3.1434756424256767,True,0,after_manoeuvre,3.9746458333333328,0.0,measurement_correction_available,False,2,4,evaluation,recorded_source_approximation,freesound-321687-n-audioman-drone-takeoff,n-audioman-quadcopter-takeoff-hover-distance,freesound:321687,-6.0,constant_velocity,18090356658712458261,4.5,1024,512,64,1.0,recorded_source_approximation,station_id|estimator_variant|source_model,held_out_independent_recording_tracking_feasibility
4.6273124999999995,equal_weight_srp_phat,True,True,confirmed,,103.09118749999999,40.7180625,47.190968749999996,93.79259907381548,45.914701868305805,32.53441908421656,18.118588674324908,3.6663572165425125,2.9043177061361622,True,0,after_manoeuvre,4.6273124999999995,0.0,measurement_correction_available,False,2,4,evaluation,recorded_source_approximation,freesound-321687-n-audioman-drone-takeoff,n-audioman-quadcopter-takeoff-hover-distance,freesound:321687,-6.0,constant_velocity,18090356658712458261,4.5,1024,512,64,1.0,recorded_source_approximation,station_id|estimator_variant|source_model,held_out_independent_recording_tracking_feasibility
4.642312499999999,equal_weight_srp_phat,True,True,confirmed,,103.1961875,40.6730625,47.21346875,96.48743385612302,44.23709217038188,33.956690915968956,15.279130913977133,2.6569172074959986,3.0350964391121265,True,0,after_manoeuvre,4.642312499999999,0.0,measurement_correction_available,False,2,4,evaluation,recorded_source_approximation,freesound-321687-n-audioman-drone-takeoff,n-audioman-quadcopter-takeoff-hover-distance,freesound:321687,-6.0,constant_velocity,18090356658712458261,4.5,1024,512,64,1.0,recorded_source_approximation,station_id|estimator_variant|source_model,held_out_independent_recording_tracking_feasibility
4.6573125,equal_weight_srp_phat,True,True,confirmed,,103.3011875,40.6280625,47.23596875,96.70364261291506,43.44534725985829,33.46562089820932,15.52698206074015,2.513020098669189,3.1129320656349475,True,0,after_manoeuvre,4.6573125,0.0,measurement_correction_available,False,2,4,evaluation,recorded_source_approximation,freesound-321687-n-audioman-drone-takeoff,n-audioman-quadcopter-takeoff-hover-distance,freesound:321687,-6.0,constant_velocity,18090356658712458261,4.5,1024,512,64,1.0,recorded_source_approximation,station_id|estimator_variant|source_model,held_out_independent_recording_tracking_feasibility
0.5313125,all_6_equal_gcc_wls,False,False,uninitialized,initialization_failed:no_observable_hypothesis,74.4191875,53.0060625,41.04696875,nan,nan,nan,nan,nan,nan,False,0,before_manoeuvre,nan,nan,prediction_without_correction,False,0,4,evaluation,random_broadband,freesound-321687-n-audioman-drone-takeoff,n-audioman-quadcopter-takeoff-hover-distance,freesound:321687,-6.0,constant_velocity,18090356658712458261,4.5,1024,512,64,1.0,random_broadband,station_id|estimator_variant|source_model,held_out_independent_recording_tracking_feasibility
0.5463125,all_6_equal_gcc_wls,False,False,uninitialized,initialization_failed:no_observable_hypothesis,74.5241875,52.961062500000004,41.06946875,nan,nan,nan,nan,nan,nan,False,0,before_manoeuvre,nan,nan,prediction_without_correction,False,0,4,evaluation,random_broadband,freesound-321687-n-audioman-drone-takeoff,n-audioman-quadcopter-takeoff-hover-distance,freesound:321687,-6.0,constant_velocity,18090356658712458261,4.5,1024,512,64,1.0,random_broadband,station_id|estimator_variant|source_model,held_out_independent_recording_tracking_feasibility
0.5613125,all_6_equal_gcc_wls,False,False,uninitialized,initialization_failed:no_observable_hypothesis,74.6291875,52.9160625,41.09196875,nan,nan,nan,nan,nan,nan,False,0,before_manoeuvre,nan,nan,prediction_without_correction,False,0,4,evaluation,random_broadband,freesound-321687-n-audioman-drone-takeoff,n-audioman-quadcopter-takeoff-hover-distance,freesound:321687,-6.0,constant_velocity,18090356658712458261,4.5,1024,512,64,1.0,random_broadband,station_id|estimator_variant|source_model,held_out_independent_recording_tracking_feasibility
1.2139791666666666,all_6_equal_gcc_wls,False,False,uninitialized,initialization_failed:no_observable_hypothesis,79.19785416666667,50.958062500000004,42.07096875,nan,nan,nan,nan,nan,nan,False,0,before_manoeuvre,nan,nan,prediction_without_correction,False,0,4,evaluation,random_broadband,freesound-321687-n-audioman-drone-takeoff,n-audioman-quadcopter-takeoff-hover-distance,freesound:321687,-6.0,constant_velocity,18090356658712458261,4.5,1024,512,64,1.0,random_broadband,station_id|estimator_variant|source_model,held_out_independent_recording_tracking_feasibility
1.2289791666666665,all_6_equal_gcc_wls,False,False,uninitialized,initialization_failed:no_observable_hypothesis,79.30285416666666,50.9130625,42.09346875,nan,nan,nan,nan,nan,nan,False,0,before_manoeuvre,nan,nan,prediction_without_correction,False,0,4,evaluation,random_broadband,freesound-321687-n-audioman-drone-takeoff,n-audioman-quadcopter-takeoff-hover-distance,freesound:321687,-6.0,constant_velocity,18090356658712458261,4.5,1024,512,64,1.0,random_broadband,station_id|estimator_variant|source_model,held_out_independent_recording_tracking_feasibility
1.2439791666666666,all_6_equal_gcc_wls,False,False,tentative,tentative_initialization_unconfirmed,79.40785416666667,50.8680625,42.11596875,nan,nan,nan,nan,nan,nan,False,0,before_manoeuvre,nan,nan,prediction_without_correction,False,1,4,evaluation,random_broadband,freesound-321687-n-audioman-drone-takeoff,n-audioman-quadcopter-takeoff-hover-distance,freesound:321687,-6.0,constant_velocity,18090356658712458261,4.5,1024,512,64,1.0,random_broadband,station_id|estimator_variant|source_model,held_out_independent_recording_tracking_feasibility
1.8966458333333334,all_6_equal_gcc_wls,False,False,tentative,tentative_initialization_unconfirmed,83.97652083333334,48.9100625,43.09496875,nan,nan,nan,nan,nan,nan,False,0,before_manoeuvre,nan,nan,prediction_without_correction,False,1,4,evaluation,random_broadband,freesound-321687-n-audioman-drone-takeoff,n-audioman-quadcopter-takeoff-hover-distance,freesound:321687,-6.0,constant_velocity,18090356658712458261,4.5,1024,512,64,1.0,random_broadband,station_id|estimator_variant|source_model,held_out_independent_recording_tracking_feasibility
1.9116458333333333,all_6_equal_gcc_wls,False,False,tentative,tentative_initialization_unconfirmed,84.08152083333334,48.8650625,43.11746875,nan,nan,nan,nan,nan,nan,False,0,before_manoeuvre,nan,nan,prediction_without_correction,False,1,4,evaluation,random_broadband,freesound-321687-n-audioman-drone-takeoff,n-audioman-quadcopter-takeoff-hover-distance,freesound:321687,-6.0,constant_velocity,18090356658712458261,4.5,1024,512,64,1.0,random_broadband,station_id|estimator_variant|source_model,held_out_independent_recording_tracking_feasibility
1.9266458333333334,all_6_equal_gcc_wls,False,False,tentative,tentative_initialization_unconfirmed,84.18652083333333,48.8200625,43.13996875,nan,nan,nan,nan,nan,nan,False,0,before_manoeuvre,nan,nan,prediction_without_correction,False,1,4,evaluation,random_broadband,freesound-321687-n-audioman-drone-takeoff,n-audioman-quadcopter-takeoff-hover-distance,freesound:321687,-6.0,constant_velocity,18090356658712458261,4.5,1024,512,64,1.0,random_broadband,station_id|estimator_variant|source_model,held_out_independent_recording_tracking_feasibility
2.5793125,all_6_equal_gcc_wls,False,False,tentative,tentative_initialization_unconfirmed,88.7551875,46.8620625,44.11896875,nan,nan,nan,nan,nan,nan,False,0,during_manoeuvre,nan,nan,prediction_without_correction,False,2,4,evaluation,random_broadband,freesound-321687-n-audioman-drone-takeoff,n-audioman-quadcopter-takeoff-hover-distance,freesound:321687,-6.0,constant_velocity,18090356658712458261,4.5,1024,512,64,1.0,random_broadband,station_id|estimator_variant|source_model,held_out_independent_recording_tracking_feasibility
2.5943125,all_6_equal_gcc_wls,False,False,tentative,tentative_initialization_unconfirmed,88.8601875,46.8170625,44.14146875,nan,nan,nan,nan,nan,nan,False,0,during_manoeuvre,nan,nan,prediction_without_correction,False,3,4,evaluation,random_broadband,freesound-321687-n-audioman-drone-takeoff,n-audioman-quadcopter-takeoff-hover-distance,freesound:321687,-6.0,constant_velocity,18090356658712458261,4.5,1024,512,64,1.0,random_broadband,station_id|estimator_variant|source_model,held_out_independent_recording_tracking_feasibility
2.6093124999999997,all_6_equal_gcc_wls,False,False,tentative,tentative_initialization_unconfirmed,88.9651875,46.772062500000004,44.16396875,nan,nan,nan,nan,nan,nan,False,0,during_manoeuvre,nan,nan,prediction_without_correction,False,4,4,evaluation,random_broadband,freesound-321687-n-audioman-drone-takeoff,n-audioman-quadcopter-takeoff-hover-distance,freesound:321687,-6.0,constant_velocity,18090356658712458261,4.5,1024,512,64,1.0,random_broadband,station_id|estimator_variant|source_model,held_out_independent_recording_tracking_feasibility
3.2619791666666664,all_6_equal_gcc_wls,False,False,computational_budget_exceeded,computational_budget_exceeded,93.53385416666667,44.814062500000006,45.14296875,nan,nan,nan,nan,nan,nan,False,0,during_manoeuvre,nan,nan,prediction_without_correction,False,4,4,evaluation,random_broadband,freesound-321687-n-audioman-drone-takeoff,n-audioman-quadcopter-takeoff-hover-distance,freesound:321687,-6.0,constant_velocity,18090356658712458261,4.5,1024,512,64,1.0,random_broadband,station_id|estimator_variant|source_model,held_out_independent_recording_tracking_feasibility
3.2769791666666666,all_6_equal_gcc_wls,False,False,computational_budget_exceeded,computational_budget_exceeded,93.63885416666668,44.769062500000004,45.16546875,nan,nan,nan,nan,nan,nan,False,0,during_manoeuvre,nan,nan,prediction_without_correction,False,4,4,evaluation,random_broadband,freesound-321687-n-audioman-drone-takeoff,n-audioman-quadcopter-takeoff-hover-distance,freesound:321687,-6.0,constant_velocity,18090356658712458261,4.5,1024,512,64,1.0,random_broadband,station_id|estimator_variant|source_model,held_out_independent_recording_tracking_feasibility
3.2919791666666662,all_6_equal_gcc_wls,False,False,computational_budget_exceeded,computational_budget_exceeded,93.74385416666667,44.7240625,45.187968749999996,nan,nan,nan,nan,nan,nan,False,0,during_manoeuvre,nan,nan,prediction_without_correction,False,4,4,evaluation,random_broadband,freesound-321687-n-audioman-drone-takeoff,n-audioman-quadcopter-takeoff-hover-distance,freesound:321687,-6.0,constant_velocity,18090356658712458261,4.5,1024,512,64,1.0,random_broadband,station_id|estimator_variant|source_model,held_out_independent_recording_tracking_feasibility
3.944645833333333,all_6_equal_gcc_wls,False,False,computational_budget_exceeded,computational_budget_exceeded,98.31252083333334,42.766062500000004,46.16696875,nan,nan,nan,nan,nan,nan,False,0,after_manoeuvre,nan,nan,prediction_without_correction,False,4,4,evaluation,random_broadband,freesound-321687-n-audioman-drone-takeoff,n-audioman-quadcopter-takeoff-hover-distance,freesound:321687,-6.0,constant_velocity,18090356658712458261,4.5,1024,512,64,1.0,random_broadband,station_id|estimator_variant|source_model,held_out_independent_recording_tracking_feasibility
3.959645833333333,all_6_equal_gcc_wls,False,False,computational_budget_exceeded,computational_budget_exceeded,98.41752083333333,42.7210625,46.18946875,nan,nan,nan,nan,nan,nan,False,0,after_manoeuvre,nan,nan,prediction_without_correction,False,4,4,evaluation,random_broadband,freesound-321687-n-audioman-drone-takeoff,n-audioman-quadcopter-takeoff-hover-distance,freesound:321687,-6.0,constant_velocity,18090356658712458261,4.5,1024,512,64,1.0,random_broadband,station_id|estimator_variant|source_model,held_out_independent_recording_tracking_feasibility
3.9746458333333328,all_6_equal_gcc_wls,False,False,computational_budget_exceeded,computational_budget_exceeded,98.52252083333333,42.6760625,46.21196875,nan,nan,nan,nan,nan,nan,False,0,after_manoeuvre,nan,nan,prediction_without_correction,False,4,4,evaluation,random_broadband,freesound-321687-n-audioman-drone-takeoff,n-audioman-quadcopter-takeoff-hover-distance,freesound:321687,-6.0,constant_velocity,18090356658712458261,4.5,1024,512,64,1.0,random_broadband,station_id|estimator_variant|source_model,held_out_independent_recording_tracking_feasibility
4.6273124999999995,all_6_equal_gcc_wls,False,False,computational_budget_exceeded,computational_budget_exceeded,103.09118749999999,40.7180625,47.190968749999996,nan,nan,nan,nan,nan,nan,False,0,after_manoeuvre,nan,nan,prediction_without_correction,False,4,4,evaluation,random_broadband,freesound-321687-n-audioman-drone-takeoff,n-audioman-quadcopter-takeoff-hover-distance,freesound:321687,-6.0,constant_velocity,18090356658712458261,4.5,1024,512,64,1.0,random_broadband,station_id|estimator_variant|source_model,held_out_independent_recording_tracking_feasibility
4.642312499999999,all_6_equal_gcc_wls,False,False,computational_budget_exceeded,computational_budget_exceeded,103.1961875,40.6730625,47.21346875,nan,nan,nan,nan,nan,nan,False,0,after_manoeuvre,nan,nan,prediction_without_correction,False,4,4,evaluation,random_broadband,freesound-321687-n-audioman-drone-takeoff,n-audioman-quadcopter-takeoff-hover-distance,freesound:321687,-6.0,constant_velocity,18090356658712458261,4.5,1024,512,64,1.0,random_broadband,station_id|estimator_variant|source_model,held_out_independent_recording_tracking_feasibility
4.6573125,all_6_equal_gcc_wls,False,False,computational_budget_exceeded,computational_budget_exceeded,103.3011875,40.6280625,47.23596875,nan,nan,nan,nan,nan,nan,False,0,after_manoeuvre,nan,nan,prediction_without_correction,False,4,4,evaluation,random_broadband,freesound-321687-n-audioman-drone-takeoff,n-audioman-quadcopter-takeoff-hover-distance,freesound:321687,-6.0,constant_velocity,18090356658712458261,4.5,1024,512,64,1.0,random_broadband,station_id|estimator_variant|source_model,held_out_independent_recording_tracking_feasibility
0.5313125,equal_weight_srp_phat,False,False,uninitialized,initialization_failed:no_observable_hypothesis,74.4191875,53.0060625,41.04696875,nan,nan,nan,nan,nan,nan,False,0,before_manoeuvre,nan,nan,prediction_without_correction,False,0,4,evaluation,random_broadband,freesound-321687-n-audioman-drone-takeoff,n-audioman-quadcopter-takeoff-hover-distance,freesound:321687,-6.0,constant_velocity,18090356658712458261,4.5,1024,512,64,1.0,random_broadband,station_id|estimator_variant|source_model,held_out_independent_recording_tracking_feasibility
0.5463125,equal_weight_srp_phat,False,False,uninitialized,initialization_failed:no_observable_hypothesis,74.5241875,52.961062500000004,41.06946875,nan,nan,nan,nan,nan,nan,False,0,before_manoeuvre,nan,nan,prediction_without_correction,False,0,4,evaluation,random_broadband,freesound-321687-n-audioman-drone-takeoff,n-audioman-quadcopter-takeoff-hover-distance,freesound:321687,-6.0,constant_velocity,18090356658712458261,4.5,1024,512,64,1.0,random_broadband,station_id|estimator_variant|source_model,held_out_independent_recording_tracking_feasibility
0.5613125,equal_weight_srp_phat,False,False,uninitialized,initialization_failed:no_observable_hypothesis,74.6291875,52.9160625,41.09196875,nan,nan,nan,nan,nan,nan,False,0,before_manoeuvre,nan,nan,prediction_without_correction,False,0,4,evaluation,random_broadband,freesound-321687-n-audioman-drone-takeoff,n-audioman-quadcopter-takeoff-hover-distance,freesound:321687,-6.0,constant_velocity,18090356658712458261,4.5,1024,512,64,1.0,random_broadband,station_id|estimator_variant|source_model,held_out_independent_recording_tracking_feasibility
1.2139791666666666,equal_weight_srp_phat,False,False,uninitialized,initialization_failed:no_observable_hypothesis,79.19785416666667,50.958062500000004,42.07096875,nan,nan,nan,nan,nan,nan,False,0,before_manoeuvre,nan,nan,prediction_without_correction,False,0,4,evaluation,random_broadband,freesound-321687-n-audioman-drone-takeoff,n-audioman-quadcopter-takeoff-hover-distance,freesound:321687,-6.0,constant_velocity,18090356658712458261,4.5,1024,512,64,1.0,random_broadband,station_id|estimator_variant|source_model,held_out_independent_recording_tracking_feasibility
1.2289791666666665,equal_weight_srp_phat,False,False,uninitialized,initialization_failed:no_observable_hypothesis,79.30285416666666,50.9130625,42.09346875,nan,nan,nan,nan,nan,nan,False,0,before_manoeuvre,nan,nan,prediction_without_correction,False,0,4,evaluation,random_broadband,freesound-321687-n-audioman-drone-takeoff,n-audioman-quadcopter-takeoff-hover-distance,freesound:321687,-6.0,constant_velocity,18090356658712458261,4.5,1024,512,64,1.0,random_broadband,station_id|estimator_variant|source_model,held_out_independent_recording_tracking_feasibility
1.2439791666666666,equal_weight_srp_phat,False,False,tentative,tentative_initialization_unconfirmed,79.40785416666667,50.8680625,42.11596875,nan,nan,nan,nan,nan,nan,False,0,before_manoeuvre,nan,nan,prediction_without_correction,False,1,4,evaluation,random_broadband,freesound-321687-n-audioman-drone-takeoff,n-audioman-quadcopter-takeoff-hover-distance,freesound:321687,-6.0,constant_velocity,18090356658712458261,4.5,1024,512,64,1.0,random_broadband,station_id|estimator_variant|source_model,held_out_independent_recording_tracking_feasibility
1.8966458333333334,equal_weight_srp_phat,False,False,tentative,tentative_initialization_unconfirmed,83.97652083333334,48.9100625,43.09496875,nan,nan,nan,nan,nan,nan,False,0,before_manoeuvre,nan,nan,prediction_without_correction,False,1,4,evaluation,random_broadband,freesound-321687-n-audioman-drone-takeoff,n-audioman-quadcopter-takeoff-hover-distance,freesound:321687,-6.0,constant_velocity,18090356658712458261,4.5,1024,512,64,1.0,random_broadband,station_id|estimator_variant|source_model,held_out_independent_recording_tracking_feasibility
1.9116458333333333,equal_weight_srp_phat,False,False,tentative,tentative_initialization_unconfirmed,84.08152083333334,48.8650625,43.11746875,nan,nan,nan,nan,nan,nan,False,0,before_manoeuvre,nan,nan,prediction_without_correction,False,1,4,evaluation,random_broadband,freesound-321687-n-audioman-drone-takeoff,n-audioman-quadcopter-takeoff-hover-distance,freesound:321687,-6.0,constant_velocity,18090356658712458261,4.5,1024,512,64,1.0,random_broadband,station_id|estimator_variant|source_model,held_out_independent_recording_tracking_feasibility
1.9266458333333334,equal_weight_srp_phat,False,False,tentative,tentative_initialization_unconfirmed,84.18652083333333,48.8200625,43.13996875,nan,nan,nan,nan,nan,nan,False,0,before_manoeuvre,nan,nan,prediction_without_correction,False,1,4,evaluation,random_broadband,freesound-321687-n-audioman-drone-takeoff,n-audioman-quadcopter-takeoff-hover-distance,freesound:321687,-6.0,constant_velocity,18090356658712458261,4.5,1024,512,64,1.0,random_broadband,station_id|estimator_variant|source_model,held_out_independent_recording_tracking_feasibility
2.5793125,equal_weight_srp_phat,False,False,tentative,tentative_initialization_unconfirmed,88.7551875,46.8620625,44.11896875,nan,nan,nan,nan,nan,nan,False,0,during_manoeuvre,nan,nan,prediction_without_correction,False,2,4,evaluation,random_broadband,freesound-321687-n-audioman-drone-takeoff,n-audioman-quadcopter-takeoff-hover-distance,freesound:321687,-6.0,constant_velocity,18090356658712458261,4.5,1024,512,64,1.0,random_broadband,station_id|estimator_variant|source_model,held_out_independent_recording_tracking_feasibility
2.5943125,equal_weight_srp_phat,False,False,tentative,tentative_initialization_unconfirmed,88.8601875,46.8170625,44.14146875,nan,nan,nan,nan,nan,nan,False,0,during_manoeuvre,nan,nan,prediction_without_correction,False,3,4,evaluation,random_broadband,freesound-321687-n-audioman-drone-takeoff,n-audioman-quadcopter-takeoff-hover-distance,freesound:321687,-6.0,constant_velocity,18090356658712458261,4.5,1024,512,64,1.0,random_broadband,station_id|estimator_variant|source_model,held_out_independent_recording_tracking_feasibility
2.6093124999999997,equal_weight_srp_phat,False,False,tentative,tentative_initialization_unconfirmed,88.9651875,46.772062500000004,44.16396875,nan,nan,nan,nan,nan,nan,False,0,during_manoeuvre,nan,nan,prediction_without_correction,False,4,4,evaluation,random_broadband,freesound-321687-n-audioman-drone-takeoff,n-audioman-quadcopter-takeoff-hover-distance,freesound:321687,-6.0,constant_velocity,18090356658712458261,4.5,1024,512,64,1.0,random_broadband,station_id|estimator_variant|source_model,held_out_independent_recording_tracking_feasibility
3.2619791666666664,equal_weight_srp_phat,False,False,computational_budget_exceeded,computational_budget_exceeded,93.53385416666667,44.814062500000006,45.14296875,nan,nan,nan,nan,nan,nan,False,0,during_manoeuvre,nan,nan,prediction_without_correction,False,4,4,evaluation,random_broadband,freesound-321687-n-audioman-drone-takeoff,n-audioman-quadcopter-takeoff-hover-distance,freesound:321687,-6.0,constant_velocity,18090356658712458261,4.5,1024,512,64,1.0,random_broadband,station_id|estimator_variant|source_model,held_out_independent_recording_tracking_feasibility
3.2769791666666666,equal_weight_srp_phat,False,False,computational_budget_exceeded,computational_budget_exceeded,93.63885416666668,44.769062500000004,45.16546875,nan,nan,nan,nan,nan,nan,False,0,during_manoeuvre,nan,nan,prediction_without_correction,False,4,4,evaluation,random_broadband,freesound-321687-n-audioman-drone-takeoff,n-audioman-quadcopter-takeoff-hover-distance,freesound:321687,-6.0,constant_velocity,18090356658712458261,4.5,1024,512,64,1.0,random_broadband,station_id|estimator_variant|source_model,held_out_independent_recording_tracking_feasibility
3.2919791666666662,equal_weight_srp_phat,False,False,computational_budget_exceeded,computational_budget_exceeded,93.74385416666667,44.7240625,45.187968749999996,nan,nan,nan,nan,nan,nan,False,0,during_manoeuvre,nan,nan,prediction_without_correction,False,4,4,evaluation,random_broadband,freesound-321687-n-audioman-drone-takeoff,n-audioman-quadcopter-takeoff-hover-distance,freesound:321687,-6.0,constant_velocity,18090356658712458261,4.5,1024,512,64,1.0,random_broadband,station_id|estimator_variant|source_model,held_out_independent_recording_tracking_feasibility
3.944645833333333,equal_weight_srp_phat,False,False,computational_budget_exceeded,computational_budget_exceeded,98.31252083333334,42.766062500000004,46.16696875,nan,nan,nan,nan,nan,nan,False,0,after_manoeuvre,nan,nan,prediction_without_correction,False,4,4,evaluation,random_broadband,freesound-321687-n-audioman-drone-takeoff,n-audioman-quadcopter-takeoff-hover-distance,freesound:321687,-6.0,constant_velocity,18090356658712458261,4.5,1024,512,64,1.0,random_broadband,station_id|estimator_variant|source_model,held_out_independent_recording_tracking_feasibility
3.959645833333333,equal_weight_srp_phat,False,False,computational_budget_exceeded,computational_budget_exceeded,98.41752083333333,42.7210625,46.18946875,nan,nan,nan,nan,nan,nan,False,0,after_manoeuvre,nan,nan,prediction_without_correction,False,4,4,evaluation,random_broadband,freesound-321687-n-audioman-drone-takeoff,n-audioman-quadcopter-takeoff-hover-distance,freesound:321687,-6.0,constant_velocity,18090356658712458261,4.5,1024,512,64,1.0,random_broadband,station_id|estimator_variant|source_model,held_out_independent_recording_tracking_feasibility
3.9746458333333328,equal_weight_srp_phat,False,False,computational_budget_exceeded,computational_budget_exceeded,98.52252083333333,42.6760625,46.21196875,nan,nan,nan,nan,nan,nan,False,0,after_manoeuvre,nan,nan,prediction_without_correction,False,4,4,evaluation,random_broadband,freesound-321687-n-audioman-drone-takeoff,n-audioman-quadcopter-takeoff-hover-distance,freesound:321687,-6.0,constant_velocity,18090356658712458261,4.5,1024,512,64,1.0,random_broadband,station_id|estimator_variant|source_model,held_out_independent_recording_tracking_feasibility
4.6273124999999995,equal_weight_srp_phat,False,False,computational_budget_exceeded,computational_budget_exceeded,103.09118749999999,40.7180625,47.190968749999996,nan,nan,nan,nan,nan,nan,False,0,after_manoeuvre,nan,nan,prediction_without_correction,False,4,4,evaluation,random_broadband,freesound-321687-n-audioman-drone-takeoff,n-audioman-quadcopter-takeoff-hover-distance,freesound:321687,-6.0,constant_velocity,18090356658712458261,4.5,1024,512,64,1.0,random_broadband,station_id|estimator_variant|source_model,held_out_independent_recording_tracking_feasibility
4.642312499999999,equal_weight_srp_phat,False,False,computational_budget_exceeded,computational_budget_exceeded,103.1961875,40.6730625,47.21346875,nan,nan,nan,nan,nan,nan,False,0,after_manoeuvre,nan,nan,prediction_without_correction,False,4,4,evaluation,random_broadband,freesound-321687-n-audioman-drone-takeoff,n-audioman-quadcopter-takeoff-hover-distance,freesound:321687,-6.0,constant_velocity,18090356658712458261,4.5,1024,512,64,1.0,random_broadband,station_id|estimator_variant|source_model,held_out_independent_recording_tracking_feasibility
4.6573125,equal_weight_srp_phat,False,False,computational_budget_exceeded,computational_budget_exceeded,103.3011875,40.6280625,47.23596875,nan,nan,nan,nan,nan,nan,False,0,after_manoeuvre,nan,nan,prediction_without_correction,False,4,4,evaluation,random_broadband,freesound-321687-n-audioman-drone-takeoff,n-audioman-quadcopter-takeoff-hover-distance,freesound:321687,-6.0,constant_velocity,18090356658712458261,4.5,1024,512,64,1.0,random_broadband,station_id|estimator_variant|source_model,held_out_independent_recording_tracking_feasibility
0.5313125,all_6_equal_gcc_wls,False,False,uninitialized,initialization_failed:no_observable_hypothesis,74.4191875,53.0060625,41.04696875,nan,nan,nan,nan,nan,nan,False,0,before_manoeuvre,nan,nan,prediction_without_correction,False,0,4,evaluation,recorded_source_approximation,freesound-321687-n-audioman-drone-takeoff,n-audioman-quadcopter-takeoff-hover-distance,freesound:321687,10.0,constant_velocity,1831001451585685072,4.5,1024,512,64,1.0,recorded_source_approximation,station_id|estimator_variant|source_model,held_out_independent_recording_tracking_feasibility
0.5463125,all_6_equal_gcc_wls,False,False,uninitialized,initialization_failed:no_observable_hypothesis,74.5241875,52.961062500000004,41.06946875,nan,nan,nan,nan,nan,nan,False,0,before_manoeuvre,nan,nan,prediction_without_correction,False,0,4,evaluation,recorded_source_approximation,freesound-321687-n-audioman-drone-takeoff,n-audioman-quadcopter-takeoff-hover-distance,freesound:321687,10.0,constant_velocity,1831001451585685072,4.5,1024,512,64,1.0,recorded_source_approximation,station_id|estimator_variant|source_model,held_out_independent_recording_tracking_feasibility
0.5613125,all_6_equal_gcc_wls,False,False,uninitialized,initialization_failed:no_observable_hypothesis,74.6291875,52.9160625,41.09196875,nan,nan,nan,nan,nan,nan,False,0,before_manoeuvre,nan,nan,prediction_without_correction,False,0,4,evaluation,recorded_source_approximation,freesound-321687-n-audioman-drone-takeoff,n-audioman-quadcopter-takeoff-hover-distance,freesound:321687,10.0,constant_velocity,1831001451585685072,4.5,1024,512,64,1.0,recorded_source_approximation,station_id|estimator_variant|source_model,held_out_independent_recording_tracking_feasibility
1.2139791666666666,all_6_equal_gcc_wls,False,False,uninitialized,initialization_failed:no_observable_hypothesis,79.19785416666667,50.958062500000004,42.07096875,nan,nan,nan,nan,nan,nan,False,0,before_manoeuvre,nan,nan,prediction_without_correction,False,0,4,evaluation,recorded_source_approximation,freesound-321687-n-audioman-drone-takeoff,n-audioman-quadcopter-takeoff-hover-distance,freesound:321687,10.0,constant_velocity,1831001451585685072,4.5,1024,512,64,1.0,recorded_source_approximation,station_id|estimator_variant|source_model,held_out_independent_recording_tracking_feasibility
1.2289791666666665,all_6_equal_gcc_wls,False,False,uninitialized,initialization_failed:no_observable_hypothesis,79.30285416666666,50.9130625,42.09346875,nan,nan,nan,nan,nan,nan,False,0,before_manoeuvre,nan,nan,prediction_without_correction,False,0,4,evaluation,recorded_source_approximation,freesound-321687-n-audioman-drone-takeoff,n-audioman-quadcopter-takeoff-hover-distance,freesound:321687,10.0,constant_velocity,1831001451585685072,4.5,1024,512,64,1.0,recorded_source_approximation,station_id|estimator_variant|source_model,held_out_independent_recording_tracking_feasibility
1.2439791666666666,all_6_equal_gcc_wls,False,False,tentative,tentative_initialization_unconfirmed,79.40785416666667,50.8680625,42.11596875,nan,nan,nan,nan,nan,nan,False,0,before_manoeuvre,nan,nan,prediction_without_correction,False,1,4,evaluation,recorded_source_approximation,freesound-321687-n-audioman-drone-takeoff,n-audioman-quadcopter-takeoff-hover-distance,freesound:321687,10.0,constant_velocity,1831001451585685072,4.5,1024,512,64,1.0,recorded_source_approximation,station_id|estimator_variant|source_model,held_out_independent_recording_tracking_feasibility
1.8966458333333334,all_6_equal_gcc_wls,False,False,tentative,tentative_initialization_unconfirmed,83.97652083333334,48.9100625,43.09496875,nan,nan,nan,nan,nan,nan,False,0,before_manoeuvre,nan,nan,prediction_without_correction,False,1,4,evaluation,recorded_source_approximation,freesound-321687-n-audioman-drone-takeoff,n-audioman-quadcopter-takeoff-hover-distance,freesound:321687,10.0,constant_velocity,1831001451585685072,4.5,1024,512,64,1.0,recorded_source_approximation,station_id|estimator_variant|source_model,held_out_independent_recording_tracking_feasibility
1.9116458333333333,all_6_equal_gcc_wls,False,False,tentative,tentative_initialization_unconfirmed,84.08152083333334,48.8650625,43.11746875,nan,nan,nan,nan,nan,nan,False,0,before_manoeuvre,nan,nan,prediction_without_correction,False,1,4,evaluation,recorded_source_approximation,freesound-321687-n-audioman-drone-takeoff,n-audioman-quadcopter-takeoff-hover-distance,freesound:321687,10.0,constant_velocity,1831001451585685072,4.5,1024,512,64,1.0,recorded_source_approximation,station_id|estimator_variant|source_model,held_out_independent_recording_tracking_feasibility
1.9266458333333334,all_6_equal_gcc_wls,False,False,tentative,tentative_initialization_unconfirmed,84.18652083333333,48.8200625,43.13996875,nan,nan,nan,nan,nan,nan,False,0,before_manoeuvre,nan,nan,prediction_without_correction,False,1,4,evaluation,recorded_source_approximation,freesound-321687-n-audioman-drone-takeoff,n-audioman-quadcopter-takeoff-hover-distance,freesound:321687,10.0,constant_velocity,1831001451585685072,4.5,1024,512,64,1.0,recorded_source_approximation,station_id|estimator_variant|source_model,held_out_independent_recording_tracking_feasibility
2.5793125,all_6_equal_gcc_wls,True,True,confirmed,,88.7551875,46.8620625,44.11896875,89.59735580243603,44.12644323157001,32.24868889632433,12.21050384038316,1.058274168211321,0.6342307831302706,True,0,during_manoeuvre,nan,nan,prediction_without_correction,False,2,4,evaluation,recorded_source_approximation,freesound-321687-n-audioman-drone-takeoff,n-audioman-quadcopter-takeoff-hover-distance,freesound:321687,10.0,constant_velocity,1831001451585685072,4.5,1024,512,64,1.0,recorded_source_approximation,station_id|estimator_variant|source_model,held_out_independent_recording_tracking_feasibility
2.5943125,all_6_equal_gcc_wls,True,True,confirmed,,88.8601875,46.8170625,44.14146875,89.70112599204164,44.07482737552155,32.25681164124771,12.22587852131441,1.058274168211321,0.6340946417115018,True,0,during_manoeuvre,nan,nan,prediction_without_correction,False,2,4,evaluation,recorded_source_approximation,freesound-321687-n-audioman-drone-takeoff,n-audioman-quadcopter-takeoff-hover-distance,freesound:321687,10.0,constant_velocity,1831001451585685072,4.5,1024,512,64,1.0,recorded_source_approximation,station_id|estimator_variant|source_model,held_out_independent_recording_tracking_feasibility
2.6093124999999997,all_6_equal_gcc_wls,True,True,confirmed,,88.9651875,46.772062500000004,44.16396875,89.80489618164725,44.0232115194731,32.264934386171085,12.241254477166912,1.058274168211321,0.6339558451388181,True,0,during_manoeuvre,nan,nan,prediction_without_correction,False,2,4,evaluation,recorded_source_approximation,freesound-321687-n-audioman-drone-takeoff,n-audioman-quadcopter-takeoff-hover-distance,freesound:321687,10.0,constant_velocity,1831001451585685072,4.5,1024,512,64,1.0,recorded_source_approximation,station_id|estimator_variant|source_model,held_out_independent_recording_tracking_feasibility
3.2619791666666664,all_6_equal_gcc_wls,True,True,confirmed,,93.53385416666667,44.814062500000006,45.14296875,93.78800303988102,43.89657373244084,31.512638688268634,13.663538153790592,1.52723730761318,0.7043801576420867,True,0,during_manoeuvre,3.2619791666666664,0.0,measurement_correction_available,False,2,4,evaluation,recorded_source_approximation,freesound-321687-n-audioman-drone-takeoff,n-audioman-quadcopter-takeoff-hover-distance,freesound:321687,10.0,constant_velocity,1831001451585685072,4.5,1024,512,64,1.0,recorded_source_approximation,station_id|estimator_variant|source_model,held_out_independent_recording_tracking_feasibility
3.2769791666666666,all_6_equal_gcc_wls,True,True,confirmed,,93.63885416666668,44.769062500000004,45.16546875,94.18744961275017,41.54012740918228,33.85731999781165,11.77290138350766,0.7212382939970161,0.7626600798855124,True,0,during_manoeuvre,3.2769791666666666,0.0,measurement_correction_available,False,2,4,evaluation,recorded_source_approximation,freesound-321687-n-audioman-drone-takeoff,n-audioman-quadcopter-takeoff-hover-distance,freesound:321687,10.0,constant_velocity,1831001451585685072,4.5,1024,512,64,1.0,recorded_source_approximation,station_id|estimator_variant|source_model,held_out_independent_recording_tracking_feasibility
3.2919791666666662,all_6_equal_gcc_wls,True,True,confirmed,,93.74385416666667,44.7240625,45.187968749999996,94.30474589048144,41.465444259239355,33.844440440733294,11.815617921547608,0.733479819310806,0.81989007137325,True,0,during_manoeuvre,3.2919791666666662,0.0,measurement_correction_available,False,2,4,evaluation,recorded_source_approximation,freesound-321687-n-audioman-drone-takeoff,n-audioman-quadcopter-takeoff-hover-distance,freesound:321687,10.0,constant_velocity,1831001451585685072,4.5,1024,512,64,1.0,recorded_source_approximation,station_id|estimator_variant|source_model,held_out_independent_recording_tracking_feasibility
3.944645833333333,all_6_equal_gcc_wls,True,True,confirmed,,98.31252083333334,42.766062500000004,46.16696875,98.7519514246562,39.818328992081206,33.81040352869737,12.710898321778966,0.7899381804793538,0.8763517966042701,True,0,after_manoeuvre,3.944645833333333,0.0,measurement_correction_available,False,2,4,evaluation,recorded_source_approximation,freesound-321687-n-audioman-drone-takeoff,n-audioman-quadcopter-takeoff-hover-distance,freesound:321687,10.0,constant_velocity,1831001451585685072,4.5,1024,512,64,1.0,recorded_source_approximation,station_id|estimator_variant|source_model,held_out_independent_recording_tracking_feasibility
3.959645833333333,all_6_equal_gcc_wls,True,True,confirmed,,98.41752083333333,42.7210625,46.18946875,98.73208300759559,38.952336870982414,34.29618131690387,12.480085263912786,0.8323012606356588,0.9539551525401142,True,0,after_manoeuvre,3.959645833333333,0.0,measurement_correction_available,False,2,4,evaluation,recorded_source_approximation,freesound-321687-n-audioman-drone-takeoff,n-audioman-quadcopter-takeoff-hover-distance,freesound:321687,10.0,constant_velocity,1831001451585685072,4.5,1024,512,64,1.0,recorded_source_approximation,station_id|estimator_variant|source_model,held_out_independent_recording_tracking_feasibility
3.9746458333333328,all_6_equal_gcc_wls,True,True,confirmed,,98.52252083333333,42.6760625,46.21196875,98.889071731852,39.08643120860497,34.389262814375,12.361075519938776,0.7661659844781746,1.0093862974488885,True,0,after_manoeuvre,3.9746458333333328,0.0,measurement_correction_available,False,2,4,evaluation,recorded_source_approximation,freesound-321687-n-audioman-drone-takeoff,n-audioman-quadcopter-takeoff-hover-distance,freesound:321687,10.0,constant_velocity,1831001451585685072,4.5,1024,512,64,1.0,recorded_source_approximation,station_id|estimator_variant|source_model,held_out_independent_recording_tracking_feasibility
4.6273124999999995,all_6_equal_gcc_wls,True,True,confirmed,,103.09118749999999,40.7180625,47.190968749999996,103.30544366064012,37.359073605387,34.443904324400684,13.183943399714869,0.8021094729244217,1.0577282244354682,True,0,after_manoeuvre,4.6273124999999995,0.0,measurement_correction_available,False,2,4,evaluation,recorded_source_approximation,freesound-321687-n-audioman-drone-takeoff,n-audioman-quadcopter-takeoff-hover-distance,freesound:321687,10.0,constant_velocity,1831001451585685072,4.5,1024,512,64,1.0,recorded_source_approximation,station_id|estimator_variant|source_model,held_out_independent_recording_tracking_feasibility
4.642312499999999,all_6_equal_gcc_wls,True,True,confirmed,,103.1961875,40.6730625,47.21346875,103.26247162846049,36.472794253449244,34.92146080466826,12.990000240830135,0.8562370557958584,1.1227661142184133,True,0,after_manoeuvre,4.642312499999999,0.0,measurement_correction_available,False,2,4,evaluation,recorded_source_approximation,freesound-321687-n-audioman-drone-takeoff,n-audioman-quadcopter-takeoff-hover-distance,freesound:321687,10.0,constant_velocity,1831001451585685072,4.5,1024,512,64,1.0,recorded_source_approximation,station_id|estimator_variant|source_model,held_out_independent_recording_tracking_feasibility
4.6573125,all_6_equal_gcc_wls,True,True,confirmed,,103.3011875,40.6280625,47.23596875,103.4725436195086,36.475197171746025,34.84841895641799,13.066255899942444,0.8525587686008459,1.1871932201072908,True,0,after_manoeuvre,4.6573125,0.0,measurement_correction_available,False,2,4,evaluation,recorded_source_approximation,freesound-321687-n-audioman-drone-takeoff,n-audioman-quadcopter-takeoff-hover-distance,freesound:321687,10.0,constant_velocity,1831001451585685072,4.5,1024,512,64,1.0,recorded_source_approximation,station_id|estimator_variant|source_model,held_out_independent_recording_tracking_feasibility
0.5313125,equal_weight_srp_phat,False,False,uninitialized,initialization_failed:no_observable_hypothesis,74.4191875,53.0060625,41.04696875,nan,nan,nan,nan,nan,nan,False,0,before_manoeuvre,nan,nan,prediction_without_correction,False,0,4,evaluation,recorded_source_approximation,freesound-321687-n-audioman-drone-takeoff,n-audioman-quadcopter-takeoff-hover-distance,freesound:321687,10.0,constant_velocity,1831001451585685072,4.5,1024,512,64,1.0,recorded_source_approximation,station_id|estimator_variant|source_model,held_out_independent_recording_tracking_feasibility
0.5463125,equal_weight_srp_phat,False,False,uninitialized,initialization_failed:no_observable_hypothesis,74.5241875,52.961062500000004,41.06946875,nan,nan,nan,nan,nan,nan,False,0,before_manoeuvre,nan,nan,prediction_without_correction,False,0,4,evaluation,recorded_source_approximation,freesound-321687-n-audioman-drone-takeoff,n-audioman-quadcopter-takeoff-hover-distance,freesound:321687,10.0,constant_velocity,1831001451585685072,4.5,1024,512,64,1.0,recorded_source_approximation,station_id|estimator_variant|source_model,held_out_independent_recording_tracking_feasibility
0.5613125,equal_weight_srp_phat,False,False,uninitialized,initialization_failed:no_observable_hypothesis,74.6291875,52.9160625,41.09196875,nan,nan,nan,nan,nan,nan,False,0,before_manoeuvre,nan,nan,prediction_without_correction,False,0,4,evaluation,recorded_source_approximation,freesound-321687-n-audioman-drone-takeoff,n-audioman-quadcopter-takeoff-hover-distance,freesound:321687,10.0,constant_velocity,1831001451585685072,4.5,1024,512,64,1.0,recorded_source_approximation,station_id|estimator_variant|source_model,held_out_independent_recording_tracking_feasibility
1.2139791666666666,equal_weight_srp_phat,False,False,uninitialized,initialization_failed:no_observable_hypothesis,79.19785416666667,50.958062500000004,42.07096875,nan,nan,nan,nan,nan,nan,False,0,before_manoeuvre,nan,nan,prediction_without_correction,False,0,4,evaluation,recorded_source_approximation,freesound-321687-n-audioman-drone-takeoff,n-audioman-quadcopter-takeoff-hover-distance,freesound:321687,10.0,constant_velocity,1831001451585685072,4.5,1024,512,64,1.0,recorded_source_approximation,station_id|estimator_variant|source_model,held_out_independent_recording_tracking_feasibility
1.2289791666666665,equal_weight_srp_phat,False,False,uninitialized,initialization_failed:no_observable_hypothesis,79.30285416666666,50.9130625,42.09346875,nan,nan,nan,nan,nan,nan,False,0,before_manoeuvre,nan,nan,prediction_without_correction,False,0,4,evaluation,recorded_source_approximation,freesound-321687-n-audioman-drone-takeoff,n-audioman-quadcopter-takeoff-hover-distance,freesound:321687,10.0,constant_velocity,1831001451585685072,4.5,1024,512,64,1.0,recorded_source_approximation,station_id|estimator_variant|source_model,held_out_independent_recording_tracking_feasibility
1.2439791666666666,equal_weight_srp_phat,False,False,tentative,tentative_initialization_unconfirmed,79.40785416666667,50.8680625,42.11596875,nan,nan,nan,nan,nan,nan,False,0,before_manoeuvre,nan,nan,prediction_without_correction,False,1,4,evaluation,recorded_source_approximation,freesound-321687-n-audioman-drone-takeoff,n-audioman-quadcopter-takeoff-hover-distance,freesound:321687,10.0,constant_velocity,1831001451585685072,4.5,1024,512,64,1.0,recorded_source_approximation,station_id|estimator_variant|source_model,held_out_independent_recording_tracking_feasibility
1.8966458333333334,equal_weight_srp_phat,False,False,tentative,tentative_initialization_unconfirmed,83.97652083333334,48.9100625,43.09496875,nan,nan,nan,nan,nan,nan,False,0,before_manoeuvre,nan,nan,prediction_without_correction,False,1,4,evaluation,recorded_source_approximation,freesound-321687-n-audioman-drone-takeoff,n-audioman-quadcopter-takeoff-hover-distance,freesound:321687,10.0,constant_velocity,1831001451585685072,4.5,1024,512,64,1.0,recorded_source_approximation,station_id|estimator_variant|source_model,held_out_independent_recording_tracking_feasibility
1.9116458333333333,equal_weight_srp_phat,False,False,tentative,tentative_initialization_unconfirmed,84.08152083333334,48.8650625,43.11746875,nan,nan,nan,nan,nan,nan,False,0,before_manoeuvre,nan,nan,prediction_without_correction,False,1,4,evaluation,recorded_source_approximation,freesound-321687-n-audioman-drone-takeoff,n-audioman-quadcopter-takeoff-hover-distance,freesound:321687,10.0,constant_velocity,1831001451585685072,4.5,1024,512,64,1.0,recorded_source_approximation,station_id|estimator_variant|source_model,held_out_independent_recording_tracking_feasibility
1.9266458333333334,equal_weight_srp_phat,False,False,tentative,tentative_initialization_unconfirmed,84.18652083333333,48.8200625,43.13996875,nan,nan,nan,nan,nan,nan,False,0,before_manoeuvre,nan,nan,prediction_without_correction,False,1,4,evaluation,recorded_source_approximation,freesound-321687-n-audioman-drone-takeoff,n-audioman-quadcopter-takeoff-hover-distance,freesound:321687,10.0,constant_velocity,1831001451585685072,4.5,1024,512,64,1.0,recorded_source_approximation,station_id|estimator_variant|source_model,held_out_independent_recording_tracking_feasibility
2.5793125,equal_weight_srp_phat,True,True,confirmed,,88.7551875,46.8620625,44.11896875,89.95654767939446,44.701368426991706,29.840538194464877,14.490874517675147,1.1123921592004633,1.244917537181234,True,0,during_manoeuvre,nan,nan,prediction_without_correction,False,2,4,evaluation,recorded_source_approximation,freesound-321687-n-audioman-drone-takeoff,n-audioman-quadcopter-takeoff-hover-distance,freesound:321687,10.0,constant_velocity,1831001451585685072,4.5,1024,512,64,1.0,recorded_source_approximation,station_id|estimator_variant|source_model,held_out_independent_recording_tracking_feasibility
2.5943125,equal_weight_srp_phat,True,True,confirmed,,88.8601875,46.8170625,44.14146875,90.05829191887987,44.6468764976713,29.84970695400067,14.50515827962001,1.1123921592004633,1.2445903745461453,True,0,during_manoeuvre,nan,nan,prediction_without_correction,False,2,4,evaluation,recorded_source_approximation,freesound-321687-n-audioman-drone-takeoff,n-audioman-quadcopter-takeoff-hover-distance,freesound:321687,10.0,constant_velocity,1831001451585685072,4.5,1024,512,64,1.0,recorded_source_approximation,station_id|estimator_variant|source_model,held_out_independent_recording_tracking_feasibility
2.6093124999999997,equal_weight_srp_phat,True,True,confirmed,,88.9651875,46.772062500000004,44.16396875,90.16003615836529,44.5923845683509,29.858875713536463,14.519447165233016,1.1123921592004633,1.2442568949626567,True,0,during_manoeuvre,nan,nan,prediction_without_correction,False,2,4,evaluation,recorded_source_approximation,freesound-321687-n-audioman-drone-takeoff,n-audioman-quadcopter-takeoff-hover-distance,freesound:321687,10.0,constant_velocity,1831001451585685072,4.5,1024,512,64,1.0,recorded_source_approximation,station_id|estimator_variant|source_model,held_out_independent_recording_tracking_feasibility
3.2619791666666664,equal_weight_srp_phat,True,True,confirmed,,93.53385416666667,44.814062500000006,45.14296875,94.25729715989429,44.026574004309495,28.568238634963794,16.609189814123482,1.644517250411762,1.359037742085898,True,0,during_manoeuvre,3.2619791666666664,0.0,measurement_correction_available,False,2,4,evaluation,recorded_source_approximation,freesound-321687-n-audioman-drone-takeoff,n-audioman-quadcopter-takeoff-hover-distance,freesound:321687,10.0,constant_velocity,1831001451585685072,4.5,1024,512,64,1.0,recorded_source_approximation,station_id|estimator_variant|source_model,held_out_independent_recording_tracking_feasibility
3.2769791666666666,equal_weight_srp_phat,True,True,confirmed,,93.63885416666668,44.769062500000004,45.16546875,94.2131848524966,41.91008404575964,31.93610077509132,13.546947647128336,0.8829713856740311,1.5035762388543283,True,0,during_manoeuvre,3.2769791666666666,0.0,measurement_correction_available,False,2,4,evaluation,recorded_source_approximation,freesound-321687-n-audioman-drone-takeoff,n-audioman-quadcopter-takeoff-hover-distance,freesound:321687,10.0,constant_velocity,1831001451585685072,4.5,1024,512,64,1.0,recorded_source_approximation,station_id|estimator_variant|source_model,held_out_independent_recording_tracking_feasibility
3.2919791666666662,equal_weight_srp_phat,True,True,confirmed,,93.74385416666667,44.7240625,45.187968749999996,94.67604196575154,42.43230284373845,31.779531315180517,13.634783858143816,0.6437469246290608,1.6174806991589052,True,0,during_manoeuvre,3.2919791666666662,0.0,measurement_correction_available,False,2,4,evaluation,recorded_source_approximation,freesound-321687-n-audioman-drone-takeoff,n-audioman-quadcopter-takeoff-hover-distance,freesound:321687,10.0,constant_velocity,1831001451585685072,4.5,1024,512,64,1.0,recorded_source_approximation,station_id|estimator_variant|source_model,held_out_independent_recording_tracking_feasibility
3.944645833333333,equal_weight_srp_phat,True,True,confirmed,,98.31252083333334,42.766062500000004,46.16696875,99.2093652592749,40.48914487092351,31.55630236221315,14.814191037959052,0.7658481868742056,1.701956582019667,True,0,after_manoeuvre,3.944645833333333,0.0,measurement_correction_available,False,2,4,evaluation,recorded_source_approximation,freesound-321687-n-audioman-drone-takeoff,n-audioman-quadcopter-takeoff-hover-distance,freesound:321687,10.0,constant_velocity,1831001451585685072,4.5,1024,512,64,1.0,recorded_source_approximation,station_id|estimator_variant|source_model,held_out_independent_recording_tracking_feasibility
3.959645833333333,equal_weight_srp_phat,True,True,confirmed,,98.41752083333333,42.7210625,46.18946875,98.92524712334067,39.57131569292512,32.46166599089149,14.093660260103844,0.8389217939472802,1.873778045593798,True,0,after_manoeuvre,3.959645833333333,0.0,measurement_correction_available,False,2,4,evaluation,recorded_source_approximation,freesound-321687-n-audioman-drone-takeoff,n-audioman-quadcopter-takeoff-hover-distance,freesound:321687,10.0,constant_velocity,1831001451585685072,4.5,1024,512,64,1.0,recorded_source_approximation,station_id|estimator_variant|source_model,held_out_independent_recording_tracking_feasibility
3.9746458333333328,equal_weight_srp_phat,True,True,confirmed,,98.52252083333333,42.6760625,46.21196875,99.29773929101299,40.14752971156916,32.49239204579977,13.972158983554785,0.6298542363089809,1.9804312597007598,True,0,after_manoeuvre,3.9746458333333328,0.0,measurement_correction_available,False,2,4,evaluation,recorded_source_approximation,freesound-321687-n-audioman-drone-takeoff,n-audioman-quadcopter-takeoff-hover-distance,freesound:321687,10.0,constant_velocity,1831001451585685072,4.5,1024,512,64,1.0,recorded_source_approximation,station_id|estimator_variant|source_model,held_out_independent_recording_tracking_feasibility
4.6273124999999995,equal_weight_srp_phat,True,True,confirmed,,103.09118749999999,40.7180625,47.190968749999996,103.74831547674913,38.29692485304333,32.52459203799527,14.879392814956258,0.6819096591864071,2.032407139435025,True,0,after_manoeuvre,4.6273124999999995,0.0,measurement_correction_available,False,2,4,evaluation,recorded_source_approximation,freesound-321687-n-audioman-drone-takeoff,n-audioman-quadcopter-takeoff-hover-distance,freesound:321687,10.0,constant_velocity,1831001451585685072,4.5,1024,512,64,1.0,recorded_source_approximation,station_id|estimator_variant|source_model,held_out_independent_recording_tracking_feasibility
4.642312499999999,equal_weight_srp_phat,True,True,confirmed,,103.1961875,40.6730625,47.21346875,103.4779610982779,37.417301511660845,33.413823409455354,14.18131120519866,0.7520296392675201,2.174571765570131,True,0,after_manoeuvre,4.642312499999999,0.0,measurement_correction_available,False,2,4,evaluation,recorded_source_approximation,freesound-321687-n-audioman-drone-takeoff,n-audioman-quadcopter-takeoff-hover-distance,freesound:321687,10.0,constant_velocity,1831001451585685072,4.5,1024,512,64,1.0,recorded_source_approximation,station_id|estimator_variant|source_model,held_out_independent_recording_tracking_feasibility
4.6573125,equal_weight_srp_phat,True,True,confirmed,,103.3011875,40.6280625,47.23596875,103.81751509748554,37.620726760506464,33.23732587410874,14.327339767196888,0.6840320110164863,2.291113695433559,True,0,after_manoeuvre,4.6573125,0.0,measurement_correction_available,False,2,4,evaluation,recorded_source_approximation,freesound-321687-n-audioman-drone-takeoff,n-audioman-quadcopter-takeoff-hover-distance,freesound:321687,10.0,constant_velocity,1831001451585685072,4.5,1024,512,64,1.0,recorded_source_approximation,station_id|estimator_variant|source_model,held_out_independent_recording_tracking_feasibility
0.5313125,all_6_equal_gcc_wls,False,False,uninitialized,initialization_failed:no_observable_hypothesis,74.4191875,53.0060625,41.04696875,nan,nan,nan,nan,nan,nan,False,0,before_manoeuvre,nan,nan,prediction_without_correction,False,0,4,evaluation,random_broadband,freesound-321687-n-audioman-drone-takeoff,n-audioman-quadcopter-takeoff-hover-distance,freesound:321687,10.0,constant_velocity,1831001451585685072,4.5,1024,512,64,1.0,random_broadband,station_id|estimator_variant|source_model,held_out_independent_recording_tracking_feasibility
0.5463125,all_6_equal_gcc_wls,False,False,uninitialized,initialization_failed:no_observable_hypothesis,74.5241875,52.961062500000004,41.06946875,nan,nan,nan,nan,nan,nan,False,0,before_manoeuvre,nan,nan,prediction_without_correction,False,0,4,evaluation,random_broadband,freesound-321687-n-audioman-drone-takeoff,n-audioman-quadcopter-takeoff-hover-distance,freesound:321687,10.0,constant_velocity,1831001451585685072,4.5,1024,512,64,1.0,random_broadband,station_id|estimator_variant|source_model,held_out_independent_recording_tracking_feasibility
0.5613125,all_6_equal_gcc_wls,False,False,uninitialized,initialization_failed:no_observable_hypothesis,74.6291875,52.9160625,41.09196875,nan,nan,nan,nan,nan,nan,False,0,before_manoeuvre,nan,nan,prediction_without_correction,False,0,4,evaluation,random_broadband,freesound-321687-n-audioman-drone-takeoff,n-audioman-quadcopter-takeoff-hover-distance,freesound:321687,10.0,constant_velocity,1831001451585685072,4.5,1024,512,64,1.0,random_broadband,station_id|estimator_variant|source_model,held_out_independent_recording_tracking_feasibility
1.2139791666666666,all_6_equal_gcc_wls,False,False,uninitialized,initialization_failed:no_observable_hypothesis,79.19785416666667,50.958062500000004,42.07096875,nan,nan,nan,nan,nan,nan,False,0,before_manoeuvre,nan,nan,prediction_without_correction,False,0,4,evaluation,random_broadband,freesound-321687-n-audioman-drone-takeoff,n-audioman-quadcopter-takeoff-hover-distance,freesound:321687,10.0,constant_velocity,1831001451585685072,4.5,1024,512,64,1.0,random_broadband,station_id|estimator_variant|source_model,held_out_independent_recording_tracking_feasibility
1.2289791666666665,all_6_equal_gcc_wls,False,False,uninitialized,initialization_failed:no_observable_hypothesis,79.30285416666666,50.9130625,42.09346875,nan,nan,nan,nan,nan,nan,False,0,before_manoeuvre,nan,nan,prediction_without_correction,False,0,4,evaluation,random_broadband,freesound-321687-n-audioman-drone-takeoff,n-audioman-quadcopter-takeoff-hover-distance,freesound:321687,10.0,constant_velocity,1831001451585685072,4.5,1024,512,64,1.0,random_broadband,station_id|estimator_variant|source_model,held_out_independent_recording_tracking_feasibility
1.2439791666666666,all_6_equal_gcc_wls,False,False,tentative,tentative_initialization_unconfirmed,79.40785416666667,50.8680625,42.11596875,nan,nan,nan,nan,nan,nan,False,0,before_manoeuvre,nan,nan,prediction_without_correction,False,1,4,evaluation,random_broadband,freesound-321687-n-audioman-drone-takeoff,n-audioman-quadcopter-takeoff-hover-distance,freesound:321687,10.0,constant_velocity,1831001451585685072,4.5,1024,512,64,1.0,random_broadband,station_id|estimator_variant|source_model,held_out_independent_recording_tracking_feasibility
1.8966458333333334,all_6_equal_gcc_wls,False,False,tentative,tentative_initialization_unconfirmed,83.97652083333334,48.9100625,43.09496875,nan,nan,nan,nan,nan,nan,False,0,before_manoeuvre,nan,nan,prediction_without_correction,False,1,4,evaluation,random_broadband,freesound-321687-n-audioman-drone-takeoff,n-audioman-quadcopter-takeoff-hover-distance,freesound:321687,10.0,constant_velocity,1831001451585685072,4.5,1024,512,64,1.0,random_broadband,station_id|estimator_variant|source_model,held_out_independent_recording_tracking_feasibility
1.9116458333333333,all_6_equal_gcc_wls,False,False,tentative,tentative_initialization_unconfirmed,84.08152083333334,48.8650625,43.11746875,nan,nan,nan,nan,nan,nan,False,0,before_manoeuvre,nan,nan,prediction_without_correction,False,1,4,evaluation,random_broadband,freesound-321687-n-audioman-drone-takeoff,n-audioman-quadcopter-takeoff-hover-distance,freesound:321687,10.0,constant_velocity,1831001451585685072,4.5,1024,512,64,1.0,random_broadband,station_id|estimator_variant|source_model,held_out_independent_recording_tracking_feasibility
1.9266458333333334,all_6_equal_gcc_wls,False,False,tentative,tentative_initialization_unconfirmed,84.18652083333333,48.8200625,43.13996875,nan,nan,nan,nan,nan,nan,False,0,before_manoeuvre,nan,nan,prediction_without_correction,False,1,4,evaluation,random_broadband,freesound-321687-n-audioman-drone-takeoff,n-audioman-quadcopter-takeoff-hover-distance,freesound:321687,10.0,constant_velocity,1831001451585685072,4.5,1024,512,64,1.0,random_broadband,station_id|estimator_variant|source_model,held_out_independent_recording_tracking_feasibility
2.5793125,all_6_equal_gcc_wls,True,True,confirmed,,88.7551875,46.8620625,44.11896875,88.66656692888284,46.728283391789006,44.1662361575433,0.16728617167813184,0.08223546268866383,0.31559212219047333,True,0,during_manoeuvre,nan,nan,prediction_without_correction,False,2,4,evaluation,random_broadband,freesound-321687-n-audioman-drone-takeoff,n-audioman-quadcopter-takeoff-hover-distance,freesound:321687,10.0,constant_velocity,1831001451585685072,4.5,1024,512,64,1.0,random_broadband,station_id|estimator_variant|source_model,held_out_independent_recording_tracking_feasibility
2.5943125,all_6_equal_gcc_wls,True,True,confirmed,,88.8601875,46.8170625,44.14146875,88.7711010383968,46.682291444680544,44.18930236248573,0.16848646674535445,0.08223546268866383,0.2639634995807506,True,0,during_manoeuvre,nan,nan,prediction_without_correction,False,2,4,evaluation,random_broadband,freesound-321687-n-audioman-drone-takeoff,n-audioman-quadcopter-takeoff-hover-distance,freesound:321687,10.0,constant_velocity,1831001451585685072,4.5,1024,512,64,1.0,random_broadband,station_id|estimator_variant|source_model,held_out_independent_recording_tracking_feasibility
2.6093124999999997,all_6_equal_gcc_wls,True,True,confirmed,,88.9651875,46.772062500000004,44.16396875,88.87563514791074,46.63629949757208,44.212368567428165,0.16968723853030765,0.08223546268866383,0.2542267163762604,True,0,during_manoeuvre,nan,nan,prediction_without_correction,False,2,4,evaluation,random_broadband,freesound-321687-n-audioman-drone-takeoff,n-audioman-quadcopter-takeoff-hover-distance,freesound:321687,10.0,constant_velocity,1831001451585685072,4.5,1024,512,64,1.0,random_broadband,station_id|estimator_variant|source_model,held_out_independent_recording_tracking_feasibility
3.2619791666666664,all_6_equal_gcc_wls,True,True,confirmed,,93.53385416666667,44.814062500000006,45.14296875,93.41372739889063,44.7373678789125,45.12499846151058,0.14365039682669972,0.04147680057740526,0.0812296869961357,True,0,during_manoeuvre,3.2619791666666664,0.0,measurement_correction_available,False,2,4,evaluation,random_broadband,freesound-321687-n-audioman-drone-takeoff,n-audioman-quadcopter-takeoff-hover-distance,freesound:321687,10.0,constant_velocity,1831001451585685072,4.5,1024,512,64,1.0,random_broadband,station_id|estimator_variant|source_model,held_out_independent_recording_tracking_feasibility
3.2769791666666666,all_6_equal_gcc_wls,True,True,confirmed,,93.63885416666668,44.769062500000004,45.16546875,93.57465882518106,44.69395988133968,45.181301432011914,0.10006057674120734,0.008189496893092283,0.1812180387433227,True,0,during_manoeuvre,3.2769791666666666,0.0,measurement_correction_available,False,2,4,evaluation,random_broadband,freesound-321687-n-audioman-drone-takeoff,n-audioman-quadcopter-takeoff-hover-distance,freesound:321687,10.0,constant_velocity,1831001451585685072,4.5,1024,512,64,1.0,random_broadband,station_id|estimator_variant|source_model,held_out_independent_recording_tracking_feasibility
3.2919791666666662,all_6_equal_gcc_wls,True,True,confirmed,,93.74385416666667,44.7240625,45.187968749999996,93.68195693618443,44.71797460062259,45.25969840409568,0.0949393118622962,0.044745334988606146,0.1739900644602727,True,0,during_manoeuvre,3.2919791666666662,0.0,measurement_correction_available,False,2,4,evaluation,random_broadband,freesound-321687-n-audioman-drone-takeoff,n-audioman-quadcopter-takeoff-hover-distance,freesound:321687,10.0,constant_velocity,1831001451585685072,4.5,1024,512,64,1.0,random_broadband,station_id|estimator_variant|source_model,held_out_independent_recording_tracking_feasibility
3.944645833333333,all_6_equal_gcc_wls,True,True,confirmed,,98.31252083333334,42.766062500000004,46.16696875,98.31152680222215,42.74085012766875,46.10555281052664,0.06639705895456217,0.126071043994124,0.027097815683795087,True,0,after_manoeuvre,3.944645833333333,0.0,measurement_correction_available,False,2,4,evaluation,random_broadband,freesound-321687-n-audioman-drone-takeoff,n-audioman-quadcopter-takeoff-hover-distance,freesound:321687,10.0,constant_velocity,1831001451585685072,4.5,1024,512,64,1.0,random_broadband,station_id|estimator_variant|source_model,held_out_independent_recording_tracking_feasibility
3.959645833333333,all_6_equal_gcc_wls,True,True,confirmed,,98.41752083333333,42.7210625,46.18946875,98.39709208563248,42.79435894383951,46.01225360983749,0.19285981518959244,0.2723068731769328,0.38628147294261894,True,0,after_manoeuvre,3.959645833333333,0.0,measurement_correction_available,False,2,4,evaluation,random_broadband,freesound-321687-n-audioman-drone-takeoff,n-audioman-quadcopter-takeoff-hover-distance,freesound:321687,10.0,constant_velocity,1831001451585685072,4.5,1024,512,64,1.0,random_broadband,station_id|estimator_variant|source_model,held_out_independent_recording_tracking_feasibility
3.9746458333333328,all_6_equal_gcc_wls,True,True,confirmed,,98.52252083333333,42.6760625,46.21196875,98.48354469955277,42.68578685456175,46.00004951821566,0.2156929829090091,0.28307375984542754,0.39261527759650156,True,0,after_manoeuvre,3.9746458333333328,0.0,measurement_correction_available,False,2,4,evaluation,random_broadband,freesound-321687-n-audioman-drone-takeoff,n-audioman-quadcopter-takeoff-hover-distance,freesound:321687,10.0,constant_velocity,1831001451585685072,4.5,1024,512,64,1.0,random_broadband,station_id|estimator_variant|source_model,held_out_independent_recording_tracking_feasibility
4.6273124999999995,all_6_equal_gcc_wls,True,True,confirmed,,103.09118749999999,40.7180625,47.190968749999996,103.04458455485829,40.71847205785715,46.95658060652517,0.2389765763314333,0.12711002065719373,0.1891043241238678,True,0,after_manoeuvre,4.6273124999999995,0.0,measurement_correction_available,False,2,4,evaluation,random_broadband,freesound-321687-n-audioman-drone-takeoff,n-audioman-quadcopter-takeoff-hover-distance,freesound:321687,10.0,constant_velocity,1831001451585685072,4.5,1024,512,64,1.0,random_broadband,station_id|estimator_variant|source_model,held_out_independent_recording_tracking_feasibility
4.642312499999999,all_6_equal_gcc_wls,True,True,confirmed,,103.1961875,40.6730625,47.21346875,103.22054201388893,40.606463434963416,47.07197134469345,0.1582722133509173,0.108948400695299,0.15750857672853172,True,0,after_manoeuvre,4.642312499999999,0.0,measurement_correction_available,False,2,4,evaluation,random_broadband,freesound-321687-n-audioman-drone-takeoff,n-audioman-quadcopter-takeoff-hover-distance,freesound:321687,10.0,constant_velocity,1831001451585685072,4.5,1024,512,64,1.0,random_broadband,station_id|estimator_variant|source_model,held_out_independent_recording_tracking_feasibility
4.6573125,all_6_equal_gcc_wls,True,True,confirmed,,103.3011875,40.6280625,47.23596875,103.33046133137674,40.5977844665581,47.13440376667376,0.10995072692183858,0.09038974651152011,0.14922698095338874,True,0,after_manoeuvre,4.6573125,0.0,measurement_correction_available,False,2,4,evaluation,random_broadband,freesound-321687-n-audioman-drone-takeoff,n-audioman-quadcopter-takeoff-hover-distance,freesound:321687,10.0,constant_velocity,1831001451585685072,4.5,1024,512,64,1.0,random_broadband,station_id|estimator_variant|source_model,held_out_independent_recording_tracking_feasibility
0.5313125,equal_weight_srp_phat,False,False,uninitialized,initialization_failed:no_observable_hypothesis,74.4191875,53.0060625,41.04696875,nan,nan,nan,nan,nan,nan,False,0,before_manoeuvre,nan,nan,prediction_without_correction,False,0,4,evaluation,random_broadband,freesound-321687-n-audioman-drone-takeoff,n-audioman-quadcopter-takeoff-hover-distance,freesound:321687,10.0,constant_velocity,1831001451585685072,4.5,1024,512,64,1.0,random_broadband,station_id|estimator_variant|source_model,held_out_independent_recording_tracking_feasibility
0.5463125,equal_weight_srp_phat,False,False,uninitialized,initialization_failed:no_observable_hypothesis,74.5241875,52.961062500000004,41.06946875,nan,nan,nan,nan,nan,nan,False,0,before_manoeuvre,nan,nan,prediction_without_correction,False,0,4,evaluation,random_broadband,freesound-321687-n-audioman-drone-takeoff,n-audioman-quadcopter-takeoff-hover-distance,freesound:321687,10.0,constant_velocity,1831001451585685072,4.5,1024,512,64,1.0,random_broadband,station_id|estimator_variant|source_model,held_out_independent_recording_tracking_feasibility
0.5613125,equal_weight_srp_phat,False,False,uninitialized,initialization_failed:no_observable_hypothesis,74.6291875,52.9160625,41.09196875,nan,nan,nan,nan,nan,nan,False,0,before_manoeuvre,nan,nan,prediction_without_correction,False,0,4,evaluation,random_broadband,freesound-321687-n-audioman-drone-takeoff,n-audioman-quadcopter-takeoff-hover-distance,freesound:321687,10.0,constant_velocity,1831001451585685072,4.5,1024,512,64,1.0,random_broadband,station_id|estimator_variant|source_model,held_out_independent_recording_tracking_feasibility
1.2139791666666666,equal_weight_srp_phat,False,False,uninitialized,initialization_failed:no_observable_hypothesis,79.19785416666667,50.958062500000004,42.07096875,nan,nan,nan,nan,nan,nan,False,0,before_manoeuvre,nan,nan,prediction_without_correction,False,0,4,evaluation,random_broadband,freesound-321687-n-audioman-drone-takeoff,n-audioman-quadcopter-takeoff-hover-distance,freesound:321687,10.0,constant_velocity,1831001451585685072,4.5,1024,512,64,1.0,random_broadband,station_id|estimator_variant|source_model,held_out_independent_recording_tracking_feasibility
1.2289791666666665,equal_weight_srp_phat,False,False,uninitialized,initialization_failed:no_observable_hypothesis,79.30285416666666,50.9130625,42.09346875,nan,nan,nan,nan,nan,nan,False,0,before_manoeuvre,nan,nan,prediction_without_correction,False,0,4,evaluation,random_broadband,freesound-321687-n-audioman-drone-takeoff,n-audioman-quadcopter-takeoff-hover-distance,freesound:321687,10.0,constant_velocity,1831001451585685072,4.5,1024,512,64,1.0,random_broadband,station_id|estimator_variant|source_model,held_out_independent_recording_tracking_feasibility
1.2439791666666666,equal_weight_srp_phat,False,False,tentative,tentative_initialization_unconfirmed,79.40785416666667,50.8680625,42.11596875,nan,nan,nan,nan,nan,nan,False,0,before_manoeuvre,nan,nan,prediction_without_correction,False,1,4,evaluation,random_broadband,freesound-321687-n-audioman-drone-takeoff,n-audioman-quadcopter-takeoff-hover-distance,freesound:321687,10.0,constant_velocity,1831001451585685072,4.5,1024,512,64,1.0,random_broadband,station_id|estimator_variant|source_model,held_out_independent_recording_tracking_feasibility
1.8966458333333334,equal_weight_srp_phat,False,False,tentative,tentative_initialization_unconfirmed,83.97652083333334,48.9100625,43.09496875,nan,nan,nan,nan,nan,nan,False,0,before_manoeuvre,nan,nan,prediction_without_correction,False,1,4,evaluation,random_broadband,freesound-321687-n-audioman-drone-takeoff,n-audioman-quadcopter-takeoff-hover-distance,freesound:321687,10.0,constant_velocity,1831001451585685072,4.5,1024,512,64,1.0,random_broadband,station_id|estimator_variant|source_model,held_out_independent_recording_tracking_feasibility
1.9116458333333333,equal_weight_srp_phat,False,False,tentative,tentative_initialization_unconfirmed,84.08152083333334,48.8650625,43.11746875,nan,nan,nan,nan,nan,nan,False,0,before_manoeuvre,nan,nan,prediction_without_correction,False,1,4,evaluation,random_broadband,freesound-321687-n-audioman-drone-takeoff,n-audioman-quadcopter-takeoff-hover-distance,freesound:321687,10.0,constant_velocity,1831001451585685072,4.5,1024,512,64,1.0,random_broadband,station_id|estimator_variant|source_model,held_out_independent_recording_tracking_feasibility
1.9266458333333334,equal_weight_srp_phat,False,False,tentative,tentative_initialization_unconfirmed,84.18652083333333,48.8200625,43.13996875,nan,nan,nan,nan,nan,nan,False,0,before_manoeuvre,nan,nan,prediction_without_correction,False,1,4,evaluation,random_broadband,freesound-321687-n-audioman-drone-takeoff,n-audioman-quadcopter-takeoff-hover-distance,freesound:321687,10.0,constant_velocity,1831001451585685072,4.5,1024,512,64,1.0,random_broadband,station_id|estimator_variant|source_model,held_out_independent_recording_tracking_feasibility
2.5793125,equal_weight_srp_phat,True,True,confirmed,,88.7551875,46.8620625,44.11896875,88.66916085539016,46.72877127972236,44.17018975477206,0.1667055017562128,0.08268352782341558,0.3127303733024559,True,0,during_manoeuvre,nan,nan,prediction_without_correction,False,2,4,evaluation,random_broadband,freesound-321687-n-audioman-drone-takeoff,n-audioman-quadcopter-takeoff-hover-distance,freesound:321687,10.0,constant_velocity,1831001451585685072,4.5,1024,512,64,1.0,random_broadband,station_id|estimator_variant|source_model,held_out_independent_recording_tracking_feasibility
2.5943125,equal_weight_srp_phat,True,True,confirmed,,88.8601875,46.8170625,44.14146875,88.773701528393,46.68278602065051,44.19328683983303,0.1679139977049032,0.08268352782341558,0.26477045902813895,True,0,during_manoeuvre,nan,nan,prediction_without_correction,False,2,4,evaluation,random_broadband,freesound-321687-n-audioman-drone-takeoff,n-audioman-quadcopter-takeoff-hover-distance,freesound:321687,10.0,constant_velocity,1831001451585685072,4.5,1024,512,64,1.0,random_broadband,station_id|estimator_variant|source_model,held_out_independent_recording_tracking_feasibility
2.6093124999999997,equal_weight_srp_phat,True,True,confirmed,,88.9651875,46.772062500000004,44.16396875,88.87824220139585,46.63680076157867,44.216383924894,0.16912295346668432,0.08268352782341558,0.2557179089633473,True,0,during_manoeuvre,nan,nan,prediction_without_correction,False,2,4,evaluation,random_broadband,freesound-321687-n-audioman-drone-takeoff,n-audioman-quadcopter-takeoff-hover-distance,freesound:321687,10.0,constant_velocity,1831001451585685072,4.5,1024,512,64,1.0,random_broadband,station_id|estimator_variant|source_model,held_out_independent_recording_tracking_feasibility
3.2619791666666664,equal_weight_srp_phat,True,True,confirmed,,93.53385416666667,44.814062500000006,45.14296875,93.41747353943627,44.73758395947617,45.129228972239794,0.13993641073036386,0.03999652486303209,0.07986522701258679,True,0,during_manoeuvre,3.2619791666666664,0.0,measurement_correction_available,False,2,4,evaluation,random_broadband,freesound-321687-n-audioman-drone-takeoff,n-audioman-quadcopter-takeoff-hover-distance,freesound:321687,10.0,constant_velocity,1831001451585685072,4.5,1024,512,64,1.0,random_broadband,station_id|estimator_variant|source_model,held_out_independent_recording_tracking_feasibility
3.2769791666666666,equal_weight_srp_phat,True,True,confirmed,,93.63885416666668,44.769062500000004,45.16546875,93.57723734512584,44.69485485785784,45.18418721390427,0.09825369071963803,0.007610593847805045,0.17836059013909356,True,0,during_manoeuvre,3.2769791666666666,0.0,measurement_correction_available,False,2,4,evaluation,random_broadband,freesound-321687-n-audioman-drone-takeoff,n-audioman-quadcopter-takeoff-hover-distance,freesound:321687,10.0,constant_velocity,1831001451585685072,4.5,1024,512,64,1.0,random_broadband,station_id|estimator_variant|source_model,held_out_independent_recording_tracking_feasibility
3.2919791666666662,equal_weight_srp_phat,True,True,confirmed,,93.74385416666667,44.7240625,45.187968749999996,93.68502965091889,44.71732809241888,45.26060957394043,0.09371427426584222,0.04421604558328598,0.17018030421295927,True,0,during_manoeuvre,3.2919791666666662,0.0,measurement_correction_available,False,2,4,evaluation,random_broadband,freesound-321687-n-audioman-drone-takeoff,n-audioman-quadcopter-takeoff-hover-distance,freesound:321687,10.0,constant_velocity,1831001451585685072,4.5,1024,512,64,1.0,random_broadband,station_id|estimator_variant|source_model,held_out_independent_recording_tracking_feasibility
3.944645833333333,equal_weight_srp_phat,True,True,confirmed,,98.31252083333334,42.766062500000004,46.16696875,98.31706537073694,42.74036786190506,46.0996814927437,0.07216953814539108,0.1334129467701804,0.028021482774035968,True,0,after_manoeuvre,3.944645833333333,0.0,measurement_correction_available,False,2,4,evaluation,random_broadband,freesound-321687-n-audioman-drone-takeoff,n-audioman-quadcopter-takeoff-hover-distance,freesound:321687,10.0,constant_velocity,1831001451585685072,4.5,1024,512,64,1.0,random_broadband,station_id|estimator_variant|source_model,held_out_independent_recording_tracking_feasibility
3.959645833333333,equal_weight_srp_phat,True,True,confirmed,,98.41752083333333,42.7210625,46.18946875,98.39882489562355,42.78923915920322,46.00928938740865,0.19355153745394524,0.2730100999979983,0.38008437179827537,True,0,after_manoeuvre,3.959645833333333,0.0,measurement_correction_available,False,2,4,evaluation,random_broadband,freesound-321687-n-audioman-drone-takeoff,n-audioman-quadcopter-takeoff-hover-distance,freesound:321687,10.0,constant_velocity,1831001451585685072,4.5,1024,512,64,1.0,random_broadband,station_id|estimator_variant|source_model,held_out_independent_recording_tracking_feasibility
3.9746458333333328,equal_weight_srp_phat,True,True,confirmed,,98.52252083333333,42.6760625,46.21196875,98.48499794136642,42.6825797742066,45.999393365327336,0.2159600343891773,0.28351589993857196,0.3869284521112271,True,0,after_manoeuvre,3.9746458333333328,0.0,measurement_correction_available,False,2,4,evaluation,random_broadband,freesound-321687-n-audioman-drone-takeoff,n-audioman-quadcopter-takeoff-hover-distance,freesound:321687,10.0,constant_velocity,1831001451585685072,4.5,1024,512,64,1.0,random_broadband,station_id|estimator_variant|source_model,held_out_independent_recording_tracking_feasibility
4.6273124999999995,equal_weight_srp_phat,True,True,confirmed,,103.09118749999999,40.7180625,47.190968749999996,103.04390473217629,40.71729256745908,46.95598765305607,0.2396922377761919,0.12781220888946637,0.1891488755186175,True,0,after_manoeuvre,4.6273124999999995,0.0,measurement_correction_available,False,2,4,evaluation,random_broadband,freesound-321687-n-audioman-drone-takeoff,n-audioman-quadcopter-takeoff-hover-distance,freesound:321687,10.0,constant_velocity,1831001451585685072,4.5,1024,512,64,1.0,random_broadband,station_id|estimator_variant|source_model,held_out_independent_recording_tracking_feasibility
4.642312499999999,equal_weight_srp_phat,True,True,confirmed,,103.1961875,40.6730625,47.21346875,103.22274174838292,40.60420432137367,47.07393618874866,0.15784775107766072,0.1093730987529057,0.15411780916243004,True,0,after_manoeuvre,4.642312499999999,0.0,measurement_correction_available,False,2,4,evaluation,random_broadband,freesound-321687-n-audioman-drone-takeoff,n-audioman-quadcopter-takeoff-hover-distance,freesound:321687,10.0,constant_velocity,1831001451585685072,4.5,1024,512,64,1.0,random_broadband,station_id|estimator_variant|source_model,held_out_independent_recording_tracking_feasibility
4.6573125,equal_weight_srp_phat,True,True,confirmed,,103.3011875,40.6280625,47.23596875,103.33267332224631,40.595208250079004,47.13603548527297,0.10980626639404349,0.09138763051764588,0.14644197806608802,True,0,after_manoeuvre,4.6573125,0.0,measurement_correction_available,False,2,4,evaluation,random_broadband,freesound-321687-n-audioman-drone-takeoff,n-audioman-quadcopter-takeoff-hover-distance,freesound:321687,10.0,constant_velocity,1831001451585685072,4.5,1024,512,64,1.0,random_broadband,station_id|estimator_variant|source_model,held_out_independent_recording_tracking_feasibility
