study_type,signal_model,split,geometry,direction,azimuth_deg,elevation_deg,SNR,snr_db,frame_length,pair,calibration_trial_count,evaluation_trial_count,calibration_seed,evaluation_seed,seed,estimator_variant,srp_backend,common_random_numbers,successful_trial_count,unsuccessful_trial_count,successful_fraction,conditional_azimuth_bias_deg,conditional_elevation_bias_deg,conditional_direction_bias_deg,conditional_geodesic_rmse_deg,conditional_median_geodesic_error_deg,conditional_p95_geodesic_error_deg,conditional_p99_geodesic_error_deg,conditional_p999_geodesic_error_deg,p99_geodesic_error_deg,p999_geodesic_error_deg,fraction_error_gt_5deg,fraction_error_gt_10deg,fraction_error_gt_30deg,coverage,failure_fraction,invalid_fraction,boundary_hit_fraction,disconnected_graph_failure_fraction,catastrophic_fraction,mean_runtime_per_estimate_s,median_runtime_per_estimate_s,p95_runtime_per_estimate_s,metric_conditioning,equal_pair_weights,gcc_confidence_used_by_srp
srp_paired_full,deterministic_multisine,evaluation,square,az20_el10,20.0,10.0,-10.0,-10.0,1024,reference_3,500,1000,3410477281,1787873625,1787873625,reference_3_gcc_wls,not_applicable,True,1000,0,1.0,-3.7171618945371905,11.567503002695563,14.66808885675373,42.166412369048395,11.488315672756707,90.09826072844245,108.44837022894933,157.84538979296255,108.44837022894933,157.84538979296255,0.832,0.689,0.343,1.0,0.0,0.0,0.053,0.0,0.343,0.003162802501115948,0.0031439499580301344,0.004184105072636157,successful_trials_only,False,False
srp_paired_full,deterministic_multisine,evaluation,square,az20_el10,20.0,10.0,-10.0,-10.0,1024,all_6,500,1000,3410477281,1787873625,1787873625,all_6_equal_gcc_wls,not_applicable,True,1000,0,1.0,-3.2178885024074484,19.87945513742839,21.350585973137374,36.98552565939547,19.634625459861045,75.69335077541763,91.01996091121661,99.01540577679457,91.01996091121661,99.01540577679457,0.856,0.747,0.403,1.0,0.0,0.0,0.053,0.0,0.403,0.003166824800777249,0.0031351500656455755,0.004164719930849969,successful_trials_only,False,False
srp_paired_full,deterministic_multisine,evaluation,square,az20_el10,20.0,10.0,-10.0,-10.0,1024,all_6,500,1000,3410477281,1787873625,1787873625,all_6_calibrated_gcc_wls,not_applicable,True,977,23,0.977,2.385375099052633,0.4039627809883456,0.8802667499761387,23.574132755468618,10.33807921600725,47.982303111837616,79.03471497121583,118.57555034718337,79.03471497121583,118.57555034718337,0.9928352098259979,0.9682702149437052,0.15967246673490276,0.977,0.02300000000000002,0.0,0.053,0.023,0.15967246673490276,0.003520503202569671,0.0035098500084131956,0.004613134963437913,successful_trials_only,False,False
srp_paired_full,deterministic_multisine,evaluation,square,az20_el10,20.0,10.0,-10.0,-10.0,1024,all_6,500,1000,3410477281,1787873625,1787873625,equal_weight_srp_phat,gcc_correlation_interpolated,True,1000,0,1.0,0.4351096194214354,-0.2649084201776878,0.3581303664471389,9.403378402318886,5.978327703673719,11.299101743639188,20.47512791243796,98.13527141411464,20.47512791243796,98.13527141411464,0.575,0.313,0.006,1.0,0.0,0.0,0.244,0.0,0.006,0.006980354400700889,0.00669304997427389,0.010173030028818173,successful_trials_only,True,False
srp_paired_full,deterministic_multisine,evaluation,square,az20_el10,20.0,10.0,-8.0,-8.0,1024,reference_3,500,1000,637050316,628751962,628751962,reference_3_gcc_wls,not_applicable,True,1000,0,1.0,-1.0641956290423253,3.741178116058311,4.200097025689664,26.63878203213499,7.592461780970996,77.74053801123753,90.82105867042685,111.00543555162012,90.82105867042685,111.00543555162012,0.646,0.45,0.126,1.0,0.0,0.0,0.02,0.0,0.126,0.0031638477998785675,0.003133400052320212,0.004263165092561394,successful_trials_only,False,False
srp_paired_full,deterministic_multisine,evaluation,square,az20_el10,20.0,10.0,-8.0,-8.0,1024,all_6,500,1000,637050316,628751962,628751962,all_6_equal_gcc_wls,not_applicable,True,1000,0,1.0,-1.2188948192101097,7.848460872225192,7.70717603594975,22.908837102820563,7.490000693766026,56.39728590081259,73.08796813283104,82.43238459985645,73.08796813283104,82.43238459985645,0.607,0.445,0.167,1.0,0.0,0.0,0.02,0.0,0.167,0.003179422801709734,0.0031157000339590013,0.004256825038464739,successful_trials_only,False,False
srp_paired_full,deterministic_multisine,evaluation,square,az20_el10,20.0,10.0,-8.0,-8.0,1024,all_6,500,1000,637050316,628751962,628751962,all_6_calibrated_gcc_wls,not_applicable,True,980,20,0.98,0.28690101785062216,-6.047601221123178,6.370548756248281,15.138624948442654,10.050460163607854,30.552117313266844,55.57304462245663,74.14096051580259,55.57304462245663,74.14096051580259,0.9816326530612245,0.9724489795918367,0.05204081632653061,0.98,0.020000000000000018,0.0,0.02,0.02,0.05204081632653061,0.003552760796272196,0.0035803000209853053,0.004654824937460944,successful_trials_only,False,False
srp_paired_full,deterministic_multisine,evaluation,square,az20_el10,20.0,10.0,-8.0,-8.0,1024,all_6,500,1000,637050316,628751962,628751962,equal_weight_srp_phat,gcc_correlation_interpolated,True,1000,0,1.0,0.08810826686063433,-0.9567475403240738,0.9566102151992542,6.023960373718188,4.212901314127639,10.072991156786493,10.294867391590582,13.166804235302834,10.294867391590582,13.166804235302834,0.426,0.209,0.0,1.0,0.0,0.0,0.197,0.0,0.0,0.007172986997873523,0.006882350018713623,0.010340320138493552,successful_trials_only,True,False
srp_paired_full,deterministic_multisine,evaluation,square,az20_el10,20.0,10.0,-6.0,-6.0,1024,reference_3,500,1000,3371153956,3211452428,3211452428,reference_3_gcc_wls,not_applicable,True,1000,0,1.0,0.16969645599162667,0.1691190502052148,0.32229644252286577,9.157088101063772,4.218798480909648,10.147473186911299,39.67630194433134,81.06655735675373,39.67630194433134,81.06655735675373,0.423,0.189,0.013,1.0,0.0,0.0,0.006,0.0,0.013,0.0031780773029895498,0.003125299990642816,0.004176954907597973,successful_trials_only,False,False
srp_paired_full,deterministic_multisine,evaluation,square,az20_el10,20.0,10.0,-6.0,-6.0,1024,all_6,500,1000,3371153956,3211452428,3211452428,all_6_equal_gcc_wls,not_applicable,True,1000,0,1.0,0.03624919799645655,0.487286058854375,0.4637665030151092,8.049990400960045,3.251110882777578,10.081897635887985,41.969161142082115,66.50394534792852,41.969161142082115,66.50394534792852,0.293,0.143,0.017,1.0,0.0,0.0,0.006,0.0,0.017,0.003186371599556878,0.003136899962555617,0.004157314990879968,successful_trials_only,False,False
srp_paired_full,deterministic_multisine,evaluation,square,az20_el10,20.0,10.0,-6.0,-6.0,1024,all_6,500,1000,3371153956,3211452428,3211452428,all_6_calibrated_gcc_wls,not_applicable,True,990,10,0.99,0.020916350510473133,-3.0491260116357677,3.069235563871602,7.110308364005431,4.473033548655921,10.07575826079762,10.313299287997847,45.30793488605832,10.313299287997847,45.30793488605832,0.4595959595959596,0.31313131313131315,0.00404040404040404,0.99,0.010000000000000009,0.0,0.006,0.01,0.00404040404040404,0.00364084290061146,0.0036059999838471413,0.004736984980991109,successful_trials_only,False,False
srp_paired_full,deterministic_multisine,evaluation,square,az20_el10,20.0,10.0,-6.0,-6.0,1024,all_6,500,1000,3371153956,3211452428,3211452428,equal_weight_srp_phat,gcc_correlation_interpolated,True,1000,0,1.0,0.021646084437956948,-0.31849375285067577,0.31534306948483,4.592632515194679,2.8481602005534743,10.005838942984175,10.042398408618983,10.098917353653846,10.042398408618983,10.098917353653846,0.24,0.09,0.0,1.0,0.0,0.0,0.09,0.0,0.0,0.007376976198516786,0.007060799922328442,0.010485999973025172,successful_trials_only,True,False
srp_paired_full,deterministic_multisine,evaluation,square,az20_el10,20.0,10.0,-4.0,-4.0,1024,reference_3,500,1000,2122281893,590038321,590038321,reference_3_gcc_wls,not_applicable,True,1000,0,1.0,0.10294304944319135,-0.38100216197944337,0.3893142285926819,4.730158443873785,2.893015989556518,10.032424532493009,10.167160927240609,11.169373270787913,10.167160927240609,11.169373270787913,0.245,0.104,0.0,1.0,0.0,0.0,0.0,0.0,0.0,0.0031328012992162257,0.0031045000068843365,0.004079194983933121,successful_trials_only,False,False
srp_paired_full,deterministic_multisine,evaluation,square,az20_el10,20.0,10.0,-4.0,-4.0,1024,all_6,500,1000,2122281893,590038321,590038321,all_6_equal_gcc_wls,not_applicable,True,1000,0,1.0,0.043468914194832585,-0.23863292974180628,0.2382855706261287,3.832963069682146,2.071129762103153,10.000068217454153,10.031274412906123,14.346960866547256,10.031274412906123,14.346960866547256,0.134,0.053,0.001,1.0,0.0,0.0,0.0,0.0,0.001,0.003139681401196867,0.0030806000577285886,0.004110240092268213,successful_trials_only,False,False
srp_paired_full,deterministic_multisine,evaluation,square,az20_el10,20.0,10.0,-4.0,-4.0,1024,all_6,500,1000,2122281893,590038321,590038321,all_6_calibrated_gcc_wls,not_applicable,True,995,5,0.995,0.018694890408303255,-1.3525032722780232,1.3533697131027584,5.1494308349867,2.9030011502806508,10.012220629390225,10.050039548729929,10.43608060540639,10.050039548729929,10.43608060540639,0.2793969849246231,0.1306532663316583,0.0010050251256281408,0.995,0.0050000000000000044,0.0,0.0,0.005,0.0010050251256281408,0.003576527200988494,0.003567199921235442,0.0046642098925076415,successful_trials_only,False,False
srp_paired_full,deterministic_multisine,evaluation,square,az20_el10,20.0,10.0,-4.0,-4.0,1024,all_6,500,1000,2122281893,590038321,590038321,equal_weight_srp_phat,gcc_correlation_interpolated,True,1000,0,1.0,0.010213469741130311,-0.2792399418485288,0.2770467735717845,3.59093761624123,2.03767077415501,7.859967512789042,10.024588817782075,10.072095007981126,10.024588817782075,10.072095007981126,0.138,0.045,0.0,1.0,0.0,0.0,0.045,0.0,0.0,0.007531816299655475,0.007264800020493567,0.01024019996402785,successful_trials_only,True,False
srp_paired_full,deterministic_multisine,evaluation,square,az20_el10,20.0,10.0,-2.0,-2.0,1024,reference_3,500,1000,371047043,2988924329,2988924329,reference_3_gcc_wls,not_applicable,True,1000,0,1.0,0.04938204702256661,-0.12180319684087365,0.12774263382226544,3.623095919719156,2.1715747065077684,8.831424821803918,10.028861572696158,10.077854465409612,10.028861572696158,10.077854465409612,0.135,0.048,0.0,1.0,0.0,0.0,0.0,0.0,0.0,0.0031343495019245894,0.003075400018133223,0.004128865001257509,successful_trials_only,False,False
srp_paired_full,deterministic_multisine,evaluation,square,az20_el10,20.0,10.0,-2.0,-2.0,1024,all_6,500,1000,371047043,2988924329,2988924329,all_6_equal_gcc_wls,not_applicable,True,1000,0,1.0,0.020980394928373402,0.07543414596442817,0.07935229626587126,2.665055816303802,1.6562785324162936,4.925552403683143,10.000866297597819,10.008994709549336,10.000866297597819,10.008994709549336,0.048,0.015,0.0,1.0,0.0,0.0,0.0,0.0,0.0,0.0031403168017277495,0.003095799998845905,0.004083159891888499,successful_trials_only,False,False
srp_paired_full,deterministic_multisine,evaluation,square,az20_el10,20.0,10.0,-2.0,-2.0,1024,all_6,500,1000,371047043,2988924329,2988924329,all_6_calibrated_gcc_wls,not_applicable,True,995,5,0.995,-0.044508324011925934,-0.3829975637579355,0.38406223922297567,2.96941874670672,1.7498182902343968,5.831662362193793,10.003117371815254,10.098167438593919,10.003117371815254,10.098167438593919,0.07236180904522613,0.02512562814070352,0.0,0.995,0.0050000000000000044,0.0,0.0,0.005,0.0,0.003547467897995375,0.0035169999464415014,0.0045558699930552385,successful_trials_only,False,False
srp_paired_full,deterministic_multisine,evaluation,square,az20_el10,20.0,10.0,-2.0,-2.0,1024,all_6,500,1000,371047043,2988924329,2988924329,equal_weight_srp_phat,gcc_correlation_interpolated,True,1000,0,1.0,0.013842737867624924,0.08248153547447955,0.0847087684268265,2.6389433583282402,1.6472365265663362,4.8294125567566955,10.000670912465376,10.013325658235384,10.000670912465376,10.013325658235384,0.045,0.013,0.0,1.0,0.0,0.0,0.013,0.0,0.0,0.007337038101162761,0.006996650015935302,0.009895010030595586,successful_trials_only,True,False
srp_paired_full,deterministic_multisine,evaluation,square,az20_el10,20.0,10.0,0.0,0.0,1024,reference_3,500,1000,1572511961,302286287,302286287,reference_3_gcc_wls,not_applicable,True,1000,0,1.0,0.08785004683884172,0.2380244322306141,0.2540390201521798,2.8242781707006968,1.8063354862347,5.6803149407792715,10.002702317826584,10.026229460394845,10.002702317826584,10.026229460394845,0.063,0.014,0.0,1.0,0.0,0.0,0.0,0.0,0.0,0.0030975301004946233,0.003037050017155707,0.004070779914036393,successful_trials_only,False,False
srp_paired_full,deterministic_multisine,evaluation,square,az20_el10,20.0,10.0,0.0,0.0,1024,all_6,500,1000,1572511961,302286287,302286287,all_6_equal_gcc_wls,not_applicable,True,1000,0,1.0,0.04159420944643633,0.2933774190694732,0.29672391481690263,2.1671370957990614,1.4286557688224384,4.003810007505726,6.00728182204025,10.003072439341336,6.00728182204025,10.003072439341336,0.025,0.002,0.0,1.0,0.0,0.0,0.0,0.0,0.0,0.0031073717020917682,0.00306089996593073,0.004121214943006634,successful_trials_only,False,False
srp_paired_full,deterministic_multisine,evaluation,square,az20_el10,20.0,10.0,0.0,0.0,1024,all_6,500,1000,1572511961,302286287,302286287,all_6_calibrated_gcc_wls,not_applicable,True,992,8,0.992,-0.034193711452725234,-0.24066056149957626,0.24215587617828874,2.4830293949143774,1.5415123366452328,4.5372126573400156,10.00028513173024,10.016128305265452,10.00028513173024,10.016128305265452,0.037298387096774195,0.012096774193548387,0.0,0.992,0.008000000000000007,0.0,0.0,0.008,0.0,0.0035045199970481916,0.0034672999754548073,0.00461958001833409,successful_trials_only,False,False
srp_paired_full,deterministic_multisine,evaluation,square,az20_el10,20.0,10.0,0.0,0.0,1024,all_6,500,1000,1572511961,302286287,302286287,equal_weight_srp_phat,gcc_correlation_interpolated,True,1000,0,1.0,0.028428741964396313,0.3014719662817475,0.303233336549392,2.1347420021629593,1.4244493920231711,3.8806099736986877,5.5807079924573495,10.002919792755486,5.5807079924573495,10.002919792755486,0.022,0.002,0.0,1.0,0.0,0.0,0.002,0.0,0.0,0.007347345901071094,0.00703984999563545,0.009753874992020429,successful_trials_only,True,False
srp_paired_full,deterministic_multisine,evaluation,square,az20_el10,20.0,10.0,2.0,2.0,1024,reference_3,500,1000,2559222749,1282210727,1282210727,reference_3_gcc_wls,not_applicable,True,1000,0,1.0,0.08680112488805633,0.197611276568845,0.21555915881662102,2.348413270660877,1.488036532068746,4.402468308430881,6.919073575418385,10.027512808035729,6.919073575418385,10.027512808035729,0.031,0.006,0.0,1.0,0.0,0.0,0.0,0.0,0.0,0.003139041998423636,0.0030842499691061676,0.004148100037127733,successful_trials_only,False,False
srp_paired_full,deterministic_multisine,evaluation,square,az20_el10,20.0,10.0,2.0,2.0,1024,all_6,500,1000,2559222749,1282210727,1282210727,all_6_equal_gcc_wls,not_applicable,True,1000,0,1.0,0.046601045865359327,0.2726881274196986,0.2768277735597123,1.75401584987653,1.1558898411292489,3.2115721881731236,4.96075785941358,10.000000814546127,4.96075785941358,10.000000814546127,0.01,0.002,0.0,1.0,0.0,0.0,0.0,0.0,0.0,0.0031508875001454726,0.0030738500063307583,0.004169830080354585,successful_trials_only,False,False
srp_paired_full,deterministic_multisine,evaluation,square,az20_el10,20.0,10.0,2.0,2.0,1024,all_6,500,1000,2559222749,1282210727,1282210727,all_6_calibrated_gcc_wls,not_applicable,True,993,7,0.993,-0.0023444088691984295,-0.36419513565584644,0.36367794102438283,2.008639830948861,1.2322563534756266,3.6294367266025733,7.334368011275694,10.005248606724125,7.334368011275694,10.005248606724125,0.01812688821752266,0.007049345417925478,0.0,0.993,0.007000000000000006,0.0,0.0,0.007,0.0,0.0035453457997646183,0.0035007999977096915,0.004704669961938634,successful_trials_only,False,False
srp_paired_full,deterministic_multisine,evaluation,square,az20_el10,20.0,10.0,2.0,2.0,1024,all_6,500,1000,2559222749,1282210727,1282210727,equal_weight_srp_phat,gcc_correlation_interpolated,True,1000,0,1.0,0.03318860924605414,0.271603039123476,0.273859887304327,1.7513879631062885,1.1321891646433293,3.196863446487957,4.939223454762698,10.000002177012245,4.939223454762698,10.000002177012245,0.01,0.002,0.0,1.0,0.0,0.0,0.002,0.0,0.0,0.007326733798370697,0.0068960500648245215,0.009883950051153077,successful_trials_only,True,False
srp_paired_full,deterministic_multisine,evaluation,square,az20_el10,20.0,10.0,5.0,5.0,1024,reference_3,500,1000,2403097419,1272349562,1272349562,reference_3_gcc_wls,not_applicable,True,1000,0,1.0,0.12770486494680833,0.5378543497182936,0.5524555588319374,1.795130205934959,1.2424092577840682,3.4727417521498727,4.432314899163069,6.432206405991451,4.432314899163069,6.432206405991451,0.003,0.001,0.0,1.0,0.0,0.0,0.0,0.0,0.0,0.003106991698034108,0.0030331999878399074,0.004133510042447597,successful_trials_only,False,False
srp_paired_full,deterministic_multisine,evaluation,square,az20_el10,20.0,10.0,5.0,5.0,1024,all_6,500,1000,2403097419,1272349562,1272349562,all_6_equal_gcc_wls,not_applicable,True,1000,0,1.0,0.06610593854566424,0.5280081903138655,0.5320705929534807,1.3823751040419525,0.971516970663644,2.604873129793228,3.4463860101661217,4.524021155386024,3.4463860101661217,4.524021155386024,0.001,0.0,0.0,1.0,0.0,0.0,0.0,0.0,0.0,0.003118818602641113,0.0030553500400856137,0.004152520064963028,successful_trials_only,False,False
srp_paired_full,deterministic_multisine,evaluation,square,az20_el10,20.0,10.0,5.0,5.0,1024,all_6,500,1000,2403097419,1272349562,1272349562,all_6_calibrated_gcc_wls,not_applicable,True,996,4,0.996,-0.024309144192678926,-0.05784150749659354,0.06258396974405372,1.3861310500250938,0.9041997656907239,2.7436218959665317,3.6511023585790015,5.521772089121616,3.6511023585790015,5.521772089121616,0.002008032128514056,0.0,0.0,0.996,0.0040000000000000036,0.0,0.0,0.004,0.0,0.0035101794952061027,0.0034772501094266772,0.004586369986645876,successful_trials_only,False,False
srp_paired_full,deterministic_multisine,evaluation,square,az20_el10,20.0,10.0,5.0,5.0,1024,all_6,500,1000,2403097419,1272349562,1272349562,equal_weight_srp_phat,gcc_correlation_interpolated,True,1000,0,1.0,0.045414374715662426,0.5363949100902657,0.5383247841104132,1.3829955816874957,0.9620854370371895,2.622554629884055,3.5475865839136347,4.262851340456236,3.5475865839136347,4.262851340456236,0.001,0.0,0.0,1.0,0.0,0.0,0.0,0.0,0.0,0.007369291899260133,0.0069012000458315015,0.010090010089334099,successful_trials_only,True,False
srp_paired_full,deterministic_multisine,evaluation,square,az20_el10,20.0,10.0,10.0,10.0,1024,reference_3,500,1000,469922851,3217642786,3217642786,reference_3_gcc_wls,not_applicable,True,1000,0,1.0,0.2012876127623771,1.1001801442197632,1.117857725506105,1.5933127664247755,1.2833198978155262,2.8680772328677695,3.4802509372097603,4.515121389458912,3.4802509372097603,4.515121389458912,0.0,0.0,0.0,1.0,0.0,0.0,0.0,0.0,0.0,0.003128844998544082,0.0031097499886527658,0.004048239975236356,successful_trials_only,False,False
srp_paired_full,deterministic_multisine,evaluation,square,az20_el10,20.0,10.0,10.0,10.0,1024,all_6,500,1000,469922851,3217642786,3217642786,all_6_equal_gcc_wls,not_applicable,True,1000,0,1.0,0.10610872865006309,0.9172892549898947,0.9232334230835937,1.2955728578457442,1.0116853445620406,2.3572642164049995,2.9301111810666898,3.203847997735715,2.9301111810666898,3.203847997735715,0.0,0.0,0.0,1.0,0.0,0.0,0.0,0.0,0.0,0.0031371614001691342,0.0031137499026954174,0.004079639981500805,successful_trials_only,False,False
srp_paired_full,deterministic_multisine,evaluation,square,az20_el10,20.0,10.0,10.0,10.0,1024,all_6,500,1000,469922851,3217642786,3217642786,all_6_calibrated_gcc_wls,not_applicable,True,997,3,0.997,-0.0264210833081324,-0.031112564441352724,0.04060338205032446,0.9948318644560906,0.648267097282025,1.8870401770470127,2.6657615340855254,4.028627016675987,2.6657615340855254,4.028627016675987,0.0010030090270812437,0.0,0.0,0.997,0.0030000000000000027,0.0,0.0,0.003,0.0,0.003553066899185069,0.0035736498539336026,0.004570214991690591,successful_trials_only,False,False
srp_paired_full,deterministic_multisine,evaluation,square,az20_el10,20.0,10.0,10.0,10.0,1024,all_6,500,1000,469922851,3217642786,3217642786,equal_weight_srp_phat,gcc_correlation_interpolated,True,1000,0,1.0,0.07091959722552661,0.9348670946149849,0.9374940972590651,1.309485273897614,1.0223346045141881,2.3766743833594037,2.9204325034121226,3.276886179060315,2.9204325034121226,3.276886179060315,0.0,0.0,0.0,1.0,0.0,0.0,0.0,0.0,0.0,0.007445162399089895,0.007059949974063784,0.010223540046717968,successful_trials_only,True,False
srp_paired_full,deterministic_multisine,evaluation,square,az20_el10,20.0,10.0,20.0,20.0,1024,reference_3,500,1000,1718345181,4231909955,4231909955,reference_3_gcc_wls,not_applicable,True,1000,0,1.0,0.34632984653926646,2.0426246821793463,2.0707130417467234,2.1578964989026392,2.0957304142952387,3.059702921303733,3.3715442619753158,3.8180968825959356,3.3715442619753158,3.8180968825959356,0.0,0.0,0.0,1.0,0.0,0.0,0.0,0.0,0.0,0.0031956861990038304,0.003163050045259297,0.00419329492142424,successful_trials_only,False,False
srp_paired_full,deterministic_multisine,evaluation,square,az20_el10,20.0,10.0,20.0,20.0,1024,all_6,500,1000,1718345181,4231909955,4231909955,all_6_equal_gcc_wls,not_applicable,True,1000,0,1.0,0.19264941632869156,1.7246407889091306,1.7349907076413282,1.8018991969456732,1.7353383959223219,2.5345666378698,2.786748482337597,3.0810110164739286,2.786748482337597,3.0810110164739286,0.0,0.0,0.0,1.0,0.0,0.0,0.0,0.0,0.0,0.0032082756981253622,0.003177099977619946,0.004220015002647415,successful_trials_only,False,False
srp_paired_full,deterministic_multisine,evaluation,square,az20_el10,20.0,10.0,20.0,20.0,1024,all_6,500,1000,1718345181,4231909955,4231909955,all_6_calibrated_gcc_wls,not_applicable,True,996,4,0.996,-0.017218394442030893,-0.07476905567422894,0.07667484306892387,0.6194640193188414,0.3958174259556711,1.2266968106326797,1.6448334935246303,1.9893957396791637,1.6448334935246303,1.9893957396791637,0.0,0.0,0.0,0.996,0.0040000000000000036,0.0,0.0,0.004,0.0,0.0036460334990406408,0.003588649909943342,0.004744030022993683,successful_trials_only,False,False
srp_paired_full,deterministic_multisine,evaluation,square,az20_el10,20.0,10.0,20.0,20.0,1024,all_6,500,1000,1718345181,4231909955,4231909955,equal_weight_srp_phat,gcc_correlation_interpolated,True,1000,0,1.0,0.12898229045884219,1.727462802775428,1.7321040594382493,1.8009512181913991,1.7386196509792828,2.5301018773098245,2.811625075170745,3.0386026850099617,2.811625075170745,3.0386026850099617,0.0,0.0,0.0,1.0,0.0,0.0,0.0,0.0,0.0,0.007835523497080431,0.0074691500049084425,0.011494314979063346,successful_trials_only,True,False
srp_paired_full,deterministic_multisine,evaluation,square,az20_el10,20.0,10.0,30.0,30.0,1024,reference_3,500,1000,2820199712,2400615734,2400615734,reference_3_gcc_wls,not_applicable,True,1000,0,1.0,0.40977830375325297,2.345211792641807,2.379411795711683,2.396680184953224,2.3837695209737753,2.8443997366779517,3.0168870492722286,3.1603233428721613,3.0168870492722286,3.1603233428721613,0.0,0.0,0.0,1.0,0.0,0.0,0.0,0.0,0.0,0.003150832800427452,0.0030829000170342624,0.0041686600656248626,successful_trials_only,False,False
srp_paired_full,deterministic_multisine,evaluation,square,az20_el10,20.0,10.0,30.0,30.0,1024,all_6,500,1000,2820199712,2400615734,2400615734,all_6_equal_gcc_wls,not_applicable,True,1000,0,1.0,0.23175185449413674,2.001233421508367,2.0141214411365236,2.027742972710979,2.022139483302345,2.399124838385054,2.5177490570096652,2.6396589486875714,2.5177490570096652,2.6396589486875714,0.0,0.0,0.0,1.0,0.0,0.0,0.0,0.0,0.0,0.0031661049012327567,0.003107149910647422,0.004169760079821571,successful_trials_only,False,False
srp_paired_full,deterministic_multisine,evaluation,square,az20_el10,20.0,10.0,30.0,30.0,1024,all_6,500,1000,2820199712,2400615734,2400615734,all_6_calibrated_gcc_wls,not_applicable,True,997,3,0.997,-0.003981840987914912,0.0015576230510883705,0.004238416761975069,0.307224131198217,0.2017656864144046,0.6108179968201695,0.8096591686437387,0.9194993886037998,0.8096591686437387,0.9194993886037998,0.0,0.0,0.0,0.997,0.0030000000000000027,0.0,0.0,0.003,0.0,0.003617246800917201,0.0035856999456882477,0.004735094856005162,successful_trials_only,False,False
srp_paired_full,deterministic_multisine,evaluation,square,az20_el10,20.0,10.0,30.0,30.0,1024,all_6,500,1000,2820199712,2400615734,2400615734,equal_weight_srp_phat,gcc_correlation_interpolated,True,1000,0,1.0,0.14623096742620725,1.9890940888160942,1.9942670778297513,2.008909136113901,2.004317365067293,2.3925862606520636,2.52821105349751,2.6091424514812984,2.52821105349751,2.6091424514812984,0.0,0.0,0.0,1.0,0.0,0.0,0.0,0.0,0.0,0.007863278103410266,0.0074700500699691474,0.011268255003960803,successful_trials_only,True,False
srp_paired_full,random_broadband,evaluation,square,az20_el10,20.0,10.0,-10.0,-10.0,1024,reference_3,500,1000,4052015168,1373262049,1373262049,reference_3_gcc_wls,not_applicable,True,1000,0,1.0,-1.259523082508097,4.060440046804271,4.310468072570771,24.29912088288097,4.084799474818445,67.30722157030787,89.48072680086688,101.17245230494525,89.48072680086688,101.17245230494525,0.417,0.307,0.139,1.0,0.0,0.0,0.018,0.0,0.139,0.0031496639986289664,0.003160800028126687,0.004147844924591482,successful_trials_only,False,False
srp_paired_full,random_broadband,evaluation,square,az20_el10,20.0,10.0,-10.0,-10.0,1024,all_6,500,1000,4052015168,1373262049,1373262049,all_6_equal_gcc_wls,not_applicable,True,1000,0,1.0,-0.5481542341079987,8.221380975521017,8.175863946121476,22.49701789574392,4.371099958463199,53.53191695668258,73.27453463994412,92.1026530103882,73.27453463994412,92.1026530103882,0.465,0.396,0.171,1.0,0.0,0.0,0.018,0.0,0.171,0.0031522518986603246,0.0031297500245273113,0.0041102300921920685,successful_trials_only,False,False
srp_paired_full,random_broadband,evaluation,square,az20_el10,20.0,10.0,-10.0,-10.0,1024,all_6,500,1000,4052015168,1373262049,1373262049,all_6_calibrated_gcc_wls,not_applicable,True,982,18,0.982,0.33636001289698514,-7.340351789309236,7.5706568980459386,13.71201950068196,10.020188498813711,19.91912052782088,49.77531967799427,79.01282166064699,49.77531967799427,79.01282166064699,0.9979633401221996,0.9877800407331976,0.031568228105906315,0.982,0.018000000000000016,0.0,0.018,0.018,0.031568228105906315,0.003526905897539109,0.0035391500568948686,0.004587555001489818,successful_trials_only,False,False
srp_paired_full,random_broadband,evaluation,square,az20_el10,20.0,10.0,-10.0,-10.0,1024,all_6,500,1000,4052015168,1373262049,1373262049,equal_weight_srp_phat,gcc_correlation_interpolated,True,1000,0,1.0,-0.029288168416350246,-0.578433975606923,0.5759568277898198,4.086733247380475,2.4318942632848715,10.003716438459966,10.045272828645228,10.163746594098404,10.045272828645228,10.163746594098404,0.173,0.075,0.0,1.0,0.0,0.0,0.075,0.0,0.0,0.00737512199790217,0.007015749986749142,0.010507485031848774,successful_trials_only,True,False
srp_paired_full,random_broadband,evaluation,square,az20_el10,20.0,10.0,-8.0,-8.0,1024,reference_3,500,1000,2270389723,3680216868,3680216868,reference_3_gcc_wls,not_applicable,True,1000,0,1.0,0.028198937817724572,-0.33692571145413563,0.35272716833636936,6.773631266362118,2.2831550582131706,10.007724127421781,14.122307002956466,68.68516573484709,14.122307002956466,68.68516573484709,0.162,0.071,0.007,1.0,0.0,0.0,0.0,0.0,0.007,0.0030653399976436047,0.0029650499927811325,0.004153004958061501,successful_trials_only,False,False
srp_paired_full,random_broadband,evaluation,square,az20_el10,20.0,10.0,-8.0,-8.0,1024,all_6,500,1000,2270389723,3680216868,3680216868,all_6_equal_gcc_wls,not_applicable,True,1000,0,1.0,0.034901785794642176,0.026387736959800265,0.0539336798356997,5.751356472620459,1.8208371012604785,7.294398190621544,18.36264451987173,53.834873268234276,18.36264451987173,53.834873268234276,0.099,0.044,0.01,1.0,0.0,0.0,0.0,0.0,0.01,0.00307805050117895,0.00299504998838529,0.004084350017365068,successful_trials_only,False,False
srp_paired_full,random_broadband,evaluation,square,az20_el10,20.0,10.0,-8.0,-8.0,1024,all_6,500,1000,2270389723,3680216868,3680216868,all_6_calibrated_gcc_wls,not_applicable,True,986,14,0.986,-0.027694535777166126,-0.6048008399552023,0.6027577643923233,3.8827696744976223,2.224308869944031,10.000283113600855,10.041114109101388,10.075337737263709,10.041114109101388,10.075337737263709,0.16531440162271804,0.060851926977687626,0.0,0.986,0.014000000000000012,0.0,0.0,0.014,0.0,0.0035262077983934433,0.0034671000321395695,0.004613255074946209,successful_trials_only,False,False
srp_paired_full,random_broadband,evaluation,square,az20_el10,20.0,10.0,-8.0,-8.0,1024,all_6,500,1000,2270389723,3680216868,3680216868,equal_weight_srp_phat,gcc_correlation_interpolated,True,1000,0,1.0,0.008554212467389296,-0.31249234762133643,0.31097374958602747,3.012797445711803,1.7874041005783485,5.988913326237879,10.005769374668466,10.03973112472741,10.005769374668466,10.03973112472741,0.083,0.025,0.0,1.0,0.0,0.0,0.025,0.0,0.0,0.007223268800182268,0.006756149989087135,0.010147265053819863,successful_trials_only,True,False
srp_paired_full,random_broadband,evaluation,square,az20_el10,20.0,10.0,-6.0,-6.0,1024,reference_3,500,1000,3687031876,3769072507,3769072507,reference_3_gcc_wls,not_applicable,True,1000,0,1.0,0.022601450741464343,-0.19829374437701244,0.19828294807125751,2.5456366896704963,1.564742626328032,4.682971906748094,10.001054217252527,10.024881517908046,10.001054217252527,10.024881517908046,0.045,0.013,0.0,1.0,0.0,0.0,0.0,0.0,0.0,0.0030321889009792356,0.002972249989397824,0.0039215199300087974,successful_trials_only,False,False
srp_paired_full,random_broadband,evaluation,square,az20_el10,20.0,10.0,-6.0,-6.0,1024,all_6,500,1000,3687031876,3769072507,3769072507,all_6_equal_gcc_wls,not_applicable,True,1000,0,1.0,0.011948958770302732,-0.05670483158002413,0.05743609621622467,1.9889658636305976,1.2679021939349433,3.886463499286544,6.022839283390793,8.848000493272732,6.022839283390793,8.848000493272732,0.017,0.001,0.0,1.0,0.0,0.0,0.0,0.0,0.0,0.0030313805011101067,0.0029738000594079494,0.0038747950515244153,successful_trials_only,False,False
srp_paired_full,random_broadband,evaluation,square,az20_el10,20.0,10.0,-6.0,-6.0,1024,all_6,500,1000,3687031876,3769072507,3769072507,all_6_calibrated_gcc_wls,not_applicable,True,989,11,0.989,0.0007129101477069675,-0.10987279682430978,0.10916327459379083,2.169008737577701,1.2636975609044554,4.04622334398673,6.958753800380841,10.012930124133781,6.958753800380841,10.012930124133781,0.025278058645096056,0.007077856420626896,0.0,0.989,0.01100000000000001,0.0,0.0,0.011,0.0,0.0034108280017971994,0.0033565500052645802,0.0044271400664001705,successful_trials_only,False,False
srp_paired_full,random_broadband,evaluation,square,az20_el10,20.0,10.0,-6.0,-6.0,1024,all_6,500,1000,3687031876,3769072507,3769072507,equal_weight_srp_phat,gcc_correlation_interpolated,True,1000,0,1.0,0.011659592762113728,-0.052676099534703674,0.05345606824806787,1.96629210411839,1.2557075537582856,3.8761479591873687,5.341780852472771,10.0000864146128,5.341780852472771,10.0000864146128,0.016,0.002,0.0,1.0,0.0,0.0,0.002,0.0,0.0,0.007225316700525582,0.006854050036054105,0.009885549952741712,successful_trials_only,True,False
srp_paired_full,random_broadband,evaluation,square,az20_el10,20.0,10.0,-4.0,-4.0,1024,reference_3,500,1000,3898053548,1266175952,1266175952,reference_3_gcc_wls,not_applicable,True,1000,0,1.0,0.0003420064310533217,-0.10829739380245561,0.1080152030631584,1.7215769115801973,1.1760132077728995,3.2645464527121404,4.466536087595828,6.58929408298029,4.466536087595828,6.58929408298029,0.008,0.001,0.0,1.0,0.0,0.0,0.0,0.0,0.0,0.002299981800839305,0.0022268500179052353,0.002705014985986053,successful_trials_only,False,False
srp_paired_full,random_broadband,evaluation,square,az20_el10,20.0,10.0,-4.0,-4.0,1024,all_6,500,1000,3898053548,1266175952,1266175952,all_6_equal_gcc_wls,not_applicable,True,1000,0,1.0,0.008976993537302089,-0.04714581390841706,0.047801952060115935,1.4216288284518455,0.985412364317979,2.7621932460218046,4.001136729413122,5.765021565552555,4.001136729413122,5.765021565552555,0.003,0.0,0.0,1.0,0.0,0.0,0.0,0.0,0.0,0.0023079850024078042,0.002234449959360063,0.002775949949864298,successful_trials_only,False,False
srp_paired_full,random_broadband,evaluation,square,az20_el10,20.0,10.0,-4.0,-4.0,1024,all_6,500,1000,3898053548,1266175952,1266175952,all_6_calibrated_gcc_wls,not_applicable,True,983,17,0.983,0.0019086908269316319,-0.11319052090506934,0.11301773129788091,1.4804905041242529,0.9809972301137782,2.9234241692631238,4.3174362675794535,6.519675930067584,4.3174362675794535,6.519675930067584,0.00508646998982706,0.0,0.0,0.983,0.017000000000000015,0.0,0.0,0.017,0.0,0.002571679699816741,0.0025187000283040106,0.0029955449921544633,successful_trials_only,False,False
srp_paired_full,random_broadband,evaluation,square,az20_el10,20.0,10.0,-4.0,-4.0,1024,all_6,500,1000,3898053548,1266175952,1266175952,equal_weight_srp_phat,gcc_correlation_interpolated,True,1000,0,1.0,0.008623176056449439,-0.04122221246863519,0.04192509014162787,1.4169311801452267,0.9903058911744381,2.692162719564152,3.992502610463157,5.918848473594301,3.992502610463157,5.918848473594301,0.003,0.0,0.0,1.0,0.0,0.0,0.0,0.0,0.0,0.005602218700223602,0.005263050086796284,0.00770843010395765,successful_trials_only,True,False
srp_paired_full,random_broadband,evaluation,square,az20_el10,20.0,10.0,-2.0,-2.0,1024,reference_3,500,1000,764094111,36878349,36878349,reference_3_gcc_wls,not_applicable,True,1000,0,1.0,-0.003885245664388601,-0.03838389469672221,0.03844415643122758,1.3219961493779142,0.8524298652409714,2.611696406125926,3.725996492768268,4.512414122803342,3.725996492768268,4.512414122803342,0.0,0.0,0.0,1.0,0.0,0.0,0.0,0.0,0.0,0.0022535754018463195,0.0022069000406190753,0.0025743300444446503,successful_trials_only,False,False
srp_paired_full,random_broadband,evaluation,square,az20_el10,20.0,10.0,-2.0,-2.0,1024,all_6,500,1000,764094111,36878349,36878349,all_6_equal_gcc_wls,not_applicable,True,1000,0,1.0,0.002497653917994011,-0.005622695355191502,0.006059621993422342,1.115524944813501,0.7504152467823444,2.1693513416277277,2.795518034784937,3.688455033665811,2.795518034784937,3.688455033665811,0.0,0.0,0.0,1.0,0.0,0.0,0.0,0.0,0.0,0.0022595321016851814,0.0022149000433273613,0.0025867650227155534,successful_trials_only,False,False
srp_paired_full,random_broadband,evaluation,square,az20_el10,20.0,10.0,-2.0,-2.0,1024,all_6,500,1000,764094111,36878349,36878349,all_6_calibrated_gcc_wls,not_applicable,True,992,8,0.992,0.012546802287208395,-0.06969858067286903,0.07068249405170508,1.1713355918611832,0.7863841536538888,2.2441676935523778,3.09257740843431,4.897879945311721,3.09257740843431,4.897879945311721,0.0010080645161290322,0.0,0.0,0.992,0.008000000000000007,0.0,0.0,0.008,0.0,0.002530058198608458,0.0024945500772446394,0.002867349947337061,successful_trials_only,False,False
srp_paired_full,random_broadband,evaluation,square,az20_el10,20.0,10.0,-2.0,-2.0,1024,all_6,500,1000,764094111,36878349,36878349,equal_weight_srp_phat,gcc_correlation_interpolated,True,1000,0,1.0,0.002337512701779789,-0.003538279791746878,0.004149187082851416,1.1155074417310862,0.7401130198681282,2.1636805341976237,2.8532373059659926,3.7948539141437063,2.8532373059659926,3.7948539141437063,0.0,0.0,0.0,1.0,0.0,0.0,0.0,0.0,0.0,0.005465499803074636,0.005270299967378378,0.0067793050431646405,successful_trials_only,True,False
srp_paired_full,random_broadband,evaluation,square,az20_el10,20.0,10.0,0.0,0.0,1024,reference_3,500,1000,4286221535,3336920253,3336920253,reference_3_gcc_wls,not_applicable,True,1000,0,1.0,-0.007302108240462955,-0.04537198983290235,0.045874973030337114,1.0438214813913218,0.7059065660234077,2.04498232380496,2.8508176801584044,3.402062989149231,2.8508176801584044,3.402062989149231,0.0,0.0,0.0,1.0,0.0,0.0,0.0,0.0,0.0,0.002252475801156834,0.002216600056272,0.002493729902198538,successful_trials_only,False,False
srp_paired_full,random_broadband,evaluation,square,az20_el10,20.0,10.0,0.0,0.0,1024,all_6,500,1000,4286221535,3336920253,3336920253,all_6_equal_gcc_wls,not_applicable,True,1000,0,1.0,-0.000355489685247176,-0.014400886544562242,0.014360916474263392,0.9054866186522522,0.6120902956650329,1.833314076917222,2.3535519697352214,2.8787644937226697,2.3535519697352214,2.8787644937226697,0.0,0.0,0.0,1.0,0.0,0.0,0.0,0.0,0.0,0.002258054202771746,0.002222349983640015,0.0024963800329715013,successful_trials_only,False,False
srp_paired_full,random_broadband,evaluation,square,az20_el10,20.0,10.0,0.0,0.0,1024,all_6,500,1000,4286221535,3336920253,3336920253,all_6_calibrated_gcc_wls,not_applicable,True,988,12,0.988,-0.007857932386197378,-0.041310691757326434,0.04198652239432091,0.9203860227188013,0.5943958489138319,1.8509808096498008,2.447061365722229,3.1961648253301678,2.447061365722229,3.1961648253301678,0.0,0.0,0.0,0.988,0.01200000000000001,0.0,0.0,0.012,0.0,0.0025265084978891537,0.0025057499879039824,0.0027692100149579344,successful_trials_only,False,False
srp_paired_full,random_broadband,evaluation,square,az20_el10,20.0,10.0,0.0,0.0,1024,all_6,500,1000,4286221535,3336920253,3336920253,equal_weight_srp_phat,gcc_correlation_interpolated,True,1000,0,1.0,-7.616168040085316e-05,-0.012905334714955958,0.01286099858411668,0.9069014475832294,0.610946492298483,1.824642384611889,2.338410868478082,2.858914867621557,2.338410868478082,2.858914867621557,0.0,0.0,0.0,1.0,0.0,0.0,0.0,0.0,0.0,0.005387131601455621,0.005211550043895841,0.006610449933214113,successful_trials_only,True,False
srp_paired_full,random_broadband,evaluation,square,az20_el10,20.0,10.0,2.0,2.0,1024,reference_3,500,1000,2612514717,2189951555,2189951555,reference_3_gcc_wls,not_applicable,True,1000,0,1.0,-0.008841312905536467,-0.05644913224248535,0.05708268708052496,0.8174234021769016,0.5336486555959457,1.5779712503954213,2.1006579195291666,2.5981833835045145,2.1006579195291666,2.5981833835045145,0.0,0.0,0.0,1.0,0.0,0.0,0.0,0.0,0.0,0.002246905401931144,0.002207099983934313,0.0025361849868204443,successful_trials_only,False,False
srp_paired_full,random_broadband,evaluation,square,az20_el10,20.0,10.0,2.0,2.0,1024,all_6,500,1000,2612514717,2189951555,2189951555,all_6_equal_gcc_wls,not_applicable,True,1000,0,1.0,-0.0007267665369488406,-0.036997834712011284,0.03697729234109293,0.7137205443735137,0.4908037262702725,1.3845453284968852,1.8633874515917936,2.5028570166812076,1.8633874515917936,2.5028570166812076,0.0,0.0,0.0,1.0,0.0,0.0,0.0,0.0,0.0,0.002256057700142264,0.0022153500467538834,0.002555500011658296,successful_trials_only,False,False
srp_paired_full,random_broadband,evaluation,square,az20_el10,20.0,10.0,2.0,2.0,1024,all_6,500,1000,2612514717,2189951555,2189951555,all_6_calibrated_gcc_wls,not_applicable,True,994,6,0.994,0.005884890763655087,-0.03738110179144405,0.0377958817048214,0.7359564644100112,0.4922830900010583,1.4170411891763508,1.931366307988001,2.257968524137512,1.931366307988001,2.257968524137512,0.0,0.0,0.0,0.994,0.006000000000000005,0.0,0.0,0.006,0.0,0.002530714800464921,0.0024986499920487404,0.0028356300434097645,successful_trials_only,False,False
srp_paired_full,random_broadband,evaluation,square,az20_el10,20.0,10.0,2.0,2.0,1024,all_6,500,1000,2612514717,2189951555,2189951555,equal_weight_srp_phat,gcc_correlation_interpolated,True,1000,0,1.0,-0.0002118101999695325,-0.034882278621632797,0.03485520380477568,0.713099232485213,0.49435581109250776,1.380202279304718,1.8567373670517646,2.523942009926159,1.8567373670517646,2.523942009926159,0.0,0.0,0.0,1.0,0.0,0.0,0.0,0.0,0.0,0.0054465569058666004,0.005242749990429729,0.006786904984619468,successful_trials_only,True,False
srp_paired_full,random_broadband,evaluation,square,az20_el10,20.0,10.0,5.0,5.0,1024,reference_3,500,1000,893368488,3952493046,3952493046,reference_3_gcc_wls,not_applicable,True,1000,0,1.0,-0.008379926241286802,-0.026990929379144005,0.028208746455663375,0.6002945745138976,0.4100243787394306,1.1451942633112528,1.4845532439542117,2.0538302776038555,1.4845532439542117,2.0538302776038555,0.0,0.0,0.0,1.0,0.0,0.0,0.0,0.0,0.0,0.002243828602251597,0.002210000006016344,0.0025383399974089112,successful_trials_only,False,False
srp_paired_full,random_broadband,evaluation,square,az20_el10,20.0,10.0,5.0,5.0,1024,all_6,500,1000,893368488,3952493046,3952493046,all_6_equal_gcc_wls,not_applicable,True,1000,0,1.0,-0.0019087797693804925,-0.005817494425142323,0.006101615325865046,0.5476650261414725,0.3754939213234365,1.0567403089418517,1.4044459592262528,1.9161970541841105,1.4044459592262528,1.9161970541841105,0.0,0.0,0.0,1.0,0.0,0.0,0.0,0.0,0.0,0.002249568803352304,0.002216799999587238,0.0025374849967192852,successful_trials_only,False,False
srp_paired_full,random_broadband,evaluation,square,az20_el10,20.0,10.0,5.0,5.0,1024,all_6,500,1000,893368488,3952493046,3952493046,all_6_calibrated_gcc_wls,not_applicable,True,997,3,0.997,0.004058871488105676,-0.04842515518747075,0.0485736840134893,0.5792638865720043,0.38810917076329443,1.1223105658800725,1.5715497930409692,1.9606142487807654,1.5715497930409692,1.9606142487807654,0.0,0.0,0.0,0.997,0.0030000000000000027,0.0,0.0,0.003,0.0,0.0025338007976533844,0.0025034500285983086,0.0028427349927369503,successful_trials_only,False,False
srp_paired_full,random_broadband,evaluation,square,az20_el10,20.0,10.0,5.0,5.0,1024,all_6,500,1000,893368488,3952493046,3952493046,equal_weight_srp_phat,gcc_correlation_interpolated,True,1000,0,1.0,-0.0012321548060260836,-0.0035143763774722215,0.0037058577927617546,0.547425791311635,0.37408838002124933,1.0501643389765631,1.4100673629238936,1.927114287962267,1.4100673629238936,1.927114287962267,0.0,0.0,0.0,1.0,0.0,0.0,0.0,0.0,0.0,0.005388915201066993,0.0051887500449083745,0.006708554975921288,successful_trials_only,True,False
srp_paired_full,random_broadband,evaluation,square,az20_el10,20.0,10.0,10.0,10.0,1024,reference_3,500,1000,1514653963,3656717843,3656717843,reference_3_gcc_wls,not_applicable,True,1000,0,1.0,-0.0038086901826072496,-0.030174004071942533,0.03040078524092496,0.388178439039725,0.25304519564657063,0.7640586250395305,1.0142421724147517,1.3443574712902226,1.0142421724147517,1.3443574712902226,0.0,0.0,0.0,1.0,0.0,0.0,0.0,0.0,0.0,0.0030031171989394353,0.0029026500415056944,0.004009824921377003,successful_trials_only,False,False
srp_paired_full,random_broadband,evaluation,square,az20_el10,20.0,10.0,10.0,10.0,1024,all_6,500,1000,1514653963,3656717843,3656717843,all_6_equal_gcc_wls,not_applicable,True,1000,0,1.0,0.0016027571237943767,-0.016456842641102334,0.016527441376845756,0.35103262348040876,0.22271184043487122,0.6838164186703055,0.8709744332573855,1.1690753749580316,0.8709744332573855,1.1690753749580316,0.0,0.0,0.0,1.0,0.0,0.0,0.0,0.0,0.0,0.003017114700283855,0.002920999948401004,0.004005735111422837,successful_trials_only,False,False
srp_paired_full,random_broadband,evaluation,square,az20_el10,20.0,10.0,10.0,10.0,1024,all_6,500,1000,1514653963,3656717843,3656717843,all_6_calibrated_gcc_wls,not_applicable,True,998,2,0.998,0.013431120245244654,-0.027371313663340918,0.03039191751686928,0.39218278142479623,0.25018365739120096,0.7839698397011893,1.0414086829829958,1.23024159328281,1.0414086829829958,1.23024159328281,0.0,0.0,0.0,0.998,0.0020000000000000018,0.0,0.0,0.002,0.0,0.003434897602768615,0.0033593500265851617,0.004515260033076629,successful_trials_only,False,False
srp_paired_full,random_broadband,evaluation,square,az20_el10,20.0,10.0,10.0,10.0,1024,all_6,500,1000,1514653963,3656717843,3656717843,equal_weight_srp_phat,gcc_correlation_interpolated,True,1000,0,1.0,0.0025194229806953608,-0.013741740929172741,0.01395879317154607,0.3506195573050841,0.22455087300032117,0.6834775506057261,0.8840419624422702,1.16603848082394,0.8840419624422702,1.16603848082394,0.0,0.0,0.0,1.0,0.0,0.0,0.0,0.0,0.0,0.006707730699563399,0.0062612000037916005,0.009567660093307496,successful_trials_only,True,False
srp_paired_full,random_broadband,evaluation,square,az20_el10,20.0,10.0,20.0,20.0,1024,reference_3,500,1000,54016517,2877792475,2877792475,reference_3_gcc_wls,not_applicable,True,1000,0,1.0,-0.0072221869668326975,-0.009262793860246952,0.011679400038531781,0.23395341716623502,0.15031947063529835,0.4726707458932815,0.6202899003604292,0.8518895704184327,0.6202899003604292,0.8518895704184327,0.0,0.0,0.0,1.0,0.0,0.0,0.0,0.0,0.0,0.0031129544030409307,0.003107600030489266,0.0041641450370661914,successful_trials_only,False,False
srp_paired_full,random_broadband,evaluation,square,az20_el10,20.0,10.0,20.0,20.0,1024,all_6,500,1000,54016517,2877792475,2877792475,all_6_equal_gcc_wls,not_applicable,True,1000,0,1.0,-0.0018637320994677612,0.008488411724716373,0.008686025720950806,0.2245392275060162,0.14291008828949128,0.46162814704421995,0.5844466349422639,0.9187451810918029,0.5844466349422639,0.9187451810918029,0.0,0.0,0.0,1.0,0.0,0.0,0.0,0.0,0.0,0.0031219838021788746,0.003094749990850687,0.004172789992298931,successful_trials_only,False,False
srp_paired_full,random_broadband,evaluation,square,az20_el10,20.0,10.0,20.0,20.0,1024,all_6,500,1000,54016517,2877792475,2877792475,all_6_calibrated_gcc_wls,not_applicable,True,997,3,0.997,0.0032726442593103452,0.0065137681860236675,0.007266764281440844,0.2490550657144702,0.154507637307225,0.4973205264773213,0.6639776006350955,0.9607911307455621,0.6639776006350955,0.9607911307455621,0.0,0.0,0.0,0.997,0.0030000000000000027,0.0,0.0,0.003,0.0,0.0035892705010483043,0.003627349913585931,0.004787744907662273,successful_trials_only,False,False
srp_paired_full,random_broadband,evaluation,square,az20_el10,20.0,10.0,20.0,20.0,1024,all_6,500,1000,54016517,2877792475,2877792475,equal_weight_srp_phat,gcc_correlation_interpolated,True,1000,0,1.0,-0.0008161376691313455,0.011886548357374791,0.011914754044226806,0.2242445680254486,0.14243529594708598,0.4615623797531079,0.5838758465687159,0.9159567477894806,0.5838758465687159,0.9159567477894806,0.0,0.0,0.0,1.0,0.0,0.0,0.0,0.0,0.0,0.00715754620207008,0.00659470004029572,0.01007372497115284,successful_trials_only,True,False
srp_paired_full,random_broadband,evaluation,square,az20_el10,20.0,10.0,30.0,30.0,1024,reference_3,500,1000,2514629455,1080335229,1080335229,reference_3_gcc_wls,not_applicable,True,1000,0,1.0,-0.008440216756401497,-0.007375625557708736,0.011113212890756907,0.20176668398918937,0.13044787205990838,0.39789423827310877,0.591963931562441,0.6897434175471479,0.591963931562441,0.6897434175471479,0.0,0.0,0.0,1.0,0.0,0.0,0.0,0.0,0.0,0.003050106604467146,0.0029842000803910196,0.0041831551759969445,successful_trials_only,False,False
srp_paired_full,random_broadband,evaluation,square,az20_el10,20.0,10.0,30.0,30.0,1024,all_6,500,1000,2514629455,1080335229,1080335229,all_6_equal_gcc_wls,not_applicable,True,1000,0,1.0,-0.0021398725232543696,0.01288537366533153,0.01305706750517236,0.19877279074417833,0.13022454467069616,0.3985492431694369,0.5527724268994009,0.6583889684573417,0.5527724268994009,0.6583889684573417,0.0,0.0,0.0,1.0,0.0,0.0,0.0,0.0,0.0,0.003065060903551057,0.0030148999649100006,0.004200365080032497,successful_trials_only,False,False
srp_paired_full,random_broadband,evaluation,square,az20_el10,20.0,10.0,30.0,30.0,1024,all_6,500,1000,2514629455,1080335229,1080335229,all_6_calibrated_gcc_wls,not_applicable,True,995,5,0.995,0.0012182092843682506,-0.011287845948885251,0.011350941291432999,0.21768667534540453,0.13932037717158444,0.4321971469647719,0.620079875728842,0.7328326168183922,0.620079875728842,0.7328326168183922,0.0,0.0,0.0,0.995,0.0050000000000000044,0.0,0.0,0.005,0.0,0.0035090337021974846,0.0034633500617928803,0.00475311009795405,successful_trials_only,False,False
srp_paired_full,random_broadband,evaluation,square,az20_el10,20.0,10.0,30.0,30.0,1024,all_6,500,1000,2514629455,1080335229,1080335229,equal_weight_srp_phat,gcc_correlation_interpolated,True,1000,0,1.0,-0.0010767415875866618,0.01631557253821879,0.016350404606640622,0.19867953823100573,0.12949302579587768,0.40127973792755717,0.5516706940694834,0.6625798569103363,0.5516706940694834,0.6625798569103363,0.0,0.0,0.0,1.0,0.0,0.0,0.0,0.0,0.0,0.00731688400474377,0.006818349938839674,0.010100464953575283,successful_trials_only,True,False
srp_paired_full,harmonic_stress,evaluation,square,az20_el10,20.0,10.0,-10.0,-10.0,1024,reference_3,500,1000,2948524060,1002021679,1002021679,reference_3_gcc_wls,not_applicable,True,1000,0,1.0,2.02950213261727,15.96424262955894,22.938742240233687,50.68928368586833,31.109461077725395,94.5531959592451,121.06284690978256,149.57348795346107,121.06284690978256,149.57348795346107,0.976,0.928,0.52,1.0,0.0,0.0,0.116,0.0,0.52,0.0029722596943611277,0.0028584999963641167,0.004103874933207407,successful_trials_only,False,False
srp_paired_full,harmonic_stress,evaluation,square,az20_el10,20.0,10.0,-10.0,-10.0,1024,all_6,500,1000,2948524060,1002021679,1002021679,all_6_equal_gcc_wls,not_applicable,True,1000,0,1.0,-1.4961187162310825,28.435056724761978,32.31766863781075,45.122543402460984,35.489968482635206,80.6205737415776,93.66007126751973,111.40585848743875,93.66007126751973,111.40585848743875,0.977,0.936,0.587,1.0,0.0,0.0,0.116,0.0,0.587,0.0029799543981207533,0.0028723999857902527,0.004123204859206453,successful_trials_only,False,False
srp_paired_full,harmonic_stress,evaluation,square,az20_el10,20.0,10.0,-10.0,-10.0,1024,all_6,500,1000,2948524060,1002021679,1002021679,all_6_calibrated_gcc_wls,not_applicable,True,972,28,0.972,2.3333960584257,3.9881770133764456,4.3000314891386555,29.167544956158277,15.549070548269645,60.013900194620106,79.03038364728442,116.02115266967391,79.03038364728442,116.02115266967391,0.9969135802469136,0.9825102880658436,0.2602880658436214,0.972,0.028000000000000025,0.0,0.116,0.028,0.2602880658436214,0.0032979418963659554,0.0032031500013545156,0.004601789999287576,successful_trials_only,False,False
srp_paired_full,harmonic_stress,evaluation,square,az20_el10,20.0,10.0,-10.0,-10.0,1024,all_6,500,1000,2948524060,1002021679,1002021679,equal_weight_srp_phat,gcc_correlation_interpolated,True,1000,0,1.0,2.0759749573495037,8.99856145036622,9.678115151723103,28.433313444147824,11.377031771730339,64.2521994919418,103.23167655557486,148.08930637354118,103.23167655557486,148.08930637354118,0.904,0.753,0.155,1.0,0.0,0.0,0.26,0.0,0.155,0.006599823996424675,0.0062670999905094504,0.00981823987094685,successful_trials_only,True,False
srp_paired_full,harmonic_stress,evaluation,square,az20_el10,20.0,10.0,-8.0,-8.0,1024,reference_3,500,1000,740591734,1695272530,1695272530,reference_3_gcc_wls,not_applicable,True,1000,0,1.0,-0.459817903862852,10.815916178816247,13.015566195152983,37.43528308555281,16.508084460970625,82.64456861872874,98.74312475782669,117.08740466240579,98.74312475782669,117.08740466240579,0.938,0.825,0.327,1.0,0.0,0.0,0.074,0.0,0.327,0.0030769207989796996,0.0029925000271759927,0.004158634995110332,successful_trials_only,False,False
srp_paired_full,harmonic_stress,evaluation,square,az20_el10,20.0,10.0,-8.0,-8.0,1024,all_6,500,1000,740591734,1695272530,1695272530,all_6_equal_gcc_wls,not_applicable,True,1000,0,1.0,0.31120656993383294,17.59104291837851,18.84479714757952,33.67076007745395,19.605615000366257,67.74660960500823,82.99029721034188,107.55455180833829,82.99029721034188,107.55455180833829,0.936,0.852,0.371,1.0,0.0,0.0,0.074,0.0,0.371,0.003087518495623954,0.003022700024303049,0.004138799966312944,successful_trials_only,False,False
srp_paired_full,harmonic_stress,evaluation,square,az20_el10,20.0,10.0,-8.0,-8.0,1024,all_6,500,1000,740591734,1695272530,1695272530,all_6_calibrated_gcc_wls,not_applicable,True,969,31,0.969,2.9543112094130266,0.4178586044745346,1.4895234917365519,23.898414519689368,11.02823438554946,51.47467264942951,78.01306203598604,112.08645133187251,78.01306203598604,112.08645133187251,0.9907120743034056,0.9628482972136223,0.1609907120743034,0.969,0.031000000000000028,0.0,0.074,0.031,0.1609907120743034,0.003431496895500459,0.0034165499382652342,0.0046062249224632975,successful_trials_only,False,False
srp_paired_full,harmonic_stress,evaluation,square,az20_el10,20.0,10.0,-8.0,-8.0,1024,all_6,500,1000,740591734,1695272530,1695272530,equal_weight_srp_phat,gcc_correlation_interpolated,True,1000,0,1.0,0.16359724521096636,3.0081299172754243,2.9863887024527846,14.467445996583372,10.033767924286005,23.987203167248527,52.92299992485904,94.56722853012607,52.92299992485904,94.56722853012607,0.832,0.586,0.03,1.0,0.0,0.0,0.302,0.0,0.03,0.006708959996933117,0.0064429499907419086,0.010236365167656912,successful_trials_only,True,False
srp_paired_full,harmonic_stress,evaluation,square,az20_el10,20.0,10.0,-6.0,-6.0,1024,reference_3,500,1000,2948177529,2080280450,2080280450,reference_3_gcc_wls,not_applicable,True,1000,0,1.0,0.2946365936005829,3.1694393953880264,3.5182296006076683,23.31309626695207,10.200103603090405,58.791471941407316,86.06721571281729,114.53658283771718,86.06721571281729,114.53658283771718,0.847,0.65,0.123,1.0,0.0,0.0,0.033,0.0,0.123,0.003050441099796444,0.0029951000469736755,0.004015539959073066,successful_trials_only,False,False
srp_paired_full,harmonic_stress,evaluation,square,az20_el10,20.0,10.0,-6.0,-6.0,1024,all_6,500,1000,2948177529,2080280450,2080280450,all_6_equal_gcc_wls,not_applicable,True,1000,0,1.0,-0.029082098269400104,7.156540101088531,7.155013826845608,20.786470328185167,10.175597621134283,45.85530235100872,67.33280445981069,88.77650537602698,67.33280445981069,88.77650537602698,0.821,0.643,0.136,1.0,0.0,0.0,0.033,0.0,0.136,0.0030564933008281514,0.003008049970958382,0.003981245035538449,successful_trials_only,False,False
srp_paired_full,harmonic_stress,evaluation,square,az20_el10,20.0,10.0,-6.0,-6.0,1024,all_6,500,1000,2948177529,2080280450,2080280450,all_6_calibrated_gcc_wls,not_applicable,True,983,17,0.983,0.5847682506155847,-4.7183312950394125,4.987862088240548,16.124020337915784,10.13887575714557,33.381487653438235,55.323668832118315,77.53404538076464,55.323668832118315,77.53404538076464,0.9694811800610377,0.9399796541200407,0.06408952187182096,0.983,0.017000000000000015,0.0,0.033,0.017,0.06408952187182096,0.0034225821997970344,0.003393299994058907,0.004492879990721121,successful_trials_only,False,False
srp_paired_full,harmonic_stress,evaluation,square,az20_el10,20.0,10.0,-6.0,-6.0,1024,all_6,500,1000,2948177529,2080280450,2080280450,equal_weight_srp_phat,gcc_correlation_interpolated,True,1000,0,1.0,0.03407281117152008,0.5290526225421597,0.5329099273205137,8.867709795957236,8.688284870508223,14.234795643214284,19.313229586082493,26.60346017203023,19.313229586082493,26.60346017203023,0.709,0.445,0.0,1.0,0.0,0.0,0.284,0.0,0.0,0.006620008699013851,0.006517949979752302,0.009481630125083029,successful_trials_only,True,False
srp_paired_full,harmonic_stress,evaluation,square,az20_el10,20.0,10.0,-4.0,-4.0,1024,reference_3,500,1000,1278042786,1634871458,1634871458,reference_3_gcc_wls,not_applicable,True,1000,0,1.0,0.5263709274570438,-0.0201813573986787,0.430054228027676,12.48327720060067,9.666380732153451,17.44510894748742,52.936391076717705,85.77620897537683,52.936391076717705,85.77620897537683,0.733,0.487,0.03,1.0,0.0,0.0,0.01,0.0,0.03,0.003063557303044945,0.0029765000217594206,0.004121099947951734,successful_trials_only,False,False
srp_paired_full,harmonic_stress,evaluation,square,az20_el10,20.0,10.0,-4.0,-4.0,1024,all_6,500,1000,1278042786,1634871458,1634871458,all_6_equal_gcc_wls,not_applicable,True,1000,0,1.0,-0.11714017975714974,1.1496354410534053,1.1264420228342493,10.542396132665095,7.544702755765663,18.970872024441263,37.55247326291012,54.557403429122736,37.55247326291012,54.557403429122736,0.64,0.379,0.016,1.0,0.0,0.0,0.01,0.0,0.016,0.0030795911992900073,0.0030228999676182866,0.004140275082318112,successful_trials_only,False,False
srp_paired_full,harmonic_stress,evaluation,square,az20_el10,20.0,10.0,-4.0,-4.0,1024,all_6,500,1000,1278042786,1634871458,1634871458,all_6_calibrated_gcc_wls,not_applicable,True,992,8,0.992,-0.044410970129998305,-3.017345026938668,3.068020318973499,9.614405890359999,10.00016198975359,13.00185065587024,27.161192755565644,59.337276978626896,27.161192755565644,59.337276978626896,0.7046370967741935,0.5181451612903226,0.010080645161290322,0.992,0.008000000000000007,0.0,0.01,0.008,0.010080645161290322,0.0034827052011387424,0.0034714500652626157,0.0046294849773403255,successful_trials_only,False,False
srp_paired_full,harmonic_stress,evaluation,square,az20_el10,20.0,10.0,-4.0,-4.0,1024,all_6,500,1000,1278042786,1634871458,1634871458,equal_weight_srp_phat,gcc_correlation_interpolated,True,1000,0,1.0,-0.004740729464153909,-0.4458496303826544,0.4441288009962028,7.727864450644356,6.930291618130011,11.415494521412837,15.230502273907462,20.699795991881636,15.230502273907462,20.699795991881636,0.613,0.365,0.0,1.0,0.0,0.0,0.278,0.0,0.0,0.0066847263025119905,0.006460000004153699,0.009750485076801851,successful_trials_only,True,False
srp_paired_full,harmonic_stress,evaluation,square,az20_el10,20.0,10.0,-2.0,-2.0,1024,reference_3,500,1000,189091764,2097296575,2097296575,reference_3_gcc_wls,not_applicable,True,1000,0,1.0,0.11576789155151287,-0.8963129308490356,0.909581698969393,8.097054569965268,6.521142252090543,11.341821736386919,15.88401030041598,46.30512057523862,15.88401030041598,46.30512057523862,0.611,0.379,0.004,1.0,0.0,0.0,0.001,0.0,0.004,0.0029988350010244176,0.002908949973061681,0.0040216051158495246,successful_trials_only,False,False
srp_paired_full,harmonic_stress,evaluation,square,az20_el10,20.0,10.0,-2.0,-2.0,1024,all_6,500,1000,189091764,2097296575,2097296575,all_6_equal_gcc_wls,not_applicable,True,1000,0,1.0,0.004925947067716939,-0.7335878884209298,0.7358440348396453,7.067083665556091,5.0539756328882035,10.252581702054787,15.77572876082925,35.76509724673148,15.77572876082925,35.76509724673148,0.503,0.278,0.002,1.0,0.0,0.0,0.001,0.0,0.002,0.0030136686018668113,0.0029308000812307,0.004027669940842315,successful_trials_only,False,False
srp_paired_full,harmonic_stress,evaluation,square,az20_el10,20.0,10.0,-2.0,-2.0,1024,all_6,500,1000,189091764,2097296575,2097296575,all_6_calibrated_gcc_wls,not_applicable,True,988,12,0.988,0.0914851867446482,-1.9048536771722275,1.9065468798238556,6.90347048501101,5.181563942857706,10.256679332461921,11.24539158261802,18.150944739199094,11.24539158261802,18.150944739199094,0.5182186234817814,0.31275303643724695,0.0,0.988,0.01200000000000001,0.0,0.001,0.012,0.0,0.0033689060017932206,0.003308500105049461,0.004458024946507066,successful_trials_only,False,False
srp_paired_full,harmonic_stress,evaluation,square,az20_el10,20.0,10.0,-2.0,-2.0,1024,all_6,500,1000,189091764,2097296575,2097296575,equal_weight_srp_phat,gcc_correlation_interpolated,True,1000,0,1.0,0.01882760703470054,-0.7971757915208177,0.7930364032843055,6.494388435128509,4.970635803979621,10.170816666582363,11.332952570116593,13.98885063998123,11.332952570116593,13.98885063998123,0.498,0.246,0.0,1.0,0.0,0.0,0.224,0.0,0.0,0.0069725905008381234,0.006578599975910038,0.01054240494268015,successful_trials_only,True,False
srp_paired_full,harmonic_stress,evaluation,square,az20_el10,20.0,10.0,0.0,0.0,1024,reference_3,500,1000,1220046890,373051821,373051821,reference_3_gcc_wls,not_applicable,True,1000,0,1.0,0.045096911408696025,-0.573918665935232,0.574348604253171,6.7845391074676415,4.94529960552289,10.38626477851929,12.127289297099006,15.146975153284295,12.127289297099006,15.146975153284295,0.493,0.255,0.001,1.0,0.0,0.0,0.0,0.0,0.001,0.0028979807985015215,0.00277199997799471,0.003778154897736385,successful_trials_only,False,False
srp_paired_full,harmonic_stress,evaluation,square,az20_el10,20.0,10.0,0.0,0.0,1024,all_6,500,1000,1220046890,373051821,373051821,all_6_equal_gcc_wls,not_applicable,True,1000,0,1.0,-0.012079178529154116,-0.38591272671867516,0.3845371118034407,5.614656154596514,3.7644479555816286,10.049020203046576,10.167220839152634,15.764694467006986,10.167220839152634,15.764694467006986,0.358,0.151,0.001,1.0,0.0,0.0,0.0,0.0,0.001,0.0029146519995993003,0.002800400019623339,0.0038120400393381717,successful_trials_only,False,False
srp_paired_full,harmonic_stress,evaluation,square,az20_el10,20.0,10.0,0.0,0.0,1024,all_6,500,1000,1220046890,373051821,373051821,all_6_calibrated_gcc_wls,not_applicable,True,994,6,0.994,-0.010402653113842643,-1.0407956245292442,1.0374073960650099,5.82597998064089,3.8618366965976456,10.065148330665153,10.271847644974986,14.33399904082015,10.271847644974986,14.33399904082015,0.37927565392354123,0.19416498993963782,0.0,0.994,0.006000000000000005,0.0,0.0,0.006,0.0,0.0032768375949235634,0.0031442500185221434,0.004275360069004819,successful_trials_only,False,False
srp_paired_full,harmonic_stress,evaluation,square,az20_el10,20.0,10.0,0.0,0.0,1024,all_6,500,1000,1220046890,373051821,373051821,equal_weight_srp_phat,gcc_correlation_interpolated,True,1000,0,1.0,-0.014092765320692206,-0.3906057589665922,0.3858947682267737,5.574892533856296,3.85743139749791,10.041234720129985,10.18005390694027,13.63392786133069,10.18005390694027,13.63392786133069,0.381,0.16,0.0,1.0,0.0,0.0,0.152,0.0,0.0,0.006725986297708005,0.006400250014849007,0.009781404968816786,successful_trials_only,True,False
srp_paired_full,harmonic_stress,evaluation,square,az20_el10,20.0,10.0,2.0,2.0,1024,reference_3,500,1000,3373856279,3566686062,3566686062,reference_3_gcc_wls,not_applicable,True,1000,0,1.0,0.005871623723342708,-0.9394864947287447,0.9336301090439202,5.718666193802313,3.8046437701104794,10.12445970003336,10.329508182161375,11.55819939713641,10.329508182161375,11.55819939713641,0.386,0.184,0.0,1.0,0.0,0.0,0.0,0.0,0.0,0.002991770497756079,0.0029132498893886805,0.003915700013749301,successful_trials_only,False,False
srp_paired_full,harmonic_stress,evaluation,square,az20_el10,20.0,10.0,2.0,2.0,1024,all_6,500,1000,3373856279,3566686062,3566686062,all_6_equal_gcc_wls,not_applicable,True,1000,0,1.0,-0.014570949521539566,-0.4980088139862662,0.4936958289486785,4.616733836754871,2.739346530022156,10.015775318002573,10.086751888966857,10.156551792556067,10.086751888966857,10.156551792556067,0.247,0.108,0.0,1.0,0.0,0.0,0.0,0.0,0.0,0.003008856498170644,0.002935049997176975,0.0038975901028607037,successful_trials_only,False,False
srp_paired_full,harmonic_stress,evaluation,square,az20_el10,20.0,10.0,2.0,2.0,1024,all_6,500,1000,3373856279,3566686062,3566686062,all_6_calibrated_gcc_wls,not_applicable,True,990,10,0.99,0.02815021722585883,-0.9155522111517294,0.912084302557144,4.750979460734976,2.7696638805666756,10.020390706553023,10.118026413589826,10.524605401152586,10.118026413589826,10.524605401152586,0.2606060606060606,0.11818181818181818,0.0,0.99,0.010000000000000009,0.0,0.0,0.01,0.0,0.003383410201757215,0.00330689997645095,0.0043361650663428005,successful_trials_only,False,False
srp_paired_full,harmonic_stress,evaluation,square,az20_el10,20.0,10.0,2.0,2.0,1024,all_6,500,1000,3373856279,3566686062,3566686062,equal_weight_srp_phat,gcc_correlation_interpolated,True,1000,0,1.0,-0.015170886344535178,-0.425537663253105,0.42149440016381445,4.567101838094476,2.7905981234625106,10.010789997217397,10.074471854827618,10.159641382218174,10.074471854827618,10.159641382218174,0.238,0.094,0.0,1.0,0.0,0.0,0.094,0.0,0.0,0.007013229498872534,0.006625549925956875,0.00983461991418153,successful_trials_only,True,False
srp_paired_full,harmonic_stress,evaluation,square,az20_el10,20.0,10.0,5.0,5.0,1024,reference_3,500,1000,887768739,523559781,523559781,reference_3_gcc_wls,not_applicable,True,1000,0,1.0,-0.03568122626527115,-0.5440280373698105,0.5410276342830985,4.645734431514773,2.788912571945286,10.020771926420776,10.13624056771055,10.309515443579478,10.13624056771055,10.309515443579478,0.252,0.103,0.0,1.0,0.0,0.0,0.0,0.0,0.0,0.0029224108970956875,0.0028230499592609704,0.0037277499795891345,successful_trials_only,False,False
srp_paired_full,harmonic_stress,evaluation,square,az20_el10,20.0,10.0,5.0,5.0,1024,all_6,500,1000,887768739,523559781,523559781,all_6_equal_gcc_wls,not_applicable,True,1000,0,1.0,-0.02833334111888547,-0.05265830825631006,0.057392444683171874,3.5306036999217643,2.1153180834970087,7.255783611717044,10.026979075295621,10.06583524573737,10.026979075295621,10.06583524573737,0.126,0.042,0.0,1.0,0.0,0.0,0.0,0.0,0.0,0.0029341333992779256,0.0028375500696711242,0.003756300074746832,successful_trials_only,False,False
srp_paired_full,harmonic_stress,evaluation,square,az20_el10,20.0,10.0,5.0,5.0,1024,all_6,500,1000,887768739,523559781,523559781,all_6_calibrated_gcc_wls,not_applicable,True,996,4,0.996,0.016743071070048004,-0.5929747344863552,0.5903191262986346,3.893809674677153,2.247414055280516,10.002130849001535,10.040892399048968,10.087198237571387,10.040892399048968,10.087198237571387,0.15562248995983935,0.06325301204819277,0.0,0.996,0.0040000000000000036,0.0,0.0,0.004,0.0,0.0033054400004912166,0.0031978500192053616,0.004268985020462423,successful_trials_only,False,False
srp_paired_full,harmonic_stress,evaluation,square,az20_el10,20.0,10.0,5.0,5.0,1024,all_6,500,1000,887768739,523559781,523559781,equal_weight_srp_phat,gcc_correlation_interpolated,True,1000,0,1.0,-0.030277690586870326,-0.0145812308359205,0.032169444805872846,3.536538623656339,2.136327232957526,7.548234196020142,10.015538443287742,10.055027898423456,10.015538443287742,10.055027898423456,0.132,0.036,0.0,1.0,0.0,0.0,0.036,0.0,0.0,0.007012760197394528,0.0067144500790163875,0.009449719893746078,successful_trials_only,True,False
srp_paired_full,harmonic_stress,evaluation,square,az20_el10,20.0,10.0,10.0,10.0,1024,reference_3,500,1000,2761189354,3200992368,3200992368,reference_3_gcc_wls,not_applicable,True,1000,0,1.0,-0.05914336309859053,-0.23229057057062533,0.23806516119711657,3.077595482211083,1.9543058340889508,5.890587386526886,10.027795360493748,10.10527155946555,10.027795360493748,10.10527155946555,0.08,0.027,0.0,1.0,0.0,0.0,0.0,0.0,0.0,0.0030656304964795707,0.0029730499954894185,0.004062234965385869,successful_trials_only,False,False
srp_paired_full,harmonic_stress,evaluation,square,az20_el10,20.0,10.0,10.0,10.0,1024,all_6,500,1000,2761189354,3200992368,3200992368,all_6_equal_gcc_wls,not_applicable,True,1000,0,1.0,-0.018600782140540468,0.2515542621626955,0.25280123203404753,2.1648277705012555,1.4421513061388638,4.071572877770904,5.7334586766400575,10.004032895172278,5.7334586766400575,10.004032895172278,0.023,0.004,0.0,1.0,0.0,0.0,0.0,0.0,0.0,0.0030855477983132004,0.0029886499978601933,0.0040964749932754785,successful_trials_only,False,False
srp_paired_full,harmonic_stress,evaluation,square,az20_el10,20.0,10.0,10.0,10.0,1024,all_6,500,1000,2761189354,3200992368,3200992368,all_6_calibrated_gcc_wls,not_applicable,True,997,3,0.997,0.0021549984888666017,-0.3355012077297016,0.3346930889889317,2.435700365794972,1.5147635577714886,4.540840977113551,8.00982596821495,10.00759216431522,8.00982596821495,10.00759216431522,0.03811434302908726,0.00802407221664995,0.0,0.997,0.0030000000000000027,0.0,0.0,0.003,0.0,0.0034898923005675896,0.0034000500454567373,0.004539615096291526,successful_trials_only,False,False
srp_paired_full,harmonic_stress,evaluation,square,az20_el10,20.0,10.0,10.0,10.0,1024,all_6,500,1000,2761189354,3200992368,3200992368,equal_weight_srp_phat,gcc_correlation_interpolated,True,1000,0,1.0,-0.02132779604556003,0.25531037261229084,0.256799803577249,2.189860020214538,1.4384406962951424,4.185608127947843,5.708828075368691,10.009329192990112,5.708828075368691,10.009329192990112,0.02,0.005,0.0,1.0,0.0,0.0,0.005,0.0,0.0,0.007091043197317049,0.006726949941366911,0.009660349873593077,successful_trials_only,True,False
srp_paired_full,harmonic_stress,evaluation,square,az20_el10,20.0,10.0,20.0,20.0,1024,reference_3,500,1000,2746985148,1452533963,1452533963,reference_3_gcc_wls,not_applicable,True,1000,0,1.0,-0.18779949776695465,0.4829100720236455,0.5174903210735367,1.708948657409622,1.2200859599329716,3.2277993427431433,4.12918243328699,4.812391330745025,4.12918243328699,4.812391330745025,0.0,0.0,0.0,1.0,0.0,0.0,0.0,0.0,0.0,0.003080386999528855,0.0030147500219754875,0.004021685000043362,successful_trials_only,False,False
srp_paired_full,harmonic_stress,evaluation,square,az20_el10,20.0,10.0,20.0,20.0,1024,all_6,500,1000,2746985148,1452533963,1452533963,all_6_equal_gcc_wls,not_applicable,True,1000,0,1.0,-0.0722382999730553,1.0595030453495287,1.0619527701535394,1.6609954127033113,1.1875248022662028,3.1927920262185343,4.049574218336293,4.8421987767521095,4.049574218336293,4.8421987767521095,0.001,0.0,0.0,1.0,0.0,0.0,0.0,0.0,0.0,0.0030951655965764076,0.0030293999589048326,0.0040490449755452565,successful_trials_only,False,False
srp_paired_full,harmonic_stress,evaluation,square,az20_el10,20.0,10.0,20.0,20.0,1024,all_6,500,1000,2746985148,1452533963,1452533963,all_6_calibrated_gcc_wls,not_applicable,True,994,6,0.994,-0.018554434327515416,-0.21136641031574718,0.2120420748083559,1.5808179245387344,0.9673948992037176,3.1620095117508966,4.70150012032997,6.17407810276638,4.70150012032997,6.17407810276638,0.005030181086519115,0.0,0.0,0.994,0.006000000000000005,0.0,0.0,0.006,0.0,0.0035031165011459964,0.0034566500689834356,0.00453249993151985,successful_trials_only,False,False
srp_paired_full,harmonic_stress,evaluation,square,az20_el10,20.0,10.0,20.0,20.0,1024,all_6,500,1000,2746985148,1452533963,1452533963,equal_weight_srp_phat,gcc_correlation_interpolated,True,1000,0,1.0,-0.08485683566070816,1.1206633276013969,1.1238332272035871,1.7316167899917154,1.2605184845228217,3.3582933985492494,4.143121511307134,5.087044849537546,4.143121511307134,5.087044849537546,0.002,0.0,0.0,1.0,0.0,0.0,0.0,0.0,0.0,0.007081886697327718,0.006659750011749566,0.009813894989201799,successful_trials_only,True,False
srp_paired_full,harmonic_stress,evaluation,square,az20_el10,20.0,10.0,30.0,30.0,1024,reference_3,500,1000,2250530780,2277491376,2277491376,reference_3_gcc_wls,not_applicable,True,1000,0,1.0,-0.4312271898264586,0.8403005711720918,0.9420262876546326,1.7796561621192761,1.3557570925027318,3.1297506459199687,4.138262589212065,6.124792076687531,4.138262589212065,6.124792076687531,0.002,0.001,0.0,1.0,0.0,0.0,0.0,0.0,0.0,0.003126379903056659,0.0030994999688118696,0.0040558699169196185,successful_trials_only,False,False
srp_paired_full,harmonic_stress,evaluation,square,az20_el10,20.0,10.0,30.0,30.0,1024,all_6,500,1000,2250530780,2277491376,2277491376,all_6_equal_gcc_wls,not_applicable,True,1000,0,1.0,-0.18615538755158145,2.033980607993125,2.0423008745264015,2.4179614315541187,2.026780770767333,4.071499098455347,4.771993629261279,6.06994405495867,4.771993629261279,6.06994405495867,0.005,0.0,0.0,1.0,0.0,0.0,0.0,0.0,0.0,0.003152949101640843,0.0031353000085800886,0.004089889931492506,successful_trials_only,False,False
srp_paired_full,harmonic_stress,evaluation,square,az20_el10,20.0,10.0,30.0,30.0,1024,all_6,500,1000,2250530780,2277491376,2277491376,all_6_calibrated_gcc_wls,not_applicable,True,997,3,0.997,0.008186345926832412,0.026476112987447294,0.027789568667510825,1.4750683599955756,0.9120219090982546,2.848563242875445,4.3307100073365135,6.1413239746551085,4.3307100073365135,6.1413239746551085,0.006018054162487462,0.0010030090270812437,0.0,0.997,0.0030000000000000027,0.0,0.0,0.003,0.0,0.0035479013016447426,0.003545150044374168,0.004609334946144373,successful_trials_only,False,False
srp_paired_full,harmonic_stress,evaluation,square,az20_el10,20.0,10.0,30.0,30.0,1024,all_6,500,1000,2250530780,2277491376,2277491376,equal_weight_srp_phat,gcc_correlation_interpolated,True,1000,0,1.0,-0.22929170688541292,2.26282490864003,2.274114519897372,2.6861620553784453,2.2434302122538026,4.543984307699783,5.4517303936595765,6.77687427845887,5.4517303936595765,6.77687427845887,0.023,0.0,0.0,1.0,0.0,0.0,0.0,0.0,0.0,0.007144853605190292,0.006771199987269938,0.009450290008680895,successful_trials_only,True,False
srp_paired_full,deterministic_multisine,evaluation,square,az45_el30,45.0,30.0,-10.0,-10.0,1024,reference_3,500,1000,41090150,2370601639,2370601639,reference_3_gcc_wls,not_applicable,True,1000,0,1.0,3.631464368284879,4.2527957777481395,7.96900133988421,33.13099892354245,6.924126522882797,76.69680310325091,87.3214063697283,116.45867819076949,87.3214063697283,116.45867819076949,0.568,0.444,0.271,1.0,0.0,0.0,0.043,0.0,0.271,0.0031630529018584637,0.0031330000492744148,0.004109794972464441,successful_trials_only,False,False
srp_paired_full,deterministic_multisine,evaluation,square,az45_el30,45.0,30.0,-10.0,-10.0,1024,all_6,500,1000,41090150,2370601639,2370601639,all_6_equal_gcc_wls,not_applicable,True,1000,0,1.0,-0.201104266377018,10.30848590824316,11.875194067210165,27.069244580557474,12.982584094650687,59.90895990713363,76.43881849698455,91.61336349149066,76.43881849698455,91.61336349149066,0.717,0.577,0.236,1.0,0.0,0.0,0.043,0.0,0.236,0.0031603728972841054,0.0030936499824747443,0.004175620013847947,successful_trials_only,False,False
srp_paired_full,deterministic_multisine,evaluation,square,az45_el30,45.0,30.0,-10.0,-10.0,1024,all_6,500,1000,41090150,2370601639,2370601639,all_6_calibrated_gcc_wls,not_applicable,True,974,26,0.974,0.24278345129381984,-15.13545427133396,15.181265783690298,26.860375168738347,30.000760404571473,35.986857880416146,54.73318644287183,87.01354343849094,54.73318644287183,87.01354343849094,0.9753593429158111,0.893223819301848,0.5390143737166324,0.974,0.026000000000000023,0.0,0.043,0.026,0.5390143737166324,0.003525540202506818,0.0034944499493576586,0.004618360003223642,successful_trials_only,False,False
srp_paired_full,deterministic_multisine,evaluation,square,az45_el30,45.0,30.0,-10.0,-10.0,1024,all_6,500,1000,41090150,2370601639,2370601639,equal_weight_srp_phat,gcc_correlation_interpolated,True,1000,0,1.0,-0.05136787622879148,-0.006038008400711779,0.10268617607804119,5.812039015466355,2.4691553359986913,7.9326449370625545,22.20213631706828,68.16984694371507,22.20213631706828,68.16984694371507,0.159,0.028,0.006,1.0,0.0,0.0,0.001,0.0,0.006,0.006946699695545249,0.006493549968581647,0.009634060011012479,successful_trials_only,True,False
srp_paired_full,deterministic_multisine,evaluation,square,az45_el30,45.0,30.0,-8.0,-8.0,1024,reference_3,500,1000,2590588297,1181614696,1181614696,reference_3_gcc_wls,not_applicable,True,1000,0,1.0,0.11493413953776058,1.6658009820369104,2.4982327624281457,19.27105815323362,2.5062082262744445,58.264407088201956,78.05275378777826,86.11800574281357,78.05275378777826,86.11800574281357,0.224,0.152,0.091,1.0,0.0,0.0,0.008,0.0,0.091,0.003136462199850939,0.003075400076340884,0.004129350004950538,successful_trials_only,False,False
srp_paired_full,deterministic_multisine,evaluation,square,az45_el30,45.0,30.0,-8.0,-8.0,1024,all_6,500,1000,2590588297,1181614696,1181614696,all_6_equal_gcc_wls,not_applicable,True,1000,0,1.0,-0.09454030355404283,3.805995346332316,3.8586068074283433,14.689660772936154,2.499916345900415,33.73423228541675,61.528852803150095,74.68858367571126,61.528852803150095,74.68858367571126,0.302,0.212,0.061,1.0,0.0,0.0,0.008,0.0,0.061,0.0031581919005839155,0.003103800001554191,0.004173229995649308,successful_trials_only,False,False
srp_paired_full,deterministic_multisine,evaluation,square,az45_el30,45.0,30.0,-8.0,-8.0,1024,all_6,500,1000,2590588297,1181614696,1181614696,all_6_calibrated_gcc_wls,not_applicable,True,983,17,0.983,-0.1663560287288222,-4.205132345865725,4.108625667960869,10.204283911183415,5.468523184748359,18.396235176459545,39.56899697776751,63.02578002998923,39.56899697776751,63.02578002998923,0.5493387589013224,0.14649033570701933,0.027466937945066123,0.983,0.017000000000000015,0.0,0.008,0.017,0.027466937945066123,0.003539886300568469,0.0035257499548606575,0.004634275007992982,successful_trials_only,False,False
srp_paired_full,deterministic_multisine,evaluation,square,az45_el30,45.0,30.0,-8.0,-8.0,1024,all_6,500,1000,2590588297,1181614696,1181614696,equal_weight_srp_phat,gcc_correlation_interpolated,True,1000,0,1.0,0.008320351409106511,0.13504251857236313,0.13962818592585013,2.3214451548265194,1.6892949213358814,4.350513355008143,5.807567641364464,7.036784183637158,5.807567641364464,7.036784183637158,0.029,0.0,0.0,1.0,0.0,0.0,0.0,0.0,0.0,0.007016551001463085,0.00660789996618405,0.009758985036751254,successful_trials_only,True,False
srp_paired_full,deterministic_multisine,evaluation,square,az45_el30,45.0,30.0,-6.0,-6.0,1024,reference_3,500,1000,4199033775,2193333811,2193333811,reference_3_gcc_wls,not_applicable,True,1000,0,1.0,0.47229209575302195,0.4325673938845775,0.42901751168917573,6.170227764864273,1.6129251360192742,4.047402692346671,23.580510140262593,67.41823552674524,23.580510140262593,67.41823552674524,0.03,0.017,0.009,1.0,0.0,0.0,0.002,0.0,0.009,0.003033516901778057,0.0029624999733641744,0.003999905072851106,successful_trials_only,False,False
srp_paired_full,deterministic_multisine,evaluation,square,az45_el30,45.0,30.0,-6.0,-6.0,1024,all_6,500,1000,4199033775,2193333811,2193333811,all_6_equal_gcc_wls,not_applicable,True,1000,0,1.0,-0.013312540914801548,0.5544849538364649,0.5299753612768712,5.320528154297966,1.25456542848911,3.9130034392450943,27.958295800758442,52.95405869189932,27.958295800758442,52.95405869189932,0.038,0.022,0.008,1.0,0.0,0.0,0.002,0.0,0.008,0.0030438973028212787,0.002958450000733137,0.00401832498027943,successful_trials_only,False,False
srp_paired_full,deterministic_multisine,evaluation,square,az45_el30,45.0,30.0,-6.0,-6.0,1024,all_6,500,1000,4199033775,2193333811,2193333811,all_6_calibrated_gcc_wls,not_applicable,True,986,14,0.986,0.10208148758899212,-0.3382049162834706,0.33232880390672215,3.4531348748555284,1.5802337949008183,4.126471262594385,6.0837206524246925,44.651835260481555,6.0837206524246925,44.651835260481555,0.02028397565922921,0.0030425963488843813,0.0030425963488843813,0.986,0.014000000000000012,0.0,0.002,0.014,0.0030425963488843813,0.0034151535022538156,0.003355999884661287,0.004445045080501586,successful_trials_only,False,False
srp_paired_full,deterministic_multisine,evaluation,square,az45_el30,45.0,30.0,-6.0,-6.0,1024,all_6,500,1000,4199033775,2193333811,2193333811,equal_weight_srp_phat,gcc_correlation_interpolated,True,1000,0,1.0,0.00767239042351329,0.04813682343699295,0.05092935316621238,1.5875218959761388,1.1820150848429538,2.85287697324103,3.9863024956550683,5.417966924567211,3.9863024956550683,5.417966924567211,0.006,0.0,0.0,1.0,0.0,0.0,0.0,0.0,0.0,0.006557896603597328,0.006095850025303662,0.009154284966643899,successful_trials_only,True,False
srp_paired_full,deterministic_multisine,evaluation,square,az45_el30,45.0,30.0,-4.0,-4.0,1024,reference_3,500,1000,3709874340,2832677273,2832677273,reference_3_gcc_wls,not_applicable,True,1000,0,1.0,-0.008384255986319464,0.05012520401615246,0.05268155999131442,1.7890114616630157,1.1284549954473102,2.5672999201880433,3.5810468013428087,7.684215028498614,3.5810468013428087,7.684215028498614,0.002,0.001,0.001,1.0,0.0,0.0,0.0,0.0,0.001,0.003064066598657519,0.0030248499824665487,0.004064764868235215,successful_trials_only,False,False
srp_paired_full,deterministic_multisine,evaluation,square,az45_el30,45.0,30.0,-4.0,-4.0,1024,all_6,500,1000,3709874340,2832677273,2832677273,all_6_equal_gcc_wls,not_applicable,True,1000,0,1.0,-0.0025416478235086516,0.04724417529849098,0.0478179813016447,1.4605154300900682,0.8733357380236942,2.1285929127283256,3.0008871766537166,8.257970963677693,3.0008871766537166,8.257970963677693,0.003,0.001,0.0,1.0,0.0,0.0,0.0,0.0,0.0,0.003064912100555375,0.0030049000051803887,0.004064770095283166,successful_trials_only,False,False
srp_paired_full,deterministic_multisine,evaluation,square,az45_el30,45.0,30.0,-4.0,-4.0,1024,all_6,500,1000,3709874340,2832677273,2832677273,all_6_calibrated_gcc_wls,not_applicable,True,990,10,0.99,0.012705856745739328,-0.05572840528440192,0.05501810866175924,1.5341042885972118,1.0640535097868697,2.8269901106367286,3.8388577254314225,5.299340707757676,3.8388577254314225,5.299340707757676,0.00202020202020202,0.0,0.0,0.99,0.010000000000000009,0.0,0.0,0.01,0.0,0.0034892301998334005,0.0034706000587902963,0.004595975071424618,successful_trials_only,False,False
srp_paired_full,deterministic_multisine,evaluation,square,az45_el30,45.0,30.0,-4.0,-4.0,1024,all_6,500,1000,3709874340,2832677273,2832677273,equal_weight_srp_phat,gcc_correlation_interpolated,True,1000,0,1.0,-0.013320459838084702,0.020424922019504323,0.024735919449575473,1.1220585268543248,0.8693289785331664,1.98745842491777,2.7231871827091956,3.896153689116343,2.7231871827091956,3.896153689116343,0.0,0.0,0.0,1.0,0.0,0.0,0.0,0.0,0.0,0.006677234399132431,0.0061371499905362725,0.010029720107559113,successful_trials_only,True,False
srp_paired_full,deterministic_multisine,evaluation,square,az45_el30,45.0,30.0,-2.0,-2.0,1024,reference_3,500,1000,150924988,1087400838,1087400838,reference_3_gcc_wls,not_applicable,True,1000,0,1.0,0.0009306723102925524,0.06169250164886646,0.06357246543153491,1.098564243891485,0.9004469583429761,1.911934287791237,2.4649648030289355,2.936230703073805,2.4649648030289355,2.936230703073805,0.0,0.0,0.0,1.0,0.0,0.0,0.0,0.0,0.0,0.003041386699071154,0.002980649995151907,0.004069935024017468,successful_trials_only,False,False
srp_paired_full,deterministic_multisine,evaluation,square,az45_el30,45.0,30.0,-2.0,-2.0,1024,all_6,500,1000,150924988,1087400838,1087400838,all_6_equal_gcc_wls,not_applicable,True,1000,0,1.0,0.0029906596398849086,0.05716565084062276,0.05804315240268571,0.9245552043767278,0.7086638588373583,1.7165629478735498,2.191809970949179,2.709789729477275,2.191809970949179,2.709789729477275,0.0,0.0,0.0,1.0,0.0,0.0,0.0,0.0,0.0,0.003058352799387649,0.002972999995108694,0.004115804913453758,successful_trials_only,False,False
srp_paired_full,deterministic_multisine,evaluation,square,az45_el30,45.0,30.0,-2.0,-2.0,1024,all_6,500,1000,150924988,1087400838,1087400838,all_6_calibrated_gcc_wls,not_applicable,True,993,7,0.993,0.056633643625990215,0.03400578182389197,0.06020029905503624,0.9594878535641045,0.7451366240933159,1.7462851460608801,2.315143206707052,2.6630957402966544,2.315143206707052,2.6630957402966544,0.0,0.0,0.0,0.993,0.007000000000000006,0.0,0.0,0.007,0.0,0.00345064959989395,0.003383200033567846,0.004584960092324763,successful_trials_only,False,False
srp_paired_full,deterministic_multisine,evaluation,square,az45_el30,45.0,30.0,-2.0,-2.0,1024,all_6,500,1000,150924988,1087400838,1087400838,equal_weight_srp_phat,gcc_correlation_interpolated,True,1000,0,1.0,0.007081032098226598,0.06582899005575109,0.06691726462874742,0.906536292288212,0.6957132472961728,1.6568030552176316,2.1206291122168683,2.599194842196602,2.1206291122168683,2.599194842196602,0.0,0.0,0.0,1.0,0.0,0.0,0.0,0.0,0.0,0.006625916299177334,0.006176349939778447,0.009419645002344622,successful_trials_only,True,False
srp_paired_full,deterministic_multisine,evaluation,square,az45_el30,45.0,30.0,0.0,0.0,1024,reference_3,500,1000,1899985749,3257697142,3257697142,reference_3_gcc_wls,not_applicable,True,1000,0,1.0,-0.03509771060589501,0.05615600617643884,0.06485068209457537,0.8745253575595752,0.6827285303377356,1.5697909599845794,2.0363863498484447,2.7208531946241994,2.0363863498484447,2.7208531946241994,0.0,0.0,0.0,1.0,0.0,0.0,0.0,0.0,0.0,0.003032654699287377,0.0029550499166361988,0.0040374550095293674,successful_trials_only,False,False
srp_paired_full,deterministic_multisine,evaluation,square,az45_el30,45.0,30.0,0.0,0.0,1024,all_6,500,1000,1899985749,3257697142,3257697142,all_6_equal_gcc_wls,not_applicable,True,1000,0,1.0,-0.02448566919419877,0.06755933077938969,0.07120208836721464,0.7235696596423128,0.5478576199699899,1.3411582835004123,1.6906935175291384,2.1984858966978598,1.6906935175291384,2.1984858966978598,0.0,0.0,0.0,1.0,0.0,0.0,0.0,0.0,0.0,0.003044635701109655,0.0029629500349983573,0.004082124994602054,successful_trials_only,False,False
srp_paired_full,deterministic_multisine,evaluation,square,az45_el30,45.0,30.0,0.0,0.0,1024,all_6,500,1000,1899985749,3257697142,3257697142,all_6_calibrated_gcc_wls,not_applicable,True,994,6,0.994,-0.008198369764648532,0.0030196387958377445,0.007775925948076811,0.7635120469628827,0.5878959313652828,1.4200254147596716,1.9137032681601942,2.5005946245456716,1.9137032681601942,2.5005946245456716,0.0,0.0,0.0,0.994,0.006000000000000005,0.0,0.0,0.006,0.0,0.003449165502330288,0.0034091000561602414,0.004570439882809296,successful_trials_only,False,False
srp_paired_full,deterministic_multisine,evaluation,square,az45_el30,45.0,30.0,0.0,0.0,1024,all_6,500,1000,1899985749,3257697142,3257697142,equal_weight_srp_phat,gcc_correlation_interpolated,True,1000,0,1.0,-0.0220474687552214,0.07200786674129728,0.07489073273642129,0.7167743541378986,0.5407961592414907,1.3198971695002382,1.7163933988404743,2.2348575982678756,1.7163933988404743,2.2348575982678756,0.0,0.0,0.0,1.0,0.0,0.0,0.0,0.0,0.0,0.006639780102181248,0.006167300045490265,0.009548610058845951,successful_trials_only,True,False
srp_paired_full,deterministic_multisine,evaluation,square,az45_el30,45.0,30.0,2.0,2.0,1024,reference_3,500,1000,2087618451,1806420280,1806420280,reference_3_gcc_wls,not_applicable,True,1000,0,1.0,0.002732969490160465,0.06477409756404341,0.06553012467291539,0.7301244072962669,0.5746564654175035,1.3132981356057192,1.6141493450929199,1.9813811369030498,1.6141493450929199,1.9813811369030498,0.0,0.0,0.0,1.0,0.0,0.0,0.0,0.0,0.0,0.00306606840074528,0.0029975500074215233,0.0040303199551999565,successful_trials_only,False,False
srp_paired_full,deterministic_multisine,evaluation,square,az45_el30,45.0,30.0,2.0,2.0,1024,all_6,500,1000,2087618451,1806420280,1806420280,all_6_equal_gcc_wls,not_applicable,True,1000,0,1.0,-0.0013962843112389827,0.08268529684743971,0.0829943683340843,0.6258052578536127,0.46076310060761894,1.2000154616328516,1.4610861416359657,1.7054105948893563,1.4610861416359657,1.7054105948893563,0.0,0.0,0.0,1.0,0.0,0.0,0.0,0.0,0.0,0.0030826787981204687,0.0030327500426210463,0.004107220063451677,successful_trials_only,False,False
srp_paired_full,deterministic_multisine,evaluation,square,az45_el30,45.0,30.0,2.0,2.0,1024,all_6,500,1000,2087618451,1806420280,1806420280,all_6_calibrated_gcc_wls,not_applicable,True,991,9,0.991,-0.010451012033971991,0.0292485538586185,0.03087215909067979,0.6425419509033184,0.47633680055032535,1.1809260257618053,1.512582570848843,1.7651180584341333,1.512582570848843,1.7651180584341333,0.0,0.0,0.0,0.991,0.009000000000000008,0.0,0.0,0.009,0.0,0.0034732859019422904,0.00342229992384091,0.004590864916099236,successful_trials_only,False,False
srp_paired_full,deterministic_multisine,evaluation,square,az45_el30,45.0,30.0,2.0,2.0,1024,all_6,500,1000,2087618451,1806420280,1806420280,equal_weight_srp_phat,gcc_correlation_interpolated,True,1000,0,1.0,-0.0015197137461129308,0.09222641017961698,0.09253119300663157,0.6167658779948549,0.4518016440459551,1.186667023231873,1.4425190216944754,1.699255480346037,1.4425190216944754,1.699255480346037,0.0,0.0,0.0,1.0,0.0,0.0,0.0,0.0,0.0,0.006668616998940707,0.0062743499875068665,0.009314850135706364,successful_trials_only,True,False
srp_paired_full,deterministic_multisine,evaluation,square,az45_el30,45.0,30.0,5.0,5.0,1024,reference_3,500,1000,3892408084,1479779879,1479779879,reference_3_gcc_wls,not_applicable,True,1000,0,1.0,-0.002443321469970696,0.10238178187151813,0.10275025567233156,0.5518948781302389,0.43031685381718165,0.9988315178476788,1.224869752573755,1.6315292796367002,1.224869752573755,1.6315292796367002,0.0,0.0,0.0,1.0,0.0,0.0,0.0,0.0,0.0,0.0029072806044714524,0.0027913000085391104,0.0038317500671837474,successful_trials_only,False,False
srp_paired_full,deterministic_multisine,evaluation,square,az45_el30,45.0,30.0,5.0,5.0,1024,all_6,500,1000,3892408084,1479779879,1479779879,all_6_equal_gcc_wls,not_applicable,True,1000,0,1.0,-0.012410094194616188,0.14075775409717436,0.14132167361328882,0.49221296036888806,0.3634911813569824,0.9061565564353374,1.190537656956364,1.6882768809594113,1.190537656956364,1.6882768809594113,0.0,0.0,0.0,1.0,0.0,0.0,0.0,0.0,0.0,0.0029085956988856194,0.002771399973426014,0.003821064985822886,successful_trials_only,False,False
srp_paired_full,deterministic_multisine,evaluation,square,az45_el30,45.0,30.0,5.0,5.0,1024,all_6,500,1000,3892408084,1479779879,1479779879,all_6_calibrated_gcc_wls,not_applicable,True,989,11,0.989,-0.032914720817899784,0.0855056589572888,0.09025717403110639,0.47342845657208754,0.3494569687062039,0.8861711107433615,1.1215913308899519,1.5104224038506358,1.1215913308899519,1.5104224038506358,0.0,0.0,0.0,0.989,0.01100000000000001,0.0,0.0,0.011,0.0,0.003270372899365611,0.0031351499492302537,0.004291850078152493,successful_trials_only,False,False
srp_paired_full,deterministic_multisine,evaluation,square,az45_el30,45.0,30.0,5.0,5.0,1024,all_6,500,1000,3892408084,1479779879,1479779879,equal_weight_srp_phat,gcc_correlation_interpolated,True,1000,0,1.0,-0.01217868767500111,0.15353480923345025,0.15404704221736995,0.4857432904133751,0.3643294528266865,0.895308408181742,1.1669903678225289,1.5919072981140556,1.1669903678225289,1.5919072981140556,0.0,0.0,0.0,1.0,0.0,0.0,0.0,0.0,0.0,0.006639345302828587,0.00614065007539466,0.009430070087546481,successful_trials_only,True,False
srp_paired_full,deterministic_multisine,evaluation,square,az45_el30,45.0,30.0,10.0,10.0,1024,reference_3,500,1000,1301080949,3946905054,3946905054,reference_3_gcc_wls,not_applicable,True,1000,0,1.0,-0.00013411498662014798,0.17118306601869035,0.17128306668381335,0.36781966583041403,0.284859667614489,0.6796750709461977,0.8769710019505343,0.9606409407480553,0.8769710019505343,0.9606409407480553,0.0,0.0,0.0,1.0,0.0,0.0,0.0,0.0,0.0,0.0030016064024530353,0.002893800032325089,0.004115854908013716,successful_trials_only,False,False
srp_paired_full,deterministic_multisine,evaluation,square,az45_el30,45.0,30.0,10.0,10.0,1024,all_6,500,1000,1301080949,3946905054,3946905054,all_6_equal_gcc_wls,not_applicable,True,1000,0,1.0,0.0006339277117003984,0.25619867767893606,0.2562541457623239,0.40104649090284916,0.3077522953399714,0.7349807137349189,0.9090435358146709,1.1225012391570668,0.9090435358146709,1.1225012391570668,0.0,0.0,0.0,1.0,0.0,0.0,0.0,0.0,0.0,0.003010904599330388,0.0028883000486530364,0.004102900030557065,successful_trials_only,False,False
srp_paired_full,deterministic_multisine,evaluation,square,az45_el30,45.0,30.0,10.0,10.0,1024,all_6,500,1000,1301080949,3946905054,3946905054,all_6_calibrated_gcc_wls,not_applicable,True,989,11,0.989,-0.0016887152386302375,0.07655922907280087,0.07661804360393987,0.29337605528930427,0.2097169927373298,0.5575245113498326,0.7261668303795651,0.8426232077722893,0.7261668303795651,0.8426232077722893,0.0,0.0,0.0,0.989,0.01100000000000001,0.0,0.0,0.011,0.0,0.0033820397023810074,0.0032835500314831734,0.004617595003219321,successful_trials_only,False,False
srp_paired_full,deterministic_multisine,evaluation,square,az45_el30,45.0,30.0,10.0,10.0,1024,all_6,500,1000,1301080949,3946905054,3946905054,equal_weight_srp_phat,gcc_correlation_interpolated,True,1000,0,1.0,0.0017218348519167314,0.27145886545497105,0.27151720165153626,0.40055508875944357,0.3095008620259338,0.7306712444768878,0.9329345890373287,1.0283575675682064,0.9329345890373287,1.0283575675682064,0.0,0.0,0.0,1.0,0.0,0.0,0.0,0.0,0.0,0.007065887401811778,0.006672349933069199,0.00986522002494894,successful_trials_only,True,False
srp_paired_full,deterministic_multisine,evaluation,square,az45_el30,45.0,30.0,20.0,20.0,1024,reference_3,500,1000,4139691120,2298003543,2298003543,reference_3_gcc_wls,not_applicable,True,1000,0,1.0,0.0024764297668694426,0.3049252477509674,0.3049482509541965,0.3434663757101603,0.30860656031132055,0.5514347434972855,0.6509987987418517,0.7427759066702776,0.6509987987418517,0.7427759066702776,0.0,0.0,0.0,1.0,0.0,0.0,0.0,0.0,0.0,0.003030107499915175,0.002959200064651668,0.004033159976825118,successful_trials_only,False,False
srp_paired_full,deterministic_multisine,evaluation,square,az45_el30,45.0,30.0,20.0,20.0,1024,all_6,500,1000,4139691120,2298003543,2298003543,all_6_equal_gcc_wls,not_applicable,True,1000,0,1.0,0.001748348813809875,0.4815416115677343,0.4815528682603057,0.5084184219076225,0.48894454719259134,0.7411793424792339,0.8470803554059879,0.940980433301892,0.8470803554059879,0.940980433301892,0.0,0.0,0.0,1.0,0.0,0.0,0.0,0.0,0.0,0.00303513789747376,0.0029746999498456717,0.004073789936956018,successful_trials_only,False,False
srp_paired_full,deterministic_multisine,evaluation,square,az45_el30,45.0,30.0,20.0,20.0,1024,all_6,500,1000,4139691120,2298003543,2298003543,all_6_calibrated_gcc_wls,not_applicable,True,987,13,0.987,0.0015328944399936922,0.04243887719529408,0.04246826213308426,0.14125490629768322,0.09997018676969521,0.27000485956488995,0.347971294624613,0.5523426046085306,0.347971294624613,0.5523426046085306,0.0,0.0,0.0,0.987,0.013000000000000012,0.0,0.0,0.013,0.0,0.0034537044003373012,0.0034016999998129904,0.004680560127599164,successful_trials_only,False,False
srp_paired_full,deterministic_multisine,evaluation,square,az45_el30,45.0,30.0,20.0,20.0,1024,all_6,500,1000,4139691120,2298003543,2298003543,equal_weight_srp_phat,gcc_correlation_interpolated,True,1000,0,1.0,0.0018416366559633412,0.4580546244733513,0.45806643027428545,0.48153491689547084,0.46567508683414766,0.7012345251509738,0.7853742117880957,0.8592306321970915,0.7853742117880957,0.8592306321970915,0.0,0.0,0.0,1.0,0.0,0.0,0.0,0.0,0.0,0.0069016334029147405,0.00636704993667081,0.009740309981862079,successful_trials_only,True,False
srp_paired_full,deterministic_multisine,evaluation,square,az45_el30,45.0,30.0,30.0,30.0,1024,reference_3,500,1000,3915623055,3244235399,3244235399,reference_3_gcc_wls,not_applicable,True,1000,0,1.0,0.0005620690763178969,0.2835396808675892,0.28354292892635286,0.29186546803169094,0.28465358712259087,0.390194660074292,0.43502092249388374,0.4704910337570462,0.43502092249388374,0.4704910337570462,0.0,0.0,0.0,1.0,0.0,0.0,0.0,0.0,0.0,0.0030301732968073336,0.0029343999922275543,0.004021175001980737,successful_trials_only,False,False
srp_paired_full,deterministic_multisine,evaluation,square,az45_el30,45.0,30.0,30.0,30.0,1024,all_6,500,1000,3915623055,3244235399,3244235399,all_6_equal_gcc_wls,not_applicable,True,1000,0,1.0,0.00039196682491478307,0.5115410091273773,0.5115425384443621,0.5164552867069859,0.510627101159804,0.6276141533737926,0.6775809104382675,0.7014877308298539,0.6775809104382675,0.7014877308298539,0.0,0.0,0.0,1.0,0.0,0.0,0.0,0.0,0.0,0.0030384739983128385,0.0029494999325834215,0.003998775052605196,successful_trials_only,False,False
srp_paired_full,deterministic_multisine,evaluation,square,az45_el30,45.0,30.0,30.0,30.0,1024,all_6,500,1000,3915623055,3244235399,3244235399,all_6_calibrated_gcc_wls,not_applicable,True,990,10,0.99,0.0010525576205096178,0.011130716020424123,0.011169354828263383,0.0605729654447329,0.041907872830841617,0.11435807056815452,0.1598901558518665,0.21181914774993116,0.1598901558518665,0.21181914774993116,0.0,0.0,0.0,0.99,0.010000000000000009,0.0,0.0,0.01,0.0,0.00344879859557841,0.003360649978276342,0.004585120087722315,successful_trials_only,False,False
srp_paired_full,deterministic_multisine,evaluation,square,az45_el30,45.0,30.0,30.0,30.0,1024,all_6,500,1000,3915623055,3244235399,3244235399,equal_weight_srp_phat,gcc_correlation_interpolated,True,1000,0,1.0,0.0006098862487950935,0.45980632247299497,0.45980826562781646,0.4642520039629135,0.45990943643412024,0.5627418124466261,0.6059778424062318,0.6361906491374871,0.6059778424062318,0.6361906491374871,0.0,0.0,0.0,1.0,0.0,0.0,0.0,0.0,0.0,0.006985683396575041,0.006598399952054024,0.010075434989994391,successful_trials_only,True,False
srp_paired_full,random_broadband,evaluation,square,az45_el30,45.0,30.0,-10.0,-10.0,1024,reference_3,500,1000,986709434,2453475070,2453475070,reference_3_gcc_wls,not_applicable,True,1000,0,1.0,0.9391482535246515,1.30714611881876,2.7124971957592527,23.037917464188915,1.674964109578495,64.39332540434754,79.70635518747173,102.12936551143227,79.70635518747173,102.12936551143227,0.21,0.206,0.149,1.0,0.0,0.0,0.021,0.0,0.149,0.0030995217002928255,0.0030502500012516975,0.004171954985940829,successful_trials_only,False,False
srp_paired_full,random_broadband,evaluation,square,az45_el30,45.0,30.0,-10.0,-10.0,1024,all_6,500,1000,986709434,2453475070,2453475070,all_6_equal_gcc_wls,not_applicable,True,1000,0,1.0,1.0002856382568868,4.697339258964217,5.13036655478488,17.44624174398852,1.5959199101691477,40.4394969524857,65.09173778471937,73.01425540420617,65.09173778471937,73.01425540420617,0.339,0.293,0.094,1.0,0.0,0.0,0.021,0.0,0.094,0.0031013979971176013,0.0030471000354737043,0.004156444978434592,successful_trials_only,False,False
srp_paired_full,random_broadband,evaluation,square,az45_el30,45.0,30.0,-10.0,-10.0,1024,all_6,500,1000,986709434,2453475070,2453475070,all_6_calibrated_gcc_wls,not_applicable,True,992,8,0.992,-0.06389514326393912,-8.501382344964192,8.486960366516476,13.362580748409252,10.623464408723981,24.773964335835466,38.009097734548234,53.74170357264764,38.009097734548234,53.74170357264764,0.9818548387096774,0.5856854838709677,0.03528225806451613,0.992,0.008000000000000007,0.0,0.021,0.008,0.03528225806451613,0.0035018200983759017,0.00345810002181679,0.0047048099688254295,successful_trials_only,False,False
srp_paired_full,random_broadband,evaluation,square,az45_el30,45.0,30.0,-10.0,-10.0,1024,all_6,500,1000,986709434,2453475070,2453475070,equal_weight_srp_phat,gcc_correlation_interpolated,True,1000,0,1.0,-0.007573204919569867,-0.04693991040303204,0.045557460429551264,1.3815963302430405,1.0510925844876415,2.6097492255630823,3.4362977707730322,4.344347763779835,3.4362977707730322,4.344347763779835,0.001,0.0,0.0,1.0,0.0,0.0,0.0,0.0,0.0,0.0068027063984191045,0.0064622999634593725,0.009499585040612147,successful_trials_only,True,False
srp_paired_full,random_broadband,evaluation,square,az45_el30,45.0,30.0,-8.0,-8.0,1024,reference_3,500,1000,740973895,4134198520,4134198520,reference_3_gcc_wls,not_applicable,True,1000,0,1.0,0.1016023816495478,-0.06350840272657426,0.0870767707934936,4.659202360730086,1.0081237666560527,2.2566041317877104,3.9179229553520503,65.76415248896105,3.9179229553520503,65.76415248896105,0.009,0.009,0.007,1.0,0.0,0.0,0.003,0.0,0.007,0.003020504100364633,0.002969500026665628,0.003916925023077056,successful_trials_only,False,False
srp_paired_full,random_broadband,evaluation,square,az45_el30,45.0,30.0,-8.0,-8.0,1024,all_6,500,1000,740973895,4134198520,4134198520,all_6_equal_gcc_wls,not_applicable,True,1000,0,1.0,0.010399153244886552,0.044167707092738914,0.06945489960281223,3.5380389505668455,0.8171841179343345,2.084482998863602,22.691457440518068,35.2381642489557,22.691457440518068,35.2381642489557,0.023,0.014,0.004,1.0,0.0,0.0,0.003,0.0,0.004,0.003040468598133884,0.0029890499426983297,0.00396409003296867,successful_trials_only,False,False
srp_paired_full,random_broadband,evaluation,square,az45_el30,45.0,30.0,-8.0,-8.0,1024,all_6,500,1000,740973895,4134198520,4134198520,all_6_calibrated_gcc_wls,not_applicable,True,990,10,0.99,0.12839841542435312,-0.26671621453576516,0.2863933896714588,1.3075762895706926,1.0224046901970867,2.4197526160962135,3.003779980012541,4.1628304587653915,3.003779980012541,4.1628304587653915,0.0,0.0,0.0,0.99,0.010000000000000009,0.0,0.003,0.01,0.0,0.0034570504998555408,0.003425350005272776,0.0044919549778569485,successful_trials_only,False,False
srp_paired_full,random_broadband,evaluation,square,az45_el30,45.0,30.0,-8.0,-8.0,1024,all_6,500,1000,740973895,4134198520,4134198520,equal_weight_srp_phat,gcc_correlation_interpolated,True,1000,0,1.0,-0.02404146938051595,0.001602348134963647,0.021044867290811866,1.0094071806093368,0.8039201463511122,1.8306197061598255,2.309579553284117,2.9192906572672026,2.309579553284117,2.9192906572672026,0.0,0.0,0.0,1.0,0.0,0.0,0.0,0.0,0.0,0.006557776300003752,0.0061146499938331544,0.009502750035608186,successful_trials_only,True,False
srp_paired_full,random_broadband,evaluation,square,az45_el30,45.0,30.0,-6.0,-6.0,1024,reference_3,500,1000,3320796159,1875230876,1875230876,reference_3_gcc_wls,not_applicable,True,1000,0,1.0,-0.032143937107602216,0.02413531907928584,0.03777270962967842,0.8960159854149506,0.7051050199280118,1.64461406538121,2.111390809032285,2.64578858230345,2.111390809032285,2.64578858230345,0.0,0.0,0.0,1.0,0.0,0.0,0.0,0.0,0.0,0.003052198300138116,0.0029745500069111586,0.004080214985879138,successful_trials_only,False,False
srp_paired_full,random_broadband,evaluation,square,az45_el30,45.0,30.0,-6.0,-6.0,1024,all_6,500,1000,3320796159,1875230876,1875230876,all_6_equal_gcc_wls,not_applicable,True,1000,0,1.0,-0.02140792646860897,0.002007863895458266,0.018770597415280595,0.7328377005724366,0.5299179754579758,1.3549880539065926,1.7998372595192391,2.3154325873402315,1.7998372595192391,2.3154325873402315,0.0,0.0,0.0,1.0,0.0,0.0,0.0,0.0,0.0,0.00306047449959442,0.003015700029209256,0.004086995031684637,successful_trials_only,False,False
srp_paired_full,random_broadband,evaluation,square,az45_el30,45.0,30.0,-6.0,-6.0,1024,all_6,500,1000,3320796159,1875230876,1875230876,all_6_calibrated_gcc_wls,not_applicable,True,993,7,0.993,-0.00010813602259581439,0.014991930710509594,0.015539877546280166,0.7612506183842217,0.5730814755931766,1.4376588677551587,1.848677506232263,2.3653436720103067,1.848677506232263,2.3653436720103067,0.0,0.0,0.0,0.993,0.007000000000000006,0.0,0.0,0.007,0.0,0.0034508344983914868,0.0033675501472316682,0.0045915100316051395,successful_trials_only,False,False
srp_paired_full,random_broadband,evaluation,square,az45_el30,45.0,30.0,-6.0,-6.0,1024,all_6,500,1000,3320796159,1875230876,1875230876,equal_weight_srp_phat,gcc_correlation_interpolated,True,1000,0,1.0,-0.02094404482877284,0.006216427733390156,0.019402896193084523,0.7286045162622412,0.529862133329509,1.3714707034358045,1.8210267356447445,2.280607091359291,1.8210267356447445,2.280607091359291,0.0,0.0,0.0,1.0,0.0,0.0,0.0,0.0,0.0,0.006760734996641986,0.006304950045887381,0.00968486504862085,successful_trials_only,True,False
srp_paired_full,random_broadband,evaluation,square,az45_el30,45.0,30.0,-4.0,-4.0,1024,reference_3,500,1000,2930127240,818856837,818856837,reference_3_gcc_wls,not_applicable,True,1000,0,1.0,-0.014709171846661831,0.004629585892583571,0.013782011757359394,0.6476356841525024,0.5058215490165504,1.1528726063762489,1.4720338761704463,1.8246321033104362,1.4720338761704463,1.8246321033104362,0.0,0.0,0.0,1.0,0.0,0.0,0.0,0.0,0.0,0.0029971807007677853,0.002893350028898567,0.004080270091071724,successful_trials_only,False,False
srp_paired_full,random_broadband,evaluation,square,az45_el30,45.0,30.0,-4.0,-4.0,1024,all_6,500,1000,2930127240,818856837,818856837,all_6_equal_gcc_wls,not_applicable,True,1000,0,1.0,-0.002544460879212457,-0.0005411220454968497,0.0022656011021509005,0.5585979054536707,0.44333272822425907,1.027967063896012,1.307414428988182,1.5343388030178307,1.307414428988182,1.5343388030178307,0.0,0.0,0.0,1.0,0.0,0.0,0.0,0.0,0.0,0.003010484302416444,0.0029115000506863,0.00413992497487925,successful_trials_only,False,False
srp_paired_full,random_broadband,evaluation,square,az45_el30,45.0,30.0,-4.0,-4.0,1024,all_6,500,1000,2930127240,818856837,818856837,all_6_calibrated_gcc_wls,not_applicable,True,981,19,0.981,-0.023400362723923554,0.00903024733918268,0.02235320400778803,0.589127197426536,0.4684750216259722,1.062936447664744,1.3637427886103906,1.8014639493063247,1.3637427886103906,1.8014639493063247,0.0,0.0,0.0,0.981,0.019000000000000017,0.0,0.0,0.019,0.0,0.0033881283992668616,0.0033599999733269215,0.004582120070699602,successful_trials_only,False,False
srp_paired_full,random_broadband,evaluation,square,az45_el30,45.0,30.0,-4.0,-4.0,1024,all_6,500,1000,2930127240,818856837,818856837,equal_weight_srp_phat,gcc_correlation_interpolated,True,1000,0,1.0,-0.0016599885651793782,-0.0013667748270803249,0.001825090698022809,0.5579928837799452,0.44045180134884393,1.0226801698649122,1.2957955718863574,1.5536342169403006,1.2957955718863574,1.5536342169403006,0.0,0.0,0.0,1.0,0.0,0.0,0.0,0.0,0.0,0.006743361003580503,0.006197299982886761,0.00979958004318177,successful_trials_only,True,False
srp_paired_full,random_broadband,evaluation,square,az45_el30,45.0,30.0,-2.0,-2.0,1024,reference_3,500,1000,1283285608,3289386301,3289386301,reference_3_gcc_wls,not_applicable,True,1000,0,1.0,-0.0007082703812575788,0.014710797180465796,0.01502733411700857,0.5041990384987999,0.41049127035215155,0.9053562151106508,1.1029370707716504,1.255269093576362,1.1029370707716504,1.255269093576362,0.0,0.0,0.0,1.0,0.0,0.0,0.0,0.0,0.0,0.0030543276027310638,0.0030341000529006124,0.004113620106363667,successful_trials_only,False,False
srp_paired_full,random_broadband,evaluation,square,az45_el30,45.0,30.0,-2.0,-2.0,1024,all_6,500,1000,1283285608,3289386301,3289386301,all_6_equal_gcc_wls,not_applicable,True,1000,0,1.0,-0.0023502485757289147,0.019829057567542,0.020112568055671215,0.43594066338758,0.3417404649977209,0.7876479404860698,0.9879689676648385,1.1588342283268407,0.9879689676648385,1.1588342283268407,0.0,0.0,0.0,1.0,0.0,0.0,0.0,0.0,0.0,0.0030769184017553925,0.00306270009605214,0.0041360349452588705,successful_trials_only,False,False
srp_paired_full,random_broadband,evaluation,square,az45_el30,45.0,30.0,-2.0,-2.0,1024,all_6,500,1000,1283285608,3289386301,3289386301,all_6_calibrated_gcc_wls,not_applicable,True,992,8,0.992,7.899459121001635e-06,0.05053029390842419,0.05070247014773095,0.46073920872514873,0.3612374193795919,0.8232239959698957,1.0463669958758959,1.3091607244161894,1.0463669958758959,1.3091607244161894,0.0,0.0,0.0,0.992,0.008000000000000007,0.0,0.0,0.008,0.0,0.003465452102245763,0.0034639500081539154,0.0046712300565559415,successful_trials_only,False,False
srp_paired_full,random_broadband,evaluation,square,az45_el30,45.0,30.0,-2.0,-2.0,1024,all_6,500,1000,1283285608,3289386301,3289386301,equal_weight_srp_phat,gcc_correlation_interpolated,True,1000,0,1.0,-0.002584891895496716,0.01915922213720532,0.019468482365353798,0.43525015865976285,0.33767010576069806,0.7937584415385095,0.982379096115051,1.1648979678317974,0.982379096115051,1.1648979678317974,0.0,0.0,0.0,1.0,0.0,0.0,0.0,0.0,0.0,0.007004721904639155,0.006560150010045618,0.010340750031173228,successful_trials_only,True,False
srp_paired_full,random_broadband,evaluation,square,az45_el30,45.0,30.0,0.0,0.0,1024,reference_3,500,1000,812649182,1837943860,1837943860,reference_3_gcc_wls,not_applicable,True,1000,0,1.0,-0.006732159201477301,0.0014624336290138724,0.006076167285212768,0.38594189958680064,0.3014086392558383,0.6996181351021373,0.8977455160867364,1.366845784180621,0.8977455160867364,1.366845784180621,0.0,0.0,0.0,1.0,0.0,0.0,0.0,0.0,0.0,0.003052600701106712,0.0029550999752245843,0.004101664922200143,successful_trials_only,False,False
srp_paired_full,random_broadband,evaluation,square,az45_el30,45.0,30.0,0.0,0.0,1024,all_6,500,1000,812649182,1837943860,1837943860,all_6_equal_gcc_wls,not_applicable,True,1000,0,1.0,-0.006635685175807023,0.01283119286269436,0.014166861465789144,0.3448485060546892,0.26501108424720077,0.6227729765768875,0.8042753489363124,1.1170172585010945,0.8042753489363124,1.1170172585010945,0.0,0.0,0.0,1.0,0.0,0.0,0.0,0.0,0.0,0.0030611469997093082,0.0029833000153303146,0.004080015094950795,successful_trials_only,False,False
srp_paired_full,random_broadband,evaluation,square,az45_el30,45.0,30.0,0.0,0.0,1024,all_6,500,1000,812649182,1837943860,1837943860,all_6_calibrated_gcc_wls,not_applicable,True,989,11,0.989,-0.0003563914775207669,0.050237672087479354,0.05034977341673836,0.36951214207068656,0.2843768189961954,0.6836456553819652,0.8850381615152015,1.2079039275776549,0.8850381615152015,1.2079039275776549,0.0,0.0,0.0,0.989,0.01100000000000001,0.0,0.0,0.011,0.0,0.0034438347035320475,0.003384700044989586,0.004611399956047535,successful_trials_only,False,False
srp_paired_full,random_broadband,evaluation,square,az45_el30,45.0,30.0,0.0,0.0,1024,all_6,500,1000,812649182,1837943860,1837943860,equal_weight_srp_phat,gcc_correlation_interpolated,True,1000,0,1.0,-0.006539699421985416,0.011346448774991327,0.012788605422966047,0.34424060279745833,0.26457665172234146,0.6342539511341863,0.8036202650258092,1.123659890725417,0.8036202650258092,1.123659890725417,0.0,0.0,0.0,1.0,0.0,0.0,0.0,0.0,0.0,0.007014648503391072,0.00655834999633953,0.010320825112285091,successful_trials_only,True,False
srp_paired_full,random_broadband,evaluation,square,az45_el30,45.0,30.0,2.0,2.0,1024,reference_3,500,1000,255311858,1601789112,1601789112,reference_3_gcc_wls,not_applicable,True,1000,0,1.0,-0.0027660791336009275,0.009033557375389238,0.009444158628145223,0.31409336352523654,0.24289885631367453,0.5679636742739946,0.7255681090908649,0.9837746542600873,0.7255681090908649,0.9837746542600873,0.0,0.0,0.0,1.0,0.0,0.0,0.0,0.0,0.0,0.002982408895622939,0.002893500030040741,0.004130205017281696,successful_trials_only,False,False
srp_paired_full,random_broadband,evaluation,square,az45_el30,45.0,30.0,2.0,2.0,1024,all_6,500,1000,255311858,1601789112,1601789112,all_6_equal_gcc_wls,not_applicable,True,1000,0,1.0,-7.437798820742329e-05,0.007710822426203002,0.0077843145033563675,0.27658927795151705,0.2081807746657613,0.5118634049994193,0.6432941529032886,0.8912984638029141,0.6432941529032886,0.8912984638029141,0.0,0.0,0.0,1.0,0.0,0.0,0.0,0.0,0.0,0.003002944100298919,0.0029286500066518784,0.004101419914513825,successful_trials_only,False,False
srp_paired_full,random_broadband,evaluation,square,az45_el30,45.0,30.0,2.0,2.0,1024,all_6,500,1000,255311858,1601789112,1601789112,all_6_calibrated_gcc_wls,not_applicable,True,987,13,0.987,-0.013446825112173301,0.024766346241857425,0.027434153574868426,0.2896602707156088,0.22334676852422594,0.5218933001867564,0.6777071821060427,0.9155675516272586,0.6777071821060427,0.9155675516272586,0.0,0.0,0.0,0.987,0.013000000000000012,0.0,0.0,0.013,0.0,0.0033732814962277187,0.0033297999761998653,0.004563140048412606,successful_trials_only,False,False
srp_paired_full,random_broadband,evaluation,square,az45_el30,45.0,30.0,2.0,2.0,1024,all_6,500,1000,255311858,1601789112,1601789112,equal_weight_srp_phat,gcc_correlation_interpolated,True,1000,0,1.0,-6.885662087116997e-05,0.005021125990224354,0.005095223269495438,0.27610246067413297,0.20760882498810868,0.5078791184617983,0.6582937514417396,0.8930303383693092,0.6582937514417396,0.8930303383693092,0.0,0.0,0.0,1.0,0.0,0.0,0.0,0.0,0.0,0.006676932698697783,0.006165249971672893,0.009623975038994101,successful_trials_only,True,False
srp_paired_full,random_broadband,evaluation,square,az45_el30,45.0,30.0,5.0,5.0,1024,reference_3,500,1000,2719561396,1786869924,1786869924,reference_3_gcc_wls,not_applicable,True,1000,0,1.0,-0.0002442095038831789,0.01977060370796285,0.019820086198808044,0.22944019253110667,0.1727098930957418,0.42276314891834155,0.5307354324928527,0.6792858724520987,0.5307354324928527,0.6792858724520987,0.0,0.0,0.0,1.0,0.0,0.0,0.0,0.0,0.0,0.0029332551002735274,0.0028249499737285078,0.003934610041324049,successful_trials_only,False,False
srp_paired_full,random_broadband,evaluation,square,az45_el30,45.0,30.0,5.0,5.0,1024,all_6,500,1000,2719561396,1786869924,1786869924,all_6_equal_gcc_wls,not_applicable,True,1000,0,1.0,0.0016815324116541534,0.022826620980311872,0.02290973283538812,0.20591422666367173,0.15498257153495337,0.37749583481016397,0.5054349163043916,0.6023405120599717,0.5054349163043916,0.6023405120599717,0.0,0.0,0.0,1.0,0.0,0.0,0.0,0.0,0.0,0.002933199201594107,0.0028112499858252704,0.003933855146169662,successful_trials_only,False,False
srp_paired_full,random_broadband,evaluation,square,az45_el30,45.0,30.0,5.0,5.0,1024,all_6,500,1000,2719561396,1786869924,1786869924,all_6_calibrated_gcc_wls,not_applicable,True,985,15,0.985,0.005544762980624483,0.001913945799632874,0.005179419216514541,0.22268079429557444,0.1661544361685972,0.3947888812889204,0.5256768222907763,0.6554808635529548,0.5256768222907763,0.6554808635529548,0.0,0.0,0.0,0.985,0.015000000000000013,0.0,0.0,0.015,0.0,0.0033017915985547007,0.0032264000619761646,0.004342030000407248,successful_trials_only,False,False
srp_paired_full,random_broadband,evaluation,square,az45_el30,45.0,30.0,5.0,5.0,1024,all_6,500,1000,2719561396,1786869924,1786869924,equal_weight_srp_phat,gcc_correlation_interpolated,True,1000,0,1.0,0.0018091554126643053,0.019620073158354127,0.01971956224635193,0.20496050358976756,0.15541862397395417,0.37623606470059373,0.5027716666826354,0.593993002749159,0.5027716666826354,0.593993002749159,0.0,0.0,0.0,1.0,0.0,0.0,0.0,0.0,0.0,0.006684880499611609,0.006240100017748773,0.009499560145195573,successful_trials_only,True,False
srp_paired_full,random_broadband,evaluation,square,az45_el30,45.0,30.0,10.0,10.0,1024,reference_3,500,1000,227286017,518116223,518116223,reference_3_gcc_wls,not_applicable,True,1000,0,1.0,0.00018405218295696116,0.0057182394048523435,0.0057385842952707685,0.14667852146598737,0.10897257167014628,0.28192650439105715,0.36340684044283,0.4490277606356735,0.36340684044283,0.4490277606356735,0.0,0.0,0.0,1.0,0.0,0.0,0.0,0.0,0.0,0.0029395074991043655,0.002818449924234301,0.0039832550566643475,successful_trials_only,False,False
srp_paired_full,random_broadband,evaluation,square,az45_el30,45.0,30.0,10.0,10.0,1024,all_6,500,1000,227286017,518116223,518116223,all_6_equal_gcc_wls,not_applicable,True,1000,0,1.0,0.0002508641380287872,0.011564550369406897,0.011581334893809718,0.13121822272610562,0.09960599551293098,0.24804628120654523,0.31471245410045756,0.38025525078691547,0.31471245410045756,0.38025525078691547,0.0,0.0,0.0,1.0,0.0,0.0,0.0,0.0,0.0,0.002950709902564995,0.0028297000098973513,0.0040246950229629866,successful_trials_only,False,False
srp_paired_full,random_broadband,evaluation,square,az45_el30,45.0,30.0,10.0,10.0,1024,all_6,500,1000,227286017,518116223,518116223,all_6_calibrated_gcc_wls,not_applicable,True,976,24,0.976,-0.0003867774518482566,-0.009350555035304974,0.00933980603532209,0.14738253771809645,0.10656635968610322,0.2793148690111387,0.3872814649784613,0.4414333550911605,0.3872814649784613,0.4414333550911605,0.0,0.0,0.0,0.976,0.02400000000000002,0.0,0.0,0.024,0.0,0.0032769833967322484,0.0031540500349365175,0.004437404911732301,successful_trials_only,False,False
srp_paired_full,random_broadband,evaluation,square,az45_el30,45.0,30.0,10.0,10.0,1024,all_6,500,1000,227286017,518116223,518116223,equal_weight_srp_phat,gcc_correlation_interpolated,True,1000,0,1.0,0.00017902682416011745,0.007769824023329964,0.007786296018237761,0.13035375251823464,0.09876297841902956,0.2469580017194822,0.31647985176284726,0.38052026118950066,0.31647985176284726,0.38052026118950066,0.0,0.0,0.0,1.0,0.0,0.0,0.0,0.0,0.0,0.0069493993968935686,0.006506850011646748,0.01015723492600955,successful_trials_only,True,False
srp_paired_full,random_broadband,evaluation,square,az45_el30,45.0,30.0,20.0,20.0,1024,reference_3,500,1000,560276737,525207505,525207505,reference_3_gcc_wls,not_applicable,True,1000,0,1.0,-0.0013961248467673488,0.009415916252740152,0.009495272741411518,0.08202419028265248,0.05759126341866737,0.15738274285304768,0.2134521047714136,0.2860595742225403,0.2134521047714136,0.2860595742225403,0.0,0.0,0.0,1.0,0.0,0.0,0.0,0.0,0.0,0.0029807690021116284,0.0028707500314339995,0.004014075052691623,successful_trials_only,False,False
srp_paired_full,random_broadband,evaluation,square,az45_el30,45.0,30.0,20.0,20.0,1024,all_6,500,1000,560276737,525207505,525207505,all_6_equal_gcc_wls,not_applicable,True,1000,0,1.0,-0.0007803912383404845,0.013966680876116697,0.013984923329601204,0.07816842304738585,0.052592130295279704,0.15697432773944286,0.2077446624745903,0.25776803501588025,0.2077446624745903,0.25776803501588025,0.0,0.0,0.0,1.0,0.0,0.0,0.0,0.0,0.0,0.002994113000924699,0.002883500070311129,0.004003475094214081,successful_trials_only,False,False
srp_paired_full,random_broadband,evaluation,square,az45_el30,45.0,30.0,20.0,20.0,1024,all_6,500,1000,560276737,525207505,525207505,all_6_calibrated_gcc_wls,not_applicable,True,967,33,0.967,0.000459820531296514,-0.003299606827869263,0.0033215052851074396,0.08503985446170605,0.0585264963418703,0.1693663582038131,0.20847244304693457,0.2369598513847752,0.20847244304693457,0.2369598513847752,0.0,0.0,0.0,0.967,0.03300000000000003,0.0,0.0,0.033,0.0,0.003378660403424874,0.0033061999711208045,0.0045154899184126395,successful_trials_only,False,False
srp_paired_full,random_broadband,evaluation,square,az45_el30,45.0,30.0,20.0,20.0,1024,all_6,500,1000,560276737,525207505,525207505,equal_weight_srp_phat,gcc_correlation_interpolated,True,1000,0,1.0,-0.0007831486249413953,0.009941604193741292,0.009966648655979462,0.07713214983772071,0.05123508502101106,0.15355711677029682,0.20393502192880614,0.2547646002424352,0.20393502192880614,0.2547646002424352,0.0,0.0,0.0,1.0,0.0,0.0,0.0,0.0,0.0,0.0066709937045816336,0.006245399999897927,0.009482774912612511,successful_trials_only,True,False
srp_paired_full,random_broadband,evaluation,square,az45_el30,45.0,30.0,30.0,30.0,1024,reference_3,500,1000,373630396,3035865895,3035865895,reference_3_gcc_wls,not_applicable,True,1000,0,1.0,0.00019364928349740776,0.010425078131763686,0.01042668717077111,0.07257870747047154,0.04712685111754592,0.14267879959183474,0.20103384482602146,0.26034729047756344,0.20103384482602146,0.26034729047756344,0.0,0.0,0.0,1.0,0.0,0.0,0.0,0.0,0.0,0.0030440127014881,0.0029841000796295702,0.00408759003621526,successful_trials_only,False,False
srp_paired_full,random_broadband,evaluation,square,az45_el30,45.0,30.0,30.0,30.0,1024,all_6,500,1000,373630396,3035865895,3035865895,all_6_equal_gcc_wls,not_applicable,True,1000,0,1.0,0.0001372125804982102,0.013853098455796794,0.013853830944743826,0.0688961646601994,0.044767205340823214,0.14005456187520057,0.1871880911965214,0.221734708849581,0.1871880911965214,0.221734708849581,0.0,0.0,0.0,1.0,0.0,0.0,0.0,0.0,0.0,0.003064869700348936,0.002993099973537028,0.0041152949037496,successful_trials_only,False,False
srp_paired_full,random_broadband,evaluation,square,az45_el30,45.0,30.0,30.0,30.0,1024,all_6,500,1000,373630396,3035865895,3035865895,all_6_calibrated_gcc_wls,not_applicable,True,923,77,0.923,0.0002873171863292219,0.004252113627452636,0.004259610544640397,0.07356784966766622,0.0439211124570488,0.15091141199101896,0.20309993631820975,0.2890270354691457,0.20309993631820975,0.2890270354691457,0.0,0.0,0.0,0.923,0.07699999999999996,0.0,0.0,0.077,0.0,0.0033914523981511593,0.003394499944988638,0.004597569967154412,successful_trials_only,False,False
srp_paired_full,random_broadband,evaluation,square,az45_el30,45.0,30.0,30.0,30.0,1024,all_6,500,1000,373630396,3035865895,3035865895,equal_weight_srp_phat,gcc_correlation_interpolated,True,1000,0,1.0,0.0001346274927484189,0.009709960698643091,0.009710887257131226,0.06775986067888558,0.04366452360755737,0.1385391808930226,0.18568680465360665,0.2185777709108961,0.18568680465360665,0.2185777709108961,0.0,0.0,0.0,1.0,0.0,0.0,0.0,0.0,0.0,0.006758402603212744,0.0063974999357014894,0.009643904963741078,successful_trials_only,True,False
srp_paired_full,harmonic_stress,evaluation,square,az45_el30,45.0,30.0,-10.0,-10.0,1024,reference_3,500,1000,2355559691,1581395168,1581395168,reference_3_gcc_wls,not_applicable,True,1000,0,1.0,3.4012633755002124,4.247974692592097,12.722310056861803,44.42929364703928,30.87185734257447,83.78694625337943,108.02768394046403,136.07131142576176,108.02768394046403,136.07131142576176,0.926,0.815,0.526,1.0,0.0,0.0,0.078,0.0,0.526,0.0031192955990554765,0.0030426999437622726,0.0041027050407137725,successful_trials_only,False,False
srp_paired_full,harmonic_stress,evaluation,square,az45_el30,45.0,30.0,-10.0,-10.0,1024,all_6,500,1000,2355559691,1581395168,1581395168,all_6_equal_gcc_wls,not_applicable,True,1000,0,1.0,1.847769685977758,15.559033714288931,19.65536697731754,34.872488776762914,25.09177150942296,66.95964149682256,85.09579579000615,100.22455528919271,85.09579579000615,100.22455528919271,0.943,0.806,0.414,1.0,0.0,0.0,0.078,0.0,0.414,0.0031194743019295856,0.0030526999616995454,0.004148145037470385,successful_trials_only,False,False
srp_paired_full,harmonic_stress,evaluation,square,az45_el30,45.0,30.0,-10.0,-10.0,1024,all_6,500,1000,2355559691,1581395168,1581395168,all_6_calibrated_gcc_wls,not_applicable,True,976,24,0.976,0.75084546670653,-9.909892663451464,9.39256443057849,30.88955765534868,30.06212436344731,47.55974028601973,68.75094696340722,90.74872175923532,68.75094696340722,90.74872175923532,0.9784836065573771,0.9364754098360656,0.6362704918032787,0.976,0.02400000000000002,0.0,0.078,0.024,0.6362704918032787,0.0034906139019876717,0.0034624999971129,0.00461031494778581,successful_trials_only,False,False
srp_paired_full,harmonic_stress,evaluation,square,az45_el30,45.0,30.0,-10.0,-10.0,1024,all_6,500,1000,2355559691,1581395168,1581395168,equal_weight_srp_phat,gcc_correlation_interpolated,True,1000,0,1.0,1.01898314139517,0.3220652771074754,1.5422004256037065,20.85612286489859,8.443886703004642,42.97467484872263,77.65304100395636,128.03037038728678,77.65304100395636,128.03037038728678,0.726,0.432,0.127,1.0,0.0,0.0,0.041,0.0,0.127,0.006803632899303921,0.0064412999781779945,0.009431939985370263,successful_trials_only,True,False
srp_paired_full,harmonic_stress,evaluation,square,az45_el30,45.0,30.0,-8.0,-8.0,1024,reference_3,500,1000,3442641651,1688983065,1688983065,reference_3_gcc_wls,not_applicable,True,1000,0,1.0,0.5146105109893739,2.0449136783886805,5.041501777513402,31.216128713817504,13.424462528112734,68.48752991596824,85.09427223348116,109.73616139657211,85.09427223348116,109.73616139657211,0.793,0.576,0.287,1.0,0.0,0.0,0.04,0.0,0.287,0.0030511574004776776,0.0029798000468872488,0.003968624828848986,successful_trials_only,False,False
srp_paired_full,harmonic_stress,evaluation,square,az45_el30,45.0,30.0,-8.0,-8.0,1024,all_6,500,1000,3442641651,1688983065,1688983065,all_6_equal_gcc_wls,not_applicable,True,1000,0,1.0,1.5084360281507483,7.829223905639627,8.942622106043407,24.41766821325638,13.688474218921055,52.059212429710776,69.66265433377046,76.76200969521936,69.66265433377046,76.76200969521936,0.824,0.619,0.198,1.0,0.0,0.0,0.04,0.0,0.198,0.0030532124974997714,0.0029786499799229205,0.003990115103079006,successful_trials_only,False,False
srp_paired_full,harmonic_stress,evaluation,square,az45_el30,45.0,30.0,-8.0,-8.0,1024,all_6,500,1000,3442641651,1688983065,1688983065,all_6_calibrated_gcc_wls,not_applicable,True,991,9,0.991,1.791918314034751,-13.964064469602167,14.092292606472727,26.56904218722002,30.002950086402084,37.691027089578895,54.409509572158775,70.074619469161,54.409509572158775,70.074619469161,0.9606458123107972,0.8789101917255298,0.544904137235116,0.991,0.009000000000000008,0.0,0.04,0.009,0.544904137235116,0.003436289501842111,0.003397850028704852,0.004480474896263331,successful_trials_only,False,False
srp_paired_full,harmonic_stress,evaluation,square,az45_el30,45.0,30.0,-8.0,-8.0,1024,all_6,500,1000,3442641651,1688983065,1688983065,equal_weight_srp_phat,gcc_correlation_interpolated,True,1000,0,1.0,0.14599279072358176,0.11300930824542174,0.29807974440313345,10.353063034690695,5.493581812288505,19.866087679076426,33.48476889301076,62.471096646148524,33.48476889301076,62.471096646148524,0.552,0.196,0.03,1.0,0.0,0.0,0.016,0.0,0.03,0.006763952199136838,0.006378850026521832,0.009422989917220546,successful_trials_only,True,False
srp_paired_full,harmonic_stress,evaluation,square,az45_el30,45.0,30.0,-6.0,-6.0,1024,reference_3,500,1000,3884237269,1427567041,1427567041,reference_3_gcc_wls,not_applicable,True,1000,0,1.0,0.2725003941244165,2.1892759463813025,3.2298538204891876,21.69436307822341,6.5729851767971486,54.42688432976831,75.71088267289137,91.36945429565694,75.71088267289137,91.36945429565694,0.629,0.333,0.131,1.0,0.0,0.0,0.017,0.0,0.131,0.002804139598272741,0.0026284499326720834,0.0038276549254078413,successful_trials_only,False,False
srp_paired_full,harmonic_stress,evaluation,square,az45_el30,45.0,30.0,-6.0,-6.0,1024,all_6,500,1000,3884237269,1427567041,1427567041,all_6_equal_gcc_wls,not_applicable,True,1000,0,1.0,0.6875659081870313,4.712634549282849,4.885162187365521,16.462908384608728,6.127271443940842,37.937450125625155,58.80452882407346,68.76230402934803,58.80452882407346,68.76230402934803,0.595,0.35,0.085,1.0,0.0,0.0,0.017,0.0,0.085,0.002804230903624557,0.0026206999900750816,0.0037706200731918217,successful_trials_only,False,False
srp_paired_full,harmonic_stress,evaluation,square,az45_el30,45.0,30.0,-6.0,-6.0,1024,all_6,500,1000,3884237269,1427567041,1427567041,all_6_calibrated_gcc_wls,not_applicable,True,975,25,0.975,0.7065478737992171,-5.026143252602448,4.938276775677942,15.115190324508193,9.187648808388245,30.463597062565174,43.84930944940228,56.76892361159656,43.84930944940228,56.76892361159656,0.7692307692307693,0.4605128205128205,0.0841025641025641,0.975,0.025000000000000022,0.0,0.017,0.025,0.0841025641025641,0.0031024005025392398,0.0029208000050857663,0.0041692150756716725,successful_trials_only,False,False
srp_paired_full,harmonic_stress,evaluation,square,az45_el30,45.0,30.0,-6.0,-6.0,1024,all_6,500,1000,3884237269,1427567041,1427567041,equal_weight_srp_phat,gcc_correlation_interpolated,True,1000,0,1.0,-0.15134335365248303,-0.12416870878618455,0.15402560414375258,6.034557594094953,4.126632984672476,10.916026690669087,18.439649899921616,23.7064790444433,18.439649899921616,23.7064790444433,0.392,0.07,0.001,1.0,0.0,0.0,0.001,0.0,0.001,0.0066709528020583095,0.0062373498803935945,0.009476904856273902,successful_trials_only,True,False
srp_paired_full,harmonic_stress,evaluation,square,az45_el30,45.0,30.0,-4.0,-4.0,1024,reference_3,500,1000,788264564,1211101329,1211101329,reference_3_gcc_wls,not_applicable,True,1000,0,1.0,-0.26992757381863924,-0.25006659337613857,0.03183034445515851,10.58716582875889,3.919524882452296,20.260257531188742,47.24608324361413,68.71948551558519,47.24608324361413,68.71948551558519,0.354,0.114,0.035,1.0,0.0,0.0,0.004,0.0,0.035,0.002663879401399754,0.002528300043195486,0.003186664934037253,successful_trials_only,False,False
srp_paired_full,harmonic_stress,evaluation,square,az45_el30,45.0,30.0,-4.0,-4.0,1024,all_6,500,1000,788264564,1211101329,1211101329,all_6_equal_gcc_wls,not_applicable,True,1000,0,1.0,-0.3022568852483427,0.6613584537947997,0.6982476279979313,6.961432773026641,2.927067626485523,14.293867529871184,27.893844925567446,62.50017567973148,27.893844925567446,62.50017567973148,0.238,0.08,0.008,1.0,0.0,0.0,0.004,0.0,0.008,0.002672949400031939,0.0025413500261493027,0.0032015350472647695,successful_trials_only,False,False
srp_paired_full,harmonic_stress,evaluation,square,az45_el30,45.0,30.0,-4.0,-4.0,1024,all_6,500,1000,788264564,1211101329,1211101329,all_6_calibrated_gcc_wls,not_applicable,True,989,11,0.989,0.18929796791852913,-1.6648364306383556,1.631744978578318,6.724127877935917,3.3618846528813524,12.72050627366848,30.07239856403144,31.650802298269404,30.07239856403144,31.650802298269404,0.2972699696663296,0.07987866531850354,0.014155712841253791,0.989,0.01100000000000001,0.0,0.004,0.011,0.014155712841253791,0.0030579888061620297,0.0029104999848641455,0.0037430798693094403,successful_trials_only,False,False
srp_paired_full,harmonic_stress,evaluation,square,az45_el30,45.0,30.0,-4.0,-4.0,1024,all_6,500,1000,788264564,1211101329,1211101329,equal_weight_srp_phat,gcc_correlation_interpolated,True,1000,0,1.0,0.08714021570110224,-0.16518492143290087,0.1668644698034155,3.941864232851385,2.75036707028559,7.2180405653403765,11.113953913138708,16.340864518572644,11.113953913138708,16.340864518572644,0.169,0.017,0.0,1.0,0.0,0.0,0.0,0.0,0.0,0.005241078302962706,0.005027599865570664,0.006853929912904277,successful_trials_only,True,False
srp_paired_full,harmonic_stress,evaluation,square,az45_el30,45.0,30.0,-2.0,-2.0,1024,reference_3,500,1000,794301446,3613033574,3613033574,reference_3_gcc_wls,not_applicable,True,1000,0,1.0,-0.04703782065525402,-0.18760585556804077,0.1574099767676973,4.467788809354693,2.922846643622014,7.044139566854774,10.087371840130604,32.62412862649895,10.087371840130604,32.62412862649895,0.162,0.011,0.003,1.0,0.0,0.0,0.001,0.0,0.003,0.0023428893022937702,0.00222765002399683,0.0031314549793023615,successful_trials_only,False,False
srp_paired_full,harmonic_stress,evaluation,square,az45_el30,45.0,30.0,-2.0,-2.0,1024,all_6,500,1000,794301446,3613033574,3613033574,all_6_equal_gcc_wls,not_applicable,True,1000,0,1.0,0.062187048234558694,-0.02195946036029416,0.046023046711713235,3.5451808137663874,2.2161108999831716,5.689150590717743,10.49981338548468,31.013493437511922,10.49981338548468,31.013493437511922,0.073,0.011,0.002,1.0,0.0,0.0,0.001,0.0,0.002,0.0023504652982810513,0.0022363999160006642,0.0031502300000283865,successful_trials_only,False,False
srp_paired_full,harmonic_stress,evaluation,square,az45_el30,45.0,30.0,-2.0,-2.0,1024,all_6,500,1000,794301446,3613033574,3613033574,all_6_calibrated_gcc_wls,not_applicable,True,990,10,0.99,-0.13199872354076295,-0.2901274550968922,0.3028366144121886,3.1001019199024014,2.271389393745467,5.59739107703027,8.36408496303583,11.786421393837049,8.36408496303583,11.786421393837049,0.0696969696969697,0.006060606060606061,0.0,0.99,0.010000000000000009,0.0,0.001,0.01,0.0,0.002619678799295798,0.0025184000260196626,0.0034194699604995545,successful_trials_only,False,False
srp_paired_full,harmonic_stress,evaluation,square,az45_el30,45.0,30.0,-2.0,-2.0,1024,all_6,500,1000,794301446,3613033574,3613033574,equal_weight_srp_phat,gcc_correlation_interpolated,True,1000,0,1.0,0.010094958422681133,-0.09796950715571603,0.08909911176036106,2.985931035709758,2.1207832143169987,5.4954359456308275,8.009883999089148,10.012922810530693,8.009883999089148,10.012922810530693,0.073,0.002,0.0,1.0,0.0,0.0,0.0,0.0,0.0,0.005506044698762707,0.0050532499444670975,0.008262629935052246,successful_trials_only,True,False
srp_paired_full,harmonic_stress,evaluation,square,az45_el30,45.0,30.0,0.0,0.0,1024,reference_3,500,1000,3612706052,1459357320,1459357320,reference_3_gcc_wls,not_applicable,True,1000,0,1.0,-0.0015707825728723667,0.07502898447385813,0.09371149426472926,2.9537021760858235,2.2833239685053326,5.123161388596391,6.526605480167795,9.961077331472152,6.526605480167795,9.961077331472152,0.056,0.001,0.0,1.0,0.0,0.0,0.0,0.0,0.0,0.0022360442995559425,0.002203350013587624,0.002454175049206242,successful_trials_only,False,False
srp_paired_full,harmonic_stress,evaluation,square,az45_el30,45.0,30.0,0.0,0.0,1024,all_6,500,1000,3612706052,1459357320,1459357320,all_6_equal_gcc_wls,not_applicable,True,1000,0,1.0,-0.001465549534408368,0.11655784575461693,0.12109137449564678,2.169538049652825,1.6599184661978206,4.009750165922132,5.050943986837163,7.2159685361034045,5.050943986837163,7.2159685361034045,0.012,0.0,0.0,1.0,0.0,0.0,0.0,0.0,0.0,0.002242193696089089,0.0022104999516159296,0.0024636600166559218,successful_trials_only,False,False
srp_paired_full,harmonic_stress,evaluation,square,az45_el30,45.0,30.0,0.0,0.0,1024,all_6,500,1000,3612706052,1459357320,1459357320,all_6_calibrated_gcc_wls,not_applicable,True,989,11,0.989,-0.006215238240290913,-0.023168086565497733,0.018136122366110674,2.311635955463278,1.7221413878888068,4.1110067496292615,5.575465021490082,11.960016912136448,5.575465021490082,11.960016912136448,0.022244691607684528,0.0020222446916076846,0.0,0.989,0.01100000000000001,0.0,0.0,0.011,0.0,0.0025093190962215887,0.0024926000041887164,0.0027263449272140862,successful_trials_only,False,False
srp_paired_full,harmonic_stress,evaluation,square,az45_el30,45.0,30.0,0.0,0.0,1024,all_6,500,1000,3612706052,1459357320,1459357320,equal_weight_srp_phat,gcc_correlation_interpolated,True,1000,0,1.0,0.01173641708625116,0.07656346587358845,0.08152948161573641,2.139036388256916,1.6510426104739016,3.934566175926368,4.971391103711111,6.3708904940139615,4.971391103711111,6.3708904940139615,0.009,0.0,0.0,1.0,0.0,0.0,0.0,0.0,0.0,0.0051158859952120115,0.004951350041665137,0.006616650079376995,successful_trials_only,True,False
srp_paired_full,harmonic_stress,evaluation,square,az45_el30,45.0,30.0,2.0,2.0,1024,reference_3,500,1000,1956283004,3932867133,3932867133,reference_3_gcc_wls,not_applicable,True,1000,0,1.0,0.06220853262513021,0.06398021143233724,0.09111441426705641,2.1897783499628884,1.7590671241313498,3.7890728788933656,5.386708847600914,6.722734636660879,5.386708847600914,6.722734636660879,0.016,0.001,0.0,1.0,0.0,0.0,0.0,0.0,0.0,0.0022345394999720154,0.0022058000322431326,0.0024448799958918244,successful_trials_only,False,False
srp_paired_full,harmonic_stress,evaluation,square,az45_el30,45.0,30.0,2.0,2.0,1024,all_6,500,1000,1956283004,3932867133,3932867133,all_6_equal_gcc_wls,not_applicable,True,1000,0,1.0,0.051958570441059594,0.11219666275543937,0.12372230634430548,1.704733211284264,1.2829730717868488,3.093592727678175,4.087024099178658,5.909193720269457,4.087024099178658,5.909193720269457,0.004,0.0,0.0,1.0,0.0,0.0,0.0,0.0,0.0,0.002239060399821028,0.002211950079072267,0.0024443849863018834,successful_trials_only,False,False
srp_paired_full,harmonic_stress,evaluation,square,az45_el30,45.0,30.0,2.0,2.0,1024,all_6,500,1000,1956283004,3932867133,3932867133,all_6_calibrated_gcc_wls,not_applicable,True,996,4,0.996,0.1594990456342744,-0.0013142247069059681,0.13864777535636383,1.7179096124974984,1.333662483586044,3.141239356143884,4.0200295964112716,5.73213231966785,4.0200295964112716,5.73213231966785,0.004016064257028112,0.0,0.0,0.996,0.0040000000000000036,0.0,0.0,0.004,0.0,0.002517562499968335,0.0024933000677265227,0.002732914971420541,successful_trials_only,False,False
srp_paired_full,harmonic_stress,evaluation,square,az45_el30,45.0,30.0,2.0,2.0,1024,all_6,500,1000,1956283004,3932867133,3932867133,equal_weight_srp_phat,gcc_correlation_interpolated,True,1000,0,1.0,0.0640994295262361,0.14355085807782317,0.15660000321930692,1.6460522449551525,1.2741624613531128,2.93814150898498,3.9203111674891282,5.339097316541503,3.9203111674891282,5.339097316541503,0.002,0.0,0.0,1.0,0.0,0.0,0.0,0.0,0.0,0.005137508900137618,0.004896000085864216,0.00697998505202122,successful_trials_only,True,False
srp_paired_full,harmonic_stress,evaluation,square,az45_el30,45.0,30.0,5.0,5.0,1024,reference_3,500,1000,2540818272,2037626170,2037626170,reference_3_gcc_wls,not_applicable,True,1000,0,1.0,0.0015404542333462487,0.0736686887463833,0.0784996676849961,1.6120818734747793,1.3214519048362467,2.8079382508306163,3.6436952864523855,4.294590604930478,3.6436952864523855,4.294590604930478,0.0,0.0,0.0,1.0,0.0,0.0,0.0,0.0,0.0,0.002236355796805583,0.0022071499843150377,0.002428794984007254,successful_trials_only,False,False
srp_paired_full,harmonic_stress,evaluation,square,az45_el30,45.0,30.0,5.0,5.0,1024,all_6,500,1000,2540818272,2037626170,2037626170,all_6_equal_gcc_wls,not_applicable,True,1000,0,1.0,-0.004498057192302725,0.11980839733326835,0.12120983530290279,1.2132706245954035,0.906491026303359,2.234318496399623,3.025069375176385,3.5163782278251623,3.025069375176385,3.5163782278251623,0.0,0.0,0.0,1.0,0.0,0.0,0.0,0.0,0.0,0.0022421622981783004,0.0022125999676063657,0.002433475019643083,successful_trials_only,False,False
srp_paired_full,harmonic_stress,evaluation,square,az45_el30,45.0,30.0,5.0,5.0,1024,all_6,500,1000,2540818272,2037626170,2037626170,all_6_calibrated_gcc_wls,not_applicable,True,997,3,0.997,0.00042556613458268825,-0.031627757621707685,0.030144720856503732,1.2586797026171739,0.9407836959334914,2.262205809506577,2.955168547814635,3.9788160758310327,2.955168547814635,3.9788160758310327,0.0010030090270812437,0.0,0.0,0.997,0.0030000000000000027,0.0,0.0,0.003,0.0,0.0025258283965522424,0.0024981499882414937,0.0027361101005226366,successful_trials_only,False,False
srp_paired_full,harmonic_stress,evaluation,square,az45_el30,45.0,30.0,5.0,5.0,1024,all_6,500,1000,2540818272,2037626170,2037626170,equal_weight_srp_phat,gcc_correlation_interpolated,True,1000,0,1.0,-0.004672171769160739,0.1251350663690227,0.12652426437379402,1.2119358364401678,0.9245430025107614,2.230586867082325,2.93036659132471,3.7400465037741455,2.93036659132471,3.7400465037741455,0.0,0.0,0.0,1.0,0.0,0.0,0.0,0.0,0.0,0.005041631097905338,0.004868749936576933,0.0065066499460954205,successful_trials_only,True,False
srp_paired_full,harmonic_stress,evaluation,square,az45_el30,45.0,30.0,10.0,10.0,1024,reference_3,500,1000,1775564037,2259990050,2259990050,reference_3_gcc_wls,not_applicable,True,1000,0,1.0,0.037809002927954596,0.16156234049413856,0.16674005386017698,1.0189681420613286,0.8746456810441338,1.761710283276352,2.068079105228854,2.671612753188349,2.068079105228854,2.671612753188349,0.0,0.0,0.0,1.0,0.0,0.0,0.0,0.0,0.0,0.002588605698896572,0.002448500075843185,0.0031565098324790597,successful_trials_only,False,False
srp_paired_full,harmonic_stress,evaluation,square,az45_el30,45.0,30.0,10.0,10.0,1024,all_6,500,1000,1775564037,2259990050,2259990050,all_6_equal_gcc_wls,not_applicable,True,1000,0,1.0,0.008410480286471237,0.17195498044155816,0.17267214711700757,0.8016266760822632,0.6182603436402404,1.4595686132603365,1.9369585106277911,2.2382119321690825,1.9369585106277911,2.2382119321690825,0.0,0.0,0.0,1.0,0.0,0.0,0.0,0.0,0.0,0.0025933248969959096,0.0024506999761797488,0.003182795020984486,successful_trials_only,False,False
srp_paired_full,harmonic_stress,evaluation,square,az45_el30,45.0,30.0,10.0,10.0,1024,all_6,500,1000,1775564037,2259990050,2259990050,all_6_calibrated_gcc_wls,not_applicable,True,996,4,0.996,-0.0033106153332041126,-0.010078455488771475,0.009894544505309305,0.8409089090549933,0.6414119677599112,1.5555491414437215,2.131779910324044,2.807448660568432,2.131779910324044,2.807448660568432,0.0,0.0,0.0,0.996,0.0040000000000000036,0.0,0.0,0.004,0.0,0.0029819466958288104,0.0028376500122249126,0.0037196900288108737,successful_trials_only,False,False
srp_paired_full,harmonic_stress,evaluation,square,az45_el30,45.0,30.0,10.0,10.0,1024,all_6,500,1000,1775564037,2259990050,2259990050,equal_weight_srp_phat,gcc_correlation_interpolated,True,1000,0,1.0,0.010261655817906407,0.1739594278963289,0.17475705119067164,0.8077664671600793,0.6281082791009273,1.4715194578538937,1.9296278992429075,2.1767459715026676,1.9296278992429075,2.1767459715026676,0.0,0.0,0.0,1.0,0.0,0.0,0.0,0.0,0.0,0.005088719395454973,0.0048614999977871776,0.006784149963641539,successful_trials_only,True,False
srp_paired_full,harmonic_stress,evaluation,square,az45_el30,45.0,30.0,20.0,20.0,1024,reference_3,500,1000,53088747,1810674443,1810674443,reference_3_gcc_wls,not_applicable,True,1000,0,1.0,0.006950036325214301,0.34212104369587754,0.3426679250547538,0.7057673017266032,0.5592507776199069,1.3018780882393515,1.6566039177741847,2.0009762996457403,1.6566039177741847,2.0009762996457403,0.0,0.0,0.0,1.0,0.0,0.0,0.0,0.0,0.0,0.0031209389999276027,0.00309189991094172,0.004257304931525141,successful_trials_only,False,False
srp_paired_full,harmonic_stress,evaluation,square,az45_el30,45.0,30.0,20.0,20.0,1024,all_6,500,1000,53088747,1810674443,1810674443,all_6_equal_gcc_wls,not_applicable,True,1000,0,1.0,-0.0014012985969323111,0.42830626181146225,0.42842973251298794,0.6725306129270345,0.49304201764913125,1.257208143473746,1.6376717593620576,2.0325999051977117,1.6376717593620576,2.0325999051977117,0.0,0.0,0.0,1.0,0.0,0.0,0.0,0.0,0.0,0.0031271708010463042,0.003119650005828589,0.004255084920441732,successful_trials_only,False,False
srp_paired_full,harmonic_stress,evaluation,square,az45_el30,45.0,30.0,20.0,20.0,1024,all_6,500,1000,53088747,1810674443,1810674443,all_6_calibrated_gcc_wls,not_applicable,True,994,6,0.994,0.0007940203009106262,0.05741911509469119,0.057531162151815605,0.5281850436003379,0.37110255269768916,0.983603813367362,1.3646497883078996,1.8678135963206943,1.3646497883078996,1.8678135963206943,0.0,0.0,0.0,0.994,0.006000000000000005,0.0,0.0,0.006,0.0,0.003539956301334314,0.0035175500088371336,0.00474583992618136,successful_trials_only,False,False
srp_paired_full,harmonic_stress,evaluation,square,az45_el30,45.0,30.0,20.0,20.0,1024,all_6,500,1000,53088747,1810674443,1810674443,equal_weight_srp_phat,gcc_correlation_interpolated,True,1000,0,1.0,-0.0012904137989529193,0.45209687701471607,0.4522196641979222,0.6975117219333341,0.506428473945669,1.3007392224653123,1.701418649013645,2.1253118500209367,1.701418649013645,2.1253118500209367,0.0,0.0,0.0,1.0,0.0,0.0,0.0,0.0,0.0,0.00696547750022728,0.00665420014411211,0.009999275091104206,successful_trials_only,True,False
srp_paired_full,harmonic_stress,evaluation,square,az45_el30,45.0,30.0,30.0,30.0,1024,reference_3,500,1000,1123356311,3826561652,3826561652,reference_3_gcc_wls,not_applicable,True,1000,0,1.0,-0.0008621021793412127,0.7431508970570377,0.7433175810150479,1.0212709447902264,0.7961784652957005,1.8352313151922777,2.281467663565539,2.7135168101226763,2.281467663565539,2.7135168101226763,0.0,0.0,0.0,1.0,0.0,0.0,0.0,0.0,0.0,0.0030524039989104496,0.0030150500242598355,0.004212479939451441,successful_trials_only,False,False
srp_paired_full,harmonic_stress,evaluation,square,az45_el30,45.0,30.0,30.0,30.0,1024,all_6,500,1000,1123356311,3826561652,3826561652,all_6_equal_gcc_wls,not_applicable,True,1000,0,1.0,-0.0001874990471967569,0.9287777758915844,0.9288103901943972,1.1639596300447104,0.9286651498642415,2.097533490711679,2.545929813296441,2.805127001191207,2.545929813296441,2.805127001191207,0.0,0.0,0.0,1.0,0.0,0.0,0.0,0.0,0.0,0.0030628981014015153,0.0029969000024721026,0.004203690000576898,successful_trials_only,False,False
srp_paired_full,harmonic_stress,evaluation,square,az45_el30,45.0,30.0,30.0,30.0,1024,all_6,500,1000,1123356311,3826561652,3826561652,all_6_calibrated_gcc_wls,not_applicable,True,983,17,0.983,0.0035217259764644348,0.011292525367509958,0.0117382989669917,0.6489338243914475,0.3781921789257817,1.277535422851292,2.1239636204297074,3.4279614712579574,2.1239636204297074,3.4279614712579574,0.0,0.0,0.0,0.983,0.017000000000000015,0.0,0.0,0.017,0.0,0.0035027317982167004,0.003454949939623475,0.004770065104821696,successful_trials_only,False,False
srp_paired_full,harmonic_stress,evaluation,square,az45_el30,45.0,30.0,30.0,30.0,1024,all_6,500,1000,1123356311,3826561652,3826561652,equal_weight_srp_phat,gcc_correlation_interpolated,True,1000,0,1.0,-0.0006655396222254777,0.9899278543700363,0.9899551662017734,1.2552035685318421,0.9677279996012482,2.315960320827397,2.7944213779049463,3.242422574466689,2.7944213779049463,3.242422574466689,0.0,0.0,0.0,1.0,0.0,0.0,0.0,0.0,0.0,0.006836300699855201,0.00635610002791509,0.010006235045148058,successful_trials_only,True,False
srp_paired_full,deterministic_multisine,evaluation,square,az120_el50,120.0,50.0,-10.0,-10.0,1024,reference_3,500,1000,1001247528,3110510021,3110510021,reference_3_gcc_wls,not_applicable,True,1000,0,1.0,4.8260218931076775,-0.569689021129358,4.1720180798893525,26.214525862763402,5.611269243515676,59.84569039161471,76.41044972555233,124.60450923311036,76.41044972555233,124.60450923311036,0.523,0.406,0.215,1.0,0.0,0.0,0.038,0.0,0.215,0.0030974636999890207,0.0030303499661386013,0.004280845000175759,successful_trials_only,False,False
srp_paired_full,deterministic_multisine,evaluation,square,az120_el50,120.0,50.0,-10.0,-10.0,1024,all_6,500,1000,1001247528,3110510021,3110510021,all_6_equal_gcc_wls,not_applicable,True,1000,0,1.0,-4.467670403770921,4.205002154330064,6.762917742233928,19.505363379515188,9.202803390309969,43.32410072769647,59.14824821593252,66.71930215443322,59.14824821593252,66.71930215443322,0.635,0.472,0.124,1.0,0.0,0.0,0.038,0.0,0.124,0.0030574478039052336,0.003009050036780536,0.004242210049415007,successful_trials_only,False,False
srp_paired_full,deterministic_multisine,evaluation,square,az120_el50,120.0,50.0,-10.0,-10.0,1024,all_6,500,1000,1001247528,3110510021,3110510021,all_6_calibrated_gcc_wls,not_applicable,True,974,26,0.974,0.6960062396906267,-7.20273365559787,6.386153290133063,17.3004931046866,11.251188833500358,34.42961237902384,51.261360057328446,61.36323139648611,51.261360057328446,61.36323139648611,0.9363449691991786,0.6293634496919918,0.07494866529774127,0.974,0.026000000000000023,0.0,0.038,0.026,0.07494866529774127,0.00340895840106532,0.0034099500044249,0.0047288949193898585,successful_trials_only,False,False
srp_paired_full,deterministic_multisine,evaluation,square,az120_el50,120.0,50.0,-10.0,-10.0,1024,all_6,500,1000,1001247528,3110510021,3110510021,equal_weight_srp_phat,gcc_correlation_interpolated,True,1000,0,1.0,-0.24931634592604898,0.12063046048021242,0.30112682405969815,5.117924358021739,1.9358754520931298,5.508448119872913,9.444984415915396,67.41830120711921,9.444984415915396,67.41830120711921,0.064,0.01,0.005,1.0,0.0,0.0,0.002,0.0,0.005,0.00651342900050804,0.005969949997961521,0.009046274959109722,successful_trials_only,True,False
srp_paired_full,deterministic_multisine,evaluation,square,az120_el50,120.0,50.0,-8.0,-8.0,1024,reference_3,500,1000,704253683,649316147,649316147,reference_3_gcc_wls,not_applicable,True,1000,0,1.0,2.052366999641868,0.08864661002077165,1.1809106636365534,13.190711833416367,2.2546347538264175,34.5485697663493,59.02992537230035,85.63303274101648,59.02992537230035,85.63303274101648,0.2,0.123,0.059,1.0,0.0,0.0,0.005,0.0,0.059,0.003120900294976309,0.0030749000143259764,0.004200799961108713,successful_trials_only,False,False
srp_paired_full,deterministic_multisine,evaluation,square,az120_el50,120.0,50.0,-8.0,-8.0,1024,all_6,500,1000,704253683,649316147,649316147,all_6_equal_gcc_wls,not_applicable,True,1000,0,1.0,-2.4101929933181814,1.691108945356271,2.3617581636357516,10.980482984828186,1.7960979605313923,27.491022585985718,45.98752105834613,52.30385367918762,45.98752105834613,52.30385367918762,0.246,0.166,0.042,1.0,0.0,0.0,0.005,0.0,0.042,0.0030673614986008032,0.003025400044862181,0.00413531482918188,successful_trials_only,False,False
srp_paired_full,deterministic_multisine,evaluation,square,az120_el50,120.0,50.0,-8.0,-8.0,1024,all_6,500,1000,704253683,649316147,649316147,all_6_calibrated_gcc_wls,not_applicable,True,983,17,0.983,0.409654170440653,-2.065324308851642,1.8106938513634108,7.0713140263296115,2.72244844787711,11.584880837624818,31.47803214537757,61.375480717498114,31.47803214537757,61.375480717498114,0.1617497456765005,0.06002034587995931,0.012207527975584944,0.983,0.017000000000000015,0.0,0.005,0.017,0.012207527975584944,0.003441937197232619,0.0034035000135190785,0.004633540112990885,successful_trials_only,False,False
srp_paired_full,deterministic_multisine,evaluation,square,az120_el50,120.0,50.0,-8.0,-8.0,1024,all_6,500,1000,704253683,649316147,649316147,equal_weight_srp_phat,gcc_correlation_interpolated,True,1000,0,1.0,0.053080655249951245,0.13335030733973932,0.14870959385644647,1.7526115255977415,1.3298822482523598,3.0737107379371946,4.317527061684102,10.673494594808385,4.317527061684102,10.673494594808385,0.004,0.002,0.0,1.0,0.0,0.0,0.0,0.0,0.0,0.006428435895475559,0.006006549927406013,0.008923329936806109,successful_trials_only,True,False
srp_paired_full,deterministic_multisine,evaluation,square,az120_el50,120.0,50.0,-6.0,-6.0,1024,reference_3,500,1000,679307534,3961413840,3961413840,reference_3_gcc_wls,not_applicable,True,1000,0,1.0,0.4082368109697642,0.2681075480676285,0.3897044943773847,5.156126763506093,1.4305490235271656,4.216901702690674,16.249533594012693,61.07544388354656,16.249533594012693,61.07544388354656,0.034,0.017,0.008,1.0,0.0,0.0,0.0,0.0,0.008,0.0031324419979937373,0.003126800002064556,0.004270615032874047,successful_trials_only,False,False
srp_paired_full,deterministic_multisine,evaluation,square,az120_el50,120.0,50.0,-6.0,-6.0,1024,all_6,500,1000,679307534,3961413840,3961413840,all_6_equal_gcc_wls,not_applicable,True,1000,0,1.0,-0.29263098094048234,0.4332948998865123,0.48337419667547754,3.2102428930193208,0.9969271196299591,3.09626394118951,11.405795720955947,41.00029607268295,11.405795720955947,41.00029607268295,0.03,0.016,0.002,1.0,0.0,0.0,0.0,0.0,0.002,0.0030696904960786924,0.0030422499985434115,0.004200720076914876,successful_trials_only,False,False
srp_paired_full,deterministic_multisine,evaluation,square,az120_el50,120.0,50.0,-6.0,-6.0,1024,all_6,500,1000,679307534,3961413840,3961413840,all_6_calibrated_gcc_wls,not_applicable,True,992,8,0.992,-0.02042967556572121,-0.2140155115616491,0.20678134369970905,1.6421140148975895,1.2073116922861795,3.0771460412951206,4.279477758380054,6.782800373624829,4.279477758380054,6.782800373624829,0.004032258064516129,0.0,0.0,0.992,0.008000000000000007,0.0,0.0,0.008,0.0,0.003497928896686062,0.003532949951477349,0.004717440053354948,successful_trials_only,False,False
srp_paired_full,deterministic_multisine,evaluation,square,az120_el50,120.0,50.0,-6.0,-6.0,1024,all_6,500,1000,679307534,3961413840,3961413840,equal_weight_srp_phat,gcc_correlation_interpolated,True,1000,0,1.0,-0.006675949131247679,0.22755239296721963,0.23254558303158168,1.1795813074584869,0.9140427177356503,2.0990549547556396,2.7506533156146187,3.253442747045101,2.7506533156146187,3.253442747045101,0.0,0.0,0.0,1.0,0.0,0.0,0.0,0.0,0.0,0.0062097245960030705,0.0057135000242851675,0.008595759893069042,successful_trials_only,True,False
srp_paired_full,deterministic_multisine,evaluation,square,az120_el50,120.0,50.0,-4.0,-4.0,1024,reference_3,500,1000,3872369406,4098718107,4098718107,reference_3_gcc_wls,not_applicable,True,1000,0,1.0,0.0022533325448695317,0.2168328929494118,0.22031566437335715,1.329108508706333,0.9944422186368378,2.38396887809758,3.324844241931749,4.024537553681079,3.324844241931749,4.024537553681079,0.001,0.0,0.0,1.0,0.0,0.0,0.0,0.0,0.0,0.0030117807997157796,0.0029369000694714487,0.004066989885177463,successful_trials_only,False,False
srp_paired_full,deterministic_multisine,evaluation,square,az120_el50,120.0,50.0,-4.0,-4.0,1024,all_6,500,1000,3872369406,4098718107,4098718107,all_6_equal_gcc_wls,not_applicable,True,1000,0,1.0,-0.07107906152575687,0.16567898485119315,0.17436961404773652,0.908529646847123,0.7272594045672204,1.572208950358744,2.0932199957668614,2.5691862770683978,2.0932199957668614,2.5691862770683978,0.0,0.0,0.0,1.0,0.0,0.0,0.0,0.0,0.0,0.002958087801001966,0.0028574999305419624,0.0040240550180897115,successful_trials_only,False,False
srp_paired_full,deterministic_multisine,evaluation,square,az120_el50,120.0,50.0,-4.0,-4.0,1024,all_6,500,1000,3872369406,4098718107,4098718107,all_6_calibrated_gcc_wls,not_applicable,True,992,8,0.992,-0.029834354303817333,-0.11376941677889321,0.11185447460911176,0.9868040672311678,0.770967405667026,1.7414049245479937,2.4997503629366524,2.8698317981963055,2.4997503629366524,2.8698317981963055,0.0,0.0,0.0,0.992,0.008000000000000007,0.0,0.0,0.008,0.0,0.003344021599623375,0.0032685499754734337,0.004459635075181722,successful_trials_only,False,False
srp_paired_full,deterministic_multisine,evaluation,square,az120_el50,120.0,50.0,-4.0,-4.0,1024,all_6,500,1000,3872369406,4098718107,4098718107,equal_weight_srp_phat,gcc_correlation_interpolated,True,1000,0,1.0,-0.06075740835115445,0.14885088721164233,0.15627828488528622,0.8780641800671537,0.7024758651381346,1.5093019609267921,2.109507392703173,2.5702055249498015,2.109507392703173,2.5702055249498015,0.0,0.0,0.0,1.0,0.0,0.0,0.0,0.0,0.0,0.006149555700016208,0.0057125999592244625,0.008735170029103755,successful_trials_only,True,False
srp_paired_full,deterministic_multisine,evaluation,square,az120_el50,120.0,50.0,-2.0,-2.0,1024,reference_3,500,1000,1523307938,2150649130,2150649130,reference_3_gcc_wls,not_applicable,True,1000,0,1.0,0.010691368556030688,0.22069455603719654,0.22279771978848897,1.0267883144969183,0.7880969170621552,1.8833320994735243,2.5818041162370444,3.472348581990254,2.5818041162370444,3.472348581990254,0.0,0.0,0.0,1.0,0.0,0.0,0.0,0.0,0.0,0.0029297330981353296,0.0027643999783322215,0.003923314955318346,successful_trials_only,False,False
srp_paired_full,deterministic_multisine,evaluation,square,az120_el50,120.0,50.0,-2.0,-2.0,1024,all_6,500,1000,1523307938,2150649130,2150649130,all_6_equal_gcc_wls,not_applicable,True,1000,0,1.0,-0.05761898132345914,0.18321847211479136,0.18838085941725738,0.6679947261625123,0.5525326551404812,1.1370397802519872,1.5482813642832867,1.7962546249517763,1.5482813642832867,1.7962546249517763,0.0,0.0,0.0,1.0,0.0,0.0,0.0,0.0,0.0,0.002884934097877704,0.002697250049095601,0.003840895014582201,successful_trials_only,False,False
srp_paired_full,deterministic_multisine,evaluation,square,az120_el50,120.0,50.0,-2.0,-2.0,1024,all_6,500,1000,1523307938,2150649130,2150649130,all_6_calibrated_gcc_wls,not_applicable,True,996,4,0.996,0.005107342874113833,-0.002463313086579132,0.003762032257180873,0.6677025948409285,0.5519351307926659,1.1735860584112716,1.6075285210664887,1.8602400975283837,1.6075285210664887,1.8602400975283837,0.0,0.0,0.0,0.996,0.0040000000000000036,0.0,0.0,0.004,0.0,0.003240001797908917,0.0030841499683447182,0.004320034943521022,successful_trials_only,False,False
srp_paired_full,deterministic_multisine,evaluation,square,az120_el50,120.0,50.0,-2.0,-2.0,1024,all_6,500,1000,1523307938,2150649130,2150649130,equal_weight_srp_phat,gcc_correlation_interpolated,True,1000,0,1.0,-0.056703160949274516,0.1686779512669993,0.17396412202221917,0.6569704423690761,0.5277517917228444,1.1269833193436938,1.50182572874579,1.7369988495430497,1.50182572874579,1.7369988495430497,0.0,0.0,0.0,1.0,0.0,0.0,0.0,0.0,0.0,0.006226942796492949,0.00571149995084852,0.008984944969415664,successful_trials_only,True,False
srp_paired_full,deterministic_multisine,evaluation,square,az120_el50,120.0,50.0,0.0,0.0,1024,reference_3,500,1000,3692390404,311841759,311841759,reference_3_gcc_wls,not_applicable,True,1000,0,1.0,0.02724607416758468,0.28873997133782636,0.29062008487551194,0.8349244995578574,0.6301756381810157,1.5442127775114958,1.9827505045425875,2.5822804826908943,1.9827505045425875,2.5822804826908943,0.0,0.0,0.0,1.0,0.0,0.0,0.0,0.0,0.0,0.0030054432987235485,0.002936100005172193,0.004042479931376874,successful_trials_only,False,False
srp_paired_full,deterministic_multisine,evaluation,square,az120_el50,120.0,50.0,0.0,0.0,1024,all_6,500,1000,3692390404,311841759,311841759,all_6_equal_gcc_wls,not_applicable,True,1000,0,1.0,-0.06464605071593793,0.2520163632778982,0.25640279900456237,0.599207828357709,0.4813214826030143,1.048987331785632,1.3980384029554473,1.918803352936387,1.3980384029554473,1.918803352936387,0.0,0.0,0.0,1.0,0.0,0.0,0.0,0.0,0.0,0.0029487382976803927,0.0028858999721705914,0.003970819956157356,successful_trials_only,False,False
srp_paired_full,deterministic_multisine,evaluation,square,az120_el50,120.0,50.0,0.0,0.0,1024,all_6,500,1000,3692390404,311841759,311841759,all_6_calibrated_gcc_wls,not_applicable,True,996,4,0.996,0.014948679506801003,0.0020248509493065495,0.010238017356773483,0.5518483810141612,0.4536140542514838,0.9736715898091486,1.3436666545454616,1.5883473198727254,1.3436666545454616,1.5883473198727254,0.0,0.0,0.0,0.996,0.0040000000000000036,0.0,0.0,0.004,0.0,0.003328955897828564,0.003232700051739812,0.00455914512858726,successful_trials_only,False,False
srp_paired_full,deterministic_multisine,evaluation,square,az120_el50,120.0,50.0,0.0,0.0,1024,all_6,500,1000,3692390404,311841759,311841759,equal_weight_srp_phat,gcc_correlation_interpolated,True,1000,0,1.0,-0.05779216315330426,0.23317139000530804,0.2370833865687097,0.5824754438774731,0.47381934513209406,1.0154299590274913,1.347002694142987,1.8507476805597947,1.347002694142987,1.8507476805597947,0.0,0.0,0.0,1.0,0.0,0.0,0.0,0.0,0.0,0.006190815698006191,0.00569035008084029,0.008665770082734524,successful_trials_only,True,False
srp_paired_full,deterministic_multisine,evaluation,square,az120_el50,120.0,50.0,2.0,2.0,1024,reference_3,500,1000,234376169,4112086722,4112086722,reference_3_gcc_wls,not_applicable,True,1000,0,1.0,0.022741736913447167,0.29235889297520096,0.2934955757396251,0.7212623829823449,0.5325729947286487,1.369956807265718,1.6811485851191157,2.0527576754269528,1.6811485851191157,2.0527576754269528,0.0,0.0,0.0,1.0,0.0,0.0,0.0,0.0,0.0,0.0030767103049438448,0.0030363499536179006,0.004295444890158251,successful_trials_only,False,False
srp_paired_full,deterministic_multisine,evaluation,square,az120_el50,120.0,50.0,2.0,2.0,1024,all_6,500,1000,234376169,4112086722,4112086722,all_6_equal_gcc_wls,not_applicable,True,1000,0,1.0,-0.07464583082624525,0.26906130853646626,0.2738782661010737,0.521958075819424,0.426751228332932,0.9090650656946307,1.163341978488885,1.482039152927736,1.163341978488885,1.482039152927736,0.0,0.0,0.0,1.0,0.0,0.0,0.0,0.0,0.0,0.003032411500462331,0.0029973500058986247,0.00423182497615926,successful_trials_only,False,False
srp_paired_full,deterministic_multisine,evaluation,square,az120_el50,120.0,50.0,2.0,2.0,1024,all_6,500,1000,234376169,4112086722,4112086722,all_6_calibrated_gcc_wls,not_applicable,True,993,7,0.993,0.04070035214430081,-0.00849965330280427,0.02752650374884734,0.4561796004364316,0.3660065104205147,0.824312781714045,1.0123111942191076,1.1420993386250733,1.0123111942191076,1.1420993386250733,0.0,0.0,0.0,0.993,0.007000000000000006,0.0,0.0,0.007,0.0,0.0034199299026513473,0.003389800025615841,0.0047195249702781435,successful_trials_only,False,False
srp_paired_full,deterministic_multisine,evaluation,square,az120_el50,120.0,50.0,2.0,2.0,1024,all_6,500,1000,234376169,4112086722,4112086722,equal_weight_srp_phat,gcc_correlation_interpolated,True,1000,0,1.0,-0.0673739395373819,0.24843998873769702,0.25274122492762163,0.5032155827784448,0.4106396028944909,0.9021423062697412,1.1500165910720728,1.3340846740249794,1.1500165910720728,1.3340846740249794,0.0,0.0,0.0,1.0,0.0,0.0,0.0,0.0,0.0,0.006175537001225166,0.00566205003997311,0.008869624906219542,successful_trials_only,True,False
srp_paired_full,deterministic_multisine,evaluation,square,az120_el50,120.0,50.0,5.0,5.0,1024,reference_3,500,1000,1621876244,753590299,753590299,reference_3_gcc_wls,not_applicable,True,1000,0,1.0,0.03555819700592514,0.37940687496549597,0.3804884584130266,0.6247468485845786,0.4576329043704202,1.1665869390889294,1.5070411065721252,1.7539722300137657,1.5070411065721252,1.7539722300137657,0.0,0.0,0.0,1.0,0.0,0.0,0.0,0.0,0.0,0.0030954673992237077,0.003083699964918196,0.00411946004605852,successful_trials_only,False,False
srp_paired_full,deterministic_multisine,evaluation,square,az120_el50,120.0,50.0,5.0,5.0,1024,all_6,500,1000,1621876244,753590299,753590299,all_6_equal_gcc_wls,not_applicable,True,1000,0,1.0,-0.10592084897235075,0.3547905980413623,0.36151390431450087,0.49176637470601336,0.41501406671367513,0.8381991246996083,1.0234494799445668,1.1199446485718834,1.0234494799445668,1.1199446485718834,0.0,0.0,0.0,1.0,0.0,0.0,0.0,0.0,0.0,0.0030405561010120436,0.0030131000094115734,0.004042345046764239,successful_trials_only,False,False
srp_paired_full,deterministic_multisine,evaluation,square,az120_el50,120.0,50.0,5.0,5.0,1024,all_6,500,1000,1621876244,753590299,753590299,all_6_calibrated_gcc_wls,not_applicable,True,995,5,0.995,0.037425020600119256,-0.001912775253974547,0.024231342759722347,0.3347278695632363,0.26888407330271896,0.5947609767330133,0.7030429513644493,1.0755499455582325,0.7030429513644493,1.0755499455582325,0.0,0.0,0.0,0.995,0.0050000000000000044,0.0,0.0,0.005,0.0,0.003446630702354014,0.0034445500350557268,0.004558245011139661,successful_trials_only,False,False
srp_paired_full,deterministic_multisine,evaluation,square,az120_el50,120.0,50.0,5.0,5.0,1024,all_6,500,1000,1621876244,753590299,753590299,equal_weight_srp_phat,gcc_correlation_interpolated,True,1000,0,1.0,-0.09552117064571768,0.31620566412252493,0.3223557813794857,0.4556384980402039,0.381294246872077,0.7976330423572218,0.9433454045513595,1.013706996750308,0.9433454045513595,1.013706996750308,0.0,0.0,0.0,1.0,0.0,0.0,0.0,0.0,0.0,0.006245116801583208,0.005742600013036281,0.008978765126084908,successful_trials_only,True,False
srp_paired_full,deterministic_multisine,evaluation,square,az120_el50,120.0,50.0,10.0,10.0,1024,reference_3,500,1000,2333029266,1966889473,1966889473,reference_3_gcc_wls,not_applicable,True,1000,0,1.0,0.06071193754262012,0.5630039827149417,0.5644946538388206,0.6537686327287043,0.5777617009951751,1.0898614766034957,1.2446814503347177,1.5438414430543574,1.2446814503347177,1.5438414430543574,0.0,0.0,0.0,1.0,0.0,0.0,0.0,0.0,0.0,0.0030716397024225443,0.002979750046506524,0.0042162199679296455,successful_trials_only,False,False
srp_paired_full,deterministic_multisine,evaluation,square,az120_el50,120.0,50.0,10.0,10.0,1024,all_6,500,1000,2333029266,1966889473,1966889473,all_6_equal_gcc_wls,not_applicable,True,1000,0,1.0,-0.14693534729889354,0.5149272791084143,0.5235374192245215,0.5717885796238649,0.5357516389732572,0.8707304313923221,0.9830206643107079,1.0862686384374627,0.9830206643107079,1.0862686384374627,0.0,0.0,0.0,1.0,0.0,0.0,0.0,0.0,0.0,0.0030141763999126854,0.002916799974627793,0.004118844930781051,successful_trials_only,False,False
srp_paired_full,deterministic_multisine,evaluation,square,az120_el50,120.0,50.0,10.0,10.0,1024,all_6,500,1000,2333029266,1966889473,1966889473,all_6_calibrated_gcc_wls,not_applicable,True,992,8,0.992,0.01467600710036973,-0.0029388536562001736,0.00990381946306695,0.20922083456077054,0.16460453959055973,0.3644396020246318,0.4946907458735032,0.7514846105022804,0.4946907458735032,0.7514846105022804,0.0,0.0,0.0,0.992,0.008000000000000007,0.0,0.0,0.008,0.0,0.0034154798021772876,0.0033521000295877457,0.004593485040822997,successful_trials_only,False,False
srp_paired_full,deterministic_multisine,evaluation,square,az120_el50,120.0,50.0,10.0,10.0,1024,all_6,500,1000,2333029266,1966889473,1966889473,equal_weight_srp_phat,gcc_correlation_interpolated,True,1000,0,1.0,-0.12203838814413263,0.42614405464044275,0.43334886024427655,0.4834507228016694,0.4467282060710838,0.747773647620627,0.8675169607562839,1.00770922643097,0.8675169607562839,1.00770922643097,0.0,0.0,0.0,1.0,0.0,0.0,0.0,0.0,0.0,0.00663000960147474,0.006098549987655133,0.010011054971255361,successful_trials_only,True,False
srp_paired_full,deterministic_multisine,evaluation,square,az120_el50,120.0,50.0,20.0,20.0,1024,reference_3,500,1000,995109646,2289014471,2289014471,reference_3_gcc_wls,not_applicable,True,1000,0,1.0,0.11634982444114898,0.8987918776605733,0.9018731118716279,0.9185234917301549,0.9042864548367308,1.1682598577148067,1.2844520657920475,1.3998042541279934,1.2844520657920475,1.3998042541279934,0.0,0.0,0.0,1.0,0.0,0.0,0.0,0.0,0.0,0.0031388214979087936,0.003082199953496456,0.004288645053748041,successful_trials_only,False,False
srp_paired_full,deterministic_multisine,evaluation,square,az120_el50,120.0,50.0,20.0,20.0,1024,all_6,500,1000,995109646,2289014471,2289014471,all_6_equal_gcc_wls,not_applicable,True,1000,0,1.0,-0.259743124588898,0.8460577364892204,0.8621107922246136,0.8704464314777803,0.8639338001470409,1.0449793607757465,1.1190603375766124,1.1996333944119486,1.1190603375766124,1.1996333944119486,0.0,0.0,0.0,1.0,0.0,0.0,0.0,0.0,0.0,0.0030892169983126223,0.0030249000410549343,0.004192674916703254,successful_trials_only,False,False
srp_paired_full,deterministic_multisine,evaluation,square,az120_el50,120.0,50.0,20.0,20.0,1024,all_6,500,1000,995109646,2289014471,2289014471,all_6_calibrated_gcc_wls,not_applicable,True,994,6,0.994,0.011278029950472035,0.0022001294226757315,0.007598091835297184,0.09706920219928718,0.07414564398202815,0.17809949489765267,0.22263849451456266,0.28387698922796506,0.22263849451456266,0.28387698922796506,0.0,0.0,0.0,0.994,0.006000000000000005,0.0,0.0,0.006,0.0,0.0035279096990125255,0.0034887499641627073,0.004755044996272772,successful_trials_only,False,False
srp_paired_full,deterministic_multisine,evaluation,square,az120_el50,120.0,50.0,20.0,20.0,1024,all_6,500,1000,995109646,2289014471,2289014471,equal_weight_srp_phat,gcc_correlation_interpolated,True,1000,0,1.0,-0.1875039895355289,0.6024229930293554,0.6142326680566834,0.6230574898069233,0.6156358098443979,0.7666064888121683,0.8369620364610092,0.8815001496257047,0.8369620364610092,0.8815001496257047,0.0,0.0,0.0,1.0,0.0,0.0,0.0,0.0,0.0,0.006693676298717037,0.006229349935892969,0.009649700013687833,successful_trials_only,True,False
srp_paired_full,deterministic_multisine,evaluation,square,az120_el50,120.0,50.0,30.0,30.0,1024,reference_3,500,1000,901342166,2068807878,2068807878,reference_3_gcc_wls,not_applicable,True,1000,0,1.0,0.11681804027898944,1.0199951816763622,1.0227040627231527,1.0264677433104419,1.022920855945603,1.1596185749863988,1.214695288453426,1.269882515321071,1.214695288453426,1.269882515321071,0.0,0.0,0.0,1.0,0.0,0.0,0.0,0.0,0.0,0.0031341350961010903,0.0030874499352648854,0.004243739956291392,successful_trials_only,False,False
srp_paired_full,deterministic_multisine,evaluation,square,az120_el50,120.0,50.0,30.0,30.0,1024,all_6,500,1000,901342166,2068807878,2068807878,all_6_equal_gcc_wls,not_applicable,True,1000,0,1.0,-0.3114842995377603,0.9338760552624252,0.9546941352393966,0.9565270643018128,0.9558330212811952,1.045479995902667,1.0718281920942214,1.0918122741121048,1.0718281920942214,1.0918122741121048,0.0,0.0,0.0,1.0,0.0,0.0,0.0,0.0,0.0,0.0030780026973225177,0.003007449966389686,0.0041721750982105735,successful_trials_only,False,False
srp_paired_full,deterministic_multisine,evaluation,square,az120_el50,120.0,50.0,30.0,30.0,1024,all_6,500,1000,901342166,2068807878,2068807878,all_6_calibrated_gcc_wls,not_applicable,True,991,9,0.991,0.009532304155425468,-0.004252451647679112,0.007457563552220527,0.0481911123551256,0.0343202821953445,0.08823409414472284,0.1323747491014115,0.1970387222451019,0.1323747491014115,0.1970387222451019,0.0,0.0,0.0,0.991,0.009000000000000008,0.0,0.0,0.009,0.0,0.003469986893120222,0.003470349998679012,0.004729059926467017,successful_trials_only,False,False
srp_paired_full,deterministic_multisine,evaluation,square,az120_el50,120.0,50.0,30.0,30.0,1024,all_6,500,1000,901342166,2068807878,2068807878,equal_weight_srp_phat,gcc_correlation_interpolated,True,1000,0,1.0,-0.2192356917714866,0.6160427475537615,0.6317581877980172,0.6337831510334492,0.6326123323211711,0.706319182566627,0.7358061442829026,0.764984580318397,0.7358061442829026,0.764984580318397,0.0,0.0,0.0,1.0,0.0,0.0,0.0,0.0,0.0,0.006875742494361475,0.006371849973220378,0.010055430070497095,successful_trials_only,True,False
srp_paired_full,random_broadband,evaluation,square,az120_el50,120.0,50.0,-10.0,-10.0,1024,reference_3,500,1000,3261029094,3838310765,3838310765,reference_3_gcc_wls,not_applicable,True,1000,0,1.0,1.5664856351325824,0.1682879086568605,2.188140171212701,16.97492746584302,1.3566947762720698,44.6390878049888,67.95126078497245,73.45608266657001,67.95126078497245,73.45608266657001,0.202,0.194,0.092,1.0,0.0,0.0,0.021,0.0,0.092,0.002974256500019692,0.00286679994314909,0.004014474950963631,successful_trials_only,False,False
srp_paired_full,random_broadband,evaluation,square,az120_el50,120.0,50.0,-10.0,-10.0,1024,all_6,500,1000,3261029094,3838310765,3838310765,all_6_equal_gcc_wls,not_applicable,True,1000,0,1.0,-3.408592516505276,2.54174093515413,3.610631751506382,13.305393901120532,1.2547807864877683,33.66129847306285,47.208180121614284,59.355266559749374,47.208180121614284,59.355266559749374,0.334,0.251,0.062,1.0,0.0,0.0,0.021,0.0,0.062,0.0029374321005307138,0.00284984998870641,0.0039624600089155125,successful_trials_only,False,False
srp_paired_full,random_broadband,evaluation,square,az120_el50,120.0,50.0,-10.0,-10.0,1024,all_6,500,1000,3261029094,3838310765,3838310765,all_6_calibrated_gcc_wls,not_applicable,True,984,16,0.984,0.13369827935814305,-2.9039878302383415,2.74633304369877,7.003340844872027,3.9337628636650455,16.203090086068542,25.725269650415925,42.968088815327725,25.725269650415925,42.968088815327725,0.2225609756097561,0.08536585365853659,0.006097560975609756,0.984,0.016000000000000014,0.0,0.021,0.016,0.006097560975609756,0.003298047198797576,0.0032190000056289136,0.004405640123877674,successful_trials_only,False,False
srp_paired_full,random_broadband,evaluation,square,az120_el50,120.0,50.0,-10.0,-10.0,1024,all_6,500,1000,3261029094,3838310765,3838310765,equal_weight_srp_phat,gcc_correlation_interpolated,True,1000,0,1.0,-0.023765164586394372,0.012149466669789489,0.0230901877319318,1.0492116181746847,0.830546093450183,1.847738807216263,2.4390972005482845,3.341773119032447,2.4390972005482845,3.341773119032447,0.0,0.0,0.0,1.0,0.0,0.0,0.0,0.0,0.0,0.006128219100064598,0.0056399000459350646,0.00874655009829439,successful_trials_only,True,False
srp_paired_full,random_broadband,evaluation,square,az120_el50,120.0,50.0,-8.0,-8.0,1024,reference_3,500,1000,3135051335,212918675,212918675,reference_3_gcc_wls,not_applicable,True,1000,0,1.0,0.04070669206247379,-0.05250919027299893,0.049130995745985784,2.9875653684742622,0.8419446763653252,1.9203551890587842,2.9535430090929795,50.01939819423269,2.9535430090929795,50.01939819423269,0.009,0.009,0.002,1.0,0.0,0.0,0.0,0.0,0.002,0.0030043659990187732,0.002900250081438571,0.004035449994262308,successful_trials_only,False,False
srp_paired_full,random_broadband,evaluation,square,az120_el50,120.0,50.0,-8.0,-8.0,1024,all_6,500,1000,3135051335,212918675,212918675,all_6_equal_gcc_wls,not_applicable,True,1000,0,1.0,-0.22656767297427885,0.1274949228502069,0.1614102132809248,2.6884097138870864,0.610673576969654,1.3703317263071075,8.975879308056681,40.76864973230549,8.975879308056681,40.76864973230549,0.015,0.009,0.003,1.0,0.0,0.0,0.0,0.0,0.003,0.002950757499434985,0.00285424996400252,0.003971644979901612,successful_trials_only,False,False
srp_paired_full,random_broadband,evaluation,square,az120_el50,120.0,50.0,-8.0,-8.0,1024,all_6,500,1000,3135051335,212918675,212918675,all_6_calibrated_gcc_wls,not_applicable,True,993,7,0.993,-0.053777070521843134,-0.05431246142305533,0.06016483772080322,1.0112198391543863,0.6741009129410866,1.460813045613273,1.8365229892644757,6.063888105137482,1.8365229892644757,6.063888105137482,0.002014098690835851,0.0010070493454179255,0.0,0.993,0.007000000000000006,0.0,0.0,0.007,0.0,0.003337260300642811,0.003228000015951693,0.0044449149689171465,successful_trials_only,False,False
srp_paired_full,random_broadband,evaluation,square,az120_el50,120.0,50.0,-8.0,-8.0,1024,all_6,500,1000,3135051335,212918675,212918675,equal_weight_srp_phat,gcc_correlation_interpolated,True,1000,0,1.0,0.0020142303758876826,0.04068964422225066,0.042773277193894024,0.7249590248493433,0.5971528999638661,1.2579355282006481,1.5498381977258,1.9676919814094793,1.5498381977258,1.9676919814094793,0.0,0.0,0.0,1.0,0.0,0.0,0.0,0.0,0.0,0.006326323595014401,0.005916750058531761,0.008928664872655643,successful_trials_only,True,False
srp_paired_full,random_broadband,evaluation,square,az120_el50,120.0,50.0,-6.0,-6.0,1024,reference_3,500,1000,1784543753,531483889,531483889,reference_3_gcc_wls,not_applicable,True,1000,0,1.0,0.028687587330873964,0.02525457508449401,0.032850591655473986,0.6907101629173222,0.5465144628132317,1.2424836007786184,1.5360111970723145,2.2539731871875848,1.5360111970723145,2.2539731871875848,0.0,0.0,0.0,1.0,0.0,0.0,0.0,0.0,0.0,0.0029461413024691866,0.0028030499815940857,0.0039721999783068895,successful_trials_only,False,False
srp_paired_full,random_broadband,evaluation,square,az120_el50,120.0,50.0,-6.0,-6.0,1024,all_6,500,1000,1784543753,531483889,531483889,all_6_equal_gcc_wls,not_applicable,True,1000,0,1.0,0.02518702731345123,0.0308307798134542,0.03572567974501602,0.5209256797571504,0.42768831037240324,0.8857807803881659,1.129981169075003,1.4571264666060522,1.129981169075003,1.4571264666060522,0.0,0.0,0.0,1.0,0.0,0.0,0.0,0.0,0.0,0.0028873158958740534,0.002738800016231835,0.0039047200407367195,successful_trials_only,False,False
srp_paired_full,random_broadband,evaluation,square,az120_el50,120.0,50.0,-6.0,-6.0,1024,all_6,500,1000,1784543753,531483889,531483889,all_6_calibrated_gcc_wls,not_applicable,True,989,11,0.989,0.04032411188581365,0.00993961890157229,0.02818468436660928,0.5431330719825099,0.4440889688390577,0.934698375208896,1.199259055117486,1.5526067742064127,1.199259055117486,1.5526067742064127,0.0,0.0,0.0,0.989,0.01100000000000001,0.0,0.0,0.011,0.0,0.0032571022005286067,0.0031158000347204506,0.004405790014425292,successful_trials_only,False,False
srp_paired_full,random_broadband,evaluation,square,az120_el50,120.0,50.0,-6.0,-6.0,1024,all_6,500,1000,1784543753,531483889,531483889,equal_weight_srp_phat,gcc_correlation_interpolated,True,1000,0,1.0,0.028481508836740495,0.030303838415606715,0.03625772456938466,0.5175911945164474,0.4258599942990313,0.8789533720011731,1.116595206020084,1.4453097455176886,1.116595206020084,1.4453097455176886,0.0,0.0,0.0,1.0,0.0,0.0,0.0,0.0,0.0,0.006263000798760914,0.0056992999743670225,0.00894493000814691,successful_trials_only,True,False
srp_paired_full,random_broadband,evaluation,square,az120_el50,120.0,50.0,-4.0,-4.0,1024,reference_3,500,1000,1117446163,1702616456,1702616456,reference_3_gcc_wls,not_applicable,True,1000,0,1.0,0.01670892529406022,-0.00023072546091554844,0.010901694556724666,0.5296957265081959,0.42969752844160714,0.9167224103012124,1.2220309133103966,1.7492032833910756,1.2220309133103966,1.7492032833910756,0.0,0.0,0.0,1.0,0.0,0.0,0.0,0.0,0.0,0.0029740004040068016,0.0028556499746628106,0.004054649907629937,successful_trials_only,False,False
srp_paired_full,random_broadband,evaluation,square,az120_el50,120.0,50.0,-4.0,-4.0,1024,all_6,500,1000,1117446163,1702616456,1702616456,all_6_equal_gcc_wls,not_applicable,True,1000,0,1.0,0.012770720404767686,-0.005970429343005605,0.00979625973294127,0.4088075429222872,0.3394256320317397,0.6941265801234006,0.9302058161051806,1.0557039852489662,0.9302058161051806,1.0557039852489662,0.0,0.0,0.0,1.0,0.0,0.0,0.0,0.0,0.0,0.00293191040342208,0.0028217000071890652,0.003975065000122413,successful_trials_only,False,False
srp_paired_full,random_broadband,evaluation,square,az120_el50,120.0,50.0,-4.0,-4.0,1024,all_6,500,1000,1117446163,1702616456,1702616456,all_6_calibrated_gcc_wls,not_applicable,True,983,17,0.983,0.03101889236187297,-0.013746521401493269,0.02392855343648283,0.41730314941858965,0.34033685014575177,0.715087451098898,0.9552606603225297,1.0965798575869403,0.9552606603225297,1.0965798575869403,0.0,0.0,0.0,0.983,0.017000000000000015,0.0,0.0,0.017,0.0,0.003293909602914937,0.0031950000557117164,0.004440694942604751,successful_trials_only,False,False
srp_paired_full,random_broadband,evaluation,square,az120_el50,120.0,50.0,-4.0,-4.0,1024,all_6,500,1000,1117446163,1702616456,1702616456,equal_weight_srp_phat,gcc_correlation_interpolated,True,1000,0,1.0,0.014132483802605247,-0.006334066744955703,0.010736972529227881,0.40683581927640455,0.33698706471203627,0.697629766520299,0.9359883199087964,1.0432233750654867,0.9359883199087964,1.0432233750654867,0.0,0.0,0.0,1.0,0.0,0.0,0.0,0.0,0.0,0.006271194702014327,0.0057263500057160854,0.009062904852908104,successful_trials_only,True,False
srp_paired_full,random_broadband,evaluation,square,az120_el50,120.0,50.0,-2.0,-2.0,1024,reference_3,500,1000,1770952386,1223238163,1223238163,reference_3_gcc_wls,not_applicable,True,1000,0,1.0,0.00883439979603612,-0.00854352222997627,0.009919508928613029,0.37750422663063893,0.3103010746388898,0.6462433668770714,0.8068750659649959,0.9307596997651587,0.8068750659649959,0.9307596997651587,0.0,0.0,0.0,1.0,0.0,0.0,0.0,0.0,0.0,0.002960248801740818,0.002847099967766553,0.004041230038274079,successful_trials_only,False,False
srp_paired_full,random_broadband,evaluation,square,az120_el50,120.0,50.0,-2.0,-2.0,1024,all_6,500,1000,1770952386,1223238163,1223238163,all_6_equal_gcc_wls,not_applicable,True,1000,0,1.0,0.010692397903221027,0.0006141357951644285,0.006979513192370273,0.31183640734658863,0.25431578283220185,0.5449562315036464,0.6767963392052007,0.8074934656459655,0.6767963392052007,0.8074934656459655,0.0,0.0,0.0,1.0,0.0,0.0,0.0,0.0,0.0,0.0029035460021113978,0.00277199997799471,0.003948445024434477,successful_trials_only,False,False
srp_paired_full,random_broadband,evaluation,square,az120_el50,120.0,50.0,-2.0,-2.0,1024,all_6,500,1000,1770952386,1223238163,1223238163,all_6_calibrated_gcc_wls,not_applicable,True,985,15,0.985,0.03776828793422173,-0.017106752786080322,0.02954477794569416,0.3183575660810807,0.25008829569374197,0.5774420193765132,0.7629146798345993,0.8963855381656024,0.7629146798345993,0.8963855381656024,0.0,0.0,0.0,0.985,0.015000000000000013,0.0,0.0,0.015,0.0,0.003256881698500365,0.0031480499892495573,0.004405710007995366,successful_trials_only,False,False
srp_paired_full,random_broadband,evaluation,square,az120_el50,120.0,50.0,-2.0,-2.0,1024,all_6,500,1000,1770952386,1223238163,1223238163,equal_weight_srp_phat,gcc_correlation_interpolated,True,1000,0,1.0,0.009360019809782353,0.001210847885358225,0.006257591291770208,0.31186011839669797,0.2545931886362956,0.5446903105218661,0.6765925854684443,0.8224552519326354,0.6765925854684443,0.8224552519326354,0.0,0.0,0.0,1.0,0.0,0.0,0.0,0.0,0.0,0.006295665101497434,0.005882650031708181,0.008914865000406278,successful_trials_only,True,False
srp_paired_full,random_broadband,evaluation,square,az120_el50,120.0,50.0,0.0,0.0,1024,reference_3,500,1000,2083479519,3792483720,3792483720,reference_3_gcc_wls,not_applicable,True,1000,0,1.0,0.008715790504443566,0.005161853158260568,0.007856791808545913,0.29178943281756053,0.24138035169759314,0.5107872128308729,0.6497166660138969,0.7212590594194548,0.6497166660138969,0.7212590594194548,0.0,0.0,0.0,1.0,0.0,0.0,0.0,0.0,0.0,0.002972925899201073,0.0028999499627389014,0.0039598050003405655,successful_trials_only,False,False
srp_paired_full,random_broadband,evaluation,square,az120_el50,120.0,50.0,0.0,0.0,1024,all_6,500,1000,2083479519,3792483720,3792483720,all_6_equal_gcc_wls,not_applicable,True,1000,0,1.0,0.00830384201459098,0.0015153180357026415,0.005601495487077633,0.2497760410406182,0.21114280681692263,0.43150668713378953,0.5308964724875149,0.6815507320842179,0.5308964724875149,0.6815507320842179,0.0,0.0,0.0,1.0,0.0,0.0,0.0,0.0,0.0,0.0029173037989530712,0.0028295499505475163,0.0038804300886113195,successful_trials_only,False,False
srp_paired_full,random_broadband,evaluation,square,az120_el50,120.0,50.0,0.0,0.0,1024,all_6,500,1000,2083479519,3792483720,3792483720,all_6_calibrated_gcc_wls,not_applicable,True,979,21,0.979,0.025500124316169513,-0.017463125504318576,0.023744702521127346,0.2568525770113552,0.2096597774773816,0.4654458948341466,0.6326884534772272,0.7348732785825317,0.6326884534772272,0.7348732785825317,0.0,0.0,0.0,0.979,0.02100000000000002,0.0,0.0,0.021,0.0,0.0032738176040584223,0.0031992499716579914,0.004398639971623197,successful_trials_only,False,False
srp_paired_full,random_broadband,evaluation,square,az120_el50,120.0,50.0,0.0,0.0,1024,all_6,500,1000,2083479519,3792483720,3792483720,equal_weight_srp_phat,gcc_correlation_interpolated,True,1000,0,1.0,0.006707041501097962,0.00220979812989223,0.004944890463115595,0.25012128621112567,0.20967649923631285,0.43140478455024156,0.5383323718826374,0.6887578543143977,0.5383323718826374,0.6887578543143977,0.0,0.0,0.0,1.0,0.0,0.0,0.0,0.0,0.0,0.006369923700112849,0.005811000126414001,0.009346590033965185,successful_trials_only,True,False
srp_paired_full,random_broadband,evaluation,square,az120_el50,120.0,50.0,2.0,2.0,1024,reference_3,500,1000,1109338329,3376477655,3376477655,reference_3_gcc_wls,not_applicable,True,1000,0,1.0,0.002795467734275162,0.0018773624647000617,0.0027298130315839887,0.2261602009397313,0.18630790496507685,0.3924483368452413,0.46484341063942136,0.6433022628989972,0.46484341063942136,0.6433022628989972,0.0,0.0,0.0,1.0,0.0,0.0,0.0,0.0,0.0,0.002901633299537934,0.002741049975156784,0.0038994851056486364,successful_trials_only,False,False
srp_paired_full,random_broadband,evaluation,square,az120_el50,120.0,50.0,2.0,2.0,1024,all_6,500,1000,1109338329,3376477655,3376477655,all_6_equal_gcc_wls,not_applicable,True,1000,0,1.0,-0.0012752958354395225,-0.0030713722307969113,0.0030388139327119073,0.20198542318102783,0.16417772667938382,0.35679480860525054,0.44626060912607,0.5289231028583962,0.44626060912607,0.5289231028583962,0.0,0.0,0.0,1.0,0.0,0.0,0.0,0.0,0.0,0.002858152800472453,0.0027101499726995826,0.0038902599306311456,successful_trials_only,False,False
srp_paired_full,random_broadband,evaluation,square,az120_el50,120.0,50.0,2.0,2.0,1024,all_6,500,1000,1109338329,3376477655,3376477655,all_6_calibrated_gcc_wls,not_applicable,True,979,21,0.979,-0.005358759585038985,-0.01756877438311386,0.017755560641602275,0.20526548762099622,0.1590258040288745,0.36124381360551155,0.515370895945427,0.6034709081679475,0.515370895945427,0.6034709081679475,0.0,0.0,0.0,0.979,0.02100000000000002,0.0,0.0,0.021,0.0,0.0032046893996885047,0.00305745005607605,0.00436929008574225,successful_trials_only,False,False
srp_paired_full,random_broadband,evaluation,square,az120_el50,120.0,50.0,2.0,2.0,1024,all_6,500,1000,1109338329,3376477655,3376477655,equal_weight_srp_phat,gcc_correlation_interpolated,True,1000,0,1.0,-0.004052097419178964,-0.0017115514604614732,0.0030483629063808616,0.20242521117456352,0.16381551520562715,0.3574944604458997,0.4478371444392965,0.5227217813611882,0.4478371444392965,0.5227217813611882,0.0,0.0,0.0,1.0,0.0,0.0,0.0,0.0,0.0,0.006203288399265147,0.0057198500144295394,0.009031320078065619,successful_trials_only,True,False
srp_paired_full,random_broadband,evaluation,square,az120_el50,120.0,50.0,5.0,5.0,1024,reference_3,500,1000,528866809,4277194657,4277194657,reference_3_gcc_wls,not_applicable,True,1000,0,1.0,0.0008617311483721607,0.0007391726846663724,0.0010066027496904394,0.1609361018725308,0.13415234341065493,0.28539428295085273,0.3399918489052735,0.3915555413725687,0.3399918489052735,0.3915555413725687,0.0,0.0,0.0,1.0,0.0,0.0,0.0,0.0,0.0,0.002983262299094349,0.002870500029530376,0.004157139989547432,successful_trials_only,False,False
srp_paired_full,random_broadband,evaluation,square,az120_el50,120.0,50.0,5.0,5.0,1024,all_6,500,1000,528866809,4277194657,4277194657,all_6_equal_gcc_wls,not_applicable,True,1000,0,1.0,0.0025356740678317033,0.0008204997128049055,0.0018653371594788372,0.14497012184995178,0.12150510747208368,0.2500485377953198,0.2973236936130975,0.4112694927786865,0.2973236936130975,0.4112694927786865,0.0,0.0,0.0,1.0,0.0,0.0,0.0,0.0,0.0,0.00292604059970472,0.002820099936798215,0.00405828493530862,successful_trials_only,False,False
srp_paired_full,random_broadband,evaluation,square,az120_el50,120.0,50.0,5.0,5.0,1024,all_6,500,1000,528866809,4277194657,4277194657,all_6_calibrated_gcc_wls,not_applicable,True,965,35,0.965,0.0025710351517383417,-0.013777997044034065,0.013798951322301294,0.14878802425116003,0.11861455989844649,0.26677912365063494,0.3270965580417033,0.4130266807088502,0.3270965580417033,0.4130266807088502,0.0,0.0,0.0,0.965,0.03500000000000003,0.0,0.0,0.035,0.0,0.0032544994989875706,0.0031548499828204513,0.004544384911423549,successful_trials_only,False,False
srp_paired_full,random_broadband,evaluation,square,az120_el50,120.0,50.0,5.0,5.0,1024,all_6,500,1000,528866809,4277194657,4277194657,equal_weight_srp_phat,gcc_correlation_interpolated,True,1000,0,1.0,-0.0010001638106883993,0.0022770023432911795,0.0024416772468871207,0.14539137336285082,0.12220609618492295,0.24978710225107592,0.29902228347457466,0.41404878409527124,0.29902228347457466,0.41404878409527124,0.0,0.0,0.0,1.0,0.0,0.0,0.0,0.0,0.0,0.006420162898837589,0.0059136999770998955,0.00919378502294421,successful_trials_only,True,False
srp_paired_full,random_broadband,evaluation,square,az120_el50,120.0,50.0,10.0,10.0,1024,reference_3,500,1000,1301832707,3575377241,3575377241,reference_3_gcc_wls,not_applicable,True,1000,0,1.0,0.004214242673249965,0.0032415928735422747,0.004253141182112713,0.10040082707334036,0.08157595431378079,0.177256075119909,0.22524377349748337,0.284899254984669,0.22524377349748337,0.284899254984669,0.0,0.0,0.0,1.0,0.0,0.0,0.0,0.0,0.0,0.003056597500690259,0.003008799976669252,0.004136830067727714,successful_trials_only,False,False
srp_paired_full,random_broadband,evaluation,square,az120_el50,120.0,50.0,10.0,10.0,1024,all_6,500,1000,1301832707,3575377241,3575377241,all_6_equal_gcc_wls,not_applicable,True,1000,0,1.0,0.0057289421054811255,0.0015187783293703014,0.003997791065267355,0.09245690399102441,0.07554437312066188,0.16060449937085142,0.20555796289800052,0.2717362477626445,0.20555796289800052,0.2717362477626445,0.0,0.0,0.0,1.0,0.0,0.0,0.0,0.0,0.0,0.003005087299621664,0.0029716500430367887,0.004098270001122728,successful_trials_only,False,False
srp_paired_full,random_broadband,evaluation,square,az120_el50,120.0,50.0,10.0,10.0,1024,all_6,500,1000,1301832707,3575377241,3575377241,all_6_calibrated_gcc_wls,not_applicable,True,967,33,0.967,0.007137079365051942,-0.002338821973623996,0.0051439451965832545,0.09988073133067935,0.07858760696740039,0.18146632620205874,0.23404912532560207,0.27377230810466496,0.23404912532560207,0.27377230810466496,0.0,0.0,0.0,0.967,0.03300000000000003,0.0,0.0,0.033,0.0,0.0033511722955154254,0.00332984997658059,0.004516980034532023,successful_trials_only,False,False
srp_paired_full,random_broadband,evaluation,square,az120_el50,120.0,50.0,10.0,10.0,1024,all_6,500,1000,1301832707,3575377241,3575377241,equal_weight_srp_phat,gcc_correlation_interpolated,True,1000,0,1.0,0.0017191275391631549,0.003413848602382875,0.0036179167756165216,0.09288951088309073,0.07598426486322603,0.16295909302579217,0.20766677214925996,0.27165351699322526,0.20766677214925996,0.27165351699322526,0.0,0.0,0.0,1.0,0.0,0.0,0.0,0.0,0.0,0.00637636269966606,0.005913199915084988,0.00917923491215333,successful_trials_only,True,False
srp_paired_full,random_broadband,evaluation,square,az120_el50,120.0,50.0,20.0,20.0,1024,reference_3,500,1000,3631105063,3187432780,3187432780,reference_3_gcc_wls,not_applicable,True,1000,0,1.0,0.0072381743107401055,0.0004093897243148433,0.004670755914220093,0.05324276752095981,0.040801631793912566,0.09953678270553831,0.12598071659682875,0.15048947544978752,0.12598071659682875,0.15048947544978752,0.0,0.0,0.0,1.0,0.0,0.0,0.0,0.0,0.0,0.0030005760015919805,0.002931099967099726,0.004063644970301538,successful_trials_only,False,False
srp_paired_full,random_broadband,evaluation,square,az120_el50,120.0,50.0,20.0,20.0,1024,all_6,500,1000,3631105063,3187432780,3187432780,all_6_equal_gcc_wls,not_applicable,True,1000,0,1.0,0.007257710228303379,-0.0009267869693686168,0.004755608572810374,0.049618498823770237,0.038922870310647756,0.08863034635597344,0.1197246579266938,0.1492126036976763,0.1197246579266938,0.1492126036976763,0.0,0.0,0.0,1.0,0.0,0.0,0.0,0.0,0.0,0.002961452501709573,0.002909849979914725,0.004040389915462583,successful_trials_only,False,False
srp_paired_full,random_broadband,evaluation,square,az120_el50,120.0,50.0,20.0,20.0,1024,all_6,500,1000,3631105063,3187432780,3187432780,all_6_calibrated_gcc_wls,not_applicable,True,985,15,0.985,-0.0002817229750727078,-0.000406185163367467,0.0004388039403993783,0.05476233872958915,0.0417760384692845,0.10237397474537525,0.13107118426579178,0.15441701030487082,0.13107118426579178,0.15441701030487082,0.0,0.0,0.0,0.985,0.015000000000000013,0.0,0.0,0.015,0.0,0.003357029599137604,0.0033003000426106155,0.004506324970861897,successful_trials_only,False,False
srp_paired_full,random_broadband,evaluation,square,az120_el50,120.0,50.0,20.0,20.0,1024,all_6,500,1000,3631105063,3187432780,3187432780,equal_weight_srp_phat,gcc_correlation_interpolated,True,1000,0,1.0,0.0030108801218760154,0.0009315919505017365,0.0021503382108334925,0.04963398649159946,0.03849525863029283,0.08962445333687626,0.11973811945459296,0.1496595128837028,0.11973811945459296,0.1496595128837028,0.0,0.0,0.0,1.0,0.0,0.0,0.0,0.0,0.0,0.006406265301280655,0.005992499995045364,0.00906811498571187,successful_trials_only,True,False
srp_paired_full,random_broadband,evaluation,square,az120_el50,120.0,50.0,30.0,30.0,1024,reference_3,500,1000,1932999668,3472018241,3472018241,reference_3_gcc_wls,not_applicable,True,1000,0,1.0,0.0077899360748711986,0.001695363744888464,0.005285977004266416,0.04430071040351869,0.030945396030694496,0.08599671270095104,0.11790950369762301,0.1374151582043838,0.11790950369762301,0.1374151582043838,0.0,0.0,0.0,1.0,0.0,0.0,0.0,0.0,0.0,0.0029284345023334025,0.002772450039628893,0.0039396150677930555,successful_trials_only,False,False
srp_paired_full,random_broadband,evaluation,square,az120_el50,120.0,50.0,30.0,30.0,1024,all_6,500,1000,1932999668,3472018241,3472018241,all_6_equal_gcc_wls,not_applicable,True,1000,0,1.0,0.00812742909642428,0.0006876060408696516,0.005267971516658605,0.040061910504150394,0.02766045503674406,0.07719151842368363,0.10746226264555582,0.11939952718828563,0.10746226264555582,0.11939952718828563,0.0,0.0,0.0,1.0,0.0,0.0,0.0,0.0,0.0,0.0028742516977945344,0.0027262999792583287,0.003865424869582057,successful_trials_only,False,False
srp_paired_full,random_broadband,evaluation,square,az120_el50,120.0,50.0,30.0,30.0,1024,all_6,500,1000,1932999668,3472018241,3472018241,all_6_calibrated_gcc_wls,not_applicable,True,989,11,0.989,-0.0011004603472190375,-0.0018882847087133903,0.0020147339578945665,0.04555917268403047,0.03003469909622534,0.09283441437931231,0.11913257033890877,0.14219407305337373,0.11913257033890877,0.14219407305337373,0.0,0.0,0.0,0.989,0.01100000000000001,0.0,0.0,0.011,0.0,0.00328294590045698,0.0031286999583244324,0.004397835070267319,successful_trials_only,False,False
srp_paired_full,random_broadband,evaluation,square,az120_el50,120.0,50.0,30.0,30.0,1024,all_6,500,1000,1932999668,3472018241,3472018241,equal_weight_srp_phat,gcc_correlation_interpolated,True,1000,0,1.0,0.0038577127941568203,0.002538650734585076,0.0035489638039535322,0.04002890774358888,0.027329611559086267,0.07612943662905663,0.10867792062521264,0.11903594412718657,0.10867792062521264,0.11903594412718657,0.0,0.0,0.0,1.0,0.0,0.0,0.0,0.0,0.0,0.006361752198659815,0.005966200027614832,0.009357975114835425,successful_trials_only,True,False
srp_paired_full,harmonic_stress,evaluation,square,az120_el50,120.0,50.0,-10.0,-10.0,1024,reference_3,500,1000,112889952,3282403580,3282403580,reference_3_gcc_wls,not_applicable,True,1000,0,1.0,-4.907030900191725,-3.5141286934397122,7.152058962037035,37.91026828257791,24.65622659243065,70.93772942748664,105.00830901579342,129.19336285467102,105.00830901579342,129.19336285467102,0.918,0.789,0.419,1.0,0.0,0.0,0.065,0.0,0.419,0.0031547684989636764,0.0031310999765992165,0.004214279953157529,successful_trials_only,False,False
srp_paired_full,harmonic_stress,evaluation,square,az120_el50,120.0,50.0,-10.0,-10.0,1024,all_6,500,1000,112889952,3282403580,3282403580,all_6_equal_gcc_wls,not_applicable,True,1000,0,1.0,-5.077175646889943,5.299350643300398,10.715341865821697,26.799490305186684,19.021924761646506,52.502862901674035,70.24854593107334,93.31831992772129,70.24854593107334,93.31831992772129,0.904,0.743,0.245,1.0,0.0,0.0,0.065,0.0,0.245,0.003142024600179866,0.0031389499781653285,0.004235735000111163,successful_trials_only,False,False
srp_paired_full,harmonic_stress,evaluation,square,az120_el50,120.0,50.0,-10.0,-10.0,1024,all_6,500,1000,112889952,3282403580,3282403580,all_6_calibrated_gcc_wls,not_applicable,True,973,27,0.973,-2.399933956899197,-12.4902938027909,9.882742441761655,30.03139984540554,22.282686799998327,51.942808754771534,66.99901009172147,94.84001583658889,66.99901009172147,94.84001583658889,0.9660842754367934,0.8705035971223022,0.32579650565262075,0.973,0.027000000000000024,0.0,0.065,0.027,0.32579650565262075,0.003493585697724484,0.0035269499639980495,0.004699115041876212,successful_trials_only,False,False
srp_paired_full,harmonic_stress,evaluation,square,az120_el50,120.0,50.0,-10.0,-10.0,1024,all_6,500,1000,112889952,3282403580,3282403580,equal_weight_srp_phat,gcc_correlation_interpolated,True,1000,0,1.0,-0.5992848457906939,-1.4011699243116333,0.836307846056764,18.35914662859317,6.454970288434196,37.20679585989527,73.88675624608359,113.63475558021945,73.88675624608359,113.63475558021945,0.621,0.328,0.078,1.0,0.0,0.0,0.007,0.0,0.078,0.006702308397623711,0.006285449955612421,0.00943654490984045,successful_trials_only,True,False
srp_paired_full,harmonic_stress,evaluation,square,az120_el50,120.0,50.0,-8.0,-8.0,1024,reference_3,500,1000,3118957908,1221866370,1221866370,reference_3_gcc_wls,not_applicable,True,1000,0,1.0,0.3581282224190549,-1.8079665222935417,3.3906985693101634,28.453265727050493,12.159575757588389,57.098837511238884,80.81851414282089,127.13379677547255,80.81851414282089,127.13379677547255,0.781,0.563,0.24,1.0,0.0,0.0,0.036,0.0,0.24,0.0032470300036948176,0.003213500021956861,0.00423998002661392,successful_trials_only,False,False
srp_paired_full,harmonic_stress,evaluation,square,az120_el50,120.0,50.0,-8.0,-8.0,1024,all_6,500,1000,3118957908,1221866370,1221866370,all_6_equal_gcc_wls,not_applicable,True,1000,0,1.0,-1.5403541015245443,3.569734104368946,5.897667549672048,19.066148667785775,11.320584588820864,41.79199994665714,52.55160952272886,62.78655739201618,52.55160952272886,62.78655739201618,0.766,0.552,0.118,1.0,0.0,0.0,0.036,0.0,0.118,0.003200445300200954,0.0031737000099383295,0.0042023049842100585,successful_trials_only,False,False
srp_paired_full,harmonic_stress,evaluation,square,az120_el50,120.0,50.0,-8.0,-8.0,1024,all_6,500,1000,3118957908,1221866370,1221866370,all_6_calibrated_gcc_wls,not_applicable,True,984,16,0.984,1.1062470742026191,-6.945611016936248,5.497101229889905,20.013341966118617,13.089696174284958,39.9387101659831,52.46002386911508,84.5484316888473,52.46002386911508,84.5484316888473,0.9237804878048781,0.6890243902439024,0.11077235772357724,0.984,0.016000000000000014,0.0,0.036,0.016,0.11077235772357724,0.003607270799460821,0.0036059499834664166,0.004716950055444613,successful_trials_only,False,False
srp_paired_full,harmonic_stress,evaluation,square,az120_el50,120.0,50.0,-8.0,-8.0,1024,all_6,500,1000,3118957908,1221866370,1221866370,equal_weight_srp_phat,gcc_correlation_interpolated,True,1000,0,1.0,-0.29473850096979504,-0.5438678042246563,0.2939037731704798,8.28272548842139,4.348612725321395,15.257818001678837,34.632372075000376,57.27538201675965,34.632372075000376,57.27538201675965,0.414,0.123,0.013,1.0,0.0,0.0,0.001,0.0,0.013,0.006956820700550452,0.006669150083325803,0.00942172491340898,successful_trials_only,True,False
srp_paired_full,harmonic_stress,evaluation,square,az120_el50,120.0,50.0,-6.0,-6.0,1024,reference_3,500,1000,3129893218,2743101573,2743101573,reference_3_gcc_wls,not_applicable,True,1000,0,1.0,-0.21616660467243293,0.11873651291449602,2.1652103119182597,18.360255587171274,5.612815304752753,44.93425336265071,64.43706612920045,126.60368111574623,64.43706612920045,126.60368111574623,0.552,0.283,0.099,1.0,0.0,0.0,0.016,0.0,0.099,0.0031540184984914957,0.003089900012128055,0.004263144981814548,successful_trials_only,False,False
srp_paired_full,harmonic_stress,evaluation,square,az120_el50,120.0,50.0,-6.0,-6.0,1024,all_6,500,1000,3129893218,2743101573,2743101573,all_6_equal_gcc_wls,not_applicable,True,1000,0,1.0,-0.8768884261316048,1.5886109529986892,2.2656428114157396,11.377478887884685,4.555877173015807,24.83478638071622,39.83795376721959,54.341460940181264,39.83795376721959,54.341460940181264,0.464,0.252,0.031,1.0,0.0,0.0,0.016,0.0,0.031,0.0031098313020775097,0.003009999985806644,0.004272599943215027,successful_trials_only,False,False
srp_paired_full,harmonic_stress,evaluation,square,az120_el50,120.0,50.0,-6.0,-6.0,1024,all_6,500,1000,3129893218,2743101573,2743101573,all_6_calibrated_gcc_wls,not_applicable,True,981,19,0.981,-0.7097277620697202,-2.330737546711469,2.075875033403188,9.829813227094935,5.118303758241746,20.90980808124768,33.77895711768906,55.208971238723564,33.77895711768906,55.208971238723564,0.5188583078491336,0.17227319062181448,0.014271151885830785,0.981,0.019000000000000017,0.0,0.016,0.019,0.014271151885830785,0.00348818439966999,0.003455849946476519,0.004684954939875752,successful_trials_only,False,False
srp_paired_full,harmonic_stress,evaluation,square,az120_el50,120.0,50.0,-6.0,-6.0,1024,all_6,500,1000,3129893218,2743101573,2743101573,equal_weight_srp_phat,gcc_correlation_interpolated,True,1000,0,1.0,-0.1072309301519366,-0.2395291997463776,0.1774734265392809,4.300440778217639,2.9948471482014565,7.898518239245756,11.637839403956718,21.9704883234565,11.637839403956718,21.9704883234565,0.189,0.019,0.0,1.0,0.0,0.0,0.0,0.0,0.0,0.006714474699925631,0.006281500041950494,0.009425830031977963,successful_trials_only,True,False
srp_paired_full,harmonic_stress,evaluation,square,az120_el50,120.0,50.0,-4.0,-4.0,1024,reference_3,500,1000,887160826,3190059546,3190059546,reference_3_gcc_wls,not_applicable,True,1000,0,1.0,0.5784969072594762,-0.4523733042893641,0.14485947461304383,8.862530872782871,3.3061896080541446,15.313472441953676,45.618871426648575,61.37732418487983,45.618871426648575,61.37732418487983,0.269,0.076,0.019,1.0,0.0,0.0,0.003,0.0,0.019,0.0030088281991193073,0.002888949995394796,0.0041398100787773725,successful_trials_only,False,False
srp_paired_full,harmonic_stress,evaluation,square,az120_el50,120.0,50.0,-4.0,-4.0,1024,all_6,500,1000,887160826,3190059546,3190059546,all_6_equal_gcc_wls,not_applicable,True,1000,0,1.0,-0.29773911025783584,0.2791283732271899,0.4332790912623599,5.5658775957930064,2.319960347928445,10.409098490582334,22.087492585071264,37.93119086748341,22.087492585071264,37.93119086748341,0.14,0.051,0.006,1.0,0.0,0.0,0.003,0.0,0.006,0.0029553452980471775,0.002817200031131506,0.004037275112932547,successful_trials_only,False,False
srp_paired_full,harmonic_stress,evaluation,square,az120_el50,120.0,50.0,-4.0,-4.0,1024,all_6,500,1000,887160826,3190059546,3190059546,all_6_calibrated_gcc_wls,not_applicable,True,984,16,0.984,-0.3365582029546914,-1.0473995085151273,1.0120373827124816,4.265385650463617,2.4530570795884667,6.552168243690437,14.786331404680164,28.129334073464516,14.786331404680164,28.129334073464516,0.11280487804878049,0.024390243902439025,0.0010162601626016261,0.984,0.016000000000000014,0.0,0.003,0.016,0.0010162601626016261,0.0033143121029715985,0.003240350109990686,0.004462264984613284,successful_trials_only,False,False
srp_paired_full,harmonic_stress,evaluation,square,az120_el50,120.0,50.0,-4.0,-4.0,1024,all_6,500,1000,887160826,3190059546,3190059546,equal_weight_srp_phat,gcc_correlation_interpolated,True,1000,0,1.0,-0.0015614138766527948,0.05147092911833079,0.08590494270217439,2.935190043982426,2.1764560522047116,5.337516322611419,8.091689085119812,10.797579647359296,8.091689085119812,10.797579647359296,0.062,0.004,0.0,1.0,0.0,0.0,0.0,0.0,0.0,0.006532633600523695,0.006084849999751896,0.009518805047264321,successful_trials_only,True,False
srp_paired_full,harmonic_stress,evaluation,square,az120_el50,120.0,50.0,-2.0,-2.0,1024,reference_3,500,1000,3274764629,935497124,935497124,reference_3_gcc_wls,not_applicable,True,1000,0,1.0,-0.01171566739943833,-0.19096424154825045,0.11967034610336726,4.746930247328156,2.3804854881688886,6.117703749914058,10.600636158486763,51.512128755509025,10.600636158486763,51.512128755509025,0.112,0.013,0.005,1.0,0.0,0.0,0.001,0.0,0.005,0.003089735095156357,0.0030408999882638454,0.004079559858655556,successful_trials_only,False,False
srp_paired_full,harmonic_stress,evaluation,square,az120_el50,120.0,50.0,-2.0,-2.0,1024,all_6,500,1000,3274764629,935497124,935497124,all_6_equal_gcc_wls,not_applicable,True,1000,0,1.0,0.03737466293960114,0.010321759485028548,0.05683120060599639,2.8916967554168105,1.629746398571796,3.9777878155004696,7.736972268326671,28.915931334176562,7.736972268326671,28.915931334176562,0.024,0.008,0.001,1.0,0.0,0.0,0.001,0.0,0.001,0.003032744397991337,0.0029660999425686896,0.004012799944030121,successful_trials_only,False,False
srp_paired_full,harmonic_stress,evaluation,square,az120_el50,120.0,50.0,-2.0,-2.0,1024,all_6,500,1000,3274764629,935497124,935497124,all_6_calibrated_gcc_wls,not_applicable,True,987,13,0.987,-0.008891938684196606,-0.30646218135765607,0.28778857548303205,2.2957760316149978,1.7145435799630255,4.070891266436648,5.746916690058418,9.188025556601069,5.746916690058418,9.188025556601069,0.022289766970618033,0.0010131712259371835,0.0,0.987,0.013000000000000012,0.0,0.001,0.013,0.0,0.0034303332006093115,0.0033950000070035458,0.004574165126541629,successful_trials_only,False,False
srp_paired_full,harmonic_stress,evaluation,square,az120_el50,120.0,50.0,-2.0,-2.0,1024,all_6,500,1000,3274764629,935497124,935497124,equal_weight_srp_phat,gcc_correlation_interpolated,True,1000,0,1.0,0.004808418785240972,-0.0464132616608541,0.030413355295833312,2.085460894574688,1.618841099574406,3.76857016794778,5.317633194862358,6.516607549130345,5.317633194862358,6.516607549130345,0.016,0.0,0.0,1.0,0.0,0.0,0.0,0.0,0.0,0.006585978699731641,0.006166250095702708,0.009212840063264593,successful_trials_only,True,False
srp_paired_full,harmonic_stress,evaluation,square,az120_el50,120.0,50.0,0.0,0.0,1024,reference_3,500,1000,593261320,3420910546,3420910546,reference_3_gcc_wls,not_applicable,True,1000,0,1.0,-0.04586754038467891,0.09312534507610166,0.10776766208716397,2.472519093650155,1.8551139180683205,4.616210974762135,6.099279449895277,7.1189047162994985,6.099279449895277,7.1189047162994985,0.034,0.0,0.0,1.0,0.0,0.0,0.0,0.0,0.0,0.003068873499403708,0.002978700038511306,0.0040812750987242906,successful_trials_only,False,False
srp_paired_full,harmonic_stress,evaluation,square,az120_el50,120.0,50.0,0.0,0.0,1024,all_6,500,1000,593261320,3420910546,3420910546,all_6_equal_gcc_wls,not_applicable,True,1000,0,1.0,-0.03027004403280131,0.07022562666247399,0.0816436112884198,1.5541879207322906,1.2691782276420498,2.7655282720313323,3.632306967287533,4.158968536225094,3.632306967287533,4.158968536225094,0.001,0.0,0.0,1.0,0.0,0.0,0.0,0.0,0.0,0.0030081878021592273,0.0029029499855823815,0.004025819920934736,successful_trials_only,False,False
srp_paired_full,harmonic_stress,evaluation,square,az120_el50,120.0,50.0,0.0,0.0,1024,all_6,500,1000,593261320,3420910546,3420910546,all_6_calibrated_gcc_wls,not_applicable,True,994,6,0.994,-0.09127140166058316,-0.0014326125997856133,0.05828971492452589,1.605961741873106,1.3267609995602752,2.807725154734657,3.575798178549552,4.097072291103686,3.575798178549552,4.097072291103686,0.0,0.0,0.0,0.994,0.006000000000000005,0.0,0.0,0.006,0.0,0.003396297897445038,0.003335600020363927,0.00452600999851711,successful_trials_only,False,False
srp_paired_full,harmonic_stress,evaluation,square,az120_el50,120.0,50.0,0.0,0.0,1024,all_6,500,1000,593261320,3420910546,3420910546,equal_weight_srp_phat,gcc_correlation_interpolated,True,1000,0,1.0,0.019740214290712394,0.06936762534547543,0.07994870000835623,1.572570217050874,1.250805045309866,2.837034263336804,3.6631272182670664,4.764208465841992,3.6631272182670664,4.764208465841992,0.0,0.0,0.0,1.0,0.0,0.0,0.0,0.0,0.0,0.006465652800863609,0.0060819999780505896,0.00895771009963937,successful_trials_only,True,False
srp_paired_full,harmonic_stress,evaluation,square,az120_el50,120.0,50.0,2.0,2.0,1024,reference_3,500,1000,3057712482,179678296,179678296,reference_3_gcc_wls,not_applicable,True,1000,0,1.0,-0.03817077979253338,0.16339046583318328,0.17223497580845018,1.9442298217529432,1.4743616098614278,3.6659682988817406,4.921216288271171,5.48699212841576,4.921216288271171,5.48699212841576,0.008,0.0,0.0,1.0,0.0,0.0,0.0,0.0,0.0,0.003214310098090209,0.003162599983625114,0.004176950018154457,successful_trials_only,False,False
srp_paired_full,harmonic_stress,evaluation,square,az120_el50,120.0,50.0,2.0,2.0,1024,all_6,500,1000,3057712482,179678296,179678296,all_6_equal_gcc_wls,not_applicable,True,1000,0,1.0,-0.002936962647499681,0.08080691440548654,0.08628912168872128,1.1975649178931576,0.9748700413738238,2.086712207386784,2.7109562473471387,3.425132954725455,2.7109562473471387,3.425132954725455,0.0,0.0,0.0,1.0,0.0,0.0,0.0,0.0,0.0,0.0031534469014732167,0.00309595005819574,0.004089060047408565,successful_trials_only,False,False
srp_paired_full,harmonic_stress,evaluation,square,az120_el50,120.0,50.0,2.0,2.0,1024,all_6,500,1000,3057712482,179678296,179678296,all_6_calibrated_gcc_wls,not_applicable,True,993,7,0.993,0.003688009874163944,-0.01641250045484687,0.010495083326783762,1.242855104632255,0.9911518538256757,2.1876157010479442,2.7060982029680845,3.316684123547205,2.7060982029680845,3.316684123547205,0.0,0.0,0.0,0.993,0.007000000000000006,0.0,0.0,0.007,0.0,0.003574056498124264,0.00357445003464818,0.00460340001154691,successful_trials_only,False,False
srp_paired_full,harmonic_stress,evaluation,square,az120_el50,120.0,50.0,2.0,2.0,1024,all_6,500,1000,3057712482,179678296,179678296,equal_weight_srp_phat,gcc_correlation_interpolated,True,1000,0,1.0,-0.016968813676759266,0.09321403565458977,0.09909809053264229,1.1910097041055039,0.9556607337410573,2.1132812443742965,2.7544421997993545,3.5162610655935786,2.7544421997993545,3.5162610655935786,0.0,0.0,0.0,1.0,0.0,0.0,0.0,0.0,0.0,0.006632372101186774,0.006241600087378174,0.009374454902717842,successful_trials_only,True,False
srp_paired_full,harmonic_stress,evaluation,square,az120_el50,120.0,50.0,5.0,5.0,1024,reference_3,500,1000,490636154,1399277046,1399277046,reference_3_gcc_wls,not_applicable,True,1000,0,1.0,0.013384639053708913,0.09150071964463305,0.09665515320429229,1.4077357497213447,1.0986793962766628,2.5591368462795665,3.4258355238457416,4.097038533690016,3.4258355238457416,4.097038533690016,0.001,0.0,0.0,1.0,0.0,0.0,0.0,0.0,0.0,0.0032874120997730643,0.003263399936258793,0.004300910030724481,successful_trials_only,False,False
srp_paired_full,harmonic_stress,evaluation,square,az120_el50,120.0,50.0,5.0,5.0,1024,all_6,500,1000,490636154,1399277046,1399277046,all_6_equal_gcc_wls,not_applicable,True,1000,0,1.0,0.0034967443192954637,0.06749604880614672,0.07069043404849855,0.911245769076936,0.7486790078201245,1.6037003535415304,1.9749647841655587,2.6962019016707583,1.9749647841655587,2.6962019016707583,0.0,0.0,0.0,1.0,0.0,0.0,0.0,0.0,0.0,0.0032355533989612013,0.0032076500356197357,0.0042340650979895145,successful_trials_only,False,False
srp_paired_full,harmonic_stress,evaluation,square,az120_el50,120.0,50.0,5.0,5.0,1024,all_6,500,1000,490636154,1399277046,1399277046,all_6_calibrated_gcc_wls,not_applicable,True,997,3,0.997,0.035222125979378835,-0.05547247141463844,0.05707011513266676,0.9473059194035277,0.7570343271372518,1.666498745843998,2.1309256031151365,2.9567874467241686,2.1309256031151365,2.9567874467241686,0.0,0.0,0.0,0.997,0.0030000000000000027,0.0,0.0,0.003,0.0,0.0036613257993012667,0.0036630499525927007,0.004720079858088866,successful_trials_only,False,False
srp_paired_full,harmonic_stress,evaluation,square,az120_el50,120.0,50.0,5.0,5.0,1024,all_6,500,1000,490636154,1399277046,1399277046,equal_weight_srp_phat,gcc_correlation_interpolated,True,1000,0,1.0,0.00034561693338529324,0.06868747262661606,0.07184589420420552,0.9070406850802188,0.7470540969846885,1.5760835228393555,2.0620474341878716,2.4535171970170984,2.0620474341878716,2.4535171970170984,0.0,0.0,0.0,1.0,0.0,0.0,0.0,0.0,0.0,0.006857979298802093,0.006647700094617903,0.009353285067481917,successful_trials_only,True,False
srp_paired_full,harmonic_stress,evaluation,square,az120_el50,120.0,50.0,10.0,10.0,1024,reference_3,500,1000,2560980686,2851045818,2851045818,reference_3_gcc_wls,not_applicable,True,1000,0,1.0,-0.0005891956088421444,0.20113386893758226,0.20290838946043374,0.9176152871314525,0.7180109399819805,1.7254347610088536,2.0250902207790844,2.219253354783365,2.0250902207790844,2.219253354783365,0.0,0.0,0.0,1.0,0.0,0.0,0.0,0.0,0.0,0.0032872495043557138,0.003299600095488131,0.004281980008818209,successful_trials_only,False,False
srp_paired_full,harmonic_stress,evaluation,square,az120_el50,120.0,50.0,10.0,10.0,1024,all_6,500,1000,2560980686,2851045818,2851045818,all_6_equal_gcc_wls,not_applicable,True,1000,0,1.0,-0.0051681149100269285,0.15923815841446848,0.16048694085997223,0.5924188037267155,0.47937960273125574,1.0377674808367168,1.2831189280194644,1.4799028038147308,1.2831189280194644,1.4799028038147308,0.0,0.0,0.0,1.0,0.0,0.0,0.0,0.0,0.0,0.0032403687986079606,0.0032485999981872737,0.004244625067804008,successful_trials_only,False,False
srp_paired_full,harmonic_stress,evaluation,square,az120_el50,120.0,50.0,10.0,10.0,1024,all_6,500,1000,2560980686,2851045818,2851045818,all_6_calibrated_gcc_wls,not_applicable,True,994,6,0.994,-0.02222622725423775,0.02322540604312908,0.02838969134523979,0.6002462018930462,0.47730986263892766,1.075887176235489,1.3662899875231955,1.6104452212924405,1.3662899875231955,1.6104452212924405,0.0,0.0,0.0,0.994,0.006000000000000005,0.0,0.0,0.006,0.0,0.0036554442988708615,0.0037171500152908266,0.004775755043374375,successful_trials_only,False,False
srp_paired_full,harmonic_stress,evaluation,square,az120_el50,120.0,50.0,10.0,10.0,1024,all_6,500,1000,2560980686,2851045818,2851045818,equal_weight_srp_phat,gcc_correlation_interpolated,True,1000,0,1.0,-0.007693394670362193,0.16081824855799745,0.16213215579898937,0.5976953623605641,0.4769578273635691,1.0585712677263985,1.3178275062034042,1.472184540400552,1.3178275062034042,1.472184540400552,0.0,0.0,0.0,1.0,0.0,0.0,0.0,0.0,0.0,0.00644091870135162,0.006130549940280616,0.008731034892844035,successful_trials_only,True,False
srp_paired_full,harmonic_stress,evaluation,square,az120_el50,120.0,50.0,20.0,20.0,1024,reference_3,500,1000,35624085,3903956481,3903956481,reference_3_gcc_wls,not_applicable,True,1000,0,1.0,-0.1574876479958964,0.4003088311316567,0.413225538805672,0.6741978061766274,0.5225256659900052,1.2228857220809026,1.5517697714700338,1.7993635981981895,1.5517697714700338,1.7993635981981895,0.0,0.0,0.0,1.0,0.0,0.0,0.0,0.0,0.0,0.0031504191043786704,0.003132349986117333,0.004164954932639376,successful_trials_only,False,False
srp_paired_full,harmonic_stress,evaluation,square,az120_el50,120.0,50.0,20.0,20.0,1024,all_6,500,1000,35624085,3903956481,3903956481,all_6_equal_gcc_wls,not_applicable,True,1000,0,1.0,-0.1466180018881816,0.2802633448486081,0.2959708827615198,0.4550347671649225,0.3753454061165268,0.7976620137781414,0.9656823699768426,1.1957463817397018,0.9656823699768426,1.1957463817397018,0.0,0.0,0.0,1.0,0.0,0.0,0.0,0.0,0.0,0.003100861501414329,0.0030673000146634877,0.004157800000393763,successful_trials_only,False,False
srp_paired_full,harmonic_stress,evaluation,square,az120_el50,120.0,50.0,20.0,20.0,1024,all_6,500,1000,35624085,3903956481,3903956481,all_6_calibrated_gcc_wls,not_applicable,True,990,10,0.99,-0.0013462793170971373,-0.018527979686237532,0.018006135540547474,0.37759738466580256,0.3075571825943081,0.6512031128533462,0.8536140654718237,1.0608691069600893,0.8536140654718237,1.0608691069600893,0.0,0.0,0.0,0.99,0.010000000000000009,0.0,0.0,0.01,0.0,0.003492973103071563,0.0035093000042252243,0.004667040024651214,successful_trials_only,False,False
srp_paired_full,harmonic_stress,evaluation,square,az120_el50,120.0,50.0,20.0,20.0,1024,all_6,500,1000,35624085,3903956481,3903956481,equal_weight_srp_phat,gcc_correlation_interpolated,True,1000,0,1.0,-0.155458904902969,0.29068093539751466,0.30765699605167285,0.4689373231169668,0.3876262924654678,0.8185032757333442,0.9831241447470148,1.2169021517154583,0.9831241447470148,1.2169021517154583,0.0,0.0,0.0,1.0,0.0,0.0,0.0,0.0,0.0,0.006630685804528184,0.006291550118476152,0.009446464979555456,successful_trials_only,True,False
srp_paired_full,harmonic_stress,evaluation,square,az120_el50,120.0,50.0,30.0,30.0,1024,reference_3,500,1000,2277761058,2934590641,2934590641,reference_3_gcc_wls,not_applicable,True,1000,0,1.0,-0.4352407532896401,0.8905804297437068,0.9338100744613053,1.2253335626445176,1.0488207282135116,2.0711598839880296,2.4575872103203715,2.593159931252638,2.4575872103203715,2.593159931252638,0.0,0.0,0.0,1.0,0.0,0.0,0.0,0.0,0.0,0.00309047810069751,0.0030394000350497663,0.004021685005864128,successful_trials_only,False,False
srp_paired_full,harmonic_stress,evaluation,square,az120_el50,120.0,50.0,30.0,30.0,1024,all_6,500,1000,2277761058,2934590641,2934590641,all_6_equal_gcc_wls,not_applicable,True,1000,0,1.0,-0.37696437174953185,0.5821797547233788,0.6309753237806275,0.811912761867742,0.7247837044983066,1.33793613716485,1.5641708144151292,1.7139715323412612,1.5641708144151292,1.7139715323412612,0.0,0.0,0.0,1.0,0.0,0.0,0.0,0.0,0.0,0.003047972799278796,0.002990199951454997,0.003973044990561903,successful_trials_only,False,False
srp_paired_full,harmonic_stress,evaluation,square,az120_el50,120.0,50.0,30.0,30.0,1024,all_6,500,1000,2277761058,2934590641,2934590641,all_6_calibrated_gcc_wls,not_applicable,True,993,7,0.993,-0.09884815761996031,0.02135760392816882,0.0674334400829012,0.5371176777039627,0.4279304849903405,0.9372334740258054,1.3045502951197947,1.771362875366484,1.3045502951197947,1.771362875366484,0.0,0.0,0.0,0.993,0.007000000000000006,0.0,0.0,0.007,0.0,0.003423631002311595,0.003366850025486201,0.004483990021981298,successful_trials_only,False,False
srp_paired_full,harmonic_stress,evaluation,square,az120_el50,120.0,50.0,30.0,30.0,1024,all_6,500,1000,2277761058,2934590641,2934590641,equal_weight_srp_phat,gcc_correlation_interpolated,True,1000,0,1.0,-0.42934552289869765,0.6474468246481957,0.7040685282984451,0.891652162723868,0.804026860093574,1.4794641690069703,1.7090596650257033,1.929759934355605,1.7090596650257033,1.929759934355605,0.0,0.0,0.0,1.0,0.0,0.0,0.0,0.0,0.0,0.006731311099254526,0.006301050074398518,0.0095281750196591,successful_trials_only,True,False
srp_paired_full,deterministic_multisine,evaluation,tetrahedral,az20_el10,20.0,10.0,-10.0,-10.0,1024,reference_3,500,1000,397549905,692719695,692719695,reference_3_gcc_wls,not_applicable,True,1000,0,1.0,-3.6813268156556016,6.188491630312919,11.887576165784644,51.70753143707737,15.821838634248694,101.24459445247513,132.0905429906385,156.85538055923334,132.0905429906385,156.85538055923334,0.665,0.574,0.409,1.0,0.0,0.0,0.051,0.0,0.409,0.0030861659997608515,0.003040349925868213,0.00405412001418881,successful_trials_only,False,False
srp_paired_full,deterministic_multisine,evaluation,tetrahedral,az20_el10,20.0,10.0,-10.0,-10.0,1024,all_6,500,1000,397549905,692719695,692719695,all_6_equal_gcc_wls,not_applicable,True,1000,0,1.0,-4.147727332427854,2.954062165414846,5.074229052271527,33.559118608959814,13.086601746212544,74.3321863650428,124.12426671237266,159.07564821064108,124.12426671237266,159.07564821064108,0.702,0.579,0.259,1.0,0.0,0.0,0.051,0.0,0.259,0.0030901285021100195,0.0030506000039167702,0.004004870099015534,successful_trials_only,False,False
srp_paired_full,deterministic_multisine,evaluation,tetrahedral,az20_el10,20.0,10.0,-10.0,-10.0,1024,all_6,500,1000,397549905,692719695,692719695,all_6_calibrated_gcc_wls,not_applicable,True,983,17,0.983,-0.2510857105485383,0.9725005919739413,1.2674461798579113,20.695238150135058,5.508448819014534,40.99567809502896,78.85540553206413,146.9427598466494,78.85540553206413,146.9427598466494,0.5239064089521872,0.35096642929806715,0.09155645981688708,0.983,0.017000000000000015,0.0,0.051,0.017,0.09155645981688708,0.003484009701991454,0.0034796999534592032,0.00452441499219276,successful_trials_only,False,False
srp_paired_full,deterministic_multisine,evaluation,tetrahedral,az20_el10,20.0,10.0,-10.0,-10.0,1024,all_6,500,1000,397549905,692719695,692719695,equal_weight_srp_phat,gcc_correlation_interpolated,True,1000,0,1.0,0.06587383462704217,0.4012911641822668,0.4145645812192268,7.330131354521374,1.5828144362431413,5.212267113610828,26.22760896774176,83.93900291617861,26.22760896774176,83.93900291617861,0.054,0.025,0.008,1.0,0.0,0.0,0.0,0.0,0.008,0.006966952603426762,0.006531749968416989,0.010051549930358304,successful_trials_only,True,False
srp_paired_full,deterministic_multisine,evaluation,tetrahedral,az20_el10,20.0,10.0,-8.0,-8.0,1024,reference_3,500,1000,2768304878,681767825,681767825,reference_3_gcc_wls,not_applicable,True,1000,0,1.0,-0.6203956026346024,2.160461174129455,3.3244252585023557,29.91797769232292,2.4441582821688717,87.47802038885669,103.1110852093803,143.5547685162007,103.1110852093803,143.5547685162007,0.282,0.225,0.156,1.0,0.0,0.0,0.019,0.0,0.156,0.003180038900813088,0.0031362500740215182,0.004162564914440736,successful_trials_only,False,False
srp_paired_full,deterministic_multisine,evaluation,tetrahedral,az20_el10,20.0,10.0,-8.0,-8.0,1024,all_6,500,1000,2768304878,681767825,681767825,all_6_equal_gcc_wls,not_applicable,True,1000,0,1.0,-1.44717162173886,0.6001986844873963,1.1416433653319618,16.938222015852745,1.7314091710091755,36.79566481047159,70.36541195884467,150.76686109860503,70.36541195884467,150.76686109860503,0.293,0.225,0.08,1.0,0.0,0.0,0.019,0.0,0.08,0.0032005599009571595,0.0031576500041410327,0.004160425008740276,successful_trials_only,False,False
srp_paired_full,deterministic_multisine,evaluation,tetrahedral,az20_el10,20.0,10.0,-8.0,-8.0,1024,all_6,500,1000,2768304878,681767825,681767825,all_6_calibrated_gcc_wls,not_applicable,True,978,22,0.978,0.15481180171483766,0.09783890566612313,0.2053186477768028,5.945148952622533,1.4866039953711254,8.887283345680023,29.88577093829785,51.25111627179257,29.88577093829785,51.25111627179257,0.08997955010224949,0.04805725971370143,0.010224948875255624,0.978,0.02200000000000002,0.0,0.019,0.022,0.010224948875255624,0.003592325799865648,0.0035985999857075512,0.004610915062949061,successful_trials_only,False,False
srp_paired_full,deterministic_multisine,evaluation,tetrahedral,az20_el10,20.0,10.0,-8.0,-8.0,1024,all_6,500,1000,2768304878,681767825,681767825,equal_weight_srp_phat,gcc_correlation_interpolated,True,1000,0,1.0,-0.04472842150360967,-0.024997891788306498,0.05011802568026844,1.425823875813565,1.1245293945991834,2.5392213924137335,3.4428035242165773,4.693685476132256,3.4428035242165773,4.693685476132256,0.001,0.0,0.0,1.0,0.0,0.0,0.0,0.0,0.0,0.00731541110330727,0.006937399972230196,0.011288945004343982,successful_trials_only,True,False
srp_paired_full,deterministic_multisine,evaluation,tetrahedral,az20_el10,20.0,10.0,-6.0,-6.0,1024,reference_3,500,1000,1298137076,1184240916,1184240916,reference_3_gcc_wls,not_applicable,True,1000,0,1.0,-0.1346077986144848,0.48366250480597966,0.7637369560861407,13.903778348834976,1.3902512352748653,4.051192668018473,95.67753226121727,103.81222351941318,95.67753226121727,103.81222351941318,0.043,0.04,0.028,1.0,0.0,0.0,0.002,0.0,0.028,0.003059519497677684,0.002993950038217008,0.004136059939628466,successful_trials_only,False,False
srp_paired_full,deterministic_multisine,evaluation,tetrahedral,az20_el10,20.0,10.0,-6.0,-6.0,1024,all_6,500,1000,1298137076,1184240916,1184240916,all_6_equal_gcc_wls,not_applicable,True,1000,0,1.0,-0.2608900692051613,0.0350045175569102,0.16670741016219082,6.668702373459891,0.8527141129160135,3.4677133744985036,31.545963526444567,71.31521190494864,31.545963526444567,71.31521190494864,0.045,0.034,0.014,1.0,0.0,0.0,0.002,0.0,0.014,0.0030615670980187132,0.0029817999457009137,0.004095764987869188,successful_trials_only,False,False
srp_paired_full,deterministic_multisine,evaluation,tetrahedral,az20_el10,20.0,10.0,-6.0,-6.0,1024,all_6,500,1000,1298137076,1184240916,1184240916,all_6_calibrated_gcc_wls,not_applicable,True,989,11,0.989,0.0043958962769434584,0.10691565342787608,0.1097209527833126,1.613398777226853,1.023189784272652,2.490948633693306,3.614125541900752,9.816054187404847,3.614125541900752,9.816054187404847,0.0020222446916076846,0.0010111223458038423,0.0,0.989,0.01100000000000001,0.0,0.002,0.011,0.0,0.003474555196007714,0.0034243499976582825,0.004612899851053952,successful_trials_only,False,False
srp_paired_full,deterministic_multisine,evaluation,tetrahedral,az20_el10,20.0,10.0,-6.0,-6.0,1024,all_6,500,1000,1298137076,1184240916,1184240916,equal_weight_srp_phat,gcc_correlation_interpolated,True,1000,0,1.0,0.011864024744623914,0.03379400515875882,0.03645438413203113,0.9784109242527209,0.7804296890280173,1.7182086147139184,2.24236437510042,2.774920203491025,2.24236437510042,2.774920203491025,0.0,0.0,0.0,1.0,0.0,0.0,0.0,0.0,0.0,0.006759105197386816,0.006341800035443157,0.009445514972321689,successful_trials_only,True,False
srp_paired_full,deterministic_multisine,evaluation,tetrahedral,az20_el10,20.0,10.0,-4.0,-4.0,1024,reference_3,500,1000,3608987616,761765435,761765435,reference_3_gcc_wls,not_applicable,True,1000,0,1.0,0.07581402752899383,-0.04709806793313476,0.08822188050461102,1.295267684920671,0.9941862100226336,2.2840285476764715,2.965408487381143,4.731948153821663,2.965408487381143,4.731948153821663,0.001,0.001,0.0,1.0,0.0,0.0,0.0,0.0,0.0,0.002997442399151623,0.0029216999537311494,0.004008960135979577,successful_trials_only,False,False
srp_paired_full,deterministic_multisine,evaluation,tetrahedral,az20_el10,20.0,10.0,-4.0,-4.0,1024,all_6,500,1000,3608987616,761765435,761765435,all_6_equal_gcc_wls,not_applicable,True,1000,0,1.0,0.04023682860316018,0.005186772844546267,0.040031499401463555,0.7505945582223638,0.5993506312624463,1.3097880931615224,1.700418054168819,2.4073005965083407,1.700418054168819,2.4073005965083407,0.0,0.0,0.0,1.0,0.0,0.0,0.0,0.0,0.0,0.003012284998665564,0.0029359000036492944,0.004008125013206154,successful_trials_only,False,False
srp_paired_full,deterministic_multisine,evaluation,tetrahedral,az20_el10,20.0,10.0,-4.0,-4.0,1024,all_6,500,1000,3608987616,761765435,761765435,all_6_calibrated_gcc_wls,not_applicable,True,992,8,0.992,0.04543390467843805,0.019519114637018165,0.0489837160141102,0.785867477731287,0.6138270251921905,1.4128341176437467,1.7586447665983087,2.500296144033773,1.7586447665983087,2.500296144033773,0.0,0.0,0.0,0.992,0.008000000000000007,0.0,0.0,0.008,0.0,0.003390129999956116,0.003316549933515489,0.004485070041846484,successful_trials_only,False,False
srp_paired_full,deterministic_multisine,evaluation,tetrahedral,az20_el10,20.0,10.0,-4.0,-4.0,1024,all_6,500,1000,3608987616,761765435,761765435,equal_weight_srp_phat,gcc_correlation_interpolated,True,1000,0,1.0,0.03594489035479294,0.013353081506233513,0.037972885798453995,0.7213059102499559,0.5864854689824122,1.2730798892689856,1.6086222618522246,2.0684947735409858,1.6086222618522246,2.0684947735409858,0.0,0.0,0.0,1.0,0.0,0.0,0.0,0.0,0.0,0.006956657398142852,0.006604800000786781,0.009918829967500641,successful_trials_only,True,False
srp_paired_full,deterministic_multisine,evaluation,tetrahedral,az20_el10,20.0,10.0,-2.0,-2.0,1024,reference_3,500,1000,3301082989,2367953005,2367953005,reference_3_gcc_wls,not_applicable,True,1000,0,1.0,0.03127615129439355,-0.016210279883146116,0.0347855886701879,0.9094162202259396,0.7534510847533468,1.5964792761855806,2.016110370708044,2.4634976269716713,2.016110370708044,2.4634976269716713,0.0,0.0,0.0,1.0,0.0,0.0,0.0,0.0,0.0,0.0030963871029671282,0.003049599996302277,0.004103640152607113,successful_trials_only,False,False
srp_paired_full,deterministic_multisine,evaluation,tetrahedral,az20_el10,20.0,10.0,-2.0,-2.0,1024,all_6,500,1000,3301082989,2367953005,2367953005,all_6_equal_gcc_wls,not_applicable,True,1000,0,1.0,0.020752620171013373,0.029469547597993948,0.0360555074086859,0.5593099448522652,0.47551274528063103,0.9697272922198903,1.205950594373672,1.352067700560838,1.205950594373672,1.352067700560838,0.0,0.0,0.0,1.0,0.0,0.0,0.0,0.0,0.0,0.0031102165000047536,0.003050500003155321,0.004132430034223943,successful_trials_only,False,False
srp_paired_full,deterministic_multisine,evaluation,tetrahedral,az20_el10,20.0,10.0,-2.0,-2.0,1024,all_6,500,1000,3301082989,2367953005,2367953005,all_6_calibrated_gcc_wls,not_applicable,True,991,9,0.991,-0.022834740779237476,0.03597886586554657,0.04267070789479695,0.5939656694541641,0.5119544400607812,1.0136006738259773,1.2133726174679789,1.7027503956117542,1.2133726174679789,1.7027503956117542,0.0,0.0,0.0,0.991,0.009000000000000008,0.0,0.0,0.009,0.0,0.0035147938036825506,0.003500400052871555,0.0046485650062095376,successful_trials_only,False,False
srp_paired_full,deterministic_multisine,evaluation,tetrahedral,az20_el10,20.0,10.0,-2.0,-2.0,1024,all_6,500,1000,3301082989,2367953005,2367953005,equal_weight_srp_phat,gcc_correlation_interpolated,True,1000,0,1.0,0.023992019012745298,0.02979066331230121,0.03820231760723968,0.556087014602357,0.4623850326505154,0.9691789348053295,1.2040216204731204,1.3715104834853957,1.2040216204731204,1.3715104834853957,0.0,0.0,0.0,1.0,0.0,0.0,0.0,0.0,0.0,0.00668445470079314,0.006314850063063204,0.009432839980581772,successful_trials_only,True,False
srp_paired_full,deterministic_multisine,evaluation,tetrahedral,az20_el10,20.0,10.0,0.0,0.0,1024,reference_3,500,1000,2376626444,1623223841,1623223841,reference_3_gcc_wls,not_applicable,True,1000,0,1.0,0.0288718699022656,0.018502691198793192,0.034280106869096306,0.7150698341926092,0.5915675131245363,1.240109873653898,1.555177204420504,2.0630745145867206,1.555177204420504,2.0630745145867206,0.0,0.0,0.0,1.0,0.0,0.0,0.0,0.0,0.0,0.002965780600672588,0.002913749951403588,0.0038675151008646927,successful_trials_only,False,False
srp_paired_full,deterministic_multisine,evaluation,tetrahedral,az20_el10,20.0,10.0,0.0,0.0,1024,all_6,500,1000,2376626444,1623223841,1623223841,all_6_equal_gcc_wls,not_applicable,True,1000,0,1.0,0.022603529421522734,0.04035004637224133,0.04620159854358915,0.4374391638653079,0.37097608966509904,0.7368683826994211,0.9521488974378064,1.110447575678253,0.9521488974378064,1.110447575678253,0.0,0.0,0.0,1.0,0.0,0.0,0.0,0.0,0.0,0.002975002800580114,0.002923999971244484,0.00389939000015147,successful_trials_only,False,False
srp_paired_full,deterministic_multisine,evaluation,tetrahedral,az20_el10,20.0,10.0,0.0,0.0,1024,all_6,500,1000,2376626444,1623223841,1623223841,all_6_calibrated_gcc_wls,not_applicable,True,995,5,0.995,-0.009721192752827547,-0.011246907583011665,0.014654982996334557,0.4687013492527737,0.39064302814908836,0.8031582244311346,1.0566118446638584,1.1860286968028528,1.0566118446638584,1.1860286968028528,0.0,0.0,0.0,0.995,0.0050000000000000044,0.0,0.0,0.005,0.0,0.003351169900968671,0.00327440002001822,0.0044061950175091616,successful_trials_only,False,False
srp_paired_full,deterministic_multisine,evaluation,tetrahedral,az20_el10,20.0,10.0,0.0,0.0,1024,all_6,500,1000,2376626444,1623223841,1623223841,equal_weight_srp_phat,gcc_correlation_interpolated,True,1000,0,1.0,0.02332842980423981,0.042196585117278154,0.048164061608073336,0.43600318649160186,0.3689211679169462,0.7470212807231672,0.9360957863954138,1.1246234352892994,0.9360957863954138,1.1246234352892994,0.0,0.0,0.0,1.0,0.0,0.0,0.0,0.0,0.0,0.006591913097305223,0.006155699957162142,0.009486804943298921,successful_trials_only,True,False
srp_paired_full,deterministic_multisine,evaluation,tetrahedral,az20_el10,20.0,10.0,2.0,2.0,1024,reference_3,500,1000,25518466,4167730075,4167730075,reference_3_gcc_wls,not_applicable,True,1000,0,1.0,-0.0009966643883393184,-0.017361212715283673,0.017100516828377488,0.5954636700903485,0.49808262145234117,1.0396205009935817,1.324013641548871,1.5557185239107851,1.324013641548871,1.5557185239107851,0.0,0.0,0.0,1.0,0.0,0.0,0.0,0.0,0.0,0.0027666129050776364,0.0025987999979406595,0.003650560084497556,successful_trials_only,False,False
srp_paired_full,deterministic_multisine,evaluation,tetrahedral,az20_el10,20.0,10.0,2.0,2.0,1024,all_6,500,1000,25518466,4167730075,4167730075,all_6_equal_gcc_wls,not_applicable,True,1000,0,1.0,0.028478177833334894,0.0036565295898210223,0.02829718988998215,0.3479481406344062,0.28307875558619655,0.6138947781392308,0.7642854339258558,0.8820635158058079,0.7642854339258558,0.8820635158058079,0.0,0.0,0.0,1.0,0.0,0.0,0.0,0.0,0.0,0.0027788214014144615,0.002613999939057976,0.0036586901405826202,successful_trials_only,False,False
srp_paired_full,deterministic_multisine,evaluation,tetrahedral,az20_el10,20.0,10.0,2.0,2.0,1024,all_6,500,1000,25518466,4167730075,4167730075,all_6_calibrated_gcc_wls,not_applicable,True,993,7,0.993,0.030196118273416245,-0.006974090029680931,0.030526627463346192,0.37434945227930083,0.30433076545750315,0.6605794746694037,0.8494096792557975,1.0343835656673763,0.8494096792557975,1.0343835656673763,0.0,0.0,0.0,0.993,0.007000000000000006,0.0,0.0,0.007,0.0,0.0031249944015871735,0.0029602000140585005,0.004108240071218459,successful_trials_only,False,False
srp_paired_full,deterministic_multisine,evaluation,tetrahedral,az20_el10,20.0,10.0,2.0,2.0,1024,all_6,500,1000,25518466,4167730075,4167730075,equal_weight_srp_phat,gcc_correlation_interpolated,True,1000,0,1.0,0.03155136088450562,0.0054209427634514746,0.03155933866630051,0.3460664352783102,0.2805694339228921,0.5999133233256913,0.7497469650204333,0.8246731873011038,0.7497469650204333,0.8246731873011038,0.0,0.0,0.0,1.0,0.0,0.0,0.0,0.0,0.0,0.0062407778046326716,0.005748300056438893,0.008867529995040967,successful_trials_only,True,False
srp_paired_full,deterministic_multisine,evaluation,tetrahedral,az20_el10,20.0,10.0,5.0,5.0,1024,reference_3,500,1000,1800744940,2012046939,2012046939,reference_3_gcc_wls,not_applicable,True,1000,0,1.0,-0.02651049212003308,-0.027354788668485598,0.037641361983881655,0.4598172356412537,0.3751457953264158,0.7921324230272743,0.9702514062496955,1.1481199702145461,0.9702514062496955,1.1481199702145461,0.0,0.0,0.0,1.0,0.0,0.0,0.0,0.0,0.0,0.0028041448023868724,0.002660950005520135,0.0036943299579434096,successful_trials_only,False,False
srp_paired_full,deterministic_multisine,evaluation,tetrahedral,az20_el10,20.0,10.0,5.0,5.0,1024,all_6,500,1000,1800744940,2012046939,2012046939,all_6_equal_gcc_wls,not_applicable,True,1000,0,1.0,0.008677991432322864,0.002799220921430401,0.009002379780554595,0.25220340593605833,0.20853165775664037,0.4278405970855138,0.5173076196877496,0.6383445489087683,0.5173076196877496,0.6383445489087683,0.0,0.0,0.0,1.0,0.0,0.0,0.0,0.0,0.0,0.00281853350054007,0.0026604999438859522,0.0037542849546298384,successful_trials_only,False,False
srp_paired_full,deterministic_multisine,evaluation,tetrahedral,az20_el10,20.0,10.0,5.0,5.0,1024,all_6,500,1000,1800744940,2012046939,2012046939,all_6_calibrated_gcc_wls,not_applicable,True,993,7,0.993,0.0070187694139701735,-0.029739217426041648,0.030483828882393756,0.271134673734186,0.2180184553315382,0.4630452068930241,0.6330999408764064,0.7631838714017969,0.6330999408764064,0.7631838714017969,0.0,0.0,0.0,0.993,0.007000000000000006,0.0,0.0,0.007,0.0,0.003175158497761004,0.00299354997696355,0.0041835699521470815,successful_trials_only,False,False
srp_paired_full,deterministic_multisine,evaluation,tetrahedral,az20_el10,20.0,10.0,5.0,5.0,1024,all_6,500,1000,1800744940,2012046939,2012046939,equal_weight_srp_phat,gcc_correlation_interpolated,True,1000,0,1.0,0.012864069291245195,0.006455266046265166,0.014234031639284713,0.24930005134874722,0.20601150051834138,0.426772629715563,0.513817841909711,0.6268232845871529,0.513817841909711,0.6268232845871529,0.0,0.0,0.0,1.0,0.0,0.0,0.0,0.0,0.0,0.006308483498869464,0.005782749969512224,0.009181589947547763,successful_trials_only,True,False
srp_paired_full,deterministic_multisine,evaluation,tetrahedral,az20_el10,20.0,10.0,10.0,10.0,1024,reference_3,500,1000,3314181436,1233353448,1233353448,reference_3_gcc_wls,not_applicable,True,1000,0,1.0,-0.05176362879729919,-0.06980268077008366,0.08637040088231564,0.3062342444267944,0.2570217979159963,0.5195142005506156,0.6760380112029941,0.7877698966021895,0.6760380112029941,0.7877698966021895,0.0,0.0,0.0,1.0,0.0,0.0,0.0,0.0,0.0,0.0026781218984397127,0.00246304995380342,0.003544534975662827,successful_trials_only,False,False
srp_paired_full,deterministic_multisine,evaluation,tetrahedral,az20_el10,20.0,10.0,10.0,10.0,1024,all_6,500,1000,3314181436,1233353448,1233353448,all_6_equal_gcc_wls,not_applicable,True,1000,0,1.0,0.014594790938267974,-9.675272145725422e-06,0.014366010366077948,0.16058065591878118,0.13435235313665098,0.2758867420551785,0.33989806794361294,0.380115509510649,0.33989806794361294,0.380115509510649,0.0,0.0,0.0,1.0,0.0,0.0,0.0,0.0,0.0,0.002685150901786983,0.002464700082782656,0.003554154938319698,successful_trials_only,False,False
srp_paired_full,deterministic_multisine,evaluation,tetrahedral,az20_el10,20.0,10.0,10.0,10.0,1024,all_6,500,1000,3314181436,1233353448,1233353448,all_6_calibrated_gcc_wls,not_applicable,True,994,6,0.994,0.0019929388818057544,-0.010689448091035185,0.010850814481717298,0.15713888826143765,0.12969473917124108,0.26822515636837035,0.3400197723486853,0.39245445825197695,0.3400197723486853,0.39245445825197695,0.0,0.0,0.0,0.994,0.006000000000000005,0.0,0.0,0.006,0.0,0.0030078344983048735,0.00277564994757995,0.003953499958151951,successful_trials_only,False,False
srp_paired_full,deterministic_multisine,evaluation,tetrahedral,az20_el10,20.0,10.0,10.0,10.0,1024,all_6,500,1000,3314181436,1233353448,1233353448,equal_weight_srp_phat,gcc_correlation_interpolated,True,1000,0,1.0,0.024789697342647653,0.012568123914917026,0.02746043603733964,0.15905238995199963,0.13396532243260553,0.27130412562211337,0.32994484332000684,0.3811922326022857,0.32994484332000684,0.3811922326022857,0.0,0.0,0.0,1.0,0.0,0.0,0.0,0.0,0.0,0.006316412998712622,0.005744949972722679,0.009271914942655713,successful_trials_only,True,False
srp_paired_full,deterministic_multisine,evaluation,tetrahedral,az20_el10,20.0,10.0,20.0,20.0,1024,reference_3,500,1000,792081178,1262468886,1262468886,reference_3_gcc_wls,not_applicable,True,1000,0,1.0,-0.13750626241818972,-0.17030142188803474,0.21758533665850832,0.26127172886051486,0.24575316789699156,0.395451684327898,0.4506432619565115,0.5203716896019183,0.4506432619565115,0.5203716896019183,0.0,0.0,0.0,1.0,0.0,0.0,0.0,0.0,0.0,0.002364308400428854,0.002292799879796803,0.002703464980004355,successful_trials_only,False,False
srp_paired_full,deterministic_multisine,evaluation,tetrahedral,az20_el10,20.0,10.0,20.0,20.0,1024,all_6,500,1000,792081178,1262468886,1262468886,all_6_equal_gcc_wls,not_applicable,True,1000,0,1.0,-0.017017381322430802,-0.04423983534056824,0.047305196382776825,0.0871232397867339,0.07290883712345314,0.14935838924722286,0.17893169587544333,0.2244026722237018,0.17893169587544333,0.2244026722237018,0.0,0.0,0.0,1.0,0.0,0.0,0.0,0.0,0.0,0.002371282300679013,0.0022991999867372215,0.0027026499796193094,successful_trials_only,False,False
srp_paired_full,deterministic_multisine,evaluation,tetrahedral,az20_el10,20.0,10.0,20.0,20.0,1024,all_6,500,1000,792081178,1262468886,1262468886,all_6_calibrated_gcc_wls,not_applicable,True,995,5,0.995,0.0024546797370148207,-0.01440166903939697,0.014599921596764192,0.07155807025057846,0.05370239913099482,0.13421712285581955,0.17335084383759514,0.2353932662260349,0.17335084383759514,0.2353932662260349,0.0,0.0,0.0,0.995,0.0050000000000000044,0.0,0.0,0.005,0.0,0.0026476267016259953,0.002580750035122037,0.002991510077845305,successful_trials_only,False,False
srp_paired_full,deterministic_multisine,evaluation,tetrahedral,az20_el10,20.0,10.0,20.0,20.0,1024,all_6,500,1000,792081178,1262468886,1262468886,equal_weight_srp_phat,gcc_correlation_interpolated,True,1000,0,1.0,0.009653540729229627,-0.012272766293838337,0.015521299490855603,0.07184291965982614,0.056914482863120314,0.127863201180785,0.15507303140539738,0.17667532624685472,0.15507303140539738,0.17667532624685472,0.0,0.0,0.0,1.0,0.0,0.0,0.0,0.0,0.0,0.004985011999728158,0.004836149979382753,0.006158384971786289,successful_trials_only,True,False
srp_paired_full,deterministic_multisine,evaluation,tetrahedral,az20_el10,20.0,10.0,30.0,30.0,1024,reference_3,500,1000,3221072019,3322384401,3322384401,reference_3_gcc_wls,not_applicable,True,1000,0,1.0,-0.14939390624047041,-0.18842970837106204,0.23908572596205063,0.24849669093001991,0.24554105445101987,0.3101428346632692,0.339759252530338,0.35503713084675437,0.339759252530338,0.35503713084675437,0.0,0.0,0.0,1.0,0.0,0.0,0.0,0.0,0.0,0.0029436270017176866,0.003033250046428293,0.0035381099267397073,successful_trials_only,False,False
srp_paired_full,deterministic_multisine,evaluation,tetrahedral,az20_el10,20.0,10.0,30.0,30.0,1024,all_6,500,1000,3221072019,3322384401,3322384401,all_6_equal_gcc_wls,not_applicable,True,1000,0,1.0,-0.033407360299626446,-0.06144080124103908,0.06969575573036002,0.0765841783353526,0.07308014747645254,0.11020911708939934,0.12527054296830545,0.13156124941757416,0.12527054296830545,0.13156124941757416,0.0,0.0,0.0,1.0,0.0,0.0,0.0,0.0,0.0,0.002953957197372802,0.003065599943511188,0.00354004506370984,successful_trials_only,False,False
srp_paired_full,deterministic_multisine,evaluation,tetrahedral,az20_el10,20.0,10.0,30.0,30.0,1024,all_6,500,1000,3221072019,3322384401,3322384401,all_6_calibrated_gcc_wls,not_applicable,True,998,2,0.998,-0.0009493792899152062,-0.004338216484279279,0.004437281198163021,0.027590173949740712,0.022016047999357573,0.05107241250747776,0.06647133574054656,0.0810954900465357,0.06647133574054656,0.0810954900465357,0.0,0.0,0.0,0.998,0.0020000000000000018,0.0,0.0,0.002,0.0,0.003391630701138638,0.0035427998518571258,0.004053465009201318,successful_trials_only,False,False
srp_paired_full,deterministic_multisine,evaluation,tetrahedral,az20_el10,20.0,10.0,30.0,30.0,1024,all_6,500,1000,3221072019,3322384401,3322384401,equal_weight_srp_phat,gcc_correlation_interpolated,True,1000,0,1.0,-0.005003860826229957,-0.02665421234464285,0.02710538618309426,0.03998849265471207,0.034583934399718796,0.06573103691273756,0.08307411741519655,0.09065475591152619,0.08307411741519655,0.09065475591152619,0.0,0.0,0.0,1.0,0.0,0.0,0.0,0.0,0.0,0.004940496799303219,0.004815200052689761,0.006141559965908527,successful_trials_only,True,False
srp_paired_full,random_broadband,evaluation,tetrahedral,az20_el10,20.0,10.0,-10.0,-10.0,1024,reference_3,500,1000,1386924243,2630446689,2630446689,reference_3_gcc_wls,not_applicable,True,1000,0,1.0,-1.7987847174262928,2.1131695413726463,3.068513456918849,30.12483397677815,1.3065785693028371,90.03513127303692,103.52435124318919,138.16447556668882,103.52435124318919,138.16447556668882,0.214,0.212,0.162,1.0,0.0,0.0,0.014,0.0,0.162,0.003735102298902348,0.0037536999443545938,0.004292144969804212,successful_trials_only,False,False
srp_paired_full,random_broadband,evaluation,tetrahedral,az20_el10,20.0,10.0,-10.0,-10.0,1024,all_6,500,1000,1386924243,2630446689,2630446689,all_6_equal_gcc_wls,not_applicable,True,1000,0,1.0,-1.2749134993035616,1.3413397671452494,1.8013356556012055,20.183189144246267,1.2210753620222268,42.251571007762536,75.1626958550678,148.38128521555677,75.1626958550678,148.38128521555677,0.373,0.313,0.097,1.0,0.0,0.0,0.014,0.0,0.097,0.0037325073988176884,0.003743349981959909,0.0042980250145774335,successful_trials_only,False,False
srp_paired_full,random_broadband,evaluation,tetrahedral,az20_el10,20.0,10.0,-10.0,-10.0,1024,all_6,500,1000,1386924243,2630446689,2630446689,all_6_calibrated_gcc_wls,not_applicable,True,980,20,0.98,0.4017962098442377,0.440758327073986,0.6004464669517523,12.27932194277249,1.427560243006139,18.2062371214691,61.04898505097914,135.6728066765682,61.04898505097914,135.6728066765682,0.1326530612244898,0.10306122448979592,0.02857142857142857,0.98,0.020000000000000018,0.0,0.014,0.02,0.02857142857142857,0.004143794997013174,0.004183649958577007,0.004805874923476949,successful_trials_only,False,False
srp_paired_full,random_broadband,evaluation,tetrahedral,az20_el10,20.0,10.0,-10.0,-10.0,1024,all_6,500,1000,1386924243,2630446689,2630446689,equal_weight_srp_phat,gcc_correlation_interpolated,True,1000,0,1.0,-0.02823696008226066,-0.00458719398978852,0.028140267864304406,0.8818643062196794,0.7216925436699405,1.5982067958299997,1.9896213328402226,2.1802552730756406,1.9896213328402226,2.1802552730756406,0.0,0.0,0.0,1.0,0.0,0.0,0.0,0.0,0.0,0.008402706497930922,0.008039650041610003,0.011803434998728334,successful_trials_only,True,False
srp_paired_full,random_broadband,evaluation,tetrahedral,az20_el10,20.0,10.0,-8.0,-8.0,1024,reference_3,500,1000,1812467219,3642316274,3642316274,reference_3_gcc_wls,not_applicable,True,1000,0,1.0,0.37734683657587687,-0.07087679107703884,0.2511375446927982,6.1270397025890135,0.7504882468879163,1.7689234338379796,6.836765743502671,92.74480473940537,6.836765743502671,92.74480473940537,0.011,0.01,0.007,1.0,0.0,0.0,0.001,0.0,0.007,0.0028599035005318,0.002703449921682477,0.0040496100904420015,successful_trials_only,False,False
srp_paired_full,random_broadband,evaluation,tetrahedral,az20_el10,20.0,10.0,-8.0,-8.0,1024,all_6,500,1000,1812467219,3642316274,3642316274,all_6_equal_gcc_wls,not_applicable,True,1000,0,1.0,0.04437973823306941,-0.04811882982626688,0.06386133143774643,2.3069826727827376,0.5284190575695471,1.175400506753548,10.922031194636991,26.65107149148159,10.922031194636991,26.65107149148159,0.017,0.013,0.0,1.0,0.0,0.0,0.001,0.0,0.0,0.0028654790975851936,0.0027369499439373612,0.003987199976108968,successful_trials_only,False,False
srp_paired_full,random_broadband,evaluation,tetrahedral,az20_el10,20.0,10.0,-8.0,-8.0,1024,all_6,500,1000,1812467219,3642316274,3642316274,all_6_calibrated_gcc_wls,not_applicable,True,989,11,0.989,0.006040825403265351,-0.008843626038917678,0.010259547298816164,0.7616550618442526,0.6124565709585793,1.326629636888251,1.6628464277968131,3.1666253562922817,1.6628464277968131,3.1666253562922817,0.0,0.0,0.0,0.989,0.01100000000000001,0.0,0.001,0.011,0.0,0.0032440622019348666,0.0031070499680936337,0.004496704903431237,successful_trials_only,False,False
srp_paired_full,random_broadband,evaluation,tetrahedral,az20_el10,20.0,10.0,-8.0,-8.0,1024,all_6,500,1000,1812467219,3642316274,3642316274,equal_weight_srp_phat,gcc_correlation_interpolated,True,1000,0,1.0,-0.0027411859057646583,-0.014775244825854024,0.014713677474057546,0.6227178869353063,0.5192995245532243,1.096342450423621,1.3613984666914074,1.70470080154781,1.3613984666914074,1.70470080154781,0.0,0.0,0.0,1.0,0.0,0.0,0.0,0.0,0.0,0.006546581399394199,0.006036700040567666,0.009534365049330515,successful_trials_only,True,False
srp_paired_full,random_broadband,evaluation,tetrahedral,az20_el10,20.0,10.0,-6.0,-6.0,1024,reference_3,500,1000,1004010425,771946449,771946449,reference_3_gcc_wls,not_applicable,True,1000,0,1.0,-0.02405757973215949,-0.02477585390127472,0.03397538803004677,0.6440140244669689,0.534867455465038,1.090574904415961,1.403332611765217,1.6630296975264132,1.403332611765217,1.6630296975264132,0.0,0.0,0.0,1.0,0.0,0.0,0.0,0.0,0.0,0.0029145091000245885,0.002821100002620369,0.00403455498162657,successful_trials_only,False,False
srp_paired_full,random_broadband,evaluation,tetrahedral,az20_el10,20.0,10.0,-6.0,-6.0,1024,all_6,500,1000,1004010425,771946449,771946449,all_6_equal_gcc_wls,not_applicable,True,1000,0,1.0,-0.010954867566526038,-0.013608385180320747,0.01722642606838275,0.46860957371088136,0.392680811804998,0.7981749957134464,1.0106262492105142,1.217991466442776,1.0106262492105142,1.217991466442776,0.0,0.0,0.0,1.0,0.0,0.0,0.0,0.0,0.0,0.002933539199177176,0.0028534000157378614,0.004034180095186457,successful_trials_only,False,False
srp_paired_full,random_broadband,evaluation,tetrahedral,az20_el10,20.0,10.0,-6.0,-6.0,1024,all_6,500,1000,1004010425,771946449,771946449,all_6_calibrated_gcc_wls,not_applicable,True,987,13,0.987,-0.0036554972133346856,-0.02498211698766797,0.025046526845054495,0.4998078435672333,0.415836747088007,0.8613811095197881,1.0989327939687432,1.2970909455308022,1.0989327939687432,1.2970909455308022,0.0,0.0,0.0,0.987,0.013000000000000012,0.0,0.0,0.013,0.0,0.003301246001501568,0.0032373499707318842,0.004552159970626235,successful_trials_only,False,False
srp_paired_full,random_broadband,evaluation,tetrahedral,az20_el10,20.0,10.0,-6.0,-6.0,1024,all_6,500,1000,1004010425,771946449,771946449,equal_weight_srp_phat,gcc_correlation_interpolated,True,1000,0,1.0,-0.011145712667664976,-0.013860746033064078,0.017542369751058308,0.4669954581459509,0.38985383292612774,0.7897477746001043,1.0027668594974006,1.1819897575460903,1.0027668594974006,1.1819897575460903,0.0,0.0,0.0,1.0,0.0,0.0,0.0,0.0,0.0,0.006449067500303499,0.005901949945837259,0.009837090043583884,successful_trials_only,True,False
srp_paired_full,random_broadband,evaluation,tetrahedral,az20_el10,20.0,10.0,-4.0,-4.0,1024,reference_3,500,1000,865992806,573326211,573326211,reference_3_gcc_wls,not_applicable,True,1000,0,1.0,-0.008161237387890277,-0.00510557920880546,0.009423860273770979,0.46834003390837237,0.38527618669480446,0.7920688602023955,1.001169745019646,1.280671621548306,1.001169745019646,1.280671621548306,0.0,0.0,0.0,1.0,0.0,0.0,0.0,0.0,0.0,0.0029276077015092596,0.00286014995072037,0.003945279895560816,successful_trials_only,False,False
srp_paired_full,random_broadband,evaluation,tetrahedral,az20_el10,20.0,10.0,-4.0,-4.0,1024,all_6,500,1000,865992806,573326211,573326211,all_6_equal_gcc_wls,not_applicable,True,1000,0,1.0,-0.011232490780914631,-0.00968424026074809,0.014641299304130299,0.3555825279557663,0.2951685163825363,0.6085815959910201,0.7882687322412378,0.9906224599162365,0.7882687322412378,0.9906224599162365,0.0,0.0,0.0,1.0,0.0,0.0,0.0,0.0,0.0,0.002944331897888333,0.002868149953428656,0.003961125004570931,successful_trials_only,False,False
srp_paired_full,random_broadband,evaluation,tetrahedral,az20_el10,20.0,10.0,-4.0,-4.0,1024,all_6,500,1000,865992806,573326211,573326211,all_6_calibrated_gcc_wls,not_applicable,True,989,11,0.989,-0.020179222368719146,-0.01994369524738127,0.028073131672067198,0.3793382101182358,0.3225998040193021,0.6341000534792589,0.8024012484224341,0.9821054981732091,0.8024012484224341,0.9821054981732091,0.0,0.0,0.0,0.989,0.01100000000000001,0.0,0.0,0.011,0.0,0.003316441201721318,0.0032566499430686235,0.004372404998866841,successful_trials_only,False,False
srp_paired_full,random_broadband,evaluation,tetrahedral,az20_el10,20.0,10.0,-4.0,-4.0,1024,all_6,500,1000,865992806,573326211,573326211,equal_weight_srp_phat,gcc_correlation_interpolated,True,1000,0,1.0,-0.010068151042274381,-0.009762578132231817,0.013849477124390623,0.35520242467692265,0.2915800424976414,0.6066735964817511,0.7876709375063282,0.9743544367307467,0.7876709375063282,0.9743544367307467,0.0,0.0,0.0,1.0,0.0,0.0,0.0,0.0,0.0,0.006434503901400604,0.005918750015553087,0.009494429873302576,successful_trials_only,True,False
srp_paired_full,random_broadband,evaluation,tetrahedral,az20_el10,20.0,10.0,-2.0,-2.0,1024,reference_3,500,1000,3859568364,2328278400,2328278400,reference_3_gcc_wls,not_applicable,True,1000,0,1.0,0.007748674760603622,-0.015212050351215674,0.01694166931934672,0.3429233512506791,0.2820758591978157,0.5918111042560837,0.7358472663330002,0.9019940779466353,0.7358472663330002,0.9019940779466353,0.0,0.0,0.0,1.0,0.0,0.0,0.0,0.0,0.0,0.002870489800698124,0.0027665499947033823,0.003941854875301942,successful_trials_only,False,False
srp_paired_full,random_broadband,evaluation,tetrahedral,az20_el10,20.0,10.0,-2.0,-2.0,1024,all_6,500,1000,3859568364,2328278400,2328278400,all_6_equal_gcc_wls,not_applicable,True,1000,0,1.0,0.002635700009635435,-0.01223986926259924,0.012459976069547388,0.2612675228042385,0.21558783317041497,0.4596148423881261,0.5382030428445611,0.6989105238274266,0.5382030428445611,0.6989105238274266,0.0,0.0,0.0,1.0,0.0,0.0,0.0,0.0,0.0,0.002883534202235751,0.002755700028501451,0.003929454996250569,successful_trials_only,False,False
srp_paired_full,random_broadband,evaluation,tetrahedral,az20_el10,20.0,10.0,-2.0,-2.0,1024,all_6,500,1000,3859568364,2328278400,2328278400,all_6_calibrated_gcc_wls,not_applicable,True,991,9,0.991,0.0066951255802903216,-0.015037123044813435,0.01636846628379391,0.27764371656708137,0.2327540063274078,0.47688223657278966,0.575469658555138,0.718535372763334,0.575469658555138,0.718535372763334,0.0,0.0,0.0,0.991,0.009000000000000008,0.0,0.0,0.009,0.0,0.00325474499957636,0.003162850101944059,0.004456509940791874,successful_trials_only,False,False
srp_paired_full,random_broadband,evaluation,tetrahedral,az20_el10,20.0,10.0,-2.0,-2.0,1024,all_6,500,1000,3859568364,2328278400,2328278400,equal_weight_srp_phat,gcc_correlation_interpolated,True,1000,0,1.0,0.00232058683551656,-0.011889708738721277,0.012055061452476428,0.26082845281439293,0.21467306135304362,0.4600851817654798,0.5369989696476711,0.7024410486547362,0.5369989696476711,0.7024410486547362,0.0,0.0,0.0,1.0,0.0,0.0,0.0,0.0,0.0,0.006369874102529138,0.0058379999827593565,0.009287250024499368,successful_trials_only,True,False
srp_paired_full,random_broadband,evaluation,tetrahedral,az20_el10,20.0,10.0,0.0,0.0,1024,reference_3,500,1000,2454716712,1795590121,1795590121,reference_3_gcc_wls,not_applicable,True,1000,0,1.0,0.006811655600403805,0.0011663589360982377,0.00681780682336998,0.2629882540744337,0.2201429155659531,0.4560365753036555,0.5498961620388062,0.6013512507474837,0.5498961620388062,0.6013512507474837,0.0,0.0,0.0,1.0,0.0,0.0,0.0,0.0,0.0,0.002846938001108356,0.0027746499981731176,0.0037721350789070122,successful_trials_only,False,False
srp_paired_full,random_broadband,evaluation,tetrahedral,az20_el10,20.0,10.0,0.0,0.0,1024,all_6,500,1000,2454716712,1795590121,1795590121,all_6_equal_gcc_wls,not_applicable,True,1000,0,1.0,0.01275643577077363,-0.0012928756872341621,0.012626813747334667,0.20989410612132625,0.18053298124814396,0.35335308779745805,0.4318161104827908,0.5610042008264382,0.4318161104827908,0.5610042008264382,0.0,0.0,0.0,1.0,0.0,0.0,0.0,0.0,0.0,0.0028545740988338364,0.0027842498966492712,0.0037291948799975214,successful_trials_only,False,False
srp_paired_full,random_broadband,evaluation,tetrahedral,az20_el10,20.0,10.0,0.0,0.0,1024,all_6,500,1000,2454716712,1795590121,1795590121,all_6_calibrated_gcc_wls,not_applicable,True,992,8,0.992,0.003449619910062075,-0.0007423787627058735,0.0034761948389495484,0.22096355851839466,0.1861656178902993,0.3858249088614022,0.46090487006629494,0.5369076607038328,0.46090487006629494,0.5369076607038328,0.0,0.0,0.0,0.992,0.008000000000000007,0.0,0.0,0.008,0.0,0.0032209326025331394,0.003130250028334558,0.004212194937281309,successful_trials_only,False,False
srp_paired_full,random_broadband,evaluation,tetrahedral,az20_el10,20.0,10.0,0.0,0.0,1024,all_6,500,1000,2454716712,1795590121,1795590121,equal_weight_srp_phat,gcc_correlation_interpolated,True,1000,0,1.0,0.01286370491415246,-0.0007225629415523307,0.01268783553262164,0.20952247632890286,0.1798623447580742,0.3549759458076144,0.43249286618107396,0.5653170870928502,0.43249286618107396,0.5653170870928502,0.0,0.0,0.0,1.0,0.0,0.0,0.0,0.0,0.0,0.0064258713000454005,0.00594130001263693,0.009479604871012267,successful_trials_only,True,False
srp_paired_full,random_broadband,evaluation,tetrahedral,az20_el10,20.0,10.0,2.0,2.0,1024,reference_3,500,1000,3795193239,3542298521,3542298521,reference_3_gcc_wls,not_applicable,True,1000,0,1.0,0.0024182350089917283,-0.002230733540237518,0.003236377746242298,0.21319065863902842,0.17961136459099283,0.35879580695555435,0.4582886341425403,0.6420304256947037,0.4582886341425403,0.6420304256947037,0.0,0.0,0.0,1.0,0.0,0.0,0.0,0.0,0.0,0.0028977767013711854,0.002800150017719716,0.0039038599235936998,successful_trials_only,False,False
srp_paired_full,random_broadband,evaluation,tetrahedral,az20_el10,20.0,10.0,2.0,2.0,1024,all_6,500,1000,3795193239,3542298521,3542298521,all_6_equal_gcc_wls,not_applicable,True,1000,0,1.0,0.0010960941844272705,-0.0005326072806338763,0.0011922718941165388,0.17412753824177388,0.14809544495113966,0.2935568577091819,0.3557098411801897,0.4524093580652757,0.3557098411801897,0.4524093580652757,0.0,0.0,0.0,1.0,0.0,0.0,0.0,0.0,0.0,0.002902898699161597,0.002802250033710152,0.003987339971354231,successful_trials_only,False,False
srp_paired_full,random_broadband,evaluation,tetrahedral,az20_el10,20.0,10.0,2.0,2.0,1024,all_6,500,1000,3795193239,3542298521,3542298521,all_6_calibrated_gcc_wls,not_applicable,True,995,5,0.995,-0.0011097107472336108,0.005558788820200052,0.005690511517880796,0.1830905608484503,0.15450374125678493,0.3061538533976349,0.40607471649849897,0.4768709302735932,0.40607471649849897,0.4768709302735932,0.0,0.0,0.0,0.995,0.0050000000000000044,0.0,0.0,0.005,0.0,0.0033021847986383366,0.0032191499485634267,0.0044256099383346735,successful_trials_only,False,False
srp_paired_full,random_broadband,evaluation,tetrahedral,az20_el10,20.0,10.0,2.0,2.0,1024,all_6,500,1000,3795193239,3542298521,3542298521,equal_weight_srp_phat,gcc_correlation_interpolated,True,1000,0,1.0,0.0011941511433305554,0.00010038020117358843,0.0011806244876707667,0.17383665331250697,0.1478706614667533,0.2949938470944946,0.35653505057566787,0.4521130225428098,0.35653505057566787,0.4521130225428098,0.0,0.0,0.0,1.0,0.0,0.0,0.0,0.0,0.0,0.006354970198590309,0.005767500086221844,0.009385210071923208,successful_trials_only,True,False
srp_paired_full,random_broadband,evaluation,tetrahedral,az20_el10,20.0,10.0,5.0,5.0,1024,reference_3,500,1000,3713970797,1053198016,1053198016,reference_3_gcc_wls,not_applicable,True,1000,0,1.0,-0.006920958705536948,-0.010065365312635268,0.012143399103465184,0.1488836604339351,0.12396387238582561,0.25756096612071977,0.3249648531727472,0.38952047695958714,0.3249648531727472,0.38952047695958714,0.0,0.0,0.0,1.0,0.0,0.0,0.0,0.0,0.0,0.0028515133009059355,0.00269649998517707,0.0038837699976284057,successful_trials_only,False,False
srp_paired_full,random_broadband,evaluation,tetrahedral,az20_el10,20.0,10.0,5.0,5.0,1024,all_6,500,1000,3713970797,1053198016,1053198016,all_6_equal_gcc_wls,not_applicable,True,1000,0,1.0,-0.000772236928770708,-0.006224673189227987,0.006258639705449253,0.12523780750116717,0.10341986676612933,0.21456601925817584,0.2794727227631526,0.32644563522892167,0.2794727227631526,0.32644563522892167,0.0,0.0,0.0,1.0,0.0,0.0,0.0,0.0,0.0,0.0028594928013626485,0.002707949955947697,0.0038829349970910696,successful_trials_only,False,False
srp_paired_full,random_broadband,evaluation,tetrahedral,az20_el10,20.0,10.0,5.0,5.0,1024,all_6,500,1000,3713970797,1053198016,1053198016,all_6_calibrated_gcc_wls,not_applicable,True,994,6,0.994,-0.0008609582116769885,0.0005390820437929681,0.00101143137405652,0.1348527778743642,0.11003399934347964,0.23155408725150914,0.2917686639678065,0.362952922231283,0.2917686639678065,0.362952922231283,0.0,0.0,0.0,0.994,0.006000000000000005,0.0,0.0,0.006,0.0,0.0032404703015927227,0.003106500022113323,0.004337044962448999,successful_trials_only,False,False
srp_paired_full,random_broadband,evaluation,tetrahedral,az20_el10,20.0,10.0,5.0,5.0,1024,all_6,500,1000,3713970797,1053198016,1053198016,equal_weight_srp_phat,gcc_correlation_interpolated,True,1000,0,1.0,-0.000841735446495644,-0.005440123015296657,0.00549069339589172,0.12490857062416603,0.1030944472394815,0.2134810122130863,0.27687008965376275,0.3257974392313218,0.27687008965376275,0.3257974392313218,0.0,0.0,0.0,1.0,0.0,0.0,0.0,0.0,0.0,0.006456698002875782,0.006044100038707256,0.009475949854822828,successful_trials_only,True,False
srp_paired_full,random_broadband,evaluation,tetrahedral,az20_el10,20.0,10.0,10.0,10.0,1024,reference_3,500,1000,3491958054,4191446759,4191446759,reference_3_gcc_wls,not_applicable,True,1000,0,1.0,-0.005135340493910125,-0.003630226334249149,0.006222882836111018,0.09379735035469959,0.07752514851635424,0.16316447980472149,0.1959174322103631,0.22622416062260564,0.1959174322103631,0.22622416062260564,0.0,0.0,0.0,1.0,0.0,0.0,0.0,0.0,0.0,0.00281870289624203,0.002674399991519749,0.003803015081211924,successful_trials_only,False,False
srp_paired_full,random_broadband,evaluation,tetrahedral,az20_el10,20.0,10.0,10.0,10.0,1024,all_6,500,1000,3491958054,4191446759,4191446759,all_6_equal_gcc_wls,not_applicable,True,1000,0,1.0,-0.002600667489236262,-0.0015829986154320677,0.0030080286098069574,0.07999961972361566,0.06683699135400137,0.13623182104113343,0.17403018433784212,0.20755207870521408,0.17403018433784212,0.20755207870521408,0.0,0.0,0.0,1.0,0.0,0.0,0.0,0.0,0.0,0.0028226207991829144,0.002694399969186634,0.003813039936358109,successful_trials_only,False,False
srp_paired_full,random_broadband,evaluation,tetrahedral,az20_el10,20.0,10.0,10.0,10.0,1024,all_6,500,1000,3491958054,4191446759,4191446759,all_6_calibrated_gcc_wls,not_applicable,True,991,9,0.991,-0.00406159685810681,0.002579639239192394,0.0047621975613384064,0.08711645497488016,0.07135946544220519,0.15229710054939788,0.19049246403242254,0.23038988889116635,0.19049246403242254,0.23038988889116635,0.0,0.0,0.0,0.991,0.009000000000000008,0.0,0.0,0.009,0.0,0.003181396098691039,0.0030145999626256526,0.004281229886692017,successful_trials_only,False,False
srp_paired_full,random_broadband,evaluation,tetrahedral,az20_el10,20.0,10.0,10.0,10.0,1024,all_6,500,1000,3491958054,4191446759,4191446759,equal_weight_srp_phat,gcc_correlation_interpolated,True,1000,0,1.0,-0.0025488316769868933,-0.0007267577937273901,0.0026116437638908766,0.07974319334618746,0.06683674067953563,0.13504232583031922,0.1752510288989328,0.20672169056173662,0.1752510288989328,0.20672169056173662,0.0,0.0,0.0,1.0,0.0,0.0,0.0,0.0,0.0,0.006500989298336208,0.006120550096966326,0.00946176509023644,successful_trials_only,True,False
srp_paired_full,random_broadband,evaluation,tetrahedral,az20_el10,20.0,10.0,20.0,20.0,1024,reference_3,500,1000,726132426,3394749045,3394749045,reference_3_gcc_wls,not_applicable,True,1000,0,1.0,-0.0038829724487237064,-0.0053024854953911986,0.006537298037482941,0.045689164339949746,0.03570164824619824,0.08290048536808477,0.10671853580449346,0.14697606235303856,0.10671853580449346,0.14697606235303856,0.0,0.0,0.0,1.0,0.0,0.0,0.0,0.0,0.0,0.0029014089021366088,0.0028141499496996403,0.0039097249682527035,successful_trials_only,False,False
srp_paired_full,random_broadband,evaluation,tetrahedral,az20_el10,20.0,10.0,20.0,20.0,1024,all_6,500,1000,726132426,3394749045,3394749045,all_6_equal_gcc_wls,not_applicable,True,1000,0,1.0,-6.426401691890893e-05,-0.002627374340499432,0.0026272759849135597,0.03400555492467535,0.029010199582428158,0.05731849195260086,0.06831282504382426,0.08081719036526205,0.06831282504382426,0.08081719036526205,0.0,0.0,0.0,1.0,0.0,0.0,0.0,0.0,0.0,0.0029194088014774023,0.00283279997529462,0.003923840069910511,successful_trials_only,False,False
srp_paired_full,random_broadband,evaluation,tetrahedral,az20_el10,20.0,10.0,20.0,20.0,1024,all_6,500,1000,726132426,3394749045,3394749045,all_6_calibrated_gcc_wls,not_applicable,True,992,8,0.992,-0.003222602476267496,-0.00017979611214393978,0.003179179995654636,0.041782577026045695,0.03265750362629248,0.07467801275159516,0.09575083411241095,0.14063168866109313,0.09575083411241095,0.14063168866109313,0.0,0.0,0.0,0.992,0.008000000000000007,0.0,0.0,0.008,0.0,0.0033163333018310366,0.0032537500374019146,0.004465510015143081,successful_trials_only,False,False
srp_paired_full,random_broadband,evaluation,tetrahedral,az20_el10,20.0,10.0,20.0,20.0,1024,all_6,500,1000,726132426,3394749045,3394749045,equal_weight_srp_phat,gcc_correlation_interpolated,True,1000,0,1.0,-2.64651294904977e-06,-0.0018323783279921616,0.0018315162130381883,0.033836052145110075,0.029057015465435647,0.056909592799169066,0.06809988435993045,0.08144987680536882,0.06809988435993045,0.08144987680536882,0.0,0.0,0.0,1.0,0.0,0.0,0.0,0.0,0.0,0.006415686603402719,0.00589090003632009,0.009479684947291381,successful_trials_only,True,False
srp_paired_full,random_broadband,evaluation,tetrahedral,az20_el10,20.0,10.0,30.0,30.0,1024,reference_3,500,1000,653758719,790939732,790939732,reference_3_gcc_wls,not_applicable,True,1000,0,1.0,-0.0036862847615341896,-0.005251130371896643,0.006383917561306741,0.03462083334721942,0.026280583027888955,0.06361117523080229,0.08726093232606597,0.09696148710022648,0.08726093232606597,0.09696148710022648,0.0,0.0,0.0,1.0,0.0,0.0,0.0,0.0,0.0,0.0029006646975176407,0.0027959499857388437,0.0039878100855275985,successful_trials_only,False,False
srp_paired_full,random_broadband,evaluation,tetrahedral,az20_el10,20.0,10.0,30.0,30.0,1024,all_6,500,1000,653758719,790939732,790939732,all_6_equal_gcc_wls,not_applicable,True,1000,0,1.0,-0.0001562413930045387,-0.002016412267660128,0.002021908147958968,0.02275783354793509,0.018155630555705668,0.04157202204737835,0.053414739064142736,0.0642715996428664,0.053414739064142736,0.0642715996428664,0.0,0.0,0.0,1.0,0.0,0.0,0.0,0.0,0.0,0.0029131857987958936,0.002807500015478581,0.003927229985129088,successful_trials_only,False,False
srp_paired_full,random_broadband,evaluation,tetrahedral,az20_el10,20.0,10.0,30.0,30.0,1024,all_6,500,1000,653758719,790939732,790939732,all_6_calibrated_gcc_wls,not_applicable,True,992,8,0.992,-0.0017608097566863263,0.0019104225960559326,0.0025809811740841724,0.029514268220929313,0.019682932371471423,0.0606912153517034,0.08331779569060563,0.09856729904218453,0.08331779569060563,0.09856729904218453,0.0,0.0,0.0,0.992,0.008000000000000007,0.0,0.0,0.008,0.0,0.0033499294981593265,0.003248700115364045,0.004563834943110122,successful_trials_only,False,False
srp_paired_full,random_broadband,evaluation,tetrahedral,az20_el10,20.0,10.0,30.0,30.0,1024,all_6,500,1000,653758719,790939732,790939732,equal_weight_srp_phat,gcc_correlation_interpolated,True,1000,0,1.0,-0.00011257001754971814,-0.0012119845649852458,0.0012166864597311046,0.02262331668561531,0.017993859029285696,0.041384844863019354,0.052511744335509494,0.06324821571854833,0.052511744335509494,0.06324821571854833,0.0,0.0,0.0,1.0,0.0,0.0,0.0,0.0,0.0,0.00628472839971073,0.005806750035844743,0.009219004987971856,successful_trials_only,True,False
srp_paired_full,harmonic_stress,evaluation,tetrahedral,az20_el10,20.0,10.0,-10.0,-10.0,1024,reference_3,500,1000,1866542048,112176377,112176377,reference_3_gcc_wls,not_applicable,True,1000,0,1.0,-3.9226848288146305,8.053144910169445,16.902331727262418,59.043283252699176,31.504438598432383,112.34992189913496,146.93476556085298,156.87869976521287,146.93476556085298,156.87869976521287,0.882,0.773,0.508,1.0,0.0,0.0,0.056,0.0,0.508,0.0027449097994249314,0.002598299994133413,0.0036179149523377415,successful_trials_only,False,False
srp_paired_full,harmonic_stress,evaluation,tetrahedral,az20_el10,20.0,10.0,-10.0,-10.0,1024,all_6,500,1000,1866542048,112176377,112176377,all_6_equal_gcc_wls,not_applicable,True,1000,0,1.0,-2.518533871597326,4.243162976061204,7.250313915580739,42.9544884245531,23.290577406990906,94.87908879462184,135.56926198552014,168.9813579300771,135.56926198552014,168.9813579300771,0.931,0.812,0.375,1.0,0.0,0.0,0.056,0.0,0.375,0.00273921169876121,0.002600700012408197,0.0036221549904439593,successful_trials_only,False,False
srp_paired_full,harmonic_stress,evaluation,tetrahedral,az20_el10,20.0,10.0,-10.0,-10.0,1024,all_6,500,1000,1866542048,112176377,112176377,all_6_calibrated_gcc_wls,not_applicable,True,985,15,0.985,-1.0954072012489953,2.667270092173554,3.6100610844052246,27.619580422048553,15.445167772255898,49.7699696203835,103.25774412780503,154.3283951133617,103.25774412780503,154.3283951133617,0.884263959390863,0.7208121827411168,0.20304568527918782,0.985,0.015000000000000013,0.0,0.056,0.015,0.20304568527918782,0.003069519996875897,0.002924649976193905,0.0040093999123200766,successful_trials_only,False,False
srp_paired_full,harmonic_stress,evaluation,tetrahedral,az20_el10,20.0,10.0,-10.0,-10.0,1024,all_6,500,1000,1866542048,112176377,112176377,equal_weight_srp_phat,gcc_correlation_interpolated,True,1000,0,1.0,-0.28068823293347384,3.3248245645783014,3.7961449979936472,23.461702962936545,6.360529269172648,52.995432230543415,97.81174434455814,149.32351433322904,97.81174434455814,149.32351433322904,0.607,0.344,0.099,1.0,0.0,0.0,0.04,0.0,0.099,0.006364666695939377,0.005878850060980767,0.009273204929195342,successful_trials_only,True,False
srp_paired_full,harmonic_stress,evaluation,tetrahedral,az20_el10,20.0,10.0,-8.0,-8.0,1024,reference_3,500,1000,3757738521,1560214751,1560214751,reference_3_gcc_wls,not_applicable,True,1000,0,1.0,-1.1389626577414378,4.681155772221343,7.996831860523771,43.19972423677634,13.196481514317421,97.08192844356053,117.46634603617385,151.69712908136242,117.46634603617385,151.69712908136242,0.77,0.58,0.32,1.0,0.0,0.0,0.046,0.0,0.32,0.002882230899645947,0.002844400063622743,0.003697484981967136,successful_trials_only,False,False
srp_paired_full,harmonic_stress,evaluation,tetrahedral,az20_el10,20.0,10.0,-8.0,-8.0,1024,all_6,500,1000,3757738521,1560214751,1560214751,all_6_equal_gcc_wls,not_applicable,True,1000,0,1.0,-0.5450454195208206,3.171038259863638,4.135889890646299,29.280748457575815,11.823412645357362,60.83573835254269,99.58660467784215,164.5057727491341,99.58660467784215,164.5057727491341,0.782,0.589,0.2,1.0,0.0,0.0,0.046,0.0,0.2,0.0028882930035470052,0.0028551999712362885,0.0036644400795921685,successful_trials_only,False,False
srp_paired_full,harmonic_stress,evaluation,tetrahedral,az20_el10,20.0,10.0,-8.0,-8.0,1024,all_6,500,1000,3757738521,1560214751,1560214751,all_6_calibrated_gcc_wls,not_applicable,True,972,28,0.972,-0.3008843859310334,2.137660017838762,2.6484247445926252,22.20931835528096,8.411060557251073,44.399164586943954,79.29285333428207,156.37420955083962,79.29285333428207,156.37420955083962,0.6831275720164609,0.44753086419753085,0.1286008230452675,0.972,0.028000000000000025,0.0,0.046,0.028,0.1286008230452675,0.0031759202025132254,0.0031495500006712973,0.004048844979843124,successful_trials_only,False,False
srp_paired_full,harmonic_stress,evaluation,tetrahedral,az20_el10,20.0,10.0,-8.0,-8.0,1024,all_6,500,1000,3757738521,1560214751,1560214751,equal_weight_srp_phat,gcc_correlation_interpolated,True,1000,0,1.0,-0.5032792884678905,0.9707244574057039,1.0849995871153282,10.685467275922846,3.8266169308455895,14.820358391041555,41.51951110444505,83.59337066370925,41.51951110444505,83.59337066370925,0.352,0.115,0.022,1.0,0.0,0.0,0.015,0.0,0.022,0.007105549800908193,0.0067814000067301095,0.01016723988577722,successful_trials_only,True,False
srp_paired_full,harmonic_stress,evaluation,tetrahedral,az20_el10,20.0,10.0,-6.0,-6.0,1024,reference_3,500,1000,2215231481,2868516760,2868516760,reference_3_gcc_wls,not_applicable,True,1000,0,1.0,-2.3087034603326173,3.1408342593104295,4.04234508461401,30.288286946731727,5.211070267961712,85.14017444677118,100.6021252261327,123.90757134582203,100.6021252261327,123.90757134582203,0.524,0.313,0.16,1.0,0.0,0.0,0.017,0.0,0.16,0.002457535704714246,0.002338850114028901,0.0031050250050611793,successful_trials_only,False,False
srp_paired_full,harmonic_stress,evaluation,tetrahedral,az20_el10,20.0,10.0,-6.0,-6.0,1024,all_6,500,1000,2215231481,2868516760,2868516760,all_6_equal_gcc_wls,not_applicable,True,1000,0,1.0,-0.906433423720028,0.9671704124669611,1.3660801046018662,16.314458368049348,4.514113395648138,35.53038724721458,59.60269828454047,82.65592927065576,59.60269828454047,82.65592927065576,0.467,0.305,0.075,1.0,0.0,0.0,0.017,0.0,0.075,0.0024552224025828763,0.0023405998945236206,0.0031201050034724174,successful_trials_only,False,False
srp_paired_full,harmonic_stress,evaluation,tetrahedral,az20_el10,20.0,10.0,-6.0,-6.0,1024,all_6,500,1000,2215231481,2868516760,2868516760,all_6_calibrated_gcc_wls,not_applicable,True,974,26,0.974,0.30249422594701547,0.6191862935232467,0.8351258254839103,12.0762024464526,3.2407700137478925,23.083105941606902,45.0951759185607,113.82077404332898,45.0951759185607,113.82077404332898,0.3182751540041068,0.15503080082135523,0.030800821355236138,0.974,0.026000000000000023,0.0,0.017,0.026,0.030800821355236138,0.0027624267040519046,0.0026329500251449645,0.0036015400604810567,successful_trials_only,False,False
srp_paired_full,harmonic_stress,evaluation,tetrahedral,az20_el10,20.0,10.0,-6.0,-6.0,1024,all_6,500,1000,2215231481,2868516760,2868516760,equal_weight_srp_phat,gcc_correlation_interpolated,True,1000,0,1.0,0.07377096388544671,0.14814892254343476,0.19782533984036538,4.981733272099013,2.6829097251888316,7.222733653635581,13.581029993133308,35.12674108880593,13.581029993133308,35.12674108880593,0.166,0.021,0.003,1.0,0.0,0.0,0.002,0.0,0.003,0.005290605604997836,0.00493669998832047,0.008050770056433974,successful_trials_only,True,False
srp_paired_full,harmonic_stress,evaluation,tetrahedral,az20_el10,20.0,10.0,-4.0,-4.0,1024,reference_3,500,1000,328214490,2419810144,2419810144,reference_3_gcc_wls,not_applicable,True,1000,0,1.0,0.07613051367365893,0.7015249049465359,0.9388781588149405,12.966876061252275,3.0478174477918927,21.241347143511746,69.27312904044483,100.31233616292315,69.27312904044483,100.31233616292315,0.238,0.09,0.034,1.0,0.0,0.0,0.003,0.0,0.034,0.003070757297100499,0.00304050010163337,0.004081914998823776,successful_trials_only,False,False
srp_paired_full,harmonic_stress,evaluation,tetrahedral,az20_el10,20.0,10.0,-4.0,-4.0,1024,all_6,500,1000,328214490,2419810144,2419810144,all_6_equal_gcc_wls,not_applicable,True,1000,0,1.0,0.07199353885173213,0.1996765316421069,0.2504008323345341,6.586491248580187,2.105653066155576,12.765324396065767,28.794952549684073,46.182766941857125,28.794952549684073,46.182766941857125,0.151,0.073,0.01,1.0,0.0,0.0,0.003,0.0,0.01,0.003080040200613439,0.00303419993724674,0.0040447849489282815,successful_trials_only,False,False
srp_paired_full,harmonic_stress,evaluation,tetrahedral,az20_el10,20.0,10.0,-4.0,-4.0,1024,all_6,500,1000,328214490,2419810144,2419810144,all_6_calibrated_gcc_wls,not_applicable,True,985,15,0.985,0.08660918015206086,0.30209837367807046,0.3264743354730689,4.160245944878591,2.056871328781887,6.515360838082726,17.67787916947455,33.30801491872938,17.67787916947455,33.30801491872938,0.083248730964467,0.023350253807106598,0.003045685279187817,0.985,0.015000000000000013,0.0,0.003,0.015,0.003045685279187817,0.0034787239984143525,0.003460699983406812,0.0045651649532374,successful_trials_only,False,False
srp_paired_full,harmonic_stress,evaluation,tetrahedral,az20_el10,20.0,10.0,-4.0,-4.0,1024,all_6,500,1000,328214490,2419810144,2419810144,equal_weight_srp_phat,gcc_correlation_interpolated,True,1000,0,1.0,-0.01358741539681262,0.04135726918114875,0.047505179046755025,2.4889272762611516,1.9349257532583783,4.343721354130651,6.380104568192719,8.183480758049633,6.380104568192719,8.183480758049633,0.029,0.0,0.0,1.0,0.0,0.0,0.0,0.0,0.0,0.006778492898796685,0.006293700076639652,0.009662139875581486,successful_trials_only,True,False
srp_paired_full,harmonic_stress,evaluation,tetrahedral,az20_el10,20.0,10.0,-2.0,-2.0,1024,reference_3,500,1000,2890977654,3198948359,3198948359,reference_3_gcc_wls,not_applicable,True,1000,0,1.0,-0.061335875454074665,-0.002946094997526176,0.03517335310710365,5.239472814072283,2.2256278517072463,5.171244219144628,7.52103950563084,70.70188031266729,7.52103950563084,70.70188031266729,0.058,0.007,0.005,1.0,0.0,0.0,0.0,0.0,0.005,0.0029882658012211323,0.002940650039818138,0.003901325020706281,successful_trials_only,False,False
srp_paired_full,harmonic_stress,evaluation,tetrahedral,az20_el10,20.0,10.0,-2.0,-2.0,1024,all_6,500,1000,2890977654,3198948359,3198948359,all_6_equal_gcc_wls,not_applicable,True,1000,0,1.0,-0.015879884084322005,-0.0556101813392457,0.04441572084156644,3.108120108533263,1.4165402166505185,3.2210596097204776,5.046517847945602,36.53414969848614,5.046517847945602,36.53414969848614,0.011,0.006,0.002,1.0,0.0,0.0,0.0,0.0,0.002,0.00301172840106301,0.002973400056362152,0.0039366549463011324,successful_trials_only,False,False
srp_paired_full,harmonic_stress,evaluation,tetrahedral,az20_el10,20.0,10.0,-2.0,-2.0,1024,all_6,500,1000,2890977654,3198948359,3198948359,all_6_calibrated_gcc_wls,not_applicable,True,984,16,0.984,0.08967630168172946,-0.07571629584131495,0.11228327811959239,2.3146437821541497,1.4663095647314244,3.6127634509130595,5.014985083039872,14.087450191656805,5.014985083039872,14.087450191656805,0.012195121951219513,0.003048780487804878,0.0010162601626016261,0.984,0.016000000000000014,0.0,0.0,0.016,0.0010162601626016261,0.003375529001932591,0.0033624000498093665,0.004396049946080893,successful_trials_only,False,False
srp_paired_full,harmonic_stress,evaluation,tetrahedral,az20_el10,20.0,10.0,-2.0,-2.0,1024,all_6,500,1000,2890977654,3198948359,3198948359,equal_weight_srp_phat,gcc_correlation_interpolated,True,1000,0,1.0,0.005869613882938633,-0.002800483452874263,0.0060251236939969505,1.792887667496107,1.3985080522643223,3.2084705749513818,4.297199924182685,5.115564275960505,4.297199924182685,5.115564275960505,0.003,0.0,0.0,1.0,0.0,0.0,0.0,0.0,0.0,0.006820751601713709,0.006538399960845709,0.00925769995083101,successful_trials_only,True,False
srp_paired_full,harmonic_stress,evaluation,tetrahedral,az20_el10,20.0,10.0,0.0,0.0,1024,reference_3,500,1000,2219018167,984387233,984387233,reference_3_gcc_wls,not_applicable,True,1000,0,1.0,0.02757656444571931,0.006708710307256613,0.05272581754367173,3.0746141376958533,1.6892409986373942,4.1287499523661655,5.491216960615685,33.083849274022995,5.491216960615685,33.083849274022995,0.017,0.002,0.002,1.0,0.0,0.0,0.0,0.0,0.002,0.0031149407997727394,0.0030969000072218478,0.004219579882919789,successful_trials_only,False,False
srp_paired_full,harmonic_stress,evaluation,tetrahedral,az20_el10,20.0,10.0,0.0,0.0,1024,all_6,500,1000,2219018167,984387233,984387233,all_6_equal_gcc_wls,not_applicable,True,1000,0,1.0,-0.011391522158744071,0.02847904576494571,0.031888946141361084,1.4216279981700446,1.0222018604492482,2.2517548323883387,3.2636329407802678,9.580124306841572,3.2636329407802678,9.580124306841572,0.003,0.001,0.0,1.0,0.0,0.0,0.0,0.0,0.0,0.003123011901974678,0.003085400036070496,0.004165410151472315,successful_trials_only,False,False
srp_paired_full,harmonic_stress,evaluation,tetrahedral,az20_el10,20.0,10.0,0.0,0.0,1024,all_6,500,1000,2219018167,984387233,984387233,all_6_calibrated_gcc_wls,not_applicable,True,991,9,0.991,0.07747155800780682,0.03896241524548714,0.08646688366853506,1.3876887129685556,1.0781092737188427,2.423709958383759,3.166922893605007,4.543350854527418,3.166922893605007,4.543350854527418,0.0010090817356205853,0.0,0.0,0.991,0.009000000000000008,0.0,0.0,0.009,0.0,0.003540515098720789,0.0035727000213228166,0.004762284946627915,successful_trials_only,False,False
srp_paired_full,harmonic_stress,evaluation,tetrahedral,az20_el10,20.0,10.0,0.0,0.0,1024,all_6,500,1000,2219018167,984387233,984387233,equal_weight_srp_phat,gcc_correlation_interpolated,True,1000,0,1.0,-0.0014219870817090427,0.030745361672597588,0.03200790645837631,1.304265262100735,1.0405695564540594,2.247848123705165,3.1426170614664355,3.634242283433387,3.1426170614664355,3.634242283433387,0.0,0.0,0.0,1.0,0.0,0.0,0.0,0.0,0.0,0.006919732597889378,0.006457049981690943,0.010319030098617076,successful_trials_only,True,False
srp_paired_full,harmonic_stress,evaluation,tetrahedral,az20_el10,20.0,10.0,2.0,2.0,1024,reference_3,500,1000,3702481508,3661773070,3661773070,reference_3_gcc_wls,not_applicable,True,1000,0,1.0,-0.007704901860581325,-0.03761076493356288,0.03571081939536893,1.7019733782736097,1.3669152326291223,2.9924186428406907,3.964925096473025,5.110888602329417,3.964925096473025,5.110888602329417,0.002,0.0,0.0,1.0,0.0,0.0,0.0,0.0,0.0,0.0031612416995922105,0.003113000013399869,0.004162934923078865,successful_trials_only,False,False
srp_paired_full,harmonic_stress,evaluation,tetrahedral,az20_el10,20.0,10.0,2.0,2.0,1024,all_6,500,1000,3702481508,3661773070,3661773070,all_6_equal_gcc_wls,not_applicable,True,1000,0,1.0,-0.0062531657068940925,0.043753562734839845,0.045077630145612134,1.0492530651467653,0.8657217528301924,1.7709174728799204,2.3146085479601197,2.9665646390486162,2.3146085479601197,2.9665646390486162,0.0,0.0,0.0,1.0,0.0,0.0,0.0,0.0,0.0,0.0031700277995551007,0.0031427000067196786,0.004201940092025324,successful_trials_only,False,False
srp_paired_full,harmonic_stress,evaluation,tetrahedral,az20_el10,20.0,10.0,2.0,2.0,1024,all_6,500,1000,3702481508,3661773070,3661773070,all_6_calibrated_gcc_wls,not_applicable,True,993,7,0.993,0.007848500281440582,0.03645888877238239,0.038225430674875466,1.099375917596842,0.8749649363475652,1.8955096798597353,2.5792124090246222,4.491728646922994,2.5792124090246222,4.491728646922994,0.0,0.0,0.0,0.993,0.007000000000000006,0.0,0.0,0.007,0.0,0.0035867718996014444,0.003569000051356852,0.004695650015491992,successful_trials_only,False,False
srp_paired_full,harmonic_stress,evaluation,tetrahedral,az20_el10,20.0,10.0,2.0,2.0,1024,all_6,500,1000,3702481508,3661773070,3661773070,equal_weight_srp_phat,gcc_correlation_interpolated,True,1000,0,1.0,-0.0008986574987920934,0.05477566063465566,0.05566735085127079,1.0404896280068054,0.8564788791888296,1.7668321718786641,2.3127518025795935,2.971948721974734,2.3127518025795935,2.971948721974734,0.0,0.0,0.0,1.0,0.0,0.0,0.0,0.0,0.0,0.007184982898645103,0.006839800043962896,0.010048610012745483,successful_trials_only,True,False
srp_paired_full,harmonic_stress,evaluation,tetrahedral,az20_el10,20.0,10.0,5.0,5.0,1024,reference_3,500,1000,2830253113,1055596718,1055596718,reference_3_gcc_wls,not_applicable,True,1000,0,1.0,-0.0027680584868535977,-0.04506505791924544,0.043835998870746316,1.241994815487569,1.0112857623742184,2.1756831827302188,2.82087998355045,3.776059661343009,2.82087998355045,3.776059661343009,0.0,0.0,0.0,1.0,0.0,0.0,0.0,0.0,0.0,0.003171545100631192,0.003145200025755912,0.0040877299325075,successful_trials_only,False,False
srp_paired_full,harmonic_stress,evaluation,tetrahedral,az20_el10,20.0,10.0,5.0,5.0,1024,all_6,500,1000,2830253113,1055596718,1055596718,all_6_equal_gcc_wls,not_applicable,True,1000,0,1.0,-0.0019350523715417455,0.024416749244479462,0.024977564304207032,0.7700593513050289,0.64675590390661,1.3034549611373905,1.615601149179723,2.0171537047756454,1.615601149179723,2.0171537047756454,0.0,0.0,0.0,1.0,0.0,0.0,0.0,0.0,0.0,0.0031871805025730283,0.003155649930704385,0.004124760086415336,successful_trials_only,False,False
srp_paired_full,harmonic_stress,evaluation,tetrahedral,az20_el10,20.0,10.0,5.0,5.0,1024,all_6,500,1000,2830253113,1055596718,1055596718,all_6_calibrated_gcc_wls,not_applicable,True,997,3,0.997,0.03252426939966138,-0.004519876296003313,0.032211512423786635,0.8134084067231815,0.6749142963142177,1.4314513457718583,1.7679848882318847,2.4335176901566355,1.7679848882318847,2.4335176901566355,0.0,0.0,0.0,0.997,0.0030000000000000027,0.0,0.0,0.003,0.0,0.0036190008000703527,0.0036006500595249236,0.00458769000833854,successful_trials_only,False,False
srp_paired_full,harmonic_stress,evaluation,tetrahedral,az20_el10,20.0,10.0,5.0,5.0,1024,all_6,500,1000,2830253113,1055596718,1055596718,equal_weight_srp_phat,gcc_correlation_interpolated,True,1000,0,1.0,-0.0008982605856324142,0.03287166139538322,0.03337594479263338,0.7754988589918936,0.6598420505234378,1.3416247315203917,1.6749896834894005,2.0948727331194386,1.6749896834894005,2.0948727331194386,0.0,0.0,0.0,1.0,0.0,0.0,0.0,0.0,0.0,0.007002216300927102,0.006676199962384999,0.009931009943829849,successful_trials_only,True,False
srp_paired_full,harmonic_stress,evaluation,tetrahedral,az20_el10,20.0,10.0,10.0,10.0,1024,reference_3,500,1000,2946852310,3002716723,3002716723,reference_3_gcc_wls,not_applicable,True,1000,0,1.0,-0.05331577451649241,-0.061647187521232216,0.08037020962979792,0.8139377103986177,0.6605835746834968,1.470257751554212,1.7630571662542747,2.078655630868975,1.7630571662542747,2.078655630868975,0.0,0.0,0.0,1.0,0.0,0.0,0.0,0.0,0.0,0.0031152166017564013,0.0031123501248657703,0.004046404961263761,successful_trials_only,False,False
srp_paired_full,harmonic_stress,evaluation,tetrahedral,az20_el10,20.0,10.0,10.0,10.0,1024,all_6,500,1000,2946852310,3002716723,3002716723,all_6_equal_gcc_wls,not_applicable,True,1000,0,1.0,-0.02234408006645938,0.020952334072802628,0.030508344516002633,0.48244129709592964,0.39604769139413676,0.843494229721941,1.029893423787029,1.253406069890315,1.029893423787029,1.253406069890315,0.0,0.0,0.0,1.0,0.0,0.0,0.0,0.0,0.0,0.0031162346012424675,0.0030959000578150153,0.004040250141406431,successful_trials_only,False,False
srp_paired_full,harmonic_stress,evaluation,tetrahedral,az20_el10,20.0,10.0,10.0,10.0,1024,all_6,500,1000,2946852310,3002716723,3002716723,all_6_calibrated_gcc_wls,not_applicable,True,992,8,0.992,0.03654169072982304,-0.006445018296982288,0.03652765496990184,0.511077371687989,0.41464395789906905,0.8630702169240008,1.1567421858188605,1.4169714565732567,1.1567421858188605,1.4169714565732567,0.0,0.0,0.0,0.992,0.008000000000000007,0.0,0.0,0.008,0.0,0.0035220810039900243,0.003539100114721805,0.004588305007200688,successful_trials_only,False,False
srp_paired_full,harmonic_stress,evaluation,tetrahedral,az20_el10,20.0,10.0,10.0,10.0,1024,all_6,500,1000,2946852310,3002716723,3002716723,equal_weight_srp_phat,gcc_correlation_interpolated,True,1000,0,1.0,-0.02220774140883518,0.020447009720319678,0.030066901893716916,0.48633817265290336,0.40874442266268124,0.8382204208657213,1.0421518347520589,1.275896404155768,1.0421518347520589,1.275896404155768,0.0,0.0,0.0,1.0,0.0,0.0,0.0,0.0,0.0,0.006831233006319963,0.006553649960551411,0.009573639894369988,successful_trials_only,True,False
srp_paired_full,harmonic_stress,evaluation,tetrahedral,az20_el10,20.0,10.0,20.0,20.0,1024,reference_3,500,1000,3547983253,3763733181,3763733181,reference_3_gcc_wls,not_applicable,True,1000,0,1.0,-0.032667160451224905,-0.12086817892186884,0.12488620985143642,0.49089875441139735,0.3864995934109828,0.8913828871943368,1.1405673791848976,1.5349429806641273,1.1405673791848976,1.5349429806641273,0.0,0.0,0.0,1.0,0.0,0.0,0.0,0.0,0.0,0.0025401756978826596,0.002444299927446991,0.0032513399666640906,successful_trials_only,False,False
srp_paired_full,harmonic_stress,evaluation,tetrahedral,az20_el10,20.0,10.0,20.0,20.0,1024,all_6,500,1000,3547983253,3763733181,3763733181,all_6_equal_gcc_wls,not_applicable,True,1000,0,1.0,0.01613576691708578,0.026374669790491106,0.030847582596772283,0.28421837369262604,0.2416207011047261,0.48191593312313313,0.5874001926731147,0.7350884423519558,0.5874001926731147,0.7350884423519558,0.0,0.0,0.0,1.0,0.0,0.0,0.0,0.0,0.0,0.0025466791964136063,0.0024394000065512955,0.0032893850177060807,successful_trials_only,False,False
srp_paired_full,harmonic_stress,evaluation,tetrahedral,az20_el10,20.0,10.0,20.0,20.0,1024,all_6,500,1000,3547983253,3763733181,3763733181,all_6_calibrated_gcc_wls,not_applicable,True,993,7,0.993,0.0051313760441535385,-0.017937572542806802,0.018575338749626958,0.3031434409439725,0.2428771226664635,0.5183681571991822,0.7347847851597481,1.080761098735188,0.7347847851597481,1.080761098735188,0.0,0.0,0.0,0.993,0.007000000000000006,0.0,0.0,0.007,0.0,0.0029007558962330223,0.002796349988784641,0.003663544962182641,successful_trials_only,False,False
srp_paired_full,harmonic_stress,evaluation,tetrahedral,az20_el10,20.0,10.0,20.0,20.0,1024,all_6,500,1000,3547983253,3763733181,3763733181,equal_weight_srp_phat,gcc_correlation_interpolated,True,1000,0,1.0,0.024512544437817356,0.02050625965013682,0.03172044240608741,0.2881235725133487,0.2462136581502596,0.4911212138602031,0.5952945291251475,0.7616622197801134,0.5952945291251475,0.7616622197801134,0.0,0.0,0.0,1.0,0.0,0.0,0.0,0.0,0.0,0.005401771496748552,0.004851499921642244,0.008344549970934166,successful_trials_only,True,False
srp_paired_full,harmonic_stress,evaluation,tetrahedral,az20_el10,20.0,10.0,30.0,30.0,1024,reference_3,500,1000,1617368379,56298990,56298990,reference_3_gcc_wls,not_applicable,True,1000,0,1.0,-0.01571799200957315,-0.1852199382308844,0.1856556780926034,0.5339664110335987,0.43309271434018676,0.9485696108859638,1.2323496949291581,1.3990455046857098,1.2323496949291581,1.3990455046857098,0.0,0.0,0.0,1.0,0.0,0.0,0.0,0.0,0.0,0.0026548033009748907,0.0025100999628193676,0.003425870003411546,successful_trials_only,False,False
srp_paired_full,harmonic_stress,evaluation,tetrahedral,az20_el10,20.0,10.0,30.0,30.0,1024,all_6,500,1000,1617368379,56298990,56298990,all_6_equal_gcc_wls,not_applicable,True,1000,0,1.0,0.11253763179750352,0.0012633723025413086,0.11101506204972465,0.4905815399207367,0.35500834891236727,0.924123731665591,1.2975202464337574,1.5930993299682286,1.2975202464337574,1.5930993299682286,0.0,0.0,0.0,1.0,0.0,0.0,0.0,0.0,0.0,0.002665852303849533,0.0025129999849013984,0.0034237451036460698,successful_trials_only,False,False
srp_paired_full,harmonic_stress,evaluation,tetrahedral,az20_el10,20.0,10.0,30.0,30.0,1024,all_6,500,1000,1617368379,56298990,56298990,all_6_calibrated_gcc_wls,not_applicable,True,988,12,0.988,0.018940642734056067,-0.03563053177257186,0.04012114529520624,0.3908131219274126,0.30084443023941154,0.6840629337777959,0.9567237091581257,1.7008119720372845,0.9567237091581257,1.7008119720372845,0.0,0.0,0.0,0.988,0.01200000000000001,0.0,0.0,0.012,0.0,0.003014340601162985,0.00286314997356385,0.003806829883251339,successful_trials_only,False,False
srp_paired_full,harmonic_stress,evaluation,tetrahedral,az20_el10,20.0,10.0,30.0,30.0,1024,all_6,500,1000,1617368379,56298990,56298990,equal_weight_srp_phat,gcc_correlation_interpolated,True,1000,0,1.0,0.15130271950139212,-0.025925999025222406,0.15135359211015226,0.4811536409668391,0.3796468775836188,0.8777384461675767,1.1439505057321089,1.4295978768211346,1.1439505057321089,1.4295978768211346,0.0,0.0,0.0,1.0,0.0,0.0,0.0,0.0,0.0,0.00570001750253141,0.0051568999770097435,0.008804570097709075,successful_trials_only,True,False
srp_paired_full,deterministic_multisine,evaluation,tetrahedral,az45_el30,45.0,30.0,-10.0,-10.0,1024,reference_3,500,1000,2330702982,2709765783,2709765783,reference_3_gcc_wls,not_applicable,True,1000,0,1.0,0.7800750950914918,-1.6958289099557082,6.820403345493175,46.80831221516827,20.324942530451708,87.27780594081834,107.24831408814816,119.65313017625685,107.24831408814816,119.65313017625685,0.67,0.573,0.463,1.0,0.0,0.0,0.044,0.0,0.463,0.0030122263008961455,0.002951800008304417,0.004032404971076176,successful_trials_only,False,False
srp_paired_full,deterministic_multisine,evaluation,tetrahedral,az45_el30,45.0,30.0,-10.0,-10.0,1024,all_6,500,1000,2330702982,2709765783,2709765783,all_6_equal_gcc_wls,not_applicable,True,1000,0,1.0,0.2136221103117715,-1.5188802899059066,2.8124911694297507,37.372597677033866,16.7029437138731,75.45018546971365,127.06306175128572,144.9897214608195,127.06306175128572,144.9897214608195,0.691,0.589,0.34,1.0,0.0,0.0,0.044,0.0,0.34,0.0030065766975749283,0.0029222500161267817,0.00401436494430527,successful_trials_only,False,False
srp_paired_full,deterministic_multisine,evaluation,tetrahedral,az45_el30,45.0,30.0,-10.0,-10.0,1024,all_6,500,1000,2330702982,2709765783,2709765783,all_6_calibrated_gcc_wls,not_applicable,True,965,35,0.965,1.016795533140411,-0.7145516542783191,0.7045670978432804,19.58131591543082,4.105581659604758,43.455089900726115,72.07976136450712,145.00994375171916,72.07976136450712,145.00994375171916,0.44559585492227977,0.2932642487046632,0.10155440414507771,0.965,0.03500000000000003,0.0,0.044,0.035,0.10155440414507771,0.003402923501795158,0.003390149970073253,0.0045237349870149044,successful_trials_only,False,False
srp_paired_full,deterministic_multisine,evaluation,tetrahedral,az45_el30,45.0,30.0,-10.0,-10.0,1024,all_6,500,1000,2330702982,2709765783,2709765783,equal_weight_srp_phat,gcc_correlation_interpolated,True,1000,0,1.0,0.3540459833752848,0.13397816860049538,0.32712603804827195,5.4676038578326995,1.5979242731672383,5.338428058761588,15.772321237665432,74.80180194402595,15.772321237665432,74.80180194402595,0.056,0.025,0.004,1.0,0.0,0.0,0.0,0.0,0.004,0.006571022499469109,0.0061015000101178885,0.009313274995656682,successful_trials_only,True,False
srp_paired_full,deterministic_multisine,evaluation,tetrahedral,az45_el30,45.0,30.0,-8.0,-8.0,1024,reference_3,500,1000,227725481,1433477093,1433477093,reference_3_gcc_wls,not_applicable,True,1000,0,1.0,-1.7230795804923356,-0.8900492255625463,1.8577713468930197,28.8686142101233,2.7756324316311676,72.3972543771811,85.67633908171292,108.47997279434671,85.67633908171292,108.47997279434671,0.312,0.237,0.191,1.0,0.0,0.0,0.021,0.0,0.191,0.0029273066035239025,0.002837000065483153,0.003947105008410289,successful_trials_only,False,False
srp_paired_full,deterministic_multisine,evaluation,tetrahedral,az45_el30,45.0,30.0,-8.0,-8.0,1024,all_6,500,1000,227725481,1433477093,1433477093,all_6_equal_gcc_wls,not_applicable,True,1000,0,1.0,0.3345350097425452,-0.5086481263758699,0.3711391393163681,20.41188620005099,1.6418180015853523,51.21248813255379,69.94203449177158,126.14875851677621,69.94203449177158,126.14875851677621,0.283,0.23,0.126,1.0,0.0,0.0,0.021,0.0,0.126,0.0029245375003665685,0.002814050007145852,0.003975789895048365,successful_trials_only,False,False
srp_paired_full,deterministic_multisine,evaluation,tetrahedral,az45_el30,45.0,30.0,-8.0,-8.0,1024,all_6,500,1000,227725481,1433477093,1433477093,all_6_calibrated_gcc_wls,not_applicable,True,978,22,0.978,-0.37383403882064464,0.007712576431971536,0.5008919028057609,7.653245089262001,1.4180969598907882,8.246592711669177,28.781478360774404,58.12093593313896,28.781478360774404,58.12093593313896,0.07668711656441718,0.0408997955010225,0.009202453987730062,0.978,0.02200000000000002,0.0,0.021,0.022,0.009202453987730062,0.0033260170995490627,0.003261599922552705,0.00446290498948656,successful_trials_only,False,False
srp_paired_full,deterministic_multisine,evaluation,tetrahedral,az45_el30,45.0,30.0,-8.0,-8.0,1024,all_6,500,1000,227725481,1433477093,1433477093,equal_weight_srp_phat,gcc_correlation_interpolated,True,1000,0,1.0,-0.025579871502331295,4.5940548470267674e-05,0.02221765832982235,1.4470381493690438,1.0876793572373276,2.468801716872937,3.599353291282648,7.365244046247117,3.599353291282648,7.365244046247117,0.005,0.0,0.0,1.0,0.0,0.0,0.0,0.0,0.0,0.006653428100864403,0.006034900026861578,0.010031524882651863,successful_trials_only,True,False
srp_paired_full,deterministic_multisine,evaluation,tetrahedral,az45_el30,45.0,30.0,-6.0,-6.0,1024,reference_3,500,1000,698662523,1188178750,1188178750,reference_3_gcc_wls,not_applicable,True,1000,0,1.0,0.03409106206589747,-0.12111387095206982,0.593553564888616,13.020237410786121,1.5658645796960988,13.91655904313391,69.97938806512633,81.67354665518918,69.97938806512633,81.67354665518918,0.075,0.062,0.042,1.0,0.0,0.0,0.002,0.0,0.042,0.0029354733999352903,0.002834749990142882,0.004028339940123259,successful_trials_only,False,False
srp_paired_full,deterministic_multisine,evaluation,tetrahedral,az45_el30,45.0,30.0,-6.0,-6.0,1024,all_6,500,1000,698662523,1188178750,1188178750,all_6_equal_gcc_wls,not_applicable,True,1000,0,1.0,-0.5054399269928815,-0.30753735911210967,0.40639511918696836,8.31742652925873,0.8581821253007119,6.5728917879288895,49.783047148770635,60.33812853636283,49.783047148770635,60.33812853636283,0.057,0.043,0.026,1.0,0.0,0.0,0.002,0.0,0.026,0.0029552255016751586,0.002841249981429428,0.00405716003733687,successful_trials_only,False,False
srp_paired_full,deterministic_multisine,evaluation,tetrahedral,az45_el30,45.0,30.0,-6.0,-6.0,1024,all_6,500,1000,698662523,1188178750,1188178750,all_6_calibrated_gcc_wls,not_applicable,True,985,15,0.985,0.023429132278265895,0.025042302614280126,0.03521783618087037,1.1940108947877783,0.8829227500112693,2.1660395888373976,3.1635801991183685,5.233005106573309,3.1635801991183685,5.233005106573309,0.0020304568527918783,0.0,0.0,0.985,0.015000000000000013,0.0,0.002,0.015,0.0,0.003379486600519158,0.00329629989573732,0.0045459800341632215,successful_trials_only,False,False
srp_paired_full,deterministic_multisine,evaluation,tetrahedral,az45_el30,45.0,30.0,-6.0,-6.0,1024,all_6,500,1000,698662523,1188178750,1188178750,equal_weight_srp_phat,gcc_correlation_interpolated,True,1000,0,1.0,0.004991976575559685,-0.003621210421888023,0.0046540322122489985,0.9573355056769829,0.775390123281632,1.7559777055919745,2.085779990862287,2.349141709912968,2.085779990862287,2.349141709912968,0.0,0.0,0.0,1.0,0.0,0.0,0.0,0.0,0.0,0.006575616898713633,0.006061799940653145,0.009421235014451667,successful_trials_only,True,False
srp_paired_full,deterministic_multisine,evaluation,tetrahedral,az45_el30,45.0,30.0,-4.0,-4.0,1024,reference_3,500,1000,2208254770,3818382250,3818382250,reference_3_gcc_wls,not_applicable,True,1000,0,1.0,-0.04858502716329613,0.010498935472649346,0.046237503236899555,1.6533858592777397,1.131873714776406,2.4465167142068567,3.1776070924810185,15.950670221807574,3.1776070924810185,15.950670221807574,0.002,0.002,0.0,1.0,0.0,0.0,0.0,0.0,0.0,0.002973572702612728,0.002893200027756393,0.004007440013810992,successful_trials_only,False,False
srp_paired_full,deterministic_multisine,evaluation,tetrahedral,az45_el30,45.0,30.0,-4.0,-4.0,1024,all_6,500,1000,2208254770,3818382250,3818382250,all_6_equal_gcc_wls,not_applicable,True,1000,0,1.0,-0.02759329840981867,-0.006706961122593,0.0243080426078403,0.7713519660065333,0.5839530545130013,1.3101169065581753,1.5964486754589347,3.7352150140966405,1.5964486754589347,3.7352150140966405,0.001,0.0,0.0,1.0,0.0,0.0,0.0,0.0,0.0,0.0029739602998597545,0.002889600000344217,0.004010945034679025,successful_trials_only,False,False
srp_paired_full,deterministic_multisine,evaluation,tetrahedral,az45_el30,45.0,30.0,-4.0,-4.0,1024,all_6,500,1000,2208254770,3818382250,3818382250,all_6_calibrated_gcc_wls,not_applicable,True,991,9,0.991,-0.020417344757915252,-0.040094187592345495,0.04219101502756467,0.7895734619901097,0.6243373283728453,1.420112197757693,1.7603184061950523,2.2736909617070222,1.7603184061950523,2.2736909617070222,0.0,0.0,0.0,0.991,0.009000000000000008,0.0,0.0,0.009,0.0,0.003358897503465414,0.0032866999972611666,0.00456361505202949,successful_trials_only,False,False
srp_paired_full,deterministic_multisine,evaluation,tetrahedral,az45_el30,45.0,30.0,-4.0,-4.0,1024,all_6,500,1000,2208254770,3818382250,3818382250,equal_weight_srp_phat,gcc_correlation_interpolated,True,1000,0,1.0,-0.021211763428887802,-0.005228873311766856,0.018483493458894357,0.7155434727040181,0.5769459174522519,1.2724973497509318,1.5820153794122094,1.7929006674142598,1.5820153794122094,1.7929006674142598,0.0,0.0,0.0,1.0,0.0,0.0,0.0,0.0,0.0,0.006511815303587355,0.006069600000046194,0.009289135114522644,successful_trials_only,True,False
srp_paired_full,deterministic_multisine,evaluation,tetrahedral,az45_el30,45.0,30.0,-2.0,-2.0,1024,reference_3,500,1000,2760606286,635952032,635952032,reference_3_gcc_wls,not_applicable,True,1000,0,1.0,0.025412272163675313,-0.04723046170361869,0.04969008501263318,1.0231395057482933,0.8247024677680462,1.809669103165879,2.237384957361693,3.1878667840819666,2.237384957361693,3.1878667840819666,0.0,0.0,0.0,1.0,0.0,0.0,0.0,0.0,0.0,0.002988493900047615,0.002905299887061119,0.004036920005455613,successful_trials_only,False,False
srp_paired_full,deterministic_multisine,evaluation,tetrahedral,az45_el30,45.0,30.0,-2.0,-2.0,1024,all_6,500,1000,2760606286,635952032,635952032,all_6_equal_gcc_wls,not_applicable,True,1000,0,1.0,0.009857997880509735,-0.015856458915212982,0.01731585103718909,0.5455935563885063,0.4592513269189179,0.9484321479768734,1.1369179975810852,1.381810885581008,1.1369179975810852,1.381810885581008,0.0,0.0,0.0,1.0,0.0,0.0,0.0,0.0,0.0,0.0030038682970916853,0.002922050014603883,0.004086554917739704,successful_trials_only,False,False
srp_paired_full,deterministic_multisine,evaluation,tetrahedral,az45_el30,45.0,30.0,-2.0,-2.0,1024,all_6,500,1000,2760606286,635952032,635952032,all_6_calibrated_gcc_wls,not_applicable,True,990,10,0.99,0.01286299438546983,-0.027571353895976095,0.028938294029359185,0.5782969890500391,0.47022551864118095,0.9815250258839022,1.3021245415211844,1.8386640257442577,1.3021245415211844,1.8386640257442577,0.0,0.0,0.0,0.99,0.010000000000000009,0.0,0.0,0.01,0.0,0.0033821870016399773,0.0033125000190921128,0.004503739951178431,successful_trials_only,False,False
srp_paired_full,deterministic_multisine,evaluation,tetrahedral,az45_el30,45.0,30.0,-2.0,-2.0,1024,all_6,500,1000,2760606286,635952032,635952032,equal_weight_srp_phat,gcc_correlation_interpolated,True,1000,0,1.0,0.0074907230167950605,-0.015023661050435014,0.015669059082895464,0.5387084172037208,0.4598272945945359,0.9261687491983835,1.160513046375525,1.3972754224394504,1.160513046375525,1.3972754224394504,0.0,0.0,0.0,1.0,0.0,0.0,0.0,0.0,0.0,0.006543043598649092,0.006128050037659705,0.009344389988109466,successful_trials_only,True,False
srp_paired_full,deterministic_multisine,evaluation,tetrahedral,az45_el30,45.0,30.0,0.0,0.0,1024,reference_3,500,1000,2342237668,2966616367,2966616367,reference_3_gcc_wls,not_applicable,True,1000,0,1.0,-0.00019353350557724594,-0.03950977712946783,0.03771147564683959,0.8270383154179424,0.6876901316721084,1.4009685949808315,1.8416354228091978,2.2673477537131337,1.8416354228091978,2.2673477537131337,0.0,0.0,0.0,1.0,0.0,0.0,0.0,0.0,0.0,0.0029346596988616513,0.002850899938493967,0.003943354991497471,successful_trials_only,False,False
srp_paired_full,deterministic_multisine,evaluation,tetrahedral,az45_el30,45.0,30.0,0.0,0.0,1024,all_6,500,1000,2342237668,2966616367,2966616367,all_6_equal_gcc_wls,not_applicable,True,1000,0,1.0,0.005919910303733266,0.004780923779022596,0.0073098135696548,0.4226877230666907,0.34991905932928535,0.7207641653797093,0.9410893602441945,1.1044811431765817,0.9410893602441945,1.1044811431765817,0.0,0.0,0.0,1.0,0.0,0.0,0.0,0.0,0.0,0.002947644400061108,0.0028814499964937568,0.004000295075820759,successful_trials_only,False,False
srp_paired_full,deterministic_multisine,evaluation,tetrahedral,az45_el30,45.0,30.0,0.0,0.0,1024,all_6,500,1000,2342237668,2966616367,2966616367,all_6_calibrated_gcc_wls,not_applicable,True,995,5,0.995,0.015582625266247714,0.009275037478034822,0.016621215759311518,0.4478738661859608,0.3637590099619635,0.7446010102290114,0.9923196344073382,1.4335503318695393,0.9923196344073382,1.4335503318695393,0.0,0.0,0.0,0.995,0.0050000000000000044,0.0,0.0,0.005,0.0,0.003318404600722715,0.0032711499952711165,0.004471144947456196,successful_trials_only,False,False
srp_paired_full,deterministic_multisine,evaluation,tetrahedral,az45_el30,45.0,30.0,0.0,0.0,1024,all_6,500,1000,2342237668,2966616367,2966616367,equal_weight_srp_phat,gcc_correlation_interpolated,True,1000,0,1.0,0.0059265466945148705,0.008125477420822747,0.009972457065757846,0.4178817372908839,0.3498902954200945,0.7198999807964355,0.92331242745214,1.046009557149373,0.92331242745214,1.046009557149373,0.0,0.0,0.0,1.0,0.0,0.0,0.0,0.0,0.0,0.006455886800540611,0.006005899980664253,0.009122224937891584,successful_trials_only,True,False
srp_paired_full,deterministic_multisine,evaluation,tetrahedral,az45_el30,45.0,30.0,2.0,2.0,1024,reference_3,500,1000,3803604237,3979506219,3979506219,reference_3_gcc_wls,not_applicable,True,1000,0,1.0,-0.009386668775477456,-0.031728391434769736,0.031775580386222836,0.6391883103500186,0.5275654884623775,1.1021138333479223,1.3375199725477098,1.6638849292064073,1.3375199725477098,1.6638849292064073,0.0,0.0,0.0,1.0,0.0,0.0,0.0,0.0,0.0,0.0029521827031858267,0.002891100069973618,0.003922164952382445,successful_trials_only,False,False
srp_paired_full,deterministic_multisine,evaluation,tetrahedral,az45_el30,45.0,30.0,2.0,2.0,1024,all_6,500,1000,3803604237,3979506219,3979506219,all_6_equal_gcc_wls,not_applicable,True,1000,0,1.0,0.015927074813615643,0.005871591255039899,0.015094069483407923,0.3306340101997943,0.27388441299936434,0.5621277068364408,0.6840546703029347,0.941955345116533,0.6840546703029347,0.941955345116533,0.0,0.0,0.0,1.0,0.0,0.0,0.0,0.0,0.0,0.002962872501811944,0.002914049953687936,0.003927045094314963,successful_trials_only,False,False
srp_paired_full,deterministic_multisine,evaluation,tetrahedral,az45_el30,45.0,30.0,2.0,2.0,1024,all_6,500,1000,3803604237,3979506219,3979506219,all_6_calibrated_gcc_wls,not_applicable,True,992,8,0.992,0.02080172185506083,-0.014939969685606753,0.02324182763277948,0.35178543151056485,0.286510065429638,0.5991205252080761,0.7356657683324871,1.0902703871746249,0.7356657683324871,1.0902703871746249,0.0,0.0,0.0,0.992,0.008000000000000007,0.0,0.0,0.008,0.0,0.003347308403463103,0.0032950000022538006,0.004393790039466694,successful_trials_only,False,False
srp_paired_full,deterministic_multisine,evaluation,tetrahedral,az45_el30,45.0,30.0,2.0,2.0,1024,all_6,500,1000,3803604237,3979506219,3979506219,equal_weight_srp_phat,gcc_correlation_interpolated,True,1000,0,1.0,0.017251617494563127,0.007435188173388366,0.016809523291324475,0.3298914243475545,0.2747016189054879,0.5630998727032366,0.6667561520571416,0.9518933008860977,0.6667561520571416,0.9518933008860977,0.0,0.0,0.0,1.0,0.0,0.0,0.0,0.0,0.0,0.006482402803143487,0.0060588999767787755,0.009258890047203748,successful_trials_only,True,False
srp_paired_full,deterministic_multisine,evaluation,tetrahedral,az45_el30,45.0,30.0,5.0,5.0,1024,reference_3,500,1000,1055007470,4055626221,4055626221,reference_3_gcc_wls,not_applicable,True,1000,0,1.0,0.011588067746491711,-0.0367673718280025,0.03749787055391876,0.5081489466174041,0.42106902049208284,0.8732040451502744,1.1561286685410657,1.435348095929412,1.1561286685410657,1.435348095929412,0.0,0.0,0.0,1.0,0.0,0.0,0.0,0.0,0.0,0.002964915199321695,0.0029187999898567796,0.0039782400126568964,successful_trials_only,False,False
srp_paired_full,deterministic_multisine,evaluation,tetrahedral,az45_el30,45.0,30.0,5.0,5.0,1024,all_6,500,1000,1055007470,4055626221,4055626221,all_6_equal_gcc_wls,not_applicable,True,1000,0,1.0,0.0038226741802989323,0.0013618356661470154,0.0036359187464519776,0.24023268251002194,0.20161116609391128,0.404703697759173,0.5201629391866174,0.6602012082016208,0.5201629391866174,0.6602012082016208,0.0,0.0,0.0,1.0,0.0,0.0,0.0,0.0,0.0,0.00298515990015585,0.002953950024675578,0.004010945034679025,successful_trials_only,False,False
srp_paired_full,deterministic_multisine,evaluation,tetrahedral,az45_el30,45.0,30.0,5.0,5.0,1024,all_6,500,1000,1055007470,4055626221,4055626221,all_6_calibrated_gcc_wls,not_applicable,True,988,12,0.988,0.008055247082355969,-0.01096365630969654,0.012882213928373128,0.2533321754391871,0.21397103488803398,0.44256679156395695,0.5637612565762303,0.685830167780566,0.5637612565762303,0.685830167780566,0.0,0.0,0.0,0.988,0.01200000000000001,0.0,0.0,0.012,0.0,0.003369060797034763,0.003380600013770163,0.004418985004303977,successful_trials_only,False,False
srp_paired_full,deterministic_multisine,evaluation,tetrahedral,az45_el30,45.0,30.0,5.0,5.0,1024,all_6,500,1000,1055007470,4055626221,4055626221,equal_weight_srp_phat,gcc_correlation_interpolated,True,1000,0,1.0,0.0031438874190205315,0.003980332890825966,0.004936773563002321,0.23651872771783286,0.2029067088095495,0.39642410325504124,0.5071706029706694,0.6399780237082641,0.5071706029706694,0.6399780237082641,0.0,0.0,0.0,1.0,0.0,0.0,0.0,0.0,0.0,0.006396843500784598,0.005888950021471828,0.009134874935261904,successful_trials_only,True,False
srp_paired_full,deterministic_multisine,evaluation,tetrahedral,az45_el30,45.0,30.0,10.0,10.0,1024,reference_3,500,1000,71434723,1704883520,1704883520,reference_3_gcc_wls,not_applicable,True,1000,0,1.0,-0.00151160211618974,-0.032494539138973724,0.03225411006765619,0.32837369310448683,0.2759431938023443,0.5596713158140098,0.6640269361536635,0.8839315613168452,0.6640269361536635,0.8839315613168452,0.0,0.0,0.0,1.0,0.0,0.0,0.0,0.0,0.0,0.0030387027978431434,0.002977499971166253,0.004032819980056956,successful_trials_only,False,False
srp_paired_full,deterministic_multisine,evaluation,tetrahedral,az45_el30,45.0,30.0,10.0,10.0,1024,all_6,500,1000,71434723,1704883520,1704883520,all_6_equal_gcc_wls,not_applicable,True,1000,0,1.0,0.0002740475309042237,0.013318200180174478,0.01337195264999729,0.14781602308782255,0.12586215327978978,0.24708060230565343,0.29880096623371,0.3847774975364859,0.29880096623371,0.3847774975364859,0.0,0.0,0.0,1.0,0.0,0.0,0.0,0.0,0.0,0.003045579701429233,0.002978099917527288,0.00406399008934386,successful_trials_only,False,False
srp_paired_full,deterministic_multisine,evaluation,tetrahedral,az45_el30,45.0,30.0,10.0,10.0,1024,all_6,500,1000,71434723,1704883520,1704883520,all_6_calibrated_gcc_wls,not_applicable,True,991,9,0.991,-0.0023386919436198346,0.02433785181145961,0.024470855490103235,0.15478753670206136,0.12896714664609027,0.2677221319137189,0.349764068554571,0.4687777254371541,0.349764068554571,0.4687777254371541,0.0,0.0,0.0,0.991,0.009000000000000008,0.0,0.0,0.009,0.0,0.0034787479967344553,0.0034540501073934138,0.004638499935390427,successful_trials_only,False,False
srp_paired_full,deterministic_multisine,evaluation,tetrahedral,az45_el30,45.0,30.0,10.0,10.0,1024,all_6,500,1000,71434723,1704883520,1704883520,equal_weight_srp_phat,gcc_correlation_interpolated,True,1000,0,1.0,0.000511887636090555,0.01735497532151794,0.01741112765535008,0.14619882158215322,0.12332867799435748,0.24599779621050394,0.29162102280691937,0.36870060294341866,0.29162102280691937,0.36870060294341866,0.0,0.0,0.0,1.0,0.0,0.0,0.0,0.0,0.0,0.0064832052004057915,0.006052100099623203,0.009410155046498402,successful_trials_only,True,False
srp_paired_full,deterministic_multisine,evaluation,tetrahedral,az45_el30,45.0,30.0,20.0,20.0,1024,reference_3,500,1000,2892687872,391755658,391755658,reference_3_gcc_wls,not_applicable,True,1000,0,1.0,0.003999698034260764,-0.05752930854838147,0.057566764662829416,0.1743533602919882,0.14147845568934123,0.3041575248950061,0.3629901635402579,0.44342861132346545,0.3629901635402579,0.44342861132346545,0.0,0.0,0.0,1.0,0.0,0.0,0.0,0.0,0.0,0.0029662827983265743,0.0028882999322377145,0.003967484936583787,successful_trials_only,False,False
srp_paired_full,deterministic_multisine,evaluation,tetrahedral,az45_el30,45.0,30.0,20.0,20.0,1024,all_6,500,1000,2892687872,391755658,391755658,all_6_equal_gcc_wls,not_applicable,True,1000,0,1.0,0.001652070597911117,-0.004817842430555959,0.005014152732141052,0.07117022269373915,0.057674956574014585,0.12752471729656148,0.15716893306366778,0.17218180979570769,0.15716893306366778,0.17218180979570769,0.0,0.0,0.0,1.0,0.0,0.0,0.0,0.0,0.0,0.002978969100280665,0.002932000090368092,0.003993564913980663,successful_trials_only,False,False
srp_paired_full,deterministic_multisine,evaluation,tetrahedral,az45_el30,45.0,30.0,20.0,20.0,1024,all_6,500,1000,2892687872,391755658,391755658,all_6_calibrated_gcc_wls,not_applicable,True,992,8,0.992,-0.0005655762483902446,0.013244491447508625,0.01326447768585221,0.07141685783267067,0.05579888399691251,0.1278226032809318,0.17380871937335096,0.20577202604840128,0.17380871937335096,0.20577202604840128,0.0,0.0,0.0,0.992,0.008000000000000007,0.0,0.0,0.008,0.0,0.0034299361968878656,0.003391949983779341,0.0045585950196254995,successful_trials_only,False,False
srp_paired_full,deterministic_multisine,evaluation,tetrahedral,az45_el30,45.0,30.0,20.0,20.0,1024,all_6,500,1000,2892687872,391755658,391755658,equal_weight_srp_phat,gcc_correlation_interpolated,True,1000,0,1.0,0.0012537346925858624,0.00011027178810718516,0.0010920142084886553,0.0687971033874199,0.055203685822460366,0.12288779084844637,0.14578388890838703,0.16660546495437312,0.14578388890838703,0.16660546495437312,0.0,0.0,0.0,1.0,0.0,0.0,0.0,0.0,0.0,0.006418478103703819,0.005906800157390535,0.009286404930753634,successful_trials_only,True,False
srp_paired_full,deterministic_multisine,evaluation,tetrahedral,az45_el30,45.0,30.0,30.0,30.0,1024,reference_3,500,1000,971913652,2977940508,2977940508,reference_3_gcc_wls,not_applicable,True,1000,0,1.0,0.0029701849855174457,-0.0754287496589128,0.07545797464691179,0.11034105739624755,0.09504219541292053,0.18343072564303972,0.22724791506528036,0.2684855220407561,0.22724791506528036,0.2684855220407561,0.0,0.0,0.0,1.0,0.0,0.0,0.0,0.0,0.0,0.0028606923995539548,0.002782299998216331,0.0037422349676489823,successful_trials_only,False,False
srp_paired_full,deterministic_multisine,evaluation,tetrahedral,az45_el30,45.0,30.0,30.0,30.0,1024,all_6,500,1000,971913652,2977940508,2977940508,all_6_equal_gcc_wls,not_applicable,True,1000,0,1.0,-0.0005173075770337931,-0.008922575822589715,0.008931092659958503,0.0352990294774075,0.029343766538909296,0.06036574276746947,0.0725262953329916,0.09335337105018648,0.0725262953329916,0.09335337105018648,0.0,0.0,0.0,1.0,0.0,0.0,0.0,0.0,0.0,0.0028754443005891517,0.0027820999384857714,0.003760719962883737,successful_trials_only,False,False
srp_paired_full,deterministic_multisine,evaluation,tetrahedral,az45_el30,45.0,30.0,30.0,30.0,1024,all_6,500,1000,971913652,2977940508,2977940508,all_6_calibrated_gcc_wls,not_applicable,True,991,9,0.991,0.0008265417167692233,0.0066549779352984995,0.0066956144287947566,0.03227950141474083,0.02488933266796893,0.05771451276633007,0.07954281672247893,0.11495655720407166,0.07954281672247893,0.11495655720407166,0.0,0.0,0.0,0.991,0.009000000000000008,0.0,0.0,0.009,0.0,0.003298855102271773,0.0032287000212818384,0.004303715052083134,successful_trials_only,False,False
srp_paired_full,deterministic_multisine,evaluation,tetrahedral,az45_el30,45.0,30.0,30.0,30.0,1024,all_6,500,1000,971913652,2977940508,2977940508,equal_weight_srp_phat,gcc_correlation_interpolated,True,1000,0,1.0,-0.0010785064542141794,-0.0018659141614001027,0.0020843316457045966,0.03303027049536303,0.028004796677400443,0.05673746981058931,0.07006976373792355,0.08552403220917852,0.07006976373792355,0.08552403220917852,0.0,0.0,0.0,1.0,0.0,0.0,0.0,0.0,0.0,0.006196684304042719,0.005715649924241006,0.00871939002536237,successful_trials_only,True,False
srp_paired_full,random_broadband,evaluation,tetrahedral,az45_el30,45.0,30.0,-10.0,-10.0,1024,reference_3,500,1000,950537768,2931970797,2931970797,reference_3_gcc_wls,not_applicable,True,1000,0,1.0,-0.41894354237534004,-0.7894922928709267,1.6821466028839271,28.631620577770597,1.5344731818717754,70.19267978344304,85.35454206332336,103.9566452244661,85.35454206332336,103.9566452244661,0.258,0.245,0.206,1.0,0.0,0.0,0.021,0.0,0.206,0.002888691802858375,0.002801450027618557,0.0038906900561414656,successful_trials_only,False,False
srp_paired_full,random_broadband,evaluation,tetrahedral,az45_el30,45.0,30.0,-10.0,-10.0,1024,all_6,500,1000,950537768,2931970797,2931970797,all_6_equal_gcc_wls,not_applicable,True,1000,0,1.0,-0.532651715809158,-0.7067384497480828,0.5781787133535126,21.243956690034068,1.289169650854624,48.71373208202761,72.33743575974769,122.71414016212107,72.33743575974769,122.71414016212107,0.387,0.332,0.131,1.0,0.0,0.0,0.021,0.0,0.131,0.0028929117025109008,0.0028098499751649797,0.003825769911054522,successful_trials_only,False,False
srp_paired_full,random_broadband,evaluation,tetrahedral,az45_el30,45.0,30.0,-10.0,-10.0,1024,all_6,500,1000,950537768,2931970797,2931970797,all_6_calibrated_gcc_wls,not_applicable,True,976,24,0.976,0.12456730925005916,-0.04883316572161999,0.21831202217885676,9.67352089124639,1.0458794210826274,21.508627005125298,45.62548907336772,63.071069656314556,45.62548907336772,63.071069656314556,0.13524590163934427,0.10348360655737705,0.03381147540983607,0.976,0.02400000000000002,0.0,0.021,0.024,0.03381147540983607,0.0032888277986785398,0.0032688500359654427,0.004370599985122681,successful_trials_only,False,False
srp_paired_full,random_broadband,evaluation,tetrahedral,az45_el30,45.0,30.0,-10.0,-10.0,1024,all_6,500,1000,950537768,2931970797,2931970797,equal_weight_srp_phat,gcc_correlation_interpolated,True,1000,0,1.0,0.0039040117985661062,0.05395485212503558,0.05023730131190182,1.8060835188909183,0.7474198341393199,1.6243256825965346,2.025415121038341,2.6864052762258184,2.025415121038341,2.6864052762258184,0.001,0.001,0.001,1.0,0.0,0.0,0.0,0.0,0.001,0.00643949670298025,0.005965400079730898,0.0092108249431476,successful_trials_only,True,False
srp_paired_full,random_broadband,evaluation,tetrahedral,az45_el30,45.0,30.0,-8.0,-8.0,1024,reference_3,500,1000,725296039,3179164330,3179164330,reference_3_gcc_wls,not_applicable,True,1000,0,1.0,-0.2836076360817306,0.0068696945282406855,0.2757333232868665,7.2386060914980455,0.8258582643772044,2.0009343186242114,52.79530984411757,68.5829841816582,52.79530984411757,68.5829841816582,0.018,0.018,0.015,1.0,0.0,0.0,0.001,0.0,0.015,0.0028466153998160733,0.0027065000031143427,0.0038582999317441132,successful_trials_only,False,False
srp_paired_full,random_broadband,evaluation,tetrahedral,az45_el30,45.0,30.0,-8.0,-8.0,1024,all_6,500,1000,725296039,3179164330,3179164330,all_6_equal_gcc_wls,not_applicable,True,1000,0,1.0,-0.10157110854796889,-0.15199975424826118,0.14130111489008748,4.446361051205986,0.5335366056657945,1.331954530994246,26.44448592788823,51.27815369933168,26.44448592788823,51.27815369933168,0.028,0.022,0.007,1.0,0.0,0.0,0.001,0.0,0.007,0.002863006298313849,0.0027327000279910862,0.003907660057302564,successful_trials_only,False,False
srp_paired_full,random_broadband,evaluation,tetrahedral,az45_el30,45.0,30.0,-8.0,-8.0,1024,all_6,500,1000,725296039,3179164330,3179164330,all_6_calibrated_gcc_wls,not_applicable,True,980,20,0.98,0.08605679606930719,-0.06203863712017813,0.0954045310111501,0.9753054472176925,0.5847530555672988,1.3573649735467035,1.865840547053019,9.748242020488451,1.865840547053019,9.748242020488451,0.0020408163265306124,0.0010204081632653062,0.0,0.98,0.020000000000000018,0.0,0.001,0.02,0.0,0.0032866384972585366,0.003172550001181662,0.004460774967446923,successful_trials_only,False,False
srp_paired_full,random_broadband,evaluation,tetrahedral,az45_el30,45.0,30.0,-8.0,-8.0,1024,all_6,500,1000,725296039,3179164330,3179164330,equal_weight_srp_phat,gcc_correlation_interpolated,True,1000,0,1.0,-0.010232532430108278,-0.022930444301745123,0.023686841160036904,0.6297177829186664,0.5171740484157031,1.103187517901578,1.4264340049034228,1.8317148469345275,1.4264340049034228,1.8317148469345275,0.0,0.0,0.0,1.0,0.0,0.0,0.0,0.0,0.0,0.006354905797401443,0.005840699945110828,0.00945849495474249,successful_trials_only,True,False
srp_paired_full,random_broadband,evaluation,tetrahedral,az45_el30,45.0,30.0,-6.0,-6.0,1024,reference_3,500,1000,188115945,2567249635,2567249635,reference_3_gcc_wls,not_applicable,True,1000,0,1.0,-0.00649059075106778,-0.011034171240210685,0.01141131452554487,0.6757881362419828,0.5516567805901587,1.198846682010263,1.48333086472041,1.8074044656678454,1.48333086472041,1.8074044656678454,0.0,0.0,0.0,1.0,0.0,0.0,0.0,0.0,0.0,0.0028486517992569135,0.0027328499709255993,0.0038533398939762263,successful_trials_only,False,False
srp_paired_full,random_broadband,evaluation,tetrahedral,az45_el30,45.0,30.0,-6.0,-6.0,1024,all_6,500,1000,188115945,2567249635,2567249635,all_6_equal_gcc_wls,not_applicable,True,1000,0,1.0,0.01974877865388438,-0.009613134991731961,0.019368604896464716,0.47526919843202686,0.3813724351913453,0.8303446163520868,1.0134715175741171,1.1803045385492756,1.0134715175741171,1.1803045385492756,0.0,0.0,0.0,1.0,0.0,0.0,0.0,0.0,0.0,0.0028461057998938485,0.0027291999431326985,0.0038048599730245757,successful_trials_only,False,False
srp_paired_full,random_broadband,evaluation,tetrahedral,az45_el30,45.0,30.0,-6.0,-6.0,1024,all_6,500,1000,188115945,2567249635,2567249635,all_6_calibrated_gcc_wls,not_applicable,True,983,17,0.983,0.04056537100089273,-0.008553470361077273,0.036032087353424565,0.4937429533984734,0.4042940460822907,0.868680962490111,1.0486351983533482,1.2958919398795576,1.0486351983533482,1.2958919398795576,0.0,0.0,0.0,0.983,0.017000000000000015,0.0,0.0,0.017,0.0,0.0032097267988137903,0.0031035500578582287,0.0042626499722246075,successful_trials_only,False,False
srp_paired_full,random_broadband,evaluation,tetrahedral,az45_el30,45.0,30.0,-6.0,-6.0,1024,all_6,500,1000,188115945,2567249635,2567249635,equal_weight_srp_phat,gcc_correlation_interpolated,True,1000,0,1.0,0.020087266333242412,-0.010856971022277985,0.020231292975939726,0.4733897354411244,0.3797593016125997,0.8230506266475511,1.0144603977482818,1.1749838350067638,1.0144603977482818,1.1749838350067638,0.0,0.0,0.0,1.0,0.0,0.0,0.0,0.0,0.0,0.006374825698672794,0.005884449987206608,0.009268084907671437,successful_trials_only,True,False
srp_paired_full,random_broadband,evaluation,tetrahedral,az45_el30,45.0,30.0,-4.0,-4.0,1024,reference_3,500,1000,1787564724,3934903480,3934903480,reference_3_gcc_wls,not_applicable,True,1000,0,1.0,-0.02283662978364825,0.013035402211408647,0.02405194934237006,0.48912149173922587,0.407188204621537,0.8421518351925481,1.0570517812454858,1.1513335645842082,1.0570517812454858,1.1513335645842082,0.0,0.0,0.0,1.0,0.0,0.0,0.0,0.0,0.0,0.002856874598423019,0.0027482000296004117,0.0038668150955345477,successful_trials_only,False,False
srp_paired_full,random_broadband,evaluation,tetrahedral,az45_el30,45.0,30.0,-4.0,-4.0,1024,all_6,500,1000,1787564724,3934903480,3934903480,all_6_equal_gcc_wls,not_applicable,True,1000,0,1.0,-0.011853411625621748,0.00581406252853143,0.011968318216884962,0.34442536510105,0.2891181917355844,0.5849238379639975,0.7444705158051776,0.9059209707440428,0.7444705158051776,0.9059209707440428,0.0,0.0,0.0,1.0,0.0,0.0,0.0,0.0,0.0,0.002866148399771191,0.0027515499969013035,0.0038835098908748477,successful_trials_only,False,False
srp_paired_full,random_broadband,evaluation,tetrahedral,az45_el30,45.0,30.0,-4.0,-4.0,1024,all_6,500,1000,1787564724,3934903480,3934903480,all_6_calibrated_gcc_wls,not_applicable,True,985,15,0.985,-0.008924416169466695,0.010090169730233165,0.012946789662955382,0.35213135417251024,0.29592443024176635,0.5924477675247894,0.7650068301309128,0.9386887933415888,0.7650068301309128,0.9386887933415888,0.0,0.0,0.0,0.985,0.015000000000000013,0.0,0.0,0.015,0.0,0.003241206303355284,0.003155349870212376,0.0042791350977495314,successful_trials_only,False,False
srp_paired_full,random_broadband,evaluation,tetrahedral,az45_el30,45.0,30.0,-4.0,-4.0,1024,all_6,500,1000,1787564724,3934903480,3934903480,equal_weight_srp_phat,gcc_correlation_interpolated,True,1000,0,1.0,-0.011887404393492946,0.005906563434047466,0.012038355482279325,0.34231985429827677,0.2872056971581396,0.5798323853585543,0.7316136383729946,0.9012197870118361,0.7316136383729946,0.9012197870118361,0.0,0.0,0.0,1.0,0.0,0.0,0.0,0.0,0.0,0.006313980102771893,0.00591235002502799,0.009199124970473349,successful_trials_only,True,False
srp_paired_full,random_broadband,evaluation,tetrahedral,az45_el30,45.0,30.0,-2.0,-2.0,1024,reference_3,500,1000,2236671406,1524727108,1524727108,reference_3_gcc_wls,not_applicable,True,1000,0,1.0,0.0001835146844416434,-0.007621578934578281,0.007321142475499337,0.3492217629774681,0.29866164832488445,0.5906282570224263,0.7267235255990179,0.8684459111091716,0.7267235255990179,0.8684459111091716,0.0,0.0,0.0,1.0,0.0,0.0,0.0,0.0,0.0,0.002838655602536164,0.0027366000576876104,0.003730339993489906,successful_trials_only,False,False
srp_paired_full,random_broadband,evaluation,tetrahedral,az45_el30,45.0,30.0,-2.0,-2.0,1024,all_6,500,1000,2236671406,1524727108,1524727108,all_6_equal_gcc_wls,not_applicable,True,1000,0,1.0,-0.004782416663637918,0.004556586655720947,0.006297783684535114,0.26156889281480017,0.2235704643433721,0.4426810477367842,0.5573822976534487,0.6413446744599214,0.5573822976534487,0.6413446744599214,0.0,0.0,0.0,1.0,0.0,0.0,0.0,0.0,0.0,0.0028590994006954134,0.002740749914664775,0.003828304936178028,successful_trials_only,False,False
srp_paired_full,random_broadband,evaluation,tetrahedral,az45_el30,45.0,30.0,-2.0,-2.0,1024,all_6,500,1000,2236671406,1524727108,1524727108,all_6_calibrated_gcc_wls,not_applicable,True,987,13,0.987,-0.012112156312347402,0.002707046739486165,0.010896673963664926,0.271433977501048,0.23271195944433112,0.4564545119499245,0.5822375288621724,0.7003613810986625,0.5822375288621724,0.7003613810986625,0.0,0.0,0.0,0.987,0.013000000000000012,0.0,0.0,0.013,0.0,0.003209761495701969,0.003129350021481514,0.004297709895763546,successful_trials_only,False,False
srp_paired_full,random_broadband,evaluation,tetrahedral,az45_el30,45.0,30.0,-2.0,-2.0,1024,all_6,500,1000,2236671406,1524727108,1524727108,equal_weight_srp_phat,gcc_correlation_interpolated,True,1000,0,1.0,-0.005050798325691055,0.004655690500896431,0.0065261989563594495,0.26089065269370393,0.22381466151054086,0.43914271264467897,0.5581672924825782,0.6409115554978294,0.5581672924825782,0.6409115554978294,0.0,0.0,0.0,1.0,0.0,0.0,0.0,0.0,0.0,0.006318026599357836,0.005892049986869097,0.00910296004731208,successful_trials_only,True,False
srp_paired_full,random_broadband,evaluation,tetrahedral,az45_el30,45.0,30.0,0.0,0.0,1024,reference_3,500,1000,1628730252,505530903,505530903,reference_3_gcc_wls,not_applicable,True,1000,0,1.0,-0.0023183910279859117,-0.007542677659946976,0.007647326667116185,0.2619359974012636,0.21579991630327094,0.4472628389709662,0.5858555056522577,0.6799481549494035,0.5858555056522577,0.6799481549494035,0.0,0.0,0.0,1.0,0.0,0.0,0.0,0.0,0.0,0.0029062719981884583,0.002823550079483539,0.0038934849610086524,successful_trials_only,False,False
srp_paired_full,random_broadband,evaluation,tetrahedral,az45_el30,45.0,30.0,0.0,0.0,1024,all_6,500,1000,1628730252,505530903,505530903,all_6_equal_gcc_wls,not_applicable,True,1000,0,1.0,-0.0017560307873500714,0.0008322323458155547,0.0018059768817233098,0.21796980430794335,0.17822182475149917,0.38069350714157635,0.4705729873956243,0.5965905169568733,0.4705729873956243,0.5965905169568733,0.0,0.0,0.0,1.0,0.0,0.0,0.0,0.0,0.0,0.002921182102174498,0.002844849950633943,0.003965375042753294,successful_trials_only,False,False
srp_paired_full,random_broadband,evaluation,tetrahedral,az45_el30,45.0,30.0,0.0,0.0,1024,all_6,500,1000,1628730252,505530903,505530903,all_6_calibrated_gcc_wls,not_applicable,True,988,12,0.988,0.00030682385703809984,-0.0016821771190876256,0.001592470268171214,0.2237461900388487,0.18733375504189742,0.3865308164089234,0.4694912086408566,0.5432981424314095,0.4694912086408566,0.5432981424314095,0.0,0.0,0.0,0.988,0.01200000000000001,0.0,0.0,0.012,0.0,0.0032942369004013016,0.0032424000091850758,0.00439452493446879,successful_trials_only,False,False
srp_paired_full,random_broadband,evaluation,tetrahedral,az45_el30,45.0,30.0,0.0,0.0,1024,all_6,500,1000,1628730252,505530903,505530903,equal_weight_srp_phat,gcc_correlation_interpolated,True,1000,0,1.0,-0.001688576405678416,0.0005930484385595469,0.001639637333936524,0.21728225291975492,0.17614482231656675,0.3766742430777021,0.47061154078796247,0.5989228293937735,0.47061154078796247,0.5989228293937735,0.0,0.0,0.0,1.0,0.0,0.0,0.0,0.0,0.0,0.006346077498863451,0.005837450036779046,0.00911852004355751,successful_trials_only,True,False
srp_paired_full,random_broadband,evaluation,tetrahedral,az45_el30,45.0,30.0,2.0,2.0,1024,reference_3,500,1000,2254431987,4139100278,4139100278,reference_3_gcc_wls,not_applicable,True,1000,0,1.0,0.003904986490816641,-0.0005402054251446561,0.003405318117091023,0.19843633788946988,0.16517084709059793,0.34446380752599187,0.42528472165951103,0.4943597379203189,0.42528472165951103,0.4943597379203189,0.0,0.0,0.0,1.0,0.0,0.0,0.0,0.0,0.0,0.002921160597354174,0.00282325001899153,0.003819894866319373,successful_trials_only,False,False
srp_paired_full,random_broadband,evaluation,tetrahedral,az45_el30,45.0,30.0,2.0,2.0,1024,all_6,500,1000,2254431987,4139100278,4139100278,all_6_equal_gcc_wls,not_applicable,True,1000,0,1.0,-0.0006196756850296225,0.002286592872399472,0.002424928936263472,0.17486463465936397,0.14783978836028364,0.29535730229069934,0.35462754288498527,0.4081396089816831,0.35462754288498527,0.4081396089816831,0.0,0.0,0.0,1.0,0.0,0.0,0.0,0.0,0.0,0.0029250918995821847,0.002856350038200617,0.0038413649075664576,successful_trials_only,False,False
srp_paired_full,random_broadband,evaluation,tetrahedral,az45_el30,45.0,30.0,2.0,2.0,1024,all_6,500,1000,2254431987,4139100278,4139100278,all_6_calibrated_gcc_wls,not_applicable,True,983,17,0.983,-0.008996844253038039,-0.006651121146110258,0.010193010207596696,0.18396327444603985,0.1565949503682141,0.3145575032883439,0.4026596019278672,0.4426223189247184,0.4026596019278672,0.4426223189247184,0.0,0.0,0.0,0.983,0.017000000000000015,0.0,0.0,0.017,0.0,0.003295242700492963,0.003242650011088699,0.004352129960898309,successful_trials_only,False,False
srp_paired_full,random_broadband,evaluation,tetrahedral,az45_el30,45.0,30.0,2.0,2.0,1024,all_6,500,1000,2254431987,4139100278,4139100278,equal_weight_srp_phat,gcc_correlation_interpolated,True,1000,0,1.0,-0.0007014252306077897,0.0016509665632102842,0.0018330046965610767,0.17414315229132787,0.1459830166403377,0.29515041451655316,0.35511738771598134,0.4109047776154562,0.35511738771598134,0.4109047776154562,0.0,0.0,0.0,1.0,0.0,0.0,0.0,0.0,0.0,0.006458719299873337,0.00605574989458546,0.009550234948983414,successful_trials_only,True,False
srp_paired_full,random_broadband,evaluation,tetrahedral,az45_el30,45.0,30.0,5.0,5.0,1024,reference_3,500,1000,135666349,549543133,549543133,reference_3_gcc_wls,not_applicable,True,1000,0,1.0,-0.0016821803984221732,-0.007673502854471217,0.007759129756640893,0.14598336491623515,0.11875272688361352,0.24980714784756,0.33227884763279103,0.4158851125313802,0.33227884763279103,0.4158851125313802,0.0,0.0,0.0,1.0,0.0,0.0,0.0,0.0,0.0,0.0028897482994943856,0.002812949998769909,0.0039646900317166,successful_trials_only,False,False
srp_paired_full,random_broadband,evaluation,tetrahedral,az45_el30,45.0,30.0,5.0,5.0,1024,all_6,500,1000,135666349,549543133,549543133,all_6_equal_gcc_wls,not_applicable,True,1000,0,1.0,-0.0033396968560017036,-0.0043987480759911345,0.005233472699129783,0.12611704607537316,0.10419774143759715,0.22121683496600067,0.26915619088209075,0.3315322680142199,0.26915619088209075,0.3315322680142199,0.0,0.0,0.0,1.0,0.0,0.0,0.0,0.0,0.0,0.0028900767978047954,0.002822349953930825,0.0038903099310118685,successful_trials_only,False,False
srp_paired_full,random_broadband,evaluation,tetrahedral,az45_el30,45.0,30.0,5.0,5.0,1024,all_6,500,1000,135666349,549543133,549543133,all_6_calibrated_gcc_wls,not_applicable,True,977,23,0.977,0.00642623876613239,-0.004240100516094949,0.006968739833665293,0.1333947042986878,0.11031628976814455,0.23104476453784126,0.3008532389859924,0.35583794365920013,0.3008532389859924,0.35583794365920013,0.0,0.0,0.0,0.977,0.02300000000000002,0.0,0.0,0.023,0.0,0.00324779900140129,0.003175850084517151,0.004336544958641752,successful_trials_only,False,False
srp_paired_full,random_broadband,evaluation,tetrahedral,az45_el30,45.0,30.0,5.0,5.0,1024,all_6,500,1000,135666349,549543133,549543133,equal_weight_srp_phat,gcc_correlation_interpolated,True,1000,0,1.0,-0.003314076824329071,-0.00507637515248499,0.005799091623875798,0.12542766448195233,0.10304771295553015,0.2220222782372734,0.2695038699467908,0.329809058064391,0.2695038699467908,0.329809058064391,0.0,0.0,0.0,1.0,0.0,0.0,0.0,0.0,0.0,0.006410990899545141,0.005933950014878064,0.009370634873630478,successful_trials_only,True,False
srp_paired_full,random_broadband,evaluation,tetrahedral,az45_el30,45.0,30.0,10.0,10.0,1024,reference_3,500,1000,3266163229,1452270478,1452270478,reference_3_gcc_wls,not_applicable,True,1000,0,1.0,0.00043541164333694803,-0.0010228356531278657,0.0010744360576255606,0.08324653199344391,0.06858276017142448,0.14358542643518843,0.18275512986807138,0.22889967495382801,0.18275512986807138,0.22889967495382801,0.0,0.0,0.0,1.0,0.0,0.0,0.0,0.0,0.0,0.0029432534018997104,0.0028898499440401793,0.004064909985754639,successful_trials_only,False,False
srp_paired_full,random_broadband,evaluation,tetrahedral,az45_el30,45.0,30.0,10.0,10.0,1024,all_6,500,1000,3266163229,1452270478,1452270478,all_6_equal_gcc_wls,not_applicable,True,1000,0,1.0,0.001990334363292142,0.0016390064202937056,0.002387446833462336,0.07586522905753969,0.06398815297493105,0.13065096240536545,0.16218727643697414,0.1897761547903857,0.16218727643697414,0.1897761547903857,0.0,0.0,0.0,1.0,0.0,0.0,0.0,0.0,0.0,0.0029510625024558976,0.0028939000330865383,0.004033384978538379,successful_trials_only,False,False
srp_paired_full,random_broadband,evaluation,tetrahedral,az45_el30,45.0,30.0,10.0,10.0,1024,all_6,500,1000,3266163229,1452270478,1452270478,all_6_calibrated_gcc_wls,not_applicable,True,982,18,0.982,0.004722208688221369,0.002440870138422121,0.004769875121124449,0.08102426115789196,0.06397826282637802,0.1441018174259627,0.1912103523543879,0.23644505602206609,0.1912103523543879,0.23644505602206609,0.0,0.0,0.0,0.982,0.018000000000000016,0.0,0.0,0.018,0.0,0.0033356392030837014,0.003293100045993924,0.004533334943698719,successful_trials_only,False,False
srp_paired_full,random_broadband,evaluation,tetrahedral,az45_el30,45.0,30.0,10.0,10.0,1024,all_6,500,1000,3266163229,1452270478,1452270478,equal_weight_srp_phat,gcc_correlation_interpolated,True,1000,0,1.0,0.0020296293426787216,0.0006051386853280917,0.0018625161619469995,0.07517255850488494,0.06317669217370149,0.13007954129405966,0.16046044022689476,0.19047223945005587,0.16046044022689476,0.19047223945005587,0.0,0.0,0.0,1.0,0.0,0.0,0.0,0.0,0.0,0.006247193401446566,0.005750900018028915,0.008779580029658974,successful_trials_only,True,False
srp_paired_full,random_broadband,evaluation,tetrahedral,az45_el30,45.0,30.0,20.0,20.0,1024,reference_3,500,1000,2943169307,3003745806,3003745806,reference_3_gcc_wls,not_applicable,True,1000,0,1.0,-0.0005704478348557852,-0.0007304962164912174,0.000879989678473511,0.032968523108642685,0.026874549346063353,0.05831223315215337,0.07056370203097027,0.08445348309225402,0.07056370203097027,0.08445348309225402,0.0,0.0,0.0,1.0,0.0,0.0,0.0,0.0,0.0,0.002803043699474074,0.0026777000166475773,0.003731915121898055,successful_trials_only,False,False
srp_paired_full,random_broadband,evaluation,tetrahedral,az45_el30,45.0,30.0,20.0,20.0,1024,all_6,500,1000,2943169307,3003745806,3003745806,all_6_equal_gcc_wls,not_applicable,True,1000,0,1.0,-0.0006402040365322616,0.001974954496693937,0.002053230654799506,0.030561801649047583,0.025226509938816807,0.05286456974160193,0.06424505992409381,0.08381279276596783,0.06424505992409381,0.08381279276596783,0.0,0.0,0.0,1.0,0.0,0.0,0.0,0.0,0.0,0.002807622999069281,0.0026601500576362014,0.003729399992153048,successful_trials_only,False,False
srp_paired_full,random_broadband,evaluation,tetrahedral,az45_el30,45.0,30.0,20.0,20.0,1024,all_6,500,1000,2943169307,3003745806,3003745806,all_6_calibrated_gcc_wls,not_applicable,True,957,43,0.957,-0.00044860152178659307,0.0020814055791441594,0.002119641600837632,0.03322350611799398,0.026656797387103182,0.05973772363901995,0.07984242908826945,0.0980713711414986,0.07984242908826945,0.0980713711414986,0.0,0.0,0.0,0.957,0.04300000000000004,0.0,0.0,0.043,0.0,0.0031817913956474512,0.0030882000573910773,0.004190060007385909,successful_trials_only,False,False
srp_paired_full,random_broadband,evaluation,tetrahedral,az45_el30,45.0,30.0,20.0,20.0,1024,all_6,500,1000,2943169307,3003745806,3003745806,equal_weight_srp_phat,gcc_correlation_interpolated,True,1000,0,1.0,-0.0006594391841804563,0.0006952383551772621,0.0009012105582395993,0.030185833408070677,0.02485903077804325,0.052198534150669725,0.0635609963192847,0.08324505837658108,0.0635609963192847,0.08324505837658108,0.0,0.0,0.0,1.0,0.0,0.0,0.0,0.0,0.0,0.006257909897714854,0.005806349974591285,0.00881742506753653,successful_trials_only,True,False
srp_paired_full,random_broadband,evaluation,tetrahedral,az45_el30,45.0,30.0,30.0,30.0,1024,reference_3,500,1000,2685582665,2853902794,2853902794,reference_3_gcc_wls,not_applicable,True,1000,0,1.0,-0.00019400052717963876,1.715815011178211e-05,0.0001689695483455356,0.019547182710226416,0.013384481733499211,0.03726627466213642,0.05198197615302127,0.0745026224479152,0.05198197615302127,0.0745026224479152,0.0,0.0,0.0,1.0,0.0,0.0,0.0,0.0,0.0,0.002786794400890358,0.0026715999701991677,0.0036959750810638065,successful_trials_only,False,False
srp_paired_full,random_broadband,evaluation,tetrahedral,az45_el30,45.0,30.0,30.0,30.0,1024,all_6,500,1000,2685582665,2853902794,2853902794,all_6_equal_gcc_wls,not_applicable,True,1000,0,1.0,-0.00018504602763539933,0.0035861843712856633,0.003590003261881822,0.015811046947989675,0.011459917350168275,0.029662684287409705,0.04315814734629415,0.056823930177293494,0.04315814734629415,0.056823930177293494,0.0,0.0,0.0,1.0,0.0,0.0,0.0,0.0,0.0,0.002799942895071581,0.002660200058016926,0.003727924980921671,successful_trials_only,False,False
srp_paired_full,random_broadband,evaluation,tetrahedral,az45_el30,45.0,30.0,30.0,30.0,1024,all_6,500,1000,2685582665,2853902794,2853902794,all_6_calibrated_gcc_wls,not_applicable,True,949,51,0.949,-0.0007823180723646826,0.0013615184192884372,0.0015210070361710397,0.016878009858581133,0.01111288099411292,0.029676735437316783,0.049396471663048995,0.10360952327663386,0.049396471663048995,0.10360952327663386,0.0,0.0,0.0,0.949,0.051000000000000045,0.0,0.0,0.051,0.0,0.003171903597540222,0.003097200009506196,0.004181844944832846,successful_trials_only,False,False
srp_paired_full,random_broadband,evaluation,tetrahedral,az45_el30,45.0,30.0,30.0,30.0,1024,all_6,500,1000,2685582665,2853902794,2853902794,equal_weight_srp_phat,gcc_correlation_interpolated,True,1000,0,1.0,-0.00018553364631877068,0.0022397472851028214,0.002245742965730519,0.01540115255925386,0.011233861326356766,0.028993926215307796,0.04150588190440113,0.054977669546856296,0.04150588190440113,0.054977669546856296,0.0,0.0,0.0,1.0,0.0,0.0,0.0,0.0,0.0,0.006151044300640934,0.00564564997330308,0.008814040030119938,successful_trials_only,True,False
srp_paired_full,harmonic_stress,evaluation,tetrahedral,az45_el30,45.0,30.0,-10.0,-10.0,1024,reference_3,500,1000,4041428999,8388936,8388936,reference_3_gcc_wls,not_applicable,True,1000,0,1.0,0.5198207031416696,-4.436938516713799,5.371959013444556,50.37981584064785,38.74406062885254,91.55415232527866,111.88305776304865,123.16997864377001,111.88305776304865,123.16997864377001,0.913,0.809,0.59,1.0,0.0,0.0,0.062,0.0,0.59,0.0029591279980959373,0.002861199900507927,0.004004414984956383,successful_trials_only,False,False
srp_paired_full,harmonic_stress,evaluation,tetrahedral,az45_el30,45.0,30.0,-10.0,-10.0,1024,all_6,500,1000,4041428999,8388936,8388936,all_6_equal_gcc_wls,not_applicable,True,1000,0,1.0,0.5091989068280095,-2.9248778475724557,2.7793898615927075,40.95599207849377,25.86868713770897,84.02247439654627,127.93166391660392,149.8535054727913,127.93166391660392,149.8535054727913,0.928,0.807,0.433,1.0,0.0,0.0,0.062,0.0,0.433,0.002956625599297695,0.002862549968995154,0.003984299948206171,successful_trials_only,False,False
srp_paired_full,harmonic_stress,evaluation,tetrahedral,az45_el30,45.0,30.0,-10.0,-10.0,1024,all_6,500,1000,4041428999,8388936,8388936,all_6_calibrated_gcc_wls,not_applicable,True,976,24,0.976,0.11318353535450484,-2.315384562503051,0.9364630912307206,30.11851483852315,15.663248794264248,54.85430469343718,126.55783597764325,147.32945483955334,126.55783597764325,147.32945483955334,0.8442622950819673,0.6659836065573771,0.24487704918032788,0.976,0.02400000000000002,0.0,0.062,0.024,0.24487704918032788,0.003314550703042187,0.0032301999744959176,0.004482705018017441,successful_trials_only,False,False
srp_paired_full,harmonic_stress,evaluation,tetrahedral,az45_el30,45.0,30.0,-10.0,-10.0,1024,all_6,500,1000,4041428999,8388936,8388936,equal_weight_srp_phat,gcc_correlation_interpolated,True,1000,0,1.0,-1.056551810876307,0.7205387012518395,1.9903252894442613,20.99562090355088,6.992167720263341,44.88388143594612,80.20797749710171,139.31955059927353,80.20797749710171,139.31955059927353,0.648,0.364,0.103,1.0,0.0,0.0,0.007,0.0,0.103,0.0066764427033485845,0.006127249973360449,0.009938080084975804,successful_trials_only,True,False
srp_paired_full,harmonic_stress,evaluation,tetrahedral,az45_el30,45.0,30.0,-8.0,-8.0,1024,reference_3,500,1000,62965735,3678229715,3678229715,reference_3_gcc_wls,not_applicable,True,1000,0,1.0,-0.7581483015146645,-2.8195676172817246,2.5087024045987563,39.845805898629045,16.385521840720397,80.75144929879144,94.6441933168196,123.72481304678519,94.6441933168196,123.72481304678519,0.78,0.596,0.4,1.0,0.0,0.0,0.049,0.0,0.4,0.002943856201134622,0.0028672999469563365,0.003977620013756677,successful_trials_only,False,False
srp_paired_full,harmonic_stress,evaluation,tetrahedral,az45_el30,45.0,30.0,-8.0,-8.0,1024,all_6,500,1000,62965735,3678229715,3678229715,all_6_equal_gcc_wls,not_applicable,True,1000,0,1.0,-0.610386457128759,-1.6139758203545544,1.2844554333412932,30.523650613249558,15.364912515132675,64.27158164242205,98.67701281462327,145.54483044151263,98.67701281462327,145.54483044151263,0.772,0.612,0.253,1.0,0.0,0.0,0.049,0.0,0.253,0.0029446561993099747,0.0028526500100269914,0.003987684979801997,successful_trials_only,False,False
srp_paired_full,harmonic_stress,evaluation,tetrahedral,az45_el30,45.0,30.0,-8.0,-8.0,1024,all_6,500,1000,62965735,3678229715,3678229715,all_6_calibrated_gcc_wls,not_applicable,True,970,30,0.97,-0.0023726921098573602,-0.013768335837070997,1.8150125980209393,24.240194094069327,8.076143588301678,44.75596357939471,98.78586935802748,149.95003414044433,98.78586935802748,149.95003414044433,0.6412371134020619,0.4422680412371134,0.12886597938144329,0.97,0.030000000000000027,0.0,0.049,0.03,0.12886597938144329,0.0032971292964648455,0.003208699985407293,0.004520094953477383,successful_trials_only,False,False
srp_paired_full,harmonic_stress,evaluation,tetrahedral,az45_el30,45.0,30.0,-8.0,-8.0,1024,all_6,500,1000,62965735,3678229715,3678229715,equal_weight_srp_phat,gcc_correlation_interpolated,True,1000,0,1.0,0.02646986999656737,0.3176271315683287,0.5042185899300967,9.423190888240462,3.8744390676190745,18.31165811411468,42.46550745964199,60.78952987499844,42.46550745964199,60.78952987499844,0.354,0.111,0.026,1.0,0.0,0.0,0.0,0.0,0.026,0.006753343097981997,0.0061942500178702176,0.009760185045888648,successful_trials_only,True,False
srp_paired_full,harmonic_stress,evaluation,tetrahedral,az45_el30,45.0,30.0,-6.0,-6.0,1024,reference_3,500,1000,3243430441,1074737428,1074737428,reference_3_gcc_wls,not_applicable,True,1000,0,1.0,-0.6274254626051461,-0.3636338666348706,1.345689680450544,24.2452761911659,5.630762531799451,64.02145902518457,82.13470768470684,96.21046176514041,82.13470768470684,96.21046176514041,0.549,0.283,0.157,1.0,0.0,0.0,0.014,0.0,0.157,0.00291181890189182,0.0028075999580323696,0.004050119878957048,successful_trials_only,False,False
srp_paired_full,harmonic_stress,evaluation,tetrahedral,az45_el30,45.0,30.0,-6.0,-6.0,1024,all_6,500,1000,3243430441,1074737428,1074737428,all_6_equal_gcc_wls,not_applicable,True,1000,0,1.0,-0.02871652565321799,-0.32769397186672966,0.4119806885261057,17.267520839513192,4.128609682586993,39.108667542595164,65.38855240251883,102.07157139039086,65.38855240251883,102.07157139039086,0.439,0.278,0.08,1.0,0.0,0.0,0.014,0.0,0.08,0.0029152612008620056,0.0027874999796040356,0.004034944984596223,successful_trials_only,False,False
srp_paired_full,harmonic_stress,evaluation,tetrahedral,az45_el30,45.0,30.0,-6.0,-6.0,1024,all_6,500,1000,3243430441,1074737428,1074737428,all_6_calibrated_gcc_wls,not_applicable,True,971,29,0.971,0.21551155823855922,-0.20492250930110775,0.3170008927106304,12.520713402367072,3.0467920402083255,24.839524457223874,52.820256348907144,118.53443449164804,52.820256348907144,118.53443449164804,0.282183316168898,0.15036045314109167,0.042224510813594233,0.971,0.029000000000000026,0.0,0.014,0.029,0.042224510813594233,0.003260600000387058,0.003145050024613738,0.004426920058904216,successful_trials_only,False,False
srp_paired_full,harmonic_stress,evaluation,tetrahedral,az45_el30,45.0,30.0,-6.0,-6.0,1024,all_6,500,1000,3243430441,1074737428,1074737428,equal_weight_srp_phat,gcc_correlation_interpolated,True,1000,0,1.0,-0.09187770114229873,0.1496307032721061,0.20431257959978472,4.23321568010493,2.6348152498255373,7.232890732567092,11.566774651011052,27.70344843613521,11.566774651011052,27.70344843613521,0.146,0.015,0.001,1.0,0.0,0.0,0.0,0.0,0.001,0.006778523102635518,0.006304599985014647,0.00997424513334408,successful_trials_only,True,False
srp_paired_full,harmonic_stress,evaluation,tetrahedral,az45_el30,45.0,30.0,-4.0,-4.0,1024,reference_3,500,1000,3811505730,2186169253,2186169253,reference_3_gcc_wls,not_applicable,True,1000,0,1.0,-0.22523164113814534,-0.154933564042129,0.21720902692549077,10.928198457013071,3.5183466499803244,18.76204371151163,60.50242696595318,78.23165368311992,60.50242696595318,78.23165368311992,0.286,0.085,0.03,1.0,0.0,0.0,0.005,0.0,0.03,0.002209956101956777,0.0021842000423930585,0.0023902700399048623,successful_trials_only,False,False
srp_paired_full,harmonic_stress,evaluation,tetrahedral,az45_el30,45.0,30.0,-4.0,-4.0,1024,all_6,500,1000,3811505730,2186169253,2186169253,all_6_equal_gcc_wls,not_applicable,True,1000,0,1.0,0.21289539754970752,0.038027044986924975,0.1778674187472939,6.4078734716629535,2.0280131757160267,10.478056276334502,30.07484835596616,51.24977252890815,30.07484835596616,51.24977252890815,0.109,0.052,0.011,1.0,0.0,0.0,0.005,0.0,0.011,0.0022135623993817717,0.002188550017308444,0.0023869500088039785,successful_trials_only,False,False
srp_paired_full,harmonic_stress,evaluation,tetrahedral,az45_el30,45.0,30.0,-4.0,-4.0,1024,all_6,500,1000,3811505730,2186169253,2186169253,all_6_calibrated_gcc_wls,not_applicable,True,977,23,0.977,0.06849067621850428,-0.28776659081616823,0.2554671107431288,3.6466730935084675,2.02787493758494,5.499204613775464,13.60883351450253,26.68491355188068,13.60883351450253,26.68491355188068,0.06448311156601842,0.01842374616171955,0.0010235414534288639,0.977,0.02300000000000002,0.0,0.005,0.023,0.0010235414534288639,0.0024881114998133854,0.002488299971446395,0.002680554921971634,successful_trials_only,False,False
srp_paired_full,harmonic_stress,evaluation,tetrahedral,az45_el30,45.0,30.0,-4.0,-4.0,1024,all_6,500,1000,3811505730,2186169253,2186169253,equal_weight_srp_phat,gcc_correlation_interpolated,True,1000,0,1.0,0.07029971161654797,-0.025474429467798636,0.06249315932200475,2.5553903216749076,1.939193799878485,4.597586721712463,6.570341742999406,7.786589772894707,6.570341742999406,7.786589772894707,0.036,0.0,0.0,1.0,0.0,0.0,0.0,0.0,0.0,0.0051296188003616405,0.004869199940003455,0.006812215049285439,successful_trials_only,True,False
srp_paired_full,harmonic_stress,evaluation,tetrahedral,az45_el30,45.0,30.0,-2.0,-2.0,1024,reference_3,500,1000,1094642584,4205007572,4205007572,reference_3_gcc_wls,not_applicable,True,1000,0,1.0,-0.1889606761662675,0.051407811749159635,0.18930033581135292,5.095929073479652,2.6108093486458355,5.955519869636482,12.56802460538016,66.8692193950512,12.56802460538016,66.8692193950512,0.107,0.012,0.004,1.0,0.0,0.0,0.003,0.0,0.004,0.002219915699213743,0.0021896999096497893,0.0024148799944669007,successful_trials_only,False,False
srp_paired_full,harmonic_stress,evaluation,tetrahedral,az45_el30,45.0,30.0,-2.0,-2.0,1024,all_6,500,1000,1094642584,4205007572,4205007572,all_6_equal_gcc_wls,not_applicable,True,1000,0,1.0,-0.08772607958430728,0.030452827756008164,0.0967520535304,3.0024566208116417,1.4042515793702544,3.2762776429965617,7.621677143685849,48.75674376765781,7.621677143685849,48.75674376765781,0.017,0.006,0.002,1.0,0.0,0.0,0.003,0.0,0.002,0.002224387301132083,0.002193350053858012,0.0024320550088305025,successful_trials_only,False,False
srp_paired_full,harmonic_stress,evaluation,tetrahedral,az45_el30,45.0,30.0,-2.0,-2.0,1024,all_6,500,1000,1094642584,4205007572,4205007572,all_6_calibrated_gcc_wls,not_applicable,True,989,11,0.989,0.004943478555693984,0.05851074201785319,0.06942914304087575,2.2346793296918235,1.580364314225259,3.6147165405491726,5.193174587715883,13.19075806998658,5.193174587715883,13.19075806998658,0.012133468149646108,0.0020222446916076846,0.0,0.989,0.01100000000000001,0.0,0.003,0.011,0.0,0.0024980003022355957,0.002480900031514466,0.0027041800902225075,successful_trials_only,False,False
srp_paired_full,harmonic_stress,evaluation,tetrahedral,az45_el30,45.0,30.0,-2.0,-2.0,1024,all_6,500,1000,1094642584,4205007572,4205007572,equal_weight_srp_phat,gcc_correlation_interpolated,True,1000,0,1.0,0.03577223634046423,0.11937713834740968,0.13159235946204934,1.81980298092315,1.430198757527218,3.2777066496290717,4.396954825127829,5.939855636585642,4.396954825127829,5.939855636585642,0.008,0.0,0.0,1.0,0.0,0.0,0.0,0.0,0.0,0.005141663500806317,0.004904450033791363,0.0068123999517410985,successful_trials_only,True,False
srp_paired_full,harmonic_stress,evaluation,tetrahedral,az45_el30,45.0,30.0,0.0,0.0,1024,reference_3,500,1000,2189362253,1830273438,1830273438,reference_3_gcc_wls,not_applicable,True,1000,0,1.0,-0.003129197794979072,0.11764601434815586,0.13221270569748822,2.61799208510834,1.9245148953940197,4.48731789134691,5.799701720140698,7.583787357441149,5.799701720140698,7.583787357441149,0.029,0.001,0.0,1.0,0.0,0.0,0.0,0.0,0.0,0.002931545300874859,0.002818549983203411,0.0039645699260290705,successful_trials_only,False,False
srp_paired_full,harmonic_stress,evaluation,tetrahedral,az45_el30,45.0,30.0,0.0,0.0,1024,all_6,500,1000,2189362253,1830273438,1830273438,all_6_equal_gcc_wls,not_applicable,True,1000,0,1.0,-0.022235961247028414,0.1108916259244992,0.1170026294161764,1.3479776872774478,1.0756056873387325,2.2763560019815947,3.175544825216574,7.479234074360618,3.175544825216574,7.479234074360618,0.002,0.0,0.0,1.0,0.0,0.0,0.0,0.0,0.0,0.0029490578981349247,0.0028439000016078353,0.0040088999143335965,successful_trials_only,False,False
srp_paired_full,harmonic_stress,evaluation,tetrahedral,az45_el30,45.0,30.0,0.0,0.0,1024,all_6,500,1000,2189362253,1830273438,1830273438,all_6_calibrated_gcc_wls,not_applicable,True,993,7,0.993,-0.08197927650205156,0.048705522552783105,0.08917568095916291,1.392667866458208,1.1214710393481633,2.404878983377954,3.152509264689246,4.6466323741325475,3.152509264689246,4.6466323741325475,0.0010070493454179255,0.0,0.0,0.993,0.007000000000000006,0.0,0.0,0.007,0.0,0.0033310142998816445,0.003255349933169782,0.004457175056450068,successful_trials_only,False,False
srp_paired_full,harmonic_stress,evaluation,tetrahedral,az45_el30,45.0,30.0,0.0,0.0,1024,all_6,500,1000,2189362253,1830273438,1830273438,equal_weight_srp_phat,gcc_correlation_interpolated,True,1000,0,1.0,-0.03190726786906518,0.07987674592937984,0.08853870066179596,1.2962899429489352,1.0859654086323483,2.2353355715669756,2.856076465059858,3.3149237584086215,2.856076465059858,3.3149237584086215,0.0,0.0,0.0,1.0,0.0,0.0,0.0,0.0,0.0,0.006384696597699076,0.005965049960650504,0.00945402492652647,successful_trials_only,True,False
srp_paired_full,harmonic_stress,evaluation,tetrahedral,az45_el30,45.0,30.0,2.0,2.0,1024,reference_3,500,1000,3548074931,1948219200,1948219200,reference_3_gcc_wls,not_applicable,True,1000,0,1.0,-0.06980511934982198,-0.04555398858681848,0.07065323360000623,1.9447080699643176,1.5929163449276218,3.4262130533385236,4.479555624903355,5.474015278168078,4.479555624903355,5.474015278168078,0.004,0.0,0.0,1.0,0.0,0.0,0.0,0.0,0.0,0.0029216688997112214,0.002810449921526015,0.004082705004839227,successful_trials_only,False,False
srp_paired_full,harmonic_stress,evaluation,tetrahedral,az45_el30,45.0,30.0,2.0,2.0,1024,all_6,500,1000,3548074931,1948219200,1948219200,all_6_equal_gcc_wls,not_applicable,True,1000,0,1.0,-0.025934051923988212,0.06518922354246151,0.07139483955235952,1.0258500969270463,0.8590877040292736,1.7898451412710223,2.1926942549307737,2.566837596242426,2.1926942549307737,2.566837596242426,0.0,0.0,0.0,1.0,0.0,0.0,0.0,0.0,0.0,0.0029282525990856813,0.0027982000028714538,0.004095704987412319,successful_trials_only,False,False
srp_paired_full,harmonic_stress,evaluation,tetrahedral,az45_el30,45.0,30.0,2.0,2.0,1024,all_6,500,1000,3548074931,1948219200,1948219200,all_6_calibrated_gcc_wls,not_applicable,True,994,6,0.994,-0.0036024710998572183,0.01849379366360658,0.02158411088527298,1.0804426962116533,0.8576420550041438,1.9343472199253768,2.4946490431655297,3.1655195507356644,2.4946490431655297,3.1655195507356644,0.0,0.0,0.0,0.994,0.006000000000000005,0.0,0.0,0.006,0.0,0.0032973662994336336,0.0032052500173449516,0.004545460030203685,successful_trials_only,False,False
srp_paired_full,harmonic_stress,evaluation,tetrahedral,az45_el30,45.0,30.0,2.0,2.0,1024,all_6,500,1000,3548074931,1948219200,1948219200,equal_weight_srp_phat,gcc_correlation_interpolated,True,1000,0,1.0,-0.01581691627066877,0.0792936398526684,0.08301126801718475,1.030131430955609,0.8472347903624634,1.7964863476456967,2.175275473719194,2.750965042086476,2.175275473719194,2.750965042086476,0.0,0.0,0.0,1.0,0.0,0.0,0.0,0.0,0.0,0.006583894399926066,0.00615224993089214,0.009337094961665569,successful_trials_only,True,False
srp_paired_full,harmonic_stress,evaluation,tetrahedral,az45_el30,45.0,30.0,5.0,5.0,1024,reference_3,500,1000,1806769374,2354666783,2354666783,reference_3_gcc_wls,not_applicable,True,1000,0,1.0,0.07326063511614815,-0.031901133494768266,0.06840617353332433,1.4278800548135038,1.1435973363569245,2.477730137857445,2.9761177295216505,3.758111165052695,2.9761177295216505,3.758111165052695,0.0,0.0,0.0,1.0,0.0,0.0,0.0,0.0,0.0,0.002899420600850135,0.0027680499479174614,0.003974599996581674,successful_trials_only,False,False
srp_paired_full,harmonic_stress,evaluation,tetrahedral,az45_el30,45.0,30.0,5.0,5.0,1024,all_6,500,1000,1806769374,2354666783,2354666783,all_6_equal_gcc_wls,not_applicable,True,1000,0,1.0,0.029984000607057852,0.061382785417279824,0.06784733454868806,0.7533326615688037,0.6216471734773988,1.3144705893167001,1.5412209999987014,2.0609563150465293,1.5412209999987014,2.0609563150465293,0.0,0.0,0.0,1.0,0.0,0.0,0.0,0.0,0.0,0.0029189033006550742,0.002790799946524203,0.0040302050707396115,successful_trials_only,False,False
srp_paired_full,harmonic_stress,evaluation,tetrahedral,az45_el30,45.0,30.0,5.0,5.0,1024,all_6,500,1000,1806769374,2354666783,2354666783,all_6_calibrated_gcc_wls,not_applicable,True,995,5,0.995,-0.023023493582071577,0.009397215845261406,0.02297616756215121,0.8139302125811947,0.6363155643020119,1.4314259229579585,2.002479229730322,2.5293212604422988,2.002479229730322,2.5293212604422988,0.0,0.0,0.0,0.995,0.0050000000000000044,0.0,0.0,0.005,0.0,0.0032895908969221635,0.0031842999742366374,0.004575135133927688,successful_trials_only,False,False
srp_paired_full,harmonic_stress,evaluation,tetrahedral,az45_el30,45.0,30.0,5.0,5.0,1024,all_6,500,1000,1806769374,2354666783,2354666783,equal_weight_srp_phat,gcc_correlation_interpolated,True,1000,0,1.0,0.01779545235660203,0.055720009584877266,0.05910223227395645,0.756092902869145,0.6173229754498504,1.312634293299312,1.5761294546217042,2.113668829665508,1.5761294546217042,2.113668829665508,0.0,0.0,0.0,1.0,0.0,0.0,0.0,0.0,0.0,0.006484638198046014,0.005874000024050474,0.009604190016398206,successful_trials_only,True,False
srp_paired_full,harmonic_stress,evaluation,tetrahedral,az45_el30,45.0,30.0,10.0,10.0,1024,reference_3,500,1000,2876630417,130274188,130274188,reference_3_gcc_wls,not_applicable,True,1000,0,1.0,0.016600847540906655,-0.0350700989373199,0.0359749763196952,0.9338571801764541,0.7733282545184934,1.648025487747382,1.9967969865002673,2.5642201331747256,1.9967969865002673,2.5642201331747256,0.0,0.0,0.0,1.0,0.0,0.0,0.0,0.0,0.0,0.002843530201469548,0.0027234999579377472,0.0038091700000222758,successful_trials_only,False,False
srp_paired_full,harmonic_stress,evaluation,tetrahedral,az45_el30,45.0,30.0,10.0,10.0,1024,all_6,500,1000,2876630417,130274188,130274188,all_6_equal_gcc_wls,not_applicable,True,1000,0,1.0,0.0024911409848522702,0.11129309588285351,0.11184032805481042,0.4885249966107603,0.39749686490729025,0.8393739707775791,1.0484165963879524,1.2555722527319149,1.0484165963879524,1.2555722527319149,0.0,0.0,0.0,1.0,0.0,0.0,0.0,0.0,0.0,0.0028531548030441625,0.002719250158406794,0.0038285299320705234,successful_trials_only,False,False
srp_paired_full,harmonic_stress,evaluation,tetrahedral,az45_el30,45.0,30.0,10.0,10.0,1024,all_6,500,1000,2876630417,130274188,130274188,all_6_calibrated_gcc_wls,not_applicable,True,996,4,0.996,0.01610296462339233,0.038534775997284255,0.04152006120858156,0.5038267852150556,0.4185295390830477,0.9159499533863359,1.1888235668401677,1.4576335845528057,1.1888235668401677,1.4576335845528057,0.0,0.0,0.0,0.996,0.0040000000000000036,0.0,0.0,0.004,0.0,0.003219971098820679,0.003124199982266873,0.004232769977534189,successful_trials_only,False,False
srp_paired_full,harmonic_stress,evaluation,tetrahedral,az45_el30,45.0,30.0,10.0,10.0,1024,all_6,500,1000,2876630417,130274188,130274188,equal_weight_srp_phat,gcc_correlation_interpolated,True,1000,0,1.0,0.0021287192047540274,0.11375220190060914,0.11430512816392542,0.493981189293436,0.3989718911993951,0.8427897009978252,1.072603319651126,1.2679409244724207,1.072603319651126,1.2679409244724207,0.0,0.0,0.0,1.0,0.0,0.0,0.0,0.0,0.0,0.006243596402578987,0.005804099957458675,0.00901020003366284,successful_trials_only,True,False
srp_paired_full,harmonic_stress,evaluation,tetrahedral,az45_el30,45.0,30.0,20.0,20.0,1024,reference_3,500,1000,343543349,2672270830,2672270830,reference_3_gcc_wls,not_applicable,True,1000,0,1.0,0.005560414237258151,-0.08772812590814702,0.0872929915208991,0.5134584536863196,0.42440035787090974,0.8976778709892794,1.165169859912715,1.3829266501149273,1.165169859912715,1.3829266501149273,0.0,0.0,0.0,1.0,0.0,0.0,0.0,0.0,0.0,0.0028418195000849663,0.002696950046811253,0.00386197007028386,successful_trials_only,False,False
srp_paired_full,harmonic_stress,evaluation,tetrahedral,az45_el30,45.0,30.0,20.0,20.0,1024,all_6,500,1000,343543349,2672270830,2672270830,all_6_equal_gcc_wls,not_applicable,True,1000,0,1.0,-0.001897624754516502,0.2602493582884129,0.2603777192771355,0.4315716234607011,0.3004374321864042,0.8365539330871011,1.1683323436675885,1.5782360972351754,1.1683323436675885,1.5782360972351754,0.0,0.0,0.0,1.0,0.0,0.0,0.0,0.0,0.0,0.0028476172981318085,0.0027036999817937613,0.003856595029355958,successful_trials_only,False,False
srp_paired_full,harmonic_stress,evaluation,tetrahedral,az45_el30,45.0,30.0,20.0,20.0,1024,all_6,500,1000,343543349,2672270830,2672270830,all_6_calibrated_gcc_wls,not_applicable,True,989,11,0.989,-0.00202373388603302,0.006572878095179456,0.006907138610073302,0.3105853447095583,0.22599675141303482,0.5634889151867359,0.7861158194854561,1.2585073788535397,0.7861158194854561,1.2585073788535397,0.0,0.0,0.0,0.989,0.01100000000000001,0.0,0.0,0.011,0.0,0.003260521299787797,0.0031510499538853765,0.004379524942487478,successful_trials_only,False,False
srp_paired_full,harmonic_stress,evaluation,tetrahedral,az45_el30,45.0,30.0,20.0,20.0,1024,all_6,500,1000,343543349,2672270830,2672270830,equal_weight_srp_phat,gcc_correlation_interpolated,True,1000,0,1.0,-0.002154100917247871,0.2716051895602237,0.2717301341009379,0.4426871054573024,0.30667277126863285,0.8686729662262889,1.2324188239556764,1.6503825921305801,1.2324188239556764,1.6503825921305801,0.0,0.0,0.0,1.0,0.0,0.0,0.0,0.0,0.0,0.006306263602222316,0.005787899892311543,0.009385125088738277,successful_trials_only,True,False
srp_paired_full,harmonic_stress,evaluation,tetrahedral,az45_el30,45.0,30.0,30.0,30.0,1024,reference_3,500,1000,3930030506,43841070,43841070,reference_3_gcc_wls,not_applicable,True,1000,0,1.0,-0.01797665759523703,-0.17831270081832595,0.17881411997338253,0.43354849486373576,0.32189175290414523,0.8066173623506804,1.0990901922241891,1.3258469185666446,1.0990901922241891,1.3258469185666446,0.0,0.0,0.0,1.0,0.0,0.0,0.0,0.0,0.0,0.0028005727998679504,0.0026381498901173472,0.003719685139367356,successful_trials_only,False,False
srp_paired_full,harmonic_stress,evaluation,tetrahedral,az45_el30,45.0,30.0,30.0,30.0,1024,all_6,500,1000,3930030506,43841070,43841070,all_6_equal_gcc_wls,not_applicable,True,1000,0,1.0,-0.0034284224615867102,0.6244863832453361,0.6245214645098964,0.8153329587875155,0.5531500886552225,1.597047971602777,2.008200876986846,2.2914244897437714,2.008200876986846,2.2914244897437714,0.0,0.0,0.0,1.0,0.0,0.0,0.0,0.0,0.0,0.002811869499855675,0.002654650015756488,0.0036964700848329812,successful_trials_only,False,False
srp_paired_full,harmonic_stress,evaluation,tetrahedral,az45_el30,45.0,30.0,30.0,30.0,1024,all_6,500,1000,3930030506,43841070,43841070,all_6_calibrated_gcc_wls,not_applicable,True,982,18,0.982,-0.0046177014789483,0.05784245603093398,0.05801075237590105,0.32443458625018284,0.21618397365929368,0.5986331145407847,0.9523117150557165,1.451257332148713,0.9523117150557165,1.451257332148713,0.0,0.0,0.0,0.982,0.018000000000000016,0.0,0.0,0.018,0.0,0.003200236696517095,0.003022249962668866,0.004235795006388798,successful_trials_only,False,False
srp_paired_full,harmonic_stress,evaluation,tetrahedral,az45_el30,45.0,30.0,30.0,30.0,1024,all_6,500,1000,3930030506,43841070,43841070,equal_weight_srp_phat,gcc_correlation_interpolated,True,1000,0,1.0,-0.0030605492445539392,0.6690986643325,0.6691264648636988,0.8681767878329935,0.5973878254112082,1.698020366834498,2.146480281731559,2.5353363504102315,2.146480281731559,2.5353363504102315,0.0,0.0,0.0,1.0,0.0,0.0,0.0,0.0,0.0,0.006398179297451861,0.0059070499846711755,0.009132570005021986,successful_trials_only,True,False
srp_paired_full,deterministic_multisine,evaluation,tetrahedral,az120_el50,120.0,50.0,-10.0,-10.0,1024,reference_3,500,1000,4240661717,2694721680,2694721680,reference_3_gcc_wls,not_applicable,True,1000,0,1.0,-16.289247379666538,-9.62976953178602,8.497774877151873,52.07919804343815,5.9164922884306455,128.73905574661023,129.7493533120812,129.99057187592405,129.7493533120812,129.99057187592405,0.527,0.451,0.309,1.0,0.0,0.0,0.046,0.0,0.309,0.0030880818960722536,0.003070299979299307,0.00422787006245926,successful_trials_only,False,False
srp_paired_full,deterministic_multisine,evaluation,tetrahedral,az120_el50,120.0,50.0,-10.0,-10.0,1024,all_6,500,1000,4240661717,2694721680,2694721680,all_6_equal_gcc_wls,not_applicable,True,1000,0,1.0,-1.472484392868971,-6.029870777869452,3.3405725184542194,36.50461360076234,15.175797956247369,80.31779462108072,121.78933316809116,129.55625384794473,121.78933316809116,129.55625384794473,0.701,0.579,0.312,1.0,0.0,0.0,0.046,0.0,0.312,0.0030799151986138896,0.003060000017285347,0.004243064945330843,successful_trials_only,False,False
srp_paired_full,deterministic_multisine,evaluation,tetrahedral,az120_el50,120.0,50.0,-10.0,-10.0,1024,all_6,500,1000,4240661717,2694721680,2694721680,all_6_calibrated_gcc_wls,not_applicable,True,973,27,0.973,-2.5984591590350004,-2.266506510188222,0.9741419620048521,22.23068788337543,4.540287230117774,48.063223346046954,106.12895234547406,123.8986708379329,106.12895234547406,123.8986708379329,0.47584789311408016,0.3227132579650565,0.11408016443987667,0.973,0.027000000000000024,0.0,0.046,0.027,0.11408016443987667,0.0034587508991826325,0.003495000011753291,0.004768994991900399,successful_trials_only,False,False
srp_paired_full,deterministic_multisine,evaluation,tetrahedral,az120_el50,120.0,50.0,-10.0,-10.0,1024,all_6,500,1000,4240661717,2694721680,2694721680,equal_weight_srp_phat,gcc_correlation_interpolated,True,1000,0,1.0,-0.6052414299235763,-0.1946363051018526,0.40687582714405324,5.818254466121177,1.6414047310943047,5.126858322173945,32.82414271376289,67.02274184978832,32.82414271376289,67.02274184978832,0.054,0.025,0.012,1.0,0.0,0.0,0.0,0.0,0.012,0.00696144729712978,0.006344800000078976,0.010707210033433511,successful_trials_only,True,False
srp_paired_full,deterministic_multisine,evaluation,tetrahedral,az120_el50,120.0,50.0,-8.0,-8.0,1024,reference_3,500,1000,1647985333,3210242909,3210242909,reference_3_gcc_wls,not_applicable,True,1000,0,1.0,-10.442756878452288,-3.6785961783381422,3.3869881165620277,33.70116812743408,1.8570908495505876,123.77491692439474,129.1890401464209,129.7396840085783,129.1890401464209,129.7396840085783,0.177,0.149,0.114,1.0,0.0,0.0,0.007,0.0,0.114,0.0029939133014995605,0.002897299942560494,0.004047700081719085,successful_trials_only,False,False
srp_paired_full,deterministic_multisine,evaluation,tetrahedral,az120_el50,120.0,50.0,-8.0,-8.0,1024,all_6,500,1000,1647985333,3210242909,3210242909,all_6_equal_gcc_wls,not_applicable,True,1000,0,1.0,-0.7118115357146811,-1.7032128752143156,0.9718015685788319,18.980287051959305,1.5889475835048403,47.26487802351328,76.35325680928976,114.87513695977299,76.35325680928976,114.87513695977299,0.263,0.219,0.108,1.0,0.0,0.0,0.007,0.0,0.108,0.003008379101171158,0.00292899995110929,0.004105130059178919,successful_trials_only,False,False
srp_paired_full,deterministic_multisine,evaluation,tetrahedral,az120_el50,120.0,50.0,-8.0,-8.0,1024,all_6,500,1000,1647985333,3210242909,3210242909,all_6_calibrated_gcc_wls,not_applicable,True,979,21,0.979,-1.251598575957725,-0.8071898238829911,0.5491513581791162,10.087217783288068,1.4199477247449097,7.321875328639689,39.93954876554856,122.61691968467342,39.93954876554856,122.61691968467342,0.0735444330949949,0.04085801838610827,0.015321756894790603,0.979,0.02100000000000002,0.0,0.007,0.021,0.015321756894790603,0.0034303180017741398,0.003419400076381862,0.004613255074946209,successful_trials_only,False,False
srp_paired_full,deterministic_multisine,evaluation,tetrahedral,az120_el50,120.0,50.0,-8.0,-8.0,1024,all_6,500,1000,1647985333,3210242909,3210242909,equal_weight_srp_phat,gcc_correlation_interpolated,True,1000,0,1.0,-0.06034058582564549,-0.032099000064706645,0.042854188303861174,1.5287494981282193,1.0449261603122888,2.4246024279389955,3.3853860580702717,6.0849226603941196,3.3853860580702717,6.0849226603941196,0.002,0.001,0.0,1.0,0.0,0.0,0.0,0.0,0.0,0.006705999200930819,0.00624199997400865,0.009822430048370733,successful_trials_only,True,False
srp_paired_full,deterministic_multisine,evaluation,tetrahedral,az120_el50,120.0,50.0,-6.0,-6.0,1024,reference_3,500,1000,3794570518,2406329728,2406329728,reference_3_gcc_wls,not_applicable,True,1000,0,1.0,-0.7897173322504363,-0.31942104879272626,0.3833612975786165,11.066757533917555,1.0283917729042509,2.7485847612424643,36.56333137127483,129.20459366573235,36.56333137127483,129.20459366573235,0.016,0.013,0.011,1.0,0.0,0.0,0.0,0.0,0.011,0.0029435124032897875,0.002830200071912259,0.004118320037377997,successful_trials_only,False,False
srp_paired_full,deterministic_multisine,evaluation,tetrahedral,az120_el50,120.0,50.0,-6.0,-6.0,1024,all_6,500,1000,3794570518,2406329728,2406329728,all_6_equal_gcc_wls,not_applicable,True,1000,0,1.0,-0.17830561625808217,-0.305054661330791,0.04808849977019767,6.924575502313019,0.8543217002284529,2.5603446862442563,45.563609408463265,63.247014785451476,45.563609408463265,63.247014785451476,0.035,0.028,0.016,1.0,0.0,0.0,0.0,0.0,0.016,0.002955378500977531,0.002841850044205785,0.004113529995083808,successful_trials_only,False,False
srp_paired_full,deterministic_multisine,evaluation,tetrahedral,az120_el50,120.0,50.0,-6.0,-6.0,1024,all_6,500,1000,3794570518,2406329728,2406329728,all_6_calibrated_gcc_wls,not_applicable,True,987,13,0.987,0.15236756668535534,-0.03888707550457912,0.06383914064264062,3.1900822429790128,1.0033655515722701,2.302816271931817,3.4214075791059892,42.78011865081441,3.4214075791059892,42.78011865081441,0.00303951367781155,0.002026342451874367,0.002026342451874367,0.987,0.013000000000000012,0.0,0.0,0.013,0.002026342451874367,0.0033869599062018095,0.003303500125184655,0.004699490143684669,successful_trials_only,False,False
srp_paired_full,deterministic_multisine,evaluation,tetrahedral,az120_el50,120.0,50.0,-6.0,-6.0,1024,all_6,500,1000,3794570518,2406329728,2406329728,equal_weight_srp_phat,gcc_correlation_interpolated,True,1000,0,1.0,0.012078714803286938,0.013088965145007172,0.019419217390628123,0.9643259896898536,0.7842203537610121,1.677354522363448,2.106078892892608,2.5505063346672796,2.106078892892608,2.5505063346672796,0.001,0.0,0.0,1.0,0.0,0.0,0.0,0.0,0.0,0.0066821465047542,0.006090500042773783,0.009744779899483543,successful_trials_only,True,False
srp_paired_full,deterministic_multisine,evaluation,tetrahedral,az120_el50,120.0,50.0,-4.0,-4.0,1024,reference_3,500,1000,1709562843,796170775,796170775,reference_3_gcc_wls,not_applicable,True,1000,0,1.0,0.09910302393904127,-0.019512805064440777,0.06431128782312678,0.980884844400202,0.764115118255404,1.8096314002023768,2.277273177426,2.8829157955327482,2.277273177426,2.8829157955327482,0.0,0.0,0.0,1.0,0.0,0.0,0.0,0.0,0.0,0.0030118555028457194,0.0030246999813243747,0.004159544891444966,successful_trials_only,False,False
srp_paired_full,deterministic_multisine,evaluation,tetrahedral,az120_el50,120.0,50.0,-4.0,-4.0,1024,all_6,500,1000,1709562843,796170775,796170775,all_6_equal_gcc_wls,not_applicable,True,1000,0,1.0,0.006947824934308925,0.01672093766906556,0.02038484808329528,0.7863844590298251,0.611824012522947,1.2740725942893292,1.6451308212710962,3.938306160438445,1.6451308212710962,3.938306160438445,0.001,0.0,0.0,1.0,0.0,0.0,0.0,0.0,0.0,0.0030158594023669137,0.0030236500897444785,0.0041944900411181145,successful_trials_only,False,False
srp_paired_full,deterministic_multisine,evaluation,tetrahedral,az120_el50,120.0,50.0,-4.0,-4.0,1024,all_6,500,1000,1709562843,796170775,796170775,all_6_calibrated_gcc_wls,not_applicable,True,989,11,0.989,0.02171003537677064,-0.011125740111230813,0.016230740770183095,0.7928918334285309,0.6404563600723986,1.4240515376155252,1.8426629366998528,2.1444270796029494,1.8426629366998528,2.1444270796029494,0.0,0.0,0.0,0.989,0.01100000000000001,0.0,0.0,0.011,0.0,0.0033989641048246992,0.0034448500373400748,0.0046711550559848545,successful_trials_only,False,False
srp_paired_full,deterministic_multisine,evaluation,tetrahedral,az120_el50,120.0,50.0,-4.0,-4.0,1024,all_6,500,1000,1709562843,796170775,796170775,equal_weight_srp_phat,gcc_correlation_interpolated,True,1000,0,1.0,0.017522434529638163,0.0055103683587852505,0.014138351821982673,0.7185008936708135,0.5960079145426979,1.2278792722502525,1.4788116781797103,1.7771004238488302,1.4788116781797103,1.7771004238488302,0.0,0.0,0.0,1.0,0.0,0.0,0.0,0.0,0.0,0.006437651103129611,0.00591170002007857,0.009320989937987176,successful_trials_only,True,False
srp_paired_full,deterministic_multisine,evaluation,tetrahedral,az120_el50,120.0,50.0,-2.0,-2.0,1024,reference_3,500,1000,3843688641,1733654165,1733654165,reference_3_gcc_wls,not_applicable,True,1000,0,1.0,0.06845628747825279,-0.06067686390540802,0.07272318196080008,0.717124234161558,0.5746346043756283,1.2587975429368603,1.4972264323021265,2.315444655102525,1.4972264323021265,2.315444655102525,0.0,0.0,0.0,1.0,0.0,0.0,0.0,0.0,0.0,0.002928785402094945,0.002833350037690252,0.003992650017607957,successful_trials_only,False,False
srp_paired_full,deterministic_multisine,evaluation,tetrahedral,az120_el50,120.0,50.0,-2.0,-2.0,1024,all_6,500,1000,3843688641,1733654165,1733654165,all_6_equal_gcc_wls,not_applicable,True,1000,0,1.0,-0.0004168861361641021,0.00632708734679635,0.007884981299002475,0.5353384810598197,0.45322870436757673,0.9123488869278914,1.166273789076691,1.3815628342044655,1.166273789076691,1.3815628342044655,0.0,0.0,0.0,1.0,0.0,0.0,0.0,0.0,0.0,0.002948304899618961,0.002863000030629337,0.004054434911813586,successful_trials_only,False,False
srp_paired_full,deterministic_multisine,evaluation,tetrahedral,az120_el50,120.0,50.0,-2.0,-2.0,1024,all_6,500,1000,3843688641,1733654165,1733654165,all_6_calibrated_gcc_wls,not_applicable,True,995,5,0.995,-0.046187465207206825,0.032502331424292534,0.04539696359946931,0.5789045295477626,0.47624107436899027,1.0001142998393375,1.3143946430996138,1.7510600418451063,1.3143946430996138,1.7510600418451063,0.0,0.0,0.0,0.995,0.0050000000000000044,0.0,0.0,0.005,0.0,0.0033151025004917755,0.0032212999649345875,0.004475179960718377,successful_trials_only,False,False
srp_paired_full,deterministic_multisine,evaluation,tetrahedral,az120_el50,120.0,50.0,-2.0,-2.0,1024,all_6,500,1000,3843688641,1733654165,1733654165,equal_weight_srp_phat,gcc_correlation_interpolated,True,1000,0,1.0,0.0034613936340023564,-0.003121478062314548,0.002740949707078127,0.5290680034831651,0.44517828347245303,0.8845019274808111,1.1519682141264929,1.3871018620987372,1.1519682141264929,1.3871018620987372,0.0,0.0,0.0,1.0,0.0,0.0,0.0,0.0,0.0,0.006464540701243095,0.0059287999756634235,0.009130125015508384,successful_trials_only,True,False
srp_paired_full,deterministic_multisine,evaluation,tetrahedral,az120_el50,120.0,50.0,0.0,0.0,1024,reference_3,500,1000,4259284167,2259827305,2259827305,reference_3_gcc_wls,not_applicable,True,1000,0,1.0,0.07530771705767939,-0.07431463614030848,0.0874197056668976,0.5408744952761311,0.4517101259728173,0.9549273604694405,1.2128090221200365,1.4673394428186064,1.2128090221200365,1.4673394428186064,0.0,0.0,0.0,1.0,0.0,0.0,0.0,0.0,0.0,0.00304795819951687,0.00302314996952191,0.004114090005168691,successful_trials_only,False,False
srp_paired_full,deterministic_multisine,evaluation,tetrahedral,az120_el50,120.0,50.0,0.0,0.0,1024,all_6,500,1000,4259284167,2259827305,2259827305,all_6_equal_gcc_wls,not_applicable,True,1000,0,1.0,0.00841945299420191,-0.0016172606356281726,0.005503221611122291,0.4131564875223233,0.33705586535087523,0.7245543113428937,0.9138822930386481,1.2147067316761102,0.9138822930386481,1.2147067316761102,0.0,0.0,0.0,1.0,0.0,0.0,0.0,0.0,0.0,0.003064262698870152,0.003022849967237562,0.004119340045144781,successful_trials_only,False,False
srp_paired_full,deterministic_multisine,evaluation,tetrahedral,az120_el50,120.0,50.0,0.0,0.0,1024,all_6,500,1000,4259284167,2259827305,2259827305,all_6_calibrated_gcc_wls,not_applicable,True,993,7,0.993,0.034190530838777,-0.015724243008732014,0.026473021101254574,0.4466095148394811,0.362495349708171,0.7685992593855022,1.06142733554419,1.3993816492584905,1.06142733554419,1.3993816492584905,0.0,0.0,0.0,0.993,0.007000000000000006,0.0,0.0,0.007,0.0,0.0034500429984182118,0.003451649972703308,0.00461970490287058,successful_trials_only,False,False
srp_paired_full,deterministic_multisine,evaluation,tetrahedral,az120_el50,120.0,50.0,0.0,0.0,1024,all_6,500,1000,4259284167,2259827305,2259827305,equal_weight_srp_phat,gcc_correlation_interpolated,True,1000,0,1.0,0.018342920601367472,-0.018459914305897242,0.021194906935219426,0.4071311184560491,0.33765240485049647,0.7115229257036172,0.9188480102534393,1.1932331476281752,0.9188480102534393,1.1932331476281752,0.0,0.0,0.0,1.0,0.0,0.0,0.0,0.0,0.0,0.006631306900293566,0.0060925999423488975,0.009461369866039604,successful_trials_only,True,False
srp_paired_full,deterministic_multisine,evaluation,tetrahedral,az120_el50,120.0,50.0,2.0,2.0,1024,reference_3,500,1000,2088024653,3785870024,3785870024,reference_3_gcc_wls,not_applicable,True,1000,0,1.0,0.08159042455227662,-0.09392660329734318,0.10685096035598879,0.4244276245634091,0.35077227075477896,0.7197111645451014,0.9179787076717668,0.9912210764321312,0.9179787076717668,0.9912210764321312,0.0,0.0,0.0,1.0,0.0,0.0,0.0,0.0,0.0,0.0029524611006490884,0.00291119993198663,0.003915805125143379,successful_trials_only,False,False
srp_paired_full,deterministic_multisine,evaluation,tetrahedral,az120_el50,120.0,50.0,2.0,2.0,1024,all_6,500,1000,2088024653,3785870024,3785870024,all_6_equal_gcc_wls,not_applicable,True,1000,0,1.0,0.003972782397788071,-0.024561234791088075,0.024098353472064585,0.34480583602023335,0.28821799033450596,0.5952112447821157,0.7323758260842689,0.8369779975709293,0.7323758260842689,0.8369779975709293,0.0,0.0,0.0,1.0,0.0,0.0,0.0,0.0,0.0,0.0029755341005511583,0.0029626500327140093,0.00393297491245903,successful_trials_only,False,False
srp_paired_full,deterministic_multisine,evaluation,tetrahedral,az120_el50,120.0,50.0,2.0,2.0,1024,all_6,500,1000,2088024653,3785870024,3785870024,all_6_calibrated_gcc_wls,not_applicable,True,993,7,0.993,-0.012694126521397005,-0.02572770344293295,0.02632280159326728,0.3588326044852663,0.2917808657970369,0.6094328699540388,0.7759728778228985,1.0388761463935974,0.7759728778228985,1.0388761463935974,0.0,0.0,0.0,0.993,0.007000000000000006,0.0,0.0,0.007,0.0,0.0033244116000132637,0.0033317499910481274,0.00440098998369649,successful_trials_only,False,False
srp_paired_full,deterministic_multisine,evaluation,tetrahedral,az120_el50,120.0,50.0,2.0,2.0,1024,all_6,500,1000,2088024653,3785870024,3785870024,equal_weight_srp_phat,gcc_correlation_interpolated,True,1000,0,1.0,0.016917000611850315,-0.044851505476600516,0.045595534330064406,0.3374707511409645,0.28268691354751035,0.5856874658303006,0.691016072387,0.8045297221663472,0.691016072387,0.8045297221663472,0.0,0.0,0.0,1.0,0.0,0.0,0.0,0.0,0.0,0.0064798298992682244,0.006116099888458848,0.009041275031631811,successful_trials_only,True,False
srp_paired_full,deterministic_multisine,evaluation,tetrahedral,az120_el50,120.0,50.0,5.0,5.0,1024,reference_3,500,1000,3795362204,928279613,928279613,reference_3_gcc_wls,not_applicable,True,1000,0,1.0,0.0942157043392402,-0.12142229896558104,0.13532675601608848,0.325670747676629,0.26359339152335387,0.5689394115072665,0.7198722246318848,0.8100983344578776,0.7198722246318848,0.8100983344578776,0.0,0.0,0.0,1.0,0.0,0.0,0.0,0.0,0.0,0.0030150198026094584,0.002959399949759245,0.004097280109999701,successful_trials_only,False,False
srp_paired_full,deterministic_multisine,evaluation,tetrahedral,az120_el50,120.0,50.0,5.0,5.0,1024,all_6,500,1000,3795362204,928279613,928279613,all_6_equal_gcc_wls,not_applicable,True,1000,0,1.0,-0.003944323070904669,-0.02234647888464736,0.02216774507406631,0.2509568954963873,0.20697953225471266,0.4325666721117749,0.5255263601295674,0.7224883839380235,0.5255263601295674,0.7224883839380235,0.0,0.0,0.0,1.0,0.0,0.0,0.0,0.0,0.0,0.0030214575005229564,0.002967400068882853,0.004071794921765104,successful_trials_only,False,False
srp_paired_full,deterministic_multisine,evaluation,tetrahedral,az120_el50,120.0,50.0,5.0,5.0,1024,all_6,500,1000,3795362204,928279613,928279613,all_6_calibrated_gcc_wls,not_applicable,True,993,7,0.993,0.004167455431260343,-0.013552930165134215,0.013509466660919777,0.2548178076332412,0.20415077849617935,0.44425052243237895,0.5583514053823453,0.8971199877004459,0.5583514053823453,0.8971199877004459,0.0,0.0,0.0,0.993,0.007000000000000006,0.0,0.0,0.007,0.0,0.003407331299269572,0.003366899909451604,0.0046140500868204985,successful_trials_only,False,False
srp_paired_full,deterministic_multisine,evaluation,tetrahedral,az120_el50,120.0,50.0,5.0,5.0,1024,all_6,500,1000,3795362204,928279613,928279613,equal_weight_srp_phat,gcc_correlation_interpolated,True,1000,0,1.0,0.017900216024805852,-0.05509602677438336,0.05600614235638424,0.24791714518575964,0.20247284571143773,0.42346127468149947,0.5367576810304809,0.7427356057775589,0.5367576810304809,0.7427356057775589,0.0,0.0,0.0,1.0,0.0,0.0,0.0,0.0,0.0,0.006619422001880594,0.006264399969950318,0.009350334940245373,successful_trials_only,True,False
srp_paired_full,deterministic_multisine,evaluation,tetrahedral,az120_el50,120.0,50.0,10.0,10.0,1024,reference_3,500,1000,849176369,2051675901,2051675901,reference_3_gcc_wls,not_applicable,True,1000,0,1.0,0.13134445015656188,-0.13140200419292994,0.15610463473128663,0.23195096216529307,0.2090166710679148,0.3749271429662039,0.4383502645510848,0.4987717961446129,0.4383502645510848,0.4987717961446129,0.0,0.0,0.0,1.0,0.0,0.0,0.0,0.0,0.0,0.0029509394998895005,0.0028467000811360776,0.004123034956865013,successful_trials_only,False,False
srp_paired_full,deterministic_multisine,evaluation,tetrahedral,az120_el50,120.0,50.0,10.0,10.0,1024,all_6,500,1000,849176369,2051675901,2051675901,all_6_equal_gcc_wls,not_applicable,True,1000,0,1.0,-0.03539766100445865,0.00772140291608124,0.024033014686253434,0.15781548364066492,0.1325755486294922,0.2656604398447797,0.3324701741276922,0.4397422093581461,0.3324701741276922,0.4397422093581461,0.0,0.0,0.0,1.0,0.0,0.0,0.0,0.0,0.0,0.0029565187994157896,0.002826299984008074,0.004134910047287122,successful_trials_only,False,False
srp_paired_full,deterministic_multisine,evaluation,tetrahedral,az120_el50,120.0,50.0,10.0,10.0,1024,all_6,500,1000,849176369,2051675901,2051675901,all_6_calibrated_gcc_wls,not_applicable,True,994,6,0.994,0.010588831474417451,-0.009913429953518167,0.011951308327879133,0.14553723491131124,0.116107140357773,0.2543952491373311,0.33155147666522616,0.4350450527592387,0.33155147666522616,0.4350450527592387,0.0,0.0,0.0,0.994,0.006000000000000005,0.0,0.0,0.006,0.0,0.0033532764976844194,0.0032436999608762562,0.004643224959727376,successful_trials_only,False,False
srp_paired_full,deterministic_multisine,evaluation,tetrahedral,az120_el50,120.0,50.0,10.0,10.0,1024,all_6,500,1000,849176369,2051675901,2051675901,equal_weight_srp_phat,gcc_correlation_interpolated,True,1000,0,1.0,0.008516332965984206,-0.0564639963903813,0.05662269079183847,0.15514447972962195,0.12946507127767665,0.26991933547354663,0.33227195065149934,0.43686704109304203,0.33227195065149934,0.43686704109304203,0.0,0.0,0.0,1.0,0.0,0.0,0.0,0.0,0.0,0.006790163398720324,0.00634130003163591,0.009879415010800585,successful_trials_only,True,False
srp_paired_full,deterministic_multisine,evaluation,tetrahedral,az120_el50,120.0,50.0,20.0,20.0,1024,reference_3,500,1000,1657404510,3538309733,3538309733,reference_3_gcc_wls,not_applicable,True,1000,0,1.0,0.18278771546376307,-0.1419881011285389,0.18437687780244896,0.20047351131864466,0.19224563588209206,0.2765847642325463,0.30790606443139507,0.3455232342049735,0.30790606443139507,0.3455232342049735,0.0,0.0,0.0,1.0,0.0,0.0,0.0,0.0,0.0,0.0030282891000388192,0.0030209000105969608,0.004096939985174684,successful_trials_only,False,False
srp_paired_full,deterministic_multisine,evaluation,tetrahedral,az120_el50,120.0,50.0,20.0,20.0,1024,all_6,500,1000,1657404510,3538309733,3538309733,all_6_equal_gcc_wls,not_applicable,True,1000,0,1.0,-0.09156404555461545,0.07057974671709376,0.09188125211897338,0.11651045861236664,0.1013458318754907,0.1879927577471006,0.22400623852500523,0.2762180820026812,0.22400623852500523,0.2762180820026812,0.0,0.0,0.0,1.0,0.0,0.0,0.0,0.0,0.0,0.003041119994362816,0.0030371499597094953,0.004148980038007721,successful_trials_only,False,False
srp_paired_full,deterministic_multisine,evaluation,tetrahedral,az120_el50,120.0,50.0,20.0,20.0,1024,all_6,500,1000,1657404510,3538309733,3538309733,all_6_calibrated_gcc_wls,not_applicable,True,990,10,0.99,0.008512172819799038,0.001204293978970645,0.005610351333608088,0.06087336954302484,0.044769913683387265,0.11487724363109716,0.152295062132927,0.2568040621852461,0.152295062132927,0.2568040621852461,0.0,0.0,0.0,0.99,0.010000000000000009,0.0,0.0,0.01,0.0,0.0034751554012764246,0.0034627499990165234,0.004774480033665896,successful_trials_only,False,False
srp_paired_full,deterministic_multisine,evaluation,tetrahedral,az120_el50,120.0,50.0,20.0,20.0,1024,all_6,500,1000,1657404510,3538309733,3538309733,equal_weight_srp_phat,gcc_correlation_interpolated,True,1000,0,1.0,-0.0006459977249712667,-0.054081831048269406,0.0540642730900554,0.08285791794771442,0.07231821084917898,0.14036372071303252,0.16463751486508962,0.19062962028824879,0.16463751486508962,0.19062962028824879,0.0,0.0,0.0,1.0,0.0,0.0,0.0,0.0,0.0,0.006698091897414997,0.00614409992704168,0.009800520003773272,successful_trials_only,True,False
srp_paired_full,deterministic_multisine,evaluation,tetrahedral,az120_el50,120.0,50.0,30.0,30.0,1024,reference_3,500,1000,2771481965,3489294832,3489294832,reference_3_gcc_wls,not_applicable,True,1000,0,1.0,0.18426092946977785,-0.15812667935922714,0.1976736711212243,0.2015033386400842,0.20082095670736888,0.23770761859293177,0.2536539641858509,0.262279074095554,0.2536539641858509,0.262279074095554,0.0,0.0,0.0,1.0,0.0,0.0,0.0,0.0,0.0,0.0029033523998223247,0.0027913000667467713,0.0039037400274537495,successful_trials_only,False,False
srp_paired_full,deterministic_multisine,evaluation,tetrahedral,az120_el50,120.0,50.0,30.0,30.0,1024,all_6,500,1000,2771481965,3489294832,3489294832,all_6_equal_gcc_wls,not_applicable,True,1000,0,1.0,-0.12040675621549325,0.08438856347887191,0.1144605618964165,0.1186704003080795,0.11587086537347756,0.15898349070465492,0.1769395694867874,0.19617251577821254,0.1769395694867874,0.19617251577821254,0.0,0.0,0.0,1.0,0.0,0.0,0.0,0.0,0.0,0.00291652869572863,0.0028172999736852944,0.003868584992596879,successful_trials_only,False,False
srp_paired_full,deterministic_multisine,evaluation,tetrahedral,az120_el50,120.0,50.0,30.0,30.0,1024,all_6,500,1000,2771481965,3489294832,3489294832,all_6_calibrated_gcc_wls,not_applicable,True,1000,0,1.0,0.009012676740534393,-0.0007065434044982513,0.005837058172981418,0.02678117923901891,0.020208850637119358,0.048423863004853344,0.06548201603579656,0.0983308730727503,0.06548201603579656,0.0983308730727503,0.0,0.0,0.0,1.0,0.0,0.0,0.0,0.0,0.0,0.003342597798909992,0.0032410999992862344,0.004385744989849627,successful_trials_only,False,False
srp_paired_full,deterministic_multisine,evaluation,tetrahedral,az120_el50,120.0,50.0,30.0,30.0,1024,all_6,500,1000,2771481965,3489294832,3489294832,equal_weight_srp_phat,gcc_correlation_interpolated,True,1000,0,1.0,-0.01081458987497234,-0.06310217844173034,0.06348056024191955,0.06896249298275776,0.06688699670344359,0.09554467563948524,0.10667372148405017,0.12065482870841023,0.10667372148405017,0.12065482870841023,0.0,0.0,0.0,1.0,0.0,0.0,0.0,0.0,0.0,0.006646709198015742,0.006189499981701374,0.00980535503476858,successful_trials_only,True,False
srp_paired_full,random_broadband,evaluation,tetrahedral,az120_el50,120.0,50.0,-10.0,-10.0,1024,reference_3,500,1000,830718745,2127835943,2127835943,reference_3_gcc_wls,not_applicable,True,1000,0,1.0,-9.298307627706995,-5.122522332932111,3.0582876501279443,36.36761227115896,1.2804723369662443,124.33571151649838,129.17698493212004,129.87570228126296,129.17698493212004,129.87570228126296,0.256,0.248,0.192,1.0,0.0,0.0,0.02,0.0,0.192,0.0030719442004337907,0.003070250037126243,0.004153559962287544,successful_trials_only,False,False
srp_paired_full,random_broadband,evaluation,tetrahedral,az120_el50,120.0,50.0,-10.0,-10.0,1024,all_6,500,1000,830718745,2127835943,2127835943,all_6_equal_gcc_wls,not_applicable,True,1000,0,1.0,-1.5713877080496395,-2.862412215781444,0.6573669121445812,21.293410020821177,1.171276387674099,53.810096016116255,71.09933350888463,89.48074671846072,71.09933350888463,89.48074671846072,0.379,0.327,0.152,1.0,0.0,0.0,0.02,0.0,0.152,0.003071814701310359,0.0030751500162295997,0.004186349984956905,successful_trials_only,False,False
srp_paired_full,random_broadband,evaluation,tetrahedral,az120_el50,120.0,50.0,-10.0,-10.0,1024,all_6,500,1000,830718745,2127835943,2127835943,all_6_calibrated_gcc_wls,not_applicable,True,978,22,0.978,0.33799782811068346,-0.6309712678840512,0.4130646412586525,11.862081491842854,1.2061428946580168,24.819775334434127,52.429767976590306,120.79216080432514,52.429767976590306,120.79216080432514,0.14314928425357873,0.10531697341513292,0.03169734151329243,0.978,0.02200000000000002,0.0,0.02,0.022,0.03169734151329243,0.0034546630000695587,0.003501499944832176,0.004688939964398742,successful_trials_only,False,False
srp_paired_full,random_broadband,evaluation,tetrahedral,az120_el50,120.0,50.0,-10.0,-10.0,1024,all_6,500,1000,830718745,2127835943,2127835943,equal_weight_srp_phat,gcc_correlation_interpolated,True,1000,0,1.0,0.00684172529781173,-0.00595488628282648,0.004948557343459597,0.8877894885276854,0.7097398381788683,1.557832308585843,2.0619686842119993,2.3169704649121616,2.0619686842119993,2.3169704649121616,0.0,0.0,0.0,1.0,0.0,0.0,0.0,0.0,0.0,0.006585292198345996,0.006076249992474914,0.009426785039249805,successful_trials_only,True,False
srp_paired_full,random_broadband,evaluation,tetrahedral,az120_el50,120.0,50.0,-8.0,-8.0,1024,reference_3,500,1000,1194491574,2984732205,2984732205,reference_3_gcc_wls,not_applicable,True,1000,0,1.0,-0.7045814838662346,-0.16156033264278238,0.22580773628119039,7.933477214487044,0.707145316508183,1.6743680773561773,15.18563624888043,127.58140157592219,15.18563624888043,127.58140157592219,0.012,0.012,0.007,1.0,0.0,0.0,0.001,0.0,0.007,0.0029768505023093895,0.0029110999894328415,0.00410144991474226,successful_trials_only,False,False
srp_paired_full,random_broadband,evaluation,tetrahedral,az120_el50,120.0,50.0,-8.0,-8.0,1024,all_6,500,1000,1194491574,2984732205,2984732205,all_6_equal_gcc_wls,not_applicable,True,1000,0,1.0,-0.05890054200072459,-0.05825442152284292,0.05252255694159121,4.033373521967258,0.5531340395435752,1.3349058072501858,17.99310935712004,39.131535670185,17.99310935712004,39.131535670185,0.023,0.018,0.006,1.0,0.0,0.0,0.001,0.0,0.006,0.002990216499310918,0.0029515999485738575,0.004122260061558336,successful_trials_only,False,False
srp_paired_full,random_broadband,evaluation,tetrahedral,az120_el50,120.0,50.0,-8.0,-8.0,1024,all_6,500,1000,1194491574,2984732205,2984732205,all_6_calibrated_gcc_wls,not_applicable,True,988,12,0.988,-0.05587148776310984,-0.0017627395614074675,0.03620128586466306,0.7900679756111771,0.5976624565684587,1.2878603147796308,1.7299519008563444,5.6819749137380935,1.7299519008563444,5.6819749137380935,0.0020242914979757085,0.0,0.0,0.988,0.01200000000000001,0.0,0.001,0.012,0.0,0.0033723723989678546,0.003336799913085997,0.004604700015624985,successful_trials_only,False,False
srp_paired_full,random_broadband,evaluation,tetrahedral,az120_el50,120.0,50.0,-8.0,-8.0,1024,all_6,500,1000,1194491574,2984732205,2984732205,equal_weight_srp_phat,gcc_correlation_interpolated,True,1000,0,1.0,0.04367921240771074,0.005645734126077467,0.029197209453254484,0.6446192191148709,0.5305073424534251,1.098674592698973,1.4403260513364171,1.5663512582366181,1.4403260513364171,1.5663512582366181,0.0,0.0,0.0,1.0,0.0,0.0,0.0,0.0,0.0,0.006500884799985215,0.005987950076814741,0.009428674960508941,successful_trials_only,True,False
srp_paired_full,random_broadband,evaluation,tetrahedral,az120_el50,120.0,50.0,-6.0,-6.0,1024,reference_3,500,1000,1688585034,3129920289,3129920289,reference_3_gcc_wls,not_applicable,True,1000,0,1.0,0.033848572496311444,-0.01058952526480327,0.023604514258925728,0.5938915681591489,0.48404469220308266,1.0629701534032907,1.3829064779406663,1.6148143561687445,1.3829064779406663,1.6148143561687445,0.0,0.0,0.0,1.0,0.0,0.0,0.0,0.0,0.0,0.002782021503895521,0.0027781500830315053,0.0034249100019223986,successful_trials_only,False,False
srp_paired_full,random_broadband,evaluation,tetrahedral,az120_el50,120.0,50.0,-6.0,-6.0,1024,all_6,500,1000,1688585034,3129920289,3129920289,all_6_equal_gcc_wls,not_applicable,True,1000,0,1.0,0.030911065086980865,-0.00177505266304262,0.020029865672433003,0.4612341405898234,0.3813903593325413,0.7877207149998092,0.9723953143427189,1.0806820091781748,0.9723953143427189,1.0806820091781748,0.0,0.0,0.0,1.0,0.0,0.0,0.0,0.0,0.0,0.002786080800695345,0.002784700016491115,0.003422815096564591,successful_trials_only,False,False
srp_paired_full,random_broadband,evaluation,tetrahedral,az120_el50,120.0,50.0,-6.0,-6.0,1024,all_6,500,1000,1688585034,3129920289,3129920289,all_6_calibrated_gcc_wls,not_applicable,True,993,7,0.993,0.054170792513125315,-0.0016621574628134428,0.03497899526839456,0.48929350485706374,0.4104018275670405,0.8416353675135033,1.074649224053792,1.3679259702381694,1.074649224053792,1.3679259702381694,0.0,0.0,0.0,0.993,0.007000000000000006,0.0,0.0,0.007,0.0,0.00305866210302338,0.0030622000340372324,0.003697034978540614,successful_trials_only,False,False
srp_paired_full,random_broadband,evaluation,tetrahedral,az120_el50,120.0,50.0,-6.0,-6.0,1024,all_6,500,1000,1688585034,3129920289,3129920289,equal_weight_srp_phat,gcc_correlation_interpolated,True,1000,0,1.0,0.03346709355500019,-0.001758669738510971,0.021670377113877225,0.4593506312377581,0.37978751886816015,0.7848454600406174,0.9464417080766535,1.091338832749576,0.9464417080766535,1.091338832749576,0.0,0.0,0.0,1.0,0.0,0.0,0.0,0.0,0.0,0.007113308000261895,0.007332300010602921,0.01032839494291693,successful_trials_only,True,False
srp_paired_full,random_broadband,evaluation,tetrahedral,az120_el50,120.0,50.0,-4.0,-4.0,1024,reference_3,500,1000,913444916,1668850206,1668850206,reference_3_gcc_wls,not_applicable,True,1000,0,1.0,0.0018584746789554077,0.007670397662895525,0.008610914247719393,0.4416000155816655,0.3635825481512579,0.7587418375174911,0.9937840603977743,1.3515596028344594,0.9937840603977743,1.3515596028344594,0.0,0.0,0.0,1.0,0.0,0.0,0.0,0.0,0.0,0.002583687999169342,0.002416199946310371,0.003327369957696646,successful_trials_only,False,False
srp_paired_full,random_broadband,evaluation,tetrahedral,az120_el50,120.0,50.0,-4.0,-4.0,1024,all_6,500,1000,913444916,1668850206,1668850206,all_6_equal_gcc_wls,not_applicable,True,1000,0,1.0,0.010331573526206034,0.020796768323396022,0.022463308457420242,0.3562052314571128,0.29416801206549253,0.6078646798187758,0.7619751370133598,0.9021302652577857,0.7619751370133598,0.9021302652577857,0.0,0.0,0.0,1.0,0.0,0.0,0.0,0.0,0.0,0.002594585499144159,0.002421349985525012,0.0033683949208352703,successful_trials_only,False,False
srp_paired_full,random_broadband,evaluation,tetrahedral,az120_el50,120.0,50.0,-4.0,-4.0,1024,all_6,500,1000,913444916,1668850206,1668850206,all_6_calibrated_gcc_wls,not_applicable,True,985,15,0.985,-0.0060478428652815394,0.032493135049764164,0.033488258492889646,0.3879607052192041,0.3248910178517558,0.6839575380702487,0.8262570478040542,1.2036160426482498,0.8262570478040542,1.2036160426482498,0.0,0.0,0.0,0.985,0.015000000000000013,0.0,0.0,0.015,0.0,0.002953088599490002,0.0027663999935612082,0.0038534348946996032,successful_trials_only,False,False
srp_paired_full,random_broadband,evaluation,tetrahedral,az120_el50,120.0,50.0,-4.0,-4.0,1024,all_6,500,1000,913444916,1668850206,1668850206,equal_weight_srp_phat,gcc_correlation_interpolated,True,1000,0,1.0,0.011499872366576841,0.020447709534760956,0.02235926236372454,0.3547296759903241,0.2909132179390278,0.6133560203074695,0.7542178494155446,0.9341965053159036,0.7542178494155446,0.9341965053159036,0.0,0.0,0.0,1.0,0.0,0.0,0.0,0.0,0.0,0.005404955600155518,0.005026299972087145,0.007757360045798123,successful_trials_only,True,False
srp_paired_full,random_broadband,evaluation,tetrahedral,az120_el50,120.0,50.0,-2.0,-2.0,1024,reference_3,500,1000,460378964,1533047620,1533047620,reference_3_gcc_wls,not_applicable,True,1000,0,1.0,-0.004988863468890656,0.0036499125829328356,0.005282944431105972,0.3250802290635556,0.2745085847111651,0.564260346354305,0.6968407625179754,0.8462469557150689,0.6968407625179754,0.8462469557150689,0.0,0.0,0.0,1.0,0.0,0.0,0.0,0.0,0.0,0.0028965365007752554,0.0028243999113328755,0.003731015004450455,successful_trials_only,False,False
srp_paired_full,random_broadband,evaluation,tetrahedral,az120_el50,120.0,50.0,-2.0,-2.0,1024,all_6,500,1000,460378964,1533047620,1533047620,all_6_equal_gcc_wls,not_applicable,True,1000,0,1.0,-0.008095455841303197,-0.0051307473563893015,0.00703241697202419,0.2767727958033845,0.23230502777534642,0.47761824472105435,0.594006741597818,0.7119037020962826,0.594006741597818,0.7119037020962826,0.0,0.0,0.0,1.0,0.0,0.0,0.0,0.0,0.0,0.0029133679007645697,0.0028482499765232205,0.003799585055094212,successful_trials_only,False,False
srp_paired_full,random_broadband,evaluation,tetrahedral,az120_el50,120.0,50.0,-2.0,-2.0,1024,all_6,500,1000,460378964,1533047620,1533047620,all_6_calibrated_gcc_wls,not_applicable,True,990,10,0.99,0.002128465525613977,-6.434475320928695e-05,0.0014350375667575785,0.2921002079180266,0.2411242930438882,0.5112732394449397,0.6154724003141057,0.860010416509999,0.6154724003141057,0.860010416509999,0.0,0.0,0.0,0.99,0.010000000000000009,0.0,0.0,0.01,0.0,0.003274132598307915,0.003214549971744418,0.004258200159529224,successful_trials_only,False,False
srp_paired_full,random_broadband,evaluation,tetrahedral,az120_el50,120.0,50.0,-2.0,-2.0,1024,all_6,500,1000,460378964,1533047620,1533047620,equal_weight_srp_phat,gcc_correlation_interpolated,True,1000,0,1.0,-0.00845725919525355,-0.004855863030823492,0.007033865836554675,0.2763414670559663,0.2313678789850489,0.4733252179937583,0.5917081563065795,0.7114104363772056,0.5917081563065795,0.7114104363772056,0.0,0.0,0.0,1.0,0.0,0.0,0.0,0.0,0.0,0.006646257098997012,0.006234350090380758,0.009857775067212058,successful_trials_only,True,False
srp_paired_full,random_broadband,evaluation,tetrahedral,az120_el50,120.0,50.0,0.0,0.0,1024,reference_3,500,1000,3125384821,1047809554,1047809554,reference_3_gcc_wls,not_applicable,True,1000,0,1.0,0.010641655619703044,0.001689534316448021,0.007127265687460408,0.25844491243921847,0.2082853511504177,0.44600455614846835,0.574610651357805,0.7381811822362758,0.574610651357805,0.7381811822362758,0.0,0.0,0.0,1.0,0.0,0.0,0.0,0.0,0.0,0.0029729392000008375,0.0029101500986143947,0.003966805053642019,successful_trials_only,False,False
srp_paired_full,random_broadband,evaluation,tetrahedral,az120_el50,120.0,50.0,0.0,0.0,1024,all_6,500,1000,3125384821,1047809554,1047809554,all_6_equal_gcc_wls,not_applicable,True,1000,0,1.0,0.002206708371951393,-0.00839835795003287,0.008276727804529566,0.21894508636560336,0.17754768133712637,0.3841371679146339,0.4732379833934149,0.6026138936550873,0.4732379833934149,0.6026138936550873,0.0,0.0,0.0,1.0,0.0,0.0,0.0,0.0,0.0,0.0029745944018941374,0.0029280500602908432,0.00392727498547174,successful_trials_only,False,False
srp_paired_full,random_broadband,evaluation,tetrahedral,az120_el50,120.0,50.0,0.0,0.0,1024,all_6,500,1000,3125384821,1047809554,1047809554,all_6_calibrated_gcc_wls,not_applicable,True,993,7,0.993,0.023424549813906403,-0.0019649892423701954,0.015184056578141878,0.22942457487752385,0.17971173530010892,0.4087254787396142,0.5169206361846673,0.6149966912080562,0.5169206361846673,0.6149966912080562,0.0,0.0,0.0,0.993,0.007000000000000006,0.0,0.0,0.007,0.0,0.0033677640018286185,0.0033286999678239226,0.004464399995049461,successful_trials_only,False,False
srp_paired_full,random_broadband,evaluation,tetrahedral,az120_el50,120.0,50.0,0.0,0.0,1024,all_6,500,1000,3125384821,1047809554,1047809554,equal_weight_srp_phat,gcc_correlation_interpolated,True,1000,0,1.0,0.0013032312728817426,-0.007826553026856883,0.007627497983918984,0.21872525932208445,0.17724328551690005,0.38024522986061277,0.4725951992590805,0.6022445383320585,0.4725951992590805,0.6022445383320585,0.0,0.0,0.0,1.0,0.0,0.0,0.0,0.0,0.0,0.00670387059811037,0.006244450050871819,0.010191564948763696,successful_trials_only,True,False
srp_paired_full,random_broadband,evaluation,tetrahedral,az120_el50,120.0,50.0,2.0,2.0,1024,reference_3,500,1000,1383648148,244683493,244683493,reference_3_gcc_wls,not_applicable,True,1000,0,1.0,-0.0021249794750493657,0.0003985897151722169,0.0015150114118804945,0.19716165224657106,0.1636951152655854,0.3408390887554813,0.4196433726066688,0.4748279389282487,0.4196433726066688,0.4748279389282487,0.0,0.0,0.0,1.0,0.0,0.0,0.0,0.0,0.0,0.0028771353992633523,0.002769000013358891,0.003790845099138096,successful_trials_only,False,False
srp_paired_full,random_broadband,evaluation,tetrahedral,az120_el50,120.0,50.0,2.0,2.0,1024,all_6,500,1000,1383648148,244683493,244683493,all_6_equal_gcc_wls,not_applicable,True,1000,0,1.0,-0.01000077619088392,-0.004680837985951815,0.007862285393380158,0.1719114255167318,0.1420272557065718,0.3003696880242789,0.36124474983296995,0.42526257811954793,0.36124474983296995,0.42526257811954793,0.0,0.0,0.0,1.0,0.0,0.0,0.0,0.0,0.0,0.0028809862982016056,0.002765350043773651,0.0037836999457795174,successful_trials_only,False,False
srp_paired_full,random_broadband,evaluation,tetrahedral,az120_el50,120.0,50.0,2.0,2.0,1024,all_6,500,1000,1383648148,244683493,244683493,all_6_calibrated_gcc_wls,not_applicable,True,996,4,0.996,0.019974565330645126,-0.00731382147681054,0.014699962533599203,0.17909508346692077,0.14467424644319501,0.31813182430034315,0.3841908346700283,0.4386345116850541,0.3841908346700283,0.4386345116850541,0.0,0.0,0.0,0.996,0.0040000000000000036,0.0,0.0,0.004,0.0,0.003259040599921718,0.003168500028550625,0.0042198299779556666,successful_trials_only,False,False
srp_paired_full,random_broadband,evaluation,tetrahedral,az120_el50,120.0,50.0,2.0,2.0,1024,all_6,500,1000,1383648148,244683493,244683493,equal_weight_srp_phat,gcc_correlation_interpolated,True,1000,0,1.0,-0.010692404382848391,-0.004161294195183189,0.007958516205834265,0.17168109615315089,0.14207224583071976,0.29852441340166225,0.36108798132256814,0.42402830771705696,0.36108798132256814,0.42402830771705696,0.0,0.0,0.0,1.0,0.0,0.0,0.0,0.0,0.0,0.006480293300002813,0.006062299944460392,0.009273744944948703,successful_trials_only,True,False
srp_paired_full,random_broadband,evaluation,tetrahedral,az120_el50,120.0,50.0,5.0,5.0,1024,reference_3,500,1000,2534658430,1940446808,1940446808,reference_3_gcc_wls,not_applicable,True,1000,0,1.0,0.004156487346416625,0.006283521628076577,0.006923403219019296,0.14275567219094631,0.12110557167234391,0.2418198809788305,0.30563781113309424,0.34036454795052956,0.30563781113309424,0.34036454795052956,0.0,0.0,0.0,1.0,0.0,0.0,0.0,0.0,0.0,0.002919378900551237,0.002811899990774691,0.003884754900354892,successful_trials_only,False,False
srp_paired_full,random_broadband,evaluation,tetrahedral,az120_el50,120.0,50.0,5.0,5.0,1024,all_6,500,1000,2534658430,1940446808,1940446808,all_6_equal_gcc_wls,not_applicable,True,1000,0,1.0,-0.00043610844422293556,-0.0019084821680753102,0.0018433839035578157,0.12728589307170124,0.10741058441125954,0.22069848102295672,0.26714543136274804,0.31118283841187183,0.26714543136274804,0.31118283841187183,0.0,0.0,0.0,1.0,0.0,0.0,0.0,0.0,0.0,0.0029275504020042716,0.0028344999300315976,0.0039057150541339067,successful_trials_only,False,False
srp_paired_full,random_broadband,evaluation,tetrahedral,az120_el50,120.0,50.0,5.0,5.0,1024,all_6,500,1000,2534658430,1940446808,1940446808,all_6_calibrated_gcc_wls,not_applicable,True,999,1,0.999,-0.0008237316981710254,0.003952448049476024,0.004082179212148657,0.13277487173111885,0.10932786674162012,0.23277675897164116,0.2999459789947993,0.34112410281652505,0.2999459789947993,0.34112410281652505,0.0,0.0,0.0,0.999,0.0010000000000000009,0.0,0.0,0.001,0.0,0.003317864499753341,0.0032465499825775623,0.004374685121001675,successful_trials_only,False,False
srp_paired_full,random_broadband,evaluation,tetrahedral,az120_el50,120.0,50.0,5.0,5.0,1024,all_6,500,1000,2534658430,1940446808,1940446808,equal_weight_srp_phat,gcc_correlation_interpolated,True,1000,0,1.0,-0.0012302281160009212,-0.0011601360305567288,0.001335872589972764,0.1271730173137626,0.10776698582803959,0.22111950985506212,0.26939087435766146,0.3104216530765853,0.26939087435766146,0.3104216530765853,0.0,0.0,0.0,1.0,0.0,0.0,0.0,0.0,0.0,0.006622464102343656,0.006250599923077971,0.009350334893679238,successful_trials_only,True,False
srp_paired_full,random_broadband,evaluation,tetrahedral,az120_el50,120.0,50.0,10.0,10.0,1024,reference_3,500,1000,2758751772,1014800273,1014800273,reference_3_gcc_wls,not_applicable,True,1000,0,1.0,0.00963500896966814,0.004925047519196151,0.007941884885286249,0.08496757989297574,0.06961667696381924,0.15161689877587503,0.1779940533986763,0.19903678104232395,0.1779940533986763,0.19903678104232395,0.0,0.0,0.0,1.0,0.0,0.0,0.0,0.0,0.0,0.002860025099827908,0.0027254000306129456,0.0038268850301392374,successful_trials_only,False,False
srp_paired_full,random_broadband,evaluation,tetrahedral,az120_el50,120.0,50.0,10.0,10.0,1024,all_6,500,1000,2758751772,1014800273,1014800273,all_6_equal_gcc_wls,not_applicable,True,1000,0,1.0,0.00313385580447455,-0.0031971256163310074,0.0037556400294446015,0.07534463474152829,0.062119512724797515,0.1273686017957246,0.16394639320032184,0.1988531757349571,0.16394639320032184,0.1988531757349571,0.0,0.0,0.0,1.0,0.0,0.0,0.0,0.0,0.0,0.002873386396560818,0.0027367500588297844,0.0038050049857702105,successful_trials_only,False,False
srp_paired_full,random_broadband,evaluation,tetrahedral,az120_el50,120.0,50.0,10.0,10.0,1024,all_6,500,1000,2758751772,1014800273,1014800273,all_6_calibrated_gcc_wls,not_applicable,True,998,2,0.998,0.0010541511465184737,-0.0013016652370760522,0.0014414607148648347,0.08035170159764993,0.06406467049044469,0.1416571061648394,0.17670547519359242,0.19720058248262648,0.17670547519359242,0.19720058248262648,0.0,0.0,0.0,0.998,0.0020000000000000018,0.0,0.0,0.002,0.0,0.003247973498539068,0.003119699948001653,0.004263669985812157,successful_trials_only,False,False
srp_paired_full,random_broadband,evaluation,tetrahedral,az120_el50,120.0,50.0,10.0,10.0,1024,all_6,500,1000,2758751772,1014800273,1014800273,equal_weight_srp_phat,gcc_correlation_interpolated,True,1000,0,1.0,0.0020480410382014026,-0.0024738637233206583,0.0027777359932302996,0.07529761237379831,0.06193299195454017,0.12751274828744927,0.16389480183657065,0.19946832767438652,0.16389480183657065,0.19946832767438652,0.0,0.0,0.0,1.0,0.0,0.0,0.0,0.0,0.0,0.006483673000941053,0.0061506000347435474,0.009241414931602776,successful_trials_only,True,False
srp_paired_full,random_broadband,evaluation,tetrahedral,az120_el50,120.0,50.0,20.0,20.0,1024,reference_3,500,1000,3627391060,124228259,124228259,reference_3_gcc_wls,not_applicable,True,1000,0,1.0,0.007426589509589203,0.0071430136604917005,0.0086004099586462,0.04004907428353469,0.03220828915850837,0.0716749811883003,0.0890937333192968,0.10549736089815072,0.0890937333192968,0.10549736089815072,0.0,0.0,0.0,1.0,0.0,0.0,0.0,0.0,0.0,0.0028885699035599826,0.0028241999680176377,0.0038280549226328716,successful_trials_only,False,False
srp_paired_full,random_broadband,evaluation,tetrahedral,az120_el50,120.0,50.0,20.0,20.0,1024,all_6,500,1000,3627391060,124228259,124228259,all_6_equal_gcc_wls,not_applicable,True,1000,0,1.0,0.0031012806390009495,-0.002745190003609187,0.0033888103339247467,0.03348062839645891,0.027096320061615834,0.059796408253063975,0.07176757901251939,0.08913787760266774,0.07176757901251939,0.08913787760266774,0.0,0.0,0.0,1.0,0.0,0.0,0.0,0.0,0.0,0.0029062050016364083,0.0028568499838002026,0.003849699976854026,successful_trials_only,False,False
srp_paired_full,random_broadband,evaluation,tetrahedral,az120_el50,120.0,50.0,20.0,20.0,1024,all_6,500,1000,3627391060,124228259,124228259,all_6_calibrated_gcc_wls,not_applicable,True,992,8,0.992,-0.0002970195692920627,-0.00020541735830249656,0.0002716543529532984,0.038053465264936144,0.02911541387190076,0.07021804720157397,0.08559780268932078,0.10401261051741001,0.08559780268932078,0.10401261051741001,0.0,0.0,0.0,0.992,0.008000000000000007,0.0,0.0,0.008,0.0,0.0033202396028209477,0.0032817000173963606,0.004356125101912766,successful_trials_only,False,False
srp_paired_full,random_broadband,evaluation,tetrahedral,az120_el50,120.0,50.0,20.0,20.0,1024,all_6,500,1000,3627391060,124228259,124228259,equal_weight_srp_phat,gcc_correlation_interpolated,True,1000,0,1.0,0.001995951576752115,-0.0020193514651327825,0.0023882786788926498,0.03339044895008003,0.027057548021264775,0.05976413209048725,0.07112777631303364,0.08872313829038207,0.07112777631303364,0.08872313829038207,0.0,0.0,0.0,1.0,0.0,0.0,0.0,0.0,0.0,0.006233786602970213,0.005802500003483146,0.008792560006259009,successful_trials_only,True,False
srp_paired_full,random_broadband,evaluation,tetrahedral,az120_el50,120.0,50.0,30.0,30.0,1024,reference_3,500,1000,1410693050,533239096,533239096,reference_3_gcc_wls,not_applicable,True,1000,0,1.0,0.006586384727438655,0.006991106938943768,0.008178774951020077,0.02946092860323603,0.02328923059611866,0.05136644845958421,0.06585445262536539,0.10011120597116177,0.06585445262536539,0.10011120597116177,0.0,0.0,0.0,1.0,0.0,0.0,0.0,0.0,0.0,0.0029268278017407284,0.002866300113964826,0.0038921999395824954,successful_trials_only,False,False
srp_paired_full,random_broadband,evaluation,tetrahedral,az120_el50,120.0,50.0,30.0,30.0,1024,all_6,500,1000,1410693050,533239096,533239096,all_6_equal_gcc_wls,not_applicable,True,1000,0,1.0,0.002184849983810222,-0.002558786011967367,0.002917391772826726,0.02298721278612374,0.018318391902285656,0.0400927134352642,0.05477626522747059,0.07609209280981612,0.05477626522747059,0.07609209280981612,0.0,0.0,0.0,1.0,0.0,0.0,0.0,0.0,0.0,0.0029398896025959404,0.00287430000025779,0.003919495042646303,successful_trials_only,False,False
srp_paired_full,random_broadband,evaluation,tetrahedral,az120_el50,120.0,50.0,30.0,30.0,1024,all_6,500,1000,1410693050,533239096,533239096,all_6_calibrated_gcc_wls,not_applicable,True,995,5,0.995,-0.002087965932642486,0.0018167507932343504,0.0022595830478692293,0.027814542775199867,0.01992855770119142,0.05279581565223641,0.07750668193965511,0.09652399110361035,0.07750668193965511,0.09652399110361035,0.0,0.0,0.0,0.995,0.0050000000000000044,0.0,0.0,0.005,0.0,0.0034044698002981023,0.0033660000190138817,0.004444705077912658,successful_trials_only,False,False
srp_paired_full,random_broadband,evaluation,tetrahedral,az120_el50,120.0,50.0,30.0,30.0,1024,all_6,500,1000,1410693050,533239096,533239096,equal_weight_srp_phat,gcc_correlation_interpolated,True,1000,0,1.0,0.0010749454232784413,-0.001830973728169445,0.001955082556051164,0.022856111143313117,0.018351431075255595,0.04064580482648158,0.05531967329103888,0.07330469964744647,0.05531967329103888,0.07330469964744647,0.0,0.0,0.0,1.0,0.0,0.0,0.0,0.0,0.0,0.006161006301874295,0.0057388999266549945,0.008494035061448812,successful_trials_only,True,False
srp_paired_full,harmonic_stress,evaluation,tetrahedral,az120_el50,120.0,50.0,-10.0,-10.0,1024,reference_3,500,1000,1075306082,1433348304,1433348304,reference_3_gcc_wls,not_applicable,True,1000,0,1.0,-15.063822895025947,-15.040239783713995,9.560557779949509,59.72580145197243,33.0107601120852,127.79721468561583,129.71092941069182,129.99952424749523,129.71092941069182,129.99952424749523,0.894,0.796,0.535,1.0,0.0,0.0,0.081,0.0,0.535,0.0030299117001704873,0.003015899914316833,0.0038913199445232746,successful_trials_only,False,False
srp_paired_full,harmonic_stress,evaluation,tetrahedral,az120_el50,120.0,50.0,-10.0,-10.0,1024,all_6,500,1000,1075306082,1433348304,1433348304,all_6_equal_gcc_wls,not_applicable,True,1000,0,1.0,-1.9062676181587361,-10.33080225551686,2.883124383936527,43.941504061710475,27.246329188033243,89.31902114696567,125.05604272128991,129.40780763477534,125.05604272128991,129.40780763477534,0.922,0.819,0.462,1.0,0.0,0.0,0.081,0.0,0.462,0.003016968297655694,0.002976250078063458,0.003940180083736778,successful_trials_only,False,False
srp_paired_full,harmonic_stress,evaluation,tetrahedral,az120_el50,120.0,50.0,-10.0,-10.0,1024,all_6,500,1000,1075306082,1433348304,1433348304,all_6_calibrated_gcc_wls,not_applicable,True,979,21,0.979,-5.050407950009035,-4.409066007932171,2.0564131303688185,30.878823890109935,17.381640737970574,60.57218547154869,116.61110636156191,128.5293483008125,116.61110636156191,128.5293483008125,0.8661899897854954,0.6976506639427987,0.24719101123595505,0.979,0.02100000000000002,0.0,0.081,0.021,0.24719101123595505,0.0034044570005498827,0.003438649990130216,0.004470194934401661,successful_trials_only,False,False
srp_paired_full,harmonic_stress,evaluation,tetrahedral,az120_el50,120.0,50.0,-10.0,-10.0,1024,all_6,500,1000,1075306082,1433348304,1433348304,equal_weight_srp_phat,gcc_correlation_interpolated,True,1000,0,1.0,-1.2440130879610996,-1.162844907125624,1.777276825578559,21.0568199871473,6.7743396613097095,46.77585492456268,86.82774918619965,115.50256348022674,86.82774918619965,115.50256348022674,0.63,0.357,0.101,1.0,0.0,0.0,0.004,0.0,0.101,0.00673442150070332,0.0063527500024065375,0.00963461998617276,successful_trials_only,True,False
srp_paired_full,harmonic_stress,evaluation,tetrahedral,az120_el50,120.0,50.0,-8.0,-8.0,1024,reference_3,500,1000,982479846,1196926585,1196926585,reference_3_gcc_wls,not_applicable,True,1000,0,1.0,-13.777774912947638,-7.602587244207561,6.3582052048977715,45.96797701789562,13.436009043597178,126.27011843463292,129.150412148173,129.98326041347332,129.150412148173,129.98326041347332,0.721,0.557,0.319,1.0,0.0,0.0,0.056,0.0,0.319,0.0029030576999066397,0.002805850002914667,0.003756889962824061,successful_trials_only,False,False
srp_paired_full,harmonic_stress,evaluation,tetrahedral,az120_el50,120.0,50.0,-8.0,-8.0,1024,all_6,500,1000,982479846,1196926585,1196926585,all_6_equal_gcc_wls,not_applicable,True,1000,0,1.0,-2.529431622684232,-3.870636880282693,2.027792830207081,29.291966765052727,12.973555859067934,63.61101837493257,92.85529598328013,113.10836548558045,92.85529598328013,113.10836548558045,0.761,0.577,0.23,1.0,0.0,0.0,0.056,0.0,0.23,0.0029060507037211207,0.0028067499515600502,0.0037862099590711294,successful_trials_only,False,False
srp_paired_full,harmonic_stress,evaluation,tetrahedral,az120_el50,120.0,50.0,-8.0,-8.0,1024,all_6,500,1000,982479846,1196926585,1196926585,all_6_calibrated_gcc_wls,not_applicable,True,976,24,0.976,-3.151455291034675,-1.4705837986975467,2.3852666189351317,23.08953432733975,7.588216825793056,48.67625641796947,97.38937568691719,128.0787806556461,97.38937568691719,128.0787806556461,0.6485655737704918,0.41290983606557374,0.12295081967213115,0.976,0.02400000000000002,0.0,0.056,0.024,0.12295081967213115,0.003257527702138759,0.00318614998832345,0.0042793949891347435,successful_trials_only,False,False
srp_paired_full,harmonic_stress,evaluation,tetrahedral,az120_el50,120.0,50.0,-8.0,-8.0,1024,all_6,500,1000,982479846,1196926585,1196926585,equal_weight_srp_phat,gcc_correlation_interpolated,True,1000,0,1.0,-1.1182322869563495,-0.8470342964142721,0.549971939676209,10.479529064715697,3.8979851181091782,19.56939743925442,42.42070105107428,83.10235235333384,42.42070105107428,83.10235235333384,0.359,0.119,0.027,1.0,0.0,0.0,0.001,0.0,0.027,0.006731148701277561,0.006283449940383434,0.00979970498010516,successful_trials_only,True,False
srp_paired_full,harmonic_stress,evaluation,tetrahedral,az120_el50,120.0,50.0,-6.0,-6.0,1024,reference_3,500,1000,4202220210,2150851383,2150851383,reference_3_gcc_wls,not_applicable,True,1000,0,1.0,-8.252028786897517,-3.4838207417194798,3.2508763370478992,32.828597032499985,4.691153777064029,102.56135681708481,128.79922874866944,129.65891264800246,128.79922874866944,129.65891264800246,0.479,0.284,0.147,1.0,0.0,0.0,0.024,0.0,0.147,0.0029270309002604336,0.002827199932653457,0.0039004000078421072,successful_trials_only,False,False
srp_paired_full,harmonic_stress,evaluation,tetrahedral,az120_el50,120.0,50.0,-6.0,-6.0,1024,all_6,500,1000,4202220210,2150851383,2150851383,all_6_equal_gcc_wls,not_applicable,True,1000,0,1.0,0.4349013007171155,-1.9262333771263869,0.7586734719794821,18.3732644978989,4.305285430817214,44.721518565522246,70.86570221052487,87.95611578613988,70.86570221052487,87.95611578613988,0.468,0.298,0.104,1.0,0.0,0.0,0.024,0.0,0.104,0.0029287180992541833,0.0028633500332944095,0.0038905050547327845,successful_trials_only,False,False
srp_paired_full,harmonic_stress,evaluation,tetrahedral,az120_el50,120.0,50.0,-6.0,-6.0,1024,all_6,500,1000,4202220210,2150851383,2150851383,all_6_calibrated_gcc_wls,not_applicable,True,986,14,0.986,-0.8005624782379506,-0.8015325203984413,0.21548050837763869,12.73900213841213,3.1817697929577093,28.54772013633767,59.952032844560016,72.99404831260867,59.952032844560016,72.99404831260867,0.3103448275862069,0.1612576064908722,0.04766734279918864,0.986,0.014000000000000012,0.0,0.024,0.014,0.04766734279918864,0.003293981600087136,0.0031988999689929187,0.004387395095545797,successful_trials_only,False,False
srp_paired_full,harmonic_stress,evaluation,tetrahedral,az120_el50,120.0,50.0,-6.0,-6.0,1024,all_6,500,1000,4202220210,2150851383,2150851383,equal_weight_srp_phat,gcc_correlation_interpolated,True,1000,0,1.0,0.015559432444697515,0.005129645631565175,0.09177080014626889,4.224540817686288,2.620679828667716,7.201101892164951,16.50931601497075,23.30885476517681,16.50931601497075,23.30885476517681,0.154,0.021,0.0,1.0,0.0,0.0,0.0,0.0,0.0,0.006621115598245524,0.006216250010766089,0.009169265069067477,successful_trials_only,True,False
srp_paired_full,harmonic_stress,evaluation,tetrahedral,az120_el50,120.0,50.0,-4.0,-4.0,1024,reference_3,500,1000,797119859,164515468,164515468,reference_3_gcc_wls,not_applicable,True,1000,0,1.0,0.011575432216756222,-0.6330639243524191,0.08872590589896305,11.047069619086928,2.7260835509623935,12.309314122541092,45.659051655651176,129.0868160163719,45.659051655651176,129.0868160163719,0.198,0.056,0.019,1.0,0.0,0.0,0.008,0.0,0.019,0.0028937126023229212,0.0027838500100187957,0.003916979907080531,successful_trials_only,False,False
srp_paired_full,harmonic_stress,evaluation,tetrahedral,az120_el50,120.0,50.0,-4.0,-4.0,1024,all_6,500,1000,797119859,164515468,164515468,all_6_equal_gcc_wls,not_applicable,True,1000,0,1.0,-0.7333380097655947,-0.2636758589397536,0.23168833488972773,8.647101769153647,2.0226774944201544,16.100082943658013,41.501113061794705,74.70719249927723,41.501113061794705,74.70719249927723,0.134,0.07,0.02,1.0,0.0,0.0,0.008,0.0,0.02,0.0029149813012918457,0.0028053501155227423,0.003923194954404607,successful_trials_only,False,False
srp_paired_full,harmonic_stress,evaluation,tetrahedral,az120_el50,120.0,50.0,-4.0,-4.0,1024,all_6,500,1000,797119859,164515468,164515468,all_6_calibrated_gcc_wls,not_applicable,True,987,13,0.987,-0.454439014266546,-0.19239929980553866,0.07038518088394533,6.2409016108095114,1.9310316954985227,6.408674322551382,20.623947807528403,74.57640299927516,20.623947807528403,74.57640299927516,0.07497467071935157,0.030395136778115502,0.005065856129685917,0.987,0.013000000000000012,0.0,0.008,0.013,0.005065856129685917,0.0032914983993396164,0.003190399962477386,0.004400365077890455,successful_trials_only,False,False
srp_paired_full,harmonic_stress,evaluation,tetrahedral,az120_el50,120.0,50.0,-4.0,-4.0,1024,all_6,500,1000,797119859,164515468,164515468,equal_weight_srp_phat,gcc_correlation_interpolated,True,1000,0,1.0,0.24133036356776078,-0.1322464564099352,0.1824793324424165,2.613237527354893,1.8987218264089472,4.673583625752237,6.2902536057950424,10.232559406280409,6.2902536057950424,10.232559406280409,0.035,0.002,0.0,1.0,0.0,0.0,0.0,0.0,0.0,0.006615640901145525,0.006152799993287772,0.00947350515052676,successful_trials_only,True,False
srp_paired_full,harmonic_stress,evaluation,tetrahedral,az120_el50,120.0,50.0,-2.0,-2.0,1024,reference_3,500,1000,3177476813,3766373365,3766373365,reference_3_gcc_wls,not_applicable,True,1000,0,1.0,-0.2628820239579349,-0.09684287592230048,0.12610008481167123,6.488728013070775,2.1094245884282783,5.05497618446305,7.590003794384635,121.94934344753976,7.590003794384635,121.94934344753976,0.055,0.006,0.004,1.0,0.0,0.0,0.0,0.0,0.004,0.0028796151988208295,0.0027186499792151153,0.0038743550423532723,successful_trials_only,False,False
srp_paired_full,harmonic_stress,evaluation,tetrahedral,az120_el50,120.0,50.0,-2.0,-2.0,1024,all_6,500,1000,3177476813,3766373365,3766373365,all_6_equal_gcc_wls,not_applicable,True,1000,0,1.0,0.10945703964674133,-0.06674299308798316,0.07615751307019107,2.7167719876343397,1.3589974809543193,3.1655595636358624,6.858347104077109,24.944321675794118,6.858347104077109,24.944321675794118,0.014,0.007,0.001,1.0,0.0,0.0,0.0,0.0,0.001,0.0028842548980610445,0.0027470500208437443,0.0038454350549727676,successful_trials_only,False,False
srp_paired_full,harmonic_stress,evaluation,tetrahedral,az120_el50,120.0,50.0,-2.0,-2.0,1024,all_6,500,1000,3177476813,3766373365,3766373365,all_6_calibrated_gcc_wls,not_applicable,True,993,7,0.993,0.04843846333613994,-0.019067119301371768,0.03713006421846722,2.2205886896627383,1.4345475739322797,3.377322405558257,4.55778868790972,11.44810449587956,4.55778868790972,11.44810449587956,0.007049345417925478,0.002014098690835851,0.0010070493454179255,0.993,0.007000000000000006,0.0,0.0,0.007,0.0010070493454179255,0.0032626528983237223,0.0031161500373855233,0.004343010002048686,successful_trials_only,False,False
srp_paired_full,harmonic_stress,evaluation,tetrahedral,az120_el50,120.0,50.0,-2.0,-2.0,1024,all_6,500,1000,3177476813,3766373365,3766373365,equal_weight_srp_phat,gcc_correlation_interpolated,True,1000,0,1.0,0.008686665985385445,-0.04196410606481186,0.026044193470292114,1.7723753308405317,1.3960491824899415,3.170178371383793,4.095624971890408,5.9232872582590606,4.095624971890408,5.9232872582590606,0.003,0.0,0.0,1.0,0.0,0.0,0.0,0.0,0.0,0.0065322892989497635,0.0060665999772027135,0.009245115082012489,successful_trials_only,True,False
srp_paired_full,harmonic_stress,evaluation,tetrahedral,az120_el50,120.0,50.0,0.0,0.0,1024,reference_3,500,1000,1529448036,2567609473,2567609473,reference_3_gcc_wls,not_applicable,True,1000,0,1.0,-0.025529695296356788,-0.032376581201744435,0.08137629589320892,4.658529596218537,1.5668029003218722,3.833040752183408,5.231823846660937,40.33803267983157,5.231823846660937,40.33803267983157,0.014,0.002,0.002,1.0,0.0,0.0,0.0,0.0,0.002,0.002920187899726443,0.0028104500379413366,0.0039655200380366296,successful_trials_only,False,False
srp_paired_full,harmonic_stress,evaluation,tetrahedral,az120_el50,120.0,50.0,0.0,0.0,1024,all_6,500,1000,1529448036,2567609473,2567609473,all_6_equal_gcc_wls,not_applicable,True,1000,0,1.0,0.05921471881819963,0.02432886896356649,0.05686534737021785,1.5685878195120004,1.0906857539110149,2.3551436851796574,2.8405068243469267,11.294775793777811,2.8405068243469267,11.294775793777811,0.002,0.002,0.0,1.0,0.0,0.0,0.0,0.0,0.0,0.0029320201959926635,0.002808599907439202,0.003994449920719489,successful_trials_only,False,False
srp_paired_full,harmonic_stress,evaluation,tetrahedral,az120_el50,120.0,50.0,0.0,0.0,1024,all_6,500,1000,1529448036,2567609473,2567609473,all_6_calibrated_gcc_wls,not_applicable,True,996,4,0.996,0.03492081466821001,0.035086018329966995,0.0505864871397994,1.3875793800023375,1.1032321600726345,2.5363896364052945,3.3733118251938214,4.4341610095205235,3.3733118251938214,4.4341610095205235,0.0,0.0,0.0,0.996,0.0040000000000000036,0.0,0.0,0.004,0.0,0.003312444798881188,0.0032102500554174185,0.004424649936845526,successful_trials_only,False,False
srp_paired_full,harmonic_stress,evaluation,tetrahedral,az120_el50,120.0,50.0,0.0,0.0,1024,all_6,500,1000,1529448036,2567609473,2567609473,equal_weight_srp_phat,gcc_correlation_interpolated,True,1000,0,1.0,0.04926619346172904,-3.586991468552284e-05,0.03374660939946153,1.32422081470842,1.0672551113774233,2.3339324314227445,2.9489853702248303,3.5704274254285293,2.9489853702248303,3.5704274254285293,0.0,0.0,0.0,1.0,0.0,0.0,0.0,0.0,0.0,0.006467909799306654,0.0060220001032575965,0.009563225042074918,successful_trials_only,True,False
srp_paired_full,harmonic_stress,evaluation,tetrahedral,az120_el50,120.0,50.0,2.0,2.0,1024,reference_3,500,1000,2782562549,3271545445,3271545445,reference_3_gcc_wls,not_applicable,True,1000,0,1.0,0.0302430495505345,-0.008168805395125807,0.013050937552579389,1.5577944768097711,1.2111139553702963,2.8434943067024268,3.4930183871792635,4.412877681272378,3.4930183871792635,4.412877681272378,0.001,0.0,0.0,1.0,0.0,0.0,0.0,0.0,0.0,0.0029058050016174094,0.0027976500568911433,0.003884105011820793,successful_trials_only,False,False
srp_paired_full,harmonic_stress,evaluation,tetrahedral,az120_el50,120.0,50.0,2.0,2.0,1024,all_6,500,1000,2782562549,3271545445,3271545445,all_6_equal_gcc_wls,not_applicable,True,1000,0,1.0,0.004944360690116487,0.014788723213454223,0.02028333748438649,1.0122024527686917,0.8466657475971947,1.736613771015971,2.2387342403872554,2.7831515539663143,2.2387342403872554,2.7831515539663143,0.0,0.0,0.0,1.0,0.0,0.0,0.0,0.0,0.0,0.0029105596055742354,0.0027925000176765025,0.0038818549888674165,successful_trials_only,False,False
srp_paired_full,harmonic_stress,evaluation,tetrahedral,az120_el50,120.0,50.0,2.0,2.0,1024,all_6,500,1000,2782562549,3271545445,3271545445,all_6_calibrated_gcc_wls,not_applicable,True,995,5,0.995,-0.0022204194892199163,-0.013578117841961727,0.007607678797024163,1.0716460938566656,0.8479827041549497,1.87451784968032,2.5135251178781703,3.5112731898771186,2.5135251178781703,3.5112731898771186,0.0,0.0,0.0,0.995,0.0050000000000000044,0.0,0.0,0.005,0.0,0.003290323199122213,0.003201749990694225,0.004385494982125237,successful_trials_only,False,False
srp_paired_full,harmonic_stress,evaluation,tetrahedral,az120_el50,120.0,50.0,2.0,2.0,1024,all_6,500,1000,2782562549,3271545445,3271545445,equal_weight_srp_phat,gcc_correlation_interpolated,True,1000,0,1.0,0.003899748277002276,0.0102387957783287,0.015933292331510102,1.012766550970192,0.8239451545848854,1.7367442668513071,2.4248888354060893,2.88507989627395,2.4248888354060893,2.88507989627395,0.0,0.0,0.0,1.0,0.0,0.0,0.0,0.0,0.0,0.006505147005431354,0.006091600051149726,0.009419605106813831,successful_trials_only,True,False
srp_paired_full,harmonic_stress,evaluation,tetrahedral,az120_el50,120.0,50.0,5.0,5.0,1024,reference_3,500,1000,108799384,1061465754,1061465754,reference_3_gcc_wls,not_applicable,True,1000,0,1.0,0.10380239090910628,-0.012608635068712203,0.06515349127015399,1.1680891436991145,0.9292482410006437,2.0765257586173402,2.6386959304426507,3.1729712483134525,2.6386959304426507,3.1729712483134525,0.0,0.0,0.0,1.0,0.0,0.0,0.0,0.0,0.0,0.0028758329995907843,0.002768250065855682,0.0037341699120588593,successful_trials_only,False,False
srp_paired_full,harmonic_stress,evaluation,tetrahedral,az120_el50,120.0,50.0,5.0,5.0,1024,all_6,500,1000,108799384,1061465754,1061465754,all_6_equal_gcc_wls,not_applicable,True,1000,0,1.0,0.037910727399308244,-0.025251330193843975,0.033069585004073095,0.7771406290577858,0.6409061699217151,1.332332427057803,1.699410436306008,2.0198863576432706,1.699410436306008,2.0198863576432706,0.0,0.0,0.0,1.0,0.0,0.0,0.0,0.0,0.0,0.0028933615006972104,0.0027758999494835734,0.0038019199448171993,successful_trials_only,False,False
srp_paired_full,harmonic_stress,evaluation,tetrahedral,az120_el50,120.0,50.0,5.0,5.0,1024,all_6,500,1000,108799384,1061465754,1061465754,all_6_calibrated_gcc_wls,not_applicable,True,996,4,0.996,-0.032864080827684265,0.01421727866353701,0.02743874981182782,0.8200107437773418,0.6608776486429618,1.4351333899605374,1.9808087295637973,2.2426176062565855,1.9808087295637973,2.2426176062565855,0.0,0.0,0.0,0.996,0.0040000000000000036,0.0,0.0,0.004,0.0,0.003263324601459317,0.0031773499213159084,0.00425892006023787,successful_trials_only,False,False
srp_paired_full,harmonic_stress,evaluation,tetrahedral,az120_el50,120.0,50.0,5.0,5.0,1024,all_6,500,1000,108799384,1061465754,1061465754,equal_weight_srp_phat,gcc_correlation_interpolated,True,1000,0,1.0,0.03786182579918561,-0.027508919227118806,0.03460769945886272,0.7705016699099967,0.6402547371745614,1.325154501216621,1.6660593040026472,2.112055775085133,1.6660593040026472,2.112055775085133,0.0,0.0,0.0,1.0,0.0,0.0,0.0,0.0,0.0,0.006320259699248708,0.00594699993962422,0.008761039888486265,successful_trials_only,True,False
srp_paired_full,harmonic_stress,evaluation,tetrahedral,az120_el50,120.0,50.0,10.0,10.0,1024,reference_3,500,1000,3639913728,2438162377,2438162377,reference_3_gcc_wls,not_applicable,True,1000,0,1.0,0.11941817785830966,-0.05226819742717261,0.09112601904981422,0.733734880373773,0.5783614251926162,1.365425157627493,1.741655572564064,1.9779609674745786,1.741655572564064,1.9779609674745786,0.0,0.0,0.0,1.0,0.0,0.0,0.0,0.0,0.0,0.0028621132002444936,0.002757950103841722,0.003775910101830959,successful_trials_only,False,False
srp_paired_full,harmonic_stress,evaluation,tetrahedral,az120_el50,120.0,50.0,10.0,10.0,1024,all_6,500,1000,3639913728,2438162377,2438162377,all_6_equal_gcc_wls,not_applicable,True,1000,0,1.0,0.029584572345466666,-0.035763338831232463,0.03952644999134346,0.4770241106727391,0.39990666758920307,0.8084407335438873,1.0010499703149314,1.3243147523139105,1.0010499703149314,1.3243147523139105,0.0,0.0,0.0,1.0,0.0,0.0,0.0,0.0,0.0,0.002871642298414372,0.002756599977146834,0.003796990046976134,successful_trials_only,False,False
srp_paired_full,harmonic_stress,evaluation,tetrahedral,az120_el50,120.0,50.0,10.0,10.0,1024,all_6,500,1000,3639913728,2438162377,2438162377,all_6_calibrated_gcc_wls,not_applicable,True,997,3,0.997,0.028257911503638156,-0.02737568347138428,0.031673392400493605,0.5214884900163945,0.4298062080285568,0.911200239627561,1.194495092686836,1.4589346390893354,1.194495092686836,1.4589346390893354,0.0,0.0,0.0,0.997,0.0030000000000000027,0.0,0.0,0.003,0.0,0.0032334487029584123,0.0031217000214383006,0.004270145029295236,successful_trials_only,False,False
srp_paired_full,harmonic_stress,evaluation,tetrahedral,az120_el50,120.0,50.0,10.0,10.0,1024,all_6,500,1000,3639913728,2438162377,2438162377,equal_weight_srp_phat,gcc_correlation_interpolated,True,1000,0,1.0,0.026690228501022782,-0.037307026489244395,0.040005015558442734,0.48381615618379636,0.3988251934928965,0.8286360074751666,0.9907879852536458,1.3639494128459788,0.9907879852536458,1.3639494128459788,0.0,0.0,0.0,1.0,0.0,0.0,0.0,0.0,0.0,0.006461451800889336,0.006079500017222017,0.00916356515372172,successful_trials_only,True,False
srp_paired_full,harmonic_stress,evaluation,tetrahedral,az120_el50,120.0,50.0,20.0,20.0,1024,reference_3,500,1000,1628905514,650532240,650532240,reference_3_gcc_wls,not_applicable,True,1000,0,1.0,0.07015918364719359,-0.04872210155169324,0.06582685549444911,0.4358354764633663,0.351417014592822,0.7772701475568031,0.9316117850657197,1.1521472821167997,0.9316117850657197,1.1521472821167997,0.0,0.0,0.0,1.0,0.0,0.0,0.0,0.0,0.0,0.0028980552001157778,0.0028112000436522067,0.0038329899660311637,successful_trials_only,False,False
srp_paired_full,harmonic_stress,evaluation,tetrahedral,az120_el50,120.0,50.0,20.0,20.0,1024,all_6,500,1000,1628905514,650532240,650532240,all_6_equal_gcc_wls,not_applicable,True,1000,0,1.0,-0.043508503437801826,0.02101076448564039,0.03516195810400391,0.29432651092615547,0.2466241726407749,0.501042215616288,0.5945470758735083,0.7380462190941183,0.5945470758735083,0.7380462190941183,0.0,0.0,0.0,1.0,0.0,0.0,0.0,0.0,0.0,0.0029030830978881567,0.0028143500094302,0.0037865600723307573,successful_trials_only,False,False
srp_paired_full,harmonic_stress,evaluation,tetrahedral,az120_el50,120.0,50.0,20.0,20.0,1024,all_6,500,1000,1628905514,650532240,650532240,all_6_calibrated_gcc_wls,not_applicable,True,993,7,0.993,0.03858255460189016,-0.0018755165650017574,0.025020003300831872,0.3202958354189599,0.2639287453215265,0.5594899856588891,0.7375484633706385,0.9972635326189885,0.7375484633706385,0.9972635326189885,0.0,0.0,0.0,0.993,0.007000000000000006,0.0,0.0,0.007,0.0,0.003278854397009127,0.0031906000222079456,0.0043416399974375965,successful_trials_only,False,False
srp_paired_full,harmonic_stress,evaluation,tetrahedral,az120_el50,120.0,50.0,20.0,20.0,1024,all_6,500,1000,1628905514,650532240,650532240,equal_weight_srp_phat,gcc_correlation_interpolated,True,1000,0,1.0,-0.04086191044517783,0.020969452597932852,0.03379450190094967,0.29986443070823604,0.2522262133703623,0.5118157331429125,0.6211791860407507,0.7372734485284482,0.6211791860407507,0.7372734485284482,0.0,0.0,0.0,1.0,0.0,0.0,0.0,0.0,0.0,0.006511708095669746,0.00606634997529909,0.009160754899494349,successful_trials_only,True,False
srp_paired_full,harmonic_stress,evaluation,tetrahedral,az120_el50,120.0,50.0,30.0,30.0,1024,reference_3,500,1000,3798386897,1846686054,1846686054,reference_3_gcc_wls,not_applicable,True,1000,0,1.0,-0.006366589970925571,-0.008963433824737563,0.007921035137327675,0.7046048262858757,0.5772280770619589,1.2127196401738938,1.4931951887922652,2.1252676083319457,1.4931951887922652,2.1252676083319457,0.0,0.0,0.0,1.0,0.0,0.0,0.0,0.0,0.0,0.0029240032996749503,0.0028400500304996967,0.003879534959560259,successful_trials_only,False,False
srp_paired_full,harmonic_stress,evaluation,tetrahedral,az120_el50,120.0,50.0,30.0,30.0,1024,all_6,500,1000,3798386897,1846686054,1846686054,all_6_equal_gcc_wls,not_applicable,True,1000,0,1.0,-0.12586584106371176,0.1338152794406531,0.15667565483615026,0.5096995336481961,0.39345049458691767,0.9055490629504409,1.1148979945960285,1.389824046192673,1.1148979945960285,1.389824046192673,0.0,0.0,0.0,1.0,0.0,0.0,0.0,0.0,0.0,0.0029350675009191035,0.00285135000012815,0.003815714846132323,successful_trials_only,False,False
srp_paired_full,harmonic_stress,evaluation,tetrahedral,az120_el50,120.0,50.0,30.0,30.0,1024,all_6,500,1000,3798386897,1846686054,1846686054,all_6_calibrated_gcc_wls,not_applicable,True,995,5,0.995,0.046311796356783126,-0.0026959070314161297,0.030460533203181976,0.4351374883482455,0.3462835913724523,0.7634875331689924,1.009756151530826,1.3288440884777253,1.009756151530826,1.3288440884777253,0.0,0.0,0.0,0.995,0.0050000000000000044,0.0,0.0,0.005,0.0,0.0033189204038353635,0.0032488000579178333,0.004388874885626136,successful_trials_only,False,False
srp_paired_full,harmonic_stress,evaluation,tetrahedral,az120_el50,120.0,50.0,30.0,30.0,1024,all_6,500,1000,3798386897,1846686054,1846686054,equal_weight_srp_phat,gcc_correlation_interpolated,True,1000,0,1.0,-0.13714454164643972,0.14075391970490303,0.1663411628636975,0.5509219489027859,0.4303059844873824,0.9800312326820322,1.2473857968376558,1.5677107225489164,1.2473857968376558,1.5677107225489164,0.0,0.0,0.0,1.0,0.0,0.0,0.0,0.0,0.0,0.006619452800834551,0.0061893499805592,0.009719490056158972,successful_trials_only,True,False
